pipe_id,predicted_cost
P01002,8126.482830799843
P01054,9054.563529845895
P01066,0.0
P01078,52541.944484784515
P01112,962.5037139741253
P01140,45321.54100174975
P01148,0.0
P01161,0.0
P01166,208762.94010978125
P01238,13624.876681035355
P01317,54395.21032111514
P01350,51223.21646045406
P01380,222048.90729444413
P01452,11817.600602137056
P01571,10635.31515072966
P01689,218925.82465978514
P01720,57488.00745018149
P01767,1291.5928806413358
P01803,1203.9925511242618
P01805,68398.99653707177
P01813,58829.87558687933
P01815,0.0
P01836,7100.096072012213
P01838,14590.887941113191
P01846,4917.804523713468
P01922,65863.27865096643
P01959,2290.7629301934357
P01978,70754.57067360617
P01986,54981.10992327481
P02000,215849.47066821175
P02031,4614.175380058943
P02032,3406.9665026580624
P02062,0.0
P02085,7964.983809686033
P02099,8883.996271313066
P02155,799.7864364246525
P02191,213935.68340323956
P02227,59452.42470118603
P02245,0.0
P02246,0.0
P02316,59844.52042601077
P02318,1829.928402719088
P02364,11186.168972498384
P02365,10110.961363155297
P02410,8673.444630378279
P02412,57462.13357990781
P02432,7872.842395677169
P02545,55509.66685370794
P02600,66114.6380935515
P02649,56073.11490682873
P02663,11818.794626174662
P02665,4064.3461415637285
P02666,1980.174948717453
P02667,2714.727299208869
P02670,29177.34211355652
P02674,7154.864623206711
P02707,11244.462405076414
P02708,12592.88863234612
P02717,6590.181742631194
P02728,60120.612733357106
P02764,5368.668559976621
P02864,12135.681515212062
P02878,53380.93974610478
P02908,0.0
P02912,7376.967206775182
P02914,0.0
P03008,65151.62245993839
P03057,549.1825642017902
P03076,5594.968381460541
P03259,61377.49619219905
P03314,13144.076733739148
P03349,50820.0794694703
P03371,11176.337015599045
P03387,11957.378124200655
P03388,11326.720570037927
P03402,219482.51262573982
P03412,1469.3205400790466
P03485,225251.89565518394
P03490,4693.556036813137
P03493,4952.583364496779
P03591,57814.12864940532
P03655,4690.013896941666
P03702,16292.387615300662
P03704,16264.305061235524
P03791,50694.4161339406
P03798,44082.44490981573
P03881,51641.677267081395
P03884,51009.04970449071
P03917,203796.3395381283
P03986,16892.105752580173
P03988,10030.637479678237
P04074,54279.64706103596
P04076,58165.523514381144
P04147,215941.75490350943
P04152,58350.71652488471
P04184,7439.4406029116035
P04186,14534.299831628401
P04221,43521.01274774319
P04224,9937.866321542293
P04249,0.0
P04262,7284.396979627567
P04289,61446.99338197039
P04293,58133.28463232304
P04305,0.0
P04306,0.0
P04308,0.0
P04311,53618.80808844717
P04416,60880.946095616186
P04417,63026.57775769503
P04467,48287.73686548778
P04495,65981.41321772375
P04496,7591.100587253288
P04521,2170.2480031598134
P04535,3154.2689600030935
P04581,0.0
P04600,0.0
P04698,0.0
P04701,4513.025138827023
P04707,12159.969550155809
P04752,59574.488263455016
P04754,51574.66959482971
P04801,0.0
P04860,4299.806984437793
P04861,3548.639553183959
P04862,3184.8186460927973
P04865,5843.516431728953
P04868,48178.97753999337
P04869,49074.58385934503
P04986,17209.374309064406
P05007,0.0
P05036,1744.7972079683968
P05040,205919.71340779716
P05042,204905.5274023412
P05043,50134.32719859673
P05047,6618.458950246957
P05055,2086.448969524383
P05060,0.0
P05103,11454.634105804587
P05106,9460.375791177477
P05128,67079.76078976503
P05134,9656.392495100303
P05139,13269.397589914672
P05140,64191.91048185718
P05163,219679.2723371768
P05168,225527.630904511
P05229,682.1224440751721
P05323,51928.40665280678
P05402,0.0
P05432,61023.00166774064
P05435,0.0
P05447,3072.5310374545516
P05448,3707.15865279414
P05458,10636.483696559833
P05476,6177.3498371145215
P05486,7513.232336327714
P05504,14585.115899724917
P05551,6330.362364413944
P05560,65876.65295243019
P05575,62915.47868740393
P05576,65655.36328698773
P05594,5350.455135702687
P05608,2748.9786565771865
P05758,64369.56212630263
P05769,55605.768586046426
P05800,6675.913981446181
P05828,3513.200464632755
P05834,12763.821678004762
P05924,209974.20793372646
P05925,210117.5233151824
P05970,57766.39824780842
P05978,0.0
P06017,58814.650775929586
P06030,41728.70915947949
P06072,13464.638468972164
P06077,6342.221276756314
P06124,56418.8361871198
P06182,34986.00971803962
P06184,4936.876989088156
P06189,9357.663149456923
P06193,0.0
P06200,52590.90516459478
P06235,18989.249159069575
P06245,61553.86415182348
P06287,9344.20605122752
P06292,199482.2927092941
P06302,218875.06758372308
P06312,8155.620079553766
P06314,216825.52212496806
P06315,6441.169511587879
P06331,4088.1596621967074
P06370,0.0
P06425,0.0
P06437,6735.769926528774
P06454,0.0
P06764,0.0
P06802,3038.5860775037654
P07084,0.0
P07090,0.0
P07131,0.0
P07177,0.0
P07302,36386.74858006699
P07333,26518.518768475922
P07468,0.0
P07632,0.0
P07949,0.0
P08016,25433.292378095164
P08140,0.0
P08142,0.0
P08275,0.0
P08337,63160.66258988994
P08398,0.0
P08496,0.0
P08497,187295.24468739907
P08525,0.0
P08540,540.5721278409728
P08551,7244.0439804740345
P08940,0.0
P08942,212730.0431477335
P09041,0.0
P09042,0.0
P09096,0.0
P09568,0.0
P09724,0.0
P09725,0.0
P09897,0.0
P09898,0.0
P09900,0.0
P09901,0.0
P09902,0.0
P09904,0.0
P09922,49.45016441333064
P09924,0.0
P09925,0.0
P09929,0.0
P09932,0.0
P09939,1380.0331722351475
P09941,0.0
P09942,0.0
P09943,4425.655258882409
P10039,0.0
P10058,0.0
P10059,0.0
P10064,0.0
P10077,38768.652835355075
P10219,40130.44659671353
P10438,18938.15577421119
P10451,15249.655962925715
P10490,57507.7925406428
P10724,47046.33253253486
P10787,0.0
P10815,10526.049611029015
P10818,11374.522696298478
P10819,11785.421482454709
P10820,12717.91093568844
P10822,10841.623390785164
P10823,4912.5119736896195
P10828,7071.184058289935
P10829,4374.623681576308
P10830,7244.343147539417
P10831,10741.899873911127
P10833,11585.925012334828
P10843,52570.4616437493
P10868,1104.4403255891739
P10977,0.0
P10979,208948.80154587387
P10980,215032.11439959338
P11003,4995.834074866703
P11218,52242.36046465661
P11352,11839.682571705867
P11353,5218.821555554736
P11401,48959.45045926026
P11418,0.0
P11581,52402.057049439274
P11624,0.0
P11634,6706.515234764189
P11647,0.0
P11694,207608.35742813206
P11769,0.0
P11775,0.0
P11818,13017.667683495914
P11819,17225.48420209429
P11822,15056.251277808411
P11823,15951.34821586306
P11838,0.0
P11900,502.1295561784027
P11902,15097.960414898434
P11948,0.0
P12004,0.0
P12005,0.0
P12011,0.0
P12012,0.0
P12013,44691.91745866282
P12025,0.0
P12041,218256.31424645663
P12045,8969.853178186622
P12134,0.0
P12139,37679.48178708143
P12142,51235.34352828724
P12144,200042.5644685122
P12147,44268.12562629198
P12249,9360.282095094833
P12253,98873.4528637733
P12254,102082.95851654348
P12256,2407.7254232216583
P12257,9577.482976408908
P12262,10589.669199870492
P12266,10083.183930219315
P12300,9079.295111622436
P12302,10685.73380624923
P12320,8957.631433417257
P12340,9431.247800480687
P12347,10594.175628518395
P12349,10375.170373669967
P12367,10644.099511307515
P12368,10717.3417746386
P12374,11395.063038254735
P12403,8523.02486948933
P12404,11521.534965921091
P12405,11508.592370321701
P12556,0.0
P12654,48049.5801905914
P12656,49927.462403218844
P12675,0.0
P12680,54949.5615765761
P12681,52183.35620632621
P12692,43597.673238088275
P12988,0.0
P13007,53858.75082957129
P13008,52579.11573517859
P13049,1841.658602218682
P13296,0.0
P13439,0.0
P13498,5846.094416404161
P13507,43094.81137206893
P13509,50010.16859403109
P13511,0.0
P13512,44406.25210027546
P13513,0.0
P13514,0.0
P13518,0.0
P13521,47494.47233294888
P13532,48949.71664122012
P13533,47115.83653798404
P13536,42138.66922172964
P13547,0.0
P13550,74.38466610627438
P13551,0.0
P13613,7429.717534446041
P13706,203964.35223844976
P13709,42153.47796291964
P13743,0.0
P13775,0.0
P13783,40058.58122784365
P13786,0.0
P13787,0.0
P13788,0.0
P13789,12337.815710944931
P13790,12355.15177589525
P13839,138.7106998862473
P13855,45858.03499265658
P13858,39829.41485262625
P13881,0.0
P13911,9224.613822944008
P13912,16259.236522501278
P13913,16330.722203669693
P13914,16242.249381470983
P13919,4939.32264871283
P13946,12007.66123364195
P13947,6599.919431411436
P13949,12547.517097001706
P13951,13249.054552904647
P13953,10150.375259708184
P13955,12231.815058773493
P13966,1879.5078064360132
P13967,0.0
P14005,0.0
P14006,39038.41411854223
P14057,5368.998646114178
P14074,14890.42036863333
P14075,11122.231869042182
P14076,17824.905865987854
P14078,14727.389603796923
P14081,18167.615350001084
P14124,0.0
P14125,0.0
P14126,0.0
P14143,0.0
P14183,7967.017219229398
P14184,11147.275229797153
P14292,0.0
P14336,4451.912715003611
P14337,1326.5614067614224
P14355,0.0
P14362,4646.690566904555
P14363,0.0
P14369,5186.1290982676
P14372,14099.85473924999
P14376,10799.643671662721
P14377,13705.427610558345
P14378,12465.610495804587
P14390,14220.402401360045
P14391,9225.10937987463
P14394,19264.78679138336
P14395,15620.581723305791
P14415,16252.921292702695
P14417,11035.17362412652
P14418,11752.236502833759
P14420,12479.753841032776
P14443,0.0
P14480,0.0
P14486,1954.2562924754748
P14489,0.0
P14525,0.0
P14601,0.0
P14611,0.0
P14613,0.0
P14618,0.0
P14636,0.0
P14675,13807.017330545706
P14677,13769.743290640443
P14680,10670.625525457242
P14681,10111.767992446654
P14686,12554.037437762167
P14687,12542.90854030527
P14740,13035.39259430752
P14741,17417.04136536194
P14778,18561.14984430402
P14779,18718.353663970225
P14789,0.0
P14817,0.0
P14847,9796.555156080332
P14848,12215.193355078765
P14858,16658.406316595494
P14859,17296.963959216133
P14866,11630.994603422787
P14868,12080.748283483088
P14869,17162.564285243265
P14870,13195.668306844978
P14872,13199.141047960551
P14873,10403.088430719734
P14895,14547.774906047527
P14900,11241.546889446381
P14903,13441.191725153032
P14905,16655.290593967184
P14907,17909.738271398463
P14908,17935.582075800237
P14909,17931.045367876995
P14910,18646.293202977806
P14912,18699.205361911252
P14914,11254.100330636415
P14915,16535.480230203662
P14917,17469.15421046823
P14919,14994.953846426279
P14954,0.0
P14993,3938.5042240704206
P15013,209456.63024844002
P15016,0.0
P15024,3674.8981999175376
P15044,0.0
P15079,47063.473726885
P15187,0.0
P15242,46981.23376554743
P15245,61032.419365860354
P15257,46641.09323178183
P15447,0.0
P15457,0.0
P15464,65674.13840630528
P15465,66481.56391581148
P15467,95.52946065076321
P15468,13747.441090789656
P15469,1930.4646533724517
P15470,7451.519312957662
P15471,61285.52605385445
P15481,2607.9533933512357
P15482,1173.866033924798
P15484,0.0
P15485,0.0
P15489,0.0
P15490,0.0
P15491,0.0
P15492,2817.276378833907
P15501,0.0
P15513,10746.320157473729
P15514,17307.219996634863
P15515,17175.824173919493
P15516,17378.507980616378
P15517,16235.692220157891
P15518,16545.086811633577
P15524,16165.529894571262
P15526,16597.630170350065
P15528,17550.043690646067
P15530,17453.09198889316
P15531,17747.60634921904
P15535,17510.51666387815
P15540,0.0
P15664,0.0
P15730,0.0
P15804,5102.221537323385
P15810,48.42377217325338
P15834,16209.696714424446
P15835,11187.555952985913
P15837,16675.544587509445
P15838,14632.512850457295
P15839,17424.77867998946
P15840,17688.18668331175
P15848,0.0
P15885,48015.813636086255
P15943,6961.975575270248
P15944,60007.78016062875
P15945,7363.210737440037
P15979,0.0
P16166,0.0
P16237,18157.202472005934
P16238,19419.178235965937
P16240,20533.67867525629
P16241,15848.412992953077
P16246,27261.54062775707
P16248,20716.192050522797
P16250,9356.644073611882
P16264,0.0
P16278,0.0
P16300,0.0
P16311,0.0
P16316,0.0
P16363,11929.82114606012
P16398,2622.919818327973
P16399,2766.3080911285506
P16424,0.0
P16426,1530.9116299480447
P16433,461.616368730658
P16541,0.0
P16557,0.0
P16692,0.0
P16823,4518.327069708936
P16824,18645.05509626756
P16826,17321.14397782973
P16840,2372.3083558939616
P16895,55437.054928122976
P16924,46982.69528581461
P17055,52765.3150928526
P17060,52806.14551749414
P17123,8560.766807488566
P17168,54677.99960981183
P17169,57557.476143143766
P17172,57635.66033886805
P17183,19159.14237263451
P17238,38502.915968177556
P17498,5166.502573594818
P17552,0.0
P17600,4095.8787231524802
P17675,35465.29689662935
P17678,37310.72774804602
P17693,0.0
P17694,0.0
P17729,0.0
P17749,0.0
P17753,2124.7869185532254
P17761,8392.330275749595
P17812,0.0
P17874,0.0
P17880,0.0
P17889,0.0
P17931,18499.14968452871
P17932,16305.996184706592
P17935,17707.47959058462
P17936,11292.567616274919
P17938,9905.606665643896
P17939,17373.71143091369
P17940,17071.59969908939
P17941,12032.328908479554
P17942,10408.553854075311
P17943,17287.09052647435
P17944,14557.357822547505
P17945,14402.733000432918
P17946,17276.84380348729
P17948,16286.4943137492
P17950,17584.141077866694
P17952,16244.16285659377
P17953,9738.015337209119
P17954,17360.58361448265
P18057,0.0
P18305,5950.782203012208
P18351,0.0
P18376,0.0
P18377,0.0
P18378,0.0
P18414,14298.051920556796
P18415,12623.766004509711
P18454,0.0
P18455,0.0
P18456,5819.844360963798
P18457,0.0
P18595,0.0
P18657,13114.650142041137
P18658,15204.39489770782
P18659,13564.588514647457
P18662,14824.47252004066
P18691,0.0
P18711,0.0
P18779,130.0749040493647
P18798,42516.22589619555
P18807,0.0
P18816,9137.703172191243
P18818,9207.016282129825
P18822,0.0
P18842,47779.08335122039
P18843,45288.09618588259
P18868,17590.835810924807
P18896,0.0
P18929,27106.350166700482
P18934,34291.034181248535
P18939,37124.39525614848
P18944,16826.122202584986
P18945,17086.021541069014
P18946,17145.566723783566
P18950,17393.324157283812
P18986,51143.0915272672
P18988,56154.54563120166
P18990,50014.76071600053
P18991,56448.34474230974
P18992,55775.153097529066
P18993,55151.976756600634
P19024,2584.3145233951727
P19026,2937.372943345392
P19102,15043.701780763024
P19103,14272.023895024473
P19104,15151.737624567793
P19106,0.0
P19129,0.0
P19133,0.0
P19165,17665.847438098568
P19167,17892.936646935752
P19177,9225.086696918486
P19178,15264.347803824612
P19180,15511.296579973417
P19181,15642.908602082507
P19183,16583.27290398461
P19184,17249.804837745556
P19189,15898.027151260498
P19191,16632.641877473514
P19192,17939.722307449912
P19300,33627.62014943318
P19306,47437.52564913663
P19309,32365.900191992536
P19316,48411.149608224565
P19321,0.0
P19322,37052.599307075565
P19323,39598.25877466548
P19325,39989.86088687111
P19333,27898.147060987663
P19338,31378.381671447794
P19340,23579.458335202442
P19341,28771.13775267063
P19349,41839.337747547674
P19350,42988.164629215484
P19352,39760.578067754795
P19353,37892.71536891407
P19355,41969.95092375386
P19361,33921.92333494695
P19364,39711.31298418499
P19423,0.0
P19445,0.0
P19468,0.0
P19494,0.0
P19499,0.0
P19515,0.0
P20039,2962.398264909738
P20108,0.0
P20112,0.0
P20116,0.0
P20161,11322.228421824126
P20162,11347.337094772964
P20163,5661.064165604708
P20165,10911.954932654819
P20169,0.0
P20170,0.0
P20178,0.0
P20179,0.0
P20199,0.0
P20205,0.0
P20275,18375.211231942954
P20276,11822.5738529968
P20281,16206.543983590485
P20284,14793.996138959441
P20285,15130.282452129302
P20287,8737.91406371844
P20293,4012.149723583163
P20295,4865.006307182783
P20296,1470.6707928666947
P20298,627.3482544797334
P20300,14499.993370278271
P20301,0.0
P20302,13869.818464925462
P20303,4846.383865348325
P20304,1027.0724821216681
P20305,4654.530248365194
P20319,16412.248118239833
P20320,16123.054303052917
P20321,25614.313099468378
P20323,24343.32216352958
P20324,25666.3239109103
P20326,26019.009252648077
P20327,19450.54404992488
P20328,18942.79534191308
P20329,19763.514667197647
P20332,6053.330955580819
P20333,25883.65363287308
P20335,20599.588260460496
P20337,18955.316041266648
P20338,25670.785670772148
P20339,25844.717469382012
P20340,18399.465257731557
P20341,5206.332624135655
P20342,18647.397186165465
P20343,24298.350357654817
P20344,18922.204072376982
P20345,4779.525183167119
P20347,5080.4227648533415
P20422,1570.873245695846
P20444,0.0
P20534,16224.556297514335
P20535,16996.18729143071
P20536,16515.93250748903
P20545,0.0
P20549,0.0
P20571,16818.867067234736
P20572,16364.684340585454
P20574,16893.69908124779
P20577,17690.283704228008
P20578,9761.864259552618
P20580,17831.44315083106
P20582,16745.55995101711
P20584,16625.558751400946
P20585,14031.265483487128
P20589,6428.7760676079015
P20590,7711.038412886461
P20592,18442.93311054399
P20610,0.0
P20625,7637.530060765588
P20626,7838.5910853470705
P20657,33988.938710279945
P20658,38121.87356623391
P20699,2341.079210163931
P20700,15449.502081989982
P20701,7146.378359225004
P20702,20722.409223365932
P20704,14954.33384501206
P20706,21115.313200911773
P20707,17507.38463279646
P20709,21021.90863323158
P20711,20147.427541089735
P20712,19792.57522018762
P20713,19699.1262042636
P20714,20753.16862135721
P20715,20374.54754234586
P20716,17860.612840680016
P20717,20171.97143388555
P20722,21308.226105360423
P20723,20495.952679152157
P20791,36309.127589557815
P20807,0.0
P20808,0.0
P20839,226848.3898974829
P20841,221505.75842269207
P20862,17072.94856936465
P20892,15159.455045608936
P20897,0.0
P20898,17249.496296195015
P20899,17123.06025093967
P20917,216041.85010919816
P20925,2268.397982768358
P20945,0.0
P20959,6910.660746788606
P20960,10257.263476246473
P20961,10700.474122816875
P20962,225551.4967906803
P20966,225205.55429897533
P20967,225609.79653219145
P20969,9396.233655814307
P21039,8597.440321123897
P21040,7859.383979771526
P21041,8387.168314283474
P21044,8583.646936931142
P21046,2227.0225456965054
P21047,3919.321963923263
P21142,25614.313099468378
P21143,25992.411337281897
P21181,25585.134945810478
P21195,8898.515757494908
P21313,25695.637020078426
P21314,25810.5231233264
P21315,25926.626944539687
P21329,5944.377953283325
P21372,201253.01267467104
P21376,0.0
P21449,5998.14107088255
P21450,9638.096709383524
P21453,7821.383679196821
P21454,3004.8265277813844
P21455,5784.997840219588
P21456,6845.269205147932
P21460,11495.484080129063
P21462,10030.589139062438
P21463,219610.76605711703
P21465,225371.73871593125
P21467,10855.710757537341
P21469,11807.748066025306
P21472,8693.51603039241
P21501,216174.95859086447
P21513,216763.22344415006
P21550,17837.40791310292
P21551,14883.366505626249
P21556,12372.604712218857
P21583,54464.23792035155
P21584,0.0
P21586,0.0
P21587,2829.7368934530277
P21612,7219.796890011745
P21623,20400.84669266197
P21625,14502.998597005319
P21626,20859.392154130408
P21630,14732.145555857927
P21632,20850.554934871718
P21636,171.71022999372872
P21637,11929.581384523182
P21638,10130.080581292601
P21639,7951.876153972837
P21648,0.0
P21691,11490.626216072487
P21692,7129.9504382979285
P21694,3638.3518638476817
P21696,7726.207918536962
P21697,5287.230086847812
P21708,0.0
P21711,0.0
P21713,203201.405584851
P21728,25487.311559966503
P21729,16482.868703270942
P21732,12354.85902661238
P21735,16018.510518275563
P21736,15304.336475074355
P21737,14629.13739144428
P21742,16456.20876222442
P21750,0.0
P21759,16639.784560735076
P21760,13539.855121686178
P21762,12152.581896004434
P21763,13621.88296780791
P21765,16663.522768589122
P21767,16401.27038217924
P21768,15267.088365079302
P21807,52329.49799162562
P21808,50865.43564438859
P21814,52046.84263806512
P21816,0.0
P21817,0.0
P21819,0.0
P21822,0.0
P21825,4556.920566879104
P21827,2281.912654906744
P21828,0.0
P21829,0.0
P21831,0.0
P21833,297.4073494821678
P21869,0.0
P21886,0.0
P21938,5128.040592690708
P21940,4806.766265060382
P21942,4671.393206447025
P21944,18878.29374090802
P21946,19091.042506150996
P21947,26255.71071365075
P21950,25738.731484187483
P21952,25716.292997050452
P21966,0.0
P21967,4370.789568923246
P21970,3432.0830105483947
P21971,4374.836506936583
P21973,2725.4439146510813
P21977,1389.745281676278
P21983,13160.641245984676
P21984,15155.697395620575
P21985,18177.661362699575
P21986,18291.997904725413
P22017,0.0
P22032,0.0
P22036,0.0
P22052,11232.39117358714
P22053,5309.623367910146
P22077,528.7163169104351
P22082,15770.24323223812
P22083,11132.497649248387
P22084,11896.535652508679
P22086,12549.878281092533
P22087,12589.37562355896
P22362,0.0
P22365,0.0
P22366,0.0
P22465,0.0
P22474,0.0
P22476,0.0
P22701,0.0
P22738,0.0
P22827,209526.29207756833
P22894,38918.43421178055
P22895,43969.47091207282
P22908,0.0
P22910,0.0
P22912,188079.69147308244
P22914,186629.89734079066
P22916,49117.46071982874
P22917,48364.997823700556
P22918,45121.37623329784
P22919,43727.33381698042
P22920,35088.92868985759
P22922,31142.673338652898
P22926,30369.601047486463
P22972,0.0
P22981,0.0
P22998,15408.509265744508
P22999,15311.27639874524
P23000,16341.520019948426
P23002,16397.38370272934
P23003,16920.01914624834
P23007,0.0
P23042,14704.961785664202
P23044,15139.235335881234
P23047,0.0
P23064,0.0
P23091,0.0
P23121,6899.808979135658
P23149,53145.855707371025
P23201,0.0
P23206,38984.28334012935
P23212,42966.65193297114
P23220,30488.78736313279
P23259,13558.634089418614
P23274,53139.8012631539
P23314,4991.2659274552025
P23319,224852.1326031275
P23320,227292.43938796988
P23321,227394.59041512225
P23322,228017.917286722
P23323,227423.03154628642
P23324,226215.0532080966
P23460,1816.8393408219054
P23619,1826.0696017056762
P23620,1889.5283524514343
P23621,1477.216592704186
P23623,2252.225657974308
P23625,395.53716284359325
P23626,0.0
P23627,0.0
P23628,0.0
P23630,0.0
P23631,0.0
P23634,25634.234812971026
P23635,20999.311041761674
P23638,16299.571235332996
P23639,16445.959811008834
P23641,9968.863631271739
P23737,6124.234508810547
P23779,3818.8383365868794
P23895,0.0
P23933,0.0
P23952,0.0
P24047,0.0
P24070,0.0
P24080,196108.9464371076
P24082,0.0
P24128,0.0
P24161,16980.50060851736
P24162,17133.48836455604
P24163,17370.71140893715
P24164,10499.815138930775
P24166,17314.088034411263
P24169,16413.64713349795
P24171,13589.213877721515
P24229,0.0
P24253,0.0
P24266,0.0
P24272,0.0
P24317,0.0
P24339,0.0
P24341,0.0
P24346,0.0
P24382,0.0
P24419,2658.1008254779226
P24429,0.0
P24433,2802.468042236731
P24473,0.0
P24481,201696.8568502255
P24515,0.0
P24601,6118.262683294804
P24606,1610.030739747628
P24609,0.0
P24709,0.0
P24805,5129.3987431083915
P24830,0.0
P24963,0.0
P24967,50583.72725680091
P24968,50004.95200305754
P24973,3118.7869230535216
P24975,6579.248088942746
P25021,0.0
P25058,0.0
P25280,42326.866606724965
P25281,39728.42729393933
P25332,26186.808432685764
P25334,21661.46458113132
P25350,50536.840783639396
P25472,0.0
P25481,8483.900723342947
P25579,53921.84001662169
P25581,56939.319259993004
P25606,0.0
P25668,0.0
P25877,0.0
P25878,52485.786249604884
P25941,0.0
P25944,0.0
P25946,60254.59578139355
P25983,0.0
P26003,13499.207177849989
P26006,11116.760736963075
P26008,10200.066726852489
P26009,9862.49237842693
P26010,6991.659711440261
P26011,2527.755778254963
P26012,0.0
P26013,3266.5634321451653
P26014,5956.530285816207
P26015,7197.064893551134
P26016,5763.72042190182
P26017,3848.89489136717
P26019,5159.794819721999
P26020,2450.1107347502766
P26021,1437.318733010863
P26023,0.0
P26024,5029.028005501739
P26026,18160.94514462074
P26028,13232.34328255106
P26029,12882.457303655545
P26030,16135.083821522161
P26031,4676.219571829672
P26179,720.0037652111532
P26250,7845.340123453614
P26257,0.0
P26271,0.0
P26293,0.0
P26335,0.0
P26468,0.0
P26472,0.0
P26517,0.0
P26525,0.0
P26542,0.0
P26686,0.0
P26748,2623.5984039134783
P26749,12357.993538228315
P26750,12553.349332376645
P26751,5907.931558973825
P26753,1791.4613031855843
P26755,4717.94849252142
P26756,4610.272543370538
P26757,5362.243389164851
P26773,6732.3492002079765
P26802,0.0
P26819,1556.6279778899916
P26820,7007.670248823419
P26821,6638.012923613704
P26822,0.0
P26845,0.0
P26846,0.0
P26919,13000.202659841729
P26936,2816.655559126215
P26953,1578.2707289416721
P26961,4734.122744331551
P26963,5139.895242672421
P26974,9341.92233474529
P27043,0.0
P27057,0.0
P27066,0.0
P27072,0.0
P27074,0.0
P27127,0.0
P27182,4088.990850372309
P27194,2264.760503410602
P27198,362.9599208943873
P27209,7760.896059377948
P27217,5513.099593406856
P27222,328.5458719044509
P27255,0.0
P27256,0.0
P27284,0.0
P27445,0.0
P27631,51314.797028463756
P27632,1745.3341181622673
P27633,6439.511737412464
P27634,6001.949950254675
P27635,64720.05632886092
P27636,52938.674997075985
P27637,6615.073530743339
P27639,221961.43828951192
P27651,6762.485401829988
P27657,0.0
P27658,0.0
P27660,0.0
P27661,0.0
P27791,0.0
P27806,0.0
P27811,0.0
P27816,11670.484420760087
P27819,17200.384656460817
P27820,17030.092330499763
P27821,17394.99062279468
P27823,16489.109279917546
P27829,17256.880445250164
P27833,17487.781881846422
P27834,17357.698340628063
P27835,10751.606363613875
P27836,17502.21664790586
P27838,16033.350933105232
P27867,0.0
P27891,0.0
P27892,0.0
P27930,0.0
P28007,0.0
P28019,0.0
P28029,0.0
P28050,0.0
P28062,0.0
P28100,0.0
P28113,0.0
P28205,10660.19842228229
P28206,10645.552464219658
P28222,8411.077436463624
P28476,0.0
P28478,0.0
P28484,0.0
P28485,0.0
P28492,9320.418947854469
P28494,16227.777310727675
P28495,16176.910464186169
P28496,17239.781618366585
P28497,14810.440608960767
P28498,10943.064522256278
P28499,13567.442857149814
P28502,4706.598436866963
P28503,14332.116682742917
P28504,8157.599672861128
P28506,14315.566684646315
P28507,9952.108981560326
P28509,16357.103587477553
P28511,17003.563989230992
P28512,23451.435538393318
P28513,23587.063764699207
P28515,25977.538002512258
P28516,20959.183649470542
P28517,25444.839362092025
P28518,23346.44625801661
P28521,25265.641807072487
P28523,24413.275750450437
P28527,27231.901835798944
P28531,25818.192397780374
P28532,17569.632860999147
P28533,17129.308319977965
P28534,18027.610197831626
P28536,16585.456050109548
P28537,11012.586681381792
P28540,10546.903238215546
P28542,9851.068085121111
P28543,10494.04526286522
P28544,13802.320922693023
P28545,19158.582658913678
P28546,17377.272614556226
P28547,17012.13613487914
P28548,17940.576749867752
P28549,13393.063546879359
P28550,16826.096367768303
P28551,17072.632379719835
P28554,16952.04094465152
P28555,16737.95564390874
P28559,17744.87959918019
P28562,11525.953574628613
P28564,10405.172524690377
P28567,13151.595943327866
P28568,15627.50167149768
P28570,15695.262439259603
P28573,14293.064590348406
P28575,11659.696697059004
P28576,13120.709746008699
P28577,12313.656125094236
P28579,8020.231064911764
P28580,12898.020649668528
P28581,12058.232167376878
P28584,9714.126327343332
P28585,11465.973203890753
P28586,6948.286023411085
P28587,16992.14195326352
P28588,17656.26585669228
P28590,16504.033625669268
P28591,16606.833577542522
P28592,15779.663462228966
P28593,16827.58093573744
P28594,14411.704872254899
P28595,17416.75247401693
P28597,225760.80661882882
P28598,224289.65296161294
P28599,10150.494624585634
P28657,204907.417920076
P28690,225999.75929349032
P28693,69002.50899179424
P28694,224941.47848129596
P28696,9415.635556307381
P28697,12833.726237093237
P28698,0.0
P28699,65812.81098483445
P28700,7601.60135119129
P28706,0.0
P28823,0.0
P28848,0.0
P28881,0.0
P28889,0.0
P28944,0.0
P29112,50130.346154917854
P29116,776.2632403336793
P29117,47580.1391289941
P29123,59191.88379252824
P29127,47797.616002835566
P29128,51997.65177650923
P29129,57190.68595128356
P29130,0.0
P29131,56213.057696659176
P29137,59525.745528908796
P29141,54584.13166703329
P29151,57427.38622735794
P29155,0.0
P29176,0.0
P29180,0.0
P29190,0.0
P29192,0.0
P29324,11215.632467756033
P29325,3820.8729668564483
P29327,11114.442341584025
P29404,0.0
P29424,0.0
P29440,3641.396152340669
P29455,0.0
P29483,1404.063989193368
P29485,0.0
P29526,0.0
P29553,0.0
P29591,17685.348787336094
P29593,17561.152115682413
P29596,17204.87450629362
P29599,17663.889664273695
P29602,17850.778952446493
P29603,17840.24456354889
P29607,8923.659537416715
P29608,16508.681462952263
P29639,3315.4647771672535
P29641,17896.484851919904
P29644,18767.84143692497
P29645,15849.34518821163
P29648,17260.498230785117
P29658,17876.144706847186
P29660,17397.6866319888
P29662,17278.55037741909
P29663,10930.706929033786
P29665,17414.708488825898
P29667,18205.02817749445
P29670,14859.748963268912
P29672,16154.056557079848
P29675,17622.363212115266
P29677,11258.772101436127
P29678,18566.55095174078
P29680,17561.20227730847
P29688,9718.369502956051
P29689,17094.581087201994
P29691,16966.295185089126
P29719,6152.72900041789
P29749,0.0
P29781,0.0
P29843,16232.351221117342
P29844,15218.907595344323
P29845,18021.173305944187
P29846,18239.990848564437
P29847,18450.8990471491
P29848,11222.924428228747
P29849,18903.55941578364
P29850,18445.142396446427
P29852,18997.43124624621
P29854,18609.79807525049
P29855,18944.71795381302
P29864,12946.644089091165
P29866,15646.696960195217
P30025,10638.438771375473
P30027,226462.81405429775
P30028,11505.467191895947
P30030,11144.243067880008
P30032,13307.647208484806
P30098,0.0
P30106,0.0
P30111,0.0
P30120,0.0
P30148,0.0
P30159,0.0
P30172,209669.77467530288
P30188,0.0
P30398,0.0
P30401,4750.072753182969
P30407,1140.3862342191278
P30415,0.0
P30417,0.0
P30421,0.0
P30430,0.0
P30436,0.0
P30444,0.0
P30447,0.0
P30450,1287.1973443005772
P30453,3445.8499835669645
P30457,0.0
P30461,0.0
P30465,0.0
P30521,0.0
P30530,0.0
P30548,0.0
P30550,0.0
P30570,12752.302634193984
P30573,13375.438566317644
P30575,16467.13044575166
P30576,16537.703181553567
P30577,16439.12655581178
P30578,16880.33889395793
P30628,11441.784340604947
P30629,9204.003792972046
P30636,7292.549440169809
P30637,14225.542929764602
P30644,13467.695836174746
P30645,13104.272800646562
P30665,15734.274102337678
P30667,11456.926290788506
P30668,8702.465586615835
P30669,18356.295794584265
P30670,15352.502337295633
P30672,14492.129820393473
P30673,11593.979159966064
P30674,9425.808583827504
P30675,13618.601343371578
P30676,8483.528853599168
P30677,15873.08300809796
P30678,8794.93377450496
P30680,7466.6681801629675
P30682,15049.965574878965
P30683,18759.31640526725
P30688,14659.223785310374
P30690,14177.159854437008
P30693,4779.510137075122
P30695,16058.262834237607
P30696,14012.703878656506
P30697,12905.06496631437
P30698,16239.93358920172
P30699,15951.649247954962
P30701,15257.150055484939
P30702,15634.05942768909
P30703,16059.018099013823
P30704,15164.841743650226
P30705,15402.711451270521
P30707,11756.885868857189
P30710,8902.1802460508
P30711,15279.610554963232
P30712,9498.091455712536
P30713,3741.2524685974604
P30714,3554.7301430811385
P30718,0.0
P30720,4467.729686877821
P30747,11820.810717164386
P30769,8457.244315895208
P30770,8632.608705639923
P31073,0.0
P31079,10239.043449063684
P31080,10884.599203988593
P31081,5607.733370342885
P31082,226068.6312570674
P31190,0.0
P31227,18235.204054486654
P31228,15911.146490302652
P31231,17286.448635484052
P31233,19932.370089047396
P31236,20420.56905300717
P31242,17879.979405456877
P31243,18245.941778306078
P31244,20427.860550840644
P31245,17915.60110202901
P31246,18130.013004192548
P31247,17676.26529613289
P31385,0.0
P31387,3792.5629284146635
P31388,0.0
P31390,0.0
P31393,1054.1322377764154
P31394,0.0
P31395,1053.1422302591745
P31398,0.0
P31402,0.0
P31403,227441.97823392253
P31404,227507.9795537165
P31467,16411.9791421364
P31510,34229.66935924073
P31511,36806.57750212404
P31514,42287.42165811984
P31581,6761.399463547623
P31583,2081.098943034114
P31588,11669.89417094882
P31589,12549.639476012726
P31590,12763.997528219206
P31593,11771.022111731894
P31596,14048.208388385025
P31599,8704.597331641002
P31600,15155.114099254291
P31602,11706.440461825732
P31603,11689.791143796574
P31604,10685.750765635737
P31607,358.48563460006335
P31613,11104.986057319955
P31615,12330.888396079386
P31616,7489.616781563
P31620,11421.245131707372
P31621,11398.420599757097
P31624,2688.1646050890267
P31626,0.0
P31645,0.0
P31650,0.0
P31670,50851.04081351297
P31695,0.0
P31697,0.0
P31705,0.0
P31706,0.0
P31717,0.0
P31779,43263.45953337177
P31781,41974.88224826858
P31782,48567.35338979172
P31786,0.0
P31788,0.0
P31789,44495.03301273532
P31790,0.0
P31792,0.0
P31795,0.0
P31797,0.0
P31989,11270.6404979264
P31997,12519.191393349218
P32001,227329.81636787544
P32003,0.0
P32004,8243.474167289161
P32006,8214.80291961184
P32009,10705.083590417293
P32020,47756.540714286864
P32022,49154.40104715204
P32023,0.0
P32108,190.8588308017679
P32109,8029.301887397498
P32111,7988.439532198801
P32134,54094.0348637223
P32135,44803.435941498006
P32137,46195.723421182476
P32138,44691.907539676366
P32140,46691.09962553534
P32143,52976.75649751221
P32144,52947.26225549604
P32145,54057.359137239764
P32147,50557.282550819495
P32162,41415.18905798179
P32166,0.0
P32169,4528.284271091772
P32170,57070.13719695818
P32172,52614.539746481794
P32177,46755.18708223295
P32180,0.0
P32181,0.0
P32183,48777.73464239844
P32185,54715.54313036353
P32189,53771.409246326264
P32190,51598.25157451742
P32194,56548.46104127089
P32200,0.0
P32209,0.0
P32210,0.0
P32211,0.0
P32214,0.0
P32215,0.0
P32216,0.0
P32217,0.0
P32218,0.0
P32223,205459.77899097392
P32224,0.0
P32225,0.0
P32232,54341.54259522872
P32234,52767.53268608331
P32240,0.0
P32241,0.0
P32244,54927.988822200874
P32249,0.0
P32253,0.0
P32259,51354.515355234405
P32327,4670.518870423824
P32354,200363.86284332915
P32360,0.0
P32544,0.0
P32585,0.0
P32683,0.0
P32689,0.0
P32921,0.0
P32995,0.0
P33019,0.0
P33043,52840.169063290115
P33047,47676.8152766112
P33048,48126.28203656142
P33049,49119.03083066224
P33050,49885.06331553214
P33056,47426.100344473336
P33057,0.0
P33079,51931.14454245172
P33081,45436.44440768144
P33084,50256.726799713884
P33284,0.0
P33286,0.0
P33289,0.0
P33294,0.0
P33296,0.0
P33298,0.0
P33299,0.0
P33305,0.0
P33309,0.0
P33310,0.0
P33313,40317.698970966696
P33426,0.0
P33466,0.0
P33651,0.0
P33929,59519.248074031726
P33962,0.0
P33963,44074.854237014326
P34022,53750.14667857762
P34025,45449.262227247316
P34034,50197.49580659985
P34037,45743.91563272696
P34382,0.0
P34383,0.0
P34417,211391.67239550743
P34538,88752.3544977204
P34539,100601.49797811301
P34573,11142.637878035315
P34574,11211.127372315186
P34575,11116.413395284082
P34580,10670.228454316257
P34581,11387.106616043682
P34583,11392.949176012542
P34613,6316.745197395772
P34614,11996.127897294817
P34640,6659.846583705785
P34689,0.0
P34709,9078.090985129795
P34710,5549.859887721825
P34711,11664.753581000983
P34745,9082.62993877256
P34750,10145.067131505391
P34751,9936.892869437474
P34842,223862.7709906439
P34843,9708.099735211199
P34845,9849.291664078533
P34846,10027.031003365562
P34847,10105.99498103981
P34850,8032.475006170651
P34851,218180.9534124304
P34852,5680.0956271913055
P34853,224795.1407168967
P34869,8379.808301735691
P34873,6640.98931180354
P34874,1771.5508394910648
P34926,222792.9801460409
P34928,7966.459253413672
P34929,8057.550670054185
P34930,8498.138576377747
P34931,3422.4960707373757
P34932,2071.319827948675
P34933,8216.40940263102
P34934,3215.793556864395
P34935,4029.2907988609077
P34937,3485.910303390905
P34939,9800.553961771078
P34940,9785.510390314743
P34941,9551.125481221723
P34944,8116.63738439661
P34945,3793.7245774537805
P34946,8952.592041447515
P34947,5208.766516711006
P34948,9596.723313973067
P35026,6220.633543021362
P35291,0.0
P35417,0.0
P35461,7030.056857735326
P35667,57304.17803195136
P35782,0.0
P35807,0.0
P35878,7075.333815601996
P35880,12533.157049955676
P35881,16971.610390553382
P35882,12350.17161069527
P35883,11395.794942882847
P35885,5174.377225608332
P35886,9263.981516352473
P35887,10341.017255220188
P35888,18846.313704912693
P35890,8556.910444613331
P35891,10827.445594014273
P35893,8333.563082726523
P35894,13396.510068348667
P35897,4445.884957240833
P35912,12964.570802785267
P35913,9423.01333738349
P36011,0.0
P36061,0.0
P36062,0.0
P36102,16057.655809095535
P36107,16572.56484382909
P36111,16663.903162928684
P36112,10332.320422624336
P36113,17246.91424349891
P36114,17303.521260364607
P36126,0.0
P36234,0.0
P36235,0.0
P36237,0.0
P36238,0.0
P36240,0.0
P36242,0.0
P36373,0.0
P36374,0.0
P36377,0.0
P36578,0.0
P36591,0.0
P36712,45044.754966284956
P36927,0.0
P36950,0.0
P36966,0.0
P37024,1312.3288088721747
P37127,11507.559765430491
P37142,0.0
P37143,9573.48880737236
P37146,4258.886887405275
P37155,5836.552801298796
P37156,11238.67913894917
P37158,11973.533937091437
P37257,211766.4664918502
P37374,0.0
P37457,1057.9378324330828
P37569,0.0
P37685,0.0
P37699,9022.273865211668
P37702,11925.211718440813
P37726,0.0
P37824,0.0
P37863,11663.216221295323
P37864,7119.418731948874
P38165,0.0
P38262,0.0
P38277,0.0
P38279,0.0
P38287,192058.07298545958
P38294,0.0
P38296,0.0
P38318,8248.759075398048
P38461,6297.632021978603
P38463,6405.714815951611
P38623,55409.25918973034
P38627,56500.21757195849
P38628,55774.98390733235
P38907,2411.2036848260686
P38946,185.04210911842893
P38951,0.0
P38954,0.0
P38972,0.0
P38976,0.0
P38983,0.0
P39002,0.0
P39093,0.0
P39312,0.0
P39419,1559.6302306108119
P39423,501.13893639872185
P39442,684.7967655679713
P39446,217.7939769749246
P39504,0.0
P39538,40886.593722488265
P39542,39801.16660400273
P39544,47444.15947418127
P39545,51456.98182054837
P39547,44614.49103112706
P39548,50938.40495908334
P39561,51728.63746513703
P39570,45196.2922056559
P39575,15906.650806371936
P39576,16051.410356354625
P39577,15728.670257163276
P39578,11372.371961603374
P39579,15842.182081296645
P39583,16217.683616498032
P39584,10746.636185140804
P39590,10569.343833056857
P39591,10520.049283640732
P39593,10845.989402986666
P39596,14552.487227732583
P39597,15380.034456251791
P39599,13791.260115135228
P39602,10641.841263413098
P39603,15066.774937486929
P39604,8454.01473773918
P39625,10502.433499535491
P39630,4574.220376953115
P39631,9745.611259729929
P39634,10397.560929649422
P39635,7615.508272580948
P39636,8686.386530043685
P39640,5353.249575679172
P39641,6792.499086818512
P39642,14382.906849441084
P39643,13501.479161991956
P39767,209431.00673139055
P39821,2311.8947967333443
P39935,47767.61451183573
P39956,0.0
P39959,0.0
P39965,39064.201141620244
P39966,0.0
P39967,36293.63337232999
P39972,54079.69606943804
P40029,47155.689459374145
P40057,0.0
P40231,13421.259338173422
P40453,1109.5097488013198
P40484,6023.101420153507
P40855,0.0
P40856,0.0
P40857,0.0
P41061,44564.58603086589
P41201,0.0
P41218,0.0
P41480,0.0
P41745,0.0
P41747,0.0
P41763,0.0
P41777,0.0
P41852,1679.0554802837214
P41854,1967.6046134638673
P41856,2445.200315785136
P41864,0.0
P41865,45.99659910421542
P41943,467.6575148562879
P41944,80.56052954830739
P41945,832.8971990545433
P42113,208122.00579716935
P42172,44382.265309411465
P42174,44099.43820302567
P42176,45326.7385223841
P42276,0.0
P42293,0.0
P42311,0.0
P42375,0.0
P42386,0.0
P42407,0.0
P42422,0.0
P42424,0.0
P42428,0.0
P42724,0.0
P42908,0.0
P42974,0.0
P42975,0.0
P42977,0.0
P43038,52420.65920127308
P43076,45641.94345899256
P43113,1923.2310126504453
P43144,0.0
P43171,0.0
P43175,0.0
P43179,0.0
P43348,189922.22368213354
P43551,203524.82214044532
P43555,0.0
P43557,0.0
P43576,223356.45897969033
P43577,222130.5882538278
P43578,220958.4296834467
P43596,210284.76036725618
P43597,211319.94082521476
P43600,202778.59855239536
P43625,213866.61940540126
P43626,218945.9834176429
P43628,0.0
P43657,34140.892522895396
P43664,38634.90950757715
P43665,37563.94532193931
P43670,0.0
P43675,58057.905346654064
P43746,11894.367081292312
P43749,206020.77130800055
P43753,0.0
P43755,260124.3706465966
P43760,246711.60211038607
P43765,65336.44930095956
P43766,60902.75870278568
P43768,59297.793215088794
P43771,61378.26861427857
P43772,659.4129778610222
P43773,0.0
P43780,1532.7935311068904
P43787,5205.0280734841035
P43790,8669.545287369983
P43794,9754.918240423263
P43845,2715.4610296475767
P43907,5572.711884780678
P43993,16314.48061483184
P44005,225423.13094713097
P44008,223612.96218934408
P44009,230410.5615157989
P44014,54433.42418186438
P44036,10241.920584532098
P01003,0.0
P01005,295.3468719078519
P01011,53419.472466284264
P01032,0.0
P01057,0.0
P01062,42474.35809420993
P01064,0.0
P01065,25671.800409516363
P01114,7667.840323149387
P01115,6871.768925209999
P01193,0.0
P01205,49527.97640423475
P01249,5489.907784191688
P01261,15662.577909138496
P01277,45721.944583123826
P01331,40488.160631290084
P01386,4080.9776967998914
P01401,0.0
P01407,30162.308991196303
P01558,0.0
P01572,0.0
P01595,0.0
P01603,0.0
P01645,43098.23337113696
P01650,2922.3786974116265
P01761,0.0
P01857,35188.14430511577
P01874,0.0
P01945,48983.67495077989
P01985,47546.00537448292
P02005,0.0
P02009,0.0
P02087,3288.5722931879027
P02144,39206.29378883061
P02146,0.0
P02162,29090.57600586952
P02263,6586.278686204329
P02274,218.05956561676066
P02319,43825.237958806916
P02347,0.0
P02404,0.0
P02428,0.0
P02504,0.0
P02526,0.0
P02533,28204.910017813818
P02611,0.0
P02650,37111.64111001238
P02683,33056.948366473254
P02697,0.0
P02700,40055.68004046611
P02712,40127.70985378331
P02733,0.0
P02745,49990.45033771218
P02845,47066.0904851965
P02862,0.0
P02920,7583.064591573311
P02937,6096.5878031010325
P02977,0.0
P02998,43474.14481111586
P03024,0.0
P03058,0.0
P03080,0.0
P03088,0.0
P03195,0.0
P03217,0.0
P03218,0.0
P03226,55545.49905160659
P03260,42752.596461264395
P03278,0.0
P03335,0.0
P03394,0.0
P03398,224215.71011733825
P03415,0.0
P03451,0.0
P03477,0.0
P03491,49812.16161976362
P03619,0.0
P03623,0.0
P03652,0.0
P03665,1863.5968557625856
P03738,7006.048215046299
P03774,0.0
P03834,0.0
P03854,230446.45700270182
P03888,44900.954350501976
P03895,48222.7899171323
P03906,42267.27064763711
P03919,0.0
P03939,0.0
P03943,0.0
P03946,0.0
P03949,0.0
P03965,224310.71368005863
P04003,0.0
P04047,44484.38656752623
P04077,45937.22519079801
P04078,45916.55203898178
P04082,52311.422359974225
P04124,45492.782171490646
P04131,0.0
P04144,31504.622423505993
P04165,43672.32289309469
P04247,0.0
P04252,0.0
P04259,0.0
P04327,11194.356765730176
P04337,42269.995056569955
P04400,0.0
P04410,31020.237223046195
P04433,43577.88220862867
P04451,0.0
P04481,236065.86713733914
P04536,0.0
P04559,16056.685758047066
P04583,41132.861159549066
P04635,0.0
P04705,0.0
P04764,0.0
P04864,0.0
P04962,51608.95271737845
P04969,225729.02138236063
P05102,0.0
P05126,0.0
P05278,24200.631660648614
P05313,47604.11797084578
P05329,40544.18163071001
P05342,0.0
P05446,0.0
P05449,0.0
P05450,0.0
P05457,0.0
P05559,47650.13384855341
P05588,0.0
P05609,0.0
P05618,13561.66430516306
P05669,0.0
P05759,34593.18651395569
P05760,31375.518144789305
P05764,23554.303582997873
P05765,20860.38592348668
P05767,26480.766859839394
P05787,0.0
P05799,0.0
P05814,226713.21046382852
P05829,0.0
P05950,5436.563861998387
P05979,50178.341844464856
P05991,0.0
P06014,52174.36205790905
P06025,41058.422387029175
P06050,42782.82287264979
P06062,0.0
P06177,270613.58406644047
P06199,0.0
P06213,36733.00835952762
P06282,0.0
P06300,0.0
P06395,24681.08995615566
P06396,23748.845537388235
P06397,0.0
P06921,0.0
P07079,0.0
P07098,0.0
P07102,0.0
P07265,0.0
P07266,0.0
P07287,0.0
P07409,0.0
P07541,0.0
P07603,197412.3458992962
P07611,0.0
P07612,0.0
P07621,30397.59477518379
P07954,0.0
P08111,0.0
P08139,0.0
P08154,0.0
P08185,209051.78112927277
P08236,0.0
P08840,0.0
P08848,0.0
P08878,48538.89953572025
P09113,32258.5274217252
P09155,0.0
P09207,0.0
P09254,15950.248083495893
P09305,0.0
P09307,32913.33175505081
P09599,0.0
P09742,0.0
P09743,0.0
P09812,0.0
P09813,0.0
P09864,4793.344826932003
P09866,1890.720735734354
P09867,5592.954757441588
P09868,4807.520829589383
P09869,6400.93902892177
P09871,2425.2141186282206
P09872,3427.2838757995414
P09873,5687.86530024463
P09874,7163.278647293304
P09876,4470.2252889652045
P09877,3599.826980700116
P09878,6005.529938892545
P09879,2198.425488673445
P09880,1442.6101396934391
P09881,2602.5374577627153
P09882,0.0
P09883,4716.276135462769
P09884,205.18368066829134
P09885,680.9241571614584
P09886,4549.61707503859
P09888,4875.075475887221
P09889,5827.071630111328
P09890,1369.1782517702377
P09892,190.84296987713606
P09893,1958.0167652716045
P09894,0.0
P09895,1096.0513918219185
P09896,0.0
P09899,0.0
P09903,0.0
P09905,0.0
P09923,4695.340417097548
P09926,5836.749445647711
P09927,5369.252772112635
P09931,6203.07787138733
P09934,732.7596102973475
P09936,5417.301802502418
P09938,5805.003670940332
P09944,8693.404367286283
P09945,8551.622072932725
P10182,0.0
P10316,39103.26472640403
P10543,6051.174660812681
P10545,6045.495234387035
P10546,5033.348763255621
P10547,4189.553124994003
P10549,6074.269310768115
P10550,6015.678376992335
P10551,6021.545320009787
P10552,5813.607361394526
P10553,6011.807747229446
P10555,4990.470947263038
P10566,5579.442161743933
P10572,5654.47755913818
P10608,0.0
P10679,20894.140877053225
P10827,1311.7360593448648
P10876,2819.4804207150373
P10896,229192.28510726997
P10898,3232.694337831108
P10974,0.0
P10975,0.0
P10976,20841.731901757805
P10978,253462.32099810473
P11038,3788.6542521194533
P11042,2727.9867490463257
P11043,2519.280978653751
P11044,2209.102411883752
P11045,0.0
P11046,990.8138440112161
P11050,1949.7760352607547
P11052,652.294324473758
P11053,1112.2821717546794
P11054,1879.1651796586484
P11062,4331.275238345846
P11063,5290.322577838328
P11064,4058.846034865186
P11066,2378.965086123302
P11067,2438.6129402547303
P11068,2048.5245749267197
P11072,1324.6081737132372
P11073,1637.9358328310846
P11148,1566.086079215369
P11193,0.0
P11216,47080.02364578245
P11237,0.0
P11354,12842.238812754687
P11355,9924.124758655726
P11358,0.0
P11528,6767.43763964732
P11616,6564.387308115325
P11617,6093.180664661482
P11618,4706.870053136492
P11620,3116.9897900092838
P11621,4854.5899111061735
P11821,5960.853417671351
P11899,0.0
P11906,0.0
P11997,0.0
P12110,46886.93049934814
P12177,0.0
P12228,34791.359824531006
P12248,918.3546224965503
P12255,45139.609924965764
P12258,0.0
P12265,3124.281506335141
P12341,4874.3935359976385
P12343,5654.451965794538
P12344,5391.13116742123
P12345,6192.680790569488
P12375,6620.559480810727
P12461,0.0
P12493,3035.4788650678565
P12494,1259.796365650218
P12497,3785.6487915092875
P12499,3072.753610581829
P12500,1774.575050355401
P12501,3405.625803020277
P12525,0.0
P12527,0.0
P12529,0.0
P12632,0.0
P12653,30600.76523782435
P12668,46778.49349002926
P12713,0.0
P12941,0.0
P13195,0.0
P13390,3886.1489093613236
P13434,0.0
P13604,0.0
P13610,0.0
P13643,7274.273008451648
P13671,4079.545779598553
P13693,0.0
P13702,0.0
P13745,0.0
P13856,33181.30487087912
P13920,8656.745649914898
P13921,7114.295402374704
P13925,5218.398034685812
P13927,4711.573544557814
P13928,4446.3804949141995
P13929,4434.545219803229
P13931,5216.618469529476
P14013,4683.378541637976
P14080,0.0
P14082,0.0
P14121,228947.07113359572
P14223,0.0
P14275,0.0
P14341,0.0
P14364,3761.683932457072
P14375,5412.960142025608
P14392,8245.270554816336
P14434,1713.6682262103423
P14435,0.0
P14436,0.0
P14440,1285.2018093675106
P14442,960.8058779832718
P14446,437.78387774267685
P14448,0.0
P14451,0.0
P14452,1469.461262146553
P14455,580.3434172290727
P14458,1805.1920288792098
P14459,1351.8745995897116
P14463,2580.3914680649796
P14466,2161.8814334587805
P14468,2595.1958085906517
P14469,2649.9929882478536
P14473,2089.419828612001
P14476,1799.3992318624623
P14477,5727.630740996221
P14479,1947.2574990905014
P14481,6418.8170150631195
P14487,6707.61698663963
P14488,9138.703509266594
P14550,0.0
P14552,0.0
P14553,0.0
P14556,1099.6234493451411
P14559,2034.6018414215832
P14560,2330.678732821405
P14562,4614.391051534694
P14563,2220.191255795715
P14575,3050.748910238686
P14576,1795.5797696544796
P14577,8752.007663645807
P14584,2182.620525863058
P14585,1388.2198129970675
P14608,0.0
P14609,0.0
P14610,0.0
P14616,0.0
P14635,0.0
P14637,4459.560423097773
P14638,2902.2838524941835
P14640,0.0
P14657,2245.885859490685
P14661,2827.955445741991
P14662,1132.3412250498259
P14663,2881.1086618896625
P14664,1426.2828827045996
P14665,1742.8323864921076
P14666,1673.2268620709874
P14669,5708.654269365594
P14672,5509.539115186813
P14674,4867.0570475077475
P14679,2978.488972917581
P14742,11113.186006505413
P14753,0.0
P14780,6419.776234967052
P14786,5951.153348085278
P14787,3757.442798330034
P14808,2706.132441997608
P14809,10625.354235638733
P14810,272.48170229337484
P14814,0.0
P14860,8851.99048569788
P14865,9060.311920440963
P14871,6862.822474549168
P14901,12068.65380376167
P14918,6092.171909912413
P14923,0.0
P14926,0.0
P14947,11934.84949728899
P14952,18564.464289349824
P14953,18120.496728199083
P14955,20367.38806571304
P14957,20550.976296770932
P14959,22476.410442472636
P14960,20016.96618902697
P14961,20414.317339734866
P14962,18682.891063765113
P14963,19915.539812154522
P14964,16491.95445142314
P14965,17060.022115537624
P14966,18151.005897421033
P14967,18777.8092234118
P14971,22142.70398692139
P14972,22364.17999602467
P14973,21507.28517205947
P14974,20898.576451028992
P14975,24895.126506517507
P14977,22887.881763994115
P14980,26534.229999976822
P14985,24573.343625799484
P14988,24750.750462762437
P14989,24208.031056751093
P14991,23215.31522293916
P14992,25659.616925317307
P14994,26250.993913377057
P14995,26447.160051985953
P14996,22226.366486635197
P14997,24405.695310115334
P14998,21897.028126546247
P15000,19858.841716153293
P15001,20217.759721106435
P15002,19648.018384119096
P15004,23622.55435047099
P15006,21167.577222029468
P15008,20523.17292562076
P15009,19797.567323041472
P15011,24221.203350534022
P15014,21572.238858439647
P15015,11045.219952144715
P15017,10721.13015590563
P15070,6218.574594367714
P15071,5275.599926977138
P15072,4643.3085963247395
P15073,5113.535260453795
P15083,226508.31056258685
P15133,0.0
P15148,0.0
P15151,0.0
P15153,0.0
P15178,269.7747292041349
P15179,1616.5101292725521
P15181,529.4935053516601
P15234,0.0
P15236,0.0
P15237,0.0
P15243,32426.742167114287
P15256,40725.565541272685
P15258,5150.322514187741
P15260,5057.5837910734335
P15261,5310.632399292721
P15263,1069.7108908683986
P15264,4658.032623960666
P15265,4390.774312173853
P15267,5783.161062698604
P15269,1382.0326861212052
P15270,6035.327565734166
P15272,5266.827559009424
P15279,749.1221268365734
P15280,427.02653867963454
P15282,0.0
P15302,4821.215717612133
P15305,4729.68331571966
P15307,5298.75385092137
P15308,4688.374758481692
P15325,0.0
P15341,1313.6257003157043
P15343,2316.4293337295894
P15344,4308.7806425378
P15345,2530.4574167869505
P15347,4104.168196858758
P15364,16385.471580718695
P15366,217.2975317700002
P15413,2993.730509429781
P15416,678.5734003230464
P15417,2450.0264663520356
P15422,373.2297660112781
P15423,0.0
P15424,0.0
P15431,8008.930925899116
P15433,1496.5377996915267
P15434,2037.9095045440372
P15443,3622.9402120645136
P15444,0.0
P15483,285.6308165780574
P15487,0.0
P15488,0.0
P15511,0.0
P15512,0.0
P15519,0.0
P15520,584.9514173697098
P15521,0.0
P15522,0.0
P15523,0.0
P15536,12066.557608687715
P15537,15349.169259197353
P15541,5547.630860562793
P15542,782.0713026450903
P15544,0.0
P15545,0.0
P15546,3919.9511125562603
P15547,5262.1151999537215
P15548,1285.9622970400305
P15556,0.0
P15586,9927.54984247715
P15587,4032.1275676464866
P15588,3301.8772837968063
P15836,16427.290454902715
P15876,7387.63763099163
P15880,13133.883319446664
P15881,12584.847315096435
P15883,28294.66852099784
P15948,0.0
P15949,0.0
P15951,2882.82340927306
P15952,0.0
P15956,264.8707803196485
P15964,245.75523738085758
P15966,5529.1815764491985
P15968,5850.360664231743
P15971,6356.03011296675
P15974,5792.965699634093
P15976,1870.55286453995
P15978,5865.978663125505
P15981,0.0
P16058,0.0
P16059,0.0
P16061,229496.88992579505
P16069,4632.936163688784
P16071,4035.6849592677063
P16072,7312.038404653744
P16073,7015.498774133295
P16085,5849.078294515395
P16148,1696.2723451166894
P16150,242.76632176434578
P16152,1764.819618592548
P16153,0.0
P16239,6907.07388411737
P16242,11597.471034270147
P16370,9185.549477205408
P16379,0.0
P16389,1660.494093458099
P16391,0.0
P16408,7278.243990897132
P16422,0.0
P16434,3417.104389884553
P16436,3909.2243343816954
P16467,6398.381476116803
P16468,5107.455513211869
P16469,5662.927142056797
P16472,4527.34228143451
P16476,5140.5280454204985
P16477,1892.320655079784
P16478,5476.96276012636
P16480,5365.044510004631
P16483,2807.58385318048
P16484,5125.131358372542
P16485,5341.671733472387
P16523,1419.0100544742163
P16568,4551.738441407837
P16606,26293.998318921876
P16607,28178.168319350105
P16608,29668.14962855293
P16659,0.0
P16667,0.0
P16670,0.0
P16676,377.55734714062055
P16677,3958.1186736665404
P16689,0.0
P16822,6463.597380734005
P16825,4327.551045478245
P16827,0.0
P16897,0.0
P17012,0.0
P17042,12405.264395933886
P17124,3024.998805313262
P17185,0.0
P17219,2090.682537264809
P17221,3674.2631513468914
P17222,4083.50238494738
P17225,3424.3872355140047
P17235,0.0
P17490,1719.5782139527328
P17494,2858.121967583207
P17646,0.0
P17686,0.0
P17688,0.0
P17690,6658.662730331096
P17691,8041.484735164238
P17692,10397.697302045159
P17695,539.4206530453375
P17697,7529.926956611798
P17698,7618.769735807153
P17771,7644.703423852228
P17772,8518.831147927594
P17773,7627.503112280559
P17876,14566.267278174464
P17877,3475.9972532262072
P17879,0.0
P17882,0.0
P17884,7390.347204145168
P17886,3734.539218760485
P17888,0.0
P17890,0.0
P17892,0.0
P17901,5160.675029989368
P17910,0.0
P18090,8153.900386603902
P18208,6529.096705822445
P18280,9583.33603522676
P18313,0.0
P18318,1859.2716998541364
P18320,2783.6101250735774
P18321,2770.448601834727
P18323,3224.2022464960646
P18327,2030.5871057332188
P18329,2406.1779352226295
P18330,1769.3579951540596
P18335,2004.251006979459
P18419,2854.968187324517
P18420,2801.327321522698
P18422,1198.715270596338
P18424,2281.848222257442
P18425,0.0
P18448,177.61358581326567
P18449,613.2154523459794
P18450,1782.4018954351704
P18572,1696.2791168543226
P18573,4968.585396809285
P18575,4777.903821964661
P18583,5254.233477200087
P18653,0.0
P18699,24893.498810938043
P18767,1087.7926208425924
P18808,0.0
P18809,0.0
P18817,226261.35624463178
P18869,5216.670051810233
P18949,6558.927714822643
P18994,26619.757687575406
P19016,0.0
P19019,0.0
P19020,0.0
P19065,0.0
P19157,2241.5364382851876
P19176,221.69297561584608
P19179,0.0
P19182,0.0
P19185,282.8840640075214
P19188,0.0
P19190,1036.555389613357
P19198,0.0
P19220,7200.767641817023
P19233,11185.542755317874
P19236,0.0
P19294,0.0
P19312,28081.75324436579
P19403,219053.87422609812
P19525,0.0
P19528,0.0
P19610,0.0
P20081,2238.7257864653984
P20082,0.0
P20167,32162.804535986867
P20168,29540.590433981964
P20171,29422.494865275745
P20172,29032.715152759098
P20177,30236.66737807111
P20193,10851.027354779104
P20194,14470.305489648077
P20195,11417.251431691766
P20196,2984.3710547126902
P20197,5550.813175987561
P20200,6055.070656142183
P20201,2055.8932298700056
P20203,2350.177207527955
P20204,2091.726437656256
P20206,1825.990585513242
P20208,0.0
P20209,0.0
P20211,1919.354569345367
P20224,2655.121272283439
P20226,3228.2144468726765
P20227,0.0
P20231,3000.6318532076475
P20232,0.0
P20233,0.0
P20235,3225.0511887881403
P20238,0.0
P20278,6667.898112066472
P20279,9031.29648586292
P20282,9804.84139652484
P20290,2904.082168904133
P20297,8101.211326414192
P20306,7935.193013296783
P20322,7479.497966278537
P20325,3693.9717592186134
P20331,3789.1078942137174
P20348,5864.737303033962
P20354,2051.681125418865
P20356,2299.101931342724
P20359,1523.9296521626893
P20360,861.6169837702946
P20361,1283.9679964291754
P20365,4018.457329572171
P20366,4603.62233013185
P20370,4601.664946129105
P20371,5358.483667028282
P20376,1067.276215339065
P20377,1603.6027530933716
P20426,0.0
P20463,0.0
P20575,2334.3012834855
P20581,1308.7615924779966
P20583,1783.2267205543467
P20587,8447.583535107362
P20591,5727.442367044008
P20631,0.0
P20650,23466.780999550483
P20675,0.0
P20698,6078.662571604258
P20703,12115.50729659788
P20721,15462.6342278975
P20758,8006.720562980034
P20779,5203.07987258428
P20810,0.0
P20820,6744.908058795205
P20821,6081.821788360958
P20822,5952.860558674343
P20824,2241.816568219627
P20842,0.0
P20863,4016.171851699826
P20864,0.0
P21043,2054.1914677392415
P21045,1471.2824685052365
P21052,21066.14799781098
P21055,6733.312965459165
P21125,649.3862594883904
P21411,0.0
P21416,0.0
P21447,0.0
P21448,0.0
P21461,226312.33725273202
P21466,0.0
P21468,0.0
P21503,247987.5988306424
P21549,8514.668865704989
P21585,2143.986039935193
P21622,9513.019895285746
P21634,19277.3539737323
P21640,8081.4388408382365
P21721,0.0
P21725,0.0
P21726,0.0
P21727,6471.02582596735
P21734,3107.5410088129865
P21741,3353.742111731106
P21764,3521.7893823538216
P21769,0.0
P21806,0.0
P21904,1630.8389959901397
P21906,3028.2683044261794
P21909,7913.916862402239
P21913,1874.3192883707525
P21914,2195.9528884179163
P21917,2485.4457880723166
P21919,1415.5469772575634
P21920,0.0
P21925,1934.0999552792236
P21937,4129.5565908823555
P21943,3974.649560998456
P21945,0.0
P21951,3856.364644886722
P21953,3420.1039608023166
P21954,2168.9938939119493
P21965,5620.64237225386
P21968,6434.716112311908
P21972,11952.71895369438
P21976,0.0
P21978,4515.544269418766
P21980,1031.197818814002
P22010,2750.2507286227665
P22011,2463.942033166102
P22012,2099.3262290738166
P22014,5565.183388733942
P22015,2727.217421221725
P22018,490.8316916703843
P22020,2958.2575139888577
P22021,0.0
P22024,0.0
P22027,0.0
P22028,0.0
P22029,0.0
P22030,1906.4479538090236
P22031,0.0
P22033,0.0
P22037,11221.817803888145
P22038,3783.112607797426
P22085,1718.1797683826917
P22744,0.0
P23001,4485.309746616524
P23142,311.7276277014935
P23258,4608.630694650543
P23277,42818.22935522713
P23454,4959.446407204214
P23596,0.0
P23622,3588.401933135843
P23632,11165.226321002483
P23636,8186.228349324923
P23637,6342.476697237544
P23728,760.5382769545904
P23730,1312.000451459946
P23731,1604.3463649537916
P23732,138.78981306271453
P23734,4908.286056023178
P23740,12232.498172266445
P23744,0.0
P23747,0.0
P23748,2731.7240736631284
P23843,6751.165235228818
P23870,2054.9995509822656
P23981,0.0
P24129,0.0
P24130,0.0
P24131,0.0
P24152,711.7112887284529
P24227,5661.864952634962
P24243,0.0
P24244,0.0
P24245,0.0
P24247,0.0
P24248,0.0
P24249,1936.6981926645167
P24250,3890.068908193334
P24251,12867.276593404444
P24252,7424.8225997200425
P24254,9869.097813888235
P24255,7199.102617656452
P24256,4537.496821621524
P24258,0.0
P24259,3588.9081925587416
P24261,0.0
P24263,0.0
P24264,8.702717843607388
P24265,1211.386616294807
P24268,3422.2147913369226
P24269,0.0
P24270,9545.969607845218
P24271,96.2632416486158
P24273,0.0
P24274,11720.194738822407
P24275,0.0
P24372,6984.823165408328
P24380,0.0
P24383,2884.9772569165143
P24420,0.0
P24454,0.0
P24466,18244.257849485733
P24732,215503.39212506314
P25331,0.0
P25333,6751.102768367047
P25509,0.0
P25510,53187.61986310725
P25511,0.0
P25553,0.0
P25558,0.0
P25563,44973.695464458324
P25576,51546.39987692714
P25689,0.0
P25951,0.0
P26022,0.0
P26202,0.0
P26522,10497.932890198146
P26524,7339.632496934999
P26537,0.0
P26538,0.0
P26539,0.0
P26541,0.0
P26605,6332.498866574486
P26640,4701.545281811945
P26679,3568.505776000715
P26688,2885.690781473044
P26731,4352.083667209492
P26736,5343.191389828677
P26754,0.0
P26758,0.0
P26798,0.0
P26855,8799.275277108383
P26929,352.9564888481291
P27290,0.0
P27291,0.0
P27292,0.0
P27293,0.0
P27294,0.0
P27297,431.23238368555394
P27298,794.9492346409279
P27301,8063.6221374945635
P27302,4512.142306524103
P27305,8046.408552509285
P27397,10624.916371396215
P27419,0.0
P27440,2947.9816660148754
P27441,0.0
P27443,739.1635710564551
P27499,0.0
P27501,0.0
P27502,6189.989253588072
P27503,4938.674650985002
P27506,6169.378409480458
P27507,5052.166637850154
P27509,4903.677473249685
P27510,4358.724122337484
P27512,5611.4050969101845
P27515,5139.218111772105
P27520,5040.644444034322
P27522,4859.433209736959
P27539,0.0
P27540,4370.008203912119
P27542,4264.542824812928
P27543,4403.718390320169
P27546,0.0
P27548,0.0
P27549,0.0
P27551,0.0
P27554,4420.886458122732
P27557,0.0
P27558,0.0
P27559,0.0
P27562,0.0
P27563,0.0
P27564,0.0
P27575,2024.5070326631721
P27576,2149.1040983361054
P27579,3303.7361390645456
P27583,10322.745540676293
P27584,6152.698804082465
P27585,8319.487006610947
P27589,6641.536663049443
P27597,0.0
P27599,0.0
P27601,0.0
P27602,0.0
P27604,0.0
P27605,0.0
P27606,4171.370097887804
P27610,6360.106959776083
P27611,5458.764351716913
P27613,4923.131405666587
P27614,5934.852004987741
P27615,4374.469072487802
P27617,5023.581561749994
P27618,4944.358244354127
P27622,0.0
P27625,5207.910609403651
P27626,2010.1406200288584
P27629,4809.457022642186
P27630,5366.890702883698
P27652,0.0
P27683,7617.799158043086
P27809,0.0
P27824,6358.507032159214
P27826,5583.68211624142
P27830,5174.849427616566
P27831,1832.2042917476756
P27832,2480.215216492419
P27837,14693.106417275032
P28449,605.1035867041537
P28450,0.0
P28452,0.0
P28454,4959.931039550487
P28455,1532.283299381499
P28456,0.0
P28457,0.0
P28458,0.0
P28460,0.0
P28470,0.0
P28471,0.0
P28474,0.0
P28475,0.0
P28479,0.0
P28481,4568.387281727191
P28486,12565.077433257924
P28487,13301.60356826019
P28490,26512.409322058917
P28491,28817.23699397141
P28500,5297.7605304984645
P28508,0.0
P28514,13345.78920193827
P28520,9278.8390585932
P28522,12705.081278720008
P28524,8516.81506454885
P28528,12539.111696470729
P28530,17870.759900014495
P28553,1383.1393960528221
P28556,1415.8596769549658
P28557,7620.399045108537
P28558,9125.773339027732
P28560,0.0
P28563,0.0
P28574,4287.822123387636
P28583,0.0
P28596,4144.264937996253
P28644,0.0
P28691,0.0
P28703,0.0
P28715,3463.415563529812
P28717,1170.6067377662075
P28718,3365.163133604565
P28719,2195.979167665955
P28733,3325.013761373899
P28734,8650.609492334966
P28744,188.74253805338958
P28745,627.1521180016134
P28746,0.0
P28812,14268.070551845281
P28813,12839.261266082758
P28815,15393.677386648129
P28820,17927.89142937508
P28821,16681.84246869765
P28822,18890.98696908708
P28824,18099.267090998314
P28826,18758.257223333436
P28828,22548.621849970303
P28829,17165.34586379699
P28830,14826.923343721714
P28831,20776.081316286378
P28846,2036.0530429963073
P28847,5324.559664924225
P28850,3977.7404317555556
P28851,1292.7922561914966
P28852,4668.531230779343
P28853,5113.839471628762
P28855,261.6452664669705
P28856,907.8631408667861
P28858,1552.7422358001058
P28860,2683.0102140875133
P28956,4689.267945810658
P28960,3552.630994660136
P28964,5269.97692755318
P28966,4988.65012017377
P28967,2736.640873688124
P28968,5415.839343546046
P28969,5449.677261703306
P29036,4493.186211886914
P29044,0.0
P29046,1289.710823319303
P29049,0.0
P29052,327.3441460136419
P29060,3939.8564431735176
P29061,3410.8127373431635
P29068,0.0
P29069,0.0
P29070,0.0
P29071,0.0
P29072,0.0
P29075,2999.498616384608
P29076,0.0
P29077,0.0
P29078,0.0
P29079,4741.6015482662115
P29080,419.5395877901283
P29081,4557.209758555986
P29082,0.0
P29084,0.0
P29086,0.0
P29088,0.0
P29089,0.0
P29090,0.0
P29092,0.0
P29093,0.0
P29094,5135.025091536936
P29095,0.0
P29098,0.0
P29099,7084.110605295678
P29102,4590.968684919921
P29103,4834.9695194841115
P29108,4629.001786417441
P29111,30007.500048117934
P29154,2568.4529535853253
P29156,9015.603765060081
P29157,9875.924104570244
P29158,6080.700196520509
P29160,5458.659402166133
P29161,5676.618792220721
P29162,5369.462860029471
P29163,3453.0698165701906
P29164,5303.417839054997
P29165,5719.154504113594
P29166,5406.640255673803
P29167,7344.035509359041
P29168,2150.2675276525515
P29169,7016.589202711926
P29170,8328.615590448462
P29171,8771.441588467434
P29174,556.343183333538
P29175,2729.631125570708
P29177,0.0
P29178,0.0
P29179,6903.604794723877
P29182,0.0
P29185,0.0
P29186,0.0
P29187,0.0
P29188,109.59258856688393
P29189,4578.964678353754
P29191,1269.6208406936494
P29194,4876.088940224898
P29195,0.0
P29222,0.0
P29223,0.0
P29226,1027.7793893681264
P29227,0.0
P29228,0.0
P29229,0.0
P29326,1204.8259403923148
P29338,4774.862575422994
P29339,1310.9350626239393
P29340,0.0
P29342,5356.030595030803
P29343,5241.122703129495
P29347,6376.058253929208
P29391,24638.504871514368
P29395,15318.658927623515
P29396,18198.456876479504
P29397,19016.536993539252
P29398,20805.070420224652
P29399,253220.39105812798
P29402,18347.27462432733
P29405,18041.099085436377
P29406,22522.075982914033
P29407,17892.293640519263
P29408,16635.46135696368
P29409,20193.719097229652
P29410,15701.457119290915
P29425,20076.12958675211
P29427,21950.33310161131
P29428,19005.336382056703
P29429,254904.43591084992
P29430,22926.13095913721
P29431,20826.56812611161
P29433,26502.629209732062
P29434,27166.992197311327
P29435,18927.15860058401
P29436,27529.86649368733
P29437,27494.300160100807
P29438,27101.92779969041
P29441,28494.852732815332
P29442,253078.52575356042
P29445,30092.079593020066
P29450,26435.735359488775
P29458,20820.590978728014
P29459,20157.414815156957
P29460,21531.95506935405
P29473,21287.39279503609
P29474,20979.116254339904
P29475,252809.77308776882
P29477,21396.19460581668
P29478,24596.4057603884
P29481,28532.501911111238
P29486,22784.57882193881
P29487,22010.5044683088
P29489,21660.61113995739
P29491,23613.857097550903
P29492,30856.675064515584
P29493,25383.524673971657
P29494,22464.448614243956
P29497,29421.9036387292
P29498,254107.2910731519
P29499,27957.986778336006
P29502,23764.216713703216
P29503,10011.14172871978
P29506,21189.22379458872
P29509,8183.415272074799
P29510,18966.10331106763
P29511,18399.620515080856
P29512,20559.272553535382
P29514,18345.82075305374
P29515,20530.018824817085
P29517,20102.992164364994
P29518,22941.060085361172
P29519,21793.81637332198
P29522,21925.362029334752
P29523,21779.659663547754
P29528,21550.213426851118
P29529,20061.080518812
P29531,20655.784020504238
P29532,19084.30222097526
P29533,20390.947034786295
P29534,23691.154799753098
P29536,19776.16047334263
P29537,18374.786392110982
P29538,20253.159362608476
P29539,20163.766370441113
P29540,21259.5329843678
P29542,19416.9761014483
P29544,14962.045116636114
P29546,19940.79135633503
P29547,24751.558287055792
P29548,28950.48140486424
P29549,0.0
P29550,0.0
P29551,0.0
P29554,31556.76246847552
P29556,16002.488831507055
P29557,20084.61762201278
P29559,16100.067274012932
P29562,13153.507278864217
P29563,7995.81075502151
P29564,9295.137696895174
P29566,14564.560458328071
P29567,18822.04447178957
P29568,17510.7634626082
P29590,4530.074256512849
P29598,4683.773048521241
P29600,1668.4479303346816
P29604,12917.498270821932
P29647,6716.372257415813
P29659,8143.36492214393
P29671,8743.840236889413
P29673,12271.902929740627
P29676,10193.784271483204
P29690,9529.350152824765
P29698,0.0
P29699,0.0
P29701,0.0
P29756,0.0
P29794,0.0
P29795,0.0
P29796,9520.984067695583
P29820,0.0
P29822,0.0
P29842,12839.797485081152
P29851,3912.475963315119
P29853,5243.243334569306
P29856,2457.9815193492977
P29862,781.8130644519224
P29925,45979.23276208523
P30010,2027.9900319809421
P30024,0.0
P30034,6140.438127672936
P30035,5796.15977622223
P30042,4502.555044607387
P30046,5199.464960872738
P30050,2066.22630373239
P30052,2582.5469930055006
P30053,2175.351755208925
P30085,0.0
P30086,0.0
P30089,0.0
P30090,0.0
P30092,0.0
P30093,0.0
P30094,0.0
P30095,703.815761913931
P30097,0.0
P30100,21006.036386742726
P30101,12296.753972507522
P30103,5667.6362055193495
P30104,5160.719584924485
P30105,6937.297352727528
P30107,5674.241063786496
P30108,3062.809227526388
P30109,4445.7485799360875
P30112,4174.848449822195
P30114,1259.0850473576684
P30116,3676.2503949306665
P30117,0.0
P30118,934.8289835724172
P30121,1299.6189336913521
P30133,0.0
P30134,0.0
P30135,0.0
P30136,0.0
P30138,0.0
P30146,4200.555736935541
P30149,2918.023489112704
P30150,19577.534183474396
P30152,0.0
P30154,26616.261980100473
P30155,23160.775451498106
P30156,27175.847788622505
P30158,21904.311307123793
P30160,25900.26519257641
P30161,17713.903755695486
P30162,17269.32506466887
P30164,19228.947546492844
P30166,19484.86584516015
P30167,18874.62365277877
P30168,253966.69455034958
P30169,20602.30384125632
P30170,20387.86131514277
P30173,21498.291589516823
P30174,21186.776853242525
P30175,20879.18407117961
P30176,23045.759565801953
P30178,7880.821361718066
P30180,0.0
P30181,0.0
P30182,3622.086559768013
P30185,7.459691701391421
P30186,20566.065011433988
P30187,22257.82002630939
P30189,21245.493969878786
P30191,19868.34827395685
P30192,16818.99095660861
P30193,26210.50312503901
P30195,26396.3332687922
P30198,23124.662587447983
P30199,25647.98997055852
P30200,23271.479716016016
P30201,25886.711167562975
P30203,28821.796922783935
P30204,23891.386658690953
P30205,22740.986341980395
P30207,21932.114618593896
P30249,2498.295479195811
P30250,3215.4941832468467
P30269,0.0
P30270,0.0
P30271,0.0
P30273,0.0
P30274,0.0
P30275,0.0
P30277,0.0
P30278,0.0
P30285,0.0
P30287,0.0
P30288,1072.3827514431432
P30289,2045.8771602453453
P30290,303.00096283326275
P30292,1097.2546898688706
P30399,11173.70627430611
P30400,9491.350638919845
P30402,7844.759175993186
P30403,9155.60524885311
P30404,10373.661087958379
P30405,9980.88383715145
P30406,6541.755115267224
P30408,7662.390686499282
P30409,6910.312419754464
P30410,2872.5024610125984
P30411,0.0
P30412,0.0
P30414,0.0
P30416,0.0
P30418,5062.832527219987
P30420,2357.66318753186
P30424,5042.345035832026
P30425,8306.272612297147
P30426,5780.612048912848
P30429,7104.613099139689
P30431,10964.047210436613
P30432,0.0
P30433,0.0
P30434,1894.923483545157
P30437,0.0
P30438,3723.7397365270917
P30439,1043.094595251052
P30440,1196.9139585228331
P30441,1992.6206385485712
P30442,7216.7288343727305
P30443,8176.801322201427
P30445,8280.258824362634
P30449,9103.27600046507
P30451,11523.74412228856
P30452,10269.925590918745
P30454,10887.244155579658
P30455,11853.20360073759
P30458,8893.627179061423
P30459,10160.21915144975
P30460,6816.200269896592
P30463,0.0
P30464,0.0
P30468,0.0
P30473,368.18327719950685
P30478,0.0
P30479,0.0
P30482,2.631540256094013
P30483,0.0
P30484,398.3715191340416
P30489,528.413022705241
P30495,52.74920275284603
P30496,228.36533635854357
P30497,0.0
P30499,770.4552398957967
P30502,0.0
P30503,1470.8521338188875
P30505,1754.8378505509681
P30514,0.0
P30515,0.0
P30516,1332.7010947778726
P30517,549.5818867488306
P30518,0.0
P30519,0.0
P30520,0.0
P30522,2442.017817107164
P30523,4889.386643995549
P30525,1193.8298680257722
P30527,0.0
P30528,0.0
P30531,0.0
P30532,0.0
P30533,0.0
P30534,0.0
P30537,0.0
P30545,968.0867382597899
P30571,8389.312012593738
P30639,0.0
P30643,4004.2013808960255
P30666,4078.8914227589594
P30679,2377.711784155006
P30681,8862.377092626055
P30684,1004.5651741088877
P30691,0.0
P30692,3058.2857198095044
P30706,5155.742346782281
P30709,6233.482245317653
P30715,0.0
P30717,281.3717528820707
P30758,0.0
P30842,0.0
P30870,0.0
P30872,0.0
P30912,0.0
P31067,0.0
P31077,1915.4737270158657
P31123,1241.1442754606833
P31229,6298.6579721826565
P31230,3422.709276043035
P31232,0.0
P31329,202.75563142985993
P31345,4732.025841884104
P31347,4827.095522450276
P31461,3990.9881375756668
P31464,7939.356813956238
P31466,4987.124541786485
P31513,31624.269033949862
P31591,4432.419533049942
P31598,5508.722086823978
P31614,1225.3453362511245
P31618,0.0
P31652,0.0
P31691,42565.634518832085
P31692,44060.30230949585
P31713,0.0
P31720,0.0
P31721,0.0
P31785,44077.3528758961
P31806,12273.065111138108
P31851,4180.340938840192
P31998,231739.5250674044
P32151,0.0
P32196,34508.67782155202
P32219,0.0
P32229,0.0
P32250,44297.54406731599
P32255,36772.63502461153
P32320,14008.731257427593
P32955,0.0
P33551,0.0
P33588,0.0
P33754,0.0
P33890,0.0
P33891,0.0
P33939,27579.37505990943
P34122,1286.4908725312562
P34204,8489.4611910862
P34300,2783.0473686414844
P34301,3353.3222274671753
P34303,2772.2247976482504
P34304,4723.313942203007
P34305,5047.355934649982
P34306,5571.620517654457
P34307,4349.816311473867
P34309,4945.892446333924
P34310,4819.996183134579
P34312,5569.322623720327
P34313,3104.886242388544
P34315,3898.288591170731
P34317,4197.556976938515
P34318,4464.030925083462
P34319,4407.845046167047
P34320,2449.5980281081247
P34321,1836.312413940359
P34324,4423.803739180552
P34326,1825.5725257049162
P34327,4233.658654960876
P34332,1585.0856823622344
P34333,3458.74880033268
P34334,5800.019163470148
P34335,5380.896376326458
P34337,4287.878140411067
P34338,1142.4038876285413
P34339,3407.036202491192
P34340,3616.1649873336573
P34341,0.0
P34342,0.0
P34344,5596.630377765017
P34345,977.8356098532859
P34347,1371.434240606788
P34348,1982.5998578266772
P34350,1869.2049166051402
P34351,3523.9898057314786
P34352,2317.110452606288
P34373,2445.2244976523543
P34374,3551.7054255051517
P34375,1528.3324736194336
P34381,9620.073167154216
P34388,0.0
P34389,3437.581198881333
P34390,2723.6422566287183
P34392,0.0
P34451,0.0
P34470,0.0
P34473,0.0
P34475,0.0
P34545,29375.371121077253
P34548,34097.88549353217
P34578,8998.202457415213
P34664,243.96991079992222
P34722,0.0
P34892,0.0
P34894,0.0
P35464,232250.7030976142
P35694,0.0
P36063,5018.527428567446
P36072,0.0
P36075,0.0
P36077,0.0
P36105,0.0
P36106,12119.454955244491
P36115,1299.2115420816845
P36119,0.0
P36327,0.0
P36414,6100.046806362607
P36415,6655.484109424036
P36416,6456.104850459316
P36419,4604.054219155856
P36421,5325.939002351584
P36422,5180.364200660006
P36423,5520.504424380746
P36425,5010.174907885885
P36454,3204.775521691059
P36619,783.9568108373678
P36772,0.0
P36829,0.0
P36835,0.0
P36838,0.0
P36863,0.0
P36896,0.0
P36898,205563.6165528998
P36899,0.0
P37112,0.0
P37115,0.0
P37118,0.0
P37141,7657.04992684786
P37145,0.0
P37157,11155.962790906182
P37421,28924.251580874392
P37422,25378.723360384007
P37423,21182.880754460253
P37425,24561.64180206346
P37426,30437.26489128711
P37427,24704.927022626805
P37428,31331.82393721859
P37697,9556.42098920562
P38347,12431.508872543145
P38411,11603.959327247765
P38454,28608.092155580056
P38456,23687.119745995224
P38457,251323.53601860776
P38458,20940.95939054933
P38459,18403.74643519416
P38460,26224.03806524685
P38462,25861.53488338857
P38467,469.9383911822042
P38468,1680.5553081274047
P38472,1401.6625886290676
P38537,4815.411216994264
P38567,0.0
P38709,1975.6891605440323
P38711,2020.5842099196489
P38712,2001.0552526419378
P38713,3227.9888367993008
P38714,4888.6019996019495
P38715,2484.885978642953
P38718,1793.5225072384092
P38720,3074.4070102800324
P38722,4013.2433953273685
P38723,2487.968474892965
P38727,3433.7924217171094
P38729,4193.5238748702395
P38733,3188.494376241655
P38734,313.1005259728772
P38735,3285.6622626401113
P38737,1761.4915462122226
P38740,1480.6925641540147
P38741,1252.3286982285572
P38744,1510.79633444325
P38745,233641.4254684039
P38753,2464.395023340705
P38754,1240.087166196834
P38755,2291.807835391257
P38757,1967.0280530991731
P38759,2740.695693009311
P38762,3004.0230070737525
P38766,3580.6931417864616
P38767,2456.5061052153033
P38768,7177.3337398165495
P38770,339.74011683319986
P38778,2474.954246267269
P38779,2224.653371941131
P38780,0.0
P38783,3887.6305930859526
P38853,22714.67388201833
P38854,24179.461367673925
P38855,22364.74607598305
P38903,26634.753974640942
P38906,26907.320042054525
P38929,19432.202168460535
P38930,251757.32421277458
P38932,17195.745728290713
P38933,17119.17772655427
P38936,22844.849780361918
P38937,20231.026337525716
P38942,20291.745476980122
P38943,25129.56633849036
P38944,23276.157990122112
P38945,23522.7722761642
P38947,20585.645234587744
P38949,22789.717349637172
P38950,257172.55306859018
P38952,8194.67889889418
P38953,8123.409683974871
P38955,20158.52461473296
P38956,19320.438430648443
P38958,31222.053361737017
P38959,32149.022242747735
P38962,29027.634276698445
P38963,27123.35357085615
P38965,0.0
P38969,0.0
P38971,0.0
P38973,0.0
P38975,0.0
P38977,246543.04307789853
P38978,21464.794796348582
P38981,6436.291805230354
P38982,8346.859616089729
P38985,0.0
P38989,0.0
P38990,0.0
P39001,5012.5131611434335
P39059,4037.5923206529696
P39157,0.0
P39310,0.0
P39311,0.0
P39313,226543.59472683468
P39314,5658.608270661945
P39316,3333.1334818968935
P39317,229007.91553294
P39318,228914.26816266467
P39319,228606.70339046346
P39420,19382.505493213284
P39421,17412.602377509917
P39422,17014.518654936754
P39424,9702.96426052778
P39425,8515.606535137846
P39426,7760.587037449899
P39427,0.0
P39428,4021.9251490574716
P39429,1199.4899141382011
P39432,0.0
P39433,2868.670810305197
P39434,237437.1003770879
P39435,12612.935277428089
P39436,234974.78148228463
P39440,247916.25388659636
P39443,10393.081599950743
P39444,235692.4380413568
P39447,20400.948993048703
P39448,20392.299694766552
P39461,23373.611661306077
P39463,23333.102301159754
P39464,255035.2652162373
P39467,22159.464023498706
P39468,29951.067971879813
P39469,22443.20546081727
P39470,22172.626161599437
P39472,248840.0491477844
P39473,28104.687411704235
P39474,27093.225190002675
P39475,27640.93138248824
P39476,28381.683992162314
P39477,26703.576923641805
P39478,29134.011128205344
P39479,28367.19304492083
P39480,30512.134098860228
P39481,22426.476425106426
P39482,22780.740303220464
P39496,28570.357648174435
P39498,18293.181139892404
P39499,21955.415143253573
P39500,30616.636915751194
P39502,19232.360214738226
P39506,25241.2342995634
P39507,23967.910674110288
P39509,22795.041651902688
P39511,25781.985217935642
P39587,0.0
P39595,0.0
P39605,0.0
P39826,2473.4212554828882
P39991,31001.66282391995
P39993,878.0392674114446
P40009,31661.441797975214
P40042,29294.46863785023
P40102,0.0
P40452,6149.929162074412
P40455,6530.461477543115
P40456,3122.622060704587
P40458,6893.309244249893
P40503,4293.830848638423
P40509,5492.340269784334
P40526,5068.8916631748725
P40527,2889.486995278756
P40528,4762.836111442244
P40530,4151.891951930687
P40531,4158.271932523683
P40532,2036.7357989955344
P40533,5936.829459840483
P40534,5233.471986855551
P40537,8034.374218722565
P40538,6642.09797824845
P40539,6574.851589855465
P40541,7879.858216791279
P40552,5298.3461629868
P40553,4338.764909233269
P40567,3954.716031015465
P40568,2193.1758321135967
P40569,2078.162957540266
P40571,3920.242366893519
P40573,5182.727723954642
P40574,2325.560925702026
P40575,4183.772734794649
P40576,1502.5606066503206
P40578,5891.602603252253
P40579,3738.2301276774015
P40692,40276.93993327266
P40794,0.0
P40841,2521.0127640540086
P40883,2430.7699091596987
P41060,44194.37868760862
P41457,0.0
P41471,0.0
P41549,224764.21520394992
P41550,224728.82366802686
P41579,225269.80643510976
P41806,3145.6196258248165
P41899,3790.354501504673
P42005,225145.83912727982
P42049,49731.195297171376
P42265,7750.440912640748
P42266,6979.431629744657
P42269,4485.07790858268
P42270,8720.132248141137
P42271,7538.828484813152
P42272,9702.59806826184
P42273,6264.592079978331
P42274,2331.1273512253574
P42275,5679.174725418652
P42277,5430.141155740344
P42278,8281.659003357094
P42279,5242.967223151656
P42280,6187.349762673381
P42281,8244.464193164997
P42283,2467.8860045922484
P42284,5097.9236831288945
P42285,9691.050412929482
P42286,5707.015954095539
P42287,8190.099857058725
P42288,4524.566057873777
P42289,8941.525663685145
P42290,10309.199225134682
P42291,6031.738843278716
P42292,6819.2721100131785
P42294,7949.401604368471
P42295,7894.935484882939
P42308,0.0
P42313,0.0
P42355,0.0
P42356,0.0
P42357,0.0
P42358,0.0
P42359,0.0
P42360,0.0
P42361,0.0
P42364,94.94611759348845
P42366,0.0
P42367,0.0
P42368,0.0
P42369,0.0
P42370,0.0
P42372,0.0
P42376,314.9382968463615
P42377,0.0
P42378,0.0
P42380,0.0
P42381,0.0
P42384,0.0
P42387,701.9032821474138
P42389,3539.378579957116
P42390,5349.73756435249
P42391,0.0
P42392,0.0
P42402,0.0
P42404,0.0
P42405,0.0
P42406,0.0
P42408,0.0
P42409,3116.8177996171326
P42410,0.0
P42411,0.0
P42412,0.0
P42413,556.8795269668408
P42414,0.0
P42416,0.0
P42417,0.0
P42419,0.0
P42420,0.0
P42421,7870.231842997262
P42427,0.0
P42429,9134.262918587068
P42431,2708.6596463796523
P42433,1642.425927813587
P42438,1965.001924093478
P42440,1562.7617065838567
P42441,1130.4096965381104
P42447,6075.209905143845
P42451,1233.8883942796274
P42452,2468.4764750497816
P42453,2298.9833258582657
P42457,2681.899548159261
P42462,3544.69466546924
P42465,1850.3618324936251
P42466,792.6115530229617
P42468,2223.3259782273017
P42469,1883.4814225405753
P42471,1222.044167009779
P42472,0.0
P42473,1230.904459251633
P42475,0.0
P42479,38.9775339314765
P42483,498.3036227378543
P42484,6468.98316324026
P42485,6045.639717445967
P42492,4676.677279979933
P42494,6040.896294504746
P42495,6618.136522066201
P42496,5196.32268723681
P42497,5041.113673902404
P42498,5471.601297979127
P42499,5463.463393712886
P42500,4719.826485404839
P42501,5673.5175490315705
P42502,5002.942776432639
P42504,4710.914577679621
P42505,5241.355020887593
P42506,5298.941100845124
P42509,3823.271419914501
P42510,4995.179617180576
P42515,3312.269359563241
P42518,4946.98807521147
P42519,4877.424041267681
P42520,5664.027197780244
P42522,2077.608824832605
P42525,1541.697317959668
P42526,1398.9403986265716
P42527,6184.319503070179
P42529,6524.104536526975
P42534,4911.08934240778
P42535,5505.422845657296
P42539,4155.192140660041
P42541,5478.116551551902
P42542,5836.278656952607
P42544,5571.320827903346
P42546,11.207739615707396
P42547,0.0
P42548,5124.7515215016865
P42549,6123.802572490342
P42551,2469.872300518309
P42552,5823.752705099851
P42555,5339.916562890692
P42557,5171.328141932121
P42563,1121.6107284247373
P42564,4246.573920265004
P42565,6310.828636279184
P42566,6274.573809112651
P42567,6402.106064868669
P42568,6196.270049664832
P42569,5922.024353552144
P42572,3042.321111592253
P42573,1243.5213178601407
P42574,5041.651213722002
P42626,7143.827559792189
P42812,0.0
P42853,0.0
P42913,0.0
P43183,0.0
P43184,209620.6170262582
P43213,205216.72340414804
P43536,0.0
P43540,0.0
P43595,48408.8311966475
P43745,0.0
P43779,53370.23268484167
P43821,0.0
P43887,218820.2357683873
P43888,35419.48777743535
P43908,0.0
P43981,3257.2055427586274
P43995,8761.934668034704
P01015,0.0
P01017,0.0
P01070,0.0
P01074,44701.1132173611
P01084,35565.57565291172
P01107,25269.914125775915
P01184,0.0
P01188,49966.588149540745
P01236,39772.08031895089
P01252,0.0
P01302,0.0
P01341,45053.99109016212
P01371,0.0
P01413,0.0
P01414,0.0
P01416,0.0
P01435,46082.88949862021
P01442,53269.64028129687
P01479,30988.379530368846
P01484,0.0
P01517,54390.01692335579
P01537,242016.22132168713
P01546,31299.31746382503
P01548,0.0
P01579,1183.406740330156
P01598,33013.68268637204
P01666,0.0
P01686,0.0
P01705,15001.846441284672
P01708,19101.747021620646
P01727,5832.334378521624
P01742,0.0
P01745,0.0
P01746,624.0549853067132
P01769,0.0
P01797,232054.23119283086
P01823,0.0
P01826,0.0
P01840,33600.46709931235
P01842,40907.829866685155
P01852,45730.962483780604
P01913,50486.73404091572
P01927,0.0
P01937,0.0
P01940,32542.847674001398
P01951,41384.137409936986
P01960,49007.50871773157
P01976,27718.843531758048
P01990,0.0
P02066,0.0
P02088,1952.528191266847
P02158,30631.41123171517
P02211,2136.0296466267137
P02212,39720.530119226096
P02230,19838.031110005337
P02248,15070.18669516823
P02290,12482.993790639866
P02296,45318.05266230108
P02328,0.0
P02368,5888.256761670185
P02413,0.0
P02414,0.0
P02415,0.0
P02429,0.0
P02491,0.0
P02531,2839.7974473562936
P02595,0.0
P02681,49950.62839176914
P02694,0.0
P02696,0.0
P02698,0.0
P02704,3530.2787503567088
P02711,39442.65054573845
P02766,40678.77679594749
P02784,48128.7020538935
P02785,0.0
P02836,44202.63742164818
P02840,35775.11083513261
P02847,37931.53066400758
P02853,0.0
P02865,0.0
P02881,3028.4862021940935
P02927,0.0
P02947,0.0
P02994,0.0
P02996,0.0
P03040,0.0
P03214,0.0
P03215,0.0
P03285,0.0
P03334,38316.8037201167
P03341,0.0
P03368,448.35980632343126
P03489,0.0
P03494,0.0
P03505,0.0
P03520,29193.93019395379
P03523,0.0
P03576,30332.97116329546
P03598,35932.08884974483
P03611,33863.45975870898
P03629,0.0
P03644,0.0
P03647,235978.04178406222
P03649,0.0
P03651,0.0
P03660,474.2961648928431
P03666,0.0
P03668,627.1214943998457
P03797,29985.072796488912
P03878,41350.79851958043
P03887,0.0
P03892,45797.80711489248
P03903,47712.209265980244
P03914,0.0
P03915,33460.72329674394
P03925,15365.67153531354
P03947,0.0
P03966,0.0
P03975,3654.290667330526
P03987,47940.30544590084
P03989,42848.80281097915
P04050,41505.06842836919
P04054,47084.651010962174
P04072,0.0
P04109,0.0
P04122,53064.36684591186
P04126,41496.57221668083
P04137,17482.85211893187
P04154,0.0
P04188,0.0
P04211,41541.32147264623
P04216,33378.801653115326
P04218,32506.671417986112
P04220,20938.966890994325
P04263,0.0
P04276,41474.266108739976
P04338,33392.03090867513
P04347,3285.927025900106
P04355,46659.90073486167
P04360,41275.789268575245
P04384,234947.56206534264
P04412,36058.83973680594
P04428,0.0
P04498,0.0
P04501,0.0
P04538,0.0
P04544,0.0
P04553,36039.948221076476
P04694,44084.64450168545
P04742,0.0
P04744,29141.86302354609
P04749,0.0
P04832,44270.86307327145
P04884,28573.69935654105
P05053,0.0
P05054,0.0
P05067,0.0
P05117,0.0
P05154,0.0
P05157,0.0
P05158,235530.3675448594
P05203,0.0
P05227,233928.23097267086
P05231,0.0
P05233,0.0
P05260,0.0
P05262,0.0
P05272,20882.466698248092
P05275,24373.18106055164
P05279,23617.186454000286
P05328,26906.00408638567
P05339,0.0
P05340,0.0
P05346,0.0
P05399,0.0
P05429,0.0
P05430,0.0
P05462,5114.86621231107
P05468,223984.03530423815
P05533,0.0
P05591,0.0
P05633,41043.143221975406
P05656,0.0
P05668,0.0
P05717,0.0
P05740,0.0
P05783,0.0
P05798,0.0
P05903,0.0
P05927,229708.42880324103
P05942,0.0
P05952,0.0
P05960,0.0
P05961,210732.2934574576
P05973,39508.21468472336
P05974,41713.3942505263
P06015,0.0
P06018,34769.05092281701
P06024,0.0
P06040,41079.418071874854
P06056,41763.981145684986
P06074,54501.704183502894
P06082,35093.97228777368
P06102,35940.39316265522
P06148,255914.8480489959
P06229,31835.436704929525
P06307,0.0
P06338,0.0
P06342,53629.673140142986
P06349,1783.0937447727774
P06350,3468.9186109658876
P06377,200285.67572616314
P06409,0.0
P06723,4920.945579713978
P06859,0.0
P06905,0.0
P07031,209187.76305293734
P07060,0.0
P07080,0.0
P07094,0.0
P07153,29224.36639484273
P07157,30870.492047840467
P07336,29251.878991394355
P07358,0.0
P07484,0.0
P07622,229743.70006353725
P07652,33720.86625465478
P07719,0.0
P08043,25658.267787720077
P08149,0.0
P08197,0.0
P08198,219706.55694254412
P08210,0.0
P08262,0.0
P08274,0.0
P08276,0.0
P08304,31119.386220224416
P08361,211688.43744774477
P08377,221677.55073375636
P08391,41269.02257978704
P08393,233974.20506568137
P08410,35734.03311026115
P08451,0.0
P08485,0.0
P08521,0.0
P08756,209138.97385617683
P08794,0.0
P08813,0.0
P08827,0.0
P08846,0.0
P09218,0.0
P09360,0.0
P09394,40423.6679950702
P09476,0.0
P09605,0.0
P09619,0.0
P09639,228573.5875995779
P09703,0.0
P09814,0.0
P09816,34774.222528242484
P09817,35053.35257114351
P09967,0.0
P09990,0.0
P09991,0.0
P10000,239603.83884915107
P10025,476.27082469817833
P10031,0.0
P10038,5026.691298959933
P10121,236972.92879816497
P10210,51796.86109156531
P10212,34324.6428289143
P10222,34763.44465106488
P10251,0.0
P10256,0.0
P10330,0.0
P10416,38428.37949518178
P10418,39090.167086482186
P10419,34173.91596713403
P10422,38710.68645409764
P10424,35849.67043207322
P10427,28488.642556366758
P10429,27758.036959620687
P10433,30317.762132826098
P10436,16596.687712984192
P10439,280008.63983189437
P10440,279545.99423179775
P10441,0.0
P10442,243401.44508086483
P10450,32463.243620207395
P10492,34545.2756302633
P10548,179.0927123440706
P10554,2529.7553984074584
P10573,3032.104697586972
P10626,0.0
P10627,0.0
P10631,0.0
P10633,34925.97954326725
P10635,29860.68139975636
P10638,0.0
P10665,12881.869146723006
P10668,9775.376998694843
P10669,12832.242664476851
P10677,21603.576271401253
P10683,12927.076088674008
P10686,13835.525494107764
P10688,10366.47825369296
P10689,2548.3071158816565
P10696,10254.123859505708
P10698,255414.25599395367
P10700,12050.692730704764
P10701,6871.4200239821075
P10702,10924.893024713196
P10710,12466.601344508677
P10713,0.0
P10727,33650.74690609941
P10728,0.0
P10729,36207.418768638156
P10733,40233.19998800544
P10737,20910.55533890264
P10739,20299.972213603185
P10740,20079.84143993298
P10741,24322.125671032238
P10746,35169.15644034358
P10765,3782.3315999520746
P10766,7787.1937136679335
P10770,3139.1118290307822
P10771,2230.9019918089543
P10772,3319.4122562404773
P10776,1148.5253982091745
P10781,646.2712624974083
P10904,6617.273193531259
P10910,0.0
P10995,28663.47624051346
P11034,4210.149999808054
P11035,3139.721907082123
P11036,2103.4413831777347
P11039,3982.6866349916854
P11040,2178.2863825636196
P11041,2156.080607529344
P11047,0.0
P11048,0.0
P11058,0.0
P11059,2600.121287521579
P11061,681.287596779679
P11069,0.0
P11074,0.0
P11109,42247.75625620478
P11130,1024.0815034923216
P11132,1005.1541825802524
P11146,0.0
P11234,0.0
P11238,0.0
P11239,0.0
P11245,0.0
P11253,0.0
P11254,0.0
P11294,1285.0342559279634
P11295,1977.659497602126
P11298,2511.1159051963186
P11310,0.0
P11311,0.0
P11313,240369.15998676553
P11315,0.0
P11317,0.0
P11319,1767.6559287742566
P11320,0.0
P11321,0.0
P11363,0.0
P11430,0.0
P11495,0.0
P11534,182.36801586169167
P11757,0.0
P11758,0.0
P11773,7684.362447186344
P11778,722.4125467650774
P11781,238.54391815537383
P11784,0.0
P11785,0.0
P11795,2381.1455777176525
P11817,2608.9687175918916
P11855,0.0
P11857,0.0
P11858,0.0
P11859,242922.3294396334
P11861,0.0
P11866,0.0
P11867,244.83509107481586
P12038,0.0
P12040,0.0
P12105,39022.66824371136
P12114,751.9349729477362
P12120,21635.50670671806
P12175,0.0
P12235,0.0
P12319,0.0
P12387,0.0
P12388,0.0
P12442,243499.380697433
P12443,242597.7768251996
P12446,240802.77248361494
P12447,240960.17780372567
P12448,236668.557089821
P12449,0.0
P12451,0.0
P12454,0.0
P12455,0.0
P12456,0.0
P12458,514.0415904533402
P12467,0.0
P12470,0.0
P12471,0.0
P12474,1325.2471486069553
P12475,0.0
P12476,242518.35979882017
P12477,0.0
P12479,0.0
P12480,0.0
P12481,0.0
P12485,0.0
P12486,0.0
P12489,0.0
P12490,0.0
P12491,0.0
P12492,11883.84824873448
P12521,482.33770892927714
P12524,0.0
P12526,0.0
P12528,450.895340791998
P12554,0.0
P12629,0.0
P12696,0.0
P12722,0.0
P12746,0.0
P12893,0.0
P12934,0.0
P13095,0.0
P13100,0.0
P13303,0.0
P13335,35594.956322134174
P13475,3698.3715764230874
P13626,4666.744381388537
P13653,0.0
P13655,0.0
P13669,2550.7651790932396
P13756,0.0
P13778,38354.53904439951
P13779,35893.56547468176
P13780,39012.82884432868
P13784,248276.0176797123
P13785,1108.298498157994
P13791,37114.757822960164
P13810,40215.93712873304
P13891,16212.137885253
P13892,13853.165073162596
P13894,28440.254150969762
P13895,31072.138208754357
P13900,1531.848747967084
P13917,8281.600346463718
P13922,5930.749464979686
P13930,5191.134780342909
P13935,0.0
P13965,2737.3132609157365
P14015,5492.03091075315
P14016,5982.486510310537
P14017,6229.671218452411
P14100,3045.3143466572765
P14305,0.0
P14342,0.0
P14358,0.0
P14444,7218.780304111024
P14445,8155.141019605686
P14449,0.0
P14454,0.0
P14456,0.0
P14465,1279.857264200593
P14472,0.0
P14474,0.0
P14551,141.7101918699518
P14557,493.35812879569494
P14558,2861.4698841202444
P14561,247741.8224694248
P14574,4349.912748240578
P14579,5954.008308471566
P14583,1375.5319394617545
P14604,25704.065553946122
P14617,10327.368229878492
P14658,0.0
P14660,700.4406292112799
P14668,0.0
P14670,0.0
P14671,0.0
P14704,0.0
P14744,0.0
P14836,0.0
P14949,24341.47422873939
P14968,31579.19803683912
P15054,4423.083797733427
P15062,0.0
P15075,0.0
P15076,0.0
P15077,74.21653560902996
P15089,0.0
P15092,0.0
P15113,3586.0808409694255
P15130,0.0
P15164,0.0
P15173,0.0
P15193,2789.3704896337404
P15194,4108.000113759321
P15259,2729.359938539492
P15262,1861.7876119471184
P15266,3497.572411390749
P15271,0.0
P15275,6518.855710985641
P15281,386.02865403872056
P15301,1963.0643189522998
P15303,5707.916285541134
P15304,5056.010488022432
P15312,2409.525003235718
P15315,2213.776003479732
P15316,0.0
P15318,0.0
P15322,811.7604614775264
P15323,1570.5745367541786
P15329,2522.7659522259855
P15330,1892.313902374848
P15331,242876.18043461887
P15332,1153.6872904740048
P15334,0.0
P15336,246820.25326960383
P15408,0.0
P15415,5488.068689165331
P15420,0.0
P15421,0.0
P15425,7559.53061283319
P15435,224.65314704534467
P15437,4790.6221142912655
P15445,0.0
P15448,0.0
P15508,28274.478725036828
P15510,29300.74880553423
P15533,1450.9190258520066
P15538,38181.37532195935
P15704,0.0
P15729,0.0
P15745,229303.2779655782
P15789,0.0
P15830,2325.184368805578
P15857,28645.04043546272
P15860,0.0
P15942,0.0
P15946,5154.928657108576
P15950,0.0
P15965,1151.824087222256
P15969,0.0
P15973,0.0
P16079,17778.692492514052
P16155,244032.23285407925
P16156,244144.5190020745
P16157,241924.2699380438
P16160,0.0
P16182,528.1887367336894
P16213,46932.2912699858
P16228,0.0
P16355,0.0
P16371,9445.126098315483
P16381,0.0
P16382,1523.5034973877991
P16383,0.0
P16384,3110.9650195454706
P16387,0.0
P16388,3696.573038816703
P16390,2466.0963353324732
P16429,0.0
P16446,6152.562063767487
P16470,1231.6801054611133
P16471,381.90361997520813
P16473,0.0
P16475,0.0
P16479,3660.832942618905
P16481,4213.368576132143
P16513,3504.829177535379
P16514,1342.0527375043894
P16561,6043.319776447526
P16597,10599.66370012991
P16598,14229.4767870673
P16615,0.0
P16628,0.0
P16675,6332.496125973845
P16884,11494.256255835766
P16892,0.0
P17003,0.0
P17008,0.0
P17151,0.0
P17152,0.0
P17180,0.0
P17220,1911.8606375362506
P17224,6170.506500286643
P17226,586.8418285507396
P17266,1623.3453637375715
P17318,0.0
P17441,0.0
P17443,3956.5211856582537
P17450,3778.028699510174
P17497,5486.039172554665
P17506,6124.11324423433
P17515,4746.765809247463
P17528,11369.362022002371
P17529,12027.503228329222
P17904,3662.423703972916
P17933,4845.400013166567
P18187,5313.838363536299
P18265,8561.96171153355
P18314,3417.3468555360378
P18322,2768.834594199703
P18325,0.0
P18334,0.0
P18354,9091.650498729614
P18421,4625.247464137825
P18435,0.0
P18505,0.0
P18588,0.0
P18593,0.0
P18618,0.0
P18766,0.0
P18847,0.0
P18871,0.0
P19146,0.0
P19147,0.0
P19263,0.0
P19285,0.0
P19372,0.0
P19374,0.0
P19429,0.0
P19688,245580.86664846353
P19689,0.0
P19692,0.0
P19705,0.0
P19707,0.0
P19708,0.0
P19712,0.0
P20126,0.0
P20128,0.0
P20133,0.0
P20134,922.3739171902998
P20250,0.0
P20357,0.0
P20367,0.0
P20369,1666.7323233329262
P20375,0.0
P20419,0.0
P20902,0.0
P20980,0.0
P21063,33823.17264605728
P21093,0.0
P21099,0.0
P21153,0.0
P21188,0.0
P21190,1186.0581436714529
P21191,1606.2535611259264
P21286,0.0
P21377,0.0
P21380,30607.786813801697
P21399,0.0
P21645,0.0
P21647,0.0
P21774,0.0
P21838,0.0
P21870,0.0
P21899,0.0
P21900,0.0
P21901,0.0
P21902,0.0
P21903,1722.3636934250862
P21905,1188.6419761854304
P21912,0.0
P21916,66.09311412363604
P21918,3322.436071565109
P21922,0.0
P21923,0.0
P21926,2674.7559148599685
P21927,4113.179172491098
P21957,4442.770593068806
P22034,4008.113359230163
P22656,0.0
P22658,0.0
P22673,0.0
P22679,0.0
P22680,0.0
P22681,0.0
P22683,0.0
P22684,0.0
P22687,0.0
P22688,0.0
P22897,46644.425575936904
P23151,0.0
P23154,0.0
P23156,0.0
P23241,0.0
P23261,0.0
P23328,33465.78297970435
P23444,4915.116114733777
P23521,0.0
P23550,7090.699463031382
P23720,6936.661872402074
P23733,5399.585964950293
P23839,0.0
P23861,3264.783713365676
P23931,4142.416573706101
P24016,0.0
P24132,0.0
P24351,0.0
P24493,0.0
P24551,0.0
P24747,10089.849853162821
P24748,8015.816878363381
P24758,8797.352720179835
P24789,4548.131795537771
P24831,6018.435464032762
P24870,0.0
P24906,1472.797964932699
P24911,2772.6512396611797
P24922,1050.774121364193
P24957,1346.6704332432164
P25015,36187.67158860726
P25074,0.0
P25148,0.0
P25154,0.0
P25191,0.0
P25225,0.0
P25279,0.0
P25419,0.0
P25423,0.0
P25425,0.0
P25426,0.0
P25485,0.0
P25487,0.0
P25502,0.0
P25691,0.0
P25693,0.0
P25979,0.0
P26047,1347.9391770349757
P26383,0.0
P26393,0.0
P26439,0.0
P26461,0.0
P26540,257044.78976932587
P26574,0.0
P26684,1092.9758733197923
P26726,7764.306558936161
P26729,3258.3482819490237
P26732,0.0
P26734,1991.7783404318325
P26778,0.0
P26807,0.0
P26863,4188.549182981558
P26973,11248.725276652372
P27048,0.0
P27153,0.0
P27174,0.0
P27212,0.0
P27218,0.0
P27229,0.0
P27241,0.0
P27242,0.0
P27295,766.2802955206535
P27296,0.0
P27299,1511.1954568439796
P27340,2484.823110004956
P27410,5468.595862834576
P27414,4783.577898158477
P27416,0.0
P27504,2188.1461642854265
P27508,3751.559934592744
P27516,585.9018986401388
P27517,0.0
P27518,0.0
P27519,0.0
P27523,0.0
P27545,4238.913737014373
P27547,14887.329112017642
P27553,5686.432292963043
P27555,5368.969846462438
P27560,2865.4963299796655
P27561,0.0
P27566,0.0
P27577,5712.885042197129
P27580,0.0
P27586,4415.733928674286
P27587,1121.8587207600976
P27590,0.0
P27598,1141.5026838667982
P27600,8475.451647066966
P27607,3544.7792650281954
P27609,6437.329539218801
P27620,0.0
P27627,0.0
P27628,6678.243339107423
P27645,51278.19609487468
P27648,0.0
P27649,0.0
P27723,5623.820802203092
P27734,0.0
P27801,0.0
P28236,227924.81988180897
P28239,0.0
P28241,36415.683230493036
P28242,28112.355707003204
P28246,0.0
P28253,0.0
P28254,0.0
P28257,0.0
P28302,0.0
P28303,0.0
P28304,0.0
P28389,0.0
P28416,7279.8292278807785
P28472,0.0
P28488,45418.100762811475
P28526,19174.725810933207
P28541,0.0
P28707,20094.73598785661
P28714,5005.487182578065
P28732,2478.2263311436473
P28740,193.73421063966452
P28776,0.0
P28859,0.0
P28862,0.0
P28877,1871.7093772229127
P28878,0.0
P28882,0.0
P28883,0.0
P28884,0.0
P28885,243264.47380984068
P28886,240230.29688292122
P28894,1053.6078933734498
P28895,1346.6497138539999
P28898,0.0
P28900,0.0
P28902,1455.3727526459843
P28905,2454.1816744049793
P28908,246224.05608779905
P28912,1092.6835658936216
P28919,0.0
P28931,0.0
P28935,0.0
P28937,0.0
P28945,0.0
P28946,0.0
P28947,0.0
P28948,0.0
P28951,1548.2618495848437
P28952,2144.0597891756697
P28953,2034.5701381466097
P28955,0.0
P28961,0.0
P28963,784.9953951455245
P29034,0.0
P29041,0.0
P29043,2725.3170235631915
P29047,0.0
P29064,0.0
P29066,0.0
P29073,8840.481906856261
P29083,1883.651962962409
P29087,4783.935855434924
P29101,0.0
P29104,0.0
P29106,0.0
P29107,4119.3394392598275
P29173,0.0
P29193,0.0
P29211,3572.4755647928105
P29214,3237.2730739405924
P29217,511.4027689157192
P29244,0.0
P29256,0.0
P29269,0.0
P29293,4162.170047862062
P29295,45748.66943764105
P29344,0.0
P29345,0.0
P29393,21674.936535202876
P29432,38010.05846613105
P29446,28536.83801310305
P29476,34476.600179425506
P29482,24824.504086874713
P29490,29127.190244118086
P29496,21166.491810091688
P29505,24004.624696375107
P29524,35765.14365010798
P29530,34348.55561920935
P29605,9669.380050040105
P29733,0.0
P29770,0.0
P29778,0.0
P29793,0.0
P29918,235122.056695224
P29982,0.0
P30033,0.0
P30036,1167.0316537947801
P30038,0.0
P30039,0.0
P30040,520.2559436770061
P30043,0.0
P30047,0.0
P30048,0.0
P30049,0.0
P30096,6905.693890202143
P30261,2532.2750954603216
P30286,0.0
P30301,3428.099264666067
P30331,0.0
P30462,0.0
P30469,0.0
P30471,0.0
P30474,0.0
P30475,0.0
P30480,4110.364402486659
P30481,1760.5405932063077
P30485,0.0
P30487,0.0
P30491,0.0
P30492,0.0
P30493,0.0
P30494,0.0
P30500,4505.849566783341
P30501,7405.5543045056875
P30506,4566.658579176274
P30653,0.0
P30746,0.0
P30776,0.0
P30809,0.0
P30871,0.0
P30880,0.0
P31178,0.0
P31338,0.0
P31339,0.0
P31367,0.0
P31370,0.0
P31444,0.0
P31462,0.0
P31465,7428.684983625688
P31503,2627.5247394151847
P31612,246994.35802751753
P31636,39903.56312299018
P31638,35805.68674875931
P31643,0.0
P31648,0.0
P31715,0.0
P31770,0.0
P31810,6207.879072531767
P31815,0.0
P31816,0.0
P31818,0.0
P31848,0.0
P31880,0.0
P31918,244370.1674443329
P31930,7170.383677427111
P32231,41052.09272719707
P32310,38198.57170833963
P32367,0.0
P32444,0.0
P32686,0.0
P32687,228790.62854456838
P32783,0.0
P32925,0.0
P33324,0.0
P33542,0.0
P33584,0.0
P33807,0.0
P33832,0.0
P33850,0.0
P33856,230454.54627823085
P33927,27308.842063441494
P33935,26494.149213892728
P33936,26901.64909862038
P33942,28338.36439205685
P33973,222380.1851902078
P33974,30756.71042489966
P33976,0.0
P33982,41383.700382356474
P34142,0.0
P34143,0.0
P34145,642.4469299234588
P34146,0.0
P34147,0.0
P34148,0.0
P34190,6048.855326806315
P34192,6765.764362206119
P34227,4622.260916787396
P34259,0.0
P34280,0.0
P34281,0.0
P34288,0.0
P34391,0.0
P34393,0.0
P34394,0.0
P34396,0.0
P34397,0.0
P34398,0.0
P34400,0.0
P34401,0.0
P34402,0.0
P34403,0.0
P34404,0.0
P34406,243112.39160251053
P34407,242514.1600560809
P34408,0.0
P34410,0.0
P34414,539.392078981662
P34418,246765.88598392523
P34419,1359.1570223345407
P34421,1368.2240479470202
P34422,0.0
P34425,0.0
P34426,0.0
P34430,0.0
P34432,0.0
P34433,0.0
P34435,0.0
P34436,0.0
P34437,0.0
P34438,0.0
P34440,0.0
P34442,0.0
P34443,0.0
P34452,0.0
P34454,0.0
P34455,0.0
P34456,0.0
P34458,236625.06649357427
P34459,239804.76247925288
P34462,0.0
P34463,238304.99249727768
P34464,0.0
P34465,0.0
P34466,0.0
P34471,4590.103789644647
P34515,0.0
P34516,0.0
P34521,0.0
P34522,0.0
P34527,0.0
P34528,0.0
P34529,0.0
P34562,0.0
P34629,0.0
P34723,0.0
P34760,274079.52660124045
P34854,0.0
P34856,0.0
P34857,0.0
P34870,0.0
P34879,3714.6362239036316
P34889,0.0
P34891,0.0
P34896,0.0
P34898,135.79332384674854
P34899,0.0
P34901,0.0
P34902,0.0
P34959,0.0
P35002,0.0
P35040,0.0
P35078,0.0
P35081,0.0
P35098,0.0
P35167,0.0
P35169,0.0
P35171,0.0
P35238,217791.41652790539
P35275,220607.74207056966
P35309,0.0
P35312,0.0
P35313,0.0
P35317,0.0
P35318,0.0
P35321,0.0
P35323,6175.6344148318785
P35325,5669.71833085841
P35327,18342.145047480404
P35328,3798.7716556054766
P35330,21448.970128474626
P35334,0.0
P35335,0.0
P35336,0.0
P35337,0.0
P35338,0.0
P35340,13455.882124262773
P35342,6448.7655194568615
P35343,2706.2881980208767
P35344,15394.826379946528
P35345,16683.74088207422
P35346,77708.43409750094
P35348,18130.24111225859
P35350,38079.767281467924
P35353,35469.85305319406
P35355,35399.295612518974
P35356,40081.66252738598
P35357,35454.7629140618
P35358,39009.57825620736
P35359,23033.210851796357
P35360,37646.404787943284
P35361,38966.40653497425
P35362,0.0
P35363,40283.478969727505
P35512,38379.08791304989
P35513,0.0
P35514,38254.59137145205
P35515,39922.255392679406
P35516,37974.36273029884
P35518,41381.438009800055
P35644,39034.319681487475
P35972,0.0
P35973,242806.64808388468
P35974,242945.59400139563
P35976,0.0
P35998,242603.4873534576
P35999,0.0
P36005,0.0
P36007,0.0
P36008,0.0
P36009,0.0
P36013,243655.24931913737
P36017,0.0
P36039,0.0
P36100,0.0
P36165,0.0
P36183,2962.9123030300034
P36184,350.08905243681147
P36199,642.414910997155
P36232,0.0
P36250,0.0
P36268,887.9932335591402
P36281,0.0
P36370,0.0
P36371,0.0
P36412,0.0
P36418,0.0
P36527,0.0
P36529,94.42705597100212
P36567,0.0
P36636,0.0
P36671,45817.30950240792
P36707,45434.75752806
P36708,52959.151855027914
P36710,54695.8698229056
P36724,0.0
P36770,0.0
P36840,0.0
P37038,47370.58542395953
P37059,0.0
P37114,0.0
P37124,0.0
P37131,1060.3120130631032
P37270,0.0
P37286,1498.2398276877138
P37290,2764.958488808901
P37291,2378.844258629724
P37292,907.2954722668728
P37295,0.0
P37297,850.5198254505594
P37298,0.0
P37299,240244.48361571998
P37302,0.0
P37303,0.0
P37304,0.0
P37305,0.0
P37306,0.0
P37314,241917.280715291
P37317,242303.14195153592
P37319,0.0
P37322,0.0
P37323,0.0
P37326,0.0
P37328,241641.1454457258
P37329,0.0
P37330,0.0
P37360,1879.7770970776
P37362,245195.3370837262
P37363,2114.2587397213865
P37366,0.0
P37369,241886.2058580192
P37371,0.0
P37372,707.6367469834222
P37375,2316.717575109393
P37376,244717.48050869803
P37377,1374.9956509069307
P37378,245785.26330520585
P37379,0.0
P37381,247762.32605902554
P37460,3030.2586675815874
P37513,0.0
P37562,1261.8428481437004
P37563,244334.40398568328
P37564,0.0
P37566,0.0
P37584,247970.25359394716
P37585,1455.643017580358
P37586,1647.0228900682778
P37588,1229.3304114214916
P37589,2747.639821136134
P37590,2138.159235916726
P37591,2424.672293276304
P37593,0.0
P37615,0.0
P37616,0.0
P37618,0.0
P37619,0.0
P37635,242270.03731078203
P37637,0.0
P37638,819.1271339649647
P37641,778.4251529459434
P37642,0.0
P37644,0.0
P37645,242298.60433441336
P37648,242279.97290539107
P37650,241806.22464251457
P37651,241541.4538255728
P37653,240968.72329804365
P37654,241847.75372009404
P37657,0.0
P37658,0.0
P37660,0.0
P37661,0.0
P37676,0.0
P37677,0.0
P37680,0.0
P37681,0.0
P37682,0.0
P37683,0.0
P37684,0.0
P37687,0.0
P37689,0.0
P37757,0.0
P37765,2870.4048741416664
P37768,248215.46203368338
P37770,246379.06874183414
P37771,1797.5526811181517
P37772,245920.391948297
P37773,242374.1157864252
P37774,1975.0664982885974
P37775,247016.4584366059
P37778,241504.91231745528
P37782,240370.30778491357
P37784,243441.28241119074
P37787,243339.9451980837
P37790,242250.78390971586
P37792,0.0
P37794,241014.50611144723
P37795,237544.8608011793
P37796,237335.82739056615
P37798,241456.09158846745
P37799,0.0
P37801,0.0
P37802,0.0
P37803,0.0
P37809,0.0
P37810,238544.33496989222
P37811,0.0
P37814,242626.4898122227
P37815,242826.57617408712
P37816,241895.53543557008
P37827,0.0
P37828,261.1090255128147
P37842,0.0
P37843,0.0
P37849,0.0
P37853,0.0
P37909,0.0
P37952,45569.32184929311
P38217,230951.00525676474
P38238,0.0
P38329,10227.027682421402
P38333,14084.798156136643
P38361,7291.834006342931
P38364,7120.254174615493
P38377,8466.221095938956
P38404,7569.384630354631
P38469,0.0
P38470,0.0
P38473,0.0
P38474,0.0
P38478,0.0
P38504,0.0
P38576,0.0
P38580,0.0
P38644,3985.9219016511597
P38706,567.1992728290606
P38707,194.5695061396982
P38721,3539.9917249617247
P38732,22.716244338214892
P38736,4055.865313490398
P38738,0.0
P38746,40.21956033380775
P38748,322.0467256529664
P38749,0.0
P38750,0.0
P38751,0.0
P38756,0.0
P38758,1088.8281200890851
P38765,0.0
P38769,7927.338248713946
P38776,0.0
P38777,297.1898535483451
P38782,7029.67213164187
P38797,2196.5986769044684
P38845,6531.198494022166
P38961,28022.702226851583
P38986,7169.752458517549
P38987,13189.915730931798
P39061,7776.710120525768
P39141,230993.1915529495
P39146,0.0
P39153,0.0
P39161,0.0
P39162,0.0
P39285,7758.138357236909
P39445,24361.25553241886
P39535,27288.567151756546
P39600,6910.371702958444
P39620,0.0
P39633,1437.2155741771203
P39645,5468.507733258204
P39646,4390.47501391745
P39647,6332.2489993595955
P39748,200.34934220965442
P39753,0.0
P39764,238560.6495778305
P39777,534.2385468245557
P39781,835.6255872953807
P39786,0.0
P39787,2793.1179267261905
P39797,0.0
P39798,0.0
P39806,297.1886730698534
P39809,0.0
P39812,0.0
P39813,0.0
P39818,0.0
P39820,1905.1260794447662
P39824,231.47282977008217
P39834,148.8716929000875
P39835,1158.8694500797028
P39836,0.0
P39841,586.6323638992326
P39844,0.0
P39863,1694.3877474329493
P39928,0.0
P39937,25769.906862611
P39940,31570.850355572904
P39943,17238.718591748773
P39944,21180.235227475776
P39945,19783.86899377014
P39949,36412.22568800791
P39951,38767.9298154961
P39968,29463.938054675236
P39976,33175.71756165543
P39978,31766.72570112342
P39980,31583.463226496227
P39982,37949.60150165239
P39984,37577.64005478991
P39988,39042.957591835606
P39990,0.0
P39992,22986.29796626987
P39994,0.0
P39996,0.0
P39997,0.0
P39998,0.0
P40000,0.0
P40002,0.0
P40007,0.0
P40008,19420.303939166988
P40010,0.0
P40012,0.0
P40018,0.0
P40019,38739.07960218122
P40103,18825.244434771186
P40104,14808.19488490119
P40105,16616.564719666512
P40107,11779.373388943603
P40108,11785.589653790305
P40109,11057.04168967169
P40112,12934.707491854922
P40114,10470.901427088644
P40116,7548.236241156825
P40117,10590.687502185909
P40118,10608.428586991871
P40122,13299.5827475533
P40124,16940.906261613396
P40126,14851.177126868457
P40127,62507.372249654276
P40131,4208.762004334225
P40132,6235.778679605184
P40134,7791.597509256517
P40135,6868.581878466612
P40137,247809.58164502613
P40138,20822.84643751783
P40140,20015.24524225082
P40142,21142.029384752634
P40143,8488.133087868195
P40144,0.0
P40145,1870.0495056051877
P40146,543.9002807399193
P40148,9226.768889256204
P40150,10441.955994220207
P40158,0.0
P40159,41323.105146051494
P40160,0.0
P40161,37725.00033215493
P40162,229980.73153722362
P40163,232060.2089796826
P40165,0.0
P40166,4017.6965994107304
P40167,0.0
P40170,4469.986730891855
P40171,0.0
P40172,1113.7205776631272
P40173,11862.571876927988
P40174,13861.539256557831
P40177,10930.756579049399
P40178,6747.341495519962
P40179,14585.986772669168
P40181,10027.433400657395
P40182,11487.641667115697
P40183,21867.470968847276
P40190,14459.466523271967
P40196,13811.671115678373
P40198,14736.024776713824
P40199,14059.223039171886
P40201,12360.040943293267
P40203,18235.689934413007
P40206,25840.147381492796
P40218,0.0
P40219,0.0
P40220,0.0
P40221,0.0
P40223,0.0
P40224,0.0
P40226,10938.182462164505
P40228,18243.98533911092
P40229,19348.76295847044
P40230,19517.287192874817
P40232,11924.482786623972
P40234,12014.52964239568
P40236,8532.576752947472
P40237,9903.313404652825
P40238,9386.277471842233
P40240,257129.84249168437
P40241,17539.60857328986
P40243,6130.779233523121
P40244,14198.321068896235
P40245,14380.870819034933
P40246,249402.85568758086
P40248,5215.133928517818
P40249,257747.2996894606
P40251,3825.198663956504
P40252,257177.24925948455
P40253,11181.499702732637
P40254,12764.390551843566
P40255,11835.676127915181
P40256,21298.313708443544
P40257,13719.429542465828
P40258,13257.856730431042
P40259,12976.34702793133
P40261,254519.83351219477
P40262,7898.163522346658
P40264,5654.554491603973
P40265,11907.308817448416
P40268,10004.869262917626
P40271,11730.506097712527
P40273,16779.27390607058
P40274,253894.67051476586
P40275,249632.22816239955
P40276,6461.090696093361
P40277,12656.225277829684
P40278,256786.59101820146
P40281,11999.318265467979
P40282,10275.621738065369
P40283,254397.59543423934
P40284,18075.031262074415
P40285,24879.672422749398
P40289,23012.31658889316
P40291,19990.839801800746
P40293,14379.135031519067
P40294,15992.157321663855
P40295,16427.39628773462
P40297,15189.197331346875
P40298,14856.225367435252
P40324,0.0
P40325,0.0
P40326,0.0
P40328,0.0
P40329,0.0
P40331,0.0
P40332,0.0
P40333,0.0
P40334,0.0
P40335,0.0
P40336,0.0
P40339,0.0
P40341,34620.544534534216
P40343,18452.582661727625
P40345,15653.976246843213
P40346,16962.039018779287
P40348,14081.702152480319
P40349,14422.078574226432
P40352,23682.373967815223
P40358,33648.01203133754
P40361,0.0
P40363,0.0
P40365,0.0
P40366,0.0
P40368,0.0
P40370,0.0
P40371,0.0
P40373,0.0
P40374,0.0
P40375,0.0
P40376,0.0
P40377,32998.44537389295
P40379,30530.343846874224
P40381,0.0
P40383,0.0
P40384,0.0
P40385,0.0
P40386,0.0
P40387,0.0
P40556,2170.0037403492133
P40563,0.0
P40601,2675.9144590288306
P40618,3402.8329784496163
P40627,0.0
P40657,25996.621821611898
P40658,31582.463891929994
P40659,32039.678611874253
P40660,33388.292356177924
P40662,28341.461116439194
P40667,31754.826704810162
P40668,31121.774544653825
P40669,27639.51735123135
P40672,28874.776632757974
P40673,30641.28529130277
P40674,32355.32568067205
P40675,34863.541673852924
P40677,36156.95566835279
P40688,36313.987172998364
P40690,33952.58394061969
P40693,32188.63988045667
P40694,32445.944528522923
P40697,15745.520472408434
P40698,13267.81640341708
P40700,16338.245778338893
P40701,10348.017365147844
P40702,13205.177973271562
P40703,8941.95589830833
P40705,8600.049435666904
P40706,10769.013433035858
P40707,256631.2603827892
P40708,250650.52968831867
P40709,16915.581164143867
P40711,13737.795668424053
P40714,5672.403701676689
P40716,9934.52444799398
P40719,33626.770463944005
P40720,32837.36029765705
P40721,36029.44447482385
P40724,35152.877544375195
P40726,35936.31605967458
P40727,33492.889411294535
P40729,33791.51982309132
P40730,33604.92308928802
P40731,283299.31989066524
P40732,37523.64389753762
P40733,284469.0238876843
P40747,0.0
P40749,0.0
P40757,0.0
P40758,0.0
P40759,0.0
P40760,0.0
P40763,0.0
P40775,0.0
P40776,0.0
P40808,234117.48682307496
P40864,2601.8750880172665
P40880,0.0
P40881,2187.9718466480226
P40890,0.0
P40914,1078.0766915734675
P40915,395.54659162416647
P40929,0.0
P40955,13833.567872386237
P40966,39596.49204109212
P40967,31810.120894455496
P40968,36426.23143359347
P40978,12659.794540249808
P41086,36956.223598933895
P41090,37208.370021257964
P41156,0.0
P41185,0.0
P41232,236114.92362447063
P41234,31057.84207991137
P41235,37249.376026619895
P41240,0.0
P41241,0.0
P41243,0.0
P41246,0.0
P41249,0.0
P41262,0.0
P41330,0.0
P41331,0.0
P41334,40381.0599991769
P41335,41624.17558267477
P41336,0.0
P41338,0.0
P41340,2745.2042674610966
P41343,1889.428664178089
P41344,7764.009111645279
P41345,0.0
P41347,235381.84577669902
P41348,0.0
P41354,0.0
P41356,232627.4159805714
P41357,0.0
P41359,0.0
P41360,0.0
P41361,0.0
P41362,236753.13030532538
P41374,41727.48631086889
P41375,44881.72376155425
P41377,44696.17187486181
P41382,50820.16883805587
P41408,0.0
P41429,0.0
P41434,0.0
P41437,0.0
P41439,0.0
P41442,388.7883597042601
P41470,1992.4369307567395
P41535,0.0
P41593,0.0
P41596,0.0
P41613,0.0
P41715,0.0
P41741,6818.408776395801
P41756,0.0
P41764,1338.9100331122754
P41769,61.69191281525491
P41812,6715.8603311782645
P41816,0.0
P41830,0.0
P41849,0.0
P41851,0.0
P41866,6568.21064117266
P41872,0.0
P41873,2137.230253761838
P41875,0.0
P41876,0.0
P41878,3162.777385528352
P41890,0.0
P41893,0.0
P41925,0.0
P41926,0.0
P41929,6130.261857524114
P41930,4954.097256531
P41932,0.0
P41935,1498.1627269543642
P41937,613.2607222920924
P41939,9881.43900991767
P41940,5342.746703179288
P41941,1023.5686724945954
P41947,2650.321938905774
P41949,1229.7479942538557
P41950,0.0
P41951,0.0
P41953,0.0
P41963,1769.404817562503
P41965,0.0
P41967,233.20572991664085
P41968,0.0
P41971,1388.0943614086646
P41973,2430.2295505394904
P41977,0.0
P42030,0.0
P42046,0.0
P42100,234926.75634014112
P42104,46273.80720578585
P42235,235775.52070705823
P42300,10174.068271372169
P42329,4877.4451167378575
P42354,0.0
P42418,85.94890100208431
P42430,0.0
P42432,238959.32847750807
P42434,0.0
P42437,0.0
P42439,0.0
P42444,0.0
P42445,0.0
P42446,2666.742450905269
P42448,0.0
P42458,3948.56812081148
P42459,3848.9784481404276
P42460,1850.2645736158447
P42461,1095.932753576988
P42463,0.0
P42470,0.0
P42480,0.0
P42488,0.0
P42489,1097.3519626319685
P42491,2808.782867116297
P42493,3163.6120770169546
P42503,2067.154839480747
P42508,292.2581437341578
P42514,0.0
P42521,576.8881783634897
P42523,0.0
P42528,5027.620095476104
P42530,3560.673463318264
P42531,1107.0294539917013
P42533,4700.521856266932
P42536,3482.750136204115
P42537,4258.766600115388
P42538,3711.865245334273
P42545,0.0
P42554,0.0
P42556,3199.5510484936385
P42558,0.0
P42559,1384.681789870774
P42560,0.0
P42562,2271.41207754449
P42570,3211.4886161762806
P42575,4438.0578925455775
P42578,3344.196416648563
P42586,1559.2671507828964
P42706,4344.05270254951
P42721,47012.531993600736
P42793,30884.939902473285
P42794,33305.01749575165
P42796,276491.4477006004
P42822,32292.602509049335
P42824,0.0
P42855,0.0
P42869,0.0
P43033,0.0
P43065,231652.1885221445
P43090,40678.38032469088
P43132,0.0
P43186,0.0
P43187,215417.04113164637
P43391,0.0
P43480,0.0
P43517,231396.73178918156
P43639,227593.52731057958
P43710,27631.963118036154
P43804,200520.79128417966
P43808,0.0
P43824,0.0
P43849,0.0
P43850,0.0
P43906,0.0
P43909,0.0
P43916,216492.71672983575
P43943,0.0
P43946,0.0
P43979,0.0
P43989,34477.7549112429
P44020,33496.97036923594
P44024,33613.33372725507
P44027,5284.837626390941
P01033,0.0
P01063,38768.22188545335
P01079,0.0
P01106,74835.36506732253
P01156,36430.12856560857
P01162,0.0
P01197,0.0
P01206,0.0
P01239,4572.960622452203
P01303,4632.043002031107
P01314,30778.20248006712
P01315,32463.68898265185
P01332,27765.901965755616
P01379,0.0
P01443,39245.26444160528
P01463,35254.76789139175
P01502,48235.98605197776
P01510,2789.3720448171152
P01576,0.0
P01623,41452.67538308135
P01626,32652.62411325505
P01637,0.0
P01638,48995.32423633455
P01648,0.0
P01664,230764.23111999928
P01667,6743.401182609345
P01718,0.0
P01741,24318.623493989653
P01749,0.0
P01753,0.0
P01757,0.0
P01766,0.0
P01770,0.0
P01776,994.056265166364
P01812,39416.30475888526
P01816,0.0
P01841,40212.742863771164
P01844,34041.614491659464
P01859,0.0
P01860,223037.15711724528
P01879,0.0
P01889,0.0
P01918,39761.17531266439
P01923,40343.03587240656
P01934,0.0
P01962,0.0
P01981,48516.52792410899
P01999,0.0
P02025,0.0
P02037,0.0
P02040,0.0
P02053,9780.862744480663
P02075,38430.03387426904
P02077,29747.640563234047
P02095,209970.82956762202
P02124,23539.111968628065
P02152,46903.65994135375
P02159,23042.72267231547
P02165,219962.78147616875
P02178,35751.56738499148
P02206,0.0
P02228,52083.651852501775
P02232,15216.943695332257
P02241,689.5316880608407
P02284,48110.24776772286
P02285,48959.30601169163
P02408,0.0
P02423,0.0
P02435,45485.82043284684
P02442,43021.965985626695
P02459,0.0
P02508,0.0
P02521,14569.477402388393
P02535,0.0
P02536,164.21443751446714
P02541,12684.506873964538
P02546,40367.16126343036
P02580,43458.651615982424
P02586,0.0
P02685,0.0
P02689,39.37361932930435
P02805,0.0
P02808,0.0
P02812,0.0
P02852,0.0
P02863,0.0
P02886,218365.0125041876
P02887,226376.75057356336
P02888,0.0
P02913,0.0
P02921,3974.036129191514
P02923,3085.6613482704743
P02978,217912.92984447567
P02982,0.0
P03028,22493.056961852002
P03068,0.0
P03070,0.0
P03157,0.0
P03178,49372.7512238871
P03201,0.0
P03213,0.0
P03225,0.0
P03332,266340.0132145094
P03337,0.0
P03343,0.0
P03352,0.0
P03369,18975.947975732262
P03439,0.0
P03444,23173.266841248093
P03452,0.0
P03458,0.0
P03459,0.0
P03461,0.0
P03462,0.0
P03463,0.0
P03578,0.0
P03602,40324.94204512135
P03628,0.0
P03631,0.0
P03654,0.0
P03675,0.0
P03684,1472.5956931039073
P03696,35170.101621738395
P03724,0.0
P03751,0.0
P03772,0.0
P03786,23281.26130431417
P03808,0.0
P03809,0.0
P03815,29217.539261782975
P03908,0.0
P03923,35850.18667711652
P03933,0.0
P03934,0.0
P03935,0.0
P03979,5548.279077853811
P04044,45416.17394675549
P04051,38589.907193922445
P04070,0.0
P04101,41750.22788693952
P04108,0.0
P04127,36770.15900637004
P04133,27232.316010303268
P04143,31013.80339472878
P04161,36395.71219292434
P04164,38852.578234079476
P04169,31382.561468725355
P04213,38253.972543211814
P04251,0.0
P04273,42700.67751286144
P04285,39222.56652177844
P04291,42532.86916641696
P04329,20955.406205863062
P04334,0.0
P04386,230553.723343949
P04387,0.0
P04393,0.0
P04394,0.0
P04396,0.0
P04398,0.0
P04403,211795.1227358011
P04408,34719.891943822804
P04421,13267.623753757138
P04434,0.0
P04466,24744.13248224604
P04525,14945.920915987224
P04531,1185.0704400018294
P04560,0.0
P04564,40311.615536197976
P04567,43863.93108412757
P04570,35096.93310013088
P04598,0.0
P04599,0.0
P04689,33381.84094172263
P04690,41645.6478302309
P04691,0.0
P04697,0.0
P04700,0.0
P04736,0.0
P04758,30516.12303032665
P04771,0.0
P04830,0.0
P04831,0.0
P04834,41468.3330842738
P04836,42796.9226367556
P04873,0.0
P04900,0.0
P04901,0.0
P04909,0.0
P04924,0.0
P04960,38938.76557049747
P04964,2948.156396813767
P04966,445.6997812367772
P04970,228041.52908237348
P05039,0.0
P05049,21045.28736423729
P05059,0.0
P05081,31782.697329738417
P05097,0.0
P05098,0.0
P05099,8565.758623802001
P05107,0.0
P05109,43315.77517534224
P05112,0.0
P05113,0.0
P05114,0.0
P05136,54863.644311316115
P05138,41250.75590850494
P05141,0.0
P05142,49564.7693722128
P05143,41960.0360032962
P05148,0.0
P05149,0.0
P05156,0.0
P05258,0.0
P05283,0.0
P05284,0.0
P05286,0.0
P05288,50202.667938298866
P05291,8997.37613392438
P05292,11768.710192597284
P05302,0.0
P05362,25388.39450691184
P05392,0.0
P05394,0.0
P05408,0.0
P05441,0.0
P05443,44769.13836786547
P05455,0.0
P05460,0.0
P05537,0.0
P05556,35985.13854023084
P05558,33489.84447808517
P05704,0.0
P05705,0.0
P05712,0.0
P05716,0.0
P05762,21398.667258618174
P05768,16996.317546267615
P05797,0.0
P05801,0.0
P05805,0.0
P05812,0.0
P05838,7575.122438631952
P05864,50032.04264948618
P05907,216463.93901591693
P05944,0.0
P05949,45911.23026825166
P05951,5982.15300701289
P05968,22738.93034429206
P05977,33941.15951633639
P06069,41873.6558905243
P06079,46788.042374674165
P06086,0.0
P06087,0.0
P06088,0.0
P06145,265123.84868323524
P06151,22809.971890931276
P06159,29573.250216869194
P06170,260110.24240997148
P06171,19242.79771004835
P06187,0.0
P06201,37151.18813608951
P06230,24727.325847841592
P06236,4549.614844216718
P06273,0.0
P06343,46363.10811459468
P06344,49381.404880095615
P06352,1845.4615975391134
P06376,194429.661844863
P06378,10030.52244349186
P06379,0.0
P06380,12464.247567365383
P06383,211733.81780575676
P06385,0.0
P06386,0.0
P06387,0.0
P06388,0.0
P06399,0.0
P06402,13037.422843811533
P06403,187650.89422304177
P06404,15027.149809637742
P06405,5840.861963974654
P06408,17294.64334963568
P06411,0.0
P06413,0.0
P06416,0.0
P06418,0.0
P06420,0.0
P06421,0.0
P06423,0.0
P06428,0.0
P06430,0.0
P06447,0.0
P06448,0.0
P06573,0.0
P06870,0.0
P07133,44236.076210330735
P07139,38921.863249591
P07154,206340.75931329775
P07158,204739.7570896443
P07159,38710.13889433655
P07160,220579.88129814618
P07257,38935.53056816205
P07259,35159.89208778424
P07293,28860.885595968735
P07294,35944.10415584168
P07298,0.0
P07299,0.0
P07506,0.0
P07544,218038.7320402471
P07546,219188.70724841894
P07547,0.0
P07555,219390.42815471577
P07556,0.0
P07559,221895.3378419887
P07568,27076.871281209216
P07573,215121.7615716236
P07576,30426.188066019742
P07578,32968.830380187675
P07580,0.0
P07583,0.0
P07589,217594.12986201822
P07590,214698.8085129009
P07595,23229.862648225517
P07598,0.0
P07599,217175.14825543392
P07600,220832.5630061392
P07601,197617.28122019614
P07617,0.0
P07619,218843.98279441224
P07623,220938.61418269924
P07625,221892.219567913
P07627,37789.141639287795
P07633,19665.600375650356
P07640,0.0
P07641,22301.195528350785
P07645,201851.31081656614
P07646,196065.45468413766
P07655,0.0
P07656,19759.24814695847
P07657,0.0
P07683,211489.04427952334
P07684,211454.46860025177
P07692,0.0
P07694,0.0
P07696,0.0
P07698,0.0
P07702,0.0
P07708,211546.6082575804
P07709,213176.97241968615
P07776,0.0
P07777,0.0
P07778,0.0
P07780,188829.4085697531
P07783,0.0
P07784,213705.4860883009
P07790,0.0
P07994,0.0
P07996,0.0
P07997,0.0
P07998,0.0
P08000,34283.60781551175
P08005,0.0
P08006,34492.66020444973
P08009,31159.943456255576
P08012,34694.372907483164
P08014,27394.39982438583
P08171,31164.993035024865
P08172,34920.583111407366
P08181,208640.09311610035
P08187,205310.8094158795
P08188,0.0
P08189,213592.60206380856
P08191,0.0
P08194,0.0
P08196,0.0
P08200,209657.58985960274
P08201,201346.25416935104
P08203,0.0
P08217,0.0
P08222,0.0
P08225,0.0
P08241,198438.23559320538
P08242,0.0
P08243,0.0
P08281,37576.9028499679
P08320,0.0
P08322,216222.62761240936
P08338,213655.26866796333
P08340,216286.79132105786
P08344,0.0
P08346,0.0
P08348,0.0
P08350,0.0
P08353,220139.21200923578
P08356,30770.248181594878
P08357,0.0
P08359,208096.21437449582
P08363,0.0
P08364,0.0
P08365,0.0
P08367,0.0
P08368,25277.594313891288
P08369,0.0
P08374,208055.9191947319
P08379,37749.40286359737
P08380,36817.484790419505
P08383,0.0
P08387,25599.698239778165
P08388,31337.175878902803
P08390,24327.423114821337
P08392,36987.22535989295
P08396,0.0
P08399,215757.95773824237
P08400,0.0
P08401,0.0
P08404,207390.1264345813
P08405,0.0
P08406,0.0
P08408,0.0
P08411,42359.33219322112
P08412,41222.503371332765
P08446,211970.6142324686
P08448,221575.5877502548
P08450,208645.81087057764
P08463,0.0
P08476,0.0
P08481,0.0
P08489,0.0
P08501,0.0
P08502,0.0
P08524,0.0
P08526,0.0
P08527,0.0
P08587,0.0
P08593,210572.3538373879
P08602,0.0
P08604,218501.77633059293
P08609,21387.567653688464
P08615,203214.4146733964
P08616,202411.6258294298
P08617,206149.40778323074
P08620,214152.06625721953
P08624,0.0
P08625,0.0
P08626,15339.322169424124
P08633,0.0
P08639,0.0
P08641,209586.06700236417
P08644,210639.87334337924
P08648,210733.91235584658
P08650,0.0
P08655,0.0
P08656,208294.1998364896
P08657,0.0
P08659,0.0
P08660,0.0
P08749,0.0
P08785,0.0
P08789,0.0
P08792,0.0
P08793,208952.097556914
P08796,0.0
P08797,0.0
P08801,0.0
P08803,0.0
P08804,0.0
P08805,0.0
P08807,0.0
P08809,0.0
P08810,0.0
P08812,0.0
P08815,0.0
P08816,0.0
P08817,0.0
P08820,0.0
P08821,0.0
P08822,0.0
P08828,0.0
P08829,0.0
P08830,0.0
P08831,0.0
P08832,203120.38112081902
P08834,211314.10413151805
P08835,211880.6095751639
P08837,215724.99464759417
P08842,0.0
P08843,0.0
P08844,0.0
P08847,206059.7559440721
P08849,211715.43713204065
P08850,0.0
P08851,0.0
P08852,0.0
P08853,0.0
P08856,0.0
P08859,0.0
P08998,0.0
P08999,0.0
P09002,0.0
P09004,0.0
P09009,0.0
P09030,0.0
P09031,0.0
P09033,0.0
P09034,0.0
P09036,0.0
P09037,0.0
P09038,0.0
P09040,0.0
P09053,0.0
P09055,201262.22521596277
P09056,199309.2069258879
P09058,211981.48679965307
P09060,210056.10531587695
P09061,0.0
P09074,0.0
P09077,0.0
P09078,0.0
P09080,0.0
P09082,0.0
P09085,0.0
P09088,0.0
P09089,0.0
P09094,0.0
P09097,0.0
P09099,0.0
P09101,0.0
P09104,0.0
P09107,194080.56372763432
P09112,37523.204422662915
P09114,219362.15169712293
P09115,195893.39487540687
P09116,210726.6596249524
P09120,0.0
P09121,0.0
P09126,203869.16186576238
P09138,190443.2268713411
P09141,191794.81050192076
P09145,38451.78143931275
P09146,41055.04095541325
P09173,0.0
P09194,0.0
P09196,0.0
P09197,36334.63366202162
P09202,0.0
P09203,39145.682802586874
P09210,0.0
P09346,0.0
P09353,0.0
P09359,0.0
P09362,0.0
P09368,25604.24359502807
P09373,0.0
P09375,0.0
P09377,0.0
P09378,0.0
P09379,0.0
P09382,0.0
P09384,0.0
P09385,0.0
P09386,0.0
P09388,0.0
P09389,0.0
P09390,0.0
P09391,217968.72804855663
P09393,42718.18604295538
P09395,47308.06682045767
P09396,34082.83583860182
P09398,216249.903339095
P09399,0.0
P09400,213671.60743905857
P09401,34516.324630782925
P09449,36290.545295580036
P09450,37930.021974490395
P09452,34339.56463732493
P09453,0.0
P09454,0.0
P09455,26344.31444742369
P09457,0.0
P09458,0.0
P09460,0.0
P09461,0.0
P09464,0.0
P09465,0.0
P09473,19822.994460068494
P09474,28918.359302631117
P09477,27929.968994922958
P09479,37063.040573702354
P09482,31902.01644383564
P09484,211720.74740252877
P09487,0.0
P09488,0.0
P09489,206295.80606093525
P09493,0.0
P09495,0.0
P09496,0.0
P09500,0.0
P09501,0.0
P09505,0.0
P09506,0.0
P09507,0.0
P09509,0.0
P09510,0.0
P09519,0.0
P09522,0.0
P09524,0.0
P09526,0.0
P09527,0.0
P09529,0.0
P09530,0.0
P09533,0.0
P09534,0.0
P09538,0.0
P09541,0.0
P09542,0.0
P09543,0.0
P09546,0.0
P09565,0.0
P09567,210527.4108751892
P09570,0.0
P09571,0.0
P09590,0.0
P09591,0.0
P09592,0.0
P09593,0.0
P09595,199547.0979851143
P09596,31046.31818145393
P09597,36088.43647108986
P09602,27610.083219766868
P09603,0.0
P09604,0.0
P09606,0.0
P09609,0.0
P09612,31286.73420638881
P09614,20856.778275430894
P09615,0.0
P09616,25170.498718211944
P09617,29310.577332115474
P09620,28254.236661339703
P09621,0.0
P09624,0.0
P09824,0.0
P09906,0.0
P09909,0.0
P09910,0.0
P09911,1024.618453608291
P09912,4542.411006831484
P09913,0.0
P09914,0.0
P09915,0.0
P09916,0.0
P09918,0.0
P09919,0.0
P09920,0.0
P09928,3881.403602448492
P09992,0.0
P09997,0.0
P09998,0.0
P10012,3944.2273758309966
P10014,2931.036066802095
P10017,321.24334236260256
P10018,3443.5425358543143
P10019,4510.76476468207
P10020,7965.070966012547
P10023,3375.9725833063058
P10028,3929.5204379647876
P10029,3513.9883455024537
P10030,4154.364135976459
P10036,5516.24367037051
P10037,5213.896321843407
P10040,10397.090544513636
P10156,0.0
P10176,0.0
P10213,36281.04332166674
P10215,32689.03146996485
P10216,35919.086435312965
P10220,31612.138227698964
P10221,35863.59596329993
P10366,0.0
P10393,0.0
P10394,0.0
P10404,4607.39491998716
P10405,3286.510152739087
P10426,35331.05941482134
P10431,26977.028724495878
P10432,28794.480855222442
P10434,21702.106800028756
P10435,20118.409153942634
P10437,28431.861350808485
P10449,39704.641764715314
P10531,2848.1567689687145
P10628,1343.5814984692151
P10629,1989.1401281949256
P10630,2954.6655652093395
P10632,3219.175920908783
P10637,2876.784840801345
P10666,252742.69302994164
P10670,23660.69452346472
P10673,23644.9276775425
P10680,29674.74379232045
P10681,26668.19210996192
P10682,29878.88623040937
P10684,33269.06134067454
P10685,35928.65460080435
P10690,32776.32023728201
P10691,17059.111517943573
P10692,16905.560760780107
P10704,23949.35002336224
P10715,26434.21462455191
P10734,35697.26453643698
P10735,28362.2445940124
P10736,22716.522372976622
P10744,33202.79574212161
P10745,36384.83638338765
P10767,9718.814611767142
P10775,0.0
P10777,2640.0356902875465
P10778,41.07404498648248
P10780,10655.502211526835
P10782,261.168077095419
P10783,2133.461714511508
P10784,0.0
P10785,0.0
P10786,8893.699253836
P10791,0.0
P10793,0.0
P10797,1142.7348680855757
P11065,0.0
P11086,5026.554971161775
P11117,54540.79120229878
P11171,10035.714468312432
P11233,0.0
P11236,0.0
P11241,0.0
P11246,0.0
P11248,0.0
P11249,0.0
P11252,0.0
P11255,0.0
P11256,1136.3169527356076
P11259,15.265469292833586
P11260,0.0
P11263,3974.7492982556287
P11287,0.0
P11290,0.0
P11292,222740.37931753372
P11293,220872.67657144446
P11297,0.0
P11318,0.0
P11323,0.0
P11326,0.0
P11328,0.0
P11330,0.0
P11331,0.0
P11333,5886.774241452164
P11336,11028.201587581176
P11337,12067.664683906558
P11338,12965.54299610466
P11422,0.0
P11507,4239.393354580636
P11508,2608.8303858547224
P11513,1834.469768768704
P11518,0.0
P11520,0.0
P11568,25506.338374916017
P11588,40921.754376847566
P11683,0.0
P11702,0.0
P11765,541.8297606304368
P11766,1422.4426163385979
P11774,4653.0687042639875
P11777,6900.115155983076
P11779,7019.940111751712
P11780,3270.843264984349
P11782,2553.070570931126
P11783,9069.560805039218
P11787,7012.852415292462
P11788,7107.361098114005
P11789,3925.9460564218643
P11790,3852.933945060744
P11792,7102.701868121778
P11794,7598.3616992524
P11796,5535.610045353755
P11797,250.11572358378544
P11799,2038.5972525158031
P11800,4557.673581319083
P11802,5365.33475961558
P11806,0.0
P11807,1742.8312922537843
P11810,2358.0058592780515
P11812,0.0
P11814,0.0
P11815,0.0
P11824,3609.1577530418035
P11825,5330.526166490919
P11828,4759.703549737045
P11829,0.0
P11830,2556.9479025450273
P11846,5960.876232340219
P11847,6436.226308995276
P11854,0.0
P11865,6829.8480292425265
P11868,3388.6573026506812
P11870,4291.687864194191
P11871,5210.744172991363
P12023,32898.00129362748
P12101,39809.208577766505
P12102,39463.09208395527
P12104,27412.701965088127
P12107,29099.849735914013
P12108,38630.76106597153
P12109,35601.950583420985
P12116,19192.76706207899
P12136,28965.797331242644
P12171,0.0
P12180,2971.0484999058535
P12212,613.9283927164142
P12213,0.0
P12214,0.0
P12215,0.0
P12216,0.0
P12218,0.0
P12230,28670.638528309708
P12233,0.0
P12236,0.0
P12237,0.0
P12238,0.0
P12240,0.0
P12242,0.0
P12243,0.0
P12244,227359.46916834376
P12318,228601.0578938307
P12382,0.0
P12439,0.0
P12440,214778.66710924852
P12444,0.0
P12445,218855.7693297984
P12450,0.0
P12453,0.0
P12459,2791.3984591353546
P12462,3149.608278415246
P12463,2931.7748850051175
P12466,3587.2619716557383
P12469,0.0
P12473,0.0
P12478,0.0
P12482,0.0
P12488,0.0
P12498,7585.598978998467
P12510,5316.985226834204
P12513,7351.638738131427
P12520,0.0
P12522,0.0
P12523,0.0
P12531,5741.643009348001
P12534,4281.469693470513
P12535,5909.66434356957
P12537,4118.158431439959
P12540,10176.615847063564
P12542,6272.71365860408
P12553,0.0
P12555,0.0
P12557,3598.310614898426
P12564,2594.661639301412
P12566,1151.7711331312712
P12571,1124.987287906435
P12572,0.0
P12573,6163.546995386452
P12575,5504.896010156972
P12576,6046.112374841461
P12577,5960.676106809649
P12578,6172.028038158962
P12647,0.0
P12650,32215.147423840725
P12671,214527.64012226474
P12719,0.0
P12784,0.0
P12828,0.0
P12926,0.0
P13011,18796.63820342355
P13013,0.0
P13041,33815.417863382965
P13050,0.0
P13055,0.0
P13059,0.0
P13094,0.0
P13097,0.0
P13098,0.0
P13193,206926.8417496587
P13222,0.0
P13227,0.0
P13459,0.0
P13531,37426.467622687545
P13647,5475.219133541948
P13654,0.0
P13664,7847.279028713721
P13666,2604.075770064166
P13667,9341.552783458359
P13668,9292.52050871092
P13670,4934.092234971267
P13672,2572.6880892205227
P13673,2958.0129410881855
P13674,3014.8950136550447
P13686,2615.5609502087136
P13687,2445.214782256735
P13688,2680.8366235816247
P13689,3186.242606966469
P13690,4287.0538538176515
P13692,3285.974855925884
P13695,2724.289571460562
P13697,3401.105465634846
P13782,33601.06120098271
P13792,43165.07472939837
P13867,3844.889520804849
P13868,6107.045327899563
P13889,17806.449083491145
P13890,20612.816129334497
P13901,3207.0811881967857
P13909,1662.0305801782088
P13910,840.807839039062
P13915,7621.501071305505
P13932,315.52587132979534
P13933,807.2212107022715
P13934,377.4643273239344
P13948,6273.932708014207
P14010,233362.82053675223
P14011,233681.24942019553
P14012,3567.1719255650896
P14014,236704.56389943283
P14018,5227.139945772189
P14020,2157.134812057113
P14021,2040.034498610752
P14025,5914.120528938831
P14026,5586.031466726647
P14027,7284.803976817064
P14029,1509.4520292356538
P14030,0.0
P14089,0.0
P14092,0.0
P14123,230654.57383710355
P14142,0.0
P14410,0.0
P14411,0.0
P14414,0.0
P14682,0.0
P14684,0.0
P14737,49695.08287554537
P14745,0.0
P14785,0.0
P14813,0.0
P14816,0.0
P14821,3945.9562257385514
P14840,2157.8584539383337
P14853,3394.3982841464713
P14854,2212.2017994323287
P14856,1425.3490307275788
P14876,0.0
P14878,2242.9093949941453
P14880,6434.120344637726
P14887,4757.438925216102
P14890,6343.414490851421
P14893,1389.4695884100001
P14898,0.0
P14906,1719.2963440520834
P14920,5255.345733367336
P14921,2572.9894533781007
P14922,4006.759779057673
P14925,4916.375546726107
P14927,5267.7908261462035
P14929,5309.633881163125
P15034,2278.0582819541196
P15035,2261.7136637405456
P15037,326.16928041950086
P15038,1107.9475321978352
P15040,2155.907275488731
P15050,6588.062267836456
P15051,7312.6178450433
P15175,1259.763768238492
P15176,2095.41590732666
P15177,1086.6597958715429
P15183,3386.5797342514234
P15188,0.0
P15191,0.0
P15192,0.0
P15196,0.0
P15197,0.0
P15203,5141.363066530466
P15204,5010.391625514658
P15205,5091.909585993668
P15206,4804.257334258848
P15209,2662.4254995049996
P15210,2522.1529287068297
P15213,0.0
P15216,222401.89143827566
P15218,0.0
P15221,220266.07466067016
P15222,0.0
P15226,4136.309316209099
P15228,4294.726860343086
P15229,4254.06701213411
P15233,0.0
P15235,0.0
P15240,1506.3877000037355
P15313,0.0
P15314,0.0
P15320,0.0
P15324,0.0
P15326,0.0
P15333,0.0
P15335,0.0
P15337,0.0
P15338,223998.71673228522
P15355,4180.261820782216
P15377,7361.256915703303
P15414,0.0
P15446,31320.619159896076
P15551,0.0
P15707,0.0
P15708,0.0
P15709,0.0
P15722,31566.924704520858
P15723,32399.249964526916
P15724,32649.92346370854
P15798,209180.8349461004
P15824,0.0
P15856,33771.026231551674
P15858,29880.190392868324
P15859,389.05932185906204
P15886,0.0
P15890,535.3364789154002
P15891,0.0
P15897,0.0
P15898,38.70057728041138
P15907,6818.861937295835
P15909,1488.7729787229473
P15910,7319.182545564257
P15924,5988.204229962939
P15925,2445.2278142025425
P15926,5622.299423007222
P15927,5471.23227793723
P15970,0.0
P16070,6658.518049047932
P16090,5412.742021773585
P16097,13975.185221570546
P16158,0.0
P16161,8612.804240988855
P16162,7486.046363011537
P16163,4905.5389692553
P16164,8505.960052832408
P16169,2357.9240374979527
P16170,0.0
P16171,0.0
P16173,0.0
P16175,5338.03602016018
P16176,4791.7457947964795
P16177,5021.115036789946
P16178,1499.6600864056527
P16179,4665.851995458099
P16181,3636.105320196406
P16183,5317.750126704541
P16185,4741.548681250559
P16186,5327.384254645767
P16187,5470.487775558773
P16188,7865.487172206038
P16190,0.0
P16193,3008.8682039281266
P16314,0.0
P16315,0.0
P16392,0.0
P16415,0.0
P16491,236709.01517945208
P16493,231643.8238333264
P16494,232472.0764077812
P16495,231591.40633139858
P16496,0.0
P16498,230.63240079151365
P16500,0.0
P16501,0.0
P16503,0.0
P16504,0.0
P16506,0.0
P16507,0.0
P16516,0.0
P16517,0.0
P16519,0.0
P16520,0.0
P16521,0.0
P16522,0.0
P16524,0.0
P16525,0.0
P16526,0.0
P16528,2645.5395083811563
P16529,0.0
P16530,0.0
P16534,233037.5193921076
P16540,121.40673090934433
P16542,0.0
P16544,0.0
P16545,0.0
P16546,0.0
P16548,1202.9892048670154
P16550,5317.462016083704
P16552,5162.097097588165
P16558,241533.55494036266
P16565,8919.552047313755
P16566,9456.227605528464
P16569,8007.915616258793
P16570,7992.896154766029
P16571,242117.0367822832
P16573,7842.165978622092
P16574,9071.64140908209
P16611,0.0
P16643,0.0
P16660,0.0
P16661,3568.009695348592
P16687,34912.946014610934
P16734,4959.894914678207
P16735,5196.267187102545
P16736,4927.448985355917
P16744,9295.81051560157
P16750,8231.533337630342
P16751,7884.559656137437
P16752,7512.8951733255635
P16753,7246.544227001268
P16756,3971.8127037614286
P16757,4764.972493139616
P16758,7186.804446945505
P16762,3182.83598592013
P16763,2443.699499308328
P16787,7450.956680437954
P16788,3837.1167933351935
P16789,5455.720345568192
P16832,678.9340756472884
P16834,0.0
P16867,237933.26221084342
P16893,6640.667620720433
P17133,2218.919021839789
P17136,0.0
P17137,6151.519360025373
P17147,0.0
P17148,0.0
P17149,0.0
P17150,0.0
P17154,0.0
P17246,1217.4036318454928
P17248,3845.062315242172
P17249,3628.8671440447324
P17255,0.0
P17256,816.5239349221847
P17257,5298.194900043261
P17258,0.0
P17261,1513.6182244896918
P17262,2096.222609171131
P17264,4892.757596306012
P17265,8493.64835988653
P17278,0.0
P17287,1195.5090275010807
P17306,0.0
P17308,4665.690288292048
P17309,1384.3315974821562
P17313,0.0
P17314,1280.2490973364183
P17315,0.0
P17317,0.0
P17319,25121.943862852822
P17323,0.0
P17324,0.0
P17325,0.0
P17415,0.0
P17422,2059.6097461598183
P17424,0.0
P17442,0.0
P17444,0.0
P17447,0.0
P17448,0.0
P17479,0.0
P17482,0.0
P17483,0.0
P17486,0.0
P17501,8942.098024243402
P17502,6374.940481562924
P17503,8425.447923430493
P17504,4904.94582568495
P17508,8904.629055848229
P17518,6295.890236598985
P17521,5780.97976933594
P17523,7159.655322459876
P17527,13964.498361463988
P17530,11158.30000817279
P17539,11800.077860195386
P17540,10164.559588476732
P17542,10793.055874969168
P17562,39329.69010972113
P17660,0.0
P17829,0.0
P17855,18474.428379001307
P17856,17241.163041528605
P17857,21325.258494116544
P17927,0.0
P17934,4095.5141011616943
P17964,0.0
P17974,0.0
P17993,0.0
P18049,1561.0680528827725
P18051,0.0
P18053,0.0
P18054,0.0
P18061,2559.488342406519
P18063,0.0
P18065,0.0
P18123,2086.1367923961043
P18127,2286.769060355433
P18128,226155.3015976474
P18156,12912.269820723417
P18157,11874.515594910372
P18159,12534.516470623244
P18161,14072.7230248409
P18191,14266.114606369529
P18194,6664.041025841925
P18195,4996.20283535678
P18211,4829.97303125184
P18217,7754.940852830761
P18225,0.0
P18227,0.0
P18231,0.0
P18253,3349.695030169758
P18258,2091.091613926583
P18259,7790.831510911394
P18261,0.0
P18262,0.0
P18279,10276.617422350113
P18281,10039.2950255252
P18296,0.0
P18300,1802.0503152253295
P18434,0.0
P18460,11294.396744781325
P18519,7326.772383434629
P18522,5540.465718303829
P18557,426.5690950900462
P18558,0.0
P18650,1477.167543387357
P18651,4193.595561017042
P18654,236.65354687921354
P18655,8010.255064867717
P18656,9097.992398525097
P18731,577.4817865461191
P18735,7608.655800049597
P18739,229.1147422779286
P18749,1517.1495215092073
P18752,1661.1749005780694
P18755,1859.3821588680257
P18769,1956.8205485171893
P18771,1653.4559181170735
P18796,26152.075473533747
P19035,3849.806207293659
P19037,6594.413102099676
P19038,5186.19321904871
P19041,2668.3486591233705
P19052,38468.41883375257
P19124,0.0
P19250,0.0
P19252,0.0
P19253,0.0
P19265,0.0
P19282,0.0
P19573,0.0
P19574,0.0
P19590,0.0
P19599,0.0
P19630,0.0
P19680,234768.8654631147
P19684,231952.80791967091
P19685,0.0
P19686,0.0
P19696,1525.3836832193192
P19697,232420.7833892378
P19699,0.0
P19701,231571.3025310622
P19703,3954.6935292066773
P19715,0.0
P19720,1379.7677710993812
P19773,0.0
P19812,0.0
P19813,0.0
P19814,0.0
P19851,5607.932737927342
P19856,0.0
P19860,794.1991340315435
P19861,231221.430883755
P19864,2599.28201760133
P19865,581.464969605353
P19866,2273.9423132395605
P19867,2357.077880710418
P19868,2851.156919218134
P19891,2658.1917009372337
P19894,0.0
P19897,0.0
P19899,0.0
P19905,0.0
P19906,0.0
P19907,0.0
P19908,0.0
P19911,0.0
P19913,0.0
P19915,0.0
P19916,0.0
P19920,0.0
P19925,0.0
P19926,0.0
P19928,0.0
P19938,11650.014815288234
P19941,0.0
P19954,0.0
P19955,298.80547912881593
P19979,912.4094505337307
P20002,3578.967365054272
P20004,2866.366519095005
P20007,302.46055107141365
P20010,2329.4190954843616
P20022,0.0
P20026,0.0
P20036,4644.398850852209
P20040,4459.041357035629
P20041,4565.920320682333
P20042,5312.729680056225
P20047,0.0
P20048,2894.3515244368245
P20049,6972.468689787012
P20050,6745.781760779057
P20053,2556.215869063559
P20066,3936.118615788251
P20068,481.6886206208401
P20129,0.0
P20136,1561.1199310342417
P20141,1772.6855193405463
P20142,2281.0158766459717
P20144,0.0
P20212,5309.735254613737
P20213,5574.232268543139
P20215,5182.24785980922
P20218,3479.0094846096654
P20219,4564.069303862194
P20220,4036.1980896257883
P20221,3467.7121489672354
P20243,3205.007409814174
P20244,3176.996903575782
P20247,3318.2498889002054
P20251,3444.2025018810855
P20260,2807.5484297197945
P20267,0.0
P20269,2275.3388708994717
P20270,0.0
P20272,3198.9060818866055
P20274,2523.884562354222
P20307,240899.3062883104
P20311,8332.839800570917
P20312,9203.314127850077
P20315,8128.096029591488
P20318,7854.930582286259
P20368,0.0
P20387,0.0
P20436,0.0
P20527,276.78490758043336
P20546,0.0
P20665,0.0
P20666,0.0
P20695,0.0
P20725,0.0
P20726,0.0
P20766,0.0
P20786,0.0
P20848,0.0
P20849,0.0
P20855,15484.327536348605
P21016,0.0
P21021,0.0
P21059,44371.09469552852
P21112,3240.761637737942
P21118,923.2030365680803
P21123,3218.516646908829
P21145,0.0
P21150,921.9192354145489
P21151,599.2455103312204
P21160,3285.1242426244753
P21168,2361.4686953970486
P21169,1170.9844471305187
P21172,2182.283370272762
P21174,1338.555494354543
P21179,2351.176387102867
P21183,8328.47663960993
P21185,3442.4728786844353
P21186,2996.968348170052
P21193,2297.657006281155
P21231,0.0
P21243,11411.60873083734
P21247,10532.348870570067
P21249,0.0
P21253,49.08485935768476
P21256,2519.68758480388
P21283,0.0
P21308,573.9961633284729
P21364,27324.150448724
P21379,31668.308178486957
P21381,31004.915481896427
P21384,32249.620725021246
P21388,29714.991804254827
P21392,0.0
P21393,223213.86887393362
P21680,0.0
P21715,0.0
P21921,0.0
P21930,0.0
P21959,7190.657786371281
P21960,5458.39472583295
P21961,7062.78493086309
P21962,6234.421072928024
P21963,238830.2731684176
P21979,0.0
P21988,2440.702916127164
P21989,2578.856658328037
P21990,405.6130872401118
P21991,2387.267603263368
P21992,2662.5170294935415
P21993,2226.3896251333354
P22000,768.8618294032785
P22001,1069.9100449104699
P22003,3436.136801675697
P22004,3096.273332626406
P22005,3308.749108961216
P22006,2920.248235306095
P22007,429.936243275577
P22009,3134.862000146448
P22013,5696.104254929076
P22066,1905.375495385364
P22067,0.0
P22070,3969.866623845999
P22103,5213.099157187069
P22104,2477.1814435056003
P22109,6843.547833190572
P22117,2567.307550277583
P22119,2081.4914290259003
P22122,2448.9429080860646
P22124,3602.98959817578
P22126,2315.17329969025
P22128,2803.829635359576
P22139,2574.7072041637693
P22141,1597.2985733655769
P22143,1817.9550243387093
P22145,2329.460460100203
P22148,6390.967216480083
P22149,3330.0583405899706
P22161,6084.319072835962
P22163,5579.91140263257
P22164,553.5447822772985
P22168,0.0
P22193,0.0
P22202,0.0
P22205,0.0
P22227,1714.1812067392202
P22259,0.0
P22264,0.0
P22265,0.0
P22289,0.0
P22291,0.0
P22293,0.0
P22315,0.0
P22318,0.0
P22321,0.0
P22323,1805.4175885493787
P22324,0.0
P22327,5854.149053786212
P22331,0.0
P22334,0.0
P22338,1866.0282088742388
P22339,236392.55365967468
P22342,3126.7189510465796
P22343,234333.97208736162
P22346,6267.756639212326
P22350,6739.791077127265
P22351,7873.002610645988
P22352,4840.1296569569495
P22354,5919.865865129461
P22355,5759.810429080095
P22356,5030.678662953789
P22357,127.3534571706623
P22358,5411.670506042112
P22359,0.0
P22360,0.0
P22361,0.0
P22364,5187.695100673416
P22368,0.0
P22369,0.0
P22372,0.0
P22373,0.0
P22375,0.0
P22380,0.0
P22383,866.8000402180987
P22384,2517.905223759273
P22388,0.0
P22389,0.0
P22390,0.0
P22391,0.0
P22392,0.0
P22393,0.0
P22394,0.0
P22395,0.0
P22401,0.0
P22403,0.0
P22437,0.0
P22443,213.45624275488808
P22452,0.0
P22455,0.0
P22457,0.0
P22458,351.27661903007174
P22460,0.0
P22467,0.0
P22468,0.0
P22470,9180.894102014365
P22471,636.0592307113111
P22472,14.856965150796896
P22480,909.4744619495868
P22484,1546.4725543923596
P22485,410.08903485152405
P22488,2192.7945947788903
P22489,1411.365580537764
P22491,232144.619058572
P22521,1143.0368705103647
P22540,0.0
P22543,0.0
P22555,0.0
P22557,2402.6656489582056
P22564,0.0
P22654,0.0
P22655,0.0
P22659,0.0
P22660,0.0
P22661,0.0
P22675,215202.18379092688
P22682,0.0
P22689,0.0
P22698,0.0
P23013,0.0
P23099,7021.876349081591
P23100,2639.340092081038
P23104,5650.5912624538905
P23107,7405.792229062023
P23110,6391.557880905919
P23327,25823.05491773826
P23329,26475.073248355897
P23346,5846.366262433934
P23351,0.0
P23361,1778.8586485883243
P23364,1801.9755725456998
P23366,2646.6053210437312
P23367,0.0
P23376,1753.9433054701549
P23385,0.0
P23387,0.0
P23390,678.1892613031487
P23396,304.68738884752383
P23399,4243.551890562725
P23408,909.8462962179656
P23418,5746.103997522056
P23456,29194.15018158021
P23545,8814.07358275535
P23549,6107.717881461162
P23560,0.0
P23750,0.0
P23757,379.288892209599
P23758,2310.7288704389466
P23759,2915.6838621456336
P23783,8789.964302696302
P23784,11510.70427823236
P23785,10435.997966351699
P23797,0.0
P23800,0.0
P23802,212.8685603042286
P23806,1118.142694855429
P23807,3440.0783630040205
P23808,0.0
P23814,6867.292891436009
P23819,2848.9068399684147
P23820,4341.608933818403
P23822,3051.1575282461126
P23857,4760.937994470678
P23864,3146.8907328895984
P23865,5667.499098127872
P23866,2607.797624536499
P23883,6603.761186750675
P23884,12552.07980016117
P23886,12375.041179183248
P23890,14290.420089132274
P23904,9165.292413892854
P23905,6425.363581098289
P23910,6605.5684954695935
P23911,8191.954032762977
P23913,12070.710705754784
P23962,0.0
P23965,2259.1294112471733
P23966,0.0
P23967,0.0
P23972,1230.4207200002056
P23978,6538.278602020684
P23982,11842.797571962956
P23983,5672.635259357572
P23984,0.0
P23986,0.0
P23993,0.0
P24000,2633.3717256484706
P24002,6099.780782339414
P24012,0.0
P24014,0.0
P24027,0.0
P24030,2117.536126441577
P24196,0.0
P24197,0.0
P24213,0.0
P24214,0.0
P24216,0.0
P24278,19503.340841457677
P24530,0.0
P24539,0.0
P24750,9763.525595611194
P24754,9816.660042310137
P24757,11855.316688380934
P24759,13814.872019236538
P24760,12138.62831195855
P24764,3185.6891866321457
P24765,4240.796634430582
P24766,7527.797124431607
P24768,10010.404875693592
P24769,10020.146108406621
P24776,6447.296642071506
P24792,8848.340236166212
P24795,7188.111209029037
P24807,5473.338015153011
P24809,7917.047432518186
P24810,5822.282229050259
P24813,6968.4556265168685
P24819,232551.13972138814
P24823,0.0
P24826,0.0
P24837,3833.254030074404
P24838,0.0
P24839,4900.28523207203
P24842,0.0
P24843,0.0
P24844,0.0
P24891,0.0
P24893,0.0
P24894,0.0
P24896,0.0
P24897,0.0
P24899,0.0
P24901,0.0
P24902,0.0
P24905,0.0
P24907,0.0
P24908,0.0
P24909,0.0
P24919,214831.9803052743
P24921,0.0
P24923,0.0
P24934,3866.989188212632
P24945,362.1060826022622
P24948,0.0
P24949,231804.83396064307
P24951,0.0
P24952,4186.47179886324
P24953,317.3813947461422
P24954,1277.731173882603
P24956,1287.6744290585557
P24961,0.0
P24962,1718.2164975574815
P25145,0.0
P25149,0.0
P25150,0.0
P25151,0.0
P25152,973.4139918973451
P25153,0.0
P25155,0.0
P25156,0.0
P25157,0.0
P25158,0.0
P25159,2542.2395984790564
P25160,0.0
P25163,6395.252016500235
P25164,3612.058068472299
P25166,3867.084822647412
P25167,5563.115227760201
P25168,1031.7029964162648
P25188,0.0
P25190,0.0
P25192,0.0
P25194,0.0
P25196,0.0
P25211,0.0
P25214,0.0
P25216,1177.6009517528837
P25217,0.0
P25235,1643.86691821133
P25237,429.27250521737733
P25241,0.0
P25242,3410.953600464145
P25244,3179.611890777276
P25246,498.79109480537227
P25252,0.0
P25253,786.409073056453
P25254,2438.304137529605
P25255,5359.349432920146
P25256,1908.1687446432697
P25259,0.0
P25264,1295.5758206580394
P25266,1333.3738208836076
P25267,1360.5187932258632
P25268,3391.18150490932
P25270,0.0
P25271,1350.01261779583
P25272,0.0
P25379,0.0
P25380,0.0
P25383,0.0
P25410,0.0
P25411,0.0
P25412,0.0
P25413,0.0
P25414,0.0
P25416,0.0
P25417,0.0
P25421,0.0
P25427,0.0
P25428,0.0
P25429,0.0
P25432,0.0
P25433,0.0
P25435,0.0
P25436,0.0
P25439,0.0
P25441,0.0
P25443,0.0
P25445,0.0
P25453,0.0
P25454,0.0
P25462,614.116694098786
P25463,0.0
P25464,0.0
P25465,0.0
P25470,0.0
P25476,0.0
P25478,3052.4144657152283
P25479,0.0
P25674,0.0
P25676,0.0
P25725,0.0
P25742,0.0
P25921,0.0
P25923,0.0
P25925,0.0
P25947,6385.244558259474
P25985,3854.2727529621698
P25986,385.62825845750194
P25987,1730.1870612999846
P25989,2890.7633929187323
P25990,3716.5049125769074
P25993,0.0
P25994,0.0
P25995,1528.7037705484909
P25999,783.6168807336326
P26116,0.0
P26132,4052.0953946355876
P26134,7575.135444254236
P26135,7084.094608883697
P26136,3883.6660538246724
P26137,4711.503588167652
P26167,3778.5418188132353
P26168,8093.519869492549
P26169,7307.515109253985
P26172,8008.428352398681
P26178,7867.219116655564
P26181,6481.163747697206
P26182,6735.584506321502
P26196,3802.016874331086
P26373,991.2382702942268
P26377,3141.942585670331
P26378,2531.100287489884
P26392,1354.9171319743182
P26394,1516.3604174302309
P26398,1761.4738615976785
P26399,2691.2129607608986
P26407,1670.641032085765
P26408,1721.845636352933
P26413,923.2758451426998
P26414,0.0
P26415,0.0
P26420,0.0
P26423,0.0
P26429,2943.9652170979607
P26431,3652.8358426032682
P26433,3407.1464800320646
P26446,0.0
P26479,227347.24274615655
P26610,7520.776306010965
P26611,7731.33471829932
P26612,5740.614227354345
P26616,497.71444055614484
P26617,0.0
P26621,6618.48786250018
P26622,4822.566961169952
P26623,4955.938922361354
P26624,5379.343485408597
P26625,5309.360114389059
P26626,3687.2644542798043
P26627,4960.19859562151
P26628,4763.807030183292
P26629,5132.769732518755
P26631,5958.272333164001
P26632,4096.701129379442
P26633,6127.741164024523
P26634,4551.112581691319
P26637,4704.5500826920725
P26638,8902.009636685863
P26643,0.0
P26644,375.5405195432468
P26645,0.0
P26646,229303.10540794014
P26648,229278.02719491016
P26651,0.0
P26652,0.0
P26654,618.7037027978549
P26655,0.0
P26659,0.0
P26662,3386.572533386501
P26663,9127.800422170389
P26667,5201.413174756577
P26671,8257.952611982913
P26675,965.5123763408119
P26677,992.4482071129605
P26678,1272.3189200890374
P26680,3428.5880940183815
P26681,0.0
P26685,8505.928334607805
P26687,8979.739638956056
P26689,1514.1676600528335
P26694,823.8347307366203
P26697,231744.9939620413
P26698,0.0
P26699,1548.0180619310886
P26700,3594.122907958652
P26704,1564.1141207629298
P26707,759.7767716814706
P26708,235479.19112688323
P26711,234552.2769757361
P26712,2564.176806661955
P26714,0.0
P26715,0.0
P26718,1181.0831993391366
P26719,236703.7456549775
P26720,233881.83306490278
P26721,231405.54416884738
P26722,232174.10590574873
P26723,232933.1077593493
P26724,234560.7602997416
P26728,0.0
P26809,0.0
P26858,0.0
P26859,0.0
P26860,212154.88099491477
P26892,0.0
P27251,9180.522746292107
P27253,4033.26235505996
P27257,11494.832082607827
P27261,2218.957633536702
P27263,5153.450449118394
P27264,4779.581144737476
P27265,5618.159199565776
P27266,4254.914547474804
P27267,5170.360271714275
P27271,8163.021819420126
P27277,434.57644260456436
P27279,0.0
P27280,2531.1041938370654
P27281,8897.783436188041
P27282,1184.8210761916198
P27283,4383.978523341004
P27285,7036.918051511413
P27286,5119.454241316238
P27287,1075.8103474826348
P27288,6783.000245889874
P27289,0.0
P27446,5196.2969517624515
P27667,6670.819541659064
P27668,6460.381378587052
P27671,2109.760804741629
P27672,2251.5389810546403
P27675,2593.6382954419096
P27676,2030.0258579669826
P27680,2059.1174253858444
P27682,1522.8679482610933
P27685,231578.83032567275
P27688,0.0
P27693,1869.47948025597
P27695,233423.34614628553
P27703,3073.590472550397
P27704,6205.51712888604
P27705,2351.7836934665866
P27707,2850.7080879553214
P27708,3628.289517495792
P27711,13037.806620651436
P27716,3959.389279537052
P27718,2702.070988992571
P27724,11342.791364870764
P27728,0.0
P27738,0.0
P27740,0.0
P27741,0.0
P27748,2971.113836850749
P27972,0.0
P28235,0.0
P28237,221215.8692084493
P28243,0.0
P28245,0.0
P28252,0.0
P28258,0.0
P28403,9404.523114630312
P28419,4943.533361107133
P28465,0.0
P28466,0.0
P28467,0.0
P28468,0.0
P28538,0.0
P28763,0.0
P28764,0.0
P28767,0.0
P28773,0.0
P28861,0.0
P28863,0.0
P28865,213018.83004120114
P28867,0.0
P28868,0.0
P28870,229409.08966617731
P28871,0.0
P28873,0.0
P28876,0.0
P28880,0.0
P28888,0.0
P28890,0.0
P28891,0.0
P28892,0.0
P28893,0.0
P28896,0.0
P28899,0.0
P28901,0.0
P28911,0.0
P28915,0.0
P28925,0.0
P28926,0.0
P28927,0.0
P28928,0.0
P28929,0.0
P28933,0.0
P28936,0.0
P28941,0.0
P28943,0.0
P29184,1764.7873997466631
P29196,217160.87104873918
P29198,2507.644619018698
P29199,5683.4761439843605
P29200,4121.976951959881
P29202,8343.040027277326
P29203,4680.341991737147
P29208,0.0
P29209,0.0
P29210,0.0
P29213,0.0
P29215,0.0
P29216,0.0
P29219,0.0
P29221,0.0
P29231,3402.5726906284
P29233,0.0
P29235,0.0
P29307,0.0
P29346,0.0
P29353,269.32030446133285
P29355,4526.115110842569
P29356,7992.441397099279
P29357,323.8564929685781
P29358,2134.866922453697
P29359,0.0
P29360,0.0
P29361,0.0
P29364,234.22029333289902
P29365,1059.979627062683
P29368,2587.897295233819
P29369,2493.235888200703
P29370,0.0
P29371,1762.3134260161678
P29376,1039.6427908795195
P29381,0.0
P29383,2486.5030723600466
P29389,18647.573763417924
P29390,18863.48111652088
P29579,3438.536427402443
P29580,2285.0180711773464
P29581,0.0
P29583,2190.78562268132
P29584,2769.9921919044464
P29585,2850.1700776014986
P29628,2107.5310173513753
P29632,0.0
P29653,0.0
P29654,0.0
P29657,596.0024649099905
P29710,0.0
P29726,231580.89410595063
P29727,232715.8666968069
P29728,0.0
P29748,1120.6831145832039
P29750,1144.3192941104971
P29751,0.0
P29786,0.0
P29787,0.0
P29788,0.0
P29789,0.0
P29790,0.0
P29791,0.0
P29882,0.0
P29887,0.0
P29915,50269.42743387227
P30021,0.0
P30022,0.0
P30044,0.0
P30051,0.0
P30054,223419.71324636522
P30329,0.0
P30336,2317.33432235476
P30446,0.0
P30580,0.0
P30581,2465.4269179410476
P30582,0.0
P30584,0.0
P30585,0.0
P30761,0.0
P30768,0.0
P30836,0.0
P30964,31326.500888867613
P31127,9675.74953862116
P31152,0.0
P31154,29.15193898482903
P31177,466.1026277933488
P31266,10635.52755758993
P31308,116.56152337489038
P31309,3548.4108791513245
P31310,4449.334346063224
P31312,2426.2087224744428
P31313,82.362927578979
P31314,0.0
P31331,907.5755316347422
P31332,233600.92784981083
P31333,354.48979532407975
P31340,235790.2515986357
P31341,231639.04425724896
P31342,1708.9469603530815
P31343,1381.5515825289112
P31346,2903.08492345822
P31349,237513.11626504688
P31351,1622.0963756223464
P31352,1316.5600854254153
P31355,1976.3226610142483
P31356,804.3882677865186
P31396,0.0
P31433,0.0
P31438,0.0
P31440,0.0
P31441,0.0
P31442,0.0
P31443,0.0
P31473,2329.4133853632156
P31477,2744.4275510149637
P31493,0.0
P31501,317.6801078564822
P31502,853.9766717890561
P31505,2518.6983787659265
P31574,31942.03043867197
P31578,39584.58497095152
P31610,41591.82030809585
P31611,43470.186996307675
P31623,0.0
P31627,0.0
P31629,0.0
P31632,0.0
P31633,0.0
P31634,0.0
P31637,41591.591693747825
P31640,0.0
P31642,34461.9210511774
P31644,34936.692335160944
P31647,0.0
P31680,34272.002581629014
P31683,32395.986388364563
P31684,29773.71634689171
P31690,35447.40042904653
P31830,3998.600846603531
P31832,7972.111201495038
P31833,3867.85007946911
P31835,3670.383350333632
P31836,0.0
P31837,5321.071762670763
P31838,6893.571127083407
P31839,5590.936761080793
P31840,2744.40562962526
P31841,2365.08953343549
P31844,9181.790477573228
P31846,5002.863749526277
P31847,10082.88522655355
P31849,9031.903860080933
P31850,8989.875670781752
P31853,4496.984477737355
P31854,4553.3670028915185
P31855,802.735602298002
P31858,4154.62029924415
P31860,7642.028345310333
P31869,0.0
P31873,0.0
P31874,0.0
P31876,3959.186253687003
P31877,0.0
P31878,4038.7716445944206
P31879,0.0
P31881,0.0
P31883,0.0
P31885,0.0
P31887,6617.447704058955
P31888,2910.7514068904093
P31891,7358.594413091931
P31894,233030.47204162987
P31895,232826.54759346842
P31896,2266.283241681347
P31928,0.0
P31976,0.0
P32014,34452.132171280246
P32065,0.0
P32126,0.0
P32564,37768.777290618455
P32570,34036.95583835315
P32581,696.8663340759522
P32625,0.0
P32901,0.0
P32918,0.0
P33013,0.0
P33017,0.0
P33089,0.0
P33191,0.0
P33395,0.0
P33532,0.0
P33533,0.0
P33534,0.0
P33681,0.0
P33682,0.0
P33683,0.0
P33704,0.0
P33943,36807.00682876753
P33945,33908.704234854915
P33971,0.0
P34002,0.0
P34078,4737.624714543828
P34082,8885.346504907116
P34083,11244.697957885184
P34087,10710.611157938112
P34088,1723.356592025153
P34090,4265.919543723336
P34091,7735.519718227257
P34094,3774.5178493093226
P34095,1818.0116693052405
P34096,7350.591366055181
P34100,3143.562608377353
P34101,4400.895991163263
P34102,4446.3580339553555
P34103,6197.646384403688
P34104,4248.620538338982
P34105,1740.0079763698304
P34106,3049.8926239745488
P34107,1668.7883351890632
P34108,3450.0161061892723
P34109,1105.2700813295887
P34110,1503.3650618984793
P34112,2940.477859595794
P34113,739.3616379889681
P34115,853.5148916264516
P34117,739.557804004191
P34119,4932.415181412092
P34120,1978.9411439094074
P34124,1339.3993073888996
P34125,753.7862829030528
P34126,591.9493488078879
P34127,0.0
P34128,2734.316326240689
P34130,0.0
P34133,2495.4898691085727
P34134,3004.7360377127443
P34135,0.0
P34137,0.0
P34138,0.0
P34140,0.0
P34149,0.0
P34150,1273.1987267446857
P34151,2029.323571072262
P34152,0.0
P34156,586.0720907945142
P34157,0.0
P34158,2558.879560892339
P34161,738.0419545740515
P34164,1927.6521842914444
P34165,0.0
P34166,2227.4738436974367
P34167,0.0
P34168,2952.7815575216227
P34173,0.0
P34179,0.0
P34180,1060.138442302341
P34181,2037.5518723524
P34182,2132.288083147778
P34183,6634.64782565751
P34184,2304.5776334428156
P34185,6774.1515393271
P34186,8765.094056361995
P34188,8449.609142151843
P34191,9401.642186395253
P34193,5963.713841391142
P34194,8959.91032425392
P34196,7180.626447807401
P34197,9714.979592441534
P34198,10444.172510087168
P34201,10697.886920767995
P34205,6754.827414185536
P34208,2971.537920175564
P34209,2537.2351135189238
P34210,1701.7060763438058
P34211,3638.4249169611467
P34212,5756.957030960239
P34213,5277.770554552382
P34214,10152.318966793624
P34216,2770.572683680384
P34217,3339.2872038852474
P34219,3818.3692582615076
P34220,5818.7460767046
P34222,5062.757871760408
P34223,8789.11584938626
P34224,8121.939224482328
P34228,6135.017715985483
P34229,7048.629304917795
P34233,6235.591804852782
P34235,5808.953182790778
P34236,6072.7432774414265
P34237,6511.622537415795
P34238,7952.938028470158
P34255,8685.099168769135
P34256,5545.454453829487
P34260,7955.06048588948
P34261,9342.604412488188
P34262,180.59061645250404
P34263,4946.913432058136
P34265,4118.483253255898
P34266,0.0
P34268,3265.106809667952
P34271,389.6406177434292
P34272,2690.9389319494694
P34273,867.2698300720767
P34274,0.0
P34277,5330.698363061514
P34282,12675.748613751739
P34283,8432.701945103403
P34284,6308.35227544947
P34285,9208.717053133896
P34287,2928.602652455167
P34446,2782.1148469332365
P34447,0.0
P34448,0.0
P34449,0.0
P34450,0.0
P34468,3997.0615371102576
P34469,4448.37492453459
P34474,8013.778231616394
P34476,3459.00526289588
P34477,673.9253197787766
P34478,0.0
P34479,2089.2067390900047
P34480,1385.960263324665
P34481,0.0
P34483,3400.401519113784
P34484,2252.8102025360677
P34485,4189.334428579918
P34486,4128.751275089686
P34487,4721.022781727475
P34488,2570.2299343715677
P34489,1139.4800771607843
P34490,2916.185429778365
P34491,359.69769751709464
P34492,4406.358801036164
P34493,1869.9445966620624
P34495,3839.1783832152214
P34496,1041.0337433394561
P34498,192.39265722683558
P34499,0.0
P34500,0.0
P34502,0.0
P34503,231197.1317060654
P34504,0.0
P34505,0.0
P34507,0.0
P34508,0.0
P34509,0.0
P34510,0.0
P34511,0.0
P34512,0.0
P34513,0.0
P34514,0.0
P34518,0.0
P34530,0.0
P34531,0.0
P34532,0.0
P34533,0.0
P34534,0.0
P34715,0.0
P34717,230353.61238074233
P34729,0.0
P34800,0.0
P34801,0.0
P34802,0.0
P34803,0.0
P34807,36864.66107289524
P34855,0.0
P34858,215503.61840613195
P34888,5966.702666581652
P34890,0.0
P34893,7092.3874763995045
P34895,3582.157656331754
P34909,0.0
P34910,0.0
P34911,0.0
P34912,0.0
P34956,3012.0434841195056
P34957,2189.2175486425112
P34961,1662.220903545207
P34962,0.0
P34967,0.0
P34969,0.0
P34970,0.0
P34971,0.0
P34972,0.0
P34973,0.0
P34974,0.0
P34976,0.0
P34977,0.0
P34978,0.0
P34979,0.0
P34988,0.0
P34989,0.0
P34990,0.0
P34991,0.0
P34993,0.0
P34994,228999.99581551304
P34995,6542.562940803375
P34996,0.0
P34997,228237.49392418753
P34998,0.0
P34999,231965.5160363211
P35000,4373.316832466186
P35001,0.0
P35003,0.0
P35005,5771.730316913283
P35008,0.0
P35039,0.0
P35080,0.0
P35085,0.0
P35087,0.0
P35091,0.0
P35093,0.0
P35094,0.0
P35095,1075.3224631153607
P35096,0.0
P35097,0.0
P35100,0.0
P35102,1637.2826467325613
P35310,0.0
P35315,0.0
P35324,27284.785023419347
P35326,21419.866432401745
P35329,19922.826600812456
P35331,30179.182701625054
P35347,20896.93001089232
P35349,25933.451416545573
P35352,42946.41150051169
P35354,38636.903228212585
P35374,6020.769143383448
P35645,0.0
P35948,6652.408773937201
P35950,2668.628588821146
P35954,5676.216443281537
P35957,8233.910669245673
P35959,2664.700254204563
P35960,5855.102441130719
P35961,3529.406460677783
P35964,4804.0058181415225
P35966,438.9692395768179
P35967,3487.183486726466
P35969,3336.9912713350495
P35970,0.0
P35978,0.0
P35987,0.0
P35988,0.0
P35989,0.0
P35990,0.0
P35991,0.0
P35994,0.0
P35997,0.0
P36003,0.0
P36004,0.0
P36006,218005.6363345382
P36010,0.0
P36019,6398.629280680678
P36020,5223.138151969168
P36021,6779.146845791627
P36082,3249.312749274617
P36084,5475.80319743339
P36086,4092.1268633338696
P36091,7917.883575764561
P36094,3101.640300766372
P36095,0.0
P36097,5119.230863635574
P36098,7160.672904856721
P36099,6682.138946346058
P36120,4362.004059407984
P36123,0.0
P36125,0.0
P36129,0.0
P36130,3139.1638547202056
P36132,0.0
P36136,0.0
P36138,0.0
P36139,124.51381673124342
P36140,480.30481335720106
P36143,554.4599429712252
P36144,50.96770643274431
P36146,4819.651193691778
P36154,2608.9147346148857
P36158,49.97159967598782
P36159,1527.7759184831084
P36160,417.7310601318932
P36161,5179.743333726288
P36162,2112.298796398474
P36163,6331.009106945654
P36164,7228.893311108623
P36166,10744.267060542754
P36167,0.0
P36169,0.0
P36170,0.0
P36172,0.0
P36174,0.0
P36177,2524.9158206904976
P36178,6596.138207523312
P36185,9198.03044122304
P36189,5389.141237794534
P36195,6654.075309005977
P36201,7727.0573974009785
P36202,4651.320579783118
P36204,4069.9667717944358
P36206,7026.7652458015655
P36207,6402.343269244684
P36209,9465.441419942359
P36213,1890.2172392343964
P36214,5934.0092583064725
P36217,2537.1762435328274
P36219,3168.832247198694
P36220,4901.053239466706
P36223,10593.539562602307
P36227,5209.515451616611
P36228,7204.167485678558
P36229,0.0
P36230,0.0
P36231,0.0
P36233,0.0
P36251,8570.55287595707
P36252,4949.085348292134
P36254,12444.327324886952
P36256,11464.125508822279
P36257,4674.139123264129
P36260,9497.864617729669
P36261,3549.955529480747
P36262,7592.614953310374
P36263,6379.638668766573
P36264,7098.793992788058
P36265,4419.441414861518
P36266,8838.852785102888
P36267,8941.96645210632
P36271,7079.601469217698
P36274,6056.467740693552
P36279,5449.314761506546
P36280,1822.718876894749
P36284,1184.7555108930064
P36339,1865.6409674382012
P36465,30825.013393794638
P36467,29520.02167317538
P36522,0.0
P36526,0.0
P36530,0.0
P36531,0.0
P36532,0.0
P36533,1363.45710749711
P36534,0.0
P36536,0.0
P36537,0.0
P36539,0.0
P36540,1044.5310004311104
P36541,3160.0240675616806
P36543,2827.953055302485
P36544,0.0
P36545,268.18435748343836
P36546,184.620905776399
P36548,0.0
P36551,0.0
P36553,518.6422270310977
P36554,1120.4784925149615
P36556,169.43935191232595
P36557,393.7193226650161
P36558,0.0
P36559,3226.5301513895465
P36561,5704.295492288751
P36562,3110.288622712291
P36564,3992.7506460994955
P36568,1345.079327628344
P36569,4149.820480336341
P36571,4926.583946927487
P36572,1291.1050740190112
P36573,2027.6400664212451
P36574,1368.7427060941445
P36576,4241.589942124578
P36580,1560.9639133188211
P36581,8120.514587169844
P36584,0.0
P36586,8204.624243584152
P36588,10227.240761857976
P36590,4039.9158453424716
P36592,1499.7565456596494
P36593,4.346216797708621
P36594,4705.83054536811
P36595,3615.439297380548
P36596,2492.88236147731
P36599,2981.234606565071
P36601,0.0
P36602,0.0
P36603,0.0
P36604,0.0
P36605,3896.67492171131
P36606,1927.3108207407058
P36726,0.0
P36766,0.0
P36815,0.0
P36818,0.0
P36834,0.0
P36885,0.0
P37189,1207.485999782053
P37226,0.0
P37227,0.0
P37228,0.0
P37232,226323.99427590115
P37233,0.0
P37235,231133.08508103582
P37236,0.0
P37238,233680.47138447687
P37242,6345.813731492177
P37246,0.0
P37247,227957.88442721145
P37248,0.0
P37251,0.0
P37252,228083.28144115748
P37258,0.0
P37259,0.0
P37260,0.0
P37261,0.0
P37262,0.0
P37268,0.0
P37269,0.0
P37271,0.0
P37273,0.0
P37274,0.0
P37276,0.0
P37278,0.0
P37281,0.0
P37282,0.0
P37284,0.0
P37285,0.0
P37287,0.0
P37289,0.0
P37293,0.0
P37300,216007.54464361037
P37301,214722.27125204384
P37307,0.0
P37308,0.0
P37309,0.0
P37312,0.0
P37315,0.0
P37316,0.0
P37320,0.0
P37324,0.0
P37327,0.0
P37332,0.0
P37333,0.0
P37335,0.0
P37337,0.0
P37338,0.0
P37364,0.0
P37383,223008.13580059053
P37385,0.0
P37387,0.0
P37390,0.0
P37391,0.0
P37394,0.0
P37397,221734.09765215174
P37399,220956.7054000202
P37401,0.0
P37405,223838.00964128345
P37407,225364.9307444375
P37409,743.2497716425241
P37412,0.0
P37413,0.0
P37414,0.0
P37415,0.0
P37417,0.0
P37418,0.0
P37512,0.0
P37519,60.17411400151832
P37524,0.0
P37535,224935.78833154784
P37537,0.0
P37538,0.0
P37541,0.0
P37542,0.0
P37543,389.34283445778055
P37544,8851.869347687065
P37558,410.9921342496564
P37560,0.0
P37568,226485.37499864722
P37570,0.0
P37573,0.0
P37574,738.1417537032066
P37575,210.03385847352547
P37579,402.0849754798728
P37580,239347.30983576813
P37581,0.0
P37582,0.0
P37583,221322.0985568842
P37587,0.0
P37592,0.0
P37595,0.0
P37597,0.0
P37599,0.0
P37600,222463.6578655455
P37602,0.0
P37603,219965.67037524856
P37607,0.0
P37608,228387.05201555096
P37610,0.0
P37611,0.0
P37614,0.0
P37617,0.0
P37620,0.0
P37624,0.0
P37627,0.0
P37631,0.0
P37632,0.0
P37634,0.0
P37636,0.0
P37640,0.0
P37643,0.0
P37652,219567.50028246886
P37655,0.0
P37659,0.0
P37688,0.0
P37701,5776.6987847813725
P37740,0.0
P37744,0.0
P37745,0.0
P37752,0.0
P37753,0.0
P37762,0.0
P37763,0.0
P37764,0.0
P37766,0.0
P37776,216201.43742287825
P37779,214165.0776913976
P37786,213070.16329457064
P37788,214609.46629249462
P37789,214014.23897742922
P37791,215507.72832990388
P37793,0.0
P37797,223466.92321268705
P37807,0.0
P37812,0.0
P37813,0.0
P37841,0.0
P37844,0.0
P37845,0.0
P37848,0.0
P37852,0.0
P37862,1509.9316972868219
P37868,0.0
P37869,0.0
P37871,0.0
P37872,0.0
P37889,555.5518561773279
P37904,0.0
P38035,218825.55141460695
P38144,219005.64837945258
P38166,0.0
P38167,0.0
P38206,0.0
P38235,0.0
P38239,0.0
P38349,9453.82360547012
P38350,8783.962559693104
P38352,7816.040348683746
P38389,9862.510641685956
P38392,9451.99794594158
P38393,10831.403808473291
P38918,2492.7906295897774
P38925,263600.96134346526
P38926,263277.2193630998
P38939,17105.316224049526
P39206,0.0
P39451,259893.63549327943
P39531,29345.677422248336
P39536,27739.190873919233
P39606,0.0
P39665,2623.2687428613463
P39668,3684.8959774490213
P39670,5773.72170750473
P39672,1700.2193470303537
P39674,6113.381357917708
P39676,4062.313218713829
P39677,3999.3694952077094
P39678,3494.9557932240023
P39682,3888.852274709392
P39683,3461.225204232145
P39690,0.0
P39691,6408.615401959505
P39693,3036.752249063258
P39694,3610.0783266098624
P39695,0.0
P39700,8924.631588608827
P39701,6378.5797127166115
P39707,0.0
P39708,0.0
P39709,0.0
P39710,0.0
P39714,0.0
P39717,2139.3262412614095
P39719,2650.9537446036375
P39722,4358.664966487166
P39724,0.0
P39725,6085.757031205714
P39726,3707.7991032008504
P39728,0.0
P39730,0.0
P39731,0.0
P39737,0.0
P39738,4064.1843905803944
P39739,1364.4385231771485
P39740,0.0
P39741,1672.4229654551564
P39742,0.0
P39743,1161.3243267602447
P39745,1299.3694167759422
P39746,3347.3629526111145
P39750,6441.048593099236
P39751,6366.020384541778
P39752,10427.10860146514
P39754,0.0
P39755,3769.6139885461125
P39756,3572.4688613824073
P39757,0.0
P39758,0.0
P39759,0.0
P39760,4470.124337907451
P39761,4337.061227363094
P39762,3348.8566772001213
P39763,3879.7047030869544
P39766,2604.193062686336
P39769,4320.02078163535
P39771,1685.3560113914682
P39772,9506.348338309945
P39773,928.5204912336521
P39776,5989.049103696139
P39778,3682.122364187526
P39779,3300.8922434828237
P39783,0.0
P39785,2460.734266059091
P39788,7850.982516250253
P39789,5522.429976415271
P39790,0.0
P39801,1827.6073358403592
P39808,7816.436748364526
P39814,4316.465114807874
P39816,1752.0836986513204
P39823,2627.865288353438
P39825,3992.240174457016
P39832,4857.446431970864
P39846,2030.3981174958462
P39853,4825.682511320007
P39856,1360.3706255222132
P39929,38206.692837807976
P39936,28966.25995824324
P39938,33932.60279086901
P39946,38380.84397944206
P39950,36325.9342198486
P39975,32447.12411333659
P39977,31327.096495615264
P39979,34288.026872051516
P39981,37012.89812737898
P39983,31709.73196118068
P39985,31822.615051293757
P39986,33468.64383733713
P39989,0.0
P40003,37003.65892690922
P40004,33892.58281266826
P40006,0.0
P40013,0.0
P40014,0.0
P40015,0.0
P40016,0.0
P40110,20685.62814135763
P40119,29344.097126461704
P40123,22044.70587259189
P40125,18885.7436601754
P40141,261818.20815093603
P40147,29589.506882985304
P40149,31173.176758970305
P40154,8889.045258488346
P40189,23858.50777391305
P40192,21696.129033718284
P40193,25328.86233825078
P40195,22030.80610374911
P40204,34214.20256767418
P40205,33626.71490690639
P40208,30922.525373010052
P40214,0.0
P40215,0.0
P40216,0.0
P40217,0.0
P40227,36758.538891736025
P40235,25156.676008487444
P40242,27650.41001477168
P40250,31468.753754377056
P40260,20312.39142279765
P40263,27541.01252138768
P40266,29746.86722855703
P40267,258608.84075005262
P40272,19842.128305626866
P40279,30660.098388432445
P40286,20443.877753509652
P40288,21181.774468420066
P40290,25929.19918711446
P40296,21523.572295593225
P40327,0.0
P40340,27640.31435258925
P40354,20995.11797779711
P40356,24726.516287604423
P40367,4235.004836159602
P40372,585.7914649664708
P40378,26597.216528499084
P40388,2129.3390313062337
P40389,2861.2117507686708
P40623,0.0
P40654,31044.273807062003
P40661,34909.739200441676
P40676,29106.395946841563
P40681,29799.67547356939
P40683,234864.09430821484
P40696,32020.925205769934
P40704,37494.19932981023
P40712,24978.289571734633
P40715,17790.913823066217
P40728,30626.89136179511
P40790,0.0
P40920,3291.3287832482747
P40921,2129.8096314332433
P40922,0.0
P40924,579.0468930724855
P40925,4750.20617472877
P40926,1541.3086140927117
P40928,5005.891592464588
P40977,28153.41746461998
P41092,27896.974084033274
P41127,0.0
P41166,0.0
P41233,37867.138576836376
P41236,33086.22411634379
P41237,41059.96291976754
P41238,44898.26878155727
P41242,0.0
P41244,0.0
P41332,0.0
P41333,0.0
P41346,0.0
P41355,0.0
P41433,5165.430946265882
P41511,0.0
P41524,0.0
P41625,0.0
P41730,4443.958022516395
P41738,4235.743370961078
P41740,695.3915718017051
P41742,3957.8462143827965
P41744,11254.347183895927
P41752,0.0
P41754,7377.5088217053635
P41755,3354.6273219808245
P41757,2550.857318693117
P41759,1372.2880897951436
P41760,0.0
P41761,4655.751405212661
P41762,1522.426875998608
P41765,7712.6764304830685
P41767,6845.354740849678
P41770,7081.533122705547
P41771,8476.158436249698
P41796,4763.217706910822
P41797,8776.359288736327
P41798,11974.540339400097
P41799,8648.595634567657
P41800,3606.9649210839852
P41801,1139.7389168707778
P41803,1363.09039858717
P41804,3204.975818347357
P41805,4682.853104130434
P41811,4938.367602997634
P41814,4283.141338792953
P41815,2693.3364426456938
P41817,4846.434252618143
P41818,3912.700186524624
P41819,2489.136240908869
P41821,1815.381894881455
P41822,4163.504459360785
P41823,522.3690080950946
P41827,0.0
P41828,0.0
P41839,2229.484563260554
P41841,2582.8476994426455
P41844,0.0
P41855,6372.078410104325
P41857,2938.833557185215
P41858,3132.550901656912
P41861,6165.45386680837
P41863,2932.8486051088803
P41874,3695.8133827407655
P41877,5406.010931099918
P41889,4169.122757146382
P41891,1202.9238515834877
P41892,2010.0225827636277
P41895,878.0685837401907
P41900,0.0
P41901,1151.5527709104863
P41928,2017.1752854088554
P41931,3262.374963876726
P41934,4618.132453914415
P41936,3044.4947615417623
P41938,3270.4671075802835
P41948,347.78213610775856
P41952,3458.3508788366307
P41954,6150.169880522073
P41959,4459.757708412952
P41961,7132.0426835513645
P41962,3050.852364725837
P41974,4653.779723526182
P42054,215.62910720299624
P42061,0.0
P42064,0.0
P42102,48927.846724548115
P42120,55990.61049777531
P42129,49612.430645011715
P42190,49037.13370234896
P42296,0.0
P42297,0.0
P42298,231858.92725780336
P42299,0.0
P42301,239927.5247800849
P42302,0.0
P42303,0.0
P42304,0.0
P42305,0.0
P42315,0.0
P42318,0.0
P42323,2616.4520102919378
P42324,4304.8011981770105
P42325,2876.528399179573
P42326,0.0
P42334,2730.229340503287
P42336,2450.561151039492
P42339,1583.3529101568784
P42343,3529.5182889780153
P42345,3376.4181979615714
P42347,722.216299282547
P42353,0.0
P42382,4660.2640380301855
P42385,7395.591264830717
P42395,4007.640798579596
P42396,1171.0553234355575
P42486,0.0
P42571,0.0
P42688,51731.96123836342
P42745,1090.0165926926275
P42797,29588.41033460686
P42818,2598.1083109533356
P42820,29661.834860730196
P42821,25857.932042900487
P42826,1032.3659777599423
P42827,785.5236365771634
P42838,8542.525565297052
P42846,0.0
P42848,29656.997841686432
P42850,23115.49900642672
P42851,0.0
P42854,544.1405433577311
P42856,1820.0543013919923
P43126,212443.73161630591
P43212,197469.90559640134
P43476,41290.24618821524
P43491,35502.534765643206
P43495,36709.58181513618
P43546,0.0
P43627,220228.55917704318
P43846,0.0
P43866,0.0
P43933,220567.41383002166
P43962,45013.612546113254
P43987,31215.82766698247
