pipe_id,predicted_cost
P01002,7520.882699978969
P01054,4520.783725054568
P01066,6749.772696522005
P01078,18657.31720931689
P01112,5049.619359033334
P01140,69003.65125202572
P01148,6711.70429831999
P01161,8368.954282771008
P01166,235990.86707945456
P01238,2115.5121097999217
P01317,24411.410901860203
P01350,23922.26113804405
P01380,160934.72658373977
P01452,5949.4566636244945
P01571,6832.596072772462
P01689,180649.25310465862
P01720,22106.13704059041
P01767,7055.910833940558
P01803,6171.096880950142
P01805,27356.01032198745
P01813,21256.015006647154
P01815,4759.7403848314225
P01836,4696.524016803692
P01838,3948.2904454279615
P01846,2626.3098341867426
P01922,23162.897909100833
P01959,2463.778261910669
P01978,33930.85464645428
P01986,45087.438515524846
P02000,198886.86103825574
P02031,4770.137133675454
P02032,6626.963725566037
P02062,2131.055139177259
P02085,10203.800202175804
P02099,6483.485312076461
P02155,6068.314877410309
P02191,294490.9769251091
P02227,26771.189986052654
P02245,1624.9069946189663
P02246,1490.6815432377755
P02316,28329.21817299305
P02318,8933.036679602294
P02364,5781.237118966239
P02365,5317.277735795389
P02410,2784.3405208490753
P02412,26319.81042547613
P02432,6529.887646342528
P02545,27086.978274444376
P02600,22653.122886861438
P02649,24212.38724806767
P02663,6658.948707724649
P02665,5477.293466802653
P02666,5246.0475072471845
P02667,7018.100026809361
P02670,6869.0815777548905
P02674,5975.61319089555
P02707,5377.462850422503
P02708,5737.102600934878
P02717,5450.818260400749
P02728,24230.168121192313
P02764,4717.764393567385
P02864,6064.267610083682
P02878,34365.80222280794
P02908,2621.583358300419
P02912,5452.826952541216
P02914,2763.4574624260554
P03008,32126.650858758254
P03057,6170.425033458137
P03076,7238.588605524437
P03259,30506.90030366704
P03314,4152.804835688732
P03349,32409.51967857444
P03371,5756.33353224289
P03387,6443.799127887986
P03388,5399.706110341739
P03402,213008.85644910802
P03412,5842.835753824558
P03485,305900.7843515557
P03490,4444.193587826039
P03493,3926.376854829518
P03591,39550.68517457592
P03655,6030.596350091302
P03702,6328.136563372154
P03704,5307.6572317260625
P03791,23964.525953176533
P03798,18267.58504725865
P03881,19292.621628514775
P03884,18229.81151733761
P03917,217069.21742029017
P03986,5318.685257792867
P03988,6715.226146963749
P04074,51968.23087850991
P04076,33467.80018336146
P04147,198132.26325537503
P04152,34373.0340651586
P04184,5725.63445713292
P04186,5270.128018301083
P04221,16642.587013652024
P04224,5921.549560115739
P04249,2689.4357915934165
P04262,2201.9030070361496
P04289,30529.234442929417
P04293,44228.26819336024
P04305,3553.514593181501
P04306,4768.898589810627
P04308,3011.998393176727
P04311,26791.762657472995
P04416,23631.73058609209
P04417,21170.704224264646
P04467,21067.696253460563
P04495,20212.151051120698
P04496,8074.497613457913
P04521,7467.288332894972
P04535,6000.304001347811
P04581,4423.04809535912
P04600,2598.3026301447376
P04698,2710.6957405269386
P04701,8379.268620605557
P04707,6130.8140813102
P04752,25956.812929805757
P04754,27186.253087153797
P04801,5685.936473716991
P04860,1978.7929733584012
P04861,2604.4608894691796
P04862,2531.0260634751294
P04865,2284.1148020821056
P04868,27380.651432695988
P04869,30751.51731058896
P04986,5877.6434812390025
P05007,2417.356173326219
P05036,6772.850153207222
P05040,127023.57151181242
P05042,221120.27996154246
P05043,31330.660330102095
P05047,10960.380997452554
P05055,5941.472602002427
P05060,4523.824823709861
P05103,7085.245274709482
P05106,5232.524653136633
P05128,46929.15156018298
P05134,8070.460746389021
P05139,8190.229113979147
P05140,35647.60327518835
P05163,378501.53879319725
P05168,196294.85090213627
P05229,6641.361963256108
P05323,28084.822531405196
P05402,2715.526836353206
P05432,23792.601725949236
P05435,2832.424179413073
P05447,4415.866002675221
P05448,4357.920603664078
P05458,6100.718975726368
P05476,5594.807895848191
P05486,6291.114619176123
P05504,9267.115780529282
P05551,7862.626334843608
P05560,43657.789991573154
P05575,31168.89671607626
P05576,29886.476669979784
P05594,4387.246616078516
P05608,5219.653749367923
P05758,27431.97153792255
P05769,33830.83898874708
P05800,7021.178208542925
P05828,2368.04428449089
P05834,11842.462701080718
P05924,201005.55598062018
P05925,213804.4110979741
P05970,35877.92042267611
P05978,3220.2518483280783
P06017,25206.704113464362
P06030,27498.86496877311
P06072,31390.229422598364
P06077,2904.9229080801388
P06124,29245.900527082355
P06182,9435.963168440341
P06184,7317.881695793556
P06189,8215.584847963639
P06193,9606.248752977746
P06200,40934.551990063104
P06235,8676.190450970404
P06245,26696.99282147557
P06287,6339.142438302294
P06292,177446.8292894934
P06302,208507.5623946921
P06312,6589.362780955074
P06314,186106.82248522283
P06315,7868.444646594619
P06331,6855.1276212596495
P06370,7894.54755442614
P06425,12461.711581072243
P06437,14859.781164291115
P06454,14860.073340889441
P06764,14530.186511664942
P06802,16477.733493896943
P07084,8347.319839381951
P07090,8866.207790762961
P07131,3521.5525802540674
P07177,11932.345054654219
P07302,25174.265368501732
P07333,32932.03903412685
P07468,6758.934692718533
P07632,4067.4403390265884
P07949,11719.577014294679
P08016,22014.73230848874
P08140,8533.079184075908
P08142,12715.891456709254
P08275,9848.365556746148
P08337,64687.212611818366
P08398,7848.2742277781945
P08496,7170.394902808401
P08497,99536.56488556604
P08525,15015.468171117049
P08540,6732.763321387481
P08551,8215.102892259396
P08940,8811.964015989945
P08942,589376.3664804319
P09041,8848.921041323518
P09042,7351.134922822912
P09096,2449.5518147413895
P09568,6873.644355116884
P09724,3955.0387337497937
P09725,4112.013046707451
P09897,10315.415948284983
P09898,10501.916637270695
P09900,8511.145468471363
P09901,9000.047654995182
P09902,11665.26782600254
P09904,12810.2069553435
P09922,7001.841417639499
P09924,6957.091395692008
P09925,7283.574064636001
P09929,7049.271496881213
P09932,9013.873656731354
P09939,8189.000460039596
P09941,6859.90356260262
P09942,6969.936218725264
P09943,7112.070596494138
P10039,5384.4390718026225
P10058,3121.6576558782303
P10059,2812.637147369051
P10064,3459.278945272932
P10077,26212.766043921743
P10219,19780.849014685722
P10438,3058.02776162097
P10451,3081.7815050466065
P10490,22801.86200332596
P10724,22591.879757574203
P10787,6373.586221574557
P10815,3772.14395871609
P10818,3791.7690446207384
P10819,3165.6556960073676
P10820,3775.1927230681877
P10822,3012.0219059225496
P10823,3664.902007499338
P10828,3757.7802289198
P10829,3671.185426368459
P10830,4290.312958887247
P10831,8405.550881797863
P10833,3922.220838205301
P10843,21151.672137276622
P10868,8793.70613490624
P10977,8966.631086141324
P10979,249006.77148830262
P10980,239448.1723487316
P11003,3709.7419802651693
P11218,18134.865356340357
P11352,4500.0048865673725
P11353,3831.8104709163745
P11401,24213.381269472622
P11418,2543.5440513123576
P11581,34613.06275599036
P11624,4566.910805911635
P11634,7099.874981789226
P11647,6675.590566305128
P11694,215600.77134081064
P11769,11945.859780609933
P11775,4828.715072685619
P11818,5267.860204338443
P11819,5483.19636615964
P11822,6958.0258884900295
P11823,6448.849606623691
P11838,8583.542863512797
P11900,5341.416433621775
P11902,10465.534364996522
P11948,3549.638222398548
P12004,3522.5506836031027
P12005,3552.802358751246
P12011,3473.5962389688743
P12012,3599.8661244357904
P12013,22493.160035810353
P12025,7387.519521662414
P12041,127659.44122727659
P12045,5580.1572952247325
P12134,2736.4307135479025
P12139,22666.687274443364
P12142,23863.09015328595
P12144,153153.28807804646
P12147,18853.949400860594
P12249,2824.30550603084
P12253,2430.1124289661702
P12254,2482.6991650825335
P12256,5101.051398385824
P12257,4548.014772024682
P12262,5037.449069674201
P12266,4838.756601957719
P12300,2675.2231352436384
P12302,2429.452361127305
P12320,3187.415787462722
P12340,2544.208840273546
P12347,2668.0450426523694
P12349,2580.25148885842
P12367,2797.8999286360176
P12368,2720.3852618920464
P12374,2594.180104309331
P12403,4166.140768912228
P12404,4148.5945884651965
P12405,4126.488249279398
P12556,6170.575311692942
P12654,20316.412262919097
P12656,21560.04853988821
P12675,3603.3398360873007
P12680,22938.565581487182
P12681,18823.248781987688
P12692,19845.09791745691
P12988,7883.3103544437445
P13007,21525.14860402262
P13008,24078.40152697239
P13049,10407.136348768825
P13296,3384.9747453338928
P13439,3104.748266507769
P13498,4652.167120690048
P13507,20932.402689830753
P13509,24634.33977613199
P13511,3504.2960248690124
P13512,18968.990555891363
P13513,2977.535484378235
P13514,2827.028690646414
P13518,3308.5260694214176
P13521,24221.983083640676
P13532,20197.30471872399
P13533,29218.096386496087
P13536,20725.87792173104
P13547,4612.069824697747
P13550,5994.204472426951
P13551,6374.987773519373
P13613,4366.791255032584
P13706,111208.40637876981
P13709,22997.955846322846
P13743,7048.331947675423
P13775,8591.099127534013
P13783,18350.785530795474
P13786,8629.324143574002
P13787,8943.782603187678
P13788,8791.151367854813
P13789,4819.626875003569
P13790,4748.809242627274
P13839,2883.9447607135658
P13855,21213.40724567849
P13858,21238.63207215939
P13881,7969.506827664852
P13911,5116.359794121186
P13912,5293.493564290416
P13913,5288.8769221641005
P13914,5243.697124833289
P13919,7397.453308491062
P13946,4447.312337517122
P13947,4595.227695572742
P13949,4407.585691743494
P13951,4189.105791649862
P13953,5839.353219797499
P13955,4345.748044770312
P13966,3563.3679640985524
P13967,4607.155288937949
P14005,2960.688542660052
P14006,22913.665603711863
P14057,7506.275664107914
P14074,6709.469499837272
P14075,6846.515370390967
P14076,6604.910971594915
P14078,9100.670452186747
P14081,6508.827518795271
P14124,2997.8181360233907
P14125,3103.523586178513
P14126,6563.5836088991155
P14143,4152.4336655311
P14183,3433.648722383672
P14184,3575.7776026491697
P14292,3530.5422950893535
P14336,6212.78812774063
P14337,6017.525017999922
P14355,4918.819527581308
P14362,5852.358564593573
P14363,6066.03315344952
P14369,5984.15939864957
P14372,7809.796966990538
P14376,6714.478137400847
P14377,6509.932450537569
P14378,6446.267741550235
P14390,7000.981472882714
P14391,6941.201317678136
P14394,6878.9788852325255
P14395,8740.851596818826
P14415,6988.8434857479915
P14417,6924.833268227426
P14418,6869.660782020824
P14420,9439.072657040088
P14443,3726.175379054417
P14480,10356.750841703564
P14486,8245.492842729427
P14489,7291.545048655582
P14525,2453.9951621893106
P14601,4076.9446063757673
P14611,5110.557815387137
P14613,10152.486712184484
P14618,10212.165793062868
P14636,8766.909367707885
P14675,6373.400057172506
P14677,6279.383832736978
P14680,4577.086991040871
P14681,4304.304758057811
P14686,4207.738296843083
P14687,4283.051262224899
P14740,6387.55896622831
P14741,6585.418243809824
P14778,7674.514254726408
P14779,8109.588915182469
P14789,6378.837416884171
P14817,6929.671875429191
P14847,6126.79621896736
P14848,6714.119500228493
P14858,6180.031244102349
P14859,5822.870265139019
P14866,7345.207732520288
P14868,7372.511122538025
P14869,7673.513764600702
P14870,7555.101050156571
P14872,7268.762654134193
P14873,7042.192806483528
P14895,6303.045101067561
P14900,4509.016195585986
P14903,5358.532009323414
P14905,6215.660560692929
P14907,6966.965137468473
P14908,6915.796871047722
P14909,7095.299184213501
P14910,7276.016598179122
P14912,7439.16907123148
P14914,7408.996551503503
P14915,4567.821412988518
P14917,6105.21304913911
P14919,7441.081946849701
P14954,9834.796674525713
P14993,8303.983731620161
P15013,303047.9885666333
P15016,9250.945428258645
P15024,4188.913227056524
P15044,7682.973888622157
P15079,23441.72565067034
P15187,6525.120047688952
P15242,22568.76892752385
P15245,21386.364985828357
P15257,22362.684126383043
P15447,2400.3575642688766
P15457,5751.7301576651635
P15464,32913.01487618841
P15465,32328.633185571565
P15467,3241.3476961982815
P15468,7445.124593640174
P15469,8742.67074944631
P15470,3395.393351985869
P15471,31801.632586711894
P15481,6384.433129188864
P15482,6410.379406307649
P15484,2738.7715509030177
P15485,5318.984515996047
P15489,2991.131234731991
P15490,2880.2660597617814
P15491,2735.420416670871
P15492,6177.4505909897825
P15501,2801.6878069432237
P15513,4868.606292892844
P15514,8450.30134913843
P15515,9867.026830615021
P15516,6361.928951666974
P15517,6777.188158284304
P15518,6621.031867275372
P15524,6670.523878992086
P15526,10358.09532737026
P15528,6582.43769306719
P15530,7606.334240140135
P15531,7818.436067650645
P15535,7598.625808427552
P15540,11003.315893724239
P15664,3653.3960589969734
P15730,3287.8097205014737
P15804,3314.6696786420034
P15810,3380.3871057220585
P15834,5688.244426394733
P15835,5536.634109241562
P15837,8602.442136434225
P15838,7113.574745610442
P15839,9955.21581617389
P15840,8983.251423594786
P15848,3160.8370984150697
P15885,19901.430370064263
P15943,3405.5381951419686
P15944,33739.272769476534
P15945,3368.7071837488907
P15979,5091.422861074885
P16166,4646.621725898313
P16237,2589.47699302912
P16238,2515.5016301543274
P16240,2481.9735567061994
P16241,2592.957476530563
P16246,6360.174459701292
P16248,5429.853567745904
P16250,6780.812039090384
P16264,6205.245668291742
P16278,2617.874115062529
P16300,4049.9306555645744
P16311,2320.573579486217
P16316,2254.0044029909986
P16363,3983.4411605125306
P16398,2972.919191698374
P16399,3391.690672052326
P16424,2785.2650046211616
P16426,2781.9031332084032
P16433,3693.4236257461907
P16541,7563.246569173674
P16557,7865.910860227624
P16692,2387.9624973339005
P16823,3999.211650331476
P16824,9353.121637259646
P16826,5543.061939238746
P16840,4000.15036686115
P16895,41887.869124541765
P16924,21605.200297011368
P17055,20858.731270602217
P17060,21771.429270642035
P17123,2220.52530903142
P17168,24608.077616336977
P17169,24386.29243838529
P17172,22340.259985113447
P17183,5339.84589484088
P17238,18752.370970201806
P17498,7528.112654549644
P17552,3353.2023869470704
P17600,4386.029435929768
P17675,17434.30096440596
P17678,17051.445690854045
P17693,7304.937062010957
P17694,8021.650084815378
P17729,2143.409549550304
P17749,2296.33375982979
P17753,2117.8205922452594
P17761,7251.96282210888
P17812,4782.108400993889
P17874,10155.508603166418
P17880,9911.330696997675
P17889,7595.730663814231
P17931,7434.752057339936
P17932,8011.513266488808
P17935,7602.652482432138
P17936,6952.623463718
P17938,7623.832261441016
P17939,6919.473910513193
P17940,6333.532346198669
P17941,6382.508869003612
P17942,6755.964019072639
P17943,6574.352234016381
P17944,7594.957114466105
P17945,6313.716396169992
P17946,5879.543121481936
P17948,6888.67183378992
P17950,8650.288499651273
P17952,5756.859934618521
P17953,5804.45079814674
P17954,6902.26198070112
P18057,8192.397336835615
P18305,3280.429927948179
P18351,2133.3557672155384
P18376,8786.903245478123
P18377,8673.207019454023
P18378,8709.74445225776
P18414,7651.271277257271
P18415,7546.486432406596
P18454,2749.415484106583
P18455,2839.2882788050333
P18456,2979.9159219573903
P18457,2827.4012834613745
P18595,7845.892954618347
P18657,5383.910226554497
P18658,5215.334274124288
P18659,5492.9030598595555
P18662,5394.502384664048
P18691,4799.868401636851
P18711,17038.558774114266
P18779,3192.984341458004
P18798,21069.327450657693
P18807,7895.383259954867
P18816,14230.48286334049
P18818,13565.704522880746
P18822,6686.229310080055
P18842,18621.174379339558
P18843,19499.36263396837
P18868,6362.630264578835
P18896,5887.988358455745
P18929,17757.184983397874
P18934,16378.590661265756
P18939,17021.730230185494
P18944,7460.241149918735
P18945,7260.479074867496
P18946,7293.089568138237
P18950,7304.193866158827
P18986,26806.904853809658
P18988,31613.74852041882
P18990,21229.53805171475
P18991,26241.32289711358
P18992,26863.306958860223
P18993,30702.91036863106
P19024,3188.4409436167066
P19026,2960.684507842124
P19102,5577.971514785736
P19103,5483.455678031157
P19104,6030.118878919268
P19106,8398.345058667848
P19129,10257.099399886001
P19133,8846.063775024393
P19165,6927.411550987028
P19167,6718.5696322528265
P19177,6915.4840078409
P19178,7104.380603866888
P19180,7210.957178114497
P19181,7148.40472530416
P19183,7392.406663754779
P19184,7396.869214925619
P19189,5989.288868442514
P19191,7489.907874226759
P19192,6007.432513784899
P19300,21666.741351405726
P19306,24303.541832619743
P19309,21730.62276490782
P19316,20494.337667672407
P19321,2422.9224762711083
P19322,18273.06021030427
P19323,17348.79272669559
P19325,18951.26164637758
P19333,16483.839028222734
P19338,17441.444366357806
P19340,18587.433896466555
P19341,16762.558044554928
P19349,21022.389643451657
P19350,19456.5740150724
P19352,22841.871679303735
P19353,22026.544056135266
P19355,21945.01149642462
P19361,25582.64643994613
P19364,22858.216621194493
P19423,6436.759185138306
P19445,11183.810906687726
P19468,2642.6176750823547
P19494,8128.544088591096
P19499,9555.023271237069
P19515,2152.71773893332
P20039,6223.965937022494
P20108,5308.819630173614
P20112,6463.336454169642
P20116,6606.27129337315
P20161,3933.4422964385326
P20162,4025.7017332201135
P20163,4666.509594807329
P20165,4069.5484486777864
P20169,10913.79206131144
P20170,10621.86221121514
P20178,10728.747602151008
P20179,11138.684523301721
P20199,11258.974423422524
P20205,11316.85072746372
P20275,7259.082735199689
P20276,7208.651258308012
P20281,9097.029263996126
P20284,5359.057031511676
P20285,4548.311841738686
P20287,5366.439208871013
P20293,7258.703989198399
P20295,6192.1482600173695
P20296,6797.585309967906
P20298,6212.4621451360035
P20300,5663.605985458315
P20301,7112.031690098354
P20302,7883.225144281503
P20303,6286.4002129244855
P20304,5894.108933390952
P20305,6246.884995464194
P20319,5626.729507639477
P20320,5668.899033454715
P20321,6406.983466048848
P20323,6458.826503938176
P20324,5550.318427202109
P20326,5791.6428964687075
P20327,5365.857517167212
P20328,5303.953622715532
P20329,5735.109494131667
P20332,7625.257371009463
P20333,7657.78170130816
P20335,7112.067164637923
P20337,5439.129312178589
P20338,6653.749840038385
P20339,6550.835387651742
P20340,7106.614535273116
P20341,6682.572222954804
P20342,5896.545029528852
P20343,5751.538316555751
P20344,7357.738914441833
P20345,6650.785276785219
P20347,6590.974980648854
P20422,3543.7523901306113
P20444,2935.128247759428
P20534,5820.378273978493
P20535,7049.154596383116
P20536,6014.885542402904
P20545,2288.7166243035945
P20549,4935.3010983795575
P20571,6328.618322685321
P20572,5201.322392728224
P20574,5299.663805772547
P20577,6505.420179321164
P20578,8108.18341500372
P20580,7354.117701054434
P20582,6443.199812447582
P20584,6480.2461118558285
P20585,9284.118727302619
P20589,3663.7231269613562
P20590,3736.1286091534166
P20592,7229.546324502977
P20610,3679.611322820492
P20625,2610.7886012347803
P20626,2510.8286282322606
P20657,14066.224395797915
P20658,15439.813194959723
P20699,3586.166744500738
P20700,4765.649057641945
P20701,3141.4411704176473
P20702,3261.657598600969
P20704,2941.7844120242908
P20706,3261.202693471747
P20707,2641.3121247518416
P20709,3262.8326912331254
P20711,3221.204871840754
P20712,2661.696239644787
P20713,2861.38436751885
P20714,3259.488178322253
P20715,3223.8852673371975
P20716,2946.887347303312
P20717,2567.2389237585735
P20722,3278.3261442693597
P20723,3238.716110535718
P20791,16958.208772143782
P20807,2956.25796112351
P20808,3474.7154053825448
P20839,269910.22182806727
P20841,296423.28541084606
P20862,9153.281445298948
P20892,2855.731746813449
P20897,5019.992377941016
P20898,8010.9444831950805
P20899,7677.34048946789
P20917,123820.7390109979
P20925,11900.768891471062
P20945,2077.414129529942
P20959,4230.709586796661
P20960,4582.210670060877
P20961,4460.672408730847
P20962,276069.6399119214
P20966,272917.6040985324
P20967,295940.9204284555
P20969,11616.262253489067
P21039,2492.9718891869134
P21040,2493.9300616882465
P21041,2478.6575197083116
P21044,2071.1669024481253
P21046,2424.3692152907097
P21047,2455.382231127724
P21142,6024.845579167403
P21143,6037.189568012512
P21181,7226.446567794333
P21195,11520.077316503062
P21313,7241.226670566118
P21314,7309.109206616168
P21315,7190.761128791376
P21329,3187.762452816049
P21372,208553.06286829113
P21376,4146.772242988228
P21449,12441.255078914783
P21450,12020.9245567882
P21453,12165.482939710371
P21454,11843.90595962421
P21455,11858.848371713586
P21456,10464.062351233615
P21460,3877.7352796654163
P21462,4704.602825308968
P21463,233298.8616286309
P21465,243725.87972314423
P21467,4137.840513339887
P21469,2998.794786360889
P21472,2321.5785521573703
P21501,160757.36647022923
P21513,248137.86519350065
P21550,9367.531767441735
P21551,9542.006353733972
P21556,9959.737747292036
P21583,29045.46523203028
P21584,3474.8213797199014
P21586,3536.5059001416216
P21587,7723.035549061784
P21612,6070.476690573387
P21623,2911.9711021311996
P21625,3444.8308712110215
P21626,3590.708047254125
P21630,3623.900512907693
P21632,3510.8002793854353
P21636,3045.027538822288
P21637,3423.6630150551396
P21638,3284.654223282237
P21639,3419.39923028889
P21648,2408.743879474038
P21691,2917.780626767559
P21692,2935.6573969856368
P21694,2614.157565094336
P21696,3087.8585329066477
P21697,2975.5261157126984
P21708,3870.1013868009636
P21711,3468.624285125155
P21713,197706.08266158466
P21728,7566.87878737757
P21729,9641.961177155039
P21732,9502.765394247464
P21735,7210.221781198932
P21736,8601.22650623901
P21737,8635.781240315206
P21742,8269.272699521163
P21750,5903.915950352444
P21759,5843.417023219893
P21760,5651.024751689622
P21762,5716.5577958148715
P21763,7793.727379154661
P21765,6623.682598379977
P21767,6895.41883917827
P21768,6562.894681558572
P21807,22748.947588816634
P21808,25658.107692790134
P21814,23396.95350682998
P21816,3289.170175202432
P21817,3341.2331693472697
P21819,3256.7573766010532
P21822,3330.5100862931185
P21825,3217.6895411604237
P21827,3344.6350236142707
P21828,3401.1555713035973
P21829,3165.6457313852347
P21831,3273.6799809257445
P21833,3199.7462197978807
P21869,3036.5507755516714
P21886,3988.4602041121393
P21938,6506.133488026321
P21940,6725.714396030662
P21942,7461.76665613289
P21944,7376.868368993639
P21946,7647.841755899617
P21947,7850.702670107102
P21950,7272.388259926062
P21952,7035.53931263441
P21966,6447.972035764216
P21967,6452.340939368219
P21970,7336.236288500406
P21971,6986.488096843744
P21973,6789.620225883861
P21977,6376.754156090703
P21983,7412.582956157286
P21984,6416.344974542135
P21985,7918.651176746666
P21986,8077.786427174887
P22017,13514.644027066368
P22032,13796.777884242438
P22036,11993.445920580194
P22052,4347.782150357263
P22053,4130.133335559747
P22077,6505.26616079966
P22082,7164.307462430916
P22083,8836.887031217671
P22084,9202.787131349767
P22086,8146.104200812764
P22087,7846.195370907892
P22362,2260.0988197597
P22365,1975.119098040609
P22366,2173.171237520577
P22465,5990.274049579444
P22474,7211.996586905917
P22476,7200.047604494036
P22701,2855.4172446099847
P22738,3161.963011198636
P22827,204352.0468703843
P22894,22276.908913956187
P22895,22743.604312288495
P22908,2296.612794640009
P22910,2217.0627572102176
P22912,80602.4137476474
P22914,95172.15649649147
P22916,18619.35602337623
P22917,18785.608503462026
P22918,23499.8932585628
P22919,20233.665294283153
P22920,22565.46780202817
P22922,22679.63735997802
P22926,23054.744510564557
P22972,4212.314061848714
P22981,4318.503075196273
P22998,8057.559677865435
P22999,8724.415195001628
P23000,7973.410076297404
P23002,9614.474098272309
P23003,7889.818559209542
P23007,5130.131436924312
P23042,7830.834406046717
P23044,6491.957689438204
P23047,7959.362338815067
P23064,4207.461688811421
P23091,4454.69874989748
P23121,3306.5417100136315
P23149,21692.635502995337
P23201,2946.2292805009893
P23206,17021.288057652684
P23212,23136.853618463396
P23220,17870.37898750405
P23259,7784.974858734564
P23274,21718.918861796294
P23314,13821.11741314595
P23319,302535.26009786903
P23320,298129.5512888166
P23321,294029.2297642711
P23322,275316.56905861426
P23323,277141.94564172794
P23324,332163.9577039451
P23460,8244.268768325897
P23619,7687.740289358831
P23620,7687.933139114395
P23621,7952.485238612846
P23623,7622.914941377549
P23625,7619.512176767996
P23626,3605.0291091434347
P23627,3524.6174149475355
P23628,3634.6153529597136
P23630,3569.92835525576
P23631,2999.3117139910673
P23634,7700.540412973651
P23635,3139.551659927681
P23638,8305.66551503171
P23639,8015.813778417265
P23641,7850.461468024432
P23737,3079.579827687253
P23779,3859.51020567221
P23895,4150.770524141012
P23933,4625.42058915694
P23952,6331.7313649315
P24047,5744.537264405622
P24070,2454.244821421788
P24080,157172.8062817271
P24082,2704.3727822118567
P24128,8044.234269729382
P24161,7495.94718403361
P24162,7016.194839858514
P24163,7995.407656374366
P24164,7529.659350749766
P24166,6712.372267952552
P24169,6329.354840105525
P24171,8737.602654234295
P24229,7296.353410483818
P24253,6209.697477009098
P24266,14167.30368437807
P24272,9360.708826106887
P24317,4189.276431620061
P24339,4601.732226858842
P24341,4967.521227270238
P24346,2031.3450072543808
P24382,10675.74599728047
P24419,2658.2749481043343
P24429,4590.870476657942
P24433,4810.067398241018
P24473,2580.358788048606
P24481,131165.06732080108
P24515,10607.938143618361
P24601,2276.7563707908857
P24606,4018.220978325043
P24609,4958.026478925133
P24709,2068.895233968885
P24805,12035.492989591421
P24830,7959.977584327955
P24963,3191.4347464613656
P24967,26691.831431541115
P24968,21961.134595819833
P24973,7104.359979092889
P24975,7296.299506991294
P25021,3961.9981885385696
P25058,3881.6824701100986
P25280,20733.738946227142
P25281,20999.788489739793
P25332,7123.892334136674
P25334,7411.139693241725
P25350,33848.89878525292
P25472,10823.215235443502
P25481,2195.636042970504
P25579,22030.268308457984
P25581,23504.243684657788
P25606,10017.664759716043
P25668,10544.297411544898
P25877,3069.625337953821
P25878,22179.227694165344
P25941,3221.964975101752
P25944,3383.7924446827833
P25946,39335.76529973163
P25983,7356.3541865751
P26003,10501.398566019157
P26006,9956.901272117266
P26008,10025.177519870105
P26009,7128.017228659848
P26010,11959.326752627176
P26011,11468.534145733554
P26012,10027.227830807811
P26013,8357.25373107096
P26014,9753.55383392537
P26015,11221.252742653427
P26016,11114.89207718965
P26017,12459.585000328596
P26019,11575.693542386802
P26020,11838.296349261058
P26021,11753.944039757287
P26023,10587.122876112688
P26024,3895.460656786265
P26026,7488.339916482646
P26028,8541.128146007666
P26029,8636.454422630799
P26030,8978.19738028388
P26031,3957.2126012238846
P26179,2590.537548793582
P26250,2336.0414195352855
P26257,2134.8542829469247
P26271,2244.4605951273375
P26293,2536.4133372477727
P26335,2419.4715651967754
P26468,11764.288309173264
P26472,9017.358271292624
P26517,3974.970659167804
P26525,8980.648484949028
P26542,3240.204356253624
P26686,7146.006381850885
P26748,4360.72754665715
P26749,4852.60978877462
P26750,4714.701374946445
P26751,4208.049760191597
P26753,4295.966554803505
P26755,4420.392833452997
P26756,4428.237823378929
P26757,3697.3360053993224
P26773,6133.274803271961
P26802,3499.970153669448
P26819,7152.053520494875
P26820,6759.157337938644
P26821,6378.532602472905
P26822,6586.81670734907
P26845,4332.633181992938
P26846,3581.8992058916087
P26919,7267.629720710131
P26936,6342.301446913463
P26953,2112.7897068264756
P26961,2279.666830927535
P26963,2108.5576297711364
P26974,4690.913171635549
P27043,2496.860005236557
P27057,2304.363092094276
P27066,2526.7748421524807
P27072,2199.793077512054
P27074,3083.394894279251
P27127,5412.889928577047
P27182,4931.76535985897
P27194,6698.372855536825
P27198,5819.859703020519
P27209,6326.859188048826
P27217,3264.761060354646
P27222,2786.816379494085
P27255,5373.724603921179
P27256,4718.910520165254
P27284,5350.697529209871
P27445,4693.954628136416
P27631,32958.89026370837
P27632,3504.9980209341447
P27633,3968.663767888395
P27634,3674.617653644782
P27635,34168.602289085175
P27636,36676.717941523566
P27637,3488.990422564714
P27639,244614.78707177812
P27651,10999.763031033517
P27657,8497.547486927871
P27658,7845.528801680079
P27660,8893.237176028222
P27661,7716.6107798223675
P27791,3764.8920054783416
P27806,3798.9318361858027
P27811,2249.5083756368385
P27816,9212.870969728077
P27819,8695.73545207309
P27820,9485.281367822114
P27821,9536.414400377416
P27823,9259.145638326356
P27829,6487.734137412415
P27833,7111.031212350636
P27834,6703.339015201642
P27835,6596.618041246725
P27836,7281.693797283943
P27838,5238.033742221998
P27867,5885.77706509379
P27891,4611.086882984922
P27892,5227.635978906377
P27930,5486.194348920237
P28007,5890.226225251407
P28019,5303.400361792192
P28029,4651.082650343301
P28050,6320.340995280689
P28062,7306.9536338415855
P28100,5630.171325183621
P28113,2857.9127849142087
P28205,3083.8237159415917
P28206,3469.825933810356
P28222,3192.878328920239
P28476,9741.196596882897
P28478,10831.513820241264
P28484,10503.457463519751
P28485,9738.119494706943
P28492,8347.371314990167
P28494,9658.891481814577
P28495,8355.084758607474
P28496,9650.85657516662
P28497,8239.404186102127
P28498,8089.628430476359
P28499,6990.405718428747
P28502,3668.5023150131765
P28503,8220.634865210315
P28504,3735.2160363451308
P28506,6345.805037722551
P28507,6105.05989263657
P28509,8342.48263812663
P28511,7136.3525570714655
P28512,6984.004451311144
P28513,6710.340804691087
P28515,5723.165428255802
P28516,5352.046749210279
P28517,5875.171935518982
P28518,5573.13099847581
P28521,6640.792892337881
P28523,6707.598476963903
P28527,7710.629651451742
P28531,6495.340041317342
P28532,7306.8360060431605
P28533,7727.742958528659
P28534,7643.105218306691
P28536,6917.127043670925
P28537,6933.762864977855
P28540,4224.6357420983695
P28542,4447.5118970561725
P28543,4510.686504821368
P28544,9369.809931298078
P28545,9637.386372632183
P28546,8091.432429876063
P28547,7596.352409495165
P28548,8515.058771651493
P28549,9549.28492491602
P28550,9286.659681892703
P28551,8785.498987690013
P28554,9065.123227520651
P28555,8754.275825770797
P28559,8716.068826387938
P28562,9952.468429535671
P28564,4578.2417565656015
P28567,7324.122866813189
P28568,7906.057051510388
P28570,6889.856498443077
P28573,7721.553688804157
P28575,7333.701940758958
P28576,7322.92434121284
P28577,7581.360158335669
P28579,7633.977659545414
P28580,7583.803309877815
P28581,7922.538159137696
P28584,7640.731878960172
P28585,7555.102954148949
P28586,7745.931646872646
P28587,9840.41300576009
P28588,7568.1676816371
P28590,9377.734874923444
P28591,9283.3596106628
P28592,9086.000756802716
P28593,9609.763304538428
P28594,9462.814779015676
P28595,9037.783049256617
P28597,298852.74720035825
P28598,312993.2715522479
P28599,4437.358661772766
P28657,270737.17145109794
P28690,311458.2332503455
P28693,41639.45026764569
P28694,311225.07038647466
P28696,7041.418293007938
P28697,7188.3747624056805
P28698,8823.393079873309
P28699,28121.05670029101
P28700,7182.905244270745
P28706,5379.256686428908
P28823,11988.134066829885
P28848,13379.515663889833
P28881,11272.211042228697
P28889,10524.41985183196
P28944,11560.966055462379
P29112,24913.244130514096
P29116,3176.150514708956
P29117,23726.02257633399
P29123,23281.652246051835
P29127,25306.271752914905
P29128,19071.06312298245
P29129,21541.704914985345
P29130,2837.013253656107
P29131,22361.469829855105
P29137,22321.662362815645
P29141,25802.093909430198
P29151,23101.405576103385
P29155,8652.548482351647
P29176,13412.963771617888
P29180,10492.27414449499
P29190,11739.77156940483
P29192,10953.924721341984
P29324,4291.306519744469
P29325,3347.952038579954
P29327,4025.661686725475
P29404,4095.008314215829
P29424,5690.9757191589915
P29440,9503.650315972609
P29455,3815.325136171643
P29483,4393.64512430886
P29485,3430.2420838633006
P29526,3754.747873618863
P29553,8467.288724394448
P29591,7421.480271836152
P29593,7505.038535842825
P29596,7614.611641920704
P29599,7376.357728367879
P29602,7824.744872218514
P29603,7747.961994556903
P29607,4973.258891271197
P29608,5782.374853275502
P29639,3505.434492916896
P29641,7440.009765566782
P29644,7787.442385015767
P29645,7484.279246741642
P29648,7227.0021890876715
P29658,7681.67088522163
P29660,7182.19521746404
P29662,7337.813916381243
P29663,7421.701806314853
P29665,7350.382905962378
P29667,6496.222559817776
P29670,6985.471527691055
P29672,6371.6940475451065
P29675,4620.749325185479
P29677,8505.61317067997
P29678,7624.027674782791
P29680,6667.395666758453
P29688,7313.791278967325
P29689,7443.374427973239
P29691,7275.768127957527
P29719,9930.658082366506
P29749,9525.085948443375
P29781,6374.689752563441
P29843,8180.135602819165
P29844,7668.985243679833
P29845,8289.548659780161
P29846,8353.067193525665
P29847,8299.354591535615
P29848,8052.586347795164
P29849,8261.151813534105
P29850,7376.500192499478
P29852,7310.700760838268
P29854,8294.066900836951
P29855,7826.5305227524295
P29864,6985.561511312876
P29866,6889.106779466201
P30025,4700.2503904268515
P30027,297180.49708623067
P30028,4592.945579354383
P30030,4621.222925189928
P30032,6496.675913901461
P30098,10774.855598269163
P30106,9875.836588867585
P30111,10264.43459926177
P30120,10353.41403185086
P30148,8095.722604518835
P30159,4566.371537702825
P30172,299110.4586271281
P30188,7310.1192295859155
P30398,8462.531163111822
P30401,8436.908422350918
P30407,8833.941445929198
P30415,10684.718422083573
P30417,10533.157955091336
P30421,10459.885256465637
P30430,8229.679949439831
P30436,8692.056438842046
P30444,8695.624727736658
P30447,8853.556999232336
P30450,7765.307988510715
P30453,8014.443531089328
P30457,8670.226363411335
P30461,8781.590541233001
P30465,4234.304705572431
P30521,10215.708864903378
P30530,8639.273747433232
P30548,7565.432117391748
P30550,7995.528536602347
P30570,8193.465962816274
P30573,8093.88735788653
P30575,7946.785123665986
P30576,8110.300824706522
P30577,7364.156279386599
P30578,8417.037751754891
P30628,9259.609219819404
P30629,8236.0073707929
P30636,7947.132397658459
P30637,8162.6216463374485
P30644,7453.1791440224715
P30645,7150.114950217489
P30665,7896.05454179901
P30667,7129.638973226283
P30668,7525.187104994504
P30669,7911.335054858766
P30670,7921.199526919493
P30672,9369.920578845797
P30673,9629.237132882576
P30674,7733.660738984345
P30675,6689.814012452472
P30676,7504.379318513235
P30677,8858.287928345848
P30678,8876.721151450214
P30680,9057.641473543388
P30682,9441.048647275087
P30683,9252.632950557369
P30688,7191.722430593907
P30690,7020.127038664245
P30693,6226.729988312755
P30695,6969.590565991988
P30696,7014.473340929676
P30697,6650.684649304959
P30698,6790.455153768782
P30699,7159.129635573616
P30701,6515.569579117144
P30702,6521.013013529767
P30703,6529.178822141989
P30704,6505.670661730991
P30705,6566.829840376722
P30707,6661.660378080504
P30710,6853.300342370729
P30711,6637.534591754141
P30712,7004.999938018125
P30713,7090.753448849821
P30714,7032.457339294172
P30718,6989.204364174342
P30720,4972.343506896649
P30747,7114.470648236843
P30769,6110.354131501563
P30770,6137.096783789422
P31073,4021.9073185567977
P31079,3533.38520181636
P31080,3604.654377981525
P31081,3486.998197747874
P31082,277658.4464969709
P31190,6522.634018734005
P31227,8740.106615448482
P31228,8255.735289557104
P31231,8609.689033373072
P31233,12233.067785469564
P31236,9596.250577086408
P31242,7589.410930943109
P31243,8656.555523776677
P31244,8597.492695258716
P31245,8655.702937552056
P31246,7937.157707354369
P31247,7554.304046530328
P31385,3135.6119681245914
P31387,3534.6060616892155
P31388,3102.4783132572547
P31390,5095.114296381328
P31393,4625.3022534917445
P31394,2861.0040765023814
P31395,3122.3239358896003
P31398,5076.341628229664
P31402,4988.207832177296
P31403,309053.7520448977
P31404,291172.10717057606
P31467,5172.851176231569
P31510,21124.901410902203
P31511,21236.07108611645
P31514,18285.535728073148
P31581,4006.9706082101616
P31583,3054.010580885347
P31588,4146.103595007947
P31589,4473.34873822593
P31590,4008.0059857434676
P31593,4553.476417401753
P31596,4579.67266615313
P31599,5034.778391364002
P31600,4384.994775906455
P31602,4394.624757845385
P31603,3811.360745913636
P31604,4368.398312234167
P31607,7511.179324018429
P31613,4423.133639639082
P31615,4753.5053218774
P31616,5108.301003184187
P31620,3620.879854773891
P31621,4065.611877509846
P31624,10363.736602767596
P31626,9039.91527995347
P31645,9604.037292924288
P31650,9681.65058846868
P31670,24423.597518367525
P31695,7737.053619019973
P31697,8271.175350273763
P31705,9740.928121729923
P31706,8230.339079153151
P31717,9000.512600601276
P31779,29282.243954707134
P31781,22374.0163874181
P31782,21534.458591398878
P31786,2850.077319893194
P31788,2686.83760174333
P31789,19168.589060806877
P31790,2572.217316431174
P31792,3163.1873614850474
P31795,3167.9830918977846
P31797,3275.462527404911
P31989,3078.0395966544047
P31997,3585.7922217502173
P32001,293251.98673850746
P32003,10214.641702059627
P32004,4181.196231917324
P32006,3516.943112123703
P32009,4108.004743591733
P32020,22011.051276475813
P32022,21947.26670068251
P32023,3636.8123393560304
P32108,2958.237761853802
P32109,7586.327680916489
P32111,7312.253356538847
P32134,21157.054788172503
P32135,22154.742476824187
P32137,23142.460673652917
P32138,21451.234131306377
P32140,21302.769068787293
P32143,20846.430142788897
P32144,21968.780618893
P32145,20054.642637828663
P32147,24618.259276991736
P32162,22586.45222706503
P32166,7549.726032978896
P32169,8600.299586570967
P32170,44398.66608931029
P32172,25898.298737303565
P32177,21256.387470179678
P32180,8692.024528815025
P32181,8037.923980729142
P32183,20468.690303730844
P32185,23576.90179567727
P32189,22720.686151768772
P32190,23476.38713503493
P32194,31275.193203809038
P32200,3074.9032096819024
P32209,3233.6044379058117
P32210,3236.701777913817
P32211,3271.581745327423
P32214,3081.1624844521216
P32215,2775.9958676585347
P32216,3136.3331850953864
P32217,3015.969394602957
P32218,2879.740073031192
P32223,116078.07065480846
P32224,2915.5729893958123
P32225,2869.077799518055
P32232,22647.72722391108
P32234,22389.68062258643
P32240,2748.8623399571215
P32241,2895.8110749183575
P32244,23426.172810170872
P32249,2482.003886370953
P32253,2737.916560806852
P32259,26408.229015120975
P32327,3499.07009280277
P32354,216874.27835643513
P32360,2690.748945924183
P32544,3054.204619462441
P32585,10214.466610352429
P32683,4086.455773917092
P32689,3593.6073095904435
P32921,10486.314252556973
P32995,10733.486787413096
P33019,8925.23133455338
P33043,26314.290291101326
P33047,20594.654614507814
P33048,21125.44073289335
P33049,22161.219847147386
P33050,23297.020119191642
P33056,25446.554302133267
P33057,3882.2545684282954
P33079,26105.996535714956
P33081,22629.716172956276
P33084,26324.092155800765
P33284,2649.2514993810514
P33286,3397.5074680495477
P33289,3179.1781851438573
P33294,2925.337771397859
P33296,2625.611103128904
P33298,2774.9740738062674
P33299,3017.8957842812483
P33305,2990.29073873063
P33309,3175.5451410172946
P33310,3179.8733356929692
P33313,24144.49110351807
P33426,10188.211810156556
P33466,3472.6593911810533
P33651,4918.059073341306
P33929,22747.14705726347
P33962,2683.0354009351427
P33963,21922.60816884339
P34022,23811.431772971267
P34025,20023.774710628022
P34034,23527.955805970294
P34037,20286.240031434078
P34382,4750.836136297451
P34383,4688.85314239077
P34417,178071.46733227957
P34538,1560.1347953790962
P34539,2532.30323216748
P34573,4117.787146106442
P34574,4253.098011381955
P34575,4554.985762236449
P34580,4301.5024073656305
P34581,3919.7058696284203
P34583,3643.1313288434344
P34613,3303.3089465664975
P34614,4368.684995505483
P34640,2846.53871815458
P34689,3032.8463626482458
P34709,4142.201247342494
P34710,3570.081736917269
P34711,3760.192928630421
P34745,2984.474703769627
P34750,2385.7045370919855
P34751,1853.5110158402072
P34842,295410.2259830097
P34843,4776.035680957156
P34845,4451.074830549606
P34846,4800.573540432331
P34847,4858.232481999202
P34850,4928.258298135551
P34851,311999.78354007204
P34852,4839.045377914053
P34853,305432.60165226524
P34869,4063.530956078019
P34873,5151.621550908659
P34874,5183.23006749216
P34926,205133.254719391
P34928,3044.434638803566
P34929,3374.302295931566
P34930,3006.0206898963675
P34931,3125.616197960479
P34932,2971.3301322902144
P34933,3407.3919626723673
P34934,2723.212265579281
P34935,4710.552630305712
P34937,4360.500200282418
P34939,4582.847332453343
P34940,4524.784395830979
P34941,4530.376541538352
P34944,4602.8688527624845
P34945,4036.3568242154283
P34946,2881.16559516567
P34947,3573.2379249546107
P34948,3021.955065599929
P35026,2894.2841965852094
P35291,12421.195643708154
P35417,3727.449753783516
P35461,6232.78619773368
P35667,25282.69236749502
P35782,12267.451828913709
P35807,2009.9287699930196
P35878,4176.424080827896
P35880,9928.857178562423
P35881,8718.12953576713
P35882,10990.600432585388
P35883,8976.265078807905
P35885,3099.1015285132107
P35886,6776.801846062901
P35887,3299.5624558769227
P35888,8095.7827258665175
P35890,4225.690014592305
P35891,4357.412941520495
P35893,4393.182001991662
P35894,8410.894375980937
P35897,4052.09801269482
P35912,4890.310735647677
P35913,4410.421454686432
P36011,10639.086482316674
P36061,8849.602738879228
P36062,8631.311039729604
P36102,6653.362510535553
P36107,6587.389996035211
P36111,7177.465927308966
P36112,6811.971325407682
P36113,7315.653108526546
P36114,6475.984757993301
P36126,8357.687167829417
P36234,10952.430920253406
P36235,10335.587869399908
P36237,10789.746093373082
P36238,11448.793797735854
P36240,11611.655949530055
P36242,4487.0672853113465
P36373,4114.414451032553
P36374,4534.043195183627
P36377,4599.708860965515
P36578,11832.220450311595
P36591,9683.795484119897
P36712,26036.52355107277
P36927,1851.3684849482247
P36950,2343.633279381949
P36966,3264.8831933924735
P37024,4647.715424928509
P37127,3990.478944094334
P37142,3671.9493841315975
P37143,3710.530290793304
P37146,3355.493782136797
P37155,4628.55725346574
P37156,4431.051486845863
P37158,4330.871002921947
P37257,117703.85812650436
P37374,14720.915443042286
P37457,5671.829620731345
P37569,6563.762941830487
P37685,12119.895095964228
P37699,3735.553558364298
P37702,4192.020615540044
P37726,7702.854210712428
P37824,8533.965206708452
P37863,4025.3575857747637
P37864,4094.478306466376
P38165,10963.554982651613
P38262,4353.555988091789
P38277,2714.817576252304
P38279,2083.076673383748
P38287,91431.43771314078
P38294,2381.527265743169
P38296,2366.859938924565
P38318,4579.690275965181
P38461,9435.780942911138
P38463,10334.324257289807
P38623,37272.97269576997
P38627,23529.16585308353
P38628,32776.09077609808
P38907,9466.408418553836
P38946,4286.457916469083
P38951,9308.60658325901
P38954,4401.929632887382
P38972,10720.171015817903
P38976,4386.19218321414
P38983,4097.281061815462
P39002,3474.876698387312
P39093,4319.970732390435
P39312,3575.482120577287
P39419,9111.316492157765
P39423,9606.416372409185
P39442,9526.90844090848
P39446,8582.267567263118
P39504,3590.0105582651427
P39538,19629.507976835284
P39542,22100.916126989683
P39544,21040.63943047792
P39545,22832.78579139132
P39547,20983.799744883643
P39548,21475.84697546655
P39561,26386.60219387255
P39570,17606.537780374936
P39575,7721.7651071309465
P39576,8672.062193457397
P39577,8180.318333410809
P39578,8390.735702515263
P39579,8165.679880207576
P39583,8559.470087258793
P39584,4637.437208500283
P39590,5252.119982573767
P39591,4397.803271242297
P39593,4685.795434464002
P39596,9289.804720344966
P39597,9250.332384975389
P39599,9192.10592405444
P39602,8830.690877667934
P39603,8642.809608644862
P39604,8878.991065898801
P39625,12651.561333577725
P39630,4155.950164912309
P39631,4173.135960251573
P39634,3762.0288105428617
P39635,4084.3900283498715
P39636,4161.104823249111
P39640,4162.078979104502
P39641,4226.18938815546
P39642,4258.252991358688
P39643,4253.661136720319
P39767,133801.01520079063
P39821,6563.143955035075
P39935,22581.176279565807
P39956,7525.444506002198
P39959,9540.868967318425
P39965,22624.497021587526
P39966,8514.842247427196
P39967,23837.137478398887
P39972,24990.62764758806
P40029,21824.79118477231
P40057,2476.5972111287642
P40231,3448.94167512985
P40453,6770.005461009709
P40484,8922.372915465565
P40855,4244.2236831103655
P40856,3611.1351677360412
P40857,4626.132385412976
P41061,23980.367623248138
P41201,3196.483033187024
P41218,11671.225044084222
P41480,3713.7584369759775
P41745,5514.407202339076
P41747,5428.01246340881
P41763,5341.8122933514705
P41777,5240.307044152297
P41852,5507.796417630603
P41854,5512.771297316237
P41856,5368.139943243544
P41864,5112.903027071529
P41865,5014.760455680466
P41943,4341.269396307203
P41944,4756.312734054522
P41945,4132.238608988434
P42113,288770.73072440026
P42172,24924.944145045138
P42174,30130.988293056536
P42176,25470.68903487207
P42276,9054.511435572134
P42293,7382.936053548117
P42311,10686.037678646131
P42375,12458.412777844258
P42386,10806.88097110082
P42407,10065.72234547012
P42422,10758.44000992126
P42424,10617.948611757329
P42428,11429.844600057486
P42724,9340.545179368117
P42908,2981.3624614449627
P42974,2361.469527863367
P42975,2314.330825178145
P42977,2240.406597648553
P43038,22095.27297810676
P43076,24827.470287041593
P43113,3453.6993662183872
P43144,5602.218799827883
P43171,2575.7292024716867
P43175,2676.3773807863454
P43179,4132.983723579184
P43348,213120.45317957277
P43551,413202.58650959143
P43555,12376.461734573892
P43557,6432.04750040749
P43576,447920.8562421373
P43577,457194.59870152717
P43578,407374.49123834184
P43596,437982.11387464224
P43597,392178.79579918744
P43600,422126.09858498845
P43625,738833.4062882859
P43626,540246.519133098
P43628,6779.723687452735
P43657,25276.73852655746
P43664,24424.052503859853
P43665,23451.419997514768
P43670,15394.022414495517
P43675,72326.77486373305
P43746,14902.710816626852
P43749,606224.728921541
P43753,15210.338170869465
P43755,564747.4798070493
P43760,825397.3308414619
P43765,73673.29874805539
P43766,55194.96391537131
P43768,37879.01615421248
P43771,55766.323142825444
P43772,22407.251919635473
P43773,21806.836139516363
P43780,6472.616988015521
P43787,2755.8982943515725
P43790,7482.533998208076
P43794,6788.785219849208
P43845,3920.8102317294915
P43907,17920.44145912454
P43993,17347.123177128684
P44005,1267315.7586379312
P44008,1223412.678390667
P44009,1166430.7878077247
P44014,26418.71366275002
P44036,8555.441140362298
P01003,4739.689550692464
P01005,5775.209022195984
P01011,45332.6976443852
P01032,4303.383056014131
P01057,5078.552310886408
P01062,32053.043036132993
P01064,4942.23172815309
P01065,33047.393404782575
P01114,5651.624625870877
P01115,6938.966080553491
P01193,3901.6262923077047
P01205,40548.417149083194
P01249,5861.461417732648
P01261,35345.6982076075
P01277,33968.24107784906
P01331,32409.958270411076
P01386,4879.72345745744
P01401,4139.01008907476
P01407,39801.03192927214
P01558,3043.98717530897
P01572,4335.805652240527
P01595,5527.265861094693
P01603,1889.7912183663839
P01645,34902.21875461343
P01650,5021.64473844291
P01761,6181.466407450053
P01857,41091.35712372725
P01874,4819.2589840686915
P01945,26374.77134608754
P01985,25717.22466794187
P02005,4711.360443221208
P02009,4505.145535536697
P02087,3337.4290666085103
P02144,26390.542655453017
P02146,7052.9496821088
P02162,34687.4321286188
P02263,7745.331852781473
P02274,6606.77986345616
P02319,44551.301362270766
P02347,11054.223001427696
P02404,7213.034495817709
P02428,4563.877449953417
P02504,3647.0421452537867
P02526,5800.251401870322
P02533,47588.82510126562
P02611,5085.651575029667
P02650,47056.18416581223
P02683,52168.1884945515
P02697,6032.740792017428
P02700,44550.41783382023
P02712,39158.46706542069
P02733,5039.364055301808
P02745,42861.269721385936
P02845,39777.32403221301
P02862,5383.892107216285
P02920,7999.168429649448
P02937,5308.755657894785
P02977,6218.220044813838
P02998,31629.569959736546
P03024,4398.961288905837
P03058,5765.608607025298
P03080,2722.885731840055
P03088,5830.463275849904
P03195,3576.584837033697
P03217,5882.615364125419
P03218,5654.795455795495
P03226,45183.27277100426
P03260,31498.153610883077
P03278,7183.966621740687
P03335,6162.501096971032
P03394,5997.990753300085
P03398,193767.38302471922
P03415,6733.210048553144
P03451,5629.401298037228
P03477,5533.812117005617
P03491,72195.78312428824
P03619,7210.252393801884
P03623,4699.919651784706
P03652,6461.142914208388
P03665,4794.84502677101
P03738,6252.851048502032
P03774,7569.7568061785205
P03834,4088.054335221869
P03854,160896.96616345175
P03888,29432.215989691424
P03895,26112.114157608612
P03906,27126.094075151756
P03919,4644.747769834401
P03939,4790.711653358571
P03943,6001.926940025193
P03946,4813.772776049441
P03949,4041.75024791774
P03965,305930.8198407651
P04003,4508.290258154327
P04047,34320.75175648101
P04077,42788.470750418215
P04078,48953.39189765472
P04082,44199.71528452064
P04124,35306.08867683673
P04131,6206.554506568415
P04144,54140.93463183686
P04165,41883.69341668801
P04247,5468.182827615075
P04252,5380.913635922531
P04259,4883.135952631044
P04327,7113.456005291698
P04337,67311.64705584914
P04400,7272.380552377939
P04410,29476.454794400983
P04433,28478.12075921825
P04451,7394.406179686749
P04481,212609.80153785564
P04536,5357.4344954708795
P04559,6442.930559094028
P04583,57486.494070062625
P04635,1665.6158959298807
P04705,4747.901306315491
P04764,7320.2096258860165
P04864,3628.38824787614
P04962,40739.273332650555
P04969,226270.48515141426
P05102,5287.35606076694
P05126,5322.406446248959
P05278,37979.92715866484
P05313,38208.9095725157
P05329,37008.808824551044
P05342,7052.723688347746
P05446,4081.185340209111
P05449,3751.096824736949
P05450,5610.943542307871
P05457,5065.587092669855
P05559,46051.1777149942
P05588,5164.0500901872
P05609,4554.470728602159
P05618,3501.4173908114544
P05669,6401.641137774865
P05759,34654.62281540043
P05760,35579.97232665296
P05764,35732.344620076336
P05765,41491.35012030451
P05767,51699.15322552869
P05787,5717.837924527076
P05799,5127.470789261125
P05814,225137.06235106455
P05829,4523.7381863600995
P05950,5652.405252985565
P05979,49896.89388915798
P05991,1917.3586438069497
P06014,42138.14518672014
P06025,42334.06323218467
P06050,24282.00374643655
P06062,4349.139083824495
P06177,333039.61687556346
P06199,3956.4707103126766
P06213,34420.712765462464
P06282,4971.5826945935205
P06300,5156.142372561756
P06395,30670.161147405415
P06396,29507.416471540593
P06397,4816.867741513567
P06921,8676.22536879396
P07079,5701.6231179663055
P07098,7360.627896523906
P07102,7758.216208823693
P07265,6850.479817848435
P07266,5915.928662684681
P07287,7219.627348508606
P07409,7472.3171097811955
P07541,7100.47337742301
P07603,234208.31139219835
P07611,7545.199011164827
P07612,6758.0285538210355
P07621,35913.55926194888
P07954,10967.849762443298
P08111,6686.348487860032
P08139,9298.335056753762
P08154,7041.1830878434785
P08185,303980.8992893549
P08236,4700.694030432759
P08840,7826.37240225558
P08848,5056.4927195288665
P08878,58079.64163812832
P09113,31433.166746908686
P09155,8940.107307978555
P09207,5557.490084366394
P09254,55550.93624143994
P09305,7394.299224595734
P09307,236558.4551851904
P09599,6037.715442316498
P09742,7158.832957640586
P09743,5527.8272095558395
P09812,6492.268941467247
P09813,6618.761487459255
P09864,6065.975943759174
P09866,5540.157045900597
P09867,7758.168431999643
P09868,6428.190628200569
P09869,7096.460685983005
P09871,4434.157912846855
P09872,5199.322805292938
P09873,5132.993883973245
P09874,4978.168174339888
P09876,5288.082847775224
P09877,5383.801983602129
P09878,5410.481602069161
P09879,5862.907843300355
P09880,4670.133019605453
P09881,5550.7484608684235
P09882,5959.827659526946
P09883,8777.61558604744
P09884,7898.597689305496
P09885,6179.730994419591
P09886,5491.28321898982
P09888,6440.842866184851
P09889,5628.30746430453
P09890,5873.368803218516
P09892,5697.143708507378
P09893,5435.090761852787
P09894,5679.969119112473
P09895,6096.534926099567
P09896,5597.156594268402
P09899,6050.507955910388
P09903,6468.3641351165925
P09905,7270.53202054505
P09923,5258.867458326097
P09926,5692.888092582708
P09927,5229.245531460145
P09931,5810.766233361511
P09934,6094.4097256345885
P09936,5814.304220973481
P09938,5729.457063807362
P09944,6072.18321464002
P09945,5048.041859866991
P10182,6450.188132764927
P10316,43638.48320369
P10543,5439.784441890975
P10545,5418.050824069549
P10546,5539.584563188164
P10547,5651.709158166668
P10549,5626.544324856654
P10550,5485.088262714337
P10551,5448.860556337268
P10552,5347.55099675138
P10553,5514.891289469365
P10555,5437.3852634272525
P10566,6883.132691444503
P10572,5056.860187914878
P10608,5949.9272486592845
P10679,7798.696691080312
P10827,5775.230281384971
P10876,11313.840110690247
P10896,522197.3293244645
P10898,10735.16278273066
P10974,5482.063842462852
P10975,5359.184851212306
P10976,7254.870345414927
P10978,462740.27463681455
P11038,6565.076397144448
P11042,6195.775200676202
P11043,6308.348191551694
P11044,5855.711982506875
P11045,5737.1037349018015
P11046,5941.421824937036
P11050,6220.398418170408
P11052,5815.049582279137
P11053,7298.731799578507
P11054,7100.188674399659
P11062,5751.437150682992
P11063,5679.564195805116
P11064,5669.989329225715
P11066,6035.39696936522
P11067,6689.302209180534
P11068,6253.29102764021
P11072,5346.330300581824
P11073,5572.549838795505
P11148,6607.134340269511
P11193,5799.626353824407
P11216,36357.40830515256
P11237,6472.0917202719975
P11354,5725.273730909828
P11355,5919.784766761632
P11358,4271.914905984859
P11528,4584.149402914066
P11616,4812.628143005702
P11617,5495.770822985855
P11618,5159.374454844505
P11620,5092.647505998059
P11621,4656.837828064533
P11821,5287.294069487833
P11899,6092.477191246755
P11906,8681.320179343986
P11997,6332.292258051358
P12110,38655.3510371257
P12177,6142.878144615448
P12228,3989.714212755301
P12248,6020.596250177848
P12255,6061.707772377838
P12258,6679.60348380265
P12265,8596.384686722344
P12341,5796.738600090551
P12343,5852.67854496674
P12344,6264.975761650916
P12345,5825.317832929543
P12375,6308.036792057531
P12461,5654.3549222502115
P12493,6087.8141737475
P12494,6181.572035883378
P12497,5994.712177423834
P12499,6010.562082285276
P12500,6278.072475192875
P12501,6168.094073955324
P12525,5438.140549898396
P12527,5487.271423723323
P12529,5661.628179389989
P12632,5900.7365339595135
P12653,48501.35174704435
P12668,44044.32603676104
P12713,5872.366875292141
P12941,5695.343508899448
P13195,6156.387927779038
P13390,5191.9088862671115
P13434,8760.244527864748
P13604,5958.4175523897775
P13610,7863.021796818611
P13643,9878.203093185326
P13671,5417.0795340954655
P13693,5337.5321653498495
P13702,4637.988170895889
P13745,6362.0885566649
P13856,49973.47149884794
P13920,5738.096382110992
P13921,6038.328253473487
P13925,4741.794367747139
P13927,4768.464736737205
P13928,4936.016224969909
P13929,4571.615830222173
P13931,4585.438000747625
P14013,5455.726275711861
P14080,4885.871455717726
P14082,4766.194454856226
P14121,462233.3732817089
P14223,5717.0577079442355
P14275,6468.458828688349
P14341,5905.262873618836
P14364,5666.57099055982
P14375,4516.837565112515
P14392,7169.731241357715
P14434,6854.640327356306
P14435,6337.405139584988
P14436,6239.494082566735
P14440,5186.021065652083
P14442,5330.498719974762
P14446,5277.983152253468
P14448,5329.375772675079
P14451,6321.3886897002
P14452,6056.637775422512
P14455,6262.499229372978
P14458,5433.5559065562575
P14459,6255.778365746496
P14463,6103.887580814214
P14466,7819.837734331433
P14468,7236.994716905629
P14469,5920.860253519202
P14473,6007.692121263234
P14476,7065.688651565089
P14477,7338.43073676954
P14479,6956.259732728642
P14481,6186.784176297166
P14487,6131.180039725738
P14488,6416.71742526366
P14550,6484.697726241245
P14552,6110.863510554701
P14553,5898.069338123418
P14556,5029.449099866853
P14559,6315.1524788884635
P14560,6099.212285498338
P14562,6448.727693743478
P14563,7075.772836658472
P14575,4590.029270104364
P14576,5397.198862430964
P14577,5839.958110769313
P14584,5358.9937179160115
P14585,4647.628176028357
P14608,6547.708145928654
P14609,5440.369607451285
P14610,5325.82269310131
P14616,6121.28795585805
P14635,7612.698211793919
P14637,6771.137111429885
P14638,5970.284718326984
P14640,6847.315253855962
P14657,5785.533162741859
P14661,6066.206364402894
P14662,6077.543013624123
P14663,5341.473650157004
P14664,5979.693749873657
P14665,6531.196578375291
P14666,6035.315244490383
P14669,4915.3422468968065
P14672,4977.440739888597
P14674,4944.759389613064
P14679,6075.39127706771
P14742,7073.699354694815
P14753,5570.17469364648
P14780,6533.331236746931
P14786,5670.798969973249
P14787,5442.005215667753
P14808,6205.720731091665
P14809,6233.890450142172
P14810,5837.517301302216
P14814,6448.201086766255
P14860,6937.922602418093
P14865,6799.710334615995
P14871,5717.966161441299
P14901,4465.695753688969
P14918,6667.72732888533
P14923,6021.753182228532
P14926,5086.180658358865
P14947,6431.560332124577
P14952,7252.038424178703
P14953,7602.855040071559
P14955,5406.4681761161655
P14957,5591.889530795857
P14959,5936.263298366526
P14960,5778.4815101838585
P14961,5716.615087338184
P14962,5485.384120697697
P14963,5738.189671549664
P14964,7027.767990663976
P14965,7106.574581744784
P14966,5968.138626060791
P14967,5297.970030859466
P14971,7607.895652826408
P14972,7223.082793005533
P14973,7084.13920945114
P14974,6220.665565960643
P14975,5977.034264070003
P14977,7824.637595136725
P14980,6685.460692859572
P14985,5323.130268456051
P14988,6316.291331727105
P14989,6967.6150462177475
P14991,4911.866225361772
P14992,5166.456050257088
P14994,6173.044964910944
P14995,6126.554763582705
P14996,8149.742689035077
P14997,9829.992488137446
P14998,7560.292089810769
P15000,5807.645165830736
P15001,6172.346967935712
P15002,7277.213532065859
P15004,5816.196821707437
P15006,5300.760104642719
P15008,4661.044948042053
P15009,4768.296880220928
P15011,5310.539854927133
P15014,10329.613105354114
P15015,6244.459825072177
P15017,6334.141470415692
P15070,4487.933491862728
P15071,6022.597335236356
P15072,6132.049876182286
P15073,6223.545050040766
P15083,348954.01880400453
P15133,6131.853567012705
P15148,6207.815320985941
P15151,4935.737472640346
P15153,5751.481866925362
P15178,5979.679110213619
P15179,6058.8350630514105
P15181,5442.896635509079
P15234,4667.488173042233
P15236,6520.098022546137
P15237,5192.720417288603
P15243,49394.39149315571
P15256,55891.9447842699
P15258,5444.263410281165
P15260,5510.428937224577
P15261,5015.645148736882
P15263,4846.596986130154
P15264,7142.915463293526
P15265,6691.305885506882
P15267,4732.623336200493
P15269,5678.190913726696
P15270,6131.797102657349
P15272,6011.118275592186
P15279,7693.98151011182
P15280,7865.627425869036
P15282,6311.2698752234965
P15302,4681.867273501429
P15305,4832.824785396164
P15307,4525.183450789328
P15308,4765.289507279675
P15325,5398.835590937772
P15341,5961.153896221041
P15343,5156.163129404238
P15344,5192.203664244837
P15345,6450.457702861849
P15347,8286.939976090815
P15364,6405.081851183957
P15366,7367.79622417248
P15413,3933.9965259956143
P15416,5651.861900648033
P15417,5622.641964945317
P15422,5597.671911038097
P15423,5647.63298831028
P15424,5533.547636187964
P15431,5023.416394522712
P15433,5855.4430190431485
P15434,6022.503289422055
P15443,7376.652123965902
P15444,7461.343996792094
P15483,5036.545399455346
P15487,5262.045014913385
P15488,5804.801774834268
P15511,5127.528937327575
P15512,6118.43414252045
P15519,4361.39546707227
P15520,4684.461313110679
P15521,4326.68034727203
P15522,4554.040760405718
P15523,4741.373988963584
P15536,7292.363480387528
P15537,7277.000738662021
P15541,8458.441489757595
P15542,6615.292826158157
P15544,6186.285991243101
P15545,6976.985261702909
P15546,6308.673326819704
P15547,7038.274961601902
P15548,8749.979282693
P15556,5923.6010864041145
P15586,4206.794072622845
P15587,3782.667630266792
P15588,3652.1721776450336
P15836,6120.37040892964
P15876,7399.990999124099
P15880,6321.583892358719
P15881,6754.276924884439
P15883,54217.045497528365
P15948,6254.256070372088
P15949,6225.988520158814
P15951,7043.432076973053
P15952,7661.161533277023
P15956,6151.501693384192
P15964,6226.43099855424
P15966,6743.453953764767
P15968,6611.14858659119
P15971,5126.878433256096
P15974,5894.426640757562
P15976,4746.808588087964
P15978,5292.061060589334
P15981,6439.520504301492
P16058,6302.261834978385
P16059,6131.120664986364
P16061,463485.01574109175
P16069,7444.834474052008
P16071,7340.721323800868
P16072,7082.691501065812
P16073,7900.333527357632
P16085,4874.3556035307265
P16148,5918.02450074442
P16150,6074.581814819675
P16152,5960.244226987283
P16153,6839.49690656263
P16239,3870.7948392720978
P16242,4670.8506278053155
P16370,6849.527668415199
P16379,5532.333183026245
P16389,4524.686016508326
P16391,9335.867902930897
P16408,7712.787880418578
P16422,5485.662309498884
P16434,5984.783257381523
P16436,5740.2963060642505
P16467,4244.858222662642
P16468,4057.043521812163
P16469,4370.403215842139
P16472,4130.815171934008
P16476,4069.334040428897
P16477,4104.989229961917
P16478,3186.8875492861694
P16480,3928.882035800687
P16483,4146.281577320584
P16484,4702.501193187828
P16485,4668.429074953554
P16523,6477.130544965328
P16568,6051.1022490859905
P16606,6941.837534215664
P16607,5707.671885090284
P16608,5761.196904868684
P16659,6153.57185888231
P16667,3909.1985907740227
P16670,3925.551754764538
P16676,5970.88782591347
P16677,6152.2823250637475
P16689,5363.425053721179
P16822,6221.935311898742
P16825,5639.705243702086
P16827,7470.0828287418235
P16897,6416.520161461995
P17012,4513.905665355545
P17042,5101.532909676359
P17124,7153.890576355652
P17185,5702.83888477943
P17219,5563.047386781874
P17221,5932.661351420072
P17222,6046.24650851473
P17225,6054.508938451199
P17235,5913.449237361399
P17490,6807.371669075951
P17494,6896.864768559799
P17646,6460.085420519469
P17686,4060.928090880675
P17688,3795.6822826743446
P17690,5801.152417633493
P17691,6073.150721387313
P17692,5805.350631172981
P17695,7961.527590876848
P17697,5264.367358664558
P17698,5185.321289712571
P17771,4234.554999032254
P17772,4094.0376721366333
P17773,4186.356259416339
P17876,6237.739179556971
P17877,7621.767148326503
P17879,6693.821468481283
P17882,6865.183014775553
P17884,6157.987320390306
P17886,5738.3458609058835
P17888,5538.408870158936
P17890,5721.556660402653
P17892,5479.23421245736
P17901,5701.178405798898
P17910,4620.817996374734
P18090,4883.248368872137
P18208,4036.4643680622926
P18280,5370.396187974579
P18313,5828.828081912175
P18318,6919.0949051134485
P18320,6196.579994138004
P18321,5605.828905670048
P18323,5400.596610945653
P18327,6057.962025550751
P18329,6306.22457326427
P18330,6653.537986415352
P18335,6452.744020282765
P18419,6759.617487310438
P18420,7129.075503047576
P18422,6053.54119807628
P18424,5956.75549480572
P18425,6192.315615982876
P18448,4481.445253501431
P18449,5005.850365304736
P18450,4237.747964884605
P18572,5579.878230835526
P18573,5402.897567351786
P18575,5141.503048919841
P18583,5121.85791838456
P18653,5563.213696187346
P18699,4100.83262750772
P18767,3769.476711556041
P18808,7812.324350237557
P18809,7238.140855059054
P18817,250374.3582803289
P18869,5738.546335219729
P18949,5423.860074187225
P18994,37858.57126795765
P19016,7587.559511143724
P19019,6264.8261565695675
P19020,5644.471402474683
P19065,5033.789234899632
P19157,5999.245035899254
P19176,5099.421238315709
P19179,5177.832383464001
P19182,4853.810983963735
P19185,4098.952585189196
P19188,4956.284167231097
P19190,5327.83135795198
P19198,5931.052210094416
P19220,5127.387627327868
P19233,5120.506954523273
P19236,5553.7536079227175
P19294,3561.9579490989377
P19312,42277.790204571196
P19403,446665.98020960856
P19525,5803.879112061159
P19528,5026.201106553503
P19610,6742.54064115719
P20081,7089.212797785451
P20082,7002.650947298439
P20167,7182.145183029428
P20168,7142.38940194333
P20171,6210.682664072311
P20172,6280.54586363088
P20177,6293.525193814391
P20193,5327.481237101324
P20194,6388.902688315638
P20195,6170.03607113875
P20196,5955.311421671523
P20197,6446.632100049732
P20200,6225.3724871003305
P20201,6402.581038218019
P20203,6326.869807374063
P20204,6207.421796795838
P20206,6027.803385132749
P20208,5550.023152415433
P20209,5443.515940678947
P20211,6262.186969602422
P20224,5874.1979252355295
P20226,6110.85851168064
P20227,5932.660888261619
P20231,6010.165079669216
P20232,5813.82930889008
P20233,6345.308838930491
P20235,4673.605277858883
P20238,5407.735002726986
P20278,5968.300354771788
P20279,4981.9584989741625
P20282,5209.856406830798
P20290,6331.587971678869
P20297,5634.055947497954
P20306,6281.291949342134
P20322,5676.70045750266
P20325,5969.542660542915
P20331,6215.155181372256
P20348,6924.221683916617
P20354,6804.220987070051
P20356,6607.688856528441
P20359,6505.034239659919
P20360,6386.902843909009
P20361,6517.27546529178
P20365,5100.725235539482
P20366,5698.8938834174505
P20370,5781.845082204493
P20371,5809.318665328644
P20376,6259.968308898008
P20377,5839.506495947375
P20426,5617.787906262967
P20463,5427.7850862869955
P20575,4339.8634281865125
P20581,5568.618421124482
P20583,5321.0220744613725
P20587,6194.537383555913
P20591,5643.225588863568
P20631,6023.7648607188685
P20650,44877.36940114814
P20675,7123.240711859076
P20698,5103.449788571034
P20703,4285.130422263793
P20721,5119.598869283948
P20758,4455.674770678143
P20779,5101.529958861657
P20810,5562.982581014575
P20820,5528.410920503363
P20821,5422.040904459234
P20822,5390.579324986802
P20824,5376.410706289411
P20842,7564.202624953757
P20863,7035.78361545442
P20864,6322.764656552036
P21043,7115.684043215448
P21045,5996.239455222382
P21052,5271.668908871283
P21055,4936.931721151654
P21125,6386.879895644066
P21411,6564.0622946868325
P21416,6459.842683865751
P21447,5806.509549220161
P21448,6749.940887115069
P21461,347688.0864350829
P21466,8048.398381591904
P21468,6933.957131303023
P21503,643427.5599020629
P21549,7463.605560173876
P21585,6219.091267285363
P21622,5106.168948087159
P21634,4423.386884050757
P21640,7511.5004191032185
P21721,5515.64628602142
P21725,6204.344320798506
P21726,7181.320435007096
P21727,6694.60834672152
P21734,7115.621283801624
P21741,5340.866975953825
P21764,6039.676370055098
P21769,4983.504032877681
P21806,6642.42132852448
P21904,6692.5384033717355
P21906,6214.045910243892
P21909,6473.428869731661
P21913,6851.334500607683
P21914,6921.996200069025
P21917,6601.476285479142
P21919,7505.997280038838
P21920,7160.015968672381
P21925,6269.933132375777
P21937,5626.884211134642
P21943,5876.112941898182
P21945,5981.883981247362
P21951,5640.912237037631
P21953,5206.069340124451
P21954,5861.438099007258
P21965,6038.888433055421
P21968,5392.816900394152
P21972,6930.576916019239
P21976,5840.629606916726
P21978,5583.001512941898
P21980,7782.499776068856
P22010,7049.392300208433
P22011,6918.131298726069
P22012,6520.399952496244
P22014,6728.194550685772
P22015,6799.227344599974
P22018,7393.7624379818535
P22020,7078.548656786616
P22021,7052.172938685455
P22024,6837.180536578297
P22027,5205.760733493703
P22028,6276.114724376906
P22029,6634.526276727862
P22030,6491.523980949905
P22031,6709.308491462557
P22033,6682.231643846621
P22037,7309.907014945371
P22038,6125.165656187326
P22085,6581.952628625346
P22744,2972.7102135383034
P23001,6803.5182476550535
P23142,6444.991116327753
P23258,7124.2598801591175
P23277,47025.3174847373
P23454,4850.162467748341
P23596,7156.26465461806
P23622,5774.901465773703
P23632,5513.630407064134
P23636,5425.410430424965
P23637,4520.030674350155
P23728,7740.99767109335
P23730,5808.874176764475
P23731,7327.244933656482
P23732,7256.288817279647
P23734,4816.348952961819
P23740,3984.918713166661
P23744,5791.367766717406
P23747,6099.413453540381
P23748,5697.65664441649
P23843,5554.429699757287
P23870,8369.352787209382
P23981,5642.011543463682
P24129,4830.405476852592
P24130,4501.936707210067
P24131,6151.9759478178585
P24152,5985.920707709302
P24227,5485.940230264449
P24243,6744.727831519967
P24244,6729.538261603462
P24245,6542.247175741864
P24247,6011.478649683427
P24248,5479.544652654094
P24249,7777.996571022249
P24250,5818.825405804831
P24251,5867.14532836874
P24252,5292.979285325837
P24254,7095.094329954373
P24255,6071.9438818474755
P24256,7206.815420012362
P24258,7179.433629978959
P24259,6607.430515303037
P24261,6944.209521848286
P24263,6741.2449206640395
P24264,7009.8662658934645
P24265,6820.2239170119565
P24268,7837.324518583864
P24269,7742.761531952299
P24270,7600.703769342213
P24271,7263.082222927506
P24273,6702.231314341756
P24274,7168.819927778924
P24275,6774.505282238391
P24372,4675.691418861122
P24380,6853.815975669448
P24383,6502.078713254555
P24420,5070.308723879401
P24454,5451.940528807721
P24466,37041.25693853576
P24732,378441.62243086426
P25331,6071.341623401261
P25333,5207.7010474699
P25509,6081.624950223603
P25510,39516.40177681242
P25511,5170.167684352053
P25553,6955.44442115798
P25558,6958.700056547211
P25563,48513.82451449377
P25576,44602.99683243947
P25689,6984.290697631404
P25951,5134.832073300908
P26022,6245.207590022227
P26202,6186.624234910697
P26522,7887.956002003851
P26524,7209.30132026927
P26537,5903.111231512924
P26538,5847.157743271386
P26539,7284.389832911822
P26541,5339.075093739741
P26605,8836.905537294891
P26640,5880.067149747565
P26679,6562.796107042772
P26688,5944.729370049129
P26731,4589.244664188617
P26736,4581.059199081915
P26754,7758.112371270619
P26758,6314.878679107772
P26798,6861.225545514877
P26855,6585.716557613472
P26929,5860.571053394819
P27290,6794.739734423934
P27291,6720.703089853946
P27292,6582.879872150423
P27293,6882.570498999931
P27294,6707.75168242587
P27297,5951.458205446273
P27298,5836.403996336572
P27301,5822.956679311757
P27302,6454.6429987023175
P27305,6456.49462616422
P27397,5572.207119778299
P27419,6160.945257848865
P27440,5389.123796670306
P27441,6043.550366241469
P27443,5926.839326034
P27499,6875.517155727743
P27501,7077.055568662559
P27502,5421.3834947825935
P27503,5487.563033759705
P27506,4649.485756515716
P27507,6089.912156644419
P27509,5327.634247965309
P27510,6065.505303305145
P27512,6690.221794591169
P27515,6081.082419019115
P27520,7014.660100122725
P27522,7119.999895352414
P27539,6989.51376877986
P27540,7215.561684581426
P27542,6834.536407241028
P27543,6279.99313925251
P27546,6972.960062715513
P27548,7030.782692840661
P27549,6971.641423303899
P27551,6981.277264832587
P27554,6958.966236770342
P27557,6983.81515225122
P27558,6889.664193998248
P27559,6948.364073793569
P27562,5559.723143770853
P27563,5573.896877666438
P27564,5546.038946942115
P27575,6656.79821824023
P27576,4950.588918102354
P27579,6697.921489590391
P27583,6384.682789002548
P27584,6518.025011019341
P27585,6615.337251767527
P27589,6880.967415031022
P27597,6878.301359171751
P27599,6923.409644731823
P27601,6852.793110648429
P27602,6705.745547717577
P27604,6954.024629101518
P27605,7420.835401834914
P27606,7382.446986106244
P27610,7221.514288915792
P27611,6953.978679674914
P27613,7062.4748354750955
P27614,7650.460891770439
P27615,7996.7289100505095
P27617,7762.060396785409
P27618,7509.712915769261
P27622,6386.144975293462
P27625,6881.031388242919
P27626,6675.337822125644
P27629,7154.626474166488
P27630,6916.9504939988265
P27652,7592.373122464083
P27683,5483.075617510743
P27809,6747.13186370138
P27824,7098.699632210305
P27826,6713.2166941540445
P27830,5017.553885091092
P27831,5715.1397910980295
P27832,5674.859434227748
P27837,6489.6729834084135
P28449,6109.585953201591
P28450,5308.27503555597
P28452,5247.118424254929
P28454,6126.851216434828
P28455,6609.424912095877
P28456,5330.940546943301
P28457,5942.430899376156
P28458,5489.778952680971
P28460,5465.966392227764
P28470,7264.080378206486
P28471,6515.61613676233
P28474,7193.095752270983
P28475,7301.492825089624
P28479,8553.407683237496
P28481,8081.1051613899945
P28486,7195.227999604296
P28487,7306.218936922552
P28490,6626.283929462398
P28491,7411.199543202332
P28500,6425.960466245392
P28508,5682.311944861641
P28514,4415.699358928563
P28520,4996.516744862735
P28522,5703.878353050875
P28524,4806.991173737997
P28528,5663.059848834619
P28530,5624.959552780841
P28553,5883.408315024125
P28556,5755.422987614955
P28557,5981.214314095946
P28558,7191.190157342606
P28560,7219.417694936197
P28563,5048.696508967913
P28574,5645.754457320304
P28583,5199.143284971854
P28596,7165.0319992183595
P28644,6030.33203830955
P28691,5600.6516495700325
P28703,5321.33985774202
P28715,6738.751060768348
P28717,4958.834616042804
P28718,6566.295693611853
P28719,4592.70138663186
P28733,4523.232339182627
P28734,5870.830910843642
P28744,5979.137858076663
P28745,5764.297304459111
P28746,6552.001526012118
P28812,6895.761337343605
P28813,7024.25820024524
P28815,7149.963233522582
P28820,6089.942692762421
P28821,5940.760480085278
P28822,6679.675302078413
P28824,6849.2986802457235
P28826,7038.769591282341
P28828,5362.05040507584
P28829,6518.223823698417
P28830,6780.7232924628925
P28831,6654.563625343355
P28846,6243.080935610336
P28847,6694.522423041461
P28850,6635.576178716883
P28851,6924.098452132001
P28852,6795.364039848208
P28853,6152.085411311933
P28855,6710.772789440446
P28856,6918.3921169510595
P28858,6244.2599615928
P28860,6216.690641557665
P28956,6644.294390273496
P28960,6429.330351943406
P28964,5803.693401959882
P28966,5123.6267498024245
P28967,5327.822904221063
P28968,4623.3375671524855
P28969,4111.211109343427
P29036,6797.041236855911
P29044,6408.166880481624
P29046,7286.361195579393
P29049,6317.965818435044
P29052,7164.735554487691
P29060,7994.486202117026
P29061,7149.916603525872
P29068,7672.072958307453
P29069,5647.631853790306
P29070,6091.677311217975
P29071,6285.66369679935
P29072,6572.320801567917
P29075,6031.919989794388
P29076,5985.797834046028
P29077,6059.116258224194
P29078,6069.485931143912
P29079,6405.333504011541
P29080,5522.421670427364
P29081,5102.031111496132
P29082,7387.583980620775
P29084,5416.643669530958
P29086,5971.367923578752
P29088,7095.803337252897
P29089,7162.869923110389
P29090,7217.974954658978
P29092,7227.080439660113
P29093,7184.065835593519
P29094,8228.328560621954
P29095,8214.920801096943
P29098,6640.048275678418
P29099,9695.59745816546
P29102,5710.787613191923
P29103,6669.314677493547
P29108,5847.820902743662
P29111,61931.53083765748
P29154,6998.473482862048
P29156,5767.838498718363
P29157,6756.324094790602
P29158,6878.085883832097
P29160,6880.301412212953
P29161,6856.0188206234425
P29162,6862.767357428427
P29163,7003.4166016755735
P29164,6827.732756436044
P29165,6883.7129812058665
P29166,6864.166577438444
P29167,7491.645630397312
P29168,6583.234095153894
P29169,6873.624354692589
P29170,6328.256388488691
P29171,6312.176656623059
P29174,6488.4913432061085
P29175,6845.953570491367
P29177,7035.834980452068
P29178,6112.172474427931
P29179,5865.649662363878
P29182,6220.183951443045
P29185,6159.744171163613
P29186,6236.208948791735
P29187,6262.3370948729225
P29188,6277.8275653933915
P29189,6752.242541984339
P29191,6741.885581956385
P29194,6342.607993091738
P29195,6264.441313801482
P29222,6498.448293775009
P29223,6743.742724443241
P29226,6775.125586067409
P29227,6780.972526708453
P29228,6697.67259029762
P29229,6606.3078423336865
P29326,7370.593433212205
P29338,5296.058309261106
P29339,6219.2952735321105
P29340,6786.454919322463
P29342,5123.584942259419
P29343,6450.9872747352565
P29347,5170.501544173559
P29391,6533.8024851588325
P29395,6473.071237094072
P29396,7343.253258071438
P29397,8397.61225138192
P29398,8133.086956651572
P29399,610560.5292112337
P29402,7924.826067131361
P29405,5666.616364516481
P29406,6528.785970783723
P29407,5415.385337681115
P29408,5425.727529308059
P29409,5849.828761083451
P29410,4982.684940829754
P29425,5682.925728623642
P29427,5851.441036587556
P29428,5937.31889046395
P29429,692910.8486973525
P29430,10288.24337902213
P29431,9055.284875145877
P29433,6488.680042285156
P29434,5947.041258412579
P29435,5776.102878701979
P29436,7008.076410884113
P29437,7232.196784784685
P29438,6710.436679324998
P29441,8222.16694584663
P29442,455070.3656750478
P29445,5859.215660909535
P29450,5821.970606529292
P29458,7130.434147439724
P29459,6672.714200498931
P29460,6722.254191769477
P29473,6879.900524159149
P29474,7192.474223795832
P29475,468664.4624075089
P29477,10838.922623316601
P29478,8847.43990284987
P29481,7826.5518781387655
P29486,5996.978578975685
P29487,6748.217068787293
P29489,6927.791017326442
P29491,6977.99586254043
P29492,7519.711581704152
P29493,6079.453468581977
P29494,5819.922989933062
P29497,6528.2998807242575
P29498,488472.81395490887
P29499,6411.759232046872
P29502,7221.771918734383
P29503,8709.324649560123
P29506,8245.25504650492
P29509,6857.096579321607
P29510,6192.726224049147
P29511,6001.323891911271
P29512,6200.0302450637955
P29514,6029.289269144499
P29515,6058.542368400186
P29517,5383.018875286119
P29518,5450.598541548119
P29519,6075.456342579602
P29522,5930.435201543766
P29523,6304.458003779508
P29528,5612.929926154601
P29529,6025.490537689539
P29531,6274.266768213316
P29532,6859.432299196923
P29533,5789.423760699956
P29534,7139.676319592229
P29536,7390.554222546689
P29537,7148.895589063044
P29538,5332.950857713986
P29539,5826.803083065359
P29540,6206.228872077203
P29542,6024.546297827223
P29544,5453.667946581677
P29546,5360.178479430958
P29547,4908.318579893508
P29548,7665.155167321464
P29549,6881.292461450183
P29550,6788.211001568927
P29551,6996.68940137845
P29554,6762.642455230708
P29556,7264.195194302989
P29557,7007.528915460681
P29559,6868.663457853876
P29562,7210.791202559374
P29563,6649.269559627904
P29564,6651.258632766959
P29566,7107.960181861689
P29567,6768.1051770277045
P29568,6657.746739129909
P29590,5587.1097265938615
P29598,6398.587729172364
P29600,5491.083821402851
P29604,6471.849312102867
P29647,6034.053012434241
P29659,7053.499584343739
P29671,6384.822751709274
P29673,5910.832820025563
P29676,6445.082753357828
P29690,5548.292406409744
P29698,5116.955738644123
P29699,4767.292300010508
P29701,4820.268761506217
P29756,4536.328381008519
P29794,6297.678403931546
P29795,6408.628906692898
P29796,6406.258304006837
P29820,6782.460036955244
P29822,6655.48608276619
P29842,7086.0148144162595
P29851,6329.432135471023
P29853,7137.259792350643
P29856,5785.045476735363
P29862,5302.378685941137
P29925,38862.242430437516
P30010,5912.003057541242
P30024,5631.253310498629
P30034,5600.23518228118
P30035,5639.047012115464
P30042,6292.7225312521605
P30046,5401.663210923802
P30050,6319.690416607106
P30052,6245.433988510363
P30053,6391.650052932226
P30085,7179.7915447984915
P30086,6359.228710457781
P30089,6168.319451968537
P30090,7186.563046372289
P30092,7362.401387320923
P30093,7313.067743657445
P30094,6630.671096923349
P30095,6300.803739735363
P30097,7034.722333304489
P30100,6601.353596478808
P30101,6760.848794266323
P30103,7426.384109273192
P30104,7681.965610045668
P30105,7996.714799230523
P30107,8143.21438754026
P30108,7283.715250239376
P30109,7335.438861464455
P30112,6841.976096395067
P30114,7353.772357023636
P30116,7009.513084807051
P30117,6333.515337223126
P30118,6331.054107196223
P30121,7170.616506633945
P30133,6916.338377600144
P30134,7030.158666090564
P30135,7147.943308427665
P30136,6937.264739789405
P30138,6496.524566464686
P30146,7925.196911926604
P30149,8148.5084996221185
P30150,6839.117822863584
P30152,5510.144720193617
P30154,6278.677287543063
P30155,6625.335358756065
P30156,7211.33589169987
P30158,6422.028559076469
P30160,6634.957115804783
P30161,7998.535796294687
P30162,6125.001439158742
P30164,5110.849241571655
P30166,6457.535080070558
P30167,6562.598132743193
P30168,629719.7332295609
P30169,8557.107341951601
P30170,7874.735734148708
P30173,7185.701515059615
P30174,6002.835084470448
P30175,6331.086454870219
P30176,6627.498067501302
P30178,8299.730766749888
P30180,6092.1642775645
P30181,6609.016423516119
P30182,6928.132401367958
P30185,6976.068462458108
P30186,6476.160512303368
P30187,7211.429589008162
P30189,6488.48396160234
P30191,7413.520270202846
P30192,6477.823069030753
P30193,7834.151076197902
P30195,6974.059209437822
P30198,6074.196504423551
P30199,6047.736001855542
P30200,6299.989483913278
P30201,7623.836600107959
P30203,7961.235351368019
P30204,7141.586357222572
P30205,7086.363155665634
P30207,6223.208264185036
P30249,4954.6461019612125
P30250,4919.888942905806
P30269,6241.474871307791
P30270,5409.631076681133
P30271,6274.357561122652
P30273,6255.409156382872
P30274,6246.879512975932
P30275,6292.258124902473
P30277,6582.615744856647
P30278,6564.681353796942
P30285,6458.167615730924
P30287,6674.165310357261
P30288,6793.486254543182
P30289,6261.563450767197
P30290,6773.485997455887
P30292,6608.862660822176
P30399,6507.115041466584
P30400,7074.375945977271
P30402,7025.852320792605
P30403,6882.865930901848
P30404,6630.778026570793
P30405,6620.371958079621
P30406,6410.267691470386
P30408,6411.032642464956
P30409,6354.851196826837
P30410,7093.21860506278
P30411,7261.760080250837
P30412,6933.0593637181155
P30414,7100.191103723657
P30416,7102.6754730152325
P30418,6686.330355259754
P30420,6889.922724878454
P30424,8533.331022636037
P30425,7680.54475121236
P30426,7966.420226652299
P30429,8395.936624085034
P30431,8634.062623442738
P30432,7808.796272818822
P30433,7149.977853933083
P30434,7788.805895304183
P30437,7697.11490378852
P30438,7370.3699690951935
P30439,7616.777808501688
P30440,7452.635793231127
P30441,7597.133640933065
P30442,7562.920174614452
P30443,7183.334002034074
P30445,6203.072016318241
P30449,6721.081455817885
P30451,7481.104235398898
P30452,7226.8212332803905
P30454,7845.633364962981
P30455,6632.575931164617
P30458,6864.811381003391
P30459,6523.862187264853
P30460,6456.172687380075
P30463,6281.501656749702
P30464,6151.259073653895
P30468,6369.502929331337
P30473,6319.045706321755
P30478,6432.331497109994
P30479,6486.325203349815
P30482,6613.098117404438
P30483,6970.777308374892
P30484,6807.674732171961
P30489,6251.539490981895
P30495,5876.787661642174
P30496,6551.336723348297
P30497,6548.642569318891
P30499,5993.12467371984
P30502,7388.324871421534
P30503,8320.248122722089
P30505,8186.950137550468
P30514,7322.879188440323
P30515,7282.610518699068
P30516,6919.7696382073655
P30517,7362.278417073046
P30518,6903.65564431437
P30519,7222.7527948933375
P30520,6811.676304377532
P30522,7436.985002728635
P30523,7168.493451003945
P30525,7273.446687251262
P30527,7307.244762695606
P30528,6707.170552337809
P30531,5517.920447206186
P30532,5390.812557157031
P30533,7066.098372193671
P30534,5992.802640868712
P30537,6731.96206417732
P30545,7371.979628338529
P30571,6502.046128469264
P30639,6845.207568880145
P30643,6599.010610853413
P30666,6093.010705867734
P30679,6229.242804367941
P30681,7329.16838595626
P30684,6233.5578910624945
P30691,5825.645866358113
P30692,5701.778768314376
P30706,6384.3130485991405
P30709,7035.826520085119
P30715,5657.2907943524215
P30717,5653.196876966903
P30758,5812.703448632709
P30842,8021.902554681258
P30870,5733.490574611346
P30872,6357.319154308769
P30912,7126.09175758367
P31067,6889.171372661928
P31077,6600.886656845629
P31123,4455.503671215784
P31229,7166.140701409876
P31230,6340.9890857544115
P31232,5198.933545334405
P31329,5920.000475652337
P31345,5496.846472124783
P31347,5421.732679610436
P31461,4372.9051221991585
P31464,6332.580527026456
P31466,5099.997347703501
P31513,46081.80433181259
P31591,6502.324807736358
P31598,7588.242285565824
P31614,6961.984528098402
P31618,6916.952127819626
P31652,8709.562248756436
P31691,44831.94966053175
P31692,51002.032862832944
P31713,6193.763527954498
P31720,6477.3203364278315
P31721,5149.235145554325
P31785,48159.05820117841
P31806,9674.128658544907
P31851,5508.266044135913
P31998,328303.6137961665
P32151,5914.834769999363
P32196,61354.69552722261
P32219,7707.614530661548
P32229,7606.970531134645
P32250,44701.88996029417
P32255,54773.94958245547
P32320,6663.271624452026
P32955,5669.199248532809
P33551,4129.891411658835
P33588,3925.960745964645
P33754,4607.607647666906
P33890,5989.811711466415
P33891,5910.816313584353
P33939,52296.05818289131
P34122,5803.021832338468
P34204,5076.49020804149
P34300,6290.60758205154
P34301,6932.3292142059545
P34303,6855.92981758929
P34304,6487.245272944579
P34305,7136.055973518254
P34306,7137.434620373263
P34307,7055.528651139928
P34309,6074.232128981592
P34310,7057.058868878342
P34312,6286.798910442442
P34313,6328.225903285293
P34315,6278.059240058283
P34317,6296.416067050181
P34318,6213.347884111908
P34319,5924.034240193172
P34320,6194.104207602913
P34321,6117.3632069256855
P34324,7028.123127640356
P34326,7164.018048669689
P34327,6826.811122412979
P34332,7107.059974431441
P34333,6413.562306015759
P34334,6500.568449734651
P34335,6694.983987606158
P34337,5349.897843948556
P34338,6312.431000718756
P34339,5272.119254338001
P34340,7110.237308263769
P34341,6892.560334115159
P34342,6935.0021804830885
P34344,6907.372095706798
P34345,6962.481721073999
P34347,6503.035553066616
P34348,6311.682772778151
P34350,6377.621295967141
P34351,6438.48340982756
P34352,6031.14469118445
P34373,6456.940192696049
P34374,6253.634318857938
P34375,5882.985886514485
P34381,6183.9516885865405
P34388,6398.660312482282
P34389,6356.6396840168845
P34390,6281.4626455492125
P34392,6099.2815723108915
P34451,9133.21679769344
P34470,6361.31989758836
P34473,6310.729365247542
P34475,6290.280640282922
P34545,4572.7155636077505
P34548,4316.855077833908
P34578,7926.928749831259
P34664,6081.039435140109
P34722,4377.731355059146
P34892,5605.550459307405
P34894,5600.607391625855
P35464,1212124.0260122276
P35694,5737.134852856882
P36063,9784.687238683728
P36072,4940.7628749726755
P36075,4013.7059595247856
P36077,4456.8561777441855
P36105,5872.298260147814
P36106,8379.350566371448
P36115,5841.247901137491
P36119,6208.370922430966
P36327,4989.90258678643
P36414,5390.240749403579
P36415,4543.892849449718
P36416,4228.683257324363
P36419,5641.2380401948785
P36421,6239.934041944631
P36422,5112.205519638541
P36423,5456.270160137034
P36425,4937.383942835956
P36454,6385.111055757208
P36619,6816.89807540954
P36772,3720.9718376799788
P36829,6448.37845813447
P36835,6195.195343953334
P36838,6510.856057910871
P36863,5924.429644940843
P36896,5445.37264134676
P36898,375587.57983466453
P36899,5901.381490434168
P37112,5097.623791824238
P37115,3750.148494429703
P37118,3739.2514750318883
P37141,6675.312585271059
P37145,3603.865687939421
P37157,6345.2571451760405
P37421,5720.639654716884
P37422,5878.214984099718
P37423,6233.898800909955
P37425,6463.350073124156
P37426,7116.435337506374
P37427,7333.323620094757
P37428,6327.290315193327
P37697,5689.083172698068
P38347,5226.743407725771
P38411,5986.9582471535105
P38454,8015.195104896647
P38456,6921.712156056378
P38457,399524.8633362981
P38458,6878.035324003186
P38459,7600.788613640157
P38460,7443.8989530604995
P38462,7079.1830713696845
P38467,6204.441826652555
P38468,6825.199834809523
P38472,6952.863353925293
P38537,7717.510370220107
P38567,9797.131353737506
P38709,6092.471846628477
P38711,5397.9131830357765
P38712,5559.470450984477
P38713,5635.37572041725
P38714,5864.2540637474
P38715,6174.878983171909
P38718,6343.452801859809
P38720,6169.755249181899
P38722,5772.528937822973
P38723,6026.2733943892035
P38727,4751.45548582771
P38729,4686.234799386031
P38733,5469.573073876513
P38734,5433.572254453073
P38735,5339.417132170543
P38737,6746.6601148677055
P38740,6383.23236267661
P38741,6510.631804022196
P38744,5784.372936762274
P38745,423388.87095501705
P38753,7033.859917176552
P38754,6954.353536287346
P38755,6890.498403568531
P38757,6470.882120459459
P38759,4381.169911058358
P38762,4411.433892758787
P38766,6135.260217293523
P38767,4611.846747984446
P38768,5398.1270683991415
P38770,5513.627531022986
P38778,6822.1876393824095
P38779,6721.768452469383
P38780,6566.25430039411
P38783,4923.230399928774
P38853,7651.718706301881
P38854,7476.221266830097
P38855,6946.796327881343
P38903,6208.983522467318
P38906,6189.632779493951
P38929,7064.393092750266
P38930,407679.6706236812
P38932,7710.375783764151
P38933,7789.708150685893
P38936,6539.649019045863
P38937,7242.313512527267
P38942,7837.469375882189
P38943,7104.573811033197
P38944,7245.615193153747
P38945,14097.12818192591
P38947,7242.174056777207
P38949,8003.946898295486
P38950,528488.6645073895
P38952,8317.814274485196
P38953,6620.736911407455
P38955,7696.9978960659655
P38956,8340.650314974278
P38958,6638.601300507571
P38959,6511.062421504984
P38962,7015.699115620301
P38963,6888.16157924751
P38965,5497.740935478026
P38969,5414.5045154456575
P38971,5052.933148644349
P38973,5755.702645126285
P38975,9866.424434304383
P38977,455896.49139431905
P38978,8792.385158375953
P38981,6650.717289814825
P38982,7257.726049292409
P38985,6010.352922155896
P38989,6980.976019011547
P38990,5035.225511594116
P39001,6425.621795825579
P39059,4305.650875364289
P39157,7210.543644634123
P39310,5405.58619991132
P39311,5882.85970886709
P39313,337360.7627816564
P39314,5846.088864246613
P39316,5692.725113424515
P39317,381283.9057247499
P39318,463402.6872015788
P39319,380023.2632154717
P39420,6944.258602716544
P39421,6363.5654469060555
P39422,7020.139083330679
P39424,9594.447537536256
P39425,7504.4855402113035
P39426,6650.432061270904
P39427,7817.054763972897
P39428,6948.71268743657
P39429,5872.796975778034
P39432,8870.995620463553
P39433,5781.481611573119
P39434,426424.732924783
P39435,8446.791633927212
P39436,384422.7856191787
P39440,412307.3606943925
P39443,7246.826250843298
P39444,482575.80828917306
P39447,6694.630625263782
P39448,7238.910305829232
P39461,6372.369792518122
P39463,7311.059820091874
P39464,791409.3487655525
P39467,6406.894202378385
P39468,7098.810601413248
P39469,4434.280923801819
P39470,5745.1265350183685
P39472,355478.3892124364
P39473,6563.512055778814
P39474,6239.289591075458
P39475,6518.803151694609
P39476,5887.149572609462
P39477,8046.176933596259
P39478,5976.387974651514
P39479,5371.915644433313
P39480,6547.75279466429
P39481,8616.126282101315
P39482,6293.961829150441
P39496,4761.708777689392
P39498,7716.60188971086
P39499,7287.334959616914
P39500,7891.059623966954
P39502,6999.679891637527
P39506,5981.9575037661725
P39507,6830.571102210492
P39509,6073.036944974266
P39511,5951.88770456165
P39587,7158.481854431495
P39595,5967.772798580608
P39605,5728.858784855515
P39826,5303.200786364476
P39991,6344.192380564873
P39993,6378.182788816156
P40009,5946.420847064503
P40042,55458.39279410431
P40102,7420.209296242574
P40452,5045.504323369709
P40455,5275.603537634616
P40456,5297.826298471911
P40458,5440.258741508396
P40503,5894.909758300962
P40509,3886.659950198078
P40526,6640.6356753712935
P40527,7187.3414669638605
P40528,7153.204858930659
P40530,7197.8861536294135
P40531,6902.778818507828
P40532,7014.842987026562
P40533,7117.788471219636
P40534,6677.1486793983695
P40537,5800.159303828616
P40538,5611.609529758797
P40539,5823.860277771376
P40541,5044.216964366634
P40552,4381.21905446652
P40553,4184.560896523758
P40567,6008.401155722418
P40568,6131.371501210365
P40569,6583.602718296471
P40571,6386.1523492241195
P40573,6883.431035994882
P40574,6656.704207786582
P40575,6352.322611138513
P40576,7302.7909731169575
P40578,5876.094586860689
P40579,5667.738723686857
P40692,4142.902194490367
P40794,8069.869368910378
P40841,8138.811206695121
P40883,7776.064471198088
P41060,43014.028693467095
P41457,5559.890786716168
P41471,7609.777043841266
P41549,471546.3624429515
P41550,509615.9711467896
P41579,420718.6888498725
P41806,6990.110212839362
P41899,6605.446474026357
P42005,460373.4514083462
P42049,18027.55661257562
P42265,5595.827722896445
P42266,6254.574051633496
P42269,7630.294673744455
P42270,5569.1160176617395
P42271,5740.523748705897
P42272,6356.180115536627
P42273,6776.385463047008
P42274,6293.731843724167
P42275,7412.32259784531
P42277,5618.601891097739
P42278,5455.6023543561405
P42279,6171.561766670412
P42280,6636.349175702749
P42281,5572.318411467727
P42283,6410.482521827809
P42284,6293.8117938785035
P42285,5805.396845631347
P42286,6364.268713937067
P42287,5464.7668804004825
P42288,5778.412132360837
P42289,5303.167979327539
P42290,5890.256586049511
P42291,5844.285971275232
P42292,5476.875671651922
P42294,5770.593806679674
P42295,5427.872871403931
P42308,7239.052380197885
P42313,6592.162451494685
P42355,5906.968441653226
P42356,6891.962812931284
P42357,6972.741451290024
P42358,5649.187872025612
P42359,5940.547691764011
P42360,6397.175017584863
P42361,6558.794115454068
P42364,6926.446733591119
P42366,7400.290532473275
P42367,6783.581021178337
P42368,6633.577063225387
P42369,6368.25195596555
P42370,7016.802390527918
P42372,6985.938091126153
P42376,7130.320173894566
P42377,7514.220051951003
P42378,6639.702271050316
P42380,6910.823101629717
P42381,6821.220563857619
P42384,7409.052520286973
P42387,7597.7750021301
P42389,7376.6115868233455
P42390,7628.906747370558
P42391,6490.9450585618415
P42392,6512.589601280359
P42402,6352.981939116996
P42404,6280.328941404777
P42405,6641.19180058491
P42406,6501.80704490653
P42408,6914.031898775982
P42409,8095.997557454317
P42410,6510.875624264821
P42411,6310.824247320525
P42412,6844.621825561111
P42413,6208.620501924446
P42414,6460.669997682799
P42416,6289.134053759206
P42417,6417.923023002434
P42419,6577.685805219056
P42420,6417.964949010784
P42421,6964.341706170952
P42427,7782.282667585829
P42429,8739.994879835498
P42431,6227.494466706785
P42433,5483.739703317304
P42438,5074.574185601182
P42440,5695.877262033117
P42441,6890.86632498074
P42447,8451.440395406431
P42451,6893.194171943142
P42452,6443.906615333619
P42453,4136.627344080414
P42457,5212.654162148338
P42462,6651.636960584926
P42465,6676.985253333475
P42466,6689.107591217054
P42468,6077.79093966065
P42469,6008.583092522948
P42471,6595.6824974383835
P42472,6777.102911778166
P42473,6631.110505540984
P42475,6784.811434393205
P42479,7088.838657676297
P42483,6237.39388841986
P42484,5608.356446757138
P42485,5597.975627036706
P42492,9493.475664820038
P42494,5764.058563283607
P42495,5503.926991496348
P42496,7129.428379431145
P42497,5892.324111650976
P42498,5713.092813490775
P42499,5744.665464286291
P42500,5995.570147147091
P42501,6214.074001848893
P42502,6402.9862177298055
P42504,5889.084360178817
P42505,5824.530114358788
P42506,6079.3014084629
P42509,5032.858327938305
P42510,5360.652993633456
P42515,5615.068217012674
P42518,5271.162874491612
P42519,6006.223124979777
P42520,6400.6017316475645
P42522,5714.582696817886
P42525,4449.51641101408
P42526,4783.309132406739
P42527,4998.669909219091
P42529,5211.099305163243
P42534,4725.090147976198
P42535,4750.375996250924
P42539,5237.276222052197
P42541,6216.674770054678
P42542,6012.636780670117
P42544,8058.7340151334965
P42546,6779.492576618161
P42547,7414.508511061477
P42548,8142.29714039945
P42549,7702.433720832975
P42551,6726.092111600183
P42552,5899.694045610845
P42555,5816.1200210012175
P42557,5071.01192551134
P42563,5782.93035017396
P42564,6044.00161095563
P42565,6073.713654426109
P42566,7026.789945975922
P42567,7385.993334928809
P42568,6286.639191317643
P42569,5682.451142604676
P42572,6565.763136229455
P42573,5797.936948100062
P42574,5702.378532954852
P42626,4956.913886795694
P42812,6808.016670731583
P42853,7171.960592566297
P42913,6052.7925158317885
P43183,5809.441897095268
P43184,438260.7858209141
P43213,390675.06913075765
P43536,5980.688912862723
P43540,6068.559102062315
P43595,82870.15691844793
P43745,14642.815806844028
P43779,35961.18048373441
P43821,5625.667822701236
P43887,235556.32527647528
P43888,41214.13422720071
P43908,9561.209455429089
P43981,25537.47460621827
P43995,15356.65917983616
P01015,5453.1022585425035
P01017,4821.794832113802
P01070,8079.879983405054
P01074,24080.039001617883
P01084,23958.145991994166
P01107,6345.058488966659
P01184,1148.2405609753728
P01188,27593.454273814015
P01236,31905.549346163545
P01252,4876.7963957327165
P01302,5871.255945240659
P01341,27364.00883628387
P01371,5588.051438386267
P01413,4221.058622372446
P01414,4056.923654980391
P01416,5750.3745360163875
P01435,32176.483027583712
P01442,29503.18907779822
P01479,24877.861899455973
P01484,2212.1618533520177
P01517,22634.016195196444
P01537,92675.62609445154
P01546,27464.81647115131
P01548,1169.0202966363127
P01579,13372.078142412549
P01598,34701.96562255059
P01666,7828.929827381658
P01686,6712.94353485623
P01705,6845.183823115448
P01708,7227.354330669817
P01727,5502.879088172076
P01742,6057.85720022992
P01745,7192.499455609159
P01746,5842.55541118019
P01769,8055.792509178526
P01797,131483.80642364113
P01823,5811.81411451118
P01826,5179.682676321398
P01840,36017.855059982125
P01842,37269.886211783625
P01852,32353.362245208016
P01913,43384.59936335713
P01927,7640.825037115282
P01937,6150.51232785636
P01940,36707.264021303585
P01951,21540.1162121651
P01960,30679.567229095865
P01976,28255.185371238993
P01990,8968.009960718762
P02066,6530.995675608028
P02088,4669.217144384557
P02158,31156.128220529015
P02211,5731.444476811746
P02212,40089.54991247219
P02230,6296.153457505138
P02248,5474.850597980305
P02290,6832.401896062076
P02296,37200.86429364176
P02328,4340.329238241922
P02368,5819.690769249115
P02413,10018.956419338429
P02414,7540.672564104202
P02415,7360.26812493036
P02429,4496.286070918151
P02491,3852.9473520978627
P02531,6406.1754410938875
P02595,8550.970315638853
P02681,29380.361335952657
P02694,5599.9365059422635
P02696,5452.083381848289
P02698,7263.409881211241
P02704,7852.375065212164
P02711,44665.98003335549
P02766,34025.10090780458
P02784,25842.508274961267
P02785,5004.854094806307
P02836,28556.361348539744
P02840,30919.22557708756
P02847,25997.953447199317
P02853,6580.14763927083
P02865,6346.940072635088
P02881,5877.841271472545
P02927,4192.743290699496
P02947,5659.87584521481
P02994,5348.417588680205
P02996,5726.893169365459
P03040,5589.045101735233
P03214,6327.67408877025
P03215,9932.308004668348
P03285,7661.744720237765
P03334,11598.48891625367
P03341,6420.013894834642
P03368,9017.711985126925
P03489,8728.714990506824
P03494,7872.852633680174
P03505,3589.8469127406524
P03520,34132.129491063075
P03523,7889.86234021733
P03576,35772.162803493375
P03598,33180.14707625067
P03611,53518.07168510787
P03629,6653.354076622733
P03644,5783.004858442034
P03647,118387.87419839506
P03649,5931.500695670847
P03651,6332.293362161785
P03660,7668.396028492899
P03666,6666.344797024889
P03668,7183.966942072864
P03797,31273.709919265
P03878,34615.539184838286
P03887,4534.111034124041
P03892,24689.323046602705
P03903,24371.643486040783
P03914,5937.50362054468
P03915,26435.52115726466
P03925,24677.451050247375
P03947,5678.028004129897
P03966,6433.014961288104
P03975,6150.477925922045
P03987,31429.984655132317
P03989,31595.686870404632
P04050,29104.150391329502
P04054,35099.55581738095
P04072,5356.929102399185
P04109,6124.528735579567
P04122,33449.8135655323
P04126,34079.77192274683
P04137,31807.18039000154
P04154,7132.597901212594
P04188,6415.205186715795
P04211,31147.303170284977
P04216,26849.87465888193
P04218,39302.985239669135
P04220,21316.721550111637
P04263,5187.482518150329
P04276,34177.698535095355
P04338,52117.26063961465
P04347,4538.6224195195055
P04355,23012.38057782621
P04360,26841.847820983854
P04384,102111.4257349315
P04412,24559.908444434146
P04428,4768.343798087885
P04498,9355.540584321378
P04501,7528.252503275259
P04538,5640.585124001439
P04544,5842.897409609889
P04553,36646.50534180293
P04694,29790.485201663818
P04742,4896.269148088406
P04744,29609.908317091827
P04749,4659.98579482448
P04832,33355.08866377648
P04884,28440.47113480123
P05053,7449.504962203214
P05054,4757.447939773221
P05067,6654.394091069577
P05117,4462.992390674906
P05154,7988.576779632667
P05157,4839.41018716505
P05158,177427.64707154583
P05203,5036.698374563841
P05227,125842.59182845717
P05231,7439.2030348411145
P05233,1090.3512534282909
P05260,5007.356649377249
P05262,4698.520209018561
P05272,30751.626194182143
P05275,34585.56851906277
P05279,32519.81326921438
P05328,28927.78648084866
P05339,9144.888812653684
P05340,7307.157489248492
P05346,7742.343836114938
P05399,6597.10383808127
P05429,5510.002163401285
P05430,5725.758372247774
P05462,5804.6393105534125
P05468,119026.53008267304
P05533,4290.677364166807
P05591,5820.725162832009
P05633,31675.723556132103
P05656,1854.6168105845657
P05668,8560.920661982937
P05717,1436.3533631901362
P05740,4475.6405166540835
P05783,8017.028410396006
P05798,7883.376248002072
P05903,6186.9369349149
P05927,128812.79549089845
P05942,6572.964975847865
P05952,12069.407261239334
P05960,7628.320813046576
P05961,123962.36554936526
P05973,33885.747396963496
P05974,31948.12327354879
P06015,4382.572721436649
P06018,34672.53933471742
P06024,6122.008124576388
P06040,31123.71967293498
P06056,35946.547509496755
P06074,28507.618224748458
P06082,31762.560726262847
P06102,23105.913415738745
P06148,160708.35460801463
P06229,31164.01940280055
P06307,4352.50414547717
P06338,6941.980967413508
P06342,30548.29066983507
P06349,6899.265863864624
P06350,5581.9482872486415
P06377,75552.82646285235
P06409,5827.504845618534
P06723,10229.103878586895
P06859,5704.323912003271
P06905,5762.3370253295
P07031,61217.01214436563
P07060,3733.3220522758925
P07080,4628.047195487319
P07094,5076.482878185145
P07153,26432.794214427522
P07157,37087.90785829945
P07336,33189.39130644336
P07358,6734.987165819972
P07484,5350.484912558333
P07622,125912.57645228347
P07652,21110.237849114274
P07719,4989.6044799458705
P08043,27062.09145275277
P08149,5673.134576794301
P08197,3885.31238598539
P08198,59451.21239805143
P08210,7236.827187531318
P08262,5107.886293067113
P08274,4418.649572940364
P08276,4647.559804283904
P08304,30505.037145744125
P08361,61265.56900713153
P08377,68176.12053807479
P08391,23935.676655988318
P08393,63201.41812218225
P08410,23920.38273981842
P08451,4520.750982701465
P08485,4619.607176780041
P08521,4383.720013315275
P08756,75938.64529850363
P08794,5199.482058562196
P08813,4958.102805349656
P08827,5003.181459503345
P08846,7038.641085054439
P09218,6938.1663049570125
P09360,4078.7699430116336
P09394,21199.017718888856
P09476,4714.272074246255
P09605,5942.289976787881
P09619,4258.491562539194
P09639,67394.60530623964
P09703,5305.070652838008
P09814,6271.698965404952
P09816,4664.802845954953
P09817,4980.664628173518
P09967,4131.998241241164
P09990,4471.895196076606
P09991,4377.254382710499
P10000,240890.858377653
P10025,4715.467438388545
P10031,5087.9579833497855
P10038,6428.6283671040055
P10121,210855.40158165415
P10210,27309.809121313698
P10212,23725.76004993768
P10222,26406.276534853463
P10251,7184.090461954703
P10256,4836.455404360363
P10330,5330.342907666949
P10416,4443.123745047347
P10418,4207.348064199201
P10419,3974.4440990788535
P10422,5404.353802867043
P10424,4477.093599962538
P10427,4453.076910767597
P10429,4427.002338881449
P10433,4701.663697423435
P10436,3064.906534129414
P10439,213047.54279681813
P10440,196471.34183654288
P10441,6033.5268915349325
P10442,152439.29867456737
P10450,5042.630742640608
P10492,29476.91850504022
P10548,7011.2825647434065
P10554,6904.668753522308
P10573,5416.4947433840925
P10626,4416.4294801803135
P10627,4513.843566095263
P10631,4506.9503791537045
P10633,4057.002955914685
P10635,3792.931393982068
P10638,4824.562821467463
P10665,3844.3985146236278
P10668,4074.5627327459592
P10669,5301.506792844872
P10677,5538.345372366007
P10683,4853.355527075992
P10686,3677.9693218505527
P10688,3558.386687531098
P10689,5383.911868297622
P10696,4858.710503673639
P10698,107740.58284316075
P10700,3655.7705042792027
P10701,2805.9802192275997
P10702,3672.5996689088665
P10710,3753.7773830742804
P10713,5330.826303811919
P10727,24097.261853056818
P10728,4995.935922582098
P10729,23637.815457145396
P10733,23598.03184370125
P10737,4967.754063762944
P10739,4389.593404044285
P10740,4152.074865343656
P10741,3954.9507595137134
P10746,26764.727368141383
P10765,4925.969254636139
P10766,4526.141093809456
P10770,4387.668801089771
P10771,4731.456539199432
P10772,4850.884380501242
P10776,4658.459652983191
P10781,5211.545953933536
P10904,5164.753198595521
P10910,4345.8782159209395
P10995,7464.51619499711
P11034,7294.317861523821
P11035,6869.4601707525635
P11036,5460.260408373219
P11039,5735.362069340438
P11040,5893.758926940126
P11041,6858.949702553939
P11047,5373.547533784997
P11048,6411.184650461378
P11058,8042.669602345619
P11059,6533.3760627496695
P11061,8131.472998319147
P11069,6930.415094560028
P11074,8415.19240595823
P11109,34799.1945106443
P11130,5267.954212661181
P11132,5830.363912660088
P11146,5897.122158778895
P11234,5266.7102123482455
P11238,6717.5870654255705
P11239,4920.358072397638
P11245,4892.1320361083
P11253,4804.137108538802
P11254,5088.656588746275
P11294,6069.783055020742
P11295,4849.242737911237
P11298,4543.510687330667
P11310,4549.243650121041
P11311,4461.795509920789
P11313,174584.9755256901
P11315,4227.519246245932
P11317,4717.185698709586
P11319,4825.34488041511
P11320,4700.928219155966
P11321,4859.902499851154
P11363,6540.369953398593
P11430,4867.714742766822
P11495,6559.9744393627025
P11534,4504.789445701562
P11757,5563.3115705535765
P11758,6563.155301056939
P11773,4854.737046789021
P11778,5012.851598959889
P11781,4882.187180309097
P11784,4914.289688919497
P11785,4945.669589703711
P11795,4693.3463095901525
P11817,4898.723364365087
P11855,5266.817159182625
P11857,5902.976074639118
P11858,5339.607605728827
P11859,194543.80563165902
P11861,5307.706641939211
P11866,4152.702843436246
P11867,5578.430570678582
P12038,6383.565998759271
P12040,5776.728744563652
P12105,19984.4624018277
P12114,5411.852317663015
P12120,6638.822994684069
P12175,6568.7135962487455
P12235,4042.6578281965194
P12319,7320.185631743738
P12387,5968.705018399234
P12388,6040.988459877618
P12442,215710.60807216103
P12443,191288.88071653366
P12446,231398.94246768998
P12447,209435.86922105766
P12448,233796.23283637202
P12449,5455.751282170726
P12451,4431.999223743606
P12454,5337.733893720337
P12455,5431.944257635664
P12456,5483.137009560328
P12458,4460.604789492571
P12467,4827.438724777418
P12470,4727.284604704387
P12471,5268.91159571402
P12474,4770.235231456215
P12475,5587.625716966712
P12476,210160.5338570861
P12477,5484.878076277643
P12479,5804.89157413077
P12480,4780.4388365665045
P12481,4843.236558831571
P12485,5830.211252354898
P12486,4564.40259275515
P12489,4873.092080619099
P12490,5587.706748310002
P12491,4872.72755831161
P12492,6909.9945316610465
P12521,4694.626424387245
P12524,5031.208807698912
P12526,5393.784435110364
P12528,4679.560206803276
P12554,5100.614929114649
P12629,5916.987926320124
P12696,4046.084701934593
P12722,5147.436339435377
P12746,3498.9938711728205
P12893,5000.341608293991
P12934,4845.173033515407
P13095,4373.361731731004
P13100,4413.552459397959
P13303,5103.606817979294
P13335,28052.26853267219
P13475,4452.65187435551
P13626,8909.720160773326
P13653,4484.954534642102
P13655,5968.955863485844
P13669,4477.259177797029
P13756,5068.698969024295
P13778,25698.67379364448
P13779,25123.411575022077
P13780,25996.786133051322
P13784,191124.5007634278
P13785,4704.785298803688
P13791,28504.7014402028
P13810,37845.217048485196
P13891,3681.1996533389793
P13892,4687.2150293085115
P13894,4425.614176089391
P13895,4757.869628415933
P13900,4199.721868271303
P13917,7924.0603279021225
P13922,6842.55922832086
P13930,5470.915080478269
P13935,4946.511850317631
P13965,7014.136579831399
P14015,4623.19103525004
P14016,5779.436156357196
P14017,4833.9161656837705
P14100,5295.809913822394
P14305,7415.328961775294
P14342,4437.557766997892
P14358,4928.16438981623
P14444,6617.699013821235
P14445,6400.7286640485645
P14449,7475.033178550867
P14454,7361.078686024914
P14456,8004.259806653854
P14465,7293.131957352349
P14472,8133.529495127298
P14474,6234.190599623751
P14551,5926.392081016981
P14557,9588.011767789303
P14558,7241.244080183325
P14561,206629.77647727437
P14574,5657.9063266859885
P14579,4458.731076747206
P14583,6907.764663984137
P14604,6723.772260183204
P14617,7826.418424887234
P14658,8550.02696351876
P14660,7238.909418475508
P14668,5089.906358656848
P14670,4972.862208106106
P14671,5028.459212179386
P14704,5612.439142513727
P14744,5769.492850034072
P14836,4412.871649083504
P14949,6348.264103867554
P14968,8822.697293201854
P15054,5075.919237179221
P15062,8370.587307958007
P15075,6139.9569227344255
P15076,6818.098142199693
P15077,5800.737554839184
P15089,5444.750064788519
P15092,4429.38197434124
P15113,5276.024042640879
P15130,3698.520315422398
P15164,4482.473174871626
P15173,4900.137748252657
P15193,4450.948867882434
P15194,4679.702395678575
P15259,6285.2372393430915
P15262,7608.426437077919
P15266,7510.645577722225
P15271,5781.633692175895
P15275,5492.977568197536
P15281,5482.249070604517
P15301,5643.959515058408
P15303,4556.734735512738
P15304,6263.077645239642
P15312,4285.903128646145
P15315,4924.327299559953
P15316,4956.688656771173
P15318,5256.804198321324
P15322,5266.120900019402
P15323,4920.55892431598
P15329,4978.986112072684
P15330,5155.163963436604
P15331,170290.6021084646
P15332,4936.81018075012
P15334,4509.209991069637
P15336,200860.7159688246
P15408,6942.882441345154
P15415,5500.694330321578
P15420,5892.659204704935
P15421,5803.7115849159945
P15425,6482.1553316905
P15435,7176.178022902799
P15437,7304.255703759673
P15445,7473.7939178861625
P15448,4683.863450794563
P15508,31722.72975425062
P15510,31801.39161806964
P15533,5155.4616919555465
P15538,6660.192124973079
P15704,6316.389889159377
P15729,5531.5050756033825
P15745,188621.7042628808
P15789,5760.53992819798
P15830,4926.981344955867
P15857,4014.917240338129
P15860,3932.1172545198833
P15942,6119.575419634783
P15946,7120.33118832635
P15950,6132.215156155523
P15965,5298.926080008354
P15969,5909.488908864375
P15973,6342.530714336632
P16079,4566.307411026904
P16155,223397.22704070728
P16156,217973.14897813636
P16157,234589.41031176527
P16160,4973.139078794954
P16182,4022.1735224823105
P16213,25179.098053281155
P16228,4361.286303213656
P16355,3758.4092116411653
P16371,6284.753631074843
P16381,4555.293404193005
P16382,4678.639355976849
P16383,4762.432024977735
P16384,4631.565087863732
P16387,5336.886460771869
P16388,5431.921955158211
P16390,4924.619548388678
P16429,6715.59342629726
P16446,5465.874950810401
P16470,3653.769547339123
P16471,4665.278114821874
P16473,3683.929876535974
P16475,4874.632459974199
P16479,5004.607945672336
P16481,5229.316560785406
P16513,4978.619803670745
P16514,5904.667279705902
P16561,4507.44805496379
P16597,6329.734642262873
P16598,6442.208842291668
P16615,4696.462344655774
P16628,6216.465340122332
P16675,5994.332865130682
P16884,5774.797017035517
P16892,4886.423496341516
P17003,5619.934827484095
P17008,5783.750888425449
P17151,4058.934789588925
P17152,4061.939140893644
P17180,6022.436901380868
P17220,6174.742826069912
P17224,6110.344052611306
P17226,6598.395429261635
P17266,4735.887782441381
P17318,5741.969924935205
P17441,5976.695703105991
P17443,4388.308152980508
P17450,5143.248065988806
P17497,6276.964648738027
P17506,6401.608946237047
P17515,7574.643513359178
P17528,4139.597191852232
P17529,3832.266973653397
P17904,4678.766262350249
P17933,7816.533265842677
P18187,6253.94319079872
P18265,6852.160849374586
P18314,6321.597283709481
P18322,6112.373267515964
P18325,5370.213237827269
P18334,6566.369976979716
P18354,5343.053620544567
P18421,6968.999921836279
P18435,7896.458463970767
P18505,4297.680415038964
P18588,4539.144346172035
P18593,4985.328871095244
P18618,5453.78552218927
P18766,4364.118823761894
P18847,4854.39076480383
P18871,4228.19421898368
P19146,6061.034125890127
P19147,5858.633963463905
P19263,5293.461038786331
P19285,4527.420404198052
P19372,5575.5962261823515
P19374,5276.3808273241075
P19429,4475.855588720087
P19688,160929.36193861233
P19689,4231.228280384831
P19692,4708.897614024404
P19705,3667.9785710377823
P19707,4287.297222534527
P19708,4744.034742324454
P19712,4194.868549686939
P20126,5063.398813789615
P20128,4635.3690028536985
P20133,4555.6950275182235
P20134,4565.491824603816
P20250,4443.477453874012
P20357,5590.434676061981
P20367,8017.526304439377
P20369,7984.051076119815
P20375,7094.61222113889
P20419,5368.407541343376
P20902,5832.394561304533
P20980,4131.2193197063725
P21063,5272.767192854912
P21093,6131.13057234629
P21099,5995.08175819366
P21153,3641.6179536994955
P21188,4922.122544482142
P21190,4908.522142763398
P21191,5152.666366366044
P21286,4876.765477296666
P21377,6228.4238100305065
P21380,6073.133813097981
P21399,4881.529118557631
P21645,5120.5424985818345
P21647,4517.405736551799
P21774,6308.9664419090905
P21838,5623.21521734198
P21870,5492.450152771489
P21899,6632.466798426271
P21900,5583.282569179068
P21901,5222.087676543377
P21902,6308.6002890293685
P21903,5496.362578354817
P21905,5175.97275167032
P21912,6836.570425435618
P21916,4922.050892810384
P21918,5962.583165290588
P21922,6844.718979209303
P21923,5022.111622008461
P21926,4987.071091131744
P21927,5272.838753997231
P21957,5014.481918734192
P22034,6346.541796296034
P22656,4012.190244185223
P22658,4234.685499893197
P22673,4332.196404152832
P22679,5062.195288338117
P22680,4635.570917698908
P22681,4498.974077563493
P22683,3882.552980570977
P22684,4471.501610921874
P22687,5522.631261945749
P22688,5059.499912474552
P22897,38140.11920816548
P23151,5165.4162462499235
P23154,4983.883820528269
P23156,5651.768539448928
P23241,4582.575238135396
P23261,5431.446759323524
P23328,6114.511967536469
P23444,4821.857439088238
P23521,4570.316360076866
P23550,4446.752649115175
P23720,5351.968231388717
P23733,6254.278511072171
P23839,4424.76939686648
P23861,4732.285105371294
P23931,5937.569358491437
P24016,5085.555414114749
P24132,4300.821618677157
P24351,5044.75152693355
P24493,3891.5041506905645
P24551,4267.79683605139
P24747,5071.232362738861
P24748,4260.770335232767
P24758,5093.518093107123
P24789,6893.0601011898625
P24831,4848.698966739059
P24870,5332.959786227291
P24906,4237.587221883825
P24911,4302.005120751995
P24922,4467.991096476725
P24957,3856.0182440228955
P25015,29829.491867733013
P25074,3818.4797355580317
P25148,5174.105620779568
P25154,5666.3664005846895
P25191,4746.254673229892
P25225,5964.186707044293
P25279,3715.1158308763784
P25419,4471.203248770235
P25423,4472.491928164367
P25425,4473.965052177986
P25426,4457.01239424926
P25485,4976.933879511631
P25487,4725.489930256841
P25502,5947.818158288431
P25691,5283.283602129447
P25693,5477.584471890837
P25979,4387.2680449763975
P26047,4970.242800175035
P26383,5951.580536967937
P26393,5012.961762531817
P26439,6166.297258113608
P26461,4821.990147822805
P26540,320773.3788451605
P26574,5821.249683049212
P26684,4813.199072991428
P26726,4298.2638399234
P26729,5058.078653574004
P26732,3320.6964634037126
P26734,3961.6191234552343
P26778,6237.305712106241
P26807,5105.274393514604
P26863,4869.5576657296115
P26973,5004.907422830788
P27048,4096.870189264019
P27153,4671.6113409718355
P27174,4680.1313269936645
P27212,4109.82569183305
P27218,3662.1433625756763
P27229,7230.379156479247
P27241,5122.866300893483
P27242,5542.254585498607
P27295,6359.215854024201
P27296,5907.403779534142
P27299,5933.422370742752
P27340,4824.205320827841
P27410,5590.788163949796
P27414,4970.2415020328035
P27416,6624.359512117775
P27504,5679.59258371515
P27508,6223.302575734409
P27516,6763.858846716552
P27517,6624.978293014797
P27518,5779.522218853653
P27519,6144.664535518538
P27523,5445.014798782431
P27545,5862.002451623169
P27547,6682.449775278823
P27553,6082.5630162673015
P27555,6212.17690795052
P27560,6068.667908493694
P27561,5933.04444403172
P27566,5113.27140484215
P27577,6197.409827323223
P27580,6085.714189258551
P27586,5955.088831511311
P27587,5847.87006002142
P27590,5757.23484758308
P27598,7015.897510513337
P27600,6110.68399741295
P27607,6624.194537456682
P27609,6487.570232845391
P27620,5498.912968878469
P27627,5132.942755264212
P27628,6410.1291481922735
P27645,37351.283532978676
P27648,5078.168843427937
P27649,5769.372795328099
P27723,5676.027987807954
P27734,4426.670432597221
P27801,5478.901101069592
P28236,195195.20722714165
P28239,5205.985436427915
P28241,30697.863421344176
P28242,32610.06979748115
P28246,4643.193293717121
P28253,4642.0876496967285
P28254,4631.093547161484
P28257,4484.4647834088
P28302,4543.121858202881
P28303,4977.803671911
P28304,4486.6260790619845
P28389,6272.058937052252
P28416,3689.666442808853
P28472,6698.133893180084
P28488,6786.72406761574
P28526,5445.508799238719
P28541,4782.3744087555715
P28707,31754.214662224145
P28714,5861.806726445507
P28732,5705.393869315741
P28740,4788.479592918408
P28776,8307.937985723682
P28859,5830.357680672377
P28862,5084.00279309993
P28877,4553.085047362823
P28878,4147.585405205989
P28882,5451.091959489658
P28883,5267.732543051198
P28884,5057.226771216282
P28885,179383.48966170519
P28886,170788.01677994416
P28894,4371.3542028036845
P28895,4952.05942008569
P28898,5042.38478540233
P28900,5109.779870220539
P28902,5173.237154863899
P28905,5203.091554726279
P28908,194322.94133324176
P28912,5276.378469347436
P28919,5725.077199870913
P28931,4345.811353975606
P28935,5323.05033506062
P28937,5639.859372619355
P28945,4413.141782996611
P28946,5166.842072321437
P28947,4676.992253877932
P28948,5263.838791480977
P28951,5205.769161821265
P28952,5096.952279671961
P28953,5074.393227315386
P28955,6147.78195040772
P28961,7461.417789972717
P28963,6214.235797447859
P29034,4763.904834593715
P29041,6199.591515004529
P29043,5357.257868821419
P29047,5685.9658752749165
P29064,4935.208536853016
P29066,5150.735583505931
P29073,6225.32091670041
P29083,6596.347199858443
P29087,6429.869409477331
P29101,4835.749879330462
P29104,5409.069953588343
P29106,4579.282926300827
P29107,5344.243386161157
P29173,5380.02773199453
P29193,5529.323928173345
P29211,4977.686396920227
P29214,4653.933751211444
P29217,5728.037159949643
P29244,5146.550206827133
P29256,4107.220774893907
P29269,3856.954039690448
P29293,5373.514211726569
P29295,34084.83448976878
P29344,5667.351586279516
P29345,6206.18733404091
P29393,5032.867993784193
P29432,6497.192451782778
P29446,6955.226545994064
P29476,6648.206024347883
P29482,7608.938797164006
P29490,6989.571818798949
P29496,6091.571579045156
P29505,6301.041113784477
P29524,5680.479837909455
P29530,7660.135787561939
P29605,6282.963225477752
P29733,5591.051477253943
P29770,5216.588653714753
P29778,5419.686913529928
P29793,6533.003427165235
P29918,219214.26588202058
P29982,5484.621056596095
P30033,5440.202265750953
P30036,4975.784333227668
P30038,5053.966600546845
P30039,4549.199883713755
P30040,4841.983557329345
P30043,5007.592903337823
P30047,5972.7155005038885
P30048,5893.204474435089
P30049,5978.547584509272
P30096,5635.419709197692
P30261,7324.082755655198
P30286,6036.5487833023135
P30301,5562.708692040063
P30331,5111.064411293474
P30462,5111.497739673995
P30469,4457.30172633568
P30471,5155.428266013626
P30474,4251.362401845223
P30475,4299.30472213363
P30480,5079.708839741624
P30481,6067.294989968753
P30485,5172.207989449969
P30487,5613.695762796495
P30491,4846.4959839019775
P30492,7368.994114693287
P30493,5135.275088969929
P30494,5533.674909077226
P30500,5323.642628201129
P30501,4873.109979885361
P30506,5829.434409491048
P30653,6197.442423952255
P30746,4346.273279136322
P30776,5742.365845405364
P30809,5713.321392130541
P30871,4687.10690548166
P30880,6406.210507081792
P31178,6449.6693767824745
P31338,3406.307443057608
P31339,5900.994648289624
P31367,4453.156393796806
P31370,2221.802012755163
P31444,4784.8077235515775
P31462,6672.21278778215
P31465,5197.104435530607
P31503,3935.835037555185
P31612,110940.06338728013
P31636,23557.48556537444
P31638,25092.02459668665
P31643,5614.477120380295
P31648,5531.002232104671
P31715,6493.486000032109
P31770,5873.478537339293
P31810,8200.222572251605
P31815,7841.987895947471
P31816,8771.709612880979
P31818,8021.770488458502
P31848,5207.6332568522785
P31880,4904.58214713465
P31918,321800.890047023
P31930,7250.305812711034
P32231,40637.73067244268
P32310,30778.91182459471
P32367,5643.332054875717
P32444,5761.978126927577
P32686,5624.841335672384
P32687,188451.88595695377
P32783,5519.195094786692
P32925,4565.084995252787
P33324,3232.8673506069877
P33542,4485.859277595362
P33584,2444.6792786356655
P33807,5011.748318696052
P33832,5149.118219317106
P33850,5219.313267149166
P33856,145383.95290564955
P33927,25548.245154332522
P33935,30021.66163080157
P33936,21467.840773449672
P33942,29764.423339917004
P33973,160777.1116081204
P33974,24614.634743724888
P33976,5629.235557093979
P33982,35935.25252748477
P34142,5413.737841753165
P34143,4990.120996297008
P34145,4806.279990958696
P34146,4512.50987577209
P34147,5227.037134280864
P34148,5323.7109666968545
P34190,4326.764623630352
P34192,4401.847306934853
P34227,4207.270041319821
P34259,5133.951195116301
P34280,5012.147903915576
P34281,4992.764341093818
P34288,4812.533553100015
P34391,4908.3457925736875
P34393,5287.96577290698
P34394,5128.713605149622
P34396,4835.075345670729
P34397,5100.983444780529
P34398,5014.238468572773
P34400,4943.3507425919215
P34401,5084.379146683012
P34402,5074.688295769385
P34403,4874.712359713112
P34404,5301.830395675956
P34406,169797.39712550867
P34407,172006.97486915896
P34408,5648.18781370576
P34410,5049.127920572789
P34414,4828.096360736903
P34418,173434.9891960805
P34419,4679.910624174336
P34421,3959.8388853547776
P34422,4460.6995662581985
P34425,4990.794493372451
P34426,5318.568993390472
P34430,8116.5032017994445
P34432,4923.272912407379
P34433,4971.349033933324
P34435,5594.027619589774
P34436,5194.448408194735
P34437,5648.342508667179
P34438,4874.917840175372
P34440,4893.512558336959
P34442,5165.68860680916
P34443,5818.301200036517
P34452,7584.554547614846
P34454,5045.386222512667
P34455,5114.29147539746
P34456,6724.622694189973
P34458,269720.82846459246
P34459,226614.1608562186
P34462,5021.920478816022
P34463,180721.66824404048
P34464,6175.233010060846
P34465,7759.3109422922425
P34466,5892.533186314803
P34471,4149.083828650011
P34515,5151.849911192101
P34516,4780.866193088435
P34521,4805.526513067348
P34522,5223.0196351181485
P34527,5267.766306199224
P34528,4315.601115317879
P34529,6086.284178214249
P34562,6884.988052136759
P34629,5221.769401929321
P34723,5922.075427598935
P34760,327322.61696154723
P34854,4953.664353452567
P34856,4317.846296179625
P34857,4758.995151840284
P34870,5693.716895026784
P34879,4800.306369962523
P34889,5027.35979973676
P34891,4844.458261867252
P34896,4889.13507293519
P34898,4688.563755806557
P34899,4883.21523238975
P34901,4785.164130422442
P34902,4739.979051693375
P34959,4619.375886435594
P35002,4895.264868170683
P35040,1964.754288181122
P35078,2780.5697713120476
P35081,1767.9707684735797
P35098,5085.601583526357
P35167,4718.258895704173
P35169,4863.220000420351
P35171,4419.409222125574
P35238,163880.42195757636
P35275,176664.49931892278
P35309,4185.861518149977
P35312,4055.131103633884
P35313,5153.940027533225
P35317,4681.629631266127
P35318,4326.4674957117795
P35321,4725.405566861597
P35323,4368.272125722502
P35325,5087.072514206678
P35327,5887.474207003137
P35328,5611.505893015816
P35330,27997.120787183256
P35334,5918.451493881848
P35335,5574.9841366358005
P35336,4959.703507951844
P35337,5942.126198161556
P35338,4989.06154655589
P35340,5235.732135932998
P35342,5079.545641780977
P35343,5513.520493402962
P35344,5850.225116221374
P35345,5542.852059680954
P35346,32325.464280701966
P35348,5820.0457073468715
P35350,32658.220119935202
P35353,24414.57170048275
P35355,24297.404544205696
P35356,24260.295356735965
P35357,23527.47391751406
P35358,21009.91505681684
P35359,26793.68655585643
P35360,31231.396790329396
P35361,23415.69403961315
P35362,4504.301222907479
P35363,26524.879594587645
P35512,23129.234403000697
P35513,4657.271897900426
P35514,23355.994136043217
P35515,22676.671458351473
P35516,23364.009318432436
P35518,23617.50979646034
P35644,29980.175761201877
P35972,5790.903379453244
P35973,212959.53249586697
P35974,205533.18273486255
P35976,5983.310121681445
P35998,278597.29025262257
P35999,5357.8236819375215
P36005,5122.176225270167
P36007,5587.182290550892
P36008,4871.381432262558
P36009,5233.013271552836
P36013,239573.3065991445
P36017,5543.029813275935
P36039,4955.287995017733
P36100,5837.834352077308
P36165,4852.322660024283
P36183,4707.902425542419
P36184,4782.719396285414
P36199,4800.25626435383
P36232,5067.302814392036
P36250,4813.091971025674
P36268,5032.678320827351
P36281,5292.431562219839
P36370,5939.4371208772955
P36371,7280.866912215647
P36412,6627.177900661999
P36418,6048.564605404391
P36527,5343.323447307307
P36529,5315.538029165038
P36567,4861.964468567275
P36636,5786.83622537046
P36671,30177.608104044288
P36707,35538.76704582731
P36708,26401.831909234068
P36710,33621.44256008761
P36724,6954.837990706858
P36770,5656.331372147137
P36840,5099.509617511384
P37038,26411.341802959745
P37059,5654.392175983744
P37114,6489.577350853315
P37124,6718.851486481436
P37131,6689.868880066248
P37270,5114.972455743391
P37286,5203.751189836672
P37290,5389.323274827447
P37291,5777.39276827129
P37292,5203.361314058968
P37295,5047.63691958874
P37297,4781.554031533503
P37298,4817.928672216956
P37299,204440.0440046802
P37302,5384.330359717336
P37303,4889.012724981571
P37304,5069.4852075174995
P37305,4244.93451503712
P37306,4874.863365426524
P37314,245518.97309804347
P37317,220963.60960281477
P37319,4905.14162383598
P37322,5082.526438219086
P37323,4580.969519136965
P37326,4626.850765252855
P37328,171440.74333490746
P37329,5686.355134244419
P37330,6454.640429204553
P37360,6732.022097397924
P37362,238548.66172853528
P37363,6438.642936044693
P37366,5519.064514967499
P37369,319360.2685284576
P37371,7650.8388364684115
P37372,9515.183842466164
P37375,6103.194660081243
P37376,201192.8626615544
P37377,6167.862219350716
P37378,187749.77783841538
P37379,4762.213479740287
P37381,173750.75911449548
P37460,10623.300447607371
P37513,6448.825979878893
P37562,6888.251144131825
P37563,241155.98547320403
P37564,6516.428695248234
P37566,8319.68288074016
P37584,202984.42931882077
P37585,5169.090883451837
P37586,4994.039117573027
P37588,5130.721872125941
P37589,5255.092564586737
P37590,5195.519966172068
P37591,5892.574622512933
P37593,5971.337693598189
P37615,5061.40551475969
P37616,5030.190280915779
P37618,6019.590550719899
P37619,4994.644815022523
P37635,215864.86194338874
P37637,5670.538859116135
P37638,4992.932081590113
P37641,4717.2521128768485
P37642,5195.482858271846
P37644,5775.797769070423
P37645,235956.35827992205
P37648,267487.1350536044
P37650,225479.89668799963
P37651,273025.23875896464
P37653,249612.6168154167
P37654,201920.9922598069
P37657,5977.825146270347
P37658,5916.464406677468
P37660,5674.171357931868
P37661,5766.697812132582
P37676,5338.674578168921
P37677,4818.0040136645275
P37680,6121.963082656762
P37681,5615.178979149154
P37682,7282.140406335522
P37683,5530.545087360459
P37684,5560.6467256272035
P37687,6039.2238724473655
P37689,6762.966007624998
P37757,6195.9600117920545
P37765,5317.8432779014
P37768,238875.411841223
P37770,180142.4975732358
P37771,5001.572268829159
P37772,189427.02194529847
P37773,209860.6691711073
P37774,5247.470129292774
P37775,176649.9281441261
P37778,189518.1048221121
P37782,219675.93437207746
P37784,223236.73603916142
P37787,193439.30811667445
P37790,248049.22409164353
P37792,6120.270226131635
P37794,221062.0520007903
P37795,256874.4614885165
P37796,236047.4455589617
P37798,180042.5646512281
P37799,5698.916310078031
P37801,6305.390363232654
P37802,4780.068248450176
P37803,5241.791580756382
P37809,7199.913495572327
P37810,183893.81162108041
P37811,4502.810908082107
P37814,168338.3486223654
P37815,178117.20486726792
P37816,182327.48532425915
P37827,5313.169765702685
P37828,5771.314569010528
P37842,6257.330082230583
P37843,6350.210387653702
P37849,5266.916185872109
P37853,4619.825652270657
P37909,5674.004872702557
P37952,38969.61735089459
P38217,111804.57673969629
P38238,4680.605636144271
P38329,4494.829194464492
P38333,5777.649614100214
P38361,7206.08240816849
P38364,7066.520223097196
P38377,7116.674800712603
P38404,4601.026764281174
P38469,7237.996517551172
P38470,7227.44430298121
P38473,7326.821174732298
P38474,6773.922632389047
P38478,5656.231109206862
P38504,5602.353722253784
P38576,8300.49860913115
P38580,6380.778099041513
P38644,6984.98267457199
P38706,8512.555779026618
P38707,7849.163032675386
P38721,5250.601546890449
P38732,6587.527712737989
P38736,6632.064609881894
P38738,7252.295717746995
P38746,5033.092555064869
P38748,8365.49719057263
P38749,7572.421807198921
P38750,6832.89925820964
P38751,8736.661224571495
P38756,7111.143043598718
P38758,7198.176250550445
P38765,7731.423806588188
P38769,5743.249256846499
P38776,9916.847159814017
P38777,9080.398626243856
P38782,8673.480004066101
P38797,5355.016340157012
P38845,3915.932078525748
P38961,10268.59493891558
P38986,6562.1789054958
P38987,9404.900177053421
P39061,4334.226386146876
P39141,195968.21331473507
P39146,6065.247194390736
P39153,6532.800892504322
P39161,5012.397661963001
P39162,5282.906739416725
P39285,4046.515836689491
P39445,8997.238361976384
P39535,32581.034829898377
P39600,5756.851707157163
P39620,5535.2272248315985
P39633,6372.189362130067
P39645,4949.644242143911
P39646,4922.706772726279
P39647,5752.713823625275
P39748,4952.0467967387285
P39753,4606.877369445049
P39764,191802.97583274223
P39777,5098.610126674965
P39781,5127.544097968671
P39786,5348.640385627431
P39787,4896.020329538599
P39797,5245.957024484989
P39798,4862.279313431303
P39806,4778.674548931927
P39809,5503.162882851294
P39812,4924.542216227215
P39813,4918.326060603897
P39818,4856.535554921088
P39820,4342.881290632072
P39824,5131.266754651586
P39834,5201.325825394011
P39835,5120.988762691472
P39836,5978.190687754366
P39841,4400.169677706669
P39844,6607.525911901224
P39863,4943.835070674332
P39928,4987.694977948562
P39937,31863.585523211837
P39940,30469.184064558835
P39943,4285.04629103261
P39944,4428.638940784908
P39945,4456.604545417111
P39949,26800.802589512707
P39951,26956.04003908673
P39968,24454.618930437216
P39976,24126.015628087152
P39978,25075.946839026663
P39980,26238.968828071953
P39982,26095.6193446799
P39984,23842.75294424138
P39988,29393.31084910618
P39990,4428.586064773487
P39992,4778.6466602541195
P39994,4472.754619286665
P39996,4543.097602144497
P39997,5032.203866339831
P39998,4281.168471570452
P40000,5320.599853424261
P40002,5212.882339583568
P40007,4207.833122345248
P40008,4817.941973494461
P40010,4824.751915885038
P40012,4228.487466525228
P40018,5276.032281222802
P40019,23548.238197072038
P40103,4279.599212363825
P40104,5004.724267660481
P40105,5009.327092685167
P40107,5086.4297333385975
P40108,5234.874927517572
P40109,5275.078616684948
P40112,4519.777153842085
P40114,5465.067965546927
P40116,5479.872413522476
P40117,5129.487602309561
P40118,3464.9965773507324
P40122,5305.827923582971
P40124,4574.528397294121
P40126,4858.648905183486
P40127,25568.946441139153
P40131,4920.193684833646
P40132,3271.359412710285
P40134,2922.7912919037567
P40135,4000.6579873146447
P40137,108738.40948783033
P40138,5727.831460706207
P40140,5003.959455651617
P40142,5440.438104059662
P40143,5025.510739974104
P40144,2919.463012749368
P40145,3636.8082507168624
P40146,3783.186238068593
P40148,4865.172712036512
P40150,5236.940347104148
P40158,6621.104247744055
P40159,31243.15540289766
P40160,4888.121994604083
P40161,26869.117492158442
P40162,180914.46740492035
P40163,180507.39287550107
P40165,6531.381393932281
P40166,5164.927667393733
P40167,5575.8257327448555
P40170,4657.952420088333
P40171,5185.479560534501
P40172,5012.517023010396
P40173,4926.13422181169
P40174,5132.640429164691
P40177,5464.307046279759
P40178,5527.305964222731
P40179,5390.5095375643905
P40181,5955.534797543055
P40182,4853.204411365777
P40183,4689.220622136356
P40190,4875.598290160478
P40196,3485.865241840951
P40198,3681.2941012671545
P40199,3379.4646525788776
P40201,3553.540264206876
P40203,5012.919114714128
P40206,4993.366506345541
P40218,5857.724240920474
P40219,5579.264749049345
P40220,5607.651211836453
P40221,5617.168761838196
P40223,5630.42825016791
P40224,6364.52521238288
P40226,4904.582139786571
P40228,5092.784546071018
P40229,5776.575338947431
P40230,4979.679879729867
P40232,4346.567725442899
P40234,4467.355412507895
P40236,4432.334345666414
P40237,4491.778176993354
P40238,4507.306674380462
P40240,150420.4626376522
P40241,5122.748281106164
P40243,4988.667643961889
P40244,5424.285191089902
P40245,4699.837070279227
P40246,179796.24821176645
P40248,5217.538127973709
P40249,170060.26247680615
P40251,4392.926570180688
P40252,154244.28932068852
P40253,4245.582011351674
P40254,4833.08585547755
P40255,4287.388616641896
P40256,6079.859119610016
P40257,4383.381321461778
P40258,4813.836832345096
P40259,5063.882374492967
P40261,131511.46883490798
P40262,4254.643482996792
P40264,3393.4491463324653
P40265,3717.787825242023
P40268,3356.7386519773204
P40271,3370.2478405453467
P40273,2814.315179903733
P40274,133679.64591191383
P40275,144418.63289728886
P40276,2805.6800310199774
P40277,3450.823676130179
P40278,125571.07965506976
P40281,3783.5408006088646
P40282,3569.485826577365
P40283,114980.63385349943
P40284,4667.129732424732
P40285,5688.345087289685
P40289,5351.247171416751
P40291,5043.16257937406
P40293,5118.281762052269
P40294,4732.993362009832
P40295,5165.872916579754
P40297,4622.5589475269435
P40298,3827.9102540372955
P40324,5727.169108713244
P40325,5805.472937372342
P40326,4722.856677887642
P40328,5671.013917425102
P40329,5332.61208859013
P40331,5612.757889420033
P40332,4909.92529870454
P40333,5493.603566725348
P40334,5505.339257274186
P40335,5344.952119758411
P40336,6130.669043027572
P40339,5114.263350537149
P40341,5138.737780526875
P40343,4749.423584320558
P40345,5828.725675751289
P40346,4286.827808301623
P40348,5338.727906763592
P40349,4829.357771894096
P40352,4878.846966199305
P40358,4800.6912337172
P40361,4481.385871734273
P40363,4957.916324425603
P40365,4594.488141319121
P40366,4819.088553170707
P40368,4205.1792002912125
P40370,5550.0504228827
P40371,4903.994919360538
P40373,5235.127615325254
P40374,5472.175088546683
P40375,4821.116327203976
P40376,4719.893495794277
P40377,4759.293479186765
P40379,3997.5881368353353
P40381,4495.141637627116
P40383,4555.8092055384495
P40384,4967.974368595613
P40385,5193.389226533643
P40386,4710.325672292253
P40387,4917.773721475972
P40556,6385.628627434576
P40563,6173.390375079715
P40601,6518.749818345593
P40618,6200.640381732287
P40627,7288.367271131253
P40657,3068.9138532795696
P40658,2588.0367959889095
P40659,4487.539446883243
P40660,4927.263394248361
P40662,4479.711441354982
P40667,4469.845808460043
P40668,4438.774461833356
P40669,4857.218298432613
P40672,4502.256420654373
P40673,4737.410708098721
P40674,4378.142528794162
P40675,4200.616661024366
P40677,3622.6094893691525
P40688,3449.205582563409
P40690,4370.615556450278
P40693,3797.0797122482945
P40694,4768.902611323966
P40697,3598.3631902196316
P40698,3587.5741626927042
P40700,3835.6434408876976
P40701,4261.636033550905
P40702,3705.681876516971
P40703,3844.968672709704
P40705,3165.2705368683696
P40706,3477.8847300984603
P40707,136372.66440541236
P40708,134612.22381190155
P40709,3747.5144210103845
P40711,3594.3512282963393
P40714,3397.237130054013
P40716,3443.996051111714
P40719,4688.868926538562
P40720,3881.984100850299
P40721,4737.930836256187
P40724,4587.384660026701
P40726,4645.713669168771
P40727,3911.1913448672526
P40729,4779.091865602421
P40730,4559.485790115923
P40731,207119.88915550444
P40732,7202.551514237322
P40733,210962.48646255737
P40747,5384.043599338321
P40749,5068.2448034167155
P40757,6730.34648790212
P40758,6195.962382921363
P40759,6163.900093676865
P40760,5220.727669881182
P40763,4598.284285225501
P40775,5347.061195908798
P40776,4897.231407826805
P40808,236522.6494207131
P40864,6381.646783787646
P40880,6487.8037670967515
P40881,5427.861742099218
P40890,6431.764745133661
P40914,5831.497933529672
P40915,6430.904474872087
P40929,5101.042528705492
P40955,7224.729992894982
P40966,31377.11405956446
P40967,31722.915645303743
P40968,29822.138408153747
P40978,4845.558906152106
P41086,60278.33229229651
P41090,40812.985310838754
P41156,6046.93064944922
P41185,5636.061681345309
P41232,168629.1471525484
P41234,26331.672350047924
P41235,27637.05800005006
P41240,4905.89942592553
P41241,4869.068636878827
P41243,4934.348957237345
P41246,4341.463313921996
P41249,4849.518093443479
P41262,4383.057309938671
P41330,5950.073111743697
P41331,5493.309486576115
P41334,28580.590161678632
P41335,28284.284798161203
P41336,4887.536881013506
P41338,4596.806482883743
P41340,5428.173253845462
P41343,4899.2966493931945
P41344,5351.462006499554
P41345,5776.884178753387
P41347,207660.7721097886
P41348,4955.608044664451
P41354,4806.617538426341
P41356,169046.0851965532
P41357,4947.920014261961
P41359,4690.567713543442
P41360,4592.198136921342
P41361,4871.63831663034
P41362,176209.9894012935
P41374,35861.62527363119
P41375,34257.20255737682
P41377,31652.69205803066
P41382,31469.49785414984
P41408,5694.086498428535
P41429,7650.293127486014
P41434,5921.195501804131
P41437,4912.688946356663
P41439,5338.593378014931
P41442,5149.638390709024
P41470,7514.067314038292
P41535,4383.5772431071155
P41593,8631.331109401086
P41596,5560.894700376871
P41613,5204.519059964509
P41715,5515.845951306225
P41741,4878.798076748505
P41756,5097.361730689475
P41764,4805.755242288592
P41769,5395.448708557627
P41812,5606.023044103208
P41816,4457.163085097822
P41830,6510.815207149429
P41849,4770.583321326574
P41851,5318.034710090436
P41866,5249.797230649236
P41872,5389.3704574305375
P41873,5600.227610851837
P41875,5341.201455995795
P41876,5232.145905209001
P41878,5134.786074905346
P41890,5225.65378929993
P41893,5719.28482047223
P41925,4959.6187576828215
P41926,5036.333749743656
P41929,4693.301787793277
P41930,4807.355275958572
P41932,5227.706261978028
P41935,5102.48600538199
P41937,5194.511136956427
P41939,5108.359778333855
P41940,4165.274303369426
P41941,4651.6342288536525
P41947,4389.64721255661
P41949,5226.529566195126
P41950,5222.402424821452
P41951,5332.696533365805
P41953,5800.019906342714
P41963,4956.099240915886
P41965,5237.8942646406085
P41967,5273.737808957136
P41968,4141.377805785687
P41971,5156.729348293671
P41973,4083.6681612671214
P41977,6359.261375103294
P42030,4665.526414422124
P42046,5597.103292524199
P42100,249816.6290470671
P42104,37036.32682484836
P42235,225985.2576345317
P42300,4680.241208944418
P42329,4748.292561891071
P42354,6493.882586697237
P42418,6448.872180787383
P42430,5251.148128431263
P42432,221733.04578509167
P42434,6891.628727064233
P42437,4348.391750319744
P42439,6601.068887405406
P42444,8411.202597635407
P42445,7702.693247100136
P42446,5037.788681454061
P42448,11263.472117136815
P42458,9782.50847539423
P42459,6237.935441496548
P42460,11335.434153847013
P42461,8600.814978580465
P42463,10070.820427168077
P42470,8592.679453930356
P42480,6184.807462752359
P42488,5325.190515616478
P42489,6019.050786487682
P42491,11190.643110794175
P42493,6887.853714938558
P42503,6312.779719027281
P42508,5619.853107092121
P42514,5802.133154990818
P42521,5361.388299566036
P42523,5685.742435391298
P42528,6236.847407216893
P42530,6447.80654326008
P42531,6517.205300446969
P42533,6779.922314967988
P42536,6849.74699148351
P42537,7267.5134179727565
P42538,7504.524155583413
P42545,5124.438100866045
P42554,5848.718633509029
P42556,8711.45427512074
P42558,5548.330721681985
P42559,6640.768256909365
P42560,7242.064477678752
P42562,8156.899856519526
P42570,6228.169474683922
P42575,7211.703007981988
P42578,5828.1934557797695
P42586,6439.477614497067
P42706,4521.794356836882
P42721,27232.674664045924
P42793,6153.791876501489
P42794,6007.904758030791
P42796,169814.30017785446
P42822,5187.2818097536165
P42824,5430.623812266656
P42855,5214.901006670064
P42869,5390.886885425179
P43033,4115.273055652453
P43065,251956.4751370128
P43090,38537.84520478337
P43132,7667.505321737639
P43186,5615.35961324573
P43187,204631.08998675723
P43391,5845.71491727558
P43480,5795.958707814443
P43517,70717.00387641643
P43639,124134.3768068391
P43710,53627.3355604914
P43804,48515.24300857321
P43808,7144.294599520127
P43824,13019.82931024762
P43849,11237.901281729955
P43850,9704.046300300812
P43906,20712.004074527882
P43909,12774.004183201065
P43916,221688.46629557828
P43943,12160.87149065436
P43946,12844.271457791006
P43979,32576.95736867419
P43989,49514.01914483684
P44020,55984.35715066986
P44024,49523.448635598405
P44027,7170.962678428689
P01033,3645.7192061999986
P01063,18207.960287634065
P01079,5248.221242651482
P01106,19854.25512928823
P01156,22568.156691149394
P01162,3664.3696733412867
P01197,3122.394926797092
P01206,4245.784159116157
P01239,4503.168388111008
P01303,6509.446533306855
P01314,23826.703454177485
P01315,23075.594249250724
P01332,18144.81911830433
P01379,5164.0976890188895
P01443,20461.24390512927
P01463,4918.941268673378
P01502,19300.22975794239
P01510,4091.9065548616795
P01576,4446.289047615656
P01623,21018.0820820242
P01626,29934.43251205818
P01637,2633.759586974679
P01638,13939.87923563055
P01648,4819.689604178152
P01664,24829.647605302627
P01667,5655.172214198782
P01718,3791.6139460825875
P01741,20879.266328131805
P01749,4543.808661361798
P01753,4804.3788825149695
P01757,3561.748599500082
P01766,4717.806329351744
P01770,3673.889297277018
P01776,4431.567922726428
P01812,26917.502936116853
P01816,3806.898324385678
P01841,20858.46986011798
P01844,17795.878218470534
P01859,3862.7669374964335
P01860,33305.74754157938
P01879,2791.430795654686
P01889,2947.776777298539
P01918,23095.767086795244
P01923,21669.61800817692
P01934,3985.6583848332366
P01962,7006.257801020197
P01981,25082.38378398796
P01999,3934.092067427265
P02025,4732.262406621151
P02037,4716.363347142211
P02040,5024.593991079948
P02053,3689.567321772193
P02075,18278.477857137583
P02077,17622.348032693448
P02095,19881.59653149306
P02124,22765.699443426543
P02152,26362.205721921495
P02159,17423.806845248535
P02165,48413.69080311692
P02178,17412.86577210102
P02206,3444.916133455249
P02228,14905.826428135224
P02232,4892.922445009239
P02241,4069.387661306105
P02284,21431.766905379056
P02285,26072.00457270289
P02408,4519.349483231684
P02423,4449.307325493184
P02435,19629.96395588697
P02442,24611.73871074393
P02459,4008.935526058406
P02508,4457.672276264123
P02521,6674.553129943817
P02535,3354.2238403054257
P02536,3792.5661888978657
P02541,4539.214215244237
P02546,21881.58622156589
P02580,21338.856868615767
P02586,1499.9113165415306
P02685,3614.2257025039376
P02689,7195.753300873734
P02805,3151.1178527402576
P02808,6071.910625236483
P02812,5619.880221045619
P02852,4710.648692169128
P02863,4653.172027306334
P02886,86350.93931849679
P02887,96082.53342536425
P02888,1460.4448428541218
P02913,4509.774487148421
P02921,4185.401049446186
P02923,3846.747675877082
P02978,50129.52959051819
P02982,5460.633861740443
P03028,7509.148260939639
P03068,4221.289262804792
P03070,4353.474949920887
P03157,4505.302953994363
P03178,31085.149574747575
P03201,3808.7597259826466
P03213,4732.247178271015
P03225,1708.474207915414
P03332,53535.63632245706
P03337,4715.014826043873
P03343,4841.456818702884
P03352,6916.784904119414
P03369,6633.6087181771745
P03439,4645.566030926592
P03444,18597.312973966218
P03452,4535.844147457228
P03458,3863.3562709252865
P03459,4530.514925050152
P03461,4613.944520508295
P03462,3789.1021407048283
P03463,4246.171847370629
P03578,4744.093954455948
P03602,18567.83515478747
P03628,4767.968288301884
P03631,5423.296303494618
P03654,7057.674120066951
P03675,2876.605549970607
P03684,6252.269021885865
P03696,17650.07709373044
P03724,5586.845947245872
P03751,4560.869950605275
P03772,6465.89417701396
P03786,16296.246647177619
P03808,4430.6772098062675
P03809,3523.791684396231
P03815,23232.562292901355
P03908,3354.9815131372343
P03923,12569.3485875127
P03933,4718.565725612725
P03934,5784.50219599426
P03935,5170.376349030322
P03979,4096.195816721321
P04044,14882.647271366703
P04051,17361.735886130835
P04070,5379.331485303481
P04101,15325.25734026913
P04108,2042.8309873702765
P04127,17257.782481605722
P04133,20969.78234592962
P04143,24910.547915612722
P04161,22936.937181368277
P04164,22130.095476998744
P04169,21034.844063836754
P04213,12149.963520822674
P04251,5582.1125403063625
P04273,21578.68692627589
P04285,19322.551922291233
P04291,21948.392075016192
P04329,23148.87496117127
P04334,4171.646044656944
P04386,27316.07451865346
P04387,4563.279948835362
P04393,7357.843335341615
P04394,7347.038155801945
P04396,5213.781087275011
P04398,4230.004262902573
P04403,53328.78591036874
P04408,15769.412122979149
P04421,12558.03214697739
P04434,6393.364287545315
P04466,21457.523567978584
P04525,5143.456264880537
P04531,4753.691751039474
P04560,3908.511189064203
P04564,17471.940352971098
P04567,18856.939451461687
P04570,19245.312405491426
P04598,3014.2115686760767
P04599,2850.4040895022727
P04689,21709.455083023335
P04690,17500.95124300965
P04691,4707.577926241621
P04697,4025.3244408800174
P04700,4852.190354710062
P04736,4691.800879937428
P04758,15567.638262535593
P04771,4849.218677551219
P04830,7480.423657794526
P04831,4654.1400985418295
P04834,19777.395657553516
P04836,19444.125849739205
P04873,7706.831855204232
P04900,7420.75762075746
P04901,9120.280068799206
P04909,3844.0401901561777
P04924,1510.2894251619507
P04960,17644.66214399723
P04964,4965.716361680383
P04966,4589.469899120153
P04970,32983.86722259324
P05039,3703.7399263756247
P05049,12981.04884088812
P05059,3161.834171188434
P05081,16822.438204296333
P05097,6500.68627385715
P05098,6035.09992193991
P05099,5875.783045808063
P05107,4660.203327330463
P05109,17913.578747604395
P05112,5958.2575299807795
P05113,5256.392977477706
P05114,4923.4122266952245
P05136,22430.641390391844
P05138,22963.706351407676
P05141,6276.779442424318
P05142,45361.18263200877
P05143,53369.859028461186
P05148,4900.866550258633
P05149,5184.101774248199
P05156,3455.097579772752
P05258,3158.4333299276277
P05283,4115.244093568088
P05284,5335.909938614751
P05286,3669.0134167873284
P05288,16285.683019687718
P05291,3730.62513933367
P05292,4099.023279607852
P05302,1989.2103169833792
P05362,21269.180279699387
P05392,8043.761981121042
P05394,5710.649592140716
P05408,4738.813864573285
P05441,4865.860181546924
P05443,16875.96330595679
P05455,5974.038911297592
P05460,5378.770333853126
P05537,3390.6870197455446
P05556,18100.464212099625
P05558,17902.04202757006
P05704,4307.867651276541
P05705,5153.752614522941
P05712,4178.819118473145
P05716,4549.845259057198
P05762,23039.308927590362
P05768,12266.799984287112
P05797,4524.326063075623
P05801,4705.411246136909
P05805,4513.625239936442
P05812,4364.087140751957
P05838,5111.955017128513
P05864,21264.782750384573
P05907,36415.306652432315
P05944,4432.700383085531
P05949,18375.503302316105
P05951,7619.252738710031
P05968,21204.944423718716
P05977,23790.128471310538
P06069,20080.402291344533
P06079,12631.736721787533
P06086,4416.641660794451
P06087,4555.7069817520105
P06088,5072.965588378938
P06145,45596.400155415446
P06151,4320.1370954912245
P06159,16369.67366555847
P06170,36905.592569107175
P06171,4209.079934118185
P06187,5393.173608814453
P06201,16465.833160359853
P06230,17235.18142556389
P06236,5234.24657334927
P06273,4806.208008713682
P06343,20387.977260156968
P06344,23539.76457150286
P06352,4066.6902551848452
P06376,30714.282109783253
P06378,17448.584711271385
P06379,4017.53431766694
P06380,15090.069339676971
P06383,35212.171602887494
P06385,3125.9002735145214
P06386,3962.9796766678
P06387,3515.034171408542
P06388,3920.8824458946096
P06399,2909.5780904765866
P06402,18779.8569294793
P06403,28562.242020460435
P06404,8108.336299919884
P06405,11516.457623361797
P06408,14428.731010401574
P06411,4072.2211151687625
P06413,4121.056625107463
P06416,5197.855362236986
P06418,5064.943458275517
P06420,5288.814133195398
P06421,4875.996948066266
P06423,4639.993290782619
P06428,4663.287475686203
P06430,6190.7892168073395
P06447,5993.542260722971
P06448,6584.25204408825
P06573,5718.558602928265
P06870,5892.10774996327
P07133,27803.932459340216
P07139,13309.71953891874
P07154,256700.44521454343
P07158,89118.23898892336
P07159,20355.11662304251
P07160,34042.000025565336
P07257,31867.31420148303
P07259,29411.515299648283
P07293,17920.372824432736
P07294,19019.701982599072
P07298,8742.981081286762
P07299,8070.1462361729555
P07506,5206.990300089717
P07544,38795.89346686238
P07546,50012.34779206718
P07547,4982.80859276097
P07555,40316.175877653215
P07556,3246.207993517647
P07559,38611.150096487305
P07568,15163.250040983481
P07573,48676.45790315734
P07576,19536.019728780844
P07578,18844.13085026525
P07580,3882.704737327486
P07583,3960.005669966305
P07589,38257.52328738571
P07590,38540.420923811005
P07595,20238.17464723305
P07598,4264.717762773057
P07599,52719.95653107954
P07600,56399.97718397363
P07601,27576.307590730285
P07617,4082.533162948027
P07619,52073.544709849775
P07623,49785.30758196863
P07625,61601.176802447844
P07627,21339.472139187998
P07633,23224.522384677322
P07640,3628.322716455568
P07641,17152.21907994575
P07645,30927.750009997813
P07646,21463.451136814892
P07655,2987.490249350263
P07656,13905.294556937104
P07657,3059.348687407362
P07683,70956.78563442256
P07684,81845.15558706765
P07692,4118.486816945364
P07694,4947.655024780117
P07696,3253.7625685814573
P07698,3440.475599754278
P07702,3309.5282694231937
P07708,31346.195021932377
P07709,32310.35481496423
P07776,3829.4629680926787
P07777,3856.646988880075
P07778,2993.8622098480178
P07780,66507.29356914293
P07783,5239.678961173259
P07784,31789.81015291322
P07790,3626.5131020940657
P07994,5217.260589585228
P07996,5496.66132614943
P07997,4837.309548994917
P07998,4478.508985592812
P08000,16288.193492151076
P08005,4221.721293368266
P08006,19500.80704701394
P08009,16858.520107122156
P08012,13848.78996392241
P08014,14727.592179392996
P08171,15151.11906179675
P08172,19500.388873082342
P08181,40447.165312708974
P08187,42214.13765844196
P08188,3716.468027372209
P08189,38233.86228816956
P08191,4026.3050747878274
P08194,4118.254249824771
P08196,3955.917193466803
P08200,33980.33118509511
P08201,36268.00461921334
P08203,4976.550027584092
P08217,6506.663405581815
P08222,3543.8007164702503
P08225,3171.0756801824677
P08241,41236.514257051494
P08242,3582.125984929747
P08243,2901.5255294836365
P08281,29969.7888748125
P08320,4290.870286903728
P08322,44334.853423718974
P08338,50511.60803417987
P08340,37013.57611987779
P08344,4040.792528646454
P08346,3537.269698984766
P08348,2996.8026304705427
P08350,5590.987071141489
P08353,40337.19292656411
P08356,18371.94349926909
P08357,3234.2647863348284
P08359,25318.13961119063
P08363,4261.111121590076
P08364,4682.396597480066
P08365,4885.835936496039
P08367,4341.565887254042
P08368,16026.592953166359
P08369,4386.846755012975
P08374,24623.75365106799
P08379,12621.101896388143
P08380,14952.350341349209
P08383,4466.672568423984
P08387,14325.04109460563
P08388,13715.454572771532
P08390,14930.015846900173
P08392,14254.343049936435
P08396,5323.009003370947
P08399,29968.631135219828
P08400,3916.3854334933535
P08401,3850.0346870656904
P08404,32799.62273334335
P08405,3225.044341181219
P08406,3458.2600849344394
P08408,3416.4529652889387
P08411,16434.820295957914
P08412,14924.841767037264
P08446,38131.59719087027
P08448,26173.452361096814
P08450,34529.22598798867
P08463,3693.9131212872726
P08476,5105.35033967024
P08481,3222.9210096960355
P08489,2968.9934598802693
P08501,5029.927549917557
P08502,3698.4002517649483
P08524,5534.634494964451
P08526,4545.890396335036
P08527,3873.5884089447572
P08587,6317.94825964843
P08593,34665.27806961893
P08602,3539.827542372677
P08604,37779.666201676155
P08609,19342.717295601225
P08615,43253.26719841769
P08616,54207.95475366967
P08617,43832.09627058995
P08620,36553.96731252895
P08624,5916.0741785621185
P08625,5112.7630331817245
P08626,12460.909794670688
P08633,6331.0279128304355
P08639,6289.773602394276
P08641,41582.85025619112
P08644,37463.51307591223
P08648,35950.38906534747
P08650,3956.6194670299337
P08655,3711.3951302082314
P08656,32198.803707692052
P08657,3018.8734736033766
P08659,4533.8014987268625
P08660,4083.5272838713367
P08749,4461.487079199876
P08785,3743.3860596269456
P08789,4140.448245634414
P08792,5423.231684908798
P08793,39414.7353876417
P08796,3598.3446897484087
P08797,4289.022785923409
P08801,4052.545462059203
P08803,4664.492722329935
P08804,3764.7922657009094
P08805,3801.924348092892
P08807,4754.4623657780985
P08809,4272.017591153895
P08810,3588.8966897416626
P08812,3165.378924906293
P08815,4325.096486469105
P08816,4612.79568005954
P08817,3301.670847309825
P08820,4661.634149260352
P08821,7352.208726872461
P08822,4304.615201549299
P08828,4460.517077494062
P08829,3333.9335688233346
P08830,3509.762015228512
P08831,3682.0106762212135
P08832,41229.366990103
P08834,51757.25957463344
P08835,37948.60691629353
P08837,35889.25942499337
P08842,3117.3044754216494
P08843,4059.7654688761663
P08844,3495.3003753572953
P08847,29468.097693049596
P08849,30701.122207448618
P08850,2923.619733614547
P08851,3813.650502301239
P08852,4240.208136155842
P08853,3161.6069442545104
P08856,3301.398645742142
P08859,4169.775032294674
P08998,3481.679355356624
P08999,3541.0623330973176
P09002,3399.5972050625674
P09004,3435.962226194199
P09009,3269.6359437217293
P09030,4028.9027533125027
P09031,3354.955670381721
P09033,4010.1873932137614
P09034,4193.223126146131
P09036,4401.271194666216
P09037,3329.7978528214803
P09038,3498.976264191686
P09040,3345.771940213879
P09053,3288.159950168848
P09055,34218.063946975904
P09056,33169.292230445775
P09058,27306.252457430055
P09060,37608.927908049634
P09061,3834.376349137447
P09074,4605.2580747063075
P09077,3579.9494802319505
P09078,3848.6684206412506
P09080,3616.9187020628756
P09082,3967.303528035007
P09085,3713.669997928937
P09088,5215.629225020437
P09089,6865.608365153326
P09094,3067.432360331819
P09097,2592.2042710470078
P09099,3300.1324894338054
P09101,3902.5099554502817
P09104,3265.2302518092683
P09107,25658.26071066812
P09112,17621.561504720787
P09114,64445.07522847372
P09115,31076.349001610964
P09116,26176.204321105968
P09120,4859.851899811839
P09121,2920.789929337412
P09126,25904.4403400928
P09138,45454.421371186996
P09141,26122.297269314367
P09145,26411.969979722067
P09146,48789.471419678106
P09173,6293.504635149513
P09194,2944.320051592213
P09196,4303.25291043353
P09197,19190.61938408315
P09202,5674.417960628723
P09203,16512.04871415705
P09210,3290.192811802248
P09346,4922.718369178926
P09353,4541.002512711179
P09359,5085.1273048413905
P09362,4266.2764733028835
P09368,16985.7395337815
P09373,5137.604782949525
P09375,3525.698144022328
P09377,5044.362868622155
P09378,3980.4219233248346
P09379,4858.994656813148
P09382,3792.926483771816
P09384,4067.7208110993015
P09385,3755.785536755572
P09386,4339.3791433345805
P09388,3796.4246832267136
P09389,3456.125200292145
P09390,3521.851751345506
P09391,39308.77046325326
P09393,16110.86565001366
P09395,16565.49814961403
P09396,19178.049841705142
P09398,36777.97500644624
P09399,3948.0321992904187
P09400,32242.179870519172
P09401,18519.274698530226
P09449,14127.626540284497
P09450,21306.006031796656
P09452,22744.59589722229
P09453,6217.982038053678
P09454,4115.998963448582
P09455,15955.527639365828
P09457,3637.4490928873
P09458,3488.2292885176007
P09460,4440.069907513652
P09461,3709.3516301417326
P09464,3874.564973168219
P09465,3689.427322094471
P09473,16901.404631866848
P09474,15149.281978945011
P09477,15130.382822613343
P09479,18179.120510907655
P09482,14277.886586911649
P09484,48294.02269715664
P09487,3594.9262681368377
P09488,4764.832867189398
P09489,31757.995420041643
P09493,3711.432153767426
P09495,3624.3593085279645
P09496,3524.4420218909254
P09500,3397.9862496617748
P09501,3438.95444788843
P09505,3833.474680398184
P09506,4748.603376994769
P09507,4828.169471341541
P09509,3988.7455708959037
P09510,6132.011552077303
P09519,3719.977919056285
P09522,3325.0450044307404
P09524,4199.083789870419
P09526,4053.4801005352692
P09527,3810.8677129132707
P09529,4041.4639066048544
P09530,5198.682216122569
P09533,3973.6333398830507
P09534,4082.367500068896
P09538,5191.42757727701
P09541,3435.5406655917855
P09542,3843.131344314046
P09543,3113.4135817708293
P09546,4160.022817299529
P09565,3496.561415066623
P09567,35471.11244900739
P09570,4589.589482215366
P09571,5381.266947752849
P09590,11229.060632596642
P09591,10052.446375159088
P09592,3436.8657371790955
P09593,3939.2000552163495
P09595,47316.32758499053
P09596,41375.87207431468
P09597,34566.15354377623
P09602,17362.317459673057
P09603,4091.6937725518987
P09604,4093.3126302879236
P09606,3809.9491267066446
P09609,3900.3098677810585
P09612,19553.46754029227
P09614,14890.213932782002
P09615,3137.383330851921
P09616,15598.191830063697
P09617,18651.203365497524
P09620,15604.091434210757
P09621,4262.261362337366
P09624,3539.71106597134
P09824,4107.685087018953
P09906,5289.990969743213
P09909,4488.380275184164
P09910,4616.011573823928
P09911,5343.422735907986
P09912,5301.427206962984
P09913,5348.364046492179
P09914,5363.858161849993
P09915,4871.390948217818
P09916,4386.084912665294
P09918,4193.694717886283
P09919,3955.8226447532757
P09920,4532.114934365263
P09928,6102.87549294243
P09992,4333.971352681326
P09997,4275.164038085972
P09998,4115.2200114677125
P10012,4134.80521032287
P10014,4530.525284944153
P10017,5005.0575238484735
P10018,5548.680717415801
P10019,4502.723443314115
P10020,4966.438527281049
P10023,3422.10671496309
P10028,4087.8651055502
P10029,4168.728761256603
P10030,4247.085324056222
P10036,4036.3242323743707
P10037,4256.783410905712
P10040,4709.76588416444
P10156,5143.644525275474
P10176,3840.983488854237
P10213,20117.69428423215
P10215,19892.95157091484
P10216,19997.96615767252
P10220,20266.256782159046
P10221,20173.175749777285
P10366,4646.5539571026875
P10393,5000.0190508334135
P10394,5247.967494000219
P10404,3529.1790764996235
P10405,3031.595704218295
P10426,3405.3935339651784
P10431,3289.1684266403313
P10432,3281.264920263355
P10434,2876.307790242308
P10435,2600.3259534128124
P10437,3574.218564867531
P10449,4247.712699251461
P10531,5386.813605671923
P10628,2940.565692030171
P10629,3353.623273229404
P10630,3086.3675107878666
P10632,2938.09294316905
P10637,3592.647522701648
P10666,83783.07487596023
P10670,2990.795623911356
P10673,2276.5119668163697
P10680,3626.15924787016
P10681,3496.4619973355607
P10682,3163.560560412836
P10684,3547.0223023710964
P10685,3674.8747617946638
P10690,4094.93174730757
P10691,2829.2740137785527
P10692,2912.1518165608413
P10704,2493.6758451325722
P10715,3042.330393692957
P10734,18241.865204550173
P10735,3681.453245781166
P10736,3496.629772580735
P10744,17806.454101867846
P10745,17662.364114591725
P10767,5300.6698755051975
P10775,4056.6171178617046
P10777,4190.96709999904
P10778,3661.913692022163
P10780,4330.900316392327
P10782,4384.287150678302
P10783,5016.192747780605
P10784,4150.347617675731
P10785,4138.831188471884
P10786,5389.52248396353
P10791,4252.8382260963845
P10793,4105.709628074932
P10797,4346.025901734083
P11065,5593.300791286371
P11086,4041.9043652633854
P11117,22897.471545234384
P11171,4334.315949161848
P11233,5511.831890744989
P11236,6096.661668652657
P11241,4613.944718405314
P11246,4145.919910113748
P11248,4157.476302273811
P11249,5889.556332600709
P11252,4325.1052981883995
P11255,5449.480224700991
P11256,6363.682829634198
P11259,4640.436915022326
P11260,4937.524692155079
P11263,4507.778551952702
P11287,4341.192192489438
P11290,4166.658408238469
P11292,151137.1180376168
P11293,122687.75574213313
P11297,3982.344702158121
P11318,3331.807924309358
P11323,3736.611732936191
P11326,4190.842525039226
P11328,4452.732397226461
P11330,4535.267763518919
P11331,4175.687760199671
P11333,4128.587482890433
P11336,4256.72756392372
P11337,4465.995121353194
P11338,4724.57045517637
P11422,4530.957919622194
P11507,4957.10211534059
P11508,5079.18886836546
P11513,4461.14753057875
P11518,4567.859540372029
P11520,4385.489924859401
P11568,23581.67264605234
P11588,23995.970329704727
P11683,5442.27253477521
P11702,2797.9701795857404
P11765,3614.706882533579
P11766,4467.670204610665
P11774,4844.130486025148
P11777,4211.550435082083
P11779,3659.122928360959
P11780,4424.310914606971
P11782,4129.364003673487
P11783,4188.194430156931
P11787,3641.720335058284
P11788,3567.765822322135
P11789,3451.986382123494
P11790,3669.525425657529
P11792,3670.8538680556358
P11794,4908.6906600494085
P11796,4346.779961035592
P11797,3738.1582611297795
P11799,3649.151700329302
P11800,4548.101214039035
P11802,3935.6947119242127
P11806,3696.6331861998474
P11807,3661.3764923377007
P11810,4803.5136447643445
P11812,4566.047959569365
P11814,4564.226966949564
P11815,3493.2249271417577
P11824,4008.14569970347
P11825,4152.492594021084
P11828,4674.949739141008
P11829,4540.023349476171
P11830,4427.921262661205
P11846,3977.508700475532
P11847,3740.09780327389
P11854,4700.369337091701
P11865,4173.887722756914
P11868,3989.110441743938
P11870,3907.288122359088
P11871,3992.7487144742795
P12023,15678.067536606477
P12101,18169.59622642523
P12102,17827.048212637437
P12104,3277.738179820801
P12107,19224.737024994683
P12108,20171.736394305848
P12109,19147.606780832342
P12116,4449.643811412908
P12136,19500.451960305832
P12171,5844.706492011501
P12180,3895.404973798988
P12212,4291.144700466747
P12213,4172.972178738839
P12214,3972.854379020089
P12215,4101.752426840945
P12216,4576.481760676035
P12218,3896.89065370321
P12230,3754.9266630275665
P12233,4218.985856853422
P12236,3797.770245157143
P12237,4161.1286586249835
P12238,4511.747705136088
P12240,4028.3993706308843
P12242,4441.192232516084
P12243,4135.863665956134
P12244,123479.95034896753
P12318,146467.69425777925
P12382,6088.172608292199
P12439,4605.724315158099
P12440,141814.5288465438
P12444,4652.256506576427
P12445,128733.51696892185
P12450,5356.6590522765755
P12453,7174.196103367852
P12459,4610.310921266901
P12462,5038.305634647253
P12463,4367.962507945415
P12466,4397.148481661263
P12469,4382.551041371321
P12473,3996.871527967522
P12478,4408.833465173939
P12482,4833.439365153916
P12488,5061.4990633254965
P12498,5943.8211268153345
P12510,4058.22431571516
P12513,4221.1375878344725
P12520,5065.786917529537
P12522,4367.641561018765
P12523,4333.139028389537
P12531,4139.661088909313
P12534,4027.143377628397
P12535,3935.7620439532593
P12537,4230.470248317314
P12540,3811.9214773760696
P12542,3196.7918094291026
P12553,4800.526923129918
P12555,5193.565141475003
P12557,4558.152337724995
P12564,4434.577512295611
P12566,4795.105733155903
P12571,4467.394048330944
P12572,4616.74124088831
P12573,4268.831940098299
P12575,4165.805926602937
P12576,3986.440430269581
P12577,4063.0493995447578
P12578,4249.818496923978
P12647,4558.851204390521
P12650,3033.3561664754093
P12671,107471.9424560641
P12719,4149.350471711113
P12784,3651.391898926316
P12828,4008.4640142976555
P12926,4941.472693876981
P13011,3060.8838861078098
P13013,2733.858272823201
P13041,23064.919828109407
P13050,2797.3461031791394
P13055,3010.433250443379
P13059,3005.5392810813537
P13094,2466.629136972226
P13097,3130.033852579643
P13098,2393.9356902328354
P13193,145192.66103625478
P13222,4286.848819687441
P13227,4753.98542967193
P13459,4197.200298821307
P13531,28392.535775172095
P13647,5356.7306828823685
P13654,3833.5764825092247
P13664,3500.181271004428
P13666,4525.9848925814995
P13667,4198.994782095024
P13668,4267.678734477744
P13670,4550.270980516744
P13672,4240.729812464169
P13673,4297.499042646289
P13674,4191.618489969007
P13686,4401.863878535636
P13687,4450.913131402786
P13688,4407.761396267614
P13689,4453.629486390385
P13690,4451.250048090987
P13692,4355.966121561551
P13695,4740.497917851611
P13697,4582.376849366452
P13782,17571.64403876651
P13792,19009.302112386056
P13867,4244.399549510346
P13868,4032.294702357584
P13889,2992.229966389758
P13890,3439.1807895245074
P13901,3502.7346436880894
P13909,3561.8074178610805
P13910,3351.5166054491438
P13915,4894.78621430157
P13932,4145.318449629886
P13933,4046.1228484605535
P13934,4249.94287769243
P13948,5430.058850067233
P14010,139467.27573917594
P14011,133809.96514700304
P14012,5096.686343010536
P14014,155546.58095240957
P14018,4588.570097806601
P14020,4792.069015260937
P14021,4866.730434765886
P14025,4904.705035914739
P14026,4021.5361921828066
P14027,4133.605480680435
P14029,4692.793902582412
P14030,4289.759845040982
P14089,5378.541354626025
P14092,5567.262074752335
P14123,158253.57718436065
P14142,5120.6197563862515
P14410,4373.114267315018
P14411,4166.392527764194
P14414,4228.5640695992315
P14682,5861.882020989559
P14684,4873.217505986418
P14737,22968.658816117397
P14745,3277.0108035450967
P14785,4274.011749641998
P14813,4570.780139997289
P14816,4672.733774957657
P14821,4767.596218677336
P14840,3170.0373914645725
P14853,2978.554455986157
P14854,3478.1565792164756
P14856,3217.3734444648694
P14876,4148.643530816459
P14878,3366.8406571165046
P14880,3763.9540333199043
P14887,3756.693541919544
P14890,3738.5643105929953
P14893,3406.354186820729
P14898,3669.8560060153127
P14906,4014.816333819909
P14920,3918.5839587570395
P14921,4103.946500828975
P14922,4108.5583043289935
P14925,4070.803348341305
P14927,3911.51785731723
P14929,3735.0457456301247
P15034,4649.003028754144
P15035,3407.028621414909
P15037,4111.863182070754
P15038,4099.772099867069
P15040,4589.162990872349
P15050,3987.8898060489214
P15051,4235.514671613984
P15175,3813.034619098168
P15176,4449.827336743857
P15177,4460.774801707675
P15183,4411.952867332268
P15188,4179.544475861936
P15191,3936.5800986003287
P15192,2947.576579287955
P15196,3740.5575406110315
P15197,4187.701547164348
P15203,4088.1040092397725
P15204,4271.483918489587
P15205,4123.830206286187
P15206,4136.872140657026
P15209,4131.776727864452
P15210,4098.656975385967
P15213,4107.548601157589
P15216,112079.27322829174
P15218,5325.739285864393
P15221,108134.4270311691
P15222,4278.606889915098
P15226,4122.406467479055
P15228,4190.858349414737
P15229,4406.152200828362
P15233,3563.7320653299807
P15235,4675.053995792174
P15240,3894.6693122881816
P15313,5030.5372263989275
P15314,4595.960693949121
P15320,5265.070390269607
P15324,4888.528482687722
P15326,4526.00697256728
P15333,3990.3086879940706
P15335,3780.9791144669603
P15337,4990.5447692809275
P15338,142731.07332376816
P15355,4189.586311389668
P15377,3975.58926245823
P15414,5134.760105155271
P15446,17216.04694739787
P15551,4932.148322290196
P15707,4390.671241295672
P15708,4022.0317258295213
P15709,4109.049595678315
P15722,18595.96239637315
P15723,17611.009049041626
P15724,16489.64296261636
P15798,139790.13290006077
P15824,4860.333369154681
P15856,3426.472824803787
P15858,3666.3417395142396
P15859,2660.9691151478055
P15886,3835.1825530458177
P15890,3890.521124054631
P15891,4599.915791865307
P15897,4177.434662684735
P15898,4264.899007998264
P15907,4442.254285772711
P15909,3351.8017797412863
P15910,3735.53857653523
P15924,4504.569672659555
P15925,3464.3656722750575
P15926,3718.9275982839654
P15927,3882.7570835108904
P15970,4625.87781169284
P16070,5593.189046573171
P16090,4254.305453792152
P16097,4093.454655495172
P16158,3674.4477954692397
P16161,4317.968415602924
P16162,2552.8297085765375
P16163,2716.04057683288
P16164,2604.5478663972513
P16169,3437.4882740786534
P16170,3659.851261312772
P16171,4231.849603139031
P16173,4070.324016186212
P16175,3605.8595750992376
P16176,3690.030334071722
P16177,3525.6376461742516
P16178,3465.3339383992657
P16179,3695.225366803612
P16181,3724.7285504444344
P16183,3646.9689347117574
P16185,3563.5282032660994
P16186,3732.851530886125
P16187,3778.5510736821116
P16188,3579.160746609849
P16190,3410.5917912655073
P16193,4483.1789426328505
P16314,3933.2521502479494
P16315,3890.4537608620094
P16392,6746.2708554144665
P16415,5733.750881069902
P16491,102540.39365851271
P16493,154558.60571930688
P16494,102906.39740123482
P16495,152810.84584494427
P16496,5238.15925865045
P16498,4334.625116756905
P16500,4564.935941941619
P16501,4575.725467942548
P16503,4956.74028101394
P16504,4557.822270903328
P16506,3926.9545910791944
P16507,4154.0401393833645
P16516,4483.684434622692
P16517,4593.648779972113
P16519,4468.500149310309
P16520,4402.565300384707
P16521,4400.789571283438
P16522,4353.727914167585
P16524,4597.179196368275
P16525,4301.36599309939
P16526,4788.908353922934
P16528,4327.726392019293
P16529,3687.8536387830713
P16530,4369.040362223046
P16534,143044.64941035546
P16540,5030.750743035309
P16542,4668.734707983286
P16544,3790.2606812132112
P16545,3607.995240055278
P16546,4755.631014907333
P16548,5001.268659191619
P16550,4698.107982253659
P16552,3739.0874011777614
P16558,123809.18459219644
P16565,4021.4209952309
P16566,4616.695696646637
P16569,4136.092279993207
P16570,4030.349742779505
P16571,113319.5023623446
P16573,4733.40356237108
P16574,4286.436685754439
P16611,3484.0529306780513
P16643,4298.018897943737
P16660,6069.024628517611
P16661,5389.815188030176
P16687,20554.697108077573
P16734,4303.885914171295
P16735,4191.322358280904
P16736,4184.303771921807
P16744,4071.6759148395154
P16750,4004.2166473165707
P16751,4082.390872486728
P16752,4189.656161523689
P16753,4313.619881171194
P16756,4217.865896920862
P16757,4204.26255687064
P16758,5133.738704889495
P16762,3981.537609663655
P16763,3826.21467924738
P16787,5134.57057313009
P16788,4709.995763672022
P16789,4338.58131965271
P16832,3792.6878531947486
P16834,4158.6635865853395
P16867,141058.86794587527
P16893,4444.346996395775
P17133,4245.774681123789
P17136,4451.595217515866
P17137,4651.184856613278
P17147,4131.109661152908
P17148,3648.3549267616445
P17149,5310.4586570806905
P17150,4929.046905589306
P17154,4159.612418061134
P17246,4475.560070166101
P17248,4778.271871826396
P17249,4112.052791288919
P17255,4254.769719904401
P17256,4564.189236978942
P17257,5062.954185974874
P17258,4776.53102756179
P17261,4568.042210835553
P17262,4574.337316307861
P17264,3655.032694918745
P17265,4655.891256789827
P17278,4058.813813906982
P17287,3915.4942548233557
P17306,4215.941424093948
P17308,4212.4172896812515
P17309,3802.8294014375933
P17313,4213.59762744048
P17314,3299.642387863016
P17315,2881.6376364300986
P17317,3343.8266590778753
P17319,3420.701271184519
P17323,3248.6315898392545
P17324,3456.068050061574
P17325,3390.148271295684
P17415,4584.328622930099
P17422,3604.131402029376
P17424,3694.068404743936
P17442,2949.165402934824
P17444,3983.3465111070304
P17447,4438.719880420266
P17448,4321.192654001052
P17479,3749.664455823447
P17482,3549.1700165962598
P17483,3772.7013877688287
P17486,3647.24213751132
P17501,4100.081250067418
P17502,4232.568775490582
P17503,3946.035029947497
P17504,4167.115591171802
P17508,3780.6567861864537
P17518,3991.0854628401084
P17521,4468.412907837794
P17523,4017.9858380120177
P17527,4879.916309019819
P17530,4070.7408410140106
P17539,3871.820042966922
P17540,4702.78025741073
P17542,4026.6170716783718
P17562,36907.134296360615
P17660,2528.7468210038005
P17829,3803.088018095478
P17855,3709.1181611380416
P17856,4231.401940410852
P17857,3639.9102188678635
P17927,2565.7087387708875
P17934,4567.660735545915
P17964,3243.449285361474
P17974,3341.563544326263
P17993,2811.3470840133937
P18049,4197.496812268142
P18051,3112.110854338955
P18053,3690.8823553801917
P18054,3170.613512737085
P18061,4254.094872376204
P18063,4049.1318785673666
P18065,4799.199145306433
P18123,4248.670131950173
P18127,4082.758804423646
P18128,143919.8602103405
P18156,3843.0188745296637
P18157,4962.956210039695
P18159,4886.713962208411
P18161,4756.713435394593
P18191,3904.057751148572
P18194,4746.163710125599
P18195,4130.205042196788
P18211,3795.388116249723
P18217,4926.316502447617
P18225,3993.285174730077
P18227,3959.7071436054875
P18231,3700.3413565347264
P18253,4769.2042722236865
P18258,3656.407800538939
P18259,5414.047206311698
P18261,4196.923513155148
P18262,4293.251568428778
P18279,4063.125672188266
P18281,3675.322370083485
P18296,4186.665224785558
P18300,4318.23000697737
P18434,3301.541655664103
P18460,4686.442301280825
P18519,4938.702487271
P18522,4047.2488614183876
P18557,4709.580277366638
P18558,4932.0466696947915
P18650,5395.117289410413
P18651,4840.115464266458
P18654,4156.175559526452
P18655,3619.704511704011
P18656,3583.224157888263
P18731,3897.8122798514974
P18735,3549.4169781043756
P18739,3647.5027490730467
P18749,3779.046732833867
P18752,3900.219013492553
P18755,3894.3134336410794
P18769,3694.617837469811
P18771,4030.4229089320447
P18796,2917.0924334325223
P19035,4682.39956540264
P19037,4475.906346300076
P19038,4429.004232427071
P19041,4518.744154612354
P19052,23047.2940927895
P19124,3021.222905136128
P19250,4515.324010204736
P19252,4326.938728105596
P19253,4280.793780372646
P19265,4419.119873025278
P19282,3945.315945557339
P19573,3654.3290141730977
P19574,4213.355070863524
P19590,4394.806992286414
P19599,4607.821679292428
P19630,3897.067279066638
P19680,155767.47365521928
P19684,153931.95255627
P19685,3975.5705137914442
P19686,4027.148243169439
P19696,5138.661622651492
P19697,145645.70731385818
P19699,5480.071819719838
P19701,152083.9579781511
P19703,3969.337828323143
P19715,5272.364682022324
P19720,3754.4025447827403
P19773,4201.794226444643
P19812,3157.8446403876583
P19813,3282.202635567216
P19814,3181.187017409729
P19851,3527.6543179058176
P19856,4017.7521081763957
P19860,3358.5551924746596
P19861,109583.46516443322
P19864,3865.7683473500842
P19865,3575.451075978706
P19866,3635.0914750484903
P19867,3478.105406755437
P19868,3536.1953698624066
P19891,4292.584508509713
P19894,4027.699386467603
P19897,3967.6134555135595
P19899,4173.965740867785
P19905,3850.19790051306
P19906,4206.618482683048
P19907,3595.5879981103108
P19908,3384.1454529905727
P19911,3429.155778634257
P19913,3420.545492690122
P19915,3330.383761976355
P19916,3675.8653356254567
P19920,3268.7267985157596
P19925,3574.533837575797
P19926,3579.68151389292
P19928,3924.796697972745
P19938,3394.114606681517
P19941,4657.268695991492
P19954,3724.5847244817883
P19955,3723.4434911682815
P19979,3571.456148685254
P20002,3648.2811794869926
P20004,3503.4721630524473
P20007,3695.6961744223463
P20010,3105.869305089819
P20022,3311.536220389313
P20026,3767.6552789855864
P20036,4229.080210749838
P20040,4578.16299268033
P20041,4505.924141675016
P20042,5395.587294420825
P20047,4017.8924089410693
P20048,3642.6073512213056
P20049,3485.0248035040677
P20050,3512.6500864981003
P20053,3942.4174592084487
P20066,3785.105366325043
P20068,3917.815871262774
P20129,4802.318183137562
P20136,4562.5082106270565
P20141,4926.060847145768
P20142,4661.82128715544
P20144,4439.996106433509
P20212,4843.679628087356
P20213,4597.915629138403
P20215,4544.0836078541715
P20218,4399.869558774631
P20219,4730.081226761141
P20220,4328.637906941054
P20221,4376.960341527877
P20243,4891.307372200464
P20244,3926.3090683438904
P20247,4216.553193682659
P20251,3750.641144104606
P20260,4332.929538512219
P20267,4741.920473346167
P20269,4808.610246431851
P20270,4836.975789609926
P20272,4171.059343877719
P20274,4407.4348454761
P20307,126084.93250171197
P20311,4062.5403634643712
P20312,4116.668548428821
P20315,4118.311832212627
P20318,4525.9673550169555
P20368,5526.918886207085
P20387,4504.573269883353
P20436,5783.494437943313
P20527,5732.273911863887
P20546,4294.3884995407025
P20665,4014.9974377098506
P20666,4034.3996398110894
P20695,5143.344934475333
P20725,2980.1587771936292
P20726,3450.3280080546615
P20766,5108.178722776847
P20786,5426.4048349511395
P20848,3924.5352559265325
P20849,4268.714642029641
P20855,4206.727797980873
P21016,5149.190351702438
P21021,5108.062227767613
P21059,17862.98756681837
P21112,3681.7915621876305
P21118,4055.3211125783637
P21123,3711.587586136893
P21145,4086.571832332969
P21150,3939.021361135184
P21151,4089.7342639856342
P21160,4024.3987664061565
P21168,4676.574164575641
P21169,6283.195552233593
P21172,4554.092170194948
P21174,4581.790246109239
P21179,4608.723282315851
P21183,4503.469966250884
P21185,5092.784465325624
P21186,5381.508071039736
P21193,4695.970835933731
P21231,4091.828626284229
P21243,3811.8160993468773
P21247,4594.61377068945
P21249,4024.5424205673153
P21253,3974.5204641723817
P21256,4756.258407518626
P21283,5460.549523874977
P21308,4950.045958926187
P21364,21015.59817451581
P21379,3544.071380371392
P21381,3563.21100576414
P21384,4189.796214111431
P21388,3870.121413632705
P21392,4802.2058836627
P21393,155803.36952486561
P21680,5601.812542438272
P21715,4214.658680305512
P21921,5662.682255612154
P21930,4196.535785996138
P21959,4114.65266856134
P21960,4294.376425846656
P21961,3987.2570242516326
P21962,4425.279552769938
P21963,107314.53076675802
P21979,4148.890935413602
P21988,4259.572265591404
P21989,4616.015561641973
P21990,5385.664176668083
P21991,4859.4829665559355
P21992,5167.396608993118
P21993,5127.759770818945
P22000,4904.462557579828
P22001,4668.894450622252
P22003,4309.6039577753845
P22004,4635.532799885975
P22005,3979.578972656224
P22006,4054.3473115870006
P22007,4740.730675672613
P22009,4185.055269874661
P22013,5227.677126815515
P22066,4533.623045957872
P22067,4821.449948180898
P22070,4287.817046232913
P22103,3882.1132810437953
P22104,4114.768846385226
P22109,3833.684230544253
P22117,3974.440061804856
P22119,4063.302501340808
P22122,4015.052972002873
P22124,3406.35398851906
P22126,3997.5143699463374
P22128,3738.594501075596
P22139,4530.776787063701
P22141,4149.916461839242
P22143,4537.189017354099
P22145,4511.3637597801235
P22148,3758.515003938328
P22149,3963.1936102666705
P22161,4321.720942443717
P22163,4387.682531783072
P22164,3965.068614593613
P22168,4207.881308450624
P22193,4029.1860138823786
P22202,4069.3826750576545
P22205,3862.0696025909742
P22227,3825.0804139203956
P22259,3912.3607460111707
P22264,4126.22836396302
P22265,4049.2310615002834
P22289,4345.605887736283
P22291,3388.5690164448274
P22293,4245.133272939793
P22315,3802.110968822452
P22318,4431.046906590583
P22321,3817.9057103937075
P22323,4121.847566831585
P22324,4218.550266870258
P22327,4059.1283783804433
P22331,4338.063603311845
P22334,3492.8225596560474
P22338,4427.647978255751
P22339,130633.84727650676
P22342,3803.9727966565565
P22343,114032.79055459575
P22346,4285.996745968633
P22350,3823.6830313176742
P22351,4281.476364309781
P22352,3811.8940758220683
P22354,4322.333025876578
P22355,4343.333161559703
P22356,3855.388979228408
P22357,4559.7312553429365
P22358,4263.174921195782
P22359,4141.944803286874
P22360,4269.806275993752
P22361,4102.406738616479
P22364,4002.223710308054
P22368,4063.6206938386194
P22369,4057.3344746133894
P22372,3953.6792067986016
P22373,4091.0981305544974
P22375,4063.5582437456374
P22380,3634.2912676454907
P22383,4350.374424223411
P22384,4527.620211640684
P22388,4110.100343973539
P22389,4071.193000464215
P22390,4099.323811185501
P22391,4089.0660870836523
P22392,4080.5126003499827
P22393,4098.97909709833
P22394,4037.6092697660065
P22395,4046.4216120054175
P22401,3658.5089123081902
P22403,3589.025630435129
P22437,4230.455620229589
P22443,3827.0923101360245
P22452,3738.524380588356
P22455,3929.808106626108
P22457,3881.2317513334397
P22458,3775.355139409513
P22460,3919.498559582205
P22467,3870.678221229763
P22468,4015.6202859350005
P22470,3881.112139334603
P22471,4038.282793961598
P22472,4096.093467696546
P22480,4047.3183493482356
P22484,3735.2970136195995
P22485,3433.9173269004123
P22488,3688.573440655939
P22489,3645.1727521758844
P22491,129379.84137116866
P22521,4316.746789963209
P22540,3294.423180569077
P22543,3814.4932988745295
P22555,4322.8612782247355
P22557,5022.78229929535
P22564,4260.8264405782265
P22654,4348.826160330351
P22655,4970.891444996038
P22659,4713.819728374333
P22660,4279.725833844312
P22661,4221.86865267456
P22675,129520.5632040442
P22682,4384.893334764841
P22689,3801.9738772597557
P22698,4055.5262517494402
P23013,3052.2753398979075
P23099,4936.877582387374
P23100,4261.465374297696
P23104,4865.118215162431
P23107,4936.903889334042
P23110,4708.6302550532255
P23327,4198.889416334535
P23329,2815.1098006340612
P23346,4318.156196191448
P23351,3935.432529061571
P23361,3651.1885528882462
P23364,3730.285554319338
P23366,4284.903483799261
P23367,4390.533717145036
P23376,4106.7847147099765
P23385,3817.6181386130306
P23387,4039.58088532638
P23390,3993.9229507564073
P23396,4033.2117485812896
P23399,3759.7571220637806
P23408,3825.088971672026
P23418,3513.3515098374455
P23456,4897.976062644838
P23545,3752.0639821225877
P23549,4296.2632392744945
P23560,4060.1874066338205
P23750,4035.412989244911
P23757,4452.185867321083
P23758,4027.4720407897053
P23759,4400.5096556373455
P23783,3673.952867519865
P23784,4269.9093502522655
P23785,4038.40006772554
P23797,3806.688010068788
P23800,3840.513897017195
P23802,3767.03459676949
P23806,4093.9955330630883
P23807,3836.130748477535
P23808,4302.417753538203
P23814,4727.460598734568
P23819,4106.567722286166
P23820,4150.20466858445
P23822,5581.3151176969905
P23857,3388.6418579462506
P23864,3987.2776036734695
P23865,3927.885283869382
P23866,4002.916251556349
P23883,4014.8549795727386
P23884,4638.832598835584
P23886,5029.019674004484
P23890,4228.379165525889
P23904,3722.332573704932
P23905,5005.426837556461
P23910,2962.900390341642
P23911,3664.341589964658
P23913,4145.31510009426
P23962,4032.0319218131335
P23965,3812.1138252713554
P23966,4000.621058303564
P23967,4326.4198994216795
P23972,3898.471798679435
P23978,4848.317520479271
P23982,4797.90360047013
P23983,4395.226316596309
P23984,3194.907908639126
P23986,3220.5453934687944
P23993,4029.6445972198962
P24000,4047.0428161215095
P24002,4032.6173855831125
P24012,3541.0154383485424
P24014,3060.7555850291733
P24027,3881.0154679786406
P24030,4601.856504897813
P24196,2860.5887594145834
P24197,2802.1925174773182
P24213,3236.2966605198894
P24214,3025.314315530256
P24216,3051.332052821689
P24278,4163.341571463814
P24530,2607.890706436116
P24539,2951.4215648371123
P24750,4450.606992174871
P24754,4337.778986986895
P24757,4320.69088189442
P24759,3734.622388218616
P24760,4479.854175117436
P24764,3657.9304176082474
P24765,3591.645589317678
P24766,3580.0881203054637
P24768,2705.6613897978064
P24769,2640.7053556033347
P24776,3886.259093191235
P24792,4238.9603912296025
P24795,4291.646449259912
P24807,3932.7022144962425
P24809,4291.331220823339
P24810,4124.063208006521
P24813,4275.181326157149
P24819,115182.69632292591
P24823,4082.9002069457556
P24826,3960.83567692559
P24837,4746.894329185678
P24838,4118.287049554259
P24839,4719.635497784161
P24842,4330.240072354738
P24843,4604.471632542421
P24844,4418.475073758927
P24891,4566.988373671699
P24893,4036.1363530201456
P24894,3962.5801368261027
P24896,4048.4325259872926
P24897,4550.877872329612
P24899,4350.447302987113
P24901,4464.210255097886
P24902,4172.327756715506
P24905,4316.638738086815
P24907,4832.538795286532
P24908,4354.111171061821
P24909,4176.452993352204
P24919,122966.33337839924
P24921,3828.8894400956997
P24923,3206.7967101312956
P24934,3973.422740682096
P24945,4437.599315444968
P24948,3976.353167365261
P24949,113882.16597380553
P24951,3980.636016884368
P24952,3865.4493729166356
P24953,3958.491755369234
P24954,3992.593383462479
P24956,4179.621435711458
P24961,3993.5918668907075
P24962,3803.811904016816
P25145,3524.193804236413
P25149,3266.1411509257196
P25150,3323.2075193758446
P25151,3464.7285554696127
P25152,3691.6858418579786
P25153,4534.746208064702
P25155,3487.2072858518773
P25156,2952.960355646585
P25157,3316.008268707717
P25158,2832.942525598281
P25159,3973.5545160985744
P25160,3462.9290907019354
P25163,4721.97981640612
P25164,4452.087170591951
P25166,4614.398200630438
P25167,4533.580677531983
P25168,4688.457500865726
P25188,4887.648094938356
P25190,4767.667731769471
P25192,4276.3421250356305
P25194,4549.257865299684
P25196,4183.901941390982
P25211,4009.1877414754454
P25214,4018.877028437684
P25216,3915.873444620103
P25217,4070.7728159583075
P25235,4559.289722581916
P25237,4784.006417786122
P25241,4839.452004806544
P25242,4929.487504597322
P25244,4799.149755800621
P25246,4312.540708514827
P25252,4444.969107548676
P25253,4782.740374418879
P25254,4319.036897645112
P25255,5207.889948143002
P25256,4648.551077710734
P25259,4678.149878250284
P25264,4365.024106807395
P25266,4438.519985350089
P25267,4429.085654993582
P25268,4275.126360373944
P25270,3908.5647960288497
P25271,4415.651518704727
P25272,3760.3085906429747
P25379,4224.228652222174
P25380,4285.536324922424
P25383,4269.855908561871
P25410,4625.535558179187
P25411,5089.624181168552
P25412,4894.426800796654
P25413,4806.720758151357
P25414,4318.998401890735
P25416,4319.766044342292
P25417,4228.16280074081
P25421,4533.309693732678
P25427,4171.082902819242
P25428,3837.776457951848
P25429,4027.4793888681747
P25432,4138.427469409436
P25433,4176.873647545608
P25435,4534.825913738773
P25436,4196.1137671275155
P25439,4535.915664072013
P25441,4551.187610064501
P25443,4553.60022032717
P25445,4148.655514987796
P25453,4591.584365360001
P25454,3609.310287827433
P25462,4066.465982872089
P25463,3544.4449382681883
P25464,4122.62624389612
P25465,4599.991731914438
P25470,4508.672431012171
P25476,4816.943467335828
P25478,4507.646967455587
P25479,4233.103588447101
P25674,3967.5468499558838
P25676,2943.980672292948
P25725,3195.5532688039716
P25742,4469.138830345682
P25921,3489.2804748072726
P25923,3478.9580074969267
P25925,3510.0744205391193
P25947,4414.345713962773
P25985,3906.329293348311
P25986,4400.239834751234
P25987,4010.5098911954055
P25989,4306.196705392028
P25990,4307.5108595511065
P25993,3850.7328050551027
P25994,4110.641510716675
P25995,4056.3081070732205
P25999,4076.735575853858
P26116,3132.466921451236
P26132,4708.850784549008
P26134,4933.789100455074
P26135,4010.096476651186
P26136,5171.960883452714
P26137,4667.918795546517
P26167,4029.4109334259415
P26168,4203.927185155625
P26169,4955.51460159278
P26172,5405.163092391168
P26178,4239.036706496342
P26181,4060.167689661374
P26182,4205.71718440785
P26196,4439.254564463224
P26373,4132.60181289592
P26377,4088.7127040707237
P26378,4296.641162537399
P26392,4118.712491672871
P26394,4197.652131004239
P26398,4111.267233537754
P26399,4047.8739744486807
P26407,4312.75457103435
P26408,4357.679221744803
P26413,4057.18377427041
P26414,4182.000799672312
P26415,4179.788701898885
P26420,4069.998020202229
P26423,4247.947708223728
P26429,4010.8453726748266
P26431,3904.255154024603
P26433,5066.985497051609
P26446,4579.145010080412
P26479,159321.13325973073
P26610,3852.1765169998466
P26611,4123.599013175524
P26612,4171.381287271463
P26616,4345.169296352676
P26617,4434.457714937455
P26621,4215.165021871068
P26622,3746.7112575292704
P26623,4237.485631398159
P26624,3765.6584212304565
P26625,3688.3749592937606
P26626,4162.650745344289
P26627,3787.6921092041193
P26628,4121.205699988453
P26629,3946.7041065293784
P26631,4240.073920229196
P26632,3549.0102393632487
P26633,4218.142668276421
P26634,4155.871245642911
P26637,4128.302751395107
P26638,4029.516775793027
P26643,4313.6019198037775
P26644,4140.202675042909
P26645,3891.18121316723
P26646,109744.22656701267
P26648,111901.95772848546
P26651,4199.846333098946
P26652,4382.30646897246
P26654,4479.355535324106
P26655,4660.169728997308
P26659,4166.79101180258
P26662,4241.631278126947
P26663,5120.271094335841
P26667,4152.536926106325
P26671,4152.079846541775
P26675,4483.577773566873
P26677,4928.896247086132
P26678,5378.984957217133
P26680,5375.847258277455
P26681,3938.915226493524
P26685,4093.675521899466
P26687,4402.42390855173
P26689,5472.827219276543
P26694,4930.674884825225
P26697,135186.34495957446
P26698,4640.532035376407
P26699,4588.7827290717605
P26700,4029.672240350442
P26704,3144.1624595697017
P26707,3775.9837839803936
P26708,107779.02040677003
P26711,110675.10024181691
P26712,3826.3325588319026
P26714,5206.748171520468
P26715,5182.973401066219
P26718,5178.072802691482
P26719,125546.50519845424
P26720,129003.99635669387
P26721,120977.98036472895
P26722,101678.5552626296
P26723,121218.41757304472
P26724,119106.39681038982
P26728,2755.8194904994566
P26809,3342.6339011869286
P26858,4199.762272402558
P26859,4385.109524811475
P26860,127042.42146877959
P26892,2765.76938011104
P27251,4054.6170115959876
P27253,4779.663849152174
P27257,5114.710336972727
P27261,3989.1469045225786
P27263,4817.832010184183
P27264,4671.126604358768
P27265,4472.76229510599
P27266,4684.545535984533
P27267,4578.13437713746
P27271,4493.0357241987995
P27277,4422.032025298305
P27279,4570.214408005421
P27280,4476.816055060249
P27281,5182.764122685361
P27282,4622.070540672091
P27283,4162.200630618542
P27285,4785.309836511566
P27286,4606.192255646353
P27287,5029.744050897018
P27288,4463.754198559007
P27289,4988.2761156487295
P27446,5735.6067327881465
P27667,4253.410068382911
P27668,4042.1197136507126
P27671,4090.4485910903645
P27672,4216.969067466209
P27675,3910.142550730305
P27676,3554.5550539458877
P27680,4153.7480089906385
P27682,3295.0263836751114
P27685,126636.81518865627
P27688,3818.04480913303
P27693,4000.9198950722453
P27695,117011.66923317777
P27703,4797.889530333236
P27704,3629.487806073042
P27705,3884.5821639538963
P27707,4971.205879130066
P27708,4436.9402160121035
P27711,4971.98060224173
P27716,4056.326908411673
P27718,4644.3775531621495
P27724,5257.785994751494
P27728,4120.68528956528
P27738,3941.6918048824314
P27740,3170.2175005712925
P27741,3188.6690700899817
P27748,4092.0898722828497
P27972,3357.845892016328
P28235,4972.7265262797055
P28237,139064.47550758772
P28243,4572.635617576562
P28245,3913.4212748623663
P28252,4117.304730329275
P28258,4170.852185957696
P28403,3908.2752235475514
P28419,3940.6561851832635
P28465,5280.729152475463
P28466,3617.3796344275293
P28467,5021.856726959204
P28468,4289.614158831458
P28538,4750.451986992647
P28763,3367.7140395733713
P28764,4177.302600960979
P28767,3301.3722701367424
P28773,4170.95631572676
P28861,4182.237619983257
P28863,4501.9857377349845
P28865,107648.9778180664
P28867,3855.1576077373393
P28868,4394.247647483698
P28870,129859.7524322819
P28871,4664.799905217664
P28873,4550.173986054803
P28876,4379.445422503123
P28880,3887.8534315557913
P28888,4089.0778562265978
P28890,3622.076693708122
P28891,3960.6744797958563
P28892,4039.779844431152
P28893,5055.800944500107
P28896,4000.4486347558604
P28899,4111.029952254417
P28901,4521.386931884105
P28911,4180.736090024034
P28915,4325.686902415938
P28925,4253.998904087001
P28926,3736.384366237268
P28927,4258.947961707016
P28928,5213.988927256646
P28929,3751.246432366913
P28933,4001.501307380421
P28936,4456.9762597095805
P28941,4039.889520656884
P28943,3945.5934041106984
P29184,3683.90643705258
P29196,127146.49025212314
P29198,4212.457353810826
P29199,4538.683411320989
P29200,4653.331821363028
P29202,2612.5305907834827
P29203,4083.3877702632844
P29208,4677.596704173938
P29209,4340.624672874243
P29210,4529.668887748573
P29213,4046.7413715616194
P29215,4719.0346450574925
P29216,3808.6297105576136
P29219,4055.32475655694
P29221,4740.793472299493
P29231,4436.074078030229
P29233,4564.465800051826
P29235,4576.974662923425
P29307,5191.948866612139
P29346,4454.771787231682
P29353,4416.386554007001
P29355,4543.852275573965
P29356,4513.985576019947
P29357,4416.866634516482
P29358,4442.691857308697
P29359,4372.787953394724
P29360,4321.4863761094475
P29361,4324.77346626387
P29364,4243.256640760627
P29365,3934.7952961069914
P29368,4284.406013341164
P29369,4144.817799277622
P29370,4412.542737221938
P29371,4186.624437999403
P29376,4104.00639059427
P29381,5253.592194738558
P29383,3410.4470479290876
P29389,5124.615038158689
P29390,4531.791228864636
P29579,3960.5810654118577
P29580,4091.9039771891794
P29581,4011.1536948074145
P29583,4128.658425912682
P29584,3285.0465099788476
P29585,4040.0111363323294
P29628,4139.971334471319
P29632,4210.14324029054
P29653,3887.6665747180255
P29654,3901.377272963717
P29657,3815.005142887899
P29710,3970.520036804376
P29726,109495.63848095435
P29727,131112.8363540812
P29728,4259.521660034513
P29748,4164.627765576777
P29750,3885.502251988447
P29751,3871.01456732658
P29786,4825.223046007158
P29787,4814.019971186055
P29788,4625.081531586655
P29789,4555.975138071043
P29790,4738.004678565229
P29791,4966.244753601291
P29882,4362.579412907607
P29887,4486.838499696896
P29915,23949.62487271275
P30021,3339.892115369751
P30022,3910.4483967533574
P30044,4783.949796700924
P30051,5153.027122639068
P30054,164880.74131627992
P30329,3702.311664703364
P30336,3396.03872947857
P30446,6200.510120620096
P30580,4357.194710616172
P30581,4321.481308544794
P30582,4373.587942869419
P30584,4326.979030724267
P30585,4396.053402260788
P30761,2728.06061690806
P30768,3788.1305752407475
P30836,5131.108631516594
P30964,22670.26534950304
P31127,4590.667062763181
P31152,5901.396261321844
P31154,5491.3402771051005
P31177,5233.990438968741
P31266,3859.605177687404
P31308,4632.270826216874
P31309,4405.66395079817
P31310,4254.770278631008
P31312,3847.5655960950644
P31313,4026.349923629807
P31314,4454.34568327124
P31331,4398.9174428527285
P31332,164032.23856169794
P31333,4322.190789190232
P31340,124141.10693748659
P31341,126392.29843452944
P31342,5096.878703393428
P31343,5015.772337972032
P31346,4421.456018793552
P31349,138799.82150633968
P31351,4366.276745997803
P31352,4377.737643513712
P31355,3946.971392150793
P31356,4747.011455477451
P31396,5382.035416902576
P31433,4608.482892136738
P31438,4312.393703330425
P31440,4298.319025648916
P31441,4362.3701899916605
P31442,3926.7249620718962
P31443,3729.8680474951907
P31473,3777.5397219527276
P31477,3931.330756960009
P31493,3862.296591440227
P31501,3917.439618726122
P31502,4126.810102876022
P31505,4080.7852106886157
P31574,19215.52979202883
P31578,19083.778189628356
P31610,18640.926077257165
P31611,22408.371743587395
P31623,3888.507518576824
P31627,3507.8435098806244
P31629,3692.2241060421575
P31632,3708.448735253983
P31633,3753.196655172134
P31634,3963.4281325391253
P31637,16967.362422644786
P31640,4049.218149249799
P31642,16087.409766652756
P31644,17023.627296805098
P31647,5463.845437655432
P31680,18040.367197433763
P31683,16117.63936546824
P31684,17137.15812422458
P31690,19482.101890828388
P31830,4796.572792980123
P31832,4514.041672032454
P31833,4720.796071606445
P31835,4837.402567509772
P31836,4743.5250684422645
P31837,4182.676892653038
P31838,4198.90256425494
P31839,4083.671281904508
P31840,4181.977356943759
P31841,4203.0677567790435
P31844,4336.3981726500815
P31846,4582.038611194798
P31847,4281.110283136145
P31849,4048.9748686835214
P31850,4510.496104130954
P31853,4130.506784784724
P31854,4056.9467075938755
P31855,4345.253674750124
P31858,3362.1812805812774
P31860,4763.385341933853
P31869,5940.508086164574
P31873,4371.974418578441
P31874,4183.99207953381
P31876,3839.4928298811174
P31877,4476.36915645553
P31878,3765.4979981205374
P31879,5698.263290231672
P31881,4861.0754137048225
P31883,3670.9747643409346
P31885,4557.99290538866
P31887,5066.4883278796015
P31888,4462.429647972872
P31891,5123.316105088355
P31894,126665.91390174607
P31895,138508.94512030386
P31896,5401.7093735037215
P31928,4577.238882178353
P31976,4313.903531516087
P32014,31563.801526218493
P32065,3634.719516800379
P32126,4525.530260120551
P32564,19449.732845231767
P32570,22981.238248931615
P32581,3142.024247540264
P32625,2796.3617006257355
P32901,3476.87811018889
P32918,4874.936788952663
P33013,2900.210213271703
P33017,2673.1438593859098
P33089,4725.68779380814
P33191,4884.7963317885515
P33395,4258.433444532826
P33532,4501.033543480846
P33533,4525.750841556978
P33534,3788.0375585365346
P33681,2629.110506319147
P33682,2629.5692132254585
P33683,2647.5430768082174
P33704,3557.291110008887
P33943,21571.278443523846
P33945,20672.84963699876
P33971,3298.2089964099737
P34002,3603.0564646694343
P34078,4663.282093905519
P34082,4379.9315895636455
P34083,4666.049774879756
P34087,4304.286072232748
P34088,4191.85753101445
P34090,4059.207253901766
P34091,4881.942693989239
P34094,4459.700527330253
P34095,4014.5453598596046
P34096,4481.7603657359205
P34100,4452.922713977672
P34101,4210.8391042465155
P34102,4331.932554035821
P34103,4502.011938574449
P34104,4401.9582162681545
P34105,4342.502417917621
P34106,4287.719835691749
P34107,4280.632761943031
P34108,4088.306546579136
P34109,4654.069994776983
P34110,4831.220081402151
P34112,4732.830705959275
P34113,4691.166164189228
P34115,5554.60385102614
P34117,4314.80707846004
P34119,4566.420813597784
P34120,4538.860093972047
P34124,4725.367529431568
P34125,4892.249840163635
P34126,4760.405428030463
P34127,4690.68924408816
P34128,5273.943192287491
P34130,3882.6653022907117
P34133,3998.769077123313
P34134,4179.619741304148
P34135,4524.62940681368
P34137,4229.860860451453
P34138,4324.937255343442
P34140,4405.876221358491
P34149,4290.711405436229
P34150,4030.5475140128406
P34151,3716.997361966219
P34152,3885.579513243851
P34156,3868.341614891924
P34157,3903.867620356444
P34158,3781.8834857957663
P34161,3878.018981698073
P34164,4079.166083467169
P34165,4049.2250966095175
P34166,3856.793484526874
P34167,4320.383810505343
P34168,3903.112397148197
P34173,4079.22860455119
P34179,4097.45845968822
P34180,3917.2645275693003
P34181,3969.1951718890637
P34182,3917.844012434338
P34183,3744.7741114496175
P34184,3872.3780358139343
P34185,4331.680004650196
P34186,3450.9129516038493
P34188,3529.5145876446
P34191,3903.9496822586702
P34193,3860.742444951446
P34194,3986.945987212285
P34196,3873.9167023576397
P34197,3199.722187677633
P34198,3673.4310129265214
P34201,3394.0417871640416
P34205,3272.0927677141517
P34208,4232.843470579582
P34209,4099.579440502713
P34210,3872.9887719583357
P34211,3788.7431738969963
P34212,3758.9810784787182
P34213,4039.7322148486246
P34214,4246.675736841304
P34216,4262.55388350659
P34217,4123.5020919305
P34219,4026.799136049425
P34220,3999.066898568813
P34222,3835.3692624911932
P34223,3803.475136954757
P34224,4163.291322275859
P34228,3949.237012548525
P34229,3764.8298033643405
P34233,4233.602169540601
P34235,4223.424987670054
P34236,4124.416737879149
P34237,4048.9762204797184
P34238,3973.352110748225
P34255,4238.7146609024
P34256,4429.229322049191
P34260,4584.056290598664
P34261,4173.608254202714
P34262,4250.83172584211
P34263,4258.461859263495
P34265,4249.729325785157
P34266,4170.297616350812
P34268,4313.434353016426
P34271,4286.140142859871
P34272,3724.825549177215
P34273,4369.660253382575
P34274,4156.669234251002
P34277,4099.106213987342
P34282,4004.1112794231417
P34283,4467.883104930604
P34284,4230.190232843039
P34285,3969.502258436715
P34287,4016.3728169080086
P34446,4820.429540428544
P34447,4790.327467091471
P34448,4399.027550692345
P34449,4573.97223034885
P34450,4500.627656921332
P34468,3564.0023549082925
P34469,4086.488142987532
P34474,4328.677497165531
P34476,4235.972690018579
P34477,4036.1217555181133
P34478,4188.831544323217
P34479,4073.396951063174
P34480,4076.0662863434577
P34481,4205.154854929134
P34483,4048.397082642227
P34484,4023.1296317496544
P34485,3960.6684630606082
P34486,4010.553497925743
P34487,3576.3753777600855
P34488,4047.99144890956
P34489,4008.8833046093355
P34490,4051.49030828394
P34491,4126.058155169279
P34492,3908.9273862693503
P34493,4115.404828709088
P34495,3968.428694987378
P34496,4021.230123462092
P34498,4286.420381140309
P34499,4003.789630196006
P34500,4346.012520155614
P34502,4525.603126161472
P34503,126693.39756778373
P34504,4490.540569064099
P34505,4353.144348597901
P34507,4388.0365672293065
P34508,4381.675253122107
P34509,4219.180285897196
P34510,4286.9668961796715
P34511,4204.77430944977
P34512,3462.107378281197
P34513,3767.004414528937
P34514,3931.9992372103316
P34518,3851.74343487332
P34530,5115.262733447704
P34531,4466.716043314042
P34532,4571.900469150822
P34533,5349.402954725355
P34534,4456.913608153459
P34715,5105.466504026007
P34717,164495.06007233742
P34729,5028.904632086018
P34800,4177.491491118526
P34801,4287.979849086271
P34802,4154.943183351892
P34803,4108.026623697939
P34807,19351.956990284634
P34855,4660.368022548668
P34858,113033.25625298574
P34888,4203.578250429087
P34890,4344.2409764851745
P34893,4337.2060255952665
P34895,4426.808036893259
P34909,4616.932086874781
P34910,4172.987455946851
P34911,4102.576746008413
P34912,4478.326038762796
P34956,4099.018219099319
P34957,4049.296612700305
P34961,4319.880337355774
P34962,3980.4891156184967
P34967,4421.632850142313
P34969,3882.7944655747724
P34970,3847.1623095839423
P34971,3673.993675836557
P34972,4049.0151786762153
P34973,4033.79565844829
P34974,3950.8931547047823
P34976,4175.824901091988
P34977,3879.176623019235
P34978,3876.855824657157
P34979,3929.7684773581245
P34988,4369.270244478782
P34989,4237.799017405003
P34990,4080.5890564228803
P34991,4445.20048846241
P34993,4208.527359124251
P34994,124826.63775886441
P34995,3927.672754928023
P34996,4092.2272088094555
P34997,117718.23545087969
P34998,4182.578840173151
P34999,118983.69747554521
P35000,4075.7016229564747
P35001,4077.9537688971964
P35003,4103.056035709078
P35005,3912.9685883920456
P35008,4066.387225666544
P35039,4327.222865053075
P35080,3907.579096973766
P35085,3795.4566675199344
P35087,3868.8751375048428
P35091,4165.093987756752
P35093,4261.396026769266
P35094,3977.53602425554
P35095,4175.711109330363
P35096,4176.243038431847
P35097,4160.443946790548
P35100,4215.704619879568
P35102,3870.059397086058
P35310,3625.98034816439
P35315,3979.263702055712
P35324,3884.4384803227526
P35326,4502.363028734961
P35329,3969.660458816447
P35331,18452.740733199622
P35347,3673.223725311447
P35349,3292.6977988256845
P35352,20531.92674154688
P35354,20206.908004986446
P35374,3205.7875711224283
P35645,3890.6692457951813
P35948,4445.598822641483
P35950,4772.414182807458
P35954,4462.917150675147
P35957,4613.158964740497
P35959,4231.136443517866
P35960,4160.893651242677
P35961,4220.186968390182
P35964,4330.203801003004
P35966,4240.325562883401
P35967,4455.867385962328
P35969,4269.950858532107
P35970,4521.655560564933
P35978,4171.725901738584
P35987,4579.897451970241
P35988,3949.8975920744233
P35989,5089.865188368766
P35990,5279.53357250908
P35991,6050.930810080425
P35994,4333.950104359241
P35997,4144.662110747751
P36003,4926.865651357035
P36004,4724.27102269873
P36006,155029.480247315
P36010,4295.43734155477
P36019,4304.533542116294
P36020,4406.375724139143
P36021,4175.394674960429
P36082,4093.406074620444
P36084,4100.086787231608
P36086,4137.50222872614
P36091,4373.71120688941
P36094,4284.434892397672
P36095,4470.40131932319
P36097,4947.974988477146
P36098,4890.898377569645
P36099,4283.332317887831
P36120,4368.3606267568875
P36123,3737.7199793680124
P36125,4412.563875845932
P36129,3965.4355045863117
P36130,3671.4815488066997
P36132,4539.942522594499
P36136,3494.688225051641
P36138,4308.649106247415
P36139,4342.078899485078
P36140,4306.076054293575
P36143,4883.319951630604
P36144,5557.493127727401
P36146,4690.66299610219
P36154,5160.558843546485
P36158,4671.487172590444
P36159,4596.2052987821935
P36160,4688.263959115374
P36161,4461.329605020522
P36162,4549.223604112525
P36163,4121.259636840078
P36164,4480.007384847628
P36166,4244.710226287422
P36167,4050.4064283078305
P36169,4327.40970750925
P36170,3947.9085260735997
P36172,4044.875392704461
P36174,3445.410116926663
P36177,3747.9195311693857
P36178,4268.171702062263
P36185,4495.844137769632
P36189,4703.651778718634
P36195,4323.92595297567
P36201,4588.055384110213
P36202,4529.800007718836
P36204,4159.743501929911
P36206,4442.580154319136
P36207,3508.7830016516727
P36209,4411.530772800909
P36213,4563.924434257758
P36214,4507.824106166828
P36217,4441.1323344845705
P36219,4489.868028001574
P36220,4528.364768941092
P36223,4418.313457523217
P36227,4363.146262658308
P36228,3684.9276767121946
P36229,5873.896509323417
P36230,5042.991775482536
P36231,4442.260900152809
P36233,4988.7352717220165
P36251,5342.375654426933
P36252,4276.2933375747925
P36254,5250.49318448107
P36256,5276.601330006506
P36257,4604.163577192995
P36260,4766.793714481088
P36261,5218.9994575231885
P36262,4464.367354848295
P36263,4489.434551820564
P36264,4790.5651913568045
P36265,4402.668048242896
P36266,4044.1620638048366
P36267,4195.513678695586
P36271,4797.487890727154
P36274,4486.307731469569
P36279,4519.21423798334
P36280,5155.664727526371
P36284,4482.70377488936
P36339,6004.653566732887
P36465,20513.036502898733
P36467,23522.502697972104
P36522,4877.6192438792705
P36526,4847.39528940593
P36530,4469.81475770161
P36531,4617.446244558354
P36532,4693.574863083173
P36533,4435.703766084051
P36534,4538.707618335192
P36536,4572.858270285346
P36537,4616.5587718926245
P36539,4700.8440324279745
P36540,4434.208791855219
P36541,4202.208026506037
P36543,4257.97665737745
P36544,4461.124293563832
P36545,4400.059524603143
P36546,4479.699083130138
P36548,4711.67359019777
P36551,4621.724248628729
P36553,4590.25734572722
P36554,4732.784353215189
P36556,4978.372809917706
P36557,4697.156447368825
P36558,4867.994686070895
P36559,4532.211656076145
P36561,4526.649529384626
P36562,4327.863649497441
P36564,4458.611840521084
P36568,4366.479980974017
P36569,4489.916316462507
P36571,4427.562216894528
P36572,4477.482383741443
P36573,4439.33959007053
P36574,4521.426830129502
P36576,5230.725627085003
P36580,5484.730010876029
P36581,4689.19613861529
P36584,4298.129565536928
P36586,5475.902866537372
P36588,5019.882515716438
P36590,4777.952057932143
P36592,4279.82379178581
P36593,4446.69203740478
P36594,3771.5357056900552
P36595,5065.790139147282
P36596,5511.214999754139
P36599,5317.14498407056
P36601,4647.42621769706
P36602,4700.520006448033
P36603,4753.228489412353
P36604,4634.30999730804
P36605,4611.553843333041
P36606,4774.130146752514
P36726,6640.359065316778
P36766,4469.573133814126
P36815,4763.518724357567
P36818,5119.112877729984
P36834,4363.046755503534
P36885,4675.8900538112
P37189,3721.5790240435445
P37226,4472.65285095026
P37227,4741.547475688473
P37228,4407.873447770316
P37232,156314.17087219984
P37233,4940.654557850312
P37235,144035.72329948735
P37236,4494.328986398412
P37238,142921.60236259483
P37242,4068.245827181723
P37246,3955.541399464185
P37247,126704.45733633345
P37248,4256.357613549357
P37251,4593.285095137303
P37252,133416.18813603182
P37258,4483.535127608853
P37259,4419.393160235329
P37260,3860.810427511774
P37261,3902.6583477525846
P37262,4628.399354460987
P37268,4580.024089832347
P37269,4722.251853729099
P37271,3496.4288741709265
P37273,3345.0212675196117
P37274,3047.6132724411777
P37276,3925.191320175427
P37278,3602.8623739321984
P37281,3823.165360307603
P37282,3818.7068635029486
P37284,3284.7778731080625
P37285,3838.450223359228
P37287,3823.7328875017865
P37289,3992.0860771216912
P37293,3562.233034859789
P37300,144130.99742003184
P37301,144117.16468148938
P37307,3839.734697651673
P37308,3462.687782773944
P37309,5244.26397805541
P37312,3539.0833999440174
P37315,3982.4988332689127
P37316,4849.450700043257
P37320,4254.000899442746
P37324,4652.348198097885
P37327,4173.17134502915
P37332,4130.298011190846
P37333,4147.792192847965
P37335,3884.4175539009534
P37337,4586.916105203196
P37338,3786.1835925734936
P37364,4602.8741377885
P37383,123598.74192447415
P37385,3798.6652674171783
P37387,3633.8014690965942
P37390,4673.2476265945
P37391,4283.471377807838
P37394,3454.6904577986725
P37397,119709.00449025744
P37399,128158.50692426032
P37401,4351.80078449007
P37405,126090.53207685787
P37407,118252.32576622331
P37409,3683.9041440894584
P37412,4424.081198186108
P37413,4248.110380154784
P37414,4036.3739069476214
P37415,4352.394337021601
P37417,4456.657849446532
P37418,4365.627944568559
P37512,5224.070736147615
P37519,5395.5349628309605
P37524,5449.359598243486
P37535,158772.67064241404
P37537,4870.053346528542
P37538,5759.013499826176
P37541,5863.306162230149
P37542,4473.059838624919
P37543,5289.17497530274
P37544,4756.748721544928
P37558,5697.022275197604
P37560,5360.687858178849
P37568,182213.91975862798
P37570,5057.099470093981
P37573,5061.373586809119
P37574,5083.140689618326
P37575,5015.4259260946055
P37579,4514.803665015821
P37580,140376.6032046091
P37581,4553.9491968421535
P37582,4644.275609655255
P37583,130623.44519369144
P37587,3953.9859290945924
P37592,3286.0505697623075
P37595,4369.1574609463205
P37597,3443.72424888312
P37599,4755.297553055228
P37600,120485.06989025197
P37602,4687.8567213792485
P37603,116097.33630601066
P37607,4386.82453187805
P37608,125595.22228786074
P37610,4365.972168921885
P37611,4457.1590794909225
P37614,7717.227210042296
P37617,5605.057505390838
P37620,4833.566497475719
P37624,4625.349195930874
P37627,3952.4628487226573
P37631,4568.657162231843
P37632,4360.684059641308
P37634,4209.547700735153
P37636,3377.7364458033176
P37640,4115.13339540577
P37643,3360.9521912877067
P37652,263889.133895628
P37655,7297.064517154746
P37659,6604.123428459959
P37688,6829.464647947824
P37701,4768.603643374058
P37740,5112.69968141118
P37744,5017.813745895952
P37745,4910.205212535336
P37752,4704.711030513767
P37753,7675.206497665123
P37762,5349.149751506319
P37763,4861.4372857023545
P37764,4322.578067898522
P37766,4368.663872269943
P37776,97058.90816833737
P37779,102341.40622032998
P37786,96081.51573847406
P37788,135549.69567228606
P37789,156421.7021854091
P37791,177687.21860189896
P37793,5990.043610392769
P37797,177202.11190977512
P37807,4977.375601011099
P37812,4192.651035897035
P37813,4062.4167491235753
P37841,5350.9228147388085
P37844,6918.291815778525
P37845,5176.577876320221
P37848,6375.125617164146
P37852,5739.39891553897
P37862,4943.56626719711
P37868,5836.6446580125685
P37869,6927.721834466256
P37871,5194.320935762128
P37872,5558.683742265492
P37889,8952.310794531388
P37904,5925.774601866673
P38035,24965.606984747563
P38144,26183.62596377194
P38166,2974.903292727237
P38167,4614.6362386336305
P38206,4070.9454509552747
P38235,4539.805369441131
P38239,3942.9550577654345
P38349,3633.8174979753235
P38350,4693.127970850143
P38352,5360.46401061728
P38389,4076.881231120429
P38392,4621.020008096367
P38393,4380.909734563201
P38918,4845.585743132259
P38925,161673.01745727597
P38926,145073.96589405622
P38939,4385.608474946557
P39206,5793.619256917583
P39451,147151.8236452237
P39531,18681.911945469234
P39536,20047.742716412897
P39606,5332.19374664154
P39665,5166.114869337351
P39668,5261.007184045569
P39670,4990.504196374817
P39672,5198.616598981509
P39674,4571.384421754971
P39676,4866.634515906208
P39677,4876.272213480261
P39678,4960.916227922173
P39682,4942.562221579481
P39683,4561.797284321915
P39690,4675.203509413244
P39691,5389.698690144978
P39693,4391.593927315399
P39694,4306.479470246726
P39695,4016.65701734455
P39700,4509.4191386112825
P39701,5332.811574587256
P39707,4098.608468651271
P39708,4119.525439872814
P39709,4904.611416644706
P39710,4938.4660409156295
P39714,4706.167344357863
P39717,5059.761785870442
P39719,4535.466060707798
P39722,4654.77035707665
P39724,4442.167625001723
P39725,5846.621853041759
P39726,5979.5981901476125
P39728,6089.882147165598
P39730,4452.711100441296
P39731,5099.632565836073
P39737,4340.26761728405
P39738,4352.017638181069
P39739,4282.300837365075
P39740,4313.309864724302
P39741,4540.660886155976
P39742,4498.588146726942
P39743,4115.773885083191
P39745,4189.697293756471
P39746,3038.2203722791764
P39750,4529.014329671725
P39751,4564.49834068997
P39752,4428.923933889776
P39754,4444.952249723994
P39755,3143.2908662116156
P39756,3108.0160044746444
P39757,4151.556161681729
P39758,4199.579066668735
P39759,4124.949094679481
P39760,4668.431332594866
P39761,4656.289325708437
P39762,4744.288240835746
P39763,4680.674058655901
P39766,3772.7800858614933
P39769,5274.871081993956
P39771,4984.323951745971
P39772,5205.160652458447
P39773,4842.756918933487
P39776,4422.676350181307
P39778,5112.8695510397865
P39779,4581.612258696852
P39783,5480.556168729982
P39785,4365.811103507625
P39788,4618.883615967383
P39789,5103.93714908277
P39790,4609.686684758526
P39801,5056.302262087022
P39808,3856.920012846547
P39814,5599.37524627852
P39816,4227.118977384337
P39823,4486.187597797585
P39825,4763.767120425599
P39832,5215.655395652296
P39846,5610.236458030504
P39853,5818.4261789501015
P39856,5590.228785774941
P39929,18709.32381704062
P39936,12894.004698199931
P39938,16983.85940908351
P39946,19301.195975189028
P39950,18240.092802493098
P39975,21949.746655201863
P39977,19984.347247498205
P39979,17925.01797812823
P39981,20114.5756639195
P39983,12612.735958767964
P39985,15400.165350392472
P39986,21270.717829866506
P39989,3399.774976523476
P40003,16326.81881402011
P40004,17833.15220281732
P40006,3364.9468268437245
P40013,2931.7699567130603
P40014,3688.844051396631
P40015,3251.8689678705177
P40016,3412.3797014604565
P40110,3634.5176618434807
P40119,2542.3418102288815
P40123,3793.329172713707
P40125,3698.300605085982
P40141,135303.701765034
P40147,2259.629903947991
P40149,3429.4457564151926
P40154,2701.233186754925
P40189,3467.1960412099497
P40192,3996.3540217671466
P40193,3583.678374249519
P40195,4184.592858415411
P40204,4075.0934189925874
P40205,5096.909041516313
P40208,4694.057668489357
P40214,4682.9177655294825
P40215,4473.084851442281
P40216,3834.708729304957
P40217,3821.6986575776864
P40227,4237.408433870764
P40235,3897.9492404953157
P40242,3028.575109834534
P40250,3903.1212650562607
P40260,2982.1941811519214
P40263,2720.6300670985424
P40266,3055.897312586906
P40267,85362.36786295916
P40272,2823.601412209435
P40279,2871.8999750567077
P40286,2758.0746146101374
P40288,2967.2827199698813
P40290,3993.536133696156
P40296,4268.814627560825
P40327,4056.4759549019573
P40340,3337.8679866677267
P40354,3175.7392475560778
P40356,2966.308427639532
P40367,3065.0972285379225
P40372,3313.738320403457
P40378,3607.425053602505
P40388,3018.323748858213
P40389,3256.314889294517
P40623,5744.802533540723
P40654,3329.253273702505
P40661,3012.3115970296776
P40676,3790.9037510604117
P40681,3110.3123256437316
P40683,95792.75994903577
P40696,3434.7726710252123
P40704,2743.511411733823
P40712,3215.1048276175798
P40715,2541.979725810716
P40728,3708.5804639137646
P40790,5492.220391968935
P40920,4247.0508667607855
P40921,3720.9221776888976
P40922,4213.355605217638
P40924,4226.194371178037
P40925,4363.176890549937
P40926,3721.5618715559126
P40928,4349.485125074289
P40977,4244.892678077378
P41092,24915.288812276216
P41127,6571.894907814837
P41166,5099.255319975166
P41233,18765.75617898605
P41236,18786.999323940672
P41237,18475.85904839054
P41238,19633.192152014868
P41242,4580.55071138104
P41244,3845.547568156907
P41332,3889.337636981081
P41333,4063.8428275959445
P41346,4734.190706653168
P41355,4117.885790216214
P41433,3255.3032683797082
P41511,5452.275347107875
P41524,4891.717015211827
P41625,5794.999009097426
P41730,3865.8772873491916
P41738,4449.61657455029
P41740,4435.669308152014
P41742,4168.898851200076
P41744,4111.955732311414
P41752,4743.784332622048
P41754,4153.692220226854
P41755,4193.181735962641
P41757,4074.086042543583
P41759,4091.0248334171547
P41760,4686.744276817865
P41761,4470.785673558988
P41762,4355.182260619024
P41765,4235.713142187913
P41767,4771.7801191280305
P41770,4474.140655573695
P41771,4580.950451453449
P41796,4119.123477653325
P41797,4026.041899031263
P41798,4600.530041094614
P41799,4055.5791878076334
P41800,4148.1175061182585
P41801,4043.333738455618
P41803,4223.558052198525
P41804,4161.477302490275
P41805,4210.038824290074
P41811,5096.858870606038
P41814,4251.56805152223
P41815,3789.5696287100222
P41817,3715.572217067219
P41818,4149.5552357934785
P41819,4134.334235086059
P41821,4187.637367438456
P41822,4179.3554656095175
P41823,4238.734584706846
P41827,4115.735750069788
P41828,4789.449866153694
P41839,4008.728500893219
P41841,3957.181976726745
P41844,3932.718594467163
P41855,4689.624417873371
P41857,3664.1127034673887
P41858,4304.96808856918
P41861,4244.934079831976
P41863,4362.373427510499
P41874,4924.659863262308
P41877,4578.592138756368
P41889,4729.470448527114
P41891,3944.096678372803
P41892,3974.19856538995
P41895,4037.0125754800274
P41900,4858.361520667762
P41901,4277.572401190536
P41928,4824.077325989567
P41931,4600.800842174705
P41934,4059.669790268431
P41936,4595.331298074019
P41938,4591.206939515294
P41948,4312.297732921031
P41952,4478.610203656151
P41954,4559.836667469931
P41959,5781.872003147949
P41961,5716.137760027485
P41962,4403.258877889871
P41974,4115.379078124405
P42054,4929.541092433309
P42061,5210.64530902898
P42064,5459.071698453761
P42102,27340.99405161599
P42120,24250.368286104975
P42129,23669.691299013106
P42190,31628.32431219127
P42296,5089.206612692569
P42297,5122.472993766741
P42298,127503.25269552448
P42299,3754.788630606319
P42301,117858.88097086223
P42302,4437.502501853621
P42303,4954.195066547653
P42304,3837.4709095257954
P42305,5878.465183205634
P42315,4786.916019631191
P42318,4882.553457133906
P42323,4474.884017126399
P42324,4236.2358448064215
P42325,4506.251273652664
P42326,4698.278613967869
P42334,4652.9686845966935
P42336,4610.559705918465
P42339,4047.186706964528
P42343,5573.664136040583
P42345,4816.686515593584
P42347,4596.835469663934
P42353,4719.638315929803
P42382,4990.453982190022
P42385,4936.405064235059
P42395,5916.078216711387
P42396,5446.54882489408
P42486,4386.504659563658
P42571,4169.39728760272
P42688,22420.340906370107
P42745,3754.3551213103156
P42797,3910.3156187840236
P42818,2743.1731341875084
P42820,2993.525374595211
P42821,3569.6940790975696
P42826,3039.381568043714
P42827,2369.0729558521
P42838,4608.360768107539
P42846,2916.442305117285
P42848,3030.398885842532
P42850,2936.0901445653203
P42851,3156.6188475342724
P42854,2403.6454656577
P42856,3064.6409097419655
P43126,167375.07080849577
P43212,148413.47339194248
P43476,20682.11969019934
P43491,21877.842702858637
P43495,24223.945830265686
P43546,6227.7209202277145
P43627,89269.041283907
P43846,7758.119838547887
P43866,9901.540792289457
P43933,289439.02014628315
P43962,24476.4998197619
P43987,27358.28099147803
