pipe_id,predicted_cost
P01002,1879.482158220204
P01054,968.5146415817834
P01066,1314.560353470304
P01078,15668.295043218191
P01112,867.6141047009037
P01140,5908.861511644909
P01148,1099.4742784708683
P01161,13970.628102910423
P01166,8853.030195085463
P01238,2108.0843826179353
P01317,8424.191059941228
P01350,3653.6844263883195
P01380,18908.05555547622
P01452,5881.225135637744
P01571,1060.902957718287
P01689,18139.282079719444
P01720,3737.746734995112
P01767,2868.5252738447316
P01803,2446.6979053558166
P01805,20838.497440038384
P01813,3734.4002876712293
P01815,2622.344049593666
P01836,665.5415487384766
P01838,2477.0270568564238
P01846,2821.5340155930335
P01922,13816.688104361385
P01959,985.3649884239667
P01978,6712.258375009515
P01986,19085.09341567584
P02000,15579.020605061614
P02031,2711.234248117448
P02032,4380.711688072425
P02062,4774.9860125373825
P02085,2413.276897506498
P02099,1770.3131524140072
P02155,5642.718119209013
P02191,12962.217259539033
P02227,12453.05227385972
P02245,930.4711806897965
P02246,1070.225303882691
P02316,7020.6173206786525
P02318,2379.679432729797
P02364,4844.740556714044
P02365,3546.2764476019593
P02410,1292.262478549919
P02412,9761.357422447822
P02432,1177.2391302145477
P02545,13960.335489365412
P02600,7720.64621545524
P02649,5514.733703265336
P02663,2288.9973882680265
P02665,973.4302901716974
P02666,959.743937829
P02667,1495.1987573782712
P02670,2762.0924101302994
P02674,796.9180943862001
P02707,1561.2291542535272
P02708,1355.4667322581627
P02717,1216.3661178508194
P02728,15305.33432335663
P02764,1204.7684120453928
P02864,1589.7234067402821
P02878,7710.825345226579
P02908,778.609482891767
P02912,5443.286733700849
P02914,963.1767461327167
P03008,15414.720344411366
P03057,1696.7450954132662
P03076,1540.3964143093683
P03259,6463.658482925301
P03314,3612.949332381347
P03349,11554.28344050005
P03371,7785.848056415434
P03387,1809.759023876349
P03388,2181.385285327284
P03402,15870.36684549848
P03412,2504.0014006803794
P03485,61424.56414581686
P03490,4252.598149586499
P03493,529.0882440266752
P03591,2581.841249156002
P03655,1002.4349541260933
P03702,4023.7818714182117
P03704,9165.489773467123
P03791,8028.366971435648
P03798,7795.925117869238
P03881,17758.814378613897
P03884,10405.951277451635
P03917,69751.8962744197
P03986,6544.812607588104
P03988,1372.2379566047318
P04074,16984.86195825913
P04076,16732.517812200866
P04147,27138.18044353262
P04152,5348.185471816428
P04184,1695.1266512454936
P04186,1600.5102629292428
P04221,21054.19098113172
P04224,1476.5462874366376
P04249,740.3929455476813
P04262,2166.725640363981
P04289,12873.72858948395
P04293,9632.233308300933
P04305,2706.929614711397
P04306,3994.193235488086
P04308,6555.746039411392
P04311,16088.842733272779
P04416,21096.08882237112
P04417,5658.809803636625
P04467,12205.68987643479
P04495,3182.7864027716696
P04496,3196.2389449653897
P04521,4899.637544505674
P04535,1679.9920135140042
P04581,2451.2061779812934
P04600,3495.8178492746274
P04698,891.1659166176627
P04701,4084.774726114036
P04707,1796.8709721355742
P04752,3366.8537507451006
P04754,7120.831087621751
P04801,922.0944162080915
P04860,1120.909143040753
P04861,2473.4597094410715
P04862,1095.456939998487
P04865,5211.482498831503
P04868,8866.449459769603
P04869,11094.378897396935
P04986,3061.080987246212
P05007,888.2285906903455
P05036,793.8886411096737
P05040,25047.91012246551
P05042,19489.5925339131
P05043,2429.9381455206644
P05047,4043.8743003328705
P05055,1379.680900904882
P05060,520.9163771622925
P05103,1001.9645946171532
P05106,2745.9334698127846
P05128,7770.384280106593
P05134,1948.275504370135
P05139,2874.494778635687
P05140,6106.81610479889
P05163,106823.49180918068
P05168,38977.781670961354
P05229,701.1967015064666
P05323,6322.604390831925
P05402,2199.827982472807
P05432,6335.876608228887
P05435,1767.5656738314335
P05447,3980.3969282682915
P05448,823.4044676276378
P05458,1999.915011204982
P05476,1470.4603714397597
P05486,863.9842714823906
P05504,3106.2068168906326
P05551,3164.0489579480795
P05560,22331.72845940323
P05575,12137.930667472452
P05576,15738.654576045674
P05594,4008.4738703046833
P05608,4644.256447627935
P05758,6303.196246013671
P05769,4833.845168940144
P05800,2881.612431928821
P05828,2418.9813632504415
P05834,9165.1198850281
P05924,8944.528951190523
P05925,18492.121980359614
P05970,11521.532999969071
P05978,1040.1513758744966
P06017,10038.30812647484
P06030,10787.231334277005
P06072,7370.723858534095
P06077,2196.7281776576783
P06124,13492.103696861166
P06182,4340.741813241901
P06184,1258.8620897936078
P06189,2725.556491341435
P06193,1173.2785912246154
P06200,27071.73137790728
P06235,13248.073650715743
P06245,2793.544314752518
P06287,2542.264782828261
P06292,53703.8633679815
P06302,62084.47613399747
P06312,3136.4287066231236
P06314,17404.775971287992
P06315,1926.8112812892014
P06331,1764.9333358072827
P06370,1559.3102221395734
P06425,6573.569524775619
P06437,3034.826609807773
P06454,5767.332185079495
P06764,4888.330187638639
P06802,7481.38418593582
P07084,3450.673082065567
P07090,3416.6323254121353
P07131,2713.020451549802
P07177,13675.187724646994
P07302,12582.508660303414
P07333,12372.650647001163
P07468,4430.801854954586
P07632,3248.910906684317
P07949,5454.178708482478
P08016,7512.783239147357
P08140,1635.193199444926
P08142,5344.505111552518
P08275,3099.3688478118606
P08337,27078.408701997312
P08398,2564.932569506612
P08496,5672.2204933561925
P08497,82300.72316835036
P08525,9233.434216245008
P08540,5109.258223975551
P08551,6527.094993233632
P08940,6939.632224090542
P08942,91444.22023315747
P09041,13541.015445073252
P09042,1438.703940254617
P09096,2089.200355627269
P09568,2970.6414016871718
P09724,2292.3299387422853
P09725,2406.0947755727884
P09897,4435.782546396097
P09898,3421.121619963866
P09900,3710.2513585984493
P09901,2459.918297926788
P09902,2978.6554171281646
P09904,3516.2114422716404
P09922,1459.8595957674158
P09924,2478.19618253567
P09925,3238.7513651625604
P09929,2750.295322676406
P09932,3906.231641661394
P09939,2599.4981025195184
P09941,2870.1109056705955
P09942,3460.767447175809
P09943,2928.3939607307143
P10039,3386.30537352371
P10058,1803.2790583376093
P10059,3003.7242248784078
P10064,3211.3655569614325
P10077,14816.03364072297
P10219,17569.078788615345
P10438,3149.740020301893
P10451,3300.7319351107226
P10490,11604.6359795287
P10724,21290.410322902448
P10787,3516.724806801264
P10815,2371.070205848154
P10818,2641.226950967636
P10819,2715.804739935174
P10820,3189.3779292164522
P10822,2705.828680185926
P10823,3026.780901253152
P10828,2748.5948745072487
P10829,2673.7066062077547
P10830,4771.770453320286
P10831,2631.11304530916
P10833,2741.092412691323
P10843,23391.27239520299
P10868,3008.201340440339
P10977,2734.6154544344026
P10979,79341.88041027184
P10980,58873.38875046771
P11003,1384.5909580450252
P11218,11457.978483343013
P11352,4816.525961341652
P11353,2431.436729491928
P11401,8732.537140397595
P11418,3457.428132467784
P11581,16872.915724984538
P11624,2782.2073748132625
P11634,2965.095130536531
P11647,2195.854223485058
P11694,57459.27194571395
P11769,1914.710279923118
P11775,3675.1163234486867
P11818,3192.639522676192
P11819,2771.2305669179195
P11822,2628.7753869582957
P11823,2300.137483882469
P11838,2122.6722708880725
P11900,5881.166010059389
P11902,5559.8896088900065
P11948,1962.415906314107
P12004,2874.1376956422596
P12005,3147.7417066187277
P12011,3140.519817361822
P12012,3837.7239580543037
P12013,20645.19454795403
P12025,2838.486833802455
P12041,88676.54347949191
P12045,2467.1158216165995
P12134,3150.8446193107225
P12139,24452.426499129648
P12142,20537.04674204635
P12144,204751.68680776213
P12147,22007.693253643865
P12249,2703.9003848595794
P12253,2825.3488699593495
P12254,2606.2698009874352
P12256,4984.193785941054
P12257,2544.102737158711
P12262,2702.9799265686665
P12266,3337.8559704148706
P12300,3578.5010942157332
P12302,2908.6458829115513
P12320,2880.864524713252
P12340,1976.5003507414763
P12347,3467.1535659324213
P12349,2782.453005064764
P12367,2947.940362327937
P12368,2731.6470900373665
P12374,4147.955747179716
P12403,3095.582720686821
P12404,2508.218553547704
P12405,2724.9511391989736
P12556,3305.703510502153
P12654,17595.105005430232
P12656,32092.52983664887
P12675,3258.718243818386
P12680,20834.803452544198
P12681,20229.15080613571
P12692,21176.422365911305
P12988,1846.702971135656
P13007,22218.413973024155
P13008,22305.80105071541
P13049,1839.908924844835
P13296,3147.2770838923216
P13439,2841.072666253301
P13498,1802.9046915377955
P13507,20784.686783388344
P13509,23780.00218778253
P13511,4911.32085210728
P13512,20208.13647795758
P13513,4706.83974677831
P13514,3162.535216795016
P13518,3298.2268424827494
P13521,35995.236214193064
P13532,18180.934937885853
P13533,20889.960434779023
P13536,28015.16490227019
P13547,3585.172142411909
P13550,2978.1876855632936
P13551,3057.192227357753
P13613,2935.4399905242926
P13706,70967.04360827556
P13709,25042.863645185294
P13743,2829.723661743276
P13775,2508.0237279594135
P13783,17131.436855404834
P13786,2453.171184602377
P13787,3021.3652565556154
P13788,2305.773941472262
P13789,3694.0890806907273
P13790,2396.116771369677
P13839,4182.414182539356
P13855,21268.635949164553
P13858,22993.74479279841
P13881,2465.295178758629
P13911,2577.5278111956864
P13912,2606.2166805068296
P13913,2188.3381966323495
P13914,2173.577649304157
P13919,3007.6563920983845
P13946,2809.6118932631452
P13947,2933.7611886469967
P13949,2425.5547045552926
P13951,2586.7269203375718
P13953,5668.865724440835
P13955,2385.0768182799284
P13966,3776.8005398374053
P13967,2733.465569294045
P14005,2906.245878725382
P14006,19713.835342645525
P14057,3170.258340587883
P14074,2704.7967380458044
P14075,3266.021228482965
P14076,2537.445311891025
P14078,3296.3371079479225
P14081,2693.14359399406
P14124,1347.0671037925847
P14125,1366.3820199932331
P14126,1415.7960057294765
P14143,2964.7667142531877
P14183,2491.615817269812
P14184,3768.890810454883
P14292,3037.2870188884326
P14336,1776.8926336713298
P14337,2723.9181151598327
P14355,2577.123639596443
P14362,2756.803118970997
P14363,4843.880305362496
P14369,2471.358232846718
P14372,3056.880402970733
P14376,2939.883789652326
P14377,3357.7283941919313
P14378,3372.2479739427918
P14390,2950.9320873723323
P14391,2632.319251607171
P14394,1713.6712521417262
P14395,3704.344041071051
P14415,2166.669590392152
P14417,4535.371293213938
P14418,3219.5031434400125
P14420,5131.410676367409
P14443,1627.42161886557
P14480,3952.508225810377
P14486,2579.33221044436
P14489,3121.796551218891
P14525,3474.6279018812534
P14601,2158.382419679632
P14611,3185.881308336617
P14613,4712.476927842957
P14618,3393.7305382765194
P14636,4475.532945946884
P14675,2459.151545291162
P14677,2450.352116302337
P14680,2233.182663772096
P14681,2317.4266926281
P14686,2338.643694371021
P14687,3508.3250249384887
P14740,3729.0616048276456
P14741,2723.0702720851696
P14778,2444.816443916569
P14779,3962.088331844844
P14789,2463.9904548763966
P14817,3140.7777133198974
P14847,2804.0713522395185
P14848,4076.0733610139346
P14858,3465.075976688493
P14859,2637.3797520840094
P14866,3451.058537858665
P14868,2567.6144566685903
P14869,3448.29584203742
P14870,3939.25550314722
P14872,2488.456155812948
P14873,2675.1312861892166
P14895,2810.3874581896416
P14900,2433.7996799973735
P14903,3954.510031016754
P14905,2932.8246835071177
P14907,3175.621788742724
P14908,3466.2922865510577
P14909,3895.9728103142106
P14910,3674.3601075931615
P14912,2620.3904792805747
P14914,3955.211879050674
P14915,2510.0213106072974
P14917,2895.612792292336
P14919,3654.280623022375
P14954,3158.2409136831093
P14993,3675.0570152213104
P15013,73898.57068786345
P15016,3781.9086104200474
P15024,2047.6425376650077
P15044,3520.742398852238
P15079,26007.824706285835
P15187,4098.347294682893
P15242,22894.70251960232
P15245,17785.353477189525
P15257,21077.246930644225
P15447,5175.857083821958
P15457,2289.6219766851254
P15464,15969.328679766637
P15465,14282.675527073541
P15467,2131.7626949659025
P15468,2384.7208009317255
P15469,2494.4403636812135
P15470,2713.808189678209
P15471,17011.95658154343
P15481,3233.9637944567253
P15482,2315.4073989998983
P15484,2731.4566207641737
P15485,1943.2607817402727
P15489,1877.2876200586197
P15490,2084.341284653721
P15491,2271.4321891583377
P15492,2180.2658932508034
P15501,3651.5896467066145
P15513,4387.419365991187
P15514,2088.161072276128
P15515,5099.188909839937
P15516,2172.9267212398936
P15517,2391.472016021152
P15518,2293.120474103002
P15524,2221.5598774989
P15526,2794.158324105466
P15528,3151.182336735377
P15530,2023.2425113338134
P15531,3185.5579646757337
P15535,2851.2954090693106
P15540,2721.9041462118553
P15664,2693.8498377693577
P15730,2625.1803053739754
P15804,2099.499928484405
P15810,2171.6360715943338
P15834,2975.537980467357
P15835,2965.266233238517
P15837,4363.997472485479
P15838,3467.4587792303723
P15839,4522.956952912133
P15840,2670.8208834330712
P15848,1805.7101737092294
P15885,20350.67139695154
P15943,2376.1331852278013
P15944,20733.85913125693
P15945,2548.4448492739107
P15979,2359.922950476679
P16166,3735.600488076363
P16237,2376.8829504511586
P16238,2372.1498198260956
P16240,2625.7919617669777
P16241,3568.8974014824767
P16246,2318.755790002718
P16248,2389.7467320861833
P16250,2205.0792296510317
P16264,2495.4654031086366
P16278,2266.5183384048223
P16300,2420.2624054691346
P16311,2475.6504050308313
P16316,3003.4326343714342
P16363,2910.9786534278314
P16398,1696.7221776226272
P16399,3485.5340043295814
P16424,4107.096965205078
P16426,3257.0118341237176
P16433,2444.008643373868
P16541,3239.7579190874085
P16557,3552.7388476427973
P16692,2344.8973909354054
P16823,3433.022828656984
P16824,4938.212830088648
P16826,2549.0582160110466
P16840,2003.3399258249297
P16895,25189.55972967266
P16924,15152.007234036819
P17055,15949.763453788937
P17060,25539.239197054823
P17123,3835.766673614232
P17168,23857.890670362325
P17169,20398.618440095735
P17172,11338.757248784314
P17183,2764.9421608370253
P17238,20464.448228438378
P17498,1085.5719686602356
P17552,1964.216295106836
P17600,2391.9990859971085
P17675,14235.416348445242
P17678,12888.330226569544
P17693,2586.781079606367
P17694,3128.9351582949885
P17729,2744.683601857665
P17749,1798.7010233540848
P17753,2532.3921391387394
P17761,3533.866150053018
P17812,2129.28225973096
P17874,3686.5225215603355
P17880,3809.5451863970798
P17889,3006.8046262970634
P17931,2641.558284353641
P17932,4606.100699029743
P17935,5093.388370580602
P17936,2338.7475471844546
P17938,4392.667760437738
P17939,2735.274214645212
P17940,2670.02462169951
P17941,2971.144516266361
P17942,3151.8960068356237
P17943,3473.4084779408713
P17944,6016.965132300072
P17945,4608.888708602976
P17946,2527.162471857288
P17948,3721.694834554938
P17950,3572.7781651844903
P17952,2959.6042905097506
P17953,2588.0434127914655
P17954,4168.964489370745
P18057,5745.524718627662
P18305,2618.872996708849
P18351,1813.5791554474386
P18376,1934.7275821521298
P18377,1686.3510187834434
P18378,1933.9796974427256
P18414,2976.381280753886
P18415,2945.335177012816
P18454,1957.8270082639035
P18455,2296.7217560081767
P18456,2294.355376761242
P18457,2386.0543139679176
P18595,1743.4824562534443
P18657,3105.787957550556
P18658,4009.952735071699
P18659,3235.104102767497
P18662,2713.775361817965
P18691,2145.416766756894
P18711,2550.9834856754583
P18779,4364.784870980037
P18798,18759.15680971365
P18807,4652.233056931415
P18816,2997.188474492901
P18818,2869.0717553849177
P18822,2472.7301497076046
P18842,19881.12663132837
P18843,24849.826277288696
P18868,2957.033946528538
P18896,2049.315314294985
P18929,22953.08963363254
P18934,18649.81131524652
P18939,22518.98353235904
P18944,2450.5643456769285
P18945,2443.668313817515
P18946,2517.1789139898474
P18950,3507.612085294966
P18986,18811.001236098185
P18988,16501.691972486096
P18990,20203.795045288567
P18991,18807.882827319307
P18992,18991.508966212055
P18993,18308.201199816955
P19024,3265.1980270820927
P19026,1638.5269917004491
P19102,3270.80009586706
P19103,2912.732098713518
P19104,2584.6064516273523
P19106,2181.047640688188
P19129,1521.4373647819555
P19133,1511.7298708122303
P19165,4113.898128722475
P19167,2340.076473722924
P19177,2364.0384591246448
P19178,2431.271178428058
P19180,1996.1672624427595
P19181,2270.8090039608282
P19183,2052.7785865080086
P19184,2356.074063157991
P19189,2124.56532299499
P19191,2322.2981900364207
P19192,2662.417553109842
P19300,18828.198840915695
P19306,24675.781696552374
P19309,24787.378284902723
P19316,20642.603720858147
P19321,4101.181215315675
P19322,21198.391715159465
P19323,17202.402895927662
P19325,15595.194905930755
P19333,20558.07531011371
P19338,28259.29357120221
P19340,28490.812854179323
P19341,24139.24283694216
P19349,29438.71372069353
P19350,14551.644755160638
P19352,27212.34893677986
P19353,26326.704980754697
P19355,22349.93521585906
P19361,30577.185676437814
P19364,22346.690197890268
P19423,3431.383820333214
P19445,1078.2992873233186
P19468,2421.7761520793133
P19494,2995.132323816063
P19499,2011.8971535480005
P19515,3842.436086962161
P20039,3467.176603126877
P20108,2850.4624569505286
P20112,3029.796069207241
P20116,3032.0706659566263
P20161,2602.6217399223933
P20162,2887.7824464901
P20163,3407.710427311356
P20165,2517.5481330808007
P20169,3575.427014448337
P20170,2947.344760758361
P20178,4502.512339738625
P20179,2961.1564616877463
P20199,3466.1223487349894
P20205,3760.8676296696226
P20275,2579.514241614078
P20276,2605.002912938489
P20281,12318.932994708837
P20284,2760.2596296512993
P20285,3666.2718255227824
P20287,3022.010393976277
P20293,3002.287286269643
P20295,2050.4966684808637
P20296,5571.523908851979
P20298,4440.4384076570295
P20300,2973.116612131806
P20301,2893.4221979776353
P20302,4595.824985318027
P20303,3472.8820242177117
P20304,4188.80172827536
P20305,3199.5986857780495
P20319,2867.325338538561
P20320,2181.3492962564624
P20321,2294.237724875419
P20323,2685.423348559594
P20324,2666.3958128638624
P20326,3862.718582497989
P20327,2782.2678963177414
P20328,2886.688984546205
P20329,3039.6911148222316
P20332,3338.822248103433
P20333,2488.8047693035674
P20335,2398.74229214159
P20337,2765.731678382522
P20338,2460.060992463777
P20339,2405.3404007406048
P20340,2454.9128219780773
P20341,3605.536257786298
P20342,3328.7019594798767
P20343,2486.540634643546
P20344,2663.0385363653922
P20345,2951.8531299197502
P20347,3387.313237821803
P20422,3187.4245798297047
P20444,3136.2579133408417
P20534,2294.5288803195594
P20535,2068.8872480996333
P20536,2477.9835420585628
P20545,3312.9176076538242
P20549,2561.0333138739343
P20571,3234.993155418052
P20572,2570.4547515773224
P20574,2941.24274885783
P20577,3324.1779396096745
P20578,2852.799217821475
P20580,2703.4237985703894
P20582,3299.672491309498
P20584,2948.0304486859004
P20585,4529.225171510079
P20589,2762.969158402679
P20590,2631.773876281936
P20592,2146.8318546489454
P20610,4835.5826986804095
P20625,2667.4469049838576
P20626,2661.616067786914
P20657,19322.86379445333
P20658,19061.327287525255
P20699,3059.4061615183514
P20700,3818.827798944339
P20701,2720.61709147404
P20702,2480.3763821840334
P20704,2901.101304751088
P20706,2754.716093791447
P20707,1777.7480190704252
P20709,2617.1424580986804
P20711,2521.0674446077155
P20712,2369.0067693333317
P20713,2442.311940278586
P20714,2726.522538329297
P20715,2923.664877532852
P20716,2482.3534962447707
P20717,2460.1125563663136
P20722,2580.9174450968767
P20723,2561.8161393334362
P20791,15277.724511281733
P20807,2127.0580616406287
P20808,2432.8565171444857
P20839,104991.77380993961
P20841,124752.12291319486
P20862,3666.18703036602
P20892,2187.682923552065
P20897,1738.0519806015077
P20898,2355.78732705537
P20899,2534.8360308149468
P20917,112884.51670090739
P20925,1429.0352231151842
P20945,2206.245747053986
P20959,3317.2202613867917
P20960,2477.0855560571054
P20961,3449.60683868007
P20962,106123.18918623796
P20966,66626.39810177947
P20967,76601.35653697584
P20969,3439.900300771015
P21039,2403.3178007741026
P21040,2887.2774045388587
P21041,2702.9303379076623
P21044,2715.3144132682646
P21046,2242.9478403784747
P21047,2325.0569865879966
P21142,2279.6654279032364
P21143,2323.737516814004
P21181,2774.3214523535453
P21195,2987.6974751996577
P21313,2732.7677224820327
P21314,2906.5888980219333
P21315,3424.0854754975503
P21329,1143.3261609994966
P21372,30388.22862345528
P21376,1993.1665700652218
P21449,3534.1296138445623
P21450,2948.3275768157
P21453,2703.9446953761894
P21454,2798.887811917624
P21455,4931.308529733788
P21456,2998.7369879720254
P21460,3446.3793034612722
P21462,3200.7219568818814
P21463,77803.04614018867
P21465,85304.27471753427
P21467,3291.3961965119943
P21469,2737.1516510576666
P21472,2375.1085799053744
P21501,90434.85817125069
P21513,59614.52287441816
P21550,3178.6697214653495
P21551,4751.132249171057
P21556,6350.196604352291
P21583,20471.631989538295
P21584,2832.8825064503058
P21586,2754.0596299819495
P21587,2565.19605973412
P21612,2242.3786049742466
P21623,4774.626641808609
P21625,3315.448185627245
P21626,2653.710828151128
P21630,2422.8222372053215
P21632,2365.6169238386806
P21636,2369.6074765384787
P21637,2867.3748781562267
P21638,4707.811040883215
P21639,2804.969345411168
P21648,4609.3612261453245
P21691,3689.4209562283777
P21692,2661.325600984372
P21694,3353.1989168831888
P21696,3795.556344034355
P21697,3730.345060933266
P21708,2611.5023645239794
P21711,2507.95203063017
P21713,21672.04097019282
P21728,2991.2993291113844
P21729,4021.9799771229577
P21732,3235.7895929829174
P21735,4764.133626200946
P21736,4817.905567628048
P21737,3939.164412722547
P21742,2964.5115499706453
P21750,3039.40941269347
P21759,2959.523877827682
P21760,2566.7530913838104
P21762,1735.2615680582614
P21763,2439.378523434341
P21765,2450.895037465727
P21767,2666.0478099978463
P21768,2668.7015801570315
P21807,19453.445326350826
P21808,25236.22589941896
P21814,20085.258067739283
P21816,3779.9141680238045
P21817,3036.3855359629492
P21819,3807.9971721392167
P21822,3493.6894203648862
P21825,2483.533158261054
P21827,2996.4604170048547
P21828,3489.704181335065
P21829,4200.543681432769
P21831,3601.710800439289
P21833,3012.96350041924
P21869,2705.9832318451854
P21886,4420.815953831281
P21938,3616.976506205155
P21940,2590.1412059995964
P21942,2803.987412849108
P21944,2488.3642160656527
P21946,2690.3022698329046
P21947,3066.3977015714513
P21950,2903.3640835713327
P21952,2903.3640835713327
P21966,2818.047108985088
P21967,2599.772951876642
P21970,3105.4460033339346
P21971,3382.5743664272904
P21973,2768.621308168694
P21977,4117.436157928753
P21983,3857.3212668267906
P21984,4093.7104744754
P21985,4534.05587566643
P21986,4587.8025582999435
P22017,2376.7023695564935
P22032,2677.9343173179086
P22036,2687.9157258207238
P22052,2738.2033033835214
P22053,2438.5433752025015
P22077,2410.6390849185586
P22082,2884.347845765642
P22083,3279.745960011188
P22084,4144.848702554937
P22086,2788.2829362909238
P22087,2778.212866440437
P22362,2732.2131392139227
P22365,3161.019349559118
P22366,2611.3205832276344
P22465,3925.703235417988
P22474,3481.8246888996705
P22476,3386.0121348402963
P22701,3253.919035841134
P22738,2532.3153287122977
P22827,37347.70560935679
P22894,25150.412436832295
P22895,23699.778965737372
P22908,3376.9223005206795
P22910,3229.3145763098246
P22912,138030.09198603092
P22914,104060.14875726822
P22916,17829.66536960663
P22917,19115.285830706503
P22918,23100.304683596798
P22919,26138.59262424611
P22920,21725.3548103037
P22922,25616.35030069702
P22926,25191.342508141828
P22972,3353.1128325311997
P22981,2538.3829643084196
P22998,3605.7833952039614
P22999,3621.406811120445
P23000,2305.337084834535
P23002,4297.472071849215
P23003,3277.8168958739398
P23007,2368.0972458166434
P23042,2879.9788643633424
P23044,4041.8416164706177
P23047,2867.432655507508
P23064,2496.982712526588
P23091,2621.208327424269
P23121,2695.1118652899972
P23149,22398.694391816476
P23201,3134.969185066968
P23206,22319.05050784158
P23212,19209.266550051772
P23220,26523.49401557565
P23259,6634.575232776347
P23274,22963.088495280903
P23314,2338.605591505894
P23319,81842.21656532443
P23320,96834.309514214
P23321,83201.15980357149
P23322,61634.41469716414
P23323,69143.53693184318
P23324,66582.98215206529
P23460,1886.8082789439586
P23619,2586.9294388948956
P23620,2543.9522273195703
P23621,3534.6936730370376
P23623,2638.069294390996
P23625,2604.1202090605707
P23626,2573.3790827249222
P23627,2498.303192641748
P23628,2553.2172044092927
P23630,3563.1313463676343
P23631,2558.494365250051
P23634,3398.5452846372923
P23635,2544.5529520495106
P23638,3683.5668949489545
P23639,2464.542875352016
P23641,3123.94977520699
P23737,2799.4740421862475
P23779,3671.086510737679
P23895,2735.7952842735376
P23933,571.7958800030018
P23952,2133.275947048
P24047,1631.9246728938379
P24070,2561.320764223669
P24080,67166.38728139196
P24082,2142.1302342314807
P24128,1581.1046578593546
P24161,2566.9236703390075
P24162,2926.3758986880107
P24163,5244.98040467866
P24164,3247.3568021560095
P24166,2718.6037656947105
P24169,2903.795684670277
P24171,5363.331251592287
P24229,2741.6254776404007
P24253,2905.9726417429815
P24266,4436.688877230775
P24272,2842.0022543483537
P24317,2571.1082235898166
P24339,2229.9710711499247
P24341,2811.0668013884033
P24346,2561.561247961913
P24382,1671.9435161686079
P24419,2431.1245311603625
P24429,2520.105148885932
P24433,2370.506962776245
P24473,2366.9850659404574
P24481,54910.71921418955
P24515,3111.1331081507806
P24601,2784.014917272212
P24606,3398.929793825055
P24609,3102.318633723704
P24709,2452.525245491882
P24805,2715.3748784359814
P24830,4073.376540675375
P24963,2539.9335592946204
P24967,23255.24396231677
P24968,16936.053729074967
P24973,3451.9295623117105
P24975,3573.162891356829
P25021,3089.003335519712
P25058,2444.061668582034
P25280,29527.409284896086
P25281,22326.23966271696
P25332,2729.2738272532833
P25334,2316.365748786361
P25350,30136.673551409498
P25472,2438.4975993813505
P25481,3010.366181292251
P25579,21477.589627816404
P25581,21471.006847132347
P25606,2326.608567000724
P25668,1182.33063740999
P25877,3108.9739140962897
P25878,19046.958571721687
P25941,3815.6900351139957
P25944,4155.9093768975135
P25946,18679.54365192398
P25983,3000.556069379522
P26003,2672.6131493530065
P26006,2924.068391164322
P26008,2775.5130091841884
P26009,2845.49076199391
P26010,2372.301232909215
P26011,3340.652783030548
P26012,3098.931575525026
P26013,3020.6972421966057
P26014,2474.469340298983
P26015,3150.9427657081105
P26016,2505.057998901447
P26017,3818.984398848331
P26019,6405.037530930842
P26020,3130.8685430387573
P26021,3238.3936142160355
P26023,3321.8439431244287
P26024,2832.777297439063
P26026,3863.266041103743
P26028,2606.6111506983175
P26029,2605.4150987106405
P26030,4176.341156473321
P26031,2720.6041024481956
P26179,2167.941678014688
P26250,2225.8065549844514
P26257,2088.8292313874076
P26271,2267.4133214978215
P26293,2606.3922440881543
P26335,4357.292526196963
P26468,1337.4143651940087
P26472,1351.9919758654337
P26517,4164.17029122983
P26525,5429.8415562975015
P26542,2069.505306389961
P26686,2526.8409907068444
P26748,2121.6735611832673
P26749,2230.0860466333866
P26750,4894.977794017347
P26751,2432.5856969097454
P26753,2349.2942913495935
P26755,3462.13803314323
P26756,2411.8867616135094
P26757,2359.985966763687
P26773,3882.006797087298
P26802,3114.785017326775
P26819,4713.70911267659
P26820,3995.8430890554732
P26821,2608.1524542161033
P26822,2602.6960152017778
P26845,2716.1038085835366
P26846,3301.839920436406
P26919,1590.7089897212588
P26936,2980.23214648451
P26953,2510.945792685478
P26961,1956.3391751774434
P26963,1941.8194212228982
P26974,2275.327434149505
P27043,2231.5870298263912
P27057,2275.161859498698
P27066,2332.596335240182
P27072,2492.7196534120544
P27074,2421.9885138791833
P27127,2670.446848125039
P27182,3579.3417799982262
P27194,3641.1790885933433
P27198,2290.7200308171196
P27209,2518.3583834755877
P27217,2242.404068348444
P27222,2226.461749463014
P27255,3894.3093939639366
P27256,6304.405972786652
P27284,4280.4818997930115
P27445,2898.920475840297
P27631,14306.204425162448
P27632,2978.3616789088933
P27633,2780.0452874946905
P27634,2779.5530310220543
P27635,19382.239546283636
P27636,26392.66869672729
P27637,2634.1092858692978
P27639,89329.37429596814
P27651,2534.9428839899483
P27657,3027.6741298862416
P27658,2618.544951623682
P27660,2903.760480111181
P27661,3044.322039413989
P27791,1501.9259588551913
P27806,1544.9509485111025
P27811,2495.7569270437302
P27816,2624.5753896983706
P27819,2790.2317405405274
P27820,3254.8199970400738
P27821,2772.5427608664654
P27823,5136.291828654241
P27829,2770.6620823281096
P27833,2887.6535762228705
P27834,3005.1514363275305
P27835,2646.308191238011
P27836,4122.149175371624
P27838,3028.5638714151046
P27867,2302.807351470321
P27891,1231.1182341854085
P27892,2249.3393034586966
P27930,573.0742382758825
P28007,3413.0178216135746
P28019,1951.4413422191883
P28029,1614.4176351167218
P28050,1500.6266124105039
P28062,1706.876287805772
P28100,1849.907022605274
P28113,2440.962838061029
P28205,3621.7113943888025
P28206,3027.2169968296203
P28222,3413.37621554231
P28476,5152.9344742804515
P28478,3027.3472387297575
P28484,2653.9205881151006
P28485,3667.3948899865036
P28492,4023.60792096444
P28494,3769.003943196394
P28495,3904.8420016446717
P28496,4703.020195006799
P28497,2371.5610004351533
P28498,1897.8943516721658
P28499,2391.047812081967
P28502,1893.2245483840757
P28503,3763.122933086917
P28504,3337.225320714177
P28506,2656.522839647072
P28507,2144.944743002159
P28509,2653.9889850161367
P28511,2292.036954936738
P28512,1991.482065254429
P28513,2759.797419253164
P28515,2512.7567437492216
P28516,2669.6659206809404
P28517,2434.23105698911
P28518,2469.578979584381
P28521,2488.850096673571
P28523,2424.2849072447807
P28527,2257.436844388409
P28531,2229.759247784613
P28532,2434.227948787484
P28533,2285.8492857306787
P28534,2116.8504531351173
P28536,2224.4397261430136
P28537,2075.224098402108
P28540,3876.8075569551856
P28542,3817.0485078567644
P28543,2731.930770980123
P28544,3110.1223041903777
P28545,3682.2040523274854
P28546,2985.042391834042
P28547,2879.393625047221
P28548,3033.0277653445196
P28549,4713.165585009639
P28550,2939.76197860697
P28551,3387.3521105962927
P28554,3089.8904648218727
P28555,2828.237126510275
P28559,4591.885677223726
P28562,2726.1713227028076
P28564,2744.0340149395583
P28567,2502.842436721472
P28568,2467.507733326136
P28570,2443.9837859676845
P28573,2428.8899316219085
P28575,2166.656895309087
P28576,2350.638655550252
P28577,2440.4873684783206
P28579,2815.3380993748256
P28580,2577.613680992174
P28581,4102.894855316971
P28584,1987.9887057817998
P28585,2439.9457909462158
P28586,3049.4875331611556
P28587,3944.0745634749387
P28588,2469.259576825546
P28590,2448.372281622056
P28591,2456.5651406008246
P28592,2159.6491005031153
P28593,3613.283171531679
P28594,3682.7333445849426
P28595,3428.337626086436
P28597,128444.41273310993
P28598,98864.81090563526
P28599,3819.383291626972
P28657,63735.47080926381
P28690,90912.85565521657
P28693,24518.671589734928
P28694,96884.10877722988
P28696,3595.6205586205974
P28697,3455.9773102023264
P28698,2206.4690016174886
P28699,18593.444798658133
P28700,2372.808767082898
P28706,2027.5735254164604
P28823,2819.5787144307747
P28848,1229.6037537141833
P28881,2806.0674383839537
P28889,2949.129082473191
P28944,2579.6992822743277
P29112,24940.193589003822
P29116,2964.11471802787
P29117,28724.803718602212
P29123,20403.343089355218
P29127,27370.982725929345
P29128,20687.388720050196
P29129,30669.403516040937
P29130,2931.594017207557
P29131,23066.50036614386
P29137,25648.13801715487
P29141,39359.53189839774
P29151,20781.180412976184
P29155,2683.517192758349
P29176,3034.380529683764
P29180,3137.2250914634706
P29190,2206.9680707843004
P29192,2678.018154422904
P29324,2825.627415115871
P29325,2558.2829477289883
P29327,2915.77894926978
P29404,2734.29469873731
P29424,4149.794619418022
P29440,3040.85562213661
P29455,2982.366195438359
P29483,3042.4448827244637
P29485,3243.3093888629674
P29526,3019.505974933724
P29553,3101.297747528389
P29591,2531.257040625855
P29593,2974.329809908504
P29596,2607.2786531734064
P29599,2719.0743569442425
P29602,4582.638607554306
P29603,2209.4932105988737
P29607,2740.2639314419303
P29608,4062.0017368349295
P29639,2848.1820149955397
P29641,3749.763791626677
P29644,3090.650832419918
P29645,4629.132898384307
P29648,2938.0196904053228
P29658,3040.897842569821
P29660,2769.7004386383655
P29662,2830.0612046920355
P29663,3443.885013253538
P29665,2769.7004386383655
P29667,2724.2486789524114
P29670,2780.0337770700653
P29672,3450.346210145638
P29675,2827.9887890707814
P29677,3108.5919620539944
P29678,3498.4435792131057
P29680,3498.4435792131057
P29688,5000.308265404754
P29689,3439.1511392453604
P29691,5752.003135270694
P29719,2775.5130091841884
P29749,2682.1475963589282
P29781,3266.665849199608
P29843,5792.710478768081
P29844,2559.9389853490147
P29845,2974.3403871526175
P29846,2746.5757057254837
P29847,3082.085646382244
P29848,2278.8942112435598
P29849,3220.2799160885115
P29850,2995.503030344275
P29852,2199.0242140328337
P29854,2758.6332405068947
P29855,3867.6372985926655
P29864,3041.6537704557986
P29866,2826.8543581635863
P30025,2855.375951536128
P30027,72706.68803227041
P30028,2840.370139703463
P30030,2825.001734982261
P30032,2627.159813049541
P30098,3722.189779852305
P30106,2785.529617047177
P30111,3220.0964636914787
P30120,3326.5588892103015
P30148,3266.935265860526
P30159,3807.314815230052
P30172,71480.24881206367
P30188,3484.625232960563
P30398,4850.821986943296
P30401,3130.9375921662486
P30407,3086.0048597646355
P30415,2546.244801355788
P30417,3036.334095739209
P30421,2586.014510030142
P30430,3648.986682624395
P30436,2844.28265139973
P30444,3945.9139161169082
P30447,3579.155397579844
P30450,2618.65280433769
P30453,3537.9793587426852
P30457,3237.732661253054
P30461,3478.3606417884635
P30465,2928.5769525815217
P30521,2478.958972129481
P30530,3767.019309421116
P30548,2598.4548454691744
P30550,3285.0456517125417
P30570,3555.1125521442013
P30573,4151.750944634405
P30575,3452.9292100781768
P30576,2704.737906408436
P30577,3007.7948453892623
P30578,4661.732032872262
P30628,3359.902930114197
P30629,3356.1320594353324
P30636,3306.731531912682
P30637,3069.5474918746922
P30644,2787.155414506128
P30645,2681.4139605681567
P30665,2653.505591994228
P30667,4019.1424506547833
P30668,2328.6342042930655
P30669,3484.021861409668
P30670,2758.751551322564
P30672,2700.3167447825954
P30673,6143.918997161065
P30674,3895.321881610311
P30675,3042.996540211277
P30676,2468.8893029489395
P30677,3013.206393497297
P30678,2717.153315290703
P30680,2548.800471566843
P30682,3813.558056924277
P30683,2977.5665477089638
P30688,4065.405956355922
P30690,3321.2222920147
P30693,3084.663406541079
P30695,2710.079733371693
P30696,3268.574491546942
P30697,2842.19655780345
P30698,3917.1935676043495
P30699,4194.465454667841
P30701,3058.7642768050127
P30702,3755.235976976609
P30703,3933.2636245400568
P30704,2951.029568848637
P30705,3900.2732704102878
P30707,3889.882498335827
P30710,3614.162838396379
P30711,3377.7294814038287
P30712,3743.196372468604
P30713,3457.7613609200916
P30714,3164.966625290386
P30718,3494.6493499788116
P30720,3096.9026893191576
P30747,2622.2993138643174
P30769,3258.7844094308994
P30770,3358.555110068803
P31073,4036.516508093104
P31079,2852.050488198122
P31080,2980.735766498954
P31081,3493.2554921229957
P31082,65548.6021112557
P31190,904.3142162977235
P31227,3526.114486695098
P31228,4232.620573913171
P31231,3077.5483951796127
P31233,6170.467927054801
P31236,9034.438620213994
P31242,3039.436367434466
P31243,3213.3968894268432
P31244,3036.906761394131
P31245,3332.0424031457947
P31246,1970.4463253975
P31247,2535.275661822838
P31385,2767.000530445559
P31387,2688.663848118171
P31388,2787.5807339299186
P31390,2963.6346017493593
P31393,2913.832012427646
P31394,2765.490662911475
P31395,2665.052978294321
P31398,2835.128803802096
P31402,3229.6411374584
P31403,88181.5616744963
P31404,98435.74849456165
P31467,3309.554692034699
P31510,28784.880365100573
P31511,33774.2559796818
P31514,22571.17680426469
P31581,4340.932139199019
P31583,2714.5438216252523
P31588,2363.381352598678
P31589,4713.186980481414
P31590,3033.425363261513
P31593,3585.2531409859494
P31596,3543.971960997566
P31599,3367.3643615012534
P31600,3541.7852962113493
P31602,2574.3639530339133
P31603,3017.917092310058
P31604,2682.514458407865
P31607,3426.5205632350717
P31613,3684.06633919915
P31615,2455.8731162455283
P31616,4685.982544946562
P31620,2663.528845603967
P31621,3586.1622385051237
P31624,2500.3121566531895
P31626,2500.85168086355
P31645,4019.9468359946477
P31650,2445.0111944802293
P31670,29248.28264153858
P31695,2849.375083572501
P31697,3127.595889698525
P31705,3365.3482252794192
P31706,2986.148443267596
P31717,4257.509693925086
P31779,35798.096863164574
P31781,23296.66752908915
P31782,21206.34108893553
P31786,2765.9890872557303
P31788,2916.094748739037
P31789,23633.761080794826
P31790,3693.538802046862
P31792,4020.5114508544452
P31795,2976.5306679317837
P31797,3786.5481251756305
P31989,3719.9943657567364
P31997,3540.2808373129374
P32001,66079.44681572412
P32003,4233.55673282135
P32004,3234.7581447819443
P32006,2737.0005621090672
P32009,4231.50409384792
P32020,21193.419946380232
P32022,18488.875640207054
P32023,3526.631984795405
P32108,4128.580476742006
P32109,2730.7287894811975
P32111,3469.848672960883
P32134,18688.32580825197
P32135,19968.3613235633
P32137,24413.25559630315
P32138,19968.3613235633
P32140,17702.097392233125
P32143,19270.940125218232
P32144,19081.12759837037
P32145,27556.830792285353
P32147,20524.168750605735
P32162,30387.82323450115
P32166,3353.4751876040827
P32169,1667.9126914617038
P32170,9110.553764367594
P32172,19050.766667855274
P32177,19567.01706951273
P32180,3640.2563479786563
P32181,3782.98850833176
P32183,19833.160869533407
P32185,22713.91199304964
P32189,21732.42908139008
P32190,25931.22637610271
P32194,20077.169421507086
P32200,3170.7787810683462
P32209,3909.0390114543316
P32210,3128.355888562444
P32211,2757.54501012433
P32214,3833.489374190339
P32215,2935.3104165338823
P32216,3049.4082994440914
P32217,3770.271905947722
P32218,2702.959351075443
P32223,95195.58522394084
P32224,2896.9441658580186
P32225,3737.8803886222154
P32232,21952.027602162067
P32234,21917.80070157214
P32240,4915.457840696446
P32241,3676.6607283824374
P32244,23383.68633737574
P32249,4714.960020083223
P32253,2896.313034993739
P32259,29239.716819594243
P32327,2336.0966551753163
P32354,103327.54131492188
P32360,2778.5566998873333
P32544,3321.2238959214337
P32585,4542.384309458482
P32683,3448.830738291276
P32689,2905.255993547119
P32921,1308.1563969476456
P32995,1561.469139030642
P33019,1477.6111175661943
P33043,22507.700976924727
P33047,22696.90228633117
P33048,25286.347351874003
P33049,23097.806258387292
P33050,19509.262977196533
P33056,23017.725113362118
P33057,3110.5265035859366
P33079,18995.938357563897
P33081,18692.75876494384
P33084,22212.54318231027
P33284,2783.028910946328
P33286,3604.4205923440554
P33289,2929.817010307007
P33294,3277.3675997388486
P33296,4220.516690013574
P33298,4215.739920844591
P33299,3126.3909648634917
P33305,3597.3026917578927
P33309,3945.8747425768456
P33310,3222.411354327998
P33313,30828.706731182876
P33426,1147.8763456171437
P33466,2000.0523047254944
P33651,1692.4887599322856
P33929,19968.17800322864
P33962,2353.7115371091236
P33963,21861.016303004802
P34022,24990.73210100793
P34025,17162.12440227629
P34034,22669.047700044848
P34037,22914.38681279679
P34382,2726.579688925939
P34383,2619.049432897836
P34417,111521.024820653
P34538,4889.029361991204
P34539,3129.554524720684
P34573,3796.4980057321823
P34574,3493.2418697332214
P34575,3789.2161758766774
P34580,2990.0478513887583
P34581,3753.2345676150167
P34583,2875.0732982388795
P34613,4400.5960009421815
P34614,2770.335673347578
P34640,3026.8458926029284
P34689,2628.591426054965
P34709,4907.623742194454
P34710,3422.8238470965875
P34711,2773.508688007468
P34745,3317.2937762425263
P34750,2887.093625613244
P34751,3631.3543291352935
P34842,89293.29266402758
P34843,2952.8731325792096
P34845,2673.574442291295
P34846,3793.5125583012664
P34847,2904.2083166986795
P34850,3856.643905760171
P34851,92973.19787595168
P34852,2257.848412676297
P34853,69339.24907041075
P34869,3707.780906930874
P34873,5672.583607662737
P34874,4117.722464648207
P34926,108443.02717768506
P34928,4380.683285699536
P34929,3026.868359630039
P34930,4461.731973459422
P34931,5549.962473571608
P34932,3844.7763933209562
P34933,3302.304631173998
P34934,4000.6490139494595
P34935,3106.720874377832
P34937,2211.478752889271
P34939,2413.6604318922455
P34940,2413.6604318922455
P34941,2722.305791838179
P34944,3116.144284074919
P34945,2225.5284006646484
P34946,2627.203165211724
P34947,3778.1069505548608
P34948,2786.6064782208146
P35026,5123.45528516859
P35291,2841.048226012045
P35417,2893.3400538955966
P35461,5865.4574106471155
P35667,24643.384256140387
P35782,3173.267758696933
P35807,2304.4733016949754
P35878,3737.9770522647586
P35880,3283.2447635923872
P35881,2452.856883785878
P35882,5340.766663666152
P35883,3266.7970666970045
P35885,3666.329637098669
P35886,4256.805118759174
P35887,2851.9042128365227
P35888,2794.2194079565024
P35890,2256.6153239139576
P35891,2568.4707007447637
P35893,3934.904279755448
P35894,3940.0584957291458
P35897,2976.365373645344
P35912,3423.028348618059
P35913,2548.757948915927
P36011,2703.206703596501
P36061,2712.2929920220918
P36062,2221.017088037724
P36102,3630.029418560432
P36107,3113.648009757126
P36111,3113.648009757126
P36112,2641.2487859331263
P36113,2951.524895435462
P36114,2807.4595171986966
P36126,2569.14254388792
P36234,3021.4100279290287
P36235,3669.1644064378547
P36237,3135.5381379197775
P36238,3542.657191222121
P36240,2836.472348673631
P36242,2482.865967299319
P36373,2439.256502572889
P36374,2574.7382113124772
P36377,3671.5591836172
P36578,2604.364051727581
P36591,3627.004080290298
P36712,19106.78501340095
P36927,2152.813272445035
P36950,2483.148518504169
P36966,2248.616512940256
P37024,2838.879553144609
P37127,2849.803331639528
P37142,1760.500072490158
P37143,3853.2849374152493
P37146,2389.1808798048696
P37155,3520.592443000398
P37156,2911.4334514163174
P37158,3076.696616736812
P37257,52968.21600496412
P37374,4028.707218821375
P37457,2693.7258167447726
P37569,2363.889224618404
P37685,2411.057138990191
P37699,2986.875036423162
P37702,2774.0427053273215
P37726,3240.756672402995
P37824,3102.987590696258
P37863,3517.1939025623374
P37864,3116.810648701878
P38165,1437.9830852979455
P38262,2641.936398187846
P38277,3289.4905431118354
P38279,3191.5933808524273
P38287,105668.96405561182
P38294,2023.1734717976058
P38296,2128.2539538401375
P38318,2858.9146697332485
P38461,4803.409386843408
P38463,2698.55917484359
P38623,23031.07649574945
P38627,21782.060425525033
P38628,23800.69526623358
P38907,2667.0938115024
P38946,3520.8186034099876
P38951,3347.251356020268
P38954,3669.9638223864176
P38972,3182.1628522849633
P38976,3644.312862064782
P38983,3438.4354466591385
P39002,4039.0098696240507
P39093,4840.924999403742
P39312,2519.980471009348
P39419,3128.895511454124
P39423,3076.1758345938397
P39442,2962.5341586471077
P39446,3993.1186806832775
P39504,2853.2533961563954
P39538,21067.961699245774
P39542,22718.837781084192
P39544,27495.52165807289
P39545,23133.27953878603
P39547,25722.6212849536
P39548,20862.41356605397
P39561,25603.21390521974
P39570,20740.423853124823
P39575,2956.8536880616643
P39576,4030.4317684276766
P39577,2783.1631733513423
P39578,4017.826602573694
P39579,2551.271528325148
P39583,2775.699569793346
P39584,2905.6918950108693
P39590,3041.9809619994426
P39591,3254.566777848141
P39593,3403.6433905212184
P39596,4796.880143929414
P39597,3567.0411440036914
P39599,3213.097936595911
P39602,2649.5626597333116
P39603,2584.3565625243036
P39604,2614.810405773755
P39625,2830.341085643853
P39630,2844.7624464541723
P39631,2933.391963804189
P39634,2778.284537387776
P39635,2763.1414556750615
P39636,2551.789794954895
P39640,2883.8337143548133
P39641,3788.421185452526
P39642,3863.463059474308
P39643,3212.1865224230005
P39767,77760.28823451488
P39821,2984.278325976204
P39935,21058.678322045518
P39956,3232.034133083658
P39959,3357.676251208848
P39965,22745.431408170127
P39966,3672.8981705191127
P39967,29490.57801910302
P39972,22400.760730745413
P40029,19424.94690164414
P40057,3903.5947786733514
P40231,2693.208758356831
P40453,3058.1523083786265
P40484,3671.3531495286234
P40855,2592.913462704392
P40856,2587.2316074445985
P40857,2713.157939303205
P41061,26432.216592258243
P41201,2625.792370640898
P41218,2277.579069779127
P41480,2681.348256368619
P41745,3371.0922171944294
P41747,3769.353917007626
P41763,4177.763865607199
P41777,6339.494068351201
P41852,4058.8320859193686
P41854,3823.5462284047194
P41856,3502.5843859137326
P41864,3828.3326287831455
P41865,4835.982220804981
P41943,4413.033181153
P41944,4609.798819008935
P41945,4083.688395883358
P42113,83544.53343713687
P42172,27507.500307102593
P42174,45080.01557154254
P42176,21657.398549535028
P42276,3292.151285287889
P42293,3143.1149386712705
P42311,2492.952341734022
P42375,2682.7238350888006
P42386,2739.446412051957
P42407,2442.1407956413955
P42422,2817.76576300456
P42424,3182.874497176048
P42428,2815.628682302934
P42724,1467.594354656645
P42908,2978.770905346193
P42974,2414.0401843446703
P42975,3265.6398129891
P42977,2087.1222194464904
P43038,10480.245969426067
P43076,25330.601649972577
P43113,3005.711791889317
P43144,2740.414183009019
P43171,2578.3860016261324
P43175,4109.809171410789
P43179,4080.5213508497227
P43348,78650.34445312561
P43551,47276.98110522644
P43555,4274.523965538854
P43557,5208.544402568909
P43576,108177.4680937543
P43577,122891.25906388502
P43578,73854.7880361236
P43596,65292.65768240343
P43597,73871.69652485441
P43600,109489.833071005
P43625,111459.68781437995
P43626,73948.95805115058
P43628,4915.322675869636
P43657,8634.35572407104
P43664,7759.412443616139
P43665,8418.073790503979
P43670,6047.12824439542
P43675,26186.74783492022
P43746,5509.794724765896
P43749,96071.87488777335
P43753,5247.829594644489
P43755,83054.91249037585
P43760,122895.5302542378
P43765,26962.828739656932
P43766,33734.166304494
P43768,24364.532327375346
P43771,26545.805439287353
P43772,9982.833514039015
P43773,8399.55450322648
P43780,1764.7153348543618
P43787,3813.1325001488967
P43790,3112.99627509641
P43794,2256.6871196557104
P43845,2969.912931700622
P43907,971.9745792717025
P43993,8343.688261335323
P44005,153186.40941560606
P44008,55639.938761884834
P44009,32328.985448394527
P44014,8275.06728291929
P44036,1262.023060289126
P01003,1146.0329172798436
P01005,7504.601695475195
P01011,8831.803767626609
P01032,2211.876122236803
P01057,2137.4681911462085
P01062,3866.254421941736
P01064,1498.5995551122546
P01065,2303.1104454966626
P01114,5163.38756918001
P01115,2712.8435615649146
P01193,3676.7445089798985
P01205,5356.532394633403
P01249,2458.0652139149392
P01261,6205.060580924047
P01277,6107.505842388997
P01331,3809.0491776668878
P01386,2544.715860098175
P01401,1671.467585896228
P01407,2871.3798136390037
P01558,1127.7585155121326
P01572,1724.9667445345601
P01595,2648.0805641117513
P01603,1841.2565906328662
P01645,2258.744122577466
P01650,781.2107520400318
P01761,2988.8632107564845
P01857,4739.514061963732
P01874,2803.9063323367645
P01945,3768.892393053767
P01985,5152.140670591686
P02005,1318.5411624349788
P02009,1164.9159034138618
P02087,880.0495768623755
P02144,1460.2467078468815
P02146,2831.3566196152083
P02162,3411.9110389027414
P02263,1958.579658631626
P02274,2904.357987604141
P02319,2252.749234312874
P02347,1317.0242313495314
P02404,1811.9398101741622
P02428,2566.5729444590797
P02504,1531.3038460662215
P02526,1821.59467733264
P02533,3013.0847720934507
P02611,1258.0546692143564
P02650,3214.2365118858565
P02683,2746.2856539996314
P02697,1896.7970495796683
P02700,7135.464552350824
P02712,2765.3781068436842
P02733,933.3645969207018
P02745,5867.946214077871
P02845,6200.664164403813
P02862,1531.5560577311917
P02920,6082.148778114059
P02937,2343.4086975274677
P02977,3150.1052470792592
P02998,1989.732698709459
P03024,1695.4532715842886
P03058,1645.970935871448
P03080,1127.5115294912143
P03088,2341.7730436563147
P03195,2497.320827988049
P03217,1713.3795012149124
P03218,1958.193401029743
P03226,8570.213414298207
P03260,6086.807977191039
P03278,2921.927114816127
P03335,3114.4099193048596
P03394,2971.915611006911
P03398,7227.361625508534
P03415,2348.876164287718
P03451,1465.2228490878288
P03477,2585.736679033442
P03491,2435.5501617906525
P03619,1298.82713771743
P03623,2019.54363109261
P03652,1737.048245161125
P03665,1660.0482073176813
P03738,5235.083685680379
P03774,2712.2940581924254
P03834,1520.2068401937847
P03854,4739.0026308931065
P03888,3286.272278038999
P03895,2056.5923060991863
P03906,3062.266825865964
P03919,1298.329382236579
P03939,2669.244611281501
P03943,3221.3099818909463
P03946,2354.9802995965815
P03949,2088.70976741291
P03965,50348.22502158493
P04003,2166.215224544114
P04047,6332.720427063796
P04077,8050.4460183460415
P04078,4990.141881814028
P04082,6941.44186418073
P04124,2068.9899098215515
P04131,3356.8796776704103
P04144,3187.3811800757285
P04165,3530.836603459354
P04247,1651.8322395642638
P04252,1595.563411690582
P04259,2169.840642496232
P04327,3056.6327175987167
P04337,2908.000908861767
P04400,2420.932147434219
P04410,4004.2281442042267
P04433,1361.0902949372378
P04451,3069.0148995241643
P04481,9856.50400032234
P04536,1446.1226699545293
P04559,741.6216673072774
P04583,2220.4409790942723
P04635,1419.0755646487357
P04705,1831.2557266217016
P04764,2102.714036885258
P04864,1858.3113217155517
P04962,7502.54730679091
P04969,4992.704548138214
P05102,2885.487524335905
P05126,1977.886399604647
P05278,2199.586654882271
P05313,3759.556901898319
P05329,1913.3236905543079
P05342,2326.62501697417
P05446,1851.2150631236236
P05449,1204.8132985460054
P05450,8045.810033955279
P05457,2521.161742180503
P05559,7065.830306528742
P05588,1979.358548887652
P05609,2192.9422818967705
P05618,2109.74927295999
P05669,2407.038252125411
P05759,2640.3392189373026
P05760,3222.09557923666
P05764,3220.408022327264
P05765,3229.79558529186
P05767,4166.196630540011
P05787,1724.8995605839566
P05799,2498.982892988893
P05814,14315.956116172352
P05829,1827.5909461286888
P05950,2393.068582055468
P05979,3244.694527951611
P05991,1486.2873732632415
P06014,2667.755726914392
P06025,3911.618372902677
P06050,4607.111402647336
P06062,2433.1455616060007
P06177,10119.231196383187
P06199,698.9220431025764
P06213,3297.761707004954
P06282,1934.678174604002
P06300,1695.2552441366465
P06395,6337.43836014948
P06396,6908.877070887426
P06397,2767.4472731222227
P06921,1696.1093816389732
P07079,1374.3379540056724
P07098,2673.6300869383463
P07102,1933.376699420252
P07265,3133.400535593179
P07266,3377.7991931697857
P07287,2311.8979589269065
P07409,1277.6629075027586
P07541,5280.317478059503
P07603,15539.929617884447
P07611,3100.9265847934726
P07612,2788.793967230677
P07621,4957.210932268847
P07954,5679.352052125289
P08111,2498.1452631845978
P08139,2072.001259075423
P08154,2284.643116405805
P08185,14676.968015789329
P08236,2406.1614716039626
P08840,2137.7284086702293
P08848,2253.9004247929784
P08878,18387.178334056705
P09113,5762.84509094929
P09155,5300.313257594493
P09207,4073.388144127931
P09254,10370.800216543636
P09305,2477.0529759676233
P09307,12805.86158909936
P09599,2115.0168700251484
P09742,2239.657938791844
P09743,2685.471123039717
P09812,2548.012355107388
P09813,2628.440457764029
P09864,2817.082590961229
P09866,2521.1342911075612
P09867,2455.7962777233724
P09868,1841.7398210341726
P09869,1857.5900002372948
P09871,2837.900988323663
P09872,3045.8474652692116
P09873,3111.2361366613572
P09874,2432.790849049221
P09876,2659.5332454136355
P09877,2000.3701310182666
P09878,1649.0924553067086
P09879,2730.885930386263
P09880,2636.5698903227626
P09881,2815.047720636326
P09882,1803.5943484607174
P09883,2974.0396000106875
P09884,2452.518734472294
P09885,1933.305631993558
P09886,2206.1083023086903
P09888,2936.7437617800615
P09889,1638.428405889538
P09890,1784.3157240579785
P09892,2195.3792548903884
P09893,996.3324768524623
P09894,1750.149137655566
P09895,2335.789190447077
P09896,1222.3127113937412
P09899,2767.499487387396
P09903,1927.809413162258
P09905,3596.874139161867
P09923,2811.6553469113524
P09926,2347.364147793945
P09927,2153.9895315496774
P09931,2528.9935618139566
P09934,3278.67179738275
P09936,3367.912739722373
P09938,3405.3331192248215
P09944,1966.742356938365
P09945,2310.468007962281
P10182,1972.7373619507848
P10316,22927.573869990596
P10543,1234.466566412403
P10545,2257.801277379941
P10546,2407.6225162791916
P10547,2250.6418456892357
P10549,2552.912041427359
P10550,2568.6702028014147
P10551,2215.914081170547
P10552,2261.2588649650743
P10553,2364.8771314161963
P10555,2534.971935455796
P10566,2370.1268487815205
P10572,2272.9996618391697
P10608,1470.3389852202451
P10679,2780.043738800761
P10827,1863.6838327519731
P10876,3177.1681421380963
P10896,68117.21160171207
P10898,9110.289278436652
P10974,2594.1997128163207
P10975,2246.27626417134
P10976,2416.25115636433
P10978,89684.18734519031
P11038,2046.8666206277371
P11042,1917.1446035562753
P11043,2120.0919060493297
P11044,2261.8610573049805
P11045,2133.348472114571
P11046,1936.3334622414063
P11050,1986.1052353696396
P11052,1915.915076645328
P11053,1928.0243015458507
P11054,2113.1396328151422
P11062,1934.5209204082557
P11063,861.189982385021
P11064,1988.590115216502
P11066,2178.112352285023
P11067,2741.2887288793477
P11068,2015.1632126594673
P11072,2054.767184174747
P11073,833.2532301248548
P11148,2111.7873595408946
P11193,1846.159800091121
P11216,7479.292299303682
P11237,2803.9721669421165
P11354,2537.904237350084
P11355,2628.343984992104
P11358,2674.166579595034
P11528,2791.1477558828287
P11616,2468.619018085482
P11617,3265.342838670456
P11618,7030.53989744236
P11620,2532.8728501154874
P11621,2207.9779353230692
P11821,2122.7280468500403
P11899,2207.74510583653
P11906,1625.5789344671268
P11997,1771.3591650289927
P12110,18054.416663547225
P12177,1748.4673321682315
P12228,2685.4145954583028
P12248,2541.9293906688786
P12255,1621.569396067801
P12258,2497.4170518553256
P12265,3695.950315443936
P12341,2928.0371646949093
P12343,2433.7045416689666
P12344,2369.960683428827
P12345,2003.5985046385972
P12375,2334.936344858458
P12461,2704.9347900416215
P12493,2507.765533077706
P12494,2286.1757779741174
P12497,3199.7116563629766
P12499,2272.0811591399247
P12500,3043.07621629159
P12501,3197.460302524497
P12525,2338.9916043902667
P12527,2846.009424413813
P12529,2650.1250955977757
P12632,2671.7045553543558
P12653,34161.32243589845
P12668,19234.99131757592
P12713,2869.053065620002
P12941,3033.4597951200076
P13195,2934.6650993678027
P13390,2077.6008912610373
P13434,1708.9482973024753
P13604,3218.677947714892
P13610,3045.3180538539264
P13643,2088.4670698191394
P13671,2807.7869831745397
P13693,4810.101134146618
P13702,2860.2898813313445
P13745,3019.949780147182
P13856,12334.194691299186
P13920,2597.0988913629863
P13921,3024.706314070878
P13925,2513.851591702007
P13927,2395.3652771911225
P13928,2176.030017697585
P13929,2554.4430256584046
P13931,2528.185890150836
P14013,2831.5834661039294
P14080,2118.8226327818707
P14082,2138.0948240488597
P14121,50517.68324933307
P14223,1696.5754714841678
P14275,2590.9518536535675
P14341,3621.4536005708574
P14364,2348.683421220884
P14375,2595.2388291612383
P14392,2403.453864148335
P14434,2589.688370130471
P14435,1636.630815897905
P14436,2247.6907242665543
P14440,1586.222162869945
P14442,1539.1689900970136
P14446,2008.1270325018572
P14448,2055.6077566200993
P14451,2532.242008089745
P14452,1739.3760234832446
P14455,2126.7631953396735
P14458,1816.5364130472735
P14459,2155.927342860184
P14463,1913.111885777151
P14466,2539.1318985074963
P14468,2202.0231246515946
P14469,1894.4348608276707
P14473,2124.0637366639435
P14476,2269.2640868274852
P14477,2753.3978674074983
P14479,2062.5217394910946
P14481,2911.485514854593
P14487,3078.230044713617
P14488,2902.8047333405
P14550,2501.2960501594675
P14552,1867.004156502953
P14553,1859.4021689351634
P14556,2495.7331702885963
P14559,2007.2100719455163
P14560,1833.7371022072734
P14562,2161.4614272262866
P14563,2491.9337221283536
P14575,1798.0780391790101
P14576,1307.9963689725357
P14577,1857.3470873493566
P14584,1785.3697948662636
P14585,2465.1873783907818
P14608,1872.0507643883273
P14609,2320.9851028279345
P14610,2106.0607097345924
P14616,2034.8484406123716
P14635,2767.626411413758
P14637,2413.7617682142404
P14638,2363.9400830210366
P14640,2991.1816294493906
P14657,2290.7248466628375
P14661,1983.322291837232
P14662,1995.5902718379555
P14663,1793.9029316657247
P14664,1929.4985949463826
P14665,2711.4212230104445
P14666,2108.2987557956185
P14669,1984.2082102501013
P14672,2374.782201701603
P14674,2149.807989428045
P14679,2250.1201353161478
P14742,3984.5884017756734
P14753,3251.6067930116824
P14780,3717.8297375372563
P14786,2291.352594470309
P14787,2352.142401632343
P14808,2349.4247427026626
P14809,2185.9142836060123
P14810,2066.8373891106867
P14814,2455.833330211375
P14860,2474.9795040405793
P14865,2687.4657891903034
P14871,2232.12769891477
P14901,2590.5682226407835
P14918,2111.049599711506
P14923,3368.4934607780674
P14926,2795.479486615448
P14947,2861.5670343296147
P14952,2930.0084403049327
P14953,2296.4156574773256
P14955,2966.67342149493
P14957,3809.671384610862
P14959,2523.5958359688916
P14960,4373.25121489916
P14961,2415.5174791888767
P14962,2138.0370920817136
P14963,2903.3087067067145
P14964,2575.6119107421746
P14965,1791.433235082157
P14966,1910.056078652175
P14967,4682.449042047674
P14971,2422.8306255927228
P14972,2022.542784641609
P14973,2560.0063062018285
P14974,2459.6581029719164
P14975,2249.1028644942126
P14977,2433.739710327684
P14980,1921.93383587468
P14985,1740.6446781909647
P14988,2133.5576815526238
P14989,2901.44851497413
P14991,1948.2279378171295
P14992,2381.0858824443653
P14994,2548.83552321628
P14995,2370.5988270478774
P14996,2407.5433980906055
P14997,3190.6992328641277
P14998,3200.8449595842876
P15000,3623.6167956172203
P15001,4175.774185624986
P15002,3594.1587430760655
P15004,5991.26869246411
P15006,2119.678839531813
P15008,1890.0746233451976
P15009,2194.6158687128323
P15011,1705.3381931404328
P15014,3052.217577455201
P15015,2539.5673853965764
P15017,3142.177768801098
P15070,2366.517225450157
P15071,2443.220279393837
P15072,2643.4550487784295
P15073,2823.8591197573014
P15083,26324.405020261984
P15133,1954.7985359663674
P15148,1298.897786996785
P15151,2879.607711514996
P15153,2886.769170850549
P15178,2112.0056862396823
P15179,2361.3499714603845
P15181,2056.3498336165385
P15234,2809.135384639745
P15236,2274.3788569514427
P15237,2181.2518802857862
P15243,15032.607387740158
P15256,19792.429724062666
P15258,3009.7919094619415
P15260,2963.1136049671973
P15261,2447.5982604733194
P15263,3065.423992620693
P15264,3316.3554613264328
P15265,2752.9826558759046
P15267,3977.1703558454765
P15269,3815.432776057976
P15270,2158.2627351346323
P15272,1850.1529120070427
P15279,2155.5919402712534
P15280,2466.045299030307
P15282,2303.8715148021524
P15302,2587.9312373105918
P15305,2571.4217968889197
P15307,2542.198387246604
P15308,2618.6657771750083
P15325,2824.6497034176527
P15341,2349.363280123742
P15343,2079.8606533289685
P15344,1962.4569379699267
P15345,1904.5751555376685
P15347,2212.631820441906
P15364,3891.1827373062683
P15366,3149.141312185568
P15413,1564.4083927628913
P15416,1801.1418314010807
P15417,1810.9634227751244
P15422,1903.8996598016886
P15423,2082.1414616205825
P15424,2159.277204425874
P15431,921.303147472449
P15433,1236.9301385751708
P15434,1955.0003987441576
P15443,2217.4440315190122
P15444,2681.0577848734933
P15483,2380.796895471365
P15487,2338.8798388189566
P15488,1518.9623659404717
P15511,2238.2695564877354
P15512,2384.563033705733
P15519,2363.8282971824356
P15520,2209.894959633629
P15521,2213.600034973303
P15522,2069.504621579619
P15523,2042.0523802789587
P15536,2343.6151520038093
P15537,2094.9462110075433
P15541,2583.958685564673
P15542,2631.6288920665334
P15544,2001.642489793386
P15545,3767.2928346554977
P15546,2236.1144722898125
P15547,3466.0164599252457
P15548,2824.9034577582497
P15556,1920.345101082015
P15586,2106.6292856738014
P15587,1963.3390954033187
P15588,2396.9059449766337
P15836,6393.898494857257
P15876,984.4627492294426
P15880,2047.4397950694697
P15881,2674.6525238781687
P15883,16402.096567989334
P15948,2782.573763790898
P15949,2015.3720106608832
P15951,2298.8798279113084
P15952,3383.7480978697567
P15956,2148.900619386169
P15964,3071.437288450343
P15966,2989.0790647966073
P15968,2758.2040009083694
P15971,2337.558606366858
P15974,2307.1489169791244
P15976,3244.7519130142664
P15978,3029.034648178267
P15981,2181.9500558913787
P16058,2552.7576776929595
P16059,2497.3601169816047
P16061,70573.66511823762
P16069,1968.3132943596675
P16071,2030.9789954916716
P16072,1079.213759677639
P16073,2704.1033211738895
P16085,2013.232395743103
P16148,1956.0206387484611
P16150,2009.3597809762293
P16152,1951.4367366029212
P16153,3386.0818534855794
P16239,2139.92865390937
P16242,1807.4995864230532
P16370,3342.713217485223
P16379,2834.570370932599
P16389,2144.4202045721186
P16391,3974.4930886778197
P16408,2574.053924448279
P16422,2639.6080856567414
P16434,2798.8079622795512
P16436,2438.140837858112
P16467,1935.8903444576597
P16468,2477.513018867367
P16469,2467.320443511697
P16472,2075.7570472223774
P16476,2609.559573948558
P16477,2627.762423662619
P16478,2786.454057732904
P16480,2619.5832485847855
P16483,2477.291797117438
P16484,2457.822117863739
P16485,2032.1275061699835
P16523,2474.3257814873014
P16568,1929.3918760569793
P16606,1838.3387276162816
P16607,1603.979098509143
P16608,1976.7860192182836
P16659,2525.58174582711
P16667,2797.1753777737936
P16670,3576.4384775219037
P16676,2377.6890911341975
P16677,2463.8294601081916
P16689,3091.17607084991
P16822,2462.995381136126
P16825,3273.968917660239
P16827,2217.542777795706
P16897,2157.7604251167504
P17012,2376.170582695358
P17042,2037.5929763062832
P17124,3661.7635543804367
P17185,2488.371423932135
P17219,3231.778090668708
P17221,2268.8050584108482
P17222,2175.245129076894
P17225,1878.5691953764485
P17235,2806.212773504564
P17490,1738.998858263762
P17494,1463.1444407994532
P17646,2065.1499664585217
P17686,3134.3448176535944
P17688,2794.391662288644
P17690,2700.642822110003
P17691,2918.787630002878
P17692,2230.7485396804377
P17695,2067.30457135107
P17697,2340.3118523499484
P17698,2567.2729989829204
P17771,1554.2835981015091
P17772,1432.5482017024908
P17773,1320.5555896364563
P17876,2231.5033637201946
P17877,3493.5850889847948
P17879,2803.091703377395
P17882,3189.8666054221326
P17884,3188.473925934093
P17886,2403.531602422069
P17888,2083.410008251726
P17890,2082.082926293769
P17892,2052.4749395817853
P17901,2842.1641793963577
P17910,2512.453410145285
P18090,3706.023398655199
P18208,2180.358222532225
P18280,2800.9239721709414
P18313,2109.1593749846083
P18318,2157.270883765739
P18320,2756.613883024155
P18321,2642.1907098876677
P18323,2356.3393096965556
P18327,2135.7827974838765
P18329,934.9862395759172
P18330,1938.82164562029
P18335,1858.509561030167
P18419,1771.57085667625
P18420,2092.725293025554
P18422,1989.4447984239202
P18424,1863.308402813805
P18425,2906.8511415265416
P18448,2363.6698208423177
P18449,2802.481686292114
P18450,2665.2106031695544
P18572,2476.5063734699816
P18573,2509.1819748585776
P18575,2397.065131062557
P18583,2085.6929209790296
P18653,2809.3091348758844
P18699,2568.7316844997363
P18767,2770.806928519665
P18808,3576.0714502812643
P18809,3884.246644326502
P18817,67878.23624998351
P18869,2013.3991484528694
P18949,2271.3666303162845
P18994,16481.39186688287
P19016,3121.4803129730567
P19019,2418.971828277531
P19020,2006.7133677327963
P19065,2194.4606673156372
P19157,1452.5481846463124
P19176,2310.1639002083944
P19179,2671.0720093427385
P19182,2281.3672223849903
P19185,2149.9000951043076
P19188,1817.9221106093275
P19190,1498.8191945042736
P19198,2327.017352362499
P19220,2477.103935977266
P19233,2695.760704959596
P19236,2878.143691264181
P19294,2189.575804830499
P19312,16680.311461995047
P19403,65823.6115135494
P19525,3959.815758624893
P19528,3189.5964165619093
P19610,2576.9203500259223
P20081,2335.161902574871
P20082,2709.062846084793
P20167,1842.9294478674328
P20168,2904.788736598831
P20171,2403.539341627217
P20172,4608.864728901146
P20177,3478.2468136376706
P20193,5836.608448745444
P20194,2503.006786882604
P20195,2353.866189719988
P20196,2000.2929359953955
P20197,2234.270267811091
P20200,2827.923304688495
P20201,2406.320463526823
P20203,1952.5036261608989
P20204,2517.8164379922764
P20206,3789.496915050311
P20208,2357.4220150331603
P20209,2262.953047978832
P20211,3022.2180416567876
P20224,2251.440945239263
P20226,2669.5567559729107
P20227,2668.1792453469616
P20231,3279.553687483159
P20232,2333.2607123784505
P20233,2599.154120083767
P20235,2045.8283016741102
P20238,2131.842052974848
P20278,3335.7654463651384
P20279,2342.682672873937
P20282,1879.7195609517262
P20290,2467.9014894087936
P20297,2415.4673612714614
P20306,3524.923047229871
P20322,1828.427572373673
P20325,2176.347969230144
P20331,3047.721007071269
P20348,2547.6879257597307
P20354,1907.3737847525224
P20356,2422.5177702606647
P20359,1701.559965228089
P20360,1721.1004787883646
P20361,1539.06656238807
P20365,2345.0969564729307
P20366,2108.825785542806
P20370,1899.9345633082485
P20371,1790.8456759768487
P20376,2165.355223200439
P20377,2081.059549818266
P20426,2623.364825146364
P20463,2249.0124449325335
P20575,1937.69147772915
P20581,2559.7501161421183
P20583,2292.7642979717834
P20587,2593.2617474747763
P20591,2526.479782055111
P20631,2111.441010861844
P20650,10568.506702579034
P20675,2721.2727241174075
P20698,2628.273456215616
P20703,2377.5139680168877
P20721,2413.604126482543
P20758,2621.2283342843702
P20779,2797.182745328228
P20810,2309.9703902555093
P20820,2379.340220793552
P20821,1806.955595487059
P20822,2244.713843407028
P20824,1960.733303802845
P20842,2731.3624165627175
P20863,12768.989759903383
P20864,2578.2702178948266
P21043,1935.840870898801
P21045,1502.7807349405439
P21052,1727.4073256141226
P21055,2629.372676143208
P21125,1906.0067467513102
P21411,1515.2827619419902
P21416,1935.9626239892712
P21447,2903.8957097833822
P21448,2044.3903227266344
P21461,72404.00844939744
P21466,2719.8414911088944
P21468,2630.8809009987044
P21503,65130.72692154517
P21549,3273.9694129211007
P21585,2238.349965459498
P21622,2634.509900029806
P21634,2616.3877192646555
P21640,2679.859589348802
P21721,2831.1838357693287
P21725,3722.390350319699
P21726,4990.218454477474
P21727,3281.373680468294
P21734,3248.4521148584813
P21741,2111.1922971371196
P21764,2165.704347867289
P21769,2137.585013826351
P21806,2216.6553639265567
P21904,2064.39832926756
P21906,2363.7593159683656
P21909,2120.351416838352
P21913,1821.7883024083048
P21914,1780.2218475177847
P21917,1787.2359849257975
P21919,2016.6722203027234
P21920,2939.1232878943865
P21925,1739.8562579342183
P21937,2257.5507987042033
P21943,2501.9521439679606
P21945,2299.6054030434643
P21951,3369.6375943440307
P21953,3246.8431431242398
P21954,2382.400442018293
P21965,2650.6891296884
P21968,2731.3839815399747
P21972,2894.608854614258
P21976,2770.8389140148615
P21978,2231.0250624937753
P21980,3198.863685323968
P22010,2062.5877657965593
P22011,3158.0975055766335
P22012,2476.999782744983
P22014,2107.76809549171
P22015,3527.31489965882
P22018,2805.119684681009
P22020,1950.6496256155162
P22021,2498.939662626134
P22024,2150.902390734544
P22027,5773.920447944015
P22028,1944.6683432161192
P22029,1959.5649378856035
P22030,1881.5344619766797
P22031,2278.957432950518
P22033,2667.038866292385
P22037,2308.2798868997747
P22038,2005.91675912174
P22085,2460.8099463432272
P22744,2124.713139161919
P23001,3250.8587099118736
P23142,2250.5887545891924
P23258,4262.7587599866365
P23277,18479.887916496777
P23454,2621.442365980224
P23596,1661.5662605601742
P23622,2440.6355487636506
P23632,3489.2664580003197
P23636,2357.679480936487
P23637,2166.5111392940403
P23728,2629.3968943009495
P23730,2113.7147139541494
P23731,3027.334939860747
P23732,2801.858865173911
P23734,2835.4940881426423
P23740,1354.7466560237592
P23744,2766.7555836575125
P23747,3393.8060576890125
P23748,2127.4373553509263
P23843,3815.719100031036
P23870,1623.093229592413
P23981,3264.9362738645164
P24129,1931.1052073381911
P24130,1903.4961064437086
P24131,1931.1052073381911
P24152,2647.847704205209
P24227,2612.817766609484
P24243,2094.5269020614865
P24244,2074.5225012224487
P24245,2103.8633089400387
P24247,2100.470663055425
P24248,1997.7068251650123
P24249,3437.8142252254493
P24250,3229.5116837865103
P24251,2688.5402370583192
P24252,3021.392651543113
P24254,2385.125368868033
P24255,4642.767035927486
P24256,2058.547942552049
P24258,2611.410489085171
P24259,2394.22041679373
P24261,2450.7555026270948
P24263,3845.0854690889537
P24264,3606.4850982902663
P24265,2198.413307063008
P24268,3346.6003485780566
P24269,3333.9305470030417
P24270,2967.9689696133587
P24271,2953.7311153406304
P24273,2879.9692695989693
P24274,3302.4825224858637
P24275,3238.40367325535
P24372,1666.689047787947
P24380,3354.4546502465273
P24383,2428.641649121187
P24420,2543.41525361603
P24454,3008.744537930454
P24466,16512.600204635826
P24732,65388.066935387695
P25331,2475.449389630884
P25333,3475.9495323518745
P25509,1469.4118901005734
P25510,6842.003643610403
P25511,1388.4226948669777
P25553,1837.7806479293022
P25558,2760.0165825767285
P25563,9041.914587988778
P25576,11742.336732553653
P25689,3073.5311427500646
P25951,2240.598042607207
P26022,3722.7216451357817
P26202,2061.9861131966677
P26522,2806.591793001155
P26524,2570.161344375104
P26537,2142.6759320217297
P26538,2098.453123374895
P26539,2025.3970431106682
P26541,1999.8792671301926
P26605,1354.5950473989217
P26640,6529.809386949391
P26679,2664.2281607044806
P26688,4043.7881400704696
P26731,2315.913427444037
P26736,2639.965937855997
P26754,3900.9985641735
P26758,2306.8049905874323
P26798,2434.794196306646
P26855,3391.728358014511
P26929,1997.2531684668618
P27290,2365.365852375486
P27291,2321.2853229611474
P27292,2309.7172756559994
P27293,2146.1022359883887
P27294,2336.3881431047585
P27297,2889.641021366761
P27298,2355.3705201146045
P27301,2322.8670387912657
P27302,2174.813709740683
P27305,2324.5270791884636
P27397,2129.8366734368524
P27419,2512.2933558768386
P27440,1931.147388206759
P27441,3782.8610860848057
P27443,2263.7089794363305
P27499,2068.647570832348
P27501,3339.4240197793406
P27502,2333.1312626750746
P27503,2329.20742450595
P27506,2649.724592044199
P27507,3091.9093569934316
P27509,2723.882025237519
P27510,2943.817022207938
P27512,3272.7339776672266
P27515,3100.9896399774743
P27520,2183.2757421922847
P27522,2466.568678778663
P27539,2498.960632910303
P27540,3002.38898081197
P27542,3153.3441090980255
P27543,2674.9987878025177
P27546,2278.8413069913286
P27548,2301.198244327691
P27549,2766.019500734806
P27551,2896.08980373394
P27554,2967.559666343082
P27557,2357.217571999234
P27558,2492.6482743606857
P27559,2272.808038186579
P27562,2502.4068582060286
P27563,2289.1289730381945
P27564,2282.93555013984
P27575,2488.0075680106947
P27576,2491.2912852816667
P27579,1880.5318882318363
P27583,2402.2938099892804
P27584,4946.895861833018
P27585,2373.513811694953
P27589,2052.6320017808757
P27597,2358.2710712120243
P27599,2412.4814603363156
P27601,2595.899797889112
P27602,2357.6867931145566
P27604,2354.4555115607563
P27605,2392.1785080213363
P27606,2611.268327550212
P27610,3099.623753588549
P27611,2422.8085312560233
P27613,2628.400995660765
P27614,2794.799340304414
P27615,3008.168962934612
P27617,3394.6137145866337
P27618,2742.441823231866
P27622,2383.724727679474
P27625,2350.4524069937806
P27626,2026.195338649982
P27629,3069.2566934320857
P27630,2606.8002213218383
P27652,2314.7610829740256
P27683,3293.7491309884444
P27809,2003.8077024473546
P27824,3704.67607660479
P27826,2047.7284034198753
P27830,2032.5228073979993
P27831,2030.4139846000837
P27832,1965.2195702797264
P27837,2918.2429721877857
P28449,1988.941057643061
P28450,2011.013524747864
P28452,1889.1572225286018
P28454,2584.9077206763864
P28455,3327.2784220707167
P28456,2250.871505108094
P28457,3207.2337142797965
P28458,2121.5300703874364
P28460,2494.750604900702
P28470,2310.1493608341634
P28471,1848.1420781516658
P28474,2206.1489248876096
P28475,2710.8623645210605
P28479,3148.9568641013693
P28481,3253.9680941401975
P28486,2205.3490032162917
P28487,4546.653603787699
P28490,2966.9206042099113
P28491,2886.12803603842
P28500,2364.663489016921
P28508,2739.295294283023
P28514,2168.902871688006
P28520,2485.5409142330905
P28522,2339.634151525286
P28524,2353.12643926612
P28528,2492.553588270275
P28530,2046.9056291706697
P28553,2220.7224126149567
P28556,2256.2773523193564
P28557,2594.7821511520933
P28558,2349.2249767023336
P28560,2505.451669028957
P28563,2385.3109776996585
P28574,3697.0740221973565
P28583,2106.68066116088
P28596,3295.7866219922726
P28644,2353.6764640676265
P28691,3335.866523441236
P28703,2309.7048382102234
P28715,2441.6516288917815
P28717,2471.235339514349
P28718,2236.226855510921
P28719,1952.5819655972978
P28733,2196.1835297522234
P28734,1931.637396499827
P28744,1772.290096594661
P28745,1942.9610412911156
P28746,2138.194039448222
P28812,2665.958584368785
P28813,2844.087948714744
P28815,1936.3613614680576
P28820,1933.5944956345925
P28821,1876.2501508664336
P28822,3507.0453581779066
P28824,2749.196402964873
P28826,3297.136602541692
P28828,2164.3964943807537
P28829,2727.5370720123465
P28830,2659.450962309044
P28831,2018.1659919685396
P28846,2220.4351636669016
P28847,2908.667020371224
P28850,2492.107407562602
P28851,2438.0497384447644
P28852,2939.262844209066
P28853,1831.6765189181426
P28855,2950.3615354024564
P28856,2324.7483123970856
P28858,2225.8079232098416
P28860,2250.4769021455104
P28956,2933.7020340363515
P28960,7584.418503126968
P28964,2847.61162058376
P28966,2561.636886684577
P28967,2578.919581533156
P28968,2473.914183675714
P28969,3059.65915554387
P29036,2186.6555615498373
P29044,2205.2715166061785
P29046,2577.460047819462
P29049,2095.7623596202316
P29052,2298.045149447474
P29060,2488.783016484728
P29061,2137.7927475613724
P29068,2011.9329323509887
P29069,3106.4260897361014
P29070,3120.621655410069
P29071,2126.7571864698148
P29072,2526.6660183915797
P29075,2093.9019157564894
P29076,2093.9019157564894
P29077,1772.3725573091922
P29078,1922.8700834206575
P29079,2934.1846549653524
P29080,3474.4094243465415
P29081,2887.218317731331
P29082,2184.9083539322355
P29084,2284.59405114715
P29086,2061.3618695896453
P29088,1967.3088140758096
P29089,1963.9816462689887
P29090,2230.1595225917504
P29092,1856.086209904514
P29093,3362.7270419439324
P29094,2374.549588279663
P29095,3555.5946558794203
P29098,2917.2582841246194
P29099,7227.473829702009
P29102,2989.9666645967955
P29103,2926.8211331509815
P29108,2721.2136833594454
P29111,20568.179855135997
P29154,2595.64527345359
P29156,2306.0014150273264
P29157,2407.770987991444
P29158,2331.225775560337
P29160,2846.9458771768454
P29161,2205.803902597528
P29162,2366.23871663618
P29163,2202.128938057031
P29164,2470.864562326108
P29165,2205.803902597528
P29166,2475.615166351627
P29167,2211.004107524112
P29168,2100.208424635533
P29169,2208.48875750397
P29170,2297.595846444574
P29171,2293.242202339348
P29174,2373.800357703643
P29175,2575.7303001057358
P29177,2204.654354854045
P29178,2224.57433470369
P29179,2074.6369469904644
P29182,3225.075151557111
P29185,2094.171956444586
P29186,3085.7469913108343
P29187,2210.957643935764
P29188,1992.8878283876352
P29189,1937.8035242649453
P29191,2292.6075740533474
P29194,2402.2314358568888
P29195,1941.6689241205884
P29222,2584.842907953737
P29223,2215.8754664696844
P29226,2246.962119984823
P29227,2061.3610935016704
P29228,2268.064654923549
P29229,2345.797732158066
P29326,2578.767600645982
P29338,3079.72707745077
P29339,3215.534173567818
P29340,3323.8591134409735
P29342,2560.2956500723467
P29343,2378.0510274174967
P29347,2557.5270522696
P29391,2793.0511823469924
P29395,2197.6636764536734
P29396,2148.594955442736
P29397,2470.0054742442576
P29398,2694.1232380103756
P29399,213296.09239286114
P29402,2215.8936355419805
P29405,5552.281115333784
P29406,1880.0822023135352
P29407,2662.26557426979
P29408,2186.938959782417
P29409,2221.8276912669453
P29410,2508.758822723356
P29425,2036.9364540804397
P29427,2940.5967020418957
P29428,3417.3885665357884
P29429,146592.53809996697
P29430,3355.1468222389467
P29431,3076.498424819857
P29433,2690.382288707684
P29434,2621.631973989967
P29435,2572.4208812633383
P29436,3266.1773273517624
P29437,2477.1259733447578
P29438,2820.674329691246
P29441,2520.904528355132
P29442,83591.97989364888
P29445,2451.816604085356
P29450,2968.1343466689214
P29458,2257.524956946428
P29459,2705.537105247722
P29460,2191.8632124543856
P29473,2970.9884574655407
P29474,2845.141192371262
P29475,56382.98482253288
P29477,3513.6352295106803
P29478,2408.848158867304
P29481,2883.9397492950616
P29486,6360.852643256172
P29487,2792.9584920101597
P29489,4173.425765679701
P29491,2935.163100874115
P29492,2404.150187434834
P29493,1955.1571447493154
P29494,3903.0309649385135
P29497,8179.218341962786
P29498,133588.96003236345
P29499,2817.8785085662116
P29502,2678.4324544137085
P29503,2735.961500159972
P29506,2259.4716231056505
P29509,2860.351231990192
P29510,1572.1347536690432
P29511,1631.4803077850497
P29512,2726.198707014822
P29514,1631.4803077850497
P29515,1034.1060003256484
P29517,2541.6319240259973
P29518,2510.551246872858
P29519,2571.5414847884963
P29522,2250.735368895746
P29523,2838.3803945980717
P29528,2745.1081991279816
P29529,2694.9039821757297
P29531,2196.4280127863967
P29532,3530.125017389116
P29533,1930.9328498912407
P29534,2920.640513147348
P29536,2999.9146684449506
P29537,2166.509859831536
P29538,4139.400650388938
P29539,2431.485294951079
P29540,3871.0289638147615
P29542,1941.2024587709802
P29544,2592.9035626035584
P29546,2379.506457996506
P29547,2276.8770278772304
P29548,2231.080588186498
P29549,2166.627141253402
P29550,2308.4950465895668
P29551,2708.7628467784157
P29554,2852.2348132779034
P29556,3361.49161727624
P29557,4294.122036586826
P29559,2866.0591493339925
P29562,2337.200743885517
P29563,3449.6342521622755
P29564,2871.5150001877537
P29566,2074.624420717816
P29567,2271.1483645723138
P29568,2628.689596605189
P29590,2047.3506420545552
P29598,2055.392769381354
P29600,3466.4920376168093
P29604,3100.9151728303705
P29647,2096.3599220957813
P29659,2632.371500897799
P29671,2815.184238953614
P29673,2419.8757665560356
P29676,2866.974617039532
P29690,2539.590048720222
P29698,2746.3230146848045
P29699,2548.5264407314776
P29701,2356.3962345824443
P29756,2483.1924749696295
P29794,2822.0674412582034
P29795,2968.2887897715873
P29796,3069.2129519702034
P29820,2501.453229851458
P29822,2452.5013686937464
P29842,2813.984295681089
P29851,2692.121229253896
P29853,2723.2181467361024
P29856,2392.076050389428
P29862,4080.5784916296675
P29925,16997.545906575182
P30010,2541.3584837342437
P30024,2638.2309417406527
P30034,2352.383389342992
P30035,2378.5761569202195
P30042,2323.8361816617944
P30046,2122.317660578644
P30050,2149.1499763882452
P30052,2002.607396009245
P30053,2200.5435448665503
P30085,2311.5111386973867
P30086,2364.0388051245004
P30089,2149.550515973624
P30090,2134.593242158673
P30092,2367.0869325328167
P30093,2338.290378875862
P30094,2983.5696279969784
P30095,2268.5954401115555
P30097,2354.612097645861
P30100,3099.021015308196
P30101,2408.3541336004655
P30103,2509.25186602118
P30104,3017.4303404087796
P30105,2340.524881465073
P30107,2167.8181305006037
P30108,2504.0668115406825
P30109,1985.862927407951
P30112,1913.393246627055
P30114,2798.689811137052
P30116,2174.3687503654583
P30117,3833.7202213209293
P30118,2153.835154707438
P30121,2241.810753632189
P30133,2368.8909724383316
P30134,2560.2376152121924
P30135,2671.5676003187727
P30136,2284.7087762344086
P30138,2216.61303865181
P30146,2822.5151494132333
P30149,2604.2713808120297
P30150,3697.241637127381
P30152,2532.2216348421657
P30154,2349.6387476652303
P30155,3384.3255632391233
P30156,2253.4036215513042
P30158,3056.447549042559
P30160,2051.4933994186454
P30161,2712.488383407493
P30162,2722.211835543397
P30164,2419.264936931791
P30166,2977.8609996993673
P30167,2521.108596660321
P30168,92659.89835685302
P30169,3048.6313802807626
P30170,3225.6722493535653
P30173,2532.575007017402
P30174,3769.865365684138
P30175,4345.534280539594
P30176,3037.5108491563374
P30178,2944.802313893703
P30180,2520.1651860693937
P30181,2382.3403792091435
P30182,2637.434105966045
P30185,2181.645966464209
P30186,2468.807016250824
P30187,2208.2554650392767
P30189,2362.700339261688
P30191,2571.4339170163585
P30192,7351.516949138381
P30193,3308.965920753459
P30195,2456.248374831324
P30198,2353.9985210329833
P30199,2111.809694779201
P30200,2533.9391607203493
P30201,2531.3752432282777
P30203,2300.3444008235633
P30204,2429.3501783108577
P30205,2531.012862187594
P30207,4940.2135947893785
P30249,1854.0630667333005
P30250,2291.409044662675
P30269,2268.025807152838
P30270,2089.05247161706
P30271,2229.7082201897815
P30273,2104.840066507382
P30274,2063.6022839290904
P30275,2504.4149413222094
P30277,2895.1647718986114
P30278,3409.176379560246
P30285,6540.442880367325
P30287,2072.6953536864626
P30288,1843.5194105794747
P30289,1778.5560029654284
P30290,1945.6918017872229
P30292,1935.987723337096
P30399,2383.021889770932
P30400,2681.956234846493
P30402,7280.674540932255
P30403,2287.603466784474
P30404,2576.262590774751
P30405,2043.8011991485296
P30406,2432.199461025017
P30408,2038.7502321527045
P30409,3519.245106857663
P30410,2758.116491178617
P30411,2905.890723522078
P30412,2653.1287850455137
P30414,2159.5997908398267
P30416,2701.6887194303804
P30418,3057.4379158437305
P30420,2312.45555828389
P30424,3543.590800381951
P30425,4034.9256272362545
P30426,2451.681641634255
P30429,3082.435373548025
P30431,4364.398182079528
P30432,2970.3590620067966
P30433,2852.4706528502243
P30434,3126.7525789246047
P30437,2540.6435938311506
P30438,2348.5086885531505
P30439,2644.8200564372078
P30440,2637.073896462264
P30441,2676.256181846578
P30442,2617.6826398426174
P30443,2371.118135107201
P30445,4336.981422587273
P30449,3024.5923922423704
P30451,2259.274909041443
P30452,2358.1378928790486
P30454,1989.6067311042307
P30455,2286.702399969579
P30458,2863.6463064338095
P30459,2325.929288891545
P30460,2228.2496909312654
P30463,2017.960633224794
P30464,1851.909867800313
P30468,1864.7615916042353
P30473,2487.469402683928
P30478,2288.1576907518506
P30479,2271.9878815013817
P30482,2529.7961727814873
P30483,2652.1100689123737
P30484,2704.171786472081
P30489,2620.8394744393017
P30495,1772.531731538405
P30496,1788.869395878671
P30497,1942.394374971159
P30499,1944.9187485353668
P30502,2305.5667354676057
P30503,2829.3383112504425
P30505,2519.036275535887
P30514,3655.998078495557
P30515,3024.2975066239733
P30516,2307.3146064139355
P30517,2461.794654604169
P30518,3347.2613538135374
P30519,3023.531737619377
P30520,2320.1466562443356
P30522,2817.829731442976
P30523,2220.1915257882074
P30525,2220.1915257882074
P30527,2407.988969810102
P30528,2415.753209717791
P30531,2658.0051338835838
P30532,3040.167612121351
P30533,2529.4120759219177
P30534,2181.091215572138
P30537,2458.467458214542
P30545,3049.680284021399
P30571,2613.0926420319315
P30639,2872.965913203591
P30643,2380.382921020733
P30666,2410.1733594581024
P30679,2491.3133261031094
P30681,2466.530264391789
P30684,2472.1122119861725
P30691,2290.583186659594
P30692,2359.9428496371434
P30706,2388.936901406452
P30709,3254.681047479642
P30715,2512.196577622954
P30717,2258.4284542459786
P30758,2476.508908469648
P30842,2711.7269136568043
P30870,2993.1304630999293
P30872,3047.2910786483426
P30912,2436.956011781841
P31067,2998.3262303083266
P31077,1893.9902158930552
P31123,3125.0801505772156
P31229,2670.5695814808582
P31230,2195.1016090237
P31232,2783.9141258985082
P31329,3497.8718746428035
P31345,2101.5475268317778
P31347,2451.6208796078477
P31461,2724.6952917732146
P31464,3433.4138652812508
P31466,2729.1080975394552
P31513,16538.34418574324
P31591,2664.4557044689395
P31598,2877.902675707635
P31614,3111.3834740059992
P31618,2467.29047503328
P31652,3068.9140049812772
P31691,14253.005599803406
P31692,19307.181632755404
P31713,2636.8344578148544
P31720,1933.053755034663
P31721,2480.320906537376
P31785,17198.268262169404
P31806,1923.8114194234267
P31851,2828.4847269485044
P31998,59758.72441386467
P32151,2159.958889469208
P32196,17429.543339138254
P32219,2354.882453765659
P32229,2625.0642131162003
P32250,20437.543661435353
P32255,18903.395163783633
P32320,2525.38372861712
P32955,2083.3169611520602
P33551,2412.7363870490713
P33588,2387.229063560942
P33754,1926.7917386885679
P33890,1977.4889643754755
P33891,1714.3506647205256
P33939,19754.723963182158
P34122,2622.3647802095365
P34204,2319.400587926967
P34300,2964.291709799203
P34301,3223.3336076322316
P34303,2588.7035963341355
P34304,2453.3143602311065
P34305,2693.4177357597414
P34306,2926.5166768130653
P34307,3059.702852296065
P34309,3148.865953777121
P34310,2871.160390716401
P34312,3187.526277858938
P34313,2933.2776773741334
P34315,3333.8749919998604
P34317,2718.670149506473
P34318,2632.767118846199
P34319,2839.7018436026715
P34320,2756.6346773690793
P34321,2404.6263066742704
P34324,3338.8683855546883
P34326,3221.435861769989
P34327,2751.3496070149868
P34332,3852.5687868026307
P34333,2265.1630334459433
P34334,3230.1600625256906
P34335,2832.576187121356
P34337,2532.1194283668588
P34338,2663.3540456061173
P34339,2318.4624179859484
P34340,3234.4482380958048
P34341,2272.8751292332545
P34342,2967.000043035221
P34344,2963.39137735859
P34345,2256.7110725373927
P34347,2320.4789094939524
P34348,2311.845893992291
P34350,2775.131245358661
P34351,2554.9873397153165
P34352,2324.337811182693
P34373,3462.490663969936
P34374,4284.5260934694215
P34375,2697.478163725708
P34381,6543.034080633534
P34388,2974.076779153983
P34389,2862.341383675509
P34390,2850.255383186532
P34392,2127.9203714378277
P34451,3950.755935948388
P34470,2745.7168603565756
P34473,3127.7678033599755
P34475,3037.176543511769
P34545,4909.458140638615
P34548,2548.765038245162
P34578,2229.788007587241
P34664,2573.362772451217
P34722,2851.2286499823326
P34892,2879.579743916708
P34894,2364.5412790765467
P35464,60897.84593516513
P35694,2260.7878564431735
P36063,2089.6834392492256
P36072,1340.4324201679142
P36075,2042.1264214858263
P36077,1345.805224183105
P36105,2298.7211939076915
P36106,3533.194151165866
P36115,3365.623006519375
P36119,3271.977353707227
P36327,2592.381600130916
P36414,3237.1240513221355
P36415,2584.399822760123
P36416,2571.980599349119
P36419,3371.8883108994646
P36421,2460.966546082768
P36422,3728.683154719508
P36423,2486.9990272661266
P36425,2723.4205729505466
P36454,1798.4755806607475
P36619,2388.8988772814896
P36772,2118.2273574385404
P36829,1993.552832720587
P36835,2035.7573940862126
P36838,2051.302645482231
P36863,1622.0933646869219
P36896,2488.7093374598435
P36898,38305.67992090785
P36899,2164.1711350960677
P37112,2896.536637965357
P37115,3624.3069612042923
P37118,3162.992173541096
P37141,2835.1040036060385
P37145,2775.6154004725045
P37157,2802.3988728682266
P37421,2632.22396470365
P37422,2526.7511020448133
P37423,2364.451200094036
P37425,2426.8916303470655
P37426,2424.8829908177713
P37427,2535.0861980385293
P37428,2982.320541600593
P37697,2196.109933750123
P38347,1830.40854380794
P38411,1212.889391276067
P38454,2827.832782255155
P38456,2619.840355019408
P38457,88646.35588185879
P38458,2760.7003613988622
P38459,2967.9652356877627
P38460,4172.852002162848
P38462,2748.732007705024
P38467,1893.7753726154392
P38468,2741.009256227614
P38472,2499.1589652869807
P38537,2317.3163234317667
P38567,2708.429182548972
P38709,2202.166505410943
P38711,2032.6034897273282
P38712,1955.4164114230962
P38713,2534.5071493379633
P38714,1944.565898182068
P38715,2222.555723824877
P38718,2135.5166954410197
P38720,1910.644420373596
P38722,1921.6900813039979
P38723,2157.4288107374555
P38727,1842.4998566060074
P38729,1721.9081893446123
P38733,1561.8064855510083
P38734,1882.1294026430608
P38735,1584.5309922420715
P38737,2694.263686496156
P38740,2344.8238674615523
P38741,2282.271529758424
P38744,2213.5535812657067
P38745,60800.12896273448
P38753,2274.3265299696513
P38754,2236.3053791989096
P38755,2416.0435981664527
P38757,1858.9845174294198
P38759,1689.1490082614002
P38762,1827.876833050087
P38766,2167.818547481114
P38767,3197.5105143657374
P38768,2441.46174890879
P38770,2423.8521081901345
P38778,2072.0904184370156
P38779,2071.167082269144
P38780,2978.489257586313
P38783,2192.1539863938774
P38853,4269.7153675484
P38854,2577.0267239205996
P38855,2562.7075982189403
P38903,2633.219791835994
P38906,2879.367918889661
P38929,2570.7180771879125
P38930,86176.26576120574
P38932,2615.6641973183964
P38933,2701.9062246933445
P38936,2601.4961466327513
P38937,2943.100750209996
P38942,3201.6992969752914
P38943,3841.7769799095076
P38944,3056.618611352245
P38945,3403.33900769034
P38947,2896.2510681031918
P38949,2866.2561906318206
P38950,52681.15319798082
P38952,2778.8485846236986
P38953,3015.7591399329626
P38955,3139.979108814662
P38956,3269.781678820804
P38958,2556.862467997933
P38959,2419.4019122453005
P38962,2766.479249645834
P38963,2510.427576202723
P38965,2078.489254971736
P38969,2226.8807041960217
P38971,1860.6042200590236
P38973,2626.757075211419
P38975,5133.693335484819
P38977,65288.94024485863
P38978,3499.1477667091112
P38981,2172.481394687762
P38982,2718.706162878788
P38985,1892.838092307579
P38989,5259.320039440797
P38990,2044.3966904392098
P39001,2633.2120406326967
P39059,1554.5478124341012
P39157,2551.883564767406
P39310,2242.114822840969
P39311,2376.342086571546
P39313,84827.43134806087
P39314,3089.9836354975096
P39316,1983.238478092173
P39317,86821.07159184723
P39318,73725.16484223642
P39319,204834.39566314945
P39420,2316.4032457860017
P39421,3075.5131770674693
P39422,2829.451962806577
P39424,2848.197018387725
P39425,2676.4304660378016
P39426,2435.308007759975
P39427,2438.8283691174024
P39428,2417.727252513865
P39429,2281.87533184272
P39432,2405.145977804875
P39433,2717.0035865097
P39434,94798.99034281548
P39435,2828.1792872576857
P39436,83130.06264519946
P39440,88612.23005397146
P39443,2313.8995084135877
P39444,87527.08444574838
P39447,2736.1296503889703
P39448,3231.060644761124
P39461,2563.8534726801613
P39463,3104.64967081919
P39464,79981.88691452406
P39467,2394.311130385291
P39468,2273.950150752882
P39469,4046.456166429113
P39470,4014.06587189818
P39472,87474.61101478968
P39473,2117.0529889453537
P39474,2603.5909350414527
P39475,2587.5893251801654
P39476,2080.219863360258
P39477,2517.9399566197512
P39478,2372.793215508977
P39479,2469.26543393912
P39480,2331.0800328115433
P39481,7101.862875808918
P39482,2042.7264693305485
P39496,2399.4872655497506
P39498,2647.6630164056446
P39499,2489.195254951052
P39500,2414.5479822584675
P39502,3159.370277937584
P39506,2280.1322026253706
P39507,2531.8193202906823
P39509,2367.622355069888
P39511,2531.381271498862
P39587,2187.4222339228336
P39595,2592.8007385441383
P39605,2556.0380219216804
P39826,2455.368103512477
P39991,2315.922729096918
P39993,2571.5042297388136
P40009,2648.83677533645
P40042,14637.804042302798
P40102,2648.4483276420788
P40452,2575.216058984352
P40455,2570.9792955089274
P40456,2512.2990555985853
P40458,2314.973777456041
P40503,2274.392480394963
P40509,2157.347440934929
P40526,2666.7526000477033
P40527,2682.4948318351767
P40528,2475.5300050925425
P40530,2625.7672651392277
P40531,7771.268234345113
P40532,2789.2629135544294
P40533,2743.883126121459
P40534,2599.9995497834793
P40537,2397.08473122533
P40538,6867.226979013744
P40539,2725.5987971935647
P40541,2341.1320172389874
P40552,2157.347440934929
P40553,1826.2752957966893
P40567,2216.356309580895
P40568,2070.4739603743924
P40569,2023.008584851349
P40571,2531.5987275230113
P40573,2584.5238772992757
P40574,2416.28811168816
P40575,1929.6527263464695
P40576,2529.934316274362
P40578,2686.8185146186793
P40579,2019.2933944757124
P40692,2492.847128179228
P40794,1764.5146041832077
P40841,2012.612471154703
P40883,2343.4435702760475
P41060,17210.21687376732
P41457,2988.582807737787
P41471,2598.2780063532505
P41549,35636.66423797807
P41550,45906.17238221266
P41579,43787.52616448007
P41806,6277.460408217221
P41899,2958.622261373336
P42005,33947.8828797433
P42049,2612.809983579025
P42265,2022.6231652339836
P42266,2693.1485513323955
P42269,3770.046225230946
P42270,2427.7346413957393
P42271,2881.6220511911847
P42272,2424.7368265001182
P42273,3033.22224050843
P42274,3016.014292122515
P42275,2083.936401912947
P42277,2451.8061647768077
P42278,2388.80792103762
P42279,2905.834121235661
P42280,2920.2882951221186
P42281,2430.203668631141
P42283,2363.4099113978327
P42284,3247.7003704080225
P42285,2010.2053283636603
P42286,2432.3773942189505
P42287,2344.751335673487
P42288,2362.0070019472932
P42289,2114.7187026579263
P42290,2865.3566965286022
P42291,2611.497959072614
P42292,2170.5543401927985
P42294,2015.8199298094305
P42295,2269.3071786196183
P42308,1927.1432383782703
P42313,2186.884821225337
P42355,2190.5155211831297
P42356,3650.76757175337
P42357,2319.7818856862227
P42358,3602.261782203704
P42359,2186.659221685134
P42360,3273.8270956821466
P42361,3124.501403927464
P42364,2211.8174538231992
P42366,3589.211894047775
P42367,2201.975842363966
P42368,2705.1195778766587
P42369,2330.395019053755
P42370,2831.214529012624
P42372,2301.1464693281237
P42376,2319.815540000327
P42377,2393.838619672091
P42378,2370.355247181933
P42380,3079.353495777645
P42381,2652.8857818165916
P42384,4299.023654261853
P42387,3363.2465669709904
P42389,3705.792025273623
P42390,2881.8299947645946
P42391,2936.2265031537763
P42392,2170.250792734824
P42402,2355.741957735458
P42404,2245.548623217001
P42405,2369.949455396925
P42406,2337.1946762433336
P42408,2309.081496785118
P42409,1883.6242985751185
P42410,3154.989496057222
P42411,2188.284499594319
P42412,2959.982685684439
P42413,2098.0074352268775
P42414,2337.2037689492745
P42416,2358.7671050872837
P42417,2679.67074271041
P42419,2342.739720762733
P42420,2438.653695269013
P42421,2340.81544722788
P42427,2706.1466690291936
P42429,3287.4197820454388
P42431,2318.037005411465
P42433,1872.0212816852154
P42438,2166.828479464117
P42440,2154.2515329933653
P42441,2402.1440467535476
P42447,2775.560928436518
P42451,2717.2136004709896
P42452,2009.9202186767657
P42453,2058.936767801661
P42457,2058.936767801661
P42462,2226.6165379994063
P42465,2211.565943500168
P42466,2304.9930371450623
P42468,2419.2745631490875
P42469,2103.9293772126975
P42471,1990.108137697486
P42472,2385.4066670572524
P42473,2422.204279386796
P42475,2376.087028845121
P42479,2797.0369352798434
P42483,2275.6024095854837
P42484,2659.628109533824
P42485,2727.6052267013706
P42492,3083.235451535325
P42494,2424.549671818412
P42495,2399.821051001655
P42496,4463.040391261921
P42497,3001.6137292136414
P42498,2381.638241492336
P42499,2740.868354227346
P42500,3074.683385941456
P42501,2811.3974960570104
P42502,3521.3002515050052
P42504,2989.8963377996565
P42505,2456.783601429328
P42506,2716.5122846925956
P42509,2481.4528105760655
P42510,2974.7799391781623
P42515,1965.2402578972478
P42518,2899.606420799137
P42519,2873.9752114597254
P42520,2758.830908882938
P42522,2851.684788622412
P42525,2404.7592836284402
P42526,3193.919737757436
P42527,2642.4296451068335
P42529,2602.3455613622136
P42534,2509.906005016638
P42535,2706.0932463619706
P42539,2912.8479392417203
P42541,2949.174644011828
P42542,2280.5708236020646
P42544,2796.4493044446817
P42546,2784.9390205928144
P42547,2416.3408252640725
P42548,2608.363323179633
P42549,2871.857968951903
P42551,2664.672510501491
P42552,3268.9878666512195
P42555,2793.114649043586
P42557,2578.0228503126978
P42563,4874.639106000415
P42564,2631.4748245721557
P42565,2494.0654409156327
P42566,2496.0776280446316
P42567,2663.2971962651136
P42568,2494.0654409156327
P42569,2525.232028396166
P42572,2613.632531527225
P42573,3473.3980221891475
P42574,3290.626822814198
P42626,3294.2058916143083
P42812,2577.878326083843
P42853,3073.447304033145
P42913,1656.4386337015787
P43183,1854.7990853570902
P43184,32081.505319831012
P43213,56992.18849120279
P43536,2276.61991871963
P43540,2159.7841957390615
P43595,17811.97175901029
P43745,5189.089064412941
P43779,4832.84073425718
P43821,2579.755859155789
P43887,7640.397674418796
P43888,2363.662017523383
P43908,1981.050744196143
P43981,3170.5780898669423
P43995,6089.002172165753
P01015,2530.505921645663
P01017,2462.4230062663974
P01070,3155.131381591859
P01074,2484.0132699302103
P01084,2201.398953415943
P01107,2711.87812552462
P01184,2749.6352659374033
P01188,3226.3554207921597
P01236,3183.7828160490926
P01252,2850.7464860386413
P01302,3194.6660219144137
P01341,2595.5745157089327
P01371,2594.979216351428
P01413,1216.6914987712626
P01414,1186.0699040366196
P01416,2144.906379150049
P01435,3488.8404872580677
P01442,3209.0261068098994
P01479,3303.9011204351123
P01484,2235.101619439934
P01517,2192.786449948836
P01537,5465.337510650237
P01546,3075.545224180019
P01548,2760.8229413853223
P01579,3274.5158994914923
P01598,3209.383577821567
P01666,3931.4554263693785
P01686,2624.752796667918
P01705,3041.7612165686533
P01708,3300.0313265685763
P01727,2656.2492388820083
P01742,2528.404027164496
P01745,2364.8105876685445
P01746,3610.544467567875
P01769,2870.919305524076
P01797,5431.551378465371
P01823,2298.738790773527
P01826,2543.5472464573295
P01840,6148.542754168383
P01842,6249.3251828971615
P01852,3713.244789164471
P01913,2873.213288934242
P01927,2570.579148213856
P01937,3246.5614065244395
P01940,1922.9115132182549
P01951,4585.287164658329
P01960,4771.639164645776
P01976,9380.602943897155
P01990,2271.3352542717703
P02066,2761.3377907225863
P02088,2376.3867870953036
P02158,3764.485983556062
P02211,3167.733024432514
P02212,3020.8735539428894
P02230,3216.7082345977933
P02248,2986.0194194493997
P02290,5759.38333234037
P02296,2543.689924817396
P02328,1180.965254530152
P02368,2603.6576628602074
P02413,3705.3816761541148
P02414,2803.493843725755
P02415,3028.7512605699726
P02429,2414.5462938456853
P02491,2342.3365895205325
P02531,3748.7974381165955
P02595,2419.605717190848
P02681,3587.510836110615
P02694,2598.6079865794572
P02696,2581.247375590015
P02698,2657.819195993083
P02704,2811.3264015788777
P02711,2868.443431279602
P02766,2436.756783548333
P02784,2944.9738208644153
P02785,2969.68534177046
P02836,3158.0607106816847
P02840,2479.620648021779
P02847,2750.6836103784517
P02853,2162.302256004246
P02865,2819.7949633855524
P02881,2641.2306201027304
P02927,1561.8686112748953
P02947,2100.8673072505544
P02994,2685.351623485837
P02996,2226.0955269563947
P03040,2649.168339791577
P03214,2712.0773686027305
P03215,2958.524847436919
P03285,2489.750460694673
P03334,2979.1239267013557
P03341,3133.9746445829232
P03368,3774.8653651862246
P03489,2471.0205955539996
P03494,2062.9937209032732
P03505,2635.8300842792532
P03520,1397.1135027637583
P03523,3099.451045498338
P03576,3409.944180420572
P03598,2298.7665423930903
P03611,2499.1532669907406
P03629,2666.7583406536355
P03644,3395.427076460587
P03647,13690.081817495435
P03649,3534.1960220224405
P03651,2956.4705403856296
P03660,3283.2356016588506
P03666,3191.095300845304
P03668,2698.2566592123635
P03797,3520.6842784999144
P03878,7558.971106506427
P03887,2747.63746260849
P03892,2284.100802863276
P03903,2216.6261664964486
P03914,2446.8668205559243
P03915,3101.154558135504
P03925,2197.0036671284593
P03947,2673.5645357846424
P03966,4002.8233131064735
P03975,4075.988146989379
P03987,4525.861928738452
P03989,5612.964836479851
P04050,4312.468263873524
P04054,3798.232044738656
P04072,3479.21025489766
P04109,1717.5086311675495
P04122,4396.3048873177
P04126,8758.892304682226
P04137,8334.801386771589
P04154,2907.3333382106152
P04188,2621.264840672034
P04211,2922.423303350552
P04216,2249.023695136747
P04218,2268.903927955316
P04220,2201.983987932199
P04263,2617.932347829894
P04276,2244.219808742918
P04338,3433.384802187598
P04347,1400.61803244587
P04355,2496.0203521408052
P04360,1859.477620234379
P04384,15054.202521282306
P04412,2087.80850193234
P04428,2305.5829159452555
P04498,2822.8799670827607
P04501,3390.520478465811
P04538,2447.0530787867624
P04544,2153.4683917287607
P04553,2556.0914050252827
P04694,5272.438285468608
P04742,2011.4956249692557
P04744,1674.7846351121887
P04749,1363.2138934366883
P04832,5586.157715627129
P04884,2288.8855961779436
P05053,2365.00013078406
P05054,2314.571498341006
P05067,2168.392590962585
P05117,1253.0320250465932
P05154,3171.214719211959
P05157,3290.3327623015343
P05158,6131.85725220336
P05203,1990.498545396277
P05227,8571.713618704694
P05231,2116.7537397497354
P05233,2137.720579140144
P05260,3721.8139486009254
P05262,2751.3788191840144
P05272,2301.238728522473
P05275,3202.4084915471935
P05279,3377.68284501189
P05328,2102.4426559840076
P05339,2587.431196957758
P05340,2274.3311440182915
P05346,2407.3116842078794
P05399,2564.3773804894845
P05429,2512.574761381546
P05430,2314.862170109399
P05462,2362.8952772156285
P05468,5369.71510479875
P05533,2169.813827137905
P05591,3346.358260361647
P05633,3040.918706364345
P05656,1679.5415303979707
P05668,2673.1699288226296
P05717,1314.6716896870857
P05740,1575.1416411741288
P05783,3256.870451234773
P05798,2674.968630053535
P05903,2259.4707411654413
P05927,6939.1171064218615
P05942,3353.833464718966
P05952,3657.1541587664706
P05960,3441.547462936285
P05961,11886.335036207367
P05973,3401.0003267266934
P05974,3420.813560277321
P06015,2865.675778112585
P06018,3259.7509155491903
P06024,2986.381914541034
P06040,2719.5639412241685
P06056,2514.9692290655653
P06074,2327.1666554160397
P06082,1910.9174861305746
P06102,3097.648247087604
P06148,8889.132874935276
P06229,4211.724893674485
P06307,2677.374689896377
P06338,2941.1276299665847
P06342,3764.4835037686184
P06349,4240.124820975578
P06350,3106.7479827347647
P06377,7409.339974825823
P06409,3667.128123889766
P06723,3131.268220143421
P06859,2126.571373482336
P06905,2331.851485352875
P07031,32832.0702188952
P07060,2117.5779696127706
P07080,2290.602071387311
P07094,2310.000708037414
P07153,3225.3717443217593
P07157,3096.2015845498067
P07336,7518.020414346375
P07358,2025.0365952382401
P07484,2377.300940762271
P07622,7374.078681055186
P07652,4951.921908823006
P07719,3085.2694122373828
P08043,8565.400314987883
P08149,2684.8239106546253
P08197,3175.347658762665
P08198,6727.3691897937415
P08210,1906.9871331614274
P08262,2419.660862923233
P08274,3133.9434033831044
P08276,3195.0743900805187
P08304,5002.789456224262
P08361,9222.127837492058
P08377,11494.15107563617
P08391,6808.610488278136
P08393,15541.790135404526
P08410,3202.9844030513036
P08451,2130.4311833002066
P08485,2207.726969864937
P08521,2951.775997939128
P08756,40931.0179485728
P08794,2188.8613639298424
P08813,3247.1391090773595
P08827,2221.9191374524194
P08846,2475.9436582959365
P09218,3955.490968920839
P09360,2599.1886988191427
P09394,5404.474734293582
P09476,2724.0252318708226
P09605,3485.379548546965
P09619,3171.1790319806328
P09639,54832.56106432267
P09703,2447.9250121221926
P09814,2201.798819652738
P09816,2590.4834709624374
P09817,2624.78198118609
P09967,2595.41750058448
P09990,2989.202835912534
P09991,3126.368126758757
P10000,30781.192031637645
P10025,2581.940785441877
P10031,3311.57839451943
P10038,4504.063553382099
P10121,76019.59861667866
P10210,9687.425087929872
P10212,9128.103586982548
P10222,9024.984862642308
P10251,3076.977551571056
P10256,3345.6150970412828
P10330,2167.25200862327
P10416,2867.7143778763225
P10418,2683.5197166148373
P10419,2747.4833255181343
P10422,3027.1875563504004
P10424,2810.9660684570285
P10427,3201.6068741097283
P10429,3048.761967394843
P10433,2812.3107527148695
P10436,3282.7261913629595
P10439,65676.106274206
P10440,44212.8260112896
P10441,2658.1218003404106
P10442,44639.442435200006
P10450,3530.357673267603
P10492,9569.050603481148
P10548,2511.503021935396
P10554,2134.5876554098245
P10573,2294.874608673854
P10626,2516.2551944332604
P10627,2982.2946828273666
P10631,2631.6187068332024
P10633,2624.591746009991
P10635,3067.6989514642637
P10638,2683.7445942754116
P10665,2613.3759148504405
P10668,2817.57380846584
P10669,3025.1947460567376
P10677,4069.1528295025246
P10683,4086.9166064624424
P10686,2775.205257757538
P10688,3326.221849615498
P10689,3742.7970444655207
P10696,2838.7399959523
P10698,45085.392220511065
P10700,3002.1488799641693
P10701,3156.826989508359
P10702,3023.287196286374
P10710,3323.2076153050675
P10713,2634.9629918658725
P10727,10834.966295526714
P10728,2915.426857300183
P10729,9237.956089424279
P10733,8419.978255761922
P10737,3131.448200840872
P10739,2951.413958036189
P10740,3073.5351491584765
P10741,2794.9585110374937
P10746,10067.242770036215
P10765,2754.848751046256
P10766,2488.6459772075777
P10770,2639.07569293929
P10771,2599.10059372904
P10772,2445.9710158457888
P10776,2614.471303848391
P10781,2938.4025674156337
P10904,2688.0429297135374
P10910,2838.070764017567
P10995,2464.8569268439505
P11034,3081.37520262114
P11035,2188.579078968355
P11036,2527.632058628691
P11039,2281.3289577159403
P11040,2129.9036839744685
P11041,2371.687991196804
P11047,2326.3972122642867
P11048,2299.8612213858305
P11058,3346.118886892417
P11059,2307.6789523504676
P11061,2211.130234520692
P11069,2971.776829483069
P11074,2483.954786009636
P11109,8128.354922937642
P11130,3679.517509308227
P11132,2182.114773020597
P11146,2174.324542117394
P11234,3162.795173573175
P11238,3419.6620710498705
P11239,2621.2125852144954
P11245,2762.986602401483
P11253,2699.7886631910883
P11254,2729.626472776113
P11294,3309.711324233968
P11295,2735.9820015135656
P11298,2712.0608745701315
P11310,2731.135413302791
P11311,2742.493035772193
P11313,45707.9064337939
P11315,2788.730170463479
P11317,2828.8637492628773
P11319,2849.062400637697
P11320,2702.3055529839394
P11321,2673.0896090204797
P11363,2466.1490935430998
P11430,2279.5566546615596
P11495,2718.3296273643828
P11534,2745.3860768284635
P11757,2504.1798085873106
P11758,2554.9352213137045
P11773,2502.866665082929
P11778,2685.5739530323117
P11781,2793.4975155659226
P11784,3108.2981157107197
P11785,2763.4545024423946
P11795,2627.916834442176
P11817,2614.406288135336
P11855,2655.7954123898985
P11857,2797.381358975217
P11858,2758.2606085107577
P11859,57895.87285130074
P11861,2688.0071194863453
P11866,3056.9175612189347
P11867,4230.319550786975
P12038,2263.195368879942
P12040,2242.7451590072183
P12105,9550.122461522853
P12114,3814.9988158394426
P12120,2734.916595335047
P12175,2334.534400037002
P12235,2863.526725873589
P12319,2448.765429143908
P12387,2375.835109618935
P12388,2546.1556248254806
P12442,61089.371296479614
P12443,62366.54936727564
P12446,46111.51946168843
P12447,56898.664873144044
P12448,95857.80343248064
P12449,2677.008598113859
P12451,2851.160490597465
P12454,2733.6555798741374
P12455,2666.7916981054677
P12456,2666.24435515435
P12458,3044.842708408116
P12467,3709.80232339016
P12470,2842.2009933772188
P12471,2691.7286283229723
P12474,2758.2265590135607
P12475,2697.522203260763
P12476,58213.03480255902
P12477,2820.9573988183934
P12479,2964.6808083763017
P12480,2807.2623448203235
P12481,2697.3087492226778
P12485,2823.8934712483465
P12486,2729.9118336633546
P12489,2792.0827488305767
P12490,3470.6151845581435
P12491,3342.6065058325007
P12492,2186.7449151173137
P12521,2803.3806849142197
P12524,2633.1306187418936
P12526,2659.2955886659997
P12528,2676.183383321015
P12554,2745.722070884338
P12629,2314.8685726310396
P12696,2443.2489940037126
P12722,2469.166809364076
P12746,2651.589712359539
P12893,2319.270250879629
P12934,2681.869184689464
P13095,3360.9037006770827
P13100,2737.544864302696
P13303,2609.88461676889
P13335,13371.506347104041
P13475,2925.1124883706857
P13626,2863.605315005747
P13653,2856.348859597656
P13655,2427.3221054830024
P13669,2559.9614906688544
P13756,2090.5781249917472
P13778,7933.729503904463
P13779,9416.229118860165
P13780,7299.100832881559
P13784,35398.618313777595
P13785,3455.463132579228
P13791,11021.293005859148
P13810,9372.302439837224
P13891,2813.629436704795
P13892,3169.707458734605
P13894,2741.1772670677974
P13895,2808.869774265759
P13900,2856.162100195461
P13917,3090.142776914779
P13922,2233.6112588059214
P13930,2153.1805458062317
P13935,2390.005366019816
P13965,3471.938244469563
P14015,3332.706886187454
P14016,3831.556250808562
P14017,2979.3090839283122
P14100,2415.797138011717
P14305,2604.9519454502965
P14342,2824.9244058061613
P14358,3350.4524182273403
P14444,2137.074863824926
P14445,2301.923646287605
P14449,2304.432909558286
P14454,2241.0418994765546
P14456,2368.250912587205
P14465,2324.521672872355
P14472,2293.4829015839055
P14474,2779.2478634005856
P14551,2258.5351718553743
P14557,2356.0082767642834
P14558,2363.5244524520563
P14561,89562.33416169543
P14574,2221.217703873303
P14579,2118.4076958373453
P14583,2643.3234055756207
P14604,2490.21646579031
P14617,2178.767715718387
P14658,2093.7521092114016
P14660,2431.4163552468867
P14668,2258.9840568123927
P14670,2264.6279746016817
P14671,2125.5402748927336
P14704,2531.3401654091476
P14744,3501.2885061842103
P14836,3458.0388418918183
P14949,2829.341447116314
P14968,2370.048618943254
P15054,2229.528610921444
P15062,2788.6457744881245
P15075,2145.636022516954
P15076,2179.114093422853
P15077,2083.721612130651
P15089,2373.3766168526085
P15092,2329.8642348424073
P15113,1961.7698394702077
P15130,2349.5587981485746
P15164,2665.4269977229546
P15173,2560.273330837086
P15193,2821.6926996338784
P15194,2950.756718077953
P15259,2169.8674547416595
P15262,2299.8819313806216
P15266,2326.586435688658
P15271,2160.721892237585
P15275,2898.7130149482346
P15281,2807.85511410203
P15301,2232.8150858991003
P15303,2123.4302253852957
P15304,2501.381846576355
P15312,2774.3637892685006
P15315,2781.9347325454214
P15316,2722.1768218784036
P15318,2800.4497284317104
P15322,3323.3452219190544
P15323,2957.5049743571517
P15329,2593.7472946314547
P15330,2689.8991513522546
P15331,104246.25604792897
P15332,2859.01456264237
P15334,2752.8258840964936
P15336,49093.40588491479
P15408,2675.979418183005
P15415,2223.702601545813
P15420,2375.198370583897
P15421,2531.3080692223457
P15425,2079.7104877881247
P15435,2706.5349587534297
P15437,2270.7258776913955
P15445,2537.687846702274
P15448,2702.4366817528494
P15508,14856.446170820871
P15510,16229.581837845195
P15533,2606.9275636486686
P15538,2269.692771380099
P15704,2819.634698842325
P15729,2445.7883144462476
P15745,94316.22254931019
P15789,2481.269138730208
P15830,2119.723225665812
P15857,2835.205647748917
P15860,2184.982549774809
P15942,2503.191247606266
P15946,3442.6128062369144
P15950,2313.607899971526
P15965,2083.550784703479
P15969,2299.983581293334
P15973,2539.19861391803
P16079,2394.198222628943
P16155,75728.8080886241
P16156,61012.165975912685
P16157,73079.88009229091
P16160,2709.8415703255237
P16182,2676.3281957319955
P16213,7858.893318555887
P16228,2198.2671271076965
P16355,2195.4116171760234
P16371,2766.6243319912996
P16381,4626.886806499754
P16382,2680.069273592051
P16383,3324.556185259266
P16384,2787.8403897550197
P16387,3445.549701332886
P16388,2755.136034068103
P16390,3183.860619983224
P16429,2777.7411714430104
P16446,3228.765665552499
P16470,2181.38866240002
P16471,2442.332476325602
P16473,2464.2624175527935
P16475,3182.453747758995
P16479,2042.801816297831
P16481,2171.0446532982314
P16513,2869.1135944992147
P16514,2697.62392189623
P16561,2504.0065795827627
P16597,2360.7393320029323
P16598,2185.66580054001
P16615,2644.9856156278997
P16628,2940.961071068069
P16675,2058.4395933557107
P16884,2066.0948407139763
P16892,3046.8749835488397
P17003,2531.2807781335946
P17008,3160.296784362721
P17151,2832.2734128326615
P17152,2819.762006003353
P17180,3098.875180330898
P17220,2556.541944581528
P17224,2181.2611731503225
P17226,4387.632116953463
P17266,2776.0645988572046
P17318,3462.920012934423
P17441,3768.343619188983
P17443,2675.2422383607072
P17450,2715.381592952821
P17497,2380.602786579743
P17506,2990.459426760217
P17515,2861.5422677678007
P17528,2367.455193316434
P17529,2303.723658332507
P17904,2425.5965505708054
P17933,4107.156345312867
P18187,2372.7704703386953
P18265,1782.1098787761932
P18314,2462.3046804611745
P18322,2171.538935458309
P18325,2221.7156864630874
P18334,2305.4807014279277
P18354,2514.7362750970838
P18421,2250.4141749246687
P18435,2799.52353703699
P18505,2621.145578653919
P18588,3266.179624703352
P18593,2204.4753182457334
P18618,2560.760121218076
P18766,3006.949545484726
P18847,2298.147720814757
P18871,2780.583886307107
P19146,2913.5749216567992
P19147,3068.28335396807
P19263,3074.008619672344
P19285,2042.7970073797135
P19372,3378.0479381838063
P19374,2066.7620049200787
P19429,2646.1799212617866
P19688,48302.12267433294
P19689,2761.77683005093
P19692,2688.211347487792
P19705,2683.1796120030854
P19707,2701.172293230165
P19708,2676.735296395968
P19712,2712.868465300943
P20126,3603.3701270385955
P20128,2720.9009101148563
P20133,2699.0704804481306
P20134,2634.371663660384
P20250,3735.670920865851
P20357,2313.989802733294
P20367,2421.9275765348125
P20369,2292.3209538360284
P20375,2443.172752082919
P20419,2280.0650260185257
P20902,2483.9190987023103
P20980,2506.4062437509738
P21063,2521.3802499252643
P21093,2771.4130977948344
P21099,2512.548336648668
P21153,2876.7176922634126
P21188,3273.317583779024
P21190,2845.5671520276555
P21191,2720.226426243391
P21286,2594.193415779395
P21377,2490.364750682898
P21380,3295.927493739228
P21399,2639.3971022520127
P21645,2664.0462421220413
P21647,2600.4995604937913
P21774,2474.9598569739583
P21838,2986.4542594638224
P21870,2426.825663939868
P21899,2877.2225989666504
P21900,2644.8098221233017
P21901,2293.101110297029
P21902,2425.3140359787876
P21903,2349.0870852383446
P21905,2329.587947752619
P21912,3302.9552252596354
P21916,2713.5020213603434
P21918,2365.393529194491
P21922,3855.0035134928476
P21923,3245.428812148952
P21926,2208.7054430095477
P21927,2280.4460609657913
P21957,3005.686444887305
P22034,2510.662594727875
P22656,2716.788201764954
P22658,3022.676122474993
P22673,2678.2963043993627
P22679,2656.887720925024
P22680,3562.7768271177383
P22681,2780.5359895699416
P22683,2705.7894696701505
P22684,2745.770114233241
P22687,3962.9560112136564
P22688,2670.8562265080327
P22897,13298.448628301709
P23151,2708.905711484802
P23154,2522.8248634948873
P23156,3002.2014637853454
P23241,2573.7675170277594
P23261,2614.765102153601
P23328,2580.3918767293667
P23444,3659.947500946162
P23521,3187.3881170538725
P23550,2751.967722581227
P23720,2614.6808932737617
P23733,3347.605713699844
P23839,3764.270452162046
P23861,2613.822179163885
P23931,2307.264072775884
P24016,3222.3220480937457
P24132,2932.101810517615
P24351,2298.3998311863697
P24493,2787.038634183781
P24551,2929.41634244044
P24747,3123.912486978321
P24748,2517.7591994600766
P24758,2744.9987599493
P24789,2236.402224234019
P24831,2800.6760246152394
P24870,2878.5389141878873
P24906,2842.3149095520757
P24911,3235.2208404802927
P24922,3368.4817174236873
P24957,2897.5897271317076
P25015,12809.14114713753
P25074,3142.6181090137657
P25148,2530.041969514997
P25154,2740.7780868172467
P25191,2704.0333340116445
P25225,3059.5319745212573
P25279,2907.4963576740106
P25419,2702.273051703005
P25423,2681.4425569778878
P25425,2705.543601586783
P25426,2695.2012695869944
P25485,3542.673295478847
P25487,3293.1128847534765
P25502,2526.296287649179
P25691,2864.8331822448295
P25693,2840.429890093688
P25979,3066.123622885692
P26047,2565.3212338720946
P26383,3183.916132939808
P26393,2884.2431004586256
P26439,3105.5781318335544
P26461,2091.721176069508
P26540,97900.3435799703
P26574,2552.0300529731935
P26684,3024.5099411311353
P26726,2346.935832208644
P26729,2118.2793390311103
P26732,2343.6036331429377
P26734,2378.9883296028443
P26778,2455.1172125275652
P26807,2629.2116486815307
P26863,2660.5805970843817
P26973,2608.644722727025
P27048,2431.4417823414115
P27153,3312.902846766932
P27174,2979.1529337461297
P27212,2659.4907342134147
P27218,2815.7212191601425
P27229,2248.222810616065
P27241,2628.9249654310347
P27242,2249.4460573405077
P27295,2447.073743913806
P27296,2418.168935720068
P27299,2460.743537082221
P27340,2743.6815832009856
P27410,2520.745944244058
P27414,2604.4260587734407
P27416,2695.5544725024292
P27504,2288.0778164059125
P27508,2488.8936587856742
P27516,3091.487927094535
P27517,3690.176412784171
P27518,3564.9324067399357
P27519,2383.0415001139677
P27523,3617.2311426951387
P27545,2213.48054781798
P27547,2203.7635328886513
P27553,2278.143844987743
P27555,2205.3574884676027
P27560,2795.7719248739663
P27561,2560.5052871471403
P27566,2763.7166536150908
P27577,2212.82904211531
P27580,2719.267262365232
P27586,2214.7696762156656
P27587,2488.1487993334017
P27590,2459.815585906911
P27598,3605.08887563957
P27600,3542.9410639236335
P27607,2522.673518231294
P27609,2460.500984218236
P27620,2330.483732435531
P27627,2414.4049703386736
P27628,2294.637693798752
P27645,9613.480604139784
P27648,2579.2811280494184
P27649,2420.3494521632692
P27723,2933.0317449499785
P27734,3008.643397569919
P27801,2632.279789651461
P28236,30825.543615123417
P28239,3443.5054390999594
P28241,9201.330349511838
P28242,9131.867665953208
P28246,2841.1025549707524
P28253,2811.1906334609575
P28254,2800.4136484709766
P28257,2886.712278922505
P28302,2615.8849981240633
P28303,2323.9472516127794
P28304,2328.2432994148353
P28389,3459.576780296071
P28416,2593.3822942521424
P28472,2371.2206198944777
P28488,3291.21543170008
P28526,2709.4787050048994
P28541,2609.28276521794
P28707,12580.642537393562
P28714,2452.157980185543
P28732,2507.6034767363963
P28740,3310.5542611562214
P28776,2700.317223289458
P28859,2552.274607150968
P28862,3750.1584511857063
P28877,2735.8158556427998
P28878,2714.5292388588787
P28882,3629.97981620322
P28883,2759.50056065366
P28884,2677.5459622436656
P28885,49164.78996204781
P28886,39303.02867022593
P28894,2676.5924568471187
P28895,2704.3629925776813
P28898,2675.7616502890196
P28900,2675.7616502890196
P28902,2696.7519493009536
P28905,3373.867822771278
P28908,62619.74870559092
P28912,2845.925097414404
P28919,3770.180778984161
P28931,2727.151374519355
P28935,2750.536392997058
P28937,3478.717172470216
P28945,2653.2136128441753
P28946,2742.258582582973
P28947,2735.737362323483
P28948,3324.2307900591923
P28951,2709.6095040386626
P28952,2742.258582582973
P28953,2692.9968622942324
P28955,2281.399924131556
P28961,2493.6603695191216
P28963,2505.831045361085
P29034,2766.4041833908254
P29041,2398.491945834558
P29043,3106.87876275289
P29047,2957.101969347087
P29064,2496.9303918028504
P29066,2337.1632066155435
P29073,2159.9192044569636
P29083,4277.019432538142
P29087,4191.2287098330735
P29101,2803.5172769244036
P29104,2245.603860681464
P29106,2371.6133012404525
P29107,2226.4596975922045
P29173,2684.98610370958
P29193,2539.246732587522
P29211,2855.012180673772
P29214,2670.839161085082
P29217,2650.7702854818185
P29244,2978.386895163767
P29256,2556.683514306919
P29269,3267.0921417106397
P29293,2427.6300281819695
P29295,8380.3116162125
P29344,2268.1546731757553
P29345,2241.7534773965117
P29393,3211.3822473031514
P29432,2543.951273847816
P29446,3150.85615444622
P29476,2653.958691312277
P29482,2588.9783666941266
P29490,2555.3851316091373
P29496,2745.8814211124873
P29505,2781.7435845182317
P29524,2461.799600733574
P29530,2108.307963313287
P29605,2603.8100397866597
P29733,3042.256833871347
P29770,2926.915259226926
P29778,3482.064090188397
P29793,2881.1788934537526
P29918,38228.49549717297
P29982,2568.0336042460794
P30033,2462.236343017967
P30036,2188.994108375583
P30038,2414.2283699517693
P30039,2402.4654518598113
P30040,2226.196654833065
P30043,2320.1614615245935
P30047,2276.7414032050538
P30048,2291.3464007729635
P30049,2386.5920159684374
P30096,2602.579861144066
P30261,2447.781388072691
P30286,2916.5523199974073
P30301,3388.9974931865077
P30331,3334.4633988854466
P30462,2365.25641593712
P30469,2463.09352181996
P30471,2368.1093500884635
P30474,2328.716997426859
P30475,2333.33442090892
P30480,2996.178171187519
P30481,2534.0471999478314
P30485,2645.959530789278
P30487,2992.905651493794
P30491,2340.819742091308
P30492,3653.8251097108205
P30493,2343.9432006604357
P30494,2390.439679363713
P30500,2326.9115363097803
P30501,2286.2757349329104
P30506,3223.859142261261
P30653,4131.7164234882885
P30746,2608.1947606000494
P30776,2799.540406392862
P30809,2816.756887844779
P30871,4493.6667066404925
P30880,2754.8042262192644
P31178,2627.874606817334
P31338,3533.542900042072
P31339,3911.343835375643
P31367,2618.105708567268
P31370,2762.458092068303
P31444,2882.0664370649483
P31462,2360.332960111126
P31465,2276.476155086183
P31503,3066.8403608350286
P31612,72400.63514946752
P31636,8481.951092355548
P31638,8176.0798044762005
P31643,2697.9169421627985
P31648,2726.6432306542965
P31715,3284.2868335305134
P31770,2758.5687553604953
P31810,2092.8899399625543
P31815,2439.9286871336235
P31816,3066.9605178874535
P31818,2456.2901525082543
P31848,3455.1318423953007
P31880,2892.2563459665
P31918,37315.49828510557
P31930,2417.714544576964
P32231,14036.992856347639
P32310,13645.022107839695
P32367,3003.566488618455
P32444,2615.5023293662025
P32686,2519.3762541089263
P32687,103601.04583583941
P32783,2767.312658840847
P32925,3363.653526698343
P33324,3188.774477854
P33542,2957.5690497956643
P33584,2888.044145896745
P33807,2245.5753433783557
P33832,2202.2828308818953
P33850,2562.943812214746
P33856,91005.64041131633
P33927,11575.715446792114
P33935,9240.808686084401
P33936,10241.332266059148
P33942,8132.5150038389065
P33973,42983.92387154343
P33974,11139.830948259594
P33976,2644.5746284572365
P33982,4489.074794056746
P34142,2668.7559775279005
P34143,3305.361704396659
P34145,2640.2234836854686
P34146,2679.8251195507796
P34147,2681.019896442363
P34148,2624.6498605045645
P34190,2928.4467239868277
P34192,2917.8071411548676
P34227,2958.4142853657927
P34259,2812.089318013241
P34280,2625.3158932455544
P34281,3293.106116599221
P34288,2805.8161500091933
P34391,2825.5583785338263
P34393,2618.2960418298812
P34394,2657.463661870388
P34396,2645.1683220795
P34397,2643.2386428178306
P34398,2934.4416623298894
P34400,2773.31180340897
P34401,2683.1455807355323
P34402,2918.600589757013
P34403,2732.1070927924375
P34404,3597.029359110879
P34406,48738.69177727665
P34407,47616.646466932994
P34408,2706.5498393061102
P34410,2773.6568646762244
P34414,2857.9859087381788
P34418,37718.55315184141
P34419,2621.078638423926
P34421,2685.764498872587
P34422,2746.036842049379
P34425,2813.7410187223027
P34426,2646.5140691247725
P34430,2905.198041831388
P34432,3579.909052952556
P34433,2630.690365588115
P34435,2712.874063931822
P34436,2649.0938189596236
P34437,2925.6388952767343
P34438,2655.2219679207465
P34440,2688.1503555329305
P34442,2702.748977440943
P34443,2753.38220362303
P34452,4069.915709842611
P34454,2813.2311532087074
P34455,2885.418474250265
P34456,3161.045134511206
P34458,62735.6936390367
P34459,37999.53740226598
P34462,2658.8833010520234
P34463,68710.73345146155
P34464,3949.6294934585953
P34465,4000.2731359284435
P34466,3049.3105016990958
P34471,3014.1436864921507
P34515,2584.746169840676
P34516,2694.468454886764
P34521,2681.7586703047164
P34522,2949.85002915663
P34527,2722.891332177092
P34528,2641.1037982933376
P34529,2609.620124694792
P34562,2987.1998925443413
P34629,2691.1958835977425
P34723,2502.3162361555906
P34760,13087.52097638091
P34854,3164.1765150851998
P34856,3008.896852636873
P34857,3096.6847751721652
P34870,3944.890123786774
P34879,2843.1239168992347
P34889,2767.4709063403293
P34891,3467.502152043332
P34896,2912.078975151044
P34898,2928.496671751166
P34899,2870.995224296401
P34901,3345.7788918740503
P34902,2870.9519463949064
P34959,3666.5813356657864
P35002,2583.534528879226
P35040,3212.2674318311265
P35078,2973.035494221025
P35081,2994.1953467978906
P35098,4424.393980764539
P35167,2920.990176111452
P35169,2941.5629534174564
P35171,2907.329550107056
P35238,34885.53353038967
P35275,34441.38662618076
P35309,2900.0365888955553
P35312,2840.419816329016
P35313,3596.958322921019
P35317,2967.8023643338734
P35318,3005.196302999157
P35321,2967.5071128509167
P35323,3660.8172316543923
P35325,2811.5772005301537
P35327,2989.9792516064267
P35328,3156.623104751236
P35330,9379.533716206131
P35334,2943.1854839098446
P35335,2759.4101336160807
P35336,2844.9608361746427
P35337,2761.0986889224123
P35338,3368.500806500356
P35340,3114.7339667492733
P35342,2847.435285838667
P35343,2759.435822066354
P35344,2844.9590435560153
P35345,2836.5987755177093
P35346,8928.448378227346
P35348,2692.6343194167134
P35350,7423.587131854503
P35353,9424.87264820777
P35355,9291.872861101258
P35356,7637.380603509713
P35357,9017.92505880213
P35358,7764.091027840867
P35359,7875.902025014163
P35360,10096.070843288015
P35361,8784.718684011374
P35362,2722.369450672436
P35363,8629.09578314369
P35512,8966.632333372729
P35513,2784.1145691694396
P35514,8899.480670757726
P35515,7531.598168605362
P35516,8954.58927607978
P35518,7172.9510009285095
P35644,11684.997659803532
P35972,2859.594409246816
P35973,64564.004736000286
P35974,64654.73027976418
P35976,2705.2248254300293
P35998,44321.6694289636
P35999,2814.0149261273477
P36005,2880.3642192461202
P36007,2875.2583843827074
P36008,2919.306010330155
P36009,2938.3536989302897
P36013,48123.28628836599
P36017,2892.72237932638
P36039,2850.062295409493
P36100,2386.8692349390562
P36165,3123.11976120477
P36183,2635.073511232578
P36184,2742.594341739451
P36199,2671.9912376528778
P36232,2750.1427218611066
P36250,2905.281441227018
P36268,3251.6044417454577
P36281,3129.021882217086
P36370,2504.5129994631625
P36371,2849.0634227758464
P36412,2616.4367195937157
P36418,2185.999860154428
P36527,2858.576917256854
P36529,2849.2970106196694
P36567,2789.493694098732
P36636,2260.4427844590637
P36671,10675.464361626626
P36707,10434.900649119807
P36708,10726.89892997697
P36710,10458.656519216645
P36724,3052.834697211184
P36770,2615.9380641464745
P36840,2333.9294692258522
P37038,9329.57694663501
P37059,2969.5109650356408
P37114,2502.1806548456984
P37124,2562.2984491780694
P37131,2481.6504815400676
P37270,3250.981616478917
P37286,2662.697961325059
P37290,2664.8254876800647
P37291,2656.2291265233002
P37292,3646.2690390390417
P37295,2704.783898962127
P37297,2731.6132235775995
P37298,2912.687953301529
P37299,76590.71864348135
P37302,3091.6897204934253
P37303,3114.9046401221
P37304,2828.65544356179
P37305,2709.1781361363933
P37306,2707.2283251770477
P37314,81139.14781481528
P37317,47114.686993602314
P37319,2644.7334484421153
P37322,2859.3025068160728
P37323,2657.6172336800323
P37326,2673.3036697527305
P37328,77148.19226343573
P37329,2919.6255306185103
P37330,3129.484842579059
P37360,2466.8555430037422
P37362,47118.343701537684
P37363,2635.0660483770694
P37366,2655.1464148182667
P37369,80745.29093556029
P37371,2784.4264294897625
P37372,4572.186787578341
P37375,2766.22851576836
P37376,77513.4250043687
P37377,2707.11431272127
P37378,39244.43170646663
P37379,2939.31562375837
P37381,46918.042597736225
P37460,2929.6520660336214
P37513,2515.8012575863754
P37562,2732.6121276883873
P37563,62892.952782492524
P37564,2729.5402315064603
P37566,3649.0923168170757
P37584,68245.49338955757
P37585,2633.7682307963814
P37586,2662.638977810553
P37588,2657.11136030867
P37589,2621.173754524672
P37590,2588.3583617080544
P37591,2628.8068771454427
P37593,2784.4392234877787
P37615,2753.548732259513
P37616,2705.2115600566026
P37618,2697.908216733743
P37619,2760.202425388802
P37635,58357.2614942826
P37637,3019.4738075525042
P37638,3175.3662089420577
P37641,2701.0110168566175
P37642,2628.6337576257097
P37644,3482.481221205206
P37645,60452.082588266334
P37648,75578.67193153324
P37650,61778.25611036298
P37651,47305.97709495182
P37653,74342.71409817558
P37654,59668.0545088647
P37657,2774.2679035225683
P37658,2700.114648411848
P37660,2994.563606261182
P37661,2730.4990747177153
P37676,2728.7552968601353
P37677,2759.6076195364685
P37680,2663.524430801122
P37681,2724.8386811957175
P37682,2715.9726787659074
P37683,2689.22609367058
P37684,2725.2931040700955
P37687,2791.483079947893
P37689,2743.701233820156
P37757,2803.017689998378
P37765,2643.6227833140774
P37768,55993.05047883663
P37770,73210.401291782
P37771,2649.0055789263
P37772,82530.62366932436
P37773,132887.77364662624
P37774,2694.3509655518787
P37775,69967.5082157103
P37778,97805.6208065746
P37782,45881.338259338496
P37784,62039.598005086096
P37787,45015.26996842384
P37790,57827.74955407703
P37792,2653.2316152475482
P37794,50682.14778475724
P37795,72490.85751356035
P37796,83170.99833446197
P37798,57827.74955407703
P37799,2694.648845443988
P37801,3458.30862876419
P37802,2708.5293059670075
P37803,2973.088900261931
P37809,3869.486606071237
P37810,61415.97272133835
P37811,2701.5678742688033
P37814,65962.00368782973
P37815,63302.27912897316
P37816,69289.8956050596
P37827,3116.6278270483363
P37828,3140.017366937909
P37842,2740.3161297608503
P37843,2837.7179850442417
P37849,2880.375073626908
P37853,2714.250685084459
P37909,2570.885110526698
P37952,8730.28125324427
P38217,103141.80839330253
P38238,3095.9291327260844
P38329,3241.5056079412097
P38333,2706.4828071211064
P38361,2267.5383913500086
P38364,2343.8916637670263
P38377,1962.293421147956
P38404,2152.7400058518165
P38469,2781.8852325642742
P38470,3145.113703488954
P38473,2331.8325132449936
P38474,2774.9687128906758
P38478,2687.874658305929
P38504,2374.05324582347
P38576,2587.1146319684603
P38580,2612.3109016228245
P38644,2927.0824865694262
P38706,2163.8674644273246
P38707,2069.1555277080697
P38721,2350.0158470061215
P38732,2706.5592025756882
P38736,3264.2774638181736
P38738,2272.1804868193103
P38746,2367.182994001419
P38748,2383.4791629793563
P38749,3863.3717618539104
P38750,2648.831352856036
P38751,2284.869344464759
P38756,2380.0800006232403
P38758,2403.832883633279
P38765,2904.434955600406
P38769,2231.2745694052824
P38776,2463.1342381078675
P38777,2454.9696000796935
P38782,2396.359867704798
P38797,2858.735245681693
P38845,2622.6405626020187
P38961,2564.6919191969605
P38986,2309.631707198185
P38987,2273.109365985606
P39061,3031.1993937010334
P39141,77203.59090481403
P39146,2693.2494151426095
P39153,3035.1296233269904
P39161,2660.43323369416
P39162,2684.962053737866
P39285,2789.1247155846836
P39445,2540.2845436208995
P39535,10601.97266108783
P39600,2720.0951006833816
P39620,2768.472042904871
P39633,2475.942773608778
P39645,2124.9220921428637
P39646,2125.2912238604663
P39647,2546.2947730588658
P39748,2702.4843624544055
P39753,2712.254533920145
P39764,43135.60919476465
P39777,2892.233465921381
P39781,2557.3876314408844
P39786,2617.0926319374807
P39787,2598.57321736783
P39797,2427.9132315569886
P39798,2816.9392360382017
P39806,2751.4123955400887
P39809,3301.5266169306665
P39812,2709.191613968058
P39813,2588.0215428188317
P39818,2845.256117354162
P39820,2644.1630410108532
P39824,2789.0946264688864
P39834,2657.317148545475
P39835,2657.2341999840287
P39836,2489.917133287182
P39841,3028.55233282017
P39844,2499.470051823082
P39863,3068.13847669957
P39928,2788.817531767245
P39937,8554.870734457756
P39940,9518.937037557287
P39943,2723.1249918060735
P39944,2765.3111094008427
P39945,2822.883311915674
P39949,9331.283182134768
P39951,8679.8004883362
P39968,9328.422120904064
P39976,9128.552435778618
P39978,8904.73070330769
P39980,9646.091480516905
P39982,8846.051203938734
P39984,8766.312258383668
P39988,8916.538434796457
P39990,3034.1576328280275
P39992,2815.2033754152067
P39994,2972.9374082459317
P39996,2779.8028622331203
P39997,2864.3955271606214
P39998,2861.748528123084
P40000,2977.437528940229
P40002,2867.024434295978
P40007,2895.8680840140532
P40008,3422.1323509979325
P40010,3135.857308618093
P40012,2903.8039071754847
P40018,2974.7562721250238
P40019,8703.660655518725
P40103,2911.3076982231637
P40104,2789.90412823996
P40105,2863.9213917151487
P40107,3075.469884412471
P40108,3106.663062661396
P40109,2686.943412341622
P40112,2842.47977043173
P40114,2923.8748350253445
P40116,3090.2592662544753
P40117,2837.9464973895256
P40118,3219.283306193263
P40122,2670.8210817379027
P40124,2914.3662266573774
P40126,2819.0489996046185
P40127,8982.644140784392
P40131,2727.885860922351
P40132,2849.331984307834
P40134,2866.3844041452503
P40135,2960.9436840861463
P40137,45945.76040835623
P40138,3485.036608769368
P40140,2831.8823483917026
P40142,2831.677347105922
P40143,2863.0009732705557
P40144,2908.260829269503
P40145,2942.5034526960967
P40146,3520.532867884299
P40148,2979.336491259438
P40150,2857.2533343049427
P40158,3665.7532080313745
P40159,7558.154764794451
P40160,3032.965105939438
P40161,8871.045753670385
P40162,43899.166413254046
P40163,48965.9668106506
P40165,3436.691344007283
P40166,2836.8432388622805
P40167,3587.1413575570978
P40170,3018.48797079205
P40171,3242.5064258304383
P40172,3135.586319053358
P40173,3186.8995511462203
P40174,3183.3257276849217
P40177,2791.8498406390286
P40178,3067.6056421268186
P40179,3072.7824202009997
P40181,2756.7351235374726
P40182,3475.844657945616
P40183,2795.234707689677
P40190,2895.246917005963
P40196,2847.380724554816
P40198,2808.5054853646816
P40199,2636.4473877299215
P40201,2710.8746332246305
P40203,2896.8271786236887
P40206,2776.085471887376
P40218,2711.888425161597
P40219,2584.0459582390654
P40220,2697.544746797147
P40221,2912.030502568713
P40223,2562.439092888374
P40224,3193.268732948222
P40226,2844.136735616848
P40228,2573.6100699051394
P40229,2837.8146443577843
P40230,2837.8146443577843
P40232,2898.4790791736827
P40234,2777.516501682775
P40236,2926.2071360832156
P40237,2879.137001493824
P40238,2906.154483369167
P40240,39423.00439320441
P40241,2783.8370575499125
P40243,2959.359968985455
P40244,2951.7341755090483
P40245,2819.3827200741516
P40246,41228.104215597974
P40248,2835.089782987662
P40249,48400.21234342949
P40251,2912.480718240572
P40252,45358.384327768574
P40253,2981.711797699695
P40254,2861.456380785669
P40255,2881.1165589305465
P40256,2992.0802866262843
P40257,2796.52711053432
P40258,2945.2295667953326
P40259,2856.7510460037734
P40261,48725.33319445431
P40262,2646.936116798334
P40264,3291.5973907316543
P40265,2844.2917911227087
P40268,2881.4114372442264
P40271,2854.440987446301
P40273,2817.213202377608
P40274,43264.56320611032
P40275,51728.32405974546
P40276,3438.284090866584
P40277,3442.037453819081
P40278,36128.44575750938
P40281,2885.4268508879245
P40282,2853.51565232722
P40283,44024.45698460996
P40284,2824.3504179691377
P40285,2629.0427471939415
P40289,2548.2954472218184
P40291,2757.252981443535
P40293,2585.509925711199
P40294,2574.3517092000566
P40295,2648.1999751680605
P40297,2607.994455564973
P40298,2739.53383428908
P40324,2464.0806203392494
P40325,2580.798213855562
P40326,2564.3534117085746
P40328,2614.457879459444
P40329,2620.3686921203457
P40331,3108.4210331871736
P40332,3042.0591416271823
P40333,2544.11900104566
P40334,3213.684877877605
P40335,2552.673334543105
P40336,3242.9827521985244
P40339,2495.3548970230077
P40341,3022.8200892526215
P40343,2586.1504987593453
P40345,2668.147475330844
P40346,2759.2772458885593
P40348,2590.150495425241
P40349,2686.2712510874458
P40352,2627.3382126874058
P40358,2718.0692862509854
P40361,2647.8508772040936
P40363,2986.8986537903197
P40365,2499.160303501555
P40366,2525.6861164269017
P40368,2744.410010222155
P40370,2518.8478390771193
P40371,2590.395189679855
P40373,2634.8238061203638
P40374,3144.3321306274934
P40375,2522.221326422481
P40376,2984.389582412622
P40377,2977.069788425654
P40379,2987.1659865984398
P40381,2549.3509565638556
P40383,2612.1148120527014
P40384,2548.7972822955026
P40385,2775.457571285834
P40386,3024.5495670050122
P40387,2656.2677328886252
P40556,2758.901784203228
P40563,2290.682870200082
P40601,2492.1477523423428
P40618,2511.7650067425293
P40627,2687.7414780122194
P40657,3103.054921283546
P40658,2791.081327198756
P40659,3414.1339599430407
P40660,3107.5930741724787
P40662,2833.9582507549762
P40667,2819.8765293489637
P40668,2754.4661239448
P40669,2824.223391284846
P40672,3579.9290778690884
P40673,2734.0101987181524
P40674,2722.4082974276303
P40675,2735.182503766322
P40677,2721.5051218920094
P40688,2703.8964033337807
P40690,2669.894379864946
P40693,2866.115813410059
P40694,3283.285827728009
P40697,2953.820857987452
P40698,2803.6022835885146
P40700,3580.4966069273205
P40701,3209.8193483941704
P40702,2977.212698065299
P40703,2974.6687050711535
P40705,3030.364534191414
P40706,3516.8829538120754
P40707,45965.418874175826
P40708,66671.60734431697
P40709,2930.2912341483034
P40711,2968.5880081226833
P40714,3355.484460531299
P40716,3172.6980187643258
P40719,3661.2337103781138
P40720,2770.9645986109567
P40721,2780.0498966874306
P40724,2735.53231471976
P40726,2810.09839071079
P40727,2893.177018588374
P40729,3064.1270024288
P40730,2764.6829378198886
P40731,46784.82540228772
P40732,2560.863603550338
P40733,43868.81452456294
P40747,2995.8700995212334
P40749,2599.9851880470783
P40757,2892.363729360355
P40758,2767.28223326549
P40759,2842.60040020074
P40760,2671.2169727286996
P40763,3099.114888122839
P40775,2496.1609483563116
P40776,2668.449698737105
P40808,36839.76692014839
P40864,3016.662623786204
P40880,4195.373429421264
P40881,3307.177702270252
P40890,2645.4004954746792
P40914,2491.1212605994674
P40915,2338.364027102016
P40929,2499.7768249809164
P40955,4124.729870768788
P40966,8361.071786823932
P40967,8628.278999059932
P40968,8531.327552855373
P40978,2752.0542456713606
P41086,13688.845606582592
P41090,12784.497787380342
P41156,2676.33976568841
P41185,2755.053999012837
P41232,40050.45532271225
P41234,9476.002496280513
P41235,9376.350739027293
P41240,2904.1060007226833
P41241,2925.526047472856
P41243,2926.7701135745647
P41246,2870.5622407167602
P41249,3451.479274307355
P41262,3114.304390822816
P41330,2993.6594024113483
P41331,2817.3086185685356
P41334,7117.716386646614
P41335,9449.359386614637
P41336,2847.20259067019
P41338,2770.625640089567
P41340,3355.848995205602
P41343,2853.9104773249082
P41344,2879.223873301185
P41345,3498.0666684684757
P41347,47734.89541739064
P41348,3284.8949324901087
P41354,3082.107672232129
P41356,68762.10059702603
P41357,2848.3869742973643
P41359,2806.161148915996
P41360,2927.0495149593207
P41361,3039.9569808205783
P41362,67109.17714143672
P41374,8515.956792154095
P41375,8526.552637560808
P41377,8552.486113861285
P41382,9816.044735880789
P41408,2734.186194999502
P41429,3155.8421177656123
P41434,2759.188851696155
P41437,2616.7730504108995
P41439,2664.2375497742114
P41442,2843.6793348551164
P41470,2793.250540902854
P41535,2992.887025663019
P41593,2528.088982148649
P41596,2603.400589966131
P41613,3176.542146140408
P41715,2317.4239733498866
P41741,2991.2246918377236
P41756,2985.05765954226
P41764,2654.9401022667093
P41769,3177.7650900284243
P41812,3941.7493679890936
P41816,3048.8943302510665
P41830,2522.362018992598
P41849,2562.4715705605136
P41851,2618.1099094779834
P41866,2561.264564904417
P41872,3036.5230335820625
P41873,3059.379002728348
P41875,3404.1150172802463
P41876,2696.4582763141902
P41878,2601.920655426387
P41890,3126.3407904193346
P41893,3081.1674730392956
P41925,3280.2385579931924
P41926,3055.853606890303
P41929,2583.746759120045
P41930,2605.0352184120547
P41932,3175.376176649789
P41935,2597.2759033007064
P41937,2419.9018521174494
P41939,2733.3805250574364
P41940,2662.941761391484
P41941,3122.182074506019
P41947,2566.8822100285333
P41949,2420.2848433944882
P41950,2611.1927652153504
P41951,2603.774692549706
P41953,3246.4154966506767
P41963,3393.502674564366
P41965,2639.3799561544593
P41967,2595.8223905940285
P41968,2811.6995297546564
P41971,2608.1387518345623
P41973,2699.3483470482056
P41977,2643.472117777255
P42030,3481.2288164879087
P42046,2709.0255407229733
P42100,60798.66169106913
P42104,8323.774285643747
P42235,35523.608419395576
P42300,2731.477294242367
P42329,3188.0594030351535
P42354,2885.7578255341305
P42418,2497.954486910273
P42430,2402.8243489659026
P42432,88206.39665454546
P42434,2280.5863013141116
P42437,2486.3008412248023
P42439,2637.918292404171
P42444,3241.885389607085
P42445,3246.31303276325
P42446,2374.3600075940085
P42448,4043.18563606925
P42458,2425.2964490983304
P42459,2410.320003344031
P42460,3395.7076189332925
P42461,2442.420295643109
P42463,3037.235075299161
P42470,4003.0576148046744
P42480,2315.2676462167565
P42488,2739.1688179108164
P42489,2301.141672292772
P42491,4046.967977328647
P42493,2299.3109403530234
P42503,2358.2413857393926
P42508,2203.9211939222673
P42514,2405.004391583138
P42521,2769.4409349771645
P42523,2417.318747919481
P42528,2380.9367598623667
P42530,2234.415001840584
P42531,3137.4713773820495
P42533,2200.9627083030286
P42536,2222.0152223854725
P42537,2201.804970392107
P42538,2203.6512429325962
P42545,2931.49037666353
P42554,2488.7582568706857
P42556,2351.7930919534638
P42558,2364.883133601432
P42559,2330.9819587305687
P42560,2390.0457911347053
P42562,2309.659249572063
P42570,2477.2333157266107
P42575,2519.847249118734
P42578,2539.607752870381
P42586,2513.522236073902
P42706,2253.1847113971326
P42721,9097.701010691038
P42793,3972.291227079972
P42794,2581.8044917563902
P42796,67320.2277558606
P42822,2714.042842509985
P42824,2586.282689640894
P42855,2632.215858951491
P42869,2455.334131007933
P43033,2788.386894545007
P43065,50439.043058049094
P43090,13034.791152014046
P43132,3210.7164799912803
P43186,2507.367972811766
P43187,68016.2765687746
P43391,2817.7836521262934
P43480,2793.439389986694
P43517,61384.01716720354
P43639,6153.227919127479
P43710,10297.169667131006
P43804,10452.331893340686
P43808,2769.7052590074723
P43824,2404.0530479915724
P43849,3049.081714154003
P43850,2709.552458983245
P43906,2262.168552193228
P43909,1770.585432198218
P43916,4967.029723035023
P43943,2694.7302092565633
P43946,1904.4761529804869
P43979,2853.7415791659414
P43989,2710.4144286331684
P44020,2523.7349835447044
P44024,2557.191621397692
P44027,3024.131441064616
P01033,2528.944448419428
P01063,4113.417397435335
P01079,2588.894139958708
P01106,6009.79252909923
P01156,5131.024113459617
P01162,2351.6715880031793
P01197,2256.1685684200493
P01206,2739.5600964261907
P01239,2691.340186178309
P01303,3697.769622372607
P01314,5697.045670491267
P01315,4215.299966342224
P01332,4455.1243739148495
P01379,3109.6586081713335
P01443,4606.0421170365435
P01463,2829.308915965234
P01502,11085.951024332679
P01510,2854.7335934449384
P01576,2946.1868779294223
P01623,4226.370564848071
P01626,4190.858825654893
P01637,2347.4892107670025
P01638,3656.464763899933
P01648,2019.6408794541007
P01664,9195.300954990442
P01667,3735.4615836974995
P01718,2490.7119884792437
P01741,17413.743400037107
P01749,3502.1486896111337
P01753,2808.8326255836478
P01757,2213.993604393819
P01766,2621.6362318038946
P01770,2554.5137597529247
P01776,2685.0330329406775
P01812,3460.2880168635556
P01816,2453.4005092430357
P01841,11950.34490095247
P01844,3652.547441892906
P01859,2009.147128368268
P01860,24776.674818218584
P01879,2661.4342179032715
P01889,1724.2881404913296
P01918,7740.86445685104
P01923,4344.2499667233305
P01934,1579.3203761281125
P01962,3850.4770043859876
P01981,6276.376671824712
P01999,2880.4742472403123
P02025,2954.7584149341624
P02037,2659.9050038678224
P02040,2916.6631563801125
P02053,2261.958007524006
P02075,11010.69018453311
P02077,4181.817168572041
P02095,24261.048878601887
P02124,4929.68906824066
P02152,7986.040140802698
P02159,5527.394137095268
P02165,11224.376839902725
P02178,4517.129286600477
P02206,2333.6115799078466
P02228,3596.521649985008
P02232,7514.028112349348
P02241,2856.042580151962
P02284,13397.700933125898
P02285,11671.305049534958
P02408,2626.4014072505856
P02423,2819.838293750264
P02435,6929.741648362793
P02442,7242.647460620889
P02459,3049.627509671121
P02508,2443.9406912501395
P02521,2894.818327631813
P02535,2506.6451296559644
P02536,2877.723051246387
P02541,7031.276254338531
P02546,5738.417493557557
P02580,12047.105902117042
P02586,1604.9788289848757
P02685,2572.06432717037
P02689,3754.3370373728535
P02805,2197.337938205673
P02808,2690.8029809709137
P02812,4225.428743417212
P02852,2648.3878959080716
P02863,2783.7266237635517
P02886,31839.5292882269
P02887,51788.05458636571
P02888,1593.9114870870314
P02913,2526.3668360428996
P02921,2770.2379490963613
P02923,1488.5796360516574
P02978,29626.522040385575
P02982,3012.144170625825
P03028,2917.2432341844838
P03068,2623.518623507218
P03070,2973.9106754530726
P03157,3293.0716529636675
P03178,11034.566970390864
P03201,2538.2666465375883
P03213,3024.6185438981465
P03225,1607.42465063823
P03332,11470.080861658704
P03337,3512.2768942064213
P03343,3407.8091616199117
P03352,3314.7914285494207
P03369,4136.830968793984
P03439,2596.022936488769
P03444,3933.5871112289815
P03452,3870.5829774938984
P03458,2775.0797011928876
P03459,3616.0694241133856
P03461,3724.785234408712
P03462,2805.8096884376
P03463,2540.9914179663697
P03578,2940.8017748423863
P03602,4052.778790305606
P03628,3366.8096852127956
P03631,2977.1654725588614
P03654,3124.996233138658
P03675,2854.4821782628487
P03684,3796.9365753276716
P03696,3370.690227688452
P03724,4178.323051219785
P03751,3040.3238340457183
P03772,3403.4421405960575
P03786,4437.111186869456
P03808,2886.9991178529867
P03809,3308.8069558785637
P03815,4329.546732956494
P03908,2981.6880087186632
P03923,3890.4281440528157
P03933,2919.492941930271
P03934,3076.9498063755236
P03935,2751.598145446692
P03979,2847.7534557731283
P04044,3692.5845470285503
P04051,8802.689520725055
P04070,3252.4374928206375
P04101,3685.647890976736
P04108,1783.169313489798
P04127,11652.40228636607
P04133,4450.302985223488
P04143,4793.628813795986
P04161,5044.20306281684
P04164,5186.414064383411
P04169,5161.6265953945
P04213,3558.9079826377665
P04251,2902.685163416285
P04273,5236.711760764261
P04285,10351.300346321337
P04291,12127.8530366184
P04329,3379.6577487572304
P04334,3297.583583803604
P04386,31972.617786341078
P04387,2265.2305135649435
P04393,4203.725351636907
P04394,4186.755049573653
P04396,3548.7859636825724
P04398,2750.9259004216583
P04403,6398.307614983529
P04408,3670.351612592111
P04421,3742.5778326384893
P04434,3256.3531376123797
P04466,4748.450954554398
P04525,2913.4380883968356
P04531,4049.6230834368534
P04560,1679.0259562981976
P04564,6858.73828565789
P04567,4043.51938247987
P04570,4205.7707290451
P04598,2489.4410160653433
P04599,2331.5296767063764
P04689,11727.15986722865
P04690,4343.79210445082
P04691,3533.2887497276583
P04697,2710.9961561960968
P04700,2664.6906688753625
P04736,2744.297935608091
P04758,3568.9797522587337
P04771,2653.80246598473
P04830,3913.8650356232356
P04831,4031.0459754968297
P04834,12095.133608030785
P04836,11937.249193506335
P04873,3935.466266432041
P04900,3613.9512372319136
P04901,3947.259343722221
P04909,3963.0138637947307
P04924,1374.1352835138712
P04960,10078.754962690275
P04964,2909.854050537464
P04966,2633.2118586428974
P04970,29429.0079855295
P05039,2711.715696773482
P05049,3364.603433137043
P05059,2252.6339872843796
P05081,4253.331885723591
P05097,3683.969363447314
P05098,3981.937515036294
P05099,3495.463690454618
P05107,1862.8804952956107
P05109,8802.749807813027
P05112,2099.465298657751
P05113,1954.2614411824172
P05114,2042.7115238646952
P05136,10084.65634363596
P05138,11337.518040744768
P05141,3853.713693223539
P05142,12245.18254802194
P05143,12245.18254802194
P05148,3362.0975440947636
P05149,3236.5937669086034
P05156,3114.534234472567
P05258,2619.4179098026652
P05283,1498.0461836535533
P05284,2111.4797945379673
P05286,1490.0805233421042
P05288,5554.095372577533
P05291,2692.82578268814
P05292,2693.1075865618186
P05302,1472.0000039962617
P05362,5127.683926685749
P05392,3810.460024278301
P05394,3670.141471904401
P05408,2349.329861922125
P05441,2835.6901751192795
P05443,3333.833964340758
P05455,2846.0009829630662
P05460,2897.1747889406975
P05537,2123.9093382429296
P05556,10810.468049738813
P05558,11401.902515035683
P05704,1866.5477078166164
P05705,2124.3821365379977
P05712,1748.0256654768489
P05716,1449.4012717616436
P05762,5151.37411560841
P05768,4880.1970997698645
P05797,2880.7478326998767
P05801,2882.207329909246
P05805,2558.9041574005587
P05812,2763.978599268115
P05838,3863.960547698935
P05864,9636.999669999432
P05907,9572.030548841853
P05944,3325.452088221601
P05949,45331.18737696518
P05951,4172.6753911733
P05968,4715.044507566134
P05977,4822.245183109161
P06069,4063.2555800623404
P06079,4000.3882839389803
P06086,3646.2464227139467
P06087,3044.742940167812
P06088,2970.055551594823
P06145,14343.954821229514
P06151,3088.4710368857054
P06159,4888.5264041986875
P06170,10680.160365164322
P06171,3505.6453473481706
P06187,3237.6516827379323
P06201,2818.62899134986
P06230,14000.600807340552
P06236,3444.8783462417337
P06273,2785.6989240069893
P06343,11127.9759385077
P06344,11825.060244858787
P06352,3157.9911997283466
P06376,44325.69390267966
P06378,12007.0329702898
P06379,3795.042674295084
P06380,12074.325415617626
P06383,38934.187764405135
P06385,3716.324679672167
P06386,3811.4436399641104
P06387,3754.778884671881
P06388,3681.8984047884214
P06399,3817.670091524166
P06402,12608.542964898354
P06403,43702.381407603156
P06404,8918.663408636012
P06405,8992.460133899342
P06408,11354.635000613165
P06411,3942.542586172907
P06413,4009.865908246375
P06416,3991.668358033943
P06418,4134.250124694011
P06420,3999.3221232961246
P06421,3870.366376521189
P06423,3805.0096287762117
P06428,3804.9106315394665
P06430,3932.699383842421
P06447,4092.898291646992
P06448,3809.918414762155
P06573,4057.415019411373
P06870,3831.9980296083327
P07133,11664.388657931175
P07139,11876.40863837547
P07154,45148.63627337046
P07158,44068.66102168152
P07159,12621.427667162872
P07160,43632.80298409019
P07257,12718.77366781443
P07259,13228.607074866022
P07293,12054.736326330372
P07294,12077.534922632613
P07298,3826.4567114232796
P07299,3788.49472119475
P07506,3527.24289800158
P07544,41132.84441007796
P07546,44296.15215042148
P07547,3766.798526342785
P07555,39728.27158658651
P07556,3712.6711126812434
P07559,38802.36802057913
P07568,12681.973017748849
P07573,39242.41197601484
P07576,12081.766122381838
P07578,12909.01591460878
P07580,3874.1120253857575
P07583,3813.671337341835
P07589,40816.30752883741
P07590,44091.29277273257
P07595,13206.573650566766
P07598,3788.448794960872
P07599,39301.34074827192
P07600,39291.70431483472
P07601,44326.34226835625
P07617,3746.5861009711994
P07619,44204.393549563014
P07623,40848.61293542209
P07625,43984.523219686016
P07627,12819.661414603133
P07633,12182.810782017028
P07640,3738.641051072759
P07641,13836.820102408448
P07645,46451.48599871037
P07646,46859.98948193156
P07655,3930.4447080110535
P07656,12460.958373655607
P07657,3974.3870626336998
P07683,38448.54917181445
P07684,36587.04660391666
P07692,3645.054351721261
P07694,3584.1305122208514
P07696,3547.370424527297
P07698,3758.741153636625
P07702,3604.623964329165
P07708,38388.833615399635
P07709,42297.341678368415
P07776,3017.2910753206293
P07777,3081.9658990483053
P07778,3127.150364775812
P07780,31710.620164988068
P07783,3369.280997115618
P07784,32267.99213141864
P07790,3299.611199357565
P07994,3498.74606814548
P07996,3523.8748401600615
P07997,3372.6872015196577
P07998,3401.324116521974
P08000,10077.01789986784
P08005,3538.0751528792657
P08006,10830.300060788582
P08009,10103.853389482168
P08012,9847.618255639973
P08014,9594.44948436796
P08171,10431.676865476526
P08172,10930.503612259328
P08181,32082.54202625303
P08187,32017.496442844084
P08188,3325.2058379122313
P08189,32360.34866962802
P08191,3342.6720324743533
P08194,3390.0794711916355
P08196,3507.9389772902655
P08200,39694.21247457563
P08201,36369.29300939547
P08203,3527.0640614335275
P08217,3334.838821221286
P08222,3781.118214875456
P08225,3644.088806836796
P08241,40295.68726395592
P08242,3697.114627246492
P08243,3753.885055240678
P08281,13600.514431436253
P08320,3688.552936608876
P08322,42751.96270743412
P08338,29792.13446698251
P08340,32161.750515137683
P08344,2918.1720468158524
P08346,3119.066693404585
P08348,3031.3635436491727
P08350,2967.8467794449725
P08353,30589.87296100801
P08356,9683.265775417329
P08357,2987.6455255602646
P08359,30438.608321259362
P08363,3271.8175483177397
P08364,2966.6254293765064
P08365,3223.504944507772
P08367,3265.3167482072104
P08368,10603.069010874302
P08369,3161.111326795863
P08374,30180.540829714424
P08379,9457.121214973147
P08380,9461.997876523987
P08383,2387.091341219795
P08387,9160.217280274192
P08388,9322.23588591631
P08390,9995.387916382799
P08392,10294.167013304714
P08396,2953.756008490617
P08399,33650.38937596341
P08400,3000.5029142624257
P08401,2954.3850121146847
P08404,31100.76429096894
P08405,2982.092844764211
P08406,3200.5036332632762
P08408,3044.5998580961937
P08411,9923.092569490167
P08412,9965.377701527555
P08446,33644.054509384405
P08448,29279.976289518254
P08450,30410.977493103903
P08463,3371.645736365694
P08476,3515.551891829199
P08481,3563.63571671119
P08489,3617.789552500899
P08501,3301.7841947445972
P08502,2958.190835682673
P08524,3307.2876981081595
P08526,3321.6266279824745
P08527,3184.154134299409
P08587,3922.138841023367
P08593,47183.99418791622
P08602,3886.0280048796035
P08604,42580.83865753769
P08609,14022.854706982931
P08615,46589.907951858695
P08616,41906.76831641756
P08617,55458.70718656389
P08620,39335.25778299132
P08624,3698.3680339609023
P08625,3698.236801943075
P08626,11678.848576233768
P08633,3671.9171669087514
P08639,3733.25092208005
P08641,47725.18455573938
P08644,36971.49170752556
P08648,38849.678483949334
P08650,3599.2398332438456
P08655,3533.2447070827366
P08656,36861.87301572619
P08657,3578.866671697842
P08659,3507.7293142380604
P08660,3578.866671697842
P08749,3501.859723172747
P08785,2769.230107896526
P08789,2852.715178009813
P08792,3405.938142409223
P08793,31879.81902590973
P08796,3308.82520609323
P08797,3331.1505327043446
P08801,3102.7689086663117
P08803,3094.6950106848644
P08804,3454.2984490869276
P08805,2915.8789980111496
P08807,3040.7419990206213
P08809,3073.81522743925
P08810,2993.5465197701924
P08812,3435.688169776309
P08815,3332.8839119351564
P08816,3313.5630859151465
P08817,3642.4543046070594
P08820,3632.4743340604023
P08821,3250.4754890677286
P08822,3329.4441862917884
P08828,3477.176776272543
P08829,3041.969346961993
P08830,3204.142316183863
P08831,3275.9877290769778
P08832,32878.8954393356
P08834,35620.39890193764
P08835,38214.43210759375
P08837,30801.125764290344
P08842,3373.4054729111203
P08843,2851.189533349646
P08844,2721.206030218546
P08847,32052.253534853433
P08849,36330.173236422495
P08850,3115.2395525825023
P08851,3178.5691661469996
P08852,3273.0962353536133
P08853,3257.6929284502157
P08856,3272.6145536557256
P08859,3169.4975844265928
P08998,3624.6771010425628
P08999,3513.2805468373354
P09002,3480.9693891517463
P09004,3529.5593328930054
P09009,3498.454885465462
P09030,2587.551987766996
P09031,3067.6015235280715
P09033,3289.4895152983527
P09034,2774.9761759744415
P09036,2722.467153619955
P09037,2534.492504976134
P09038,2467.7431351661094
P09040,2604.285939889533
P09053,2767.243661259056
P09055,28167.209943430735
P09056,27318.371159690978
P09058,26534.543469232834
P09060,28614.2545229891
P09061,3804.60379193277
P09074,3706.4516929579504
P09077,3771.552311225703
P09078,3756.910866145829
P09080,3796.589615886602
P09082,3817.5839746942715
P09085,3904.0956764852785
P09088,3742.071794529398
P09089,3841.075818807741
P09094,3720.3590108734043
P09097,3745.0134851120174
P09099,3828.367873074368
P09101,3823.479467924068
P09104,3786.250374911695
P09107,38237.5950019326
P09112,11953.908533554837
P09114,44360.32909596082
P09115,39636.25163843403
P09116,43736.48656421057
P09120,3882.8046032807256
P09121,3811.238935660577
P09126,43231.29358013675
P09138,44769.98516331336
P09141,44127.33965115212
P09145,12470.686846260305
P09146,12438.29832437536
P09173,3552.188682106961
P09194,4032.1676950731608
P09196,3805.9330918095948
P09197,12124.140211158856
P09202,3963.7498533126673
P09203,12285.223303206187
P09210,4025.6581043614738
P09346,3260.709518615651
P09353,3289.2210931658738
P09359,3254.2296019744535
P09362,3350.3271757137463
P09368,10404.979473224796
P09373,3150.2197509181133
P09375,3149.215720470569
P09377,3291.457661619421
P09378,3311.358494194996
P09379,3053.37605288811
P09382,3388.736252606697
P09384,3220.691222353696
P09385,3055.5459605957303
P09386,3039.049923004089
P09388,3271.890056928109
P09389,3347.1751665039355
P09390,3285.2039034723657
P09391,34160.801910256174
P09393,11539.116261487203
P09395,10775.361428968465
P09396,10911.381344805339
P09398,34143.06199773976
P09399,3297.1819082847906
P09400,34705.2167587777
P09401,10907.449084272688
P09449,9902.793129021531
P09450,9588.523504748508
P09452,9556.897697864984
P09453,3178.6529603059835
P09454,2846.4147356149733
P09455,11036.236474434692
P09457,3288.5711305317645
P09458,2994.452341693045
P09460,3261.047907817833
P09461,2794.196079184322
P09464,3113.9862538157718
P09465,3127.0020475949
P09473,10253.059885908187
P09474,9065.163971775624
P09477,10749.704049640273
P09479,9221.566391741982
P09482,9330.62723581283
P09484,29500.08924172751
P09487,2764.4675316451203
P09488,3178.2659865618702
P09489,34834.11898036035
P09493,3254.3892058887536
P09495,2663.443093430217
P09496,3291.985074714148
P09500,3055.667548904831
P09501,3287.9148743371543
P09505,3147.7778599333706
P09506,3173.553812706007
P09507,3153.8173171708213
P09509,3399.1122792732563
P09510,3440.5766114790563
P09519,3268.9844085473233
P09522,3439.577198695997
P09524,3296.1737405703516
P09526,3051.544358937775
P09527,3287.829662372456
P09529,3246.9722831093304
P09530,2924.0651154789657
P09533,3054.42321852757
P09534,3249.3184798112698
P09538,3116.439694263746
P09541,2749.1401276816578
P09542,2749.1401276816578
P09543,2971.942454231739
P09546,2710.8884557959823
P09565,2840.5845704131466
P09567,28797.59859653202
P09570,2791.0157444062515
P09571,3221.9837180400978
P09590,3186.2451306262424
P09591,3288.2801026970646
P09592,3351.026321399465
P09593,2985.793463173461
P09595,34899.2474457268
P09596,10526.586493605271
P09597,9979.65167795742
P09602,9019.694042128865
P09603,2946.2343462457
P09604,3217.0011116290693
P09606,3080.0009232437096
P09609,3305.477561387319
P09612,9093.291310115726
P09614,10155.436770804557
P09615,3267.0079183914067
P09616,10572.118506324361
P09617,10376.283881864847
P09620,9591.370612504108
P09621,3413.016602670797
P09624,2842.8087671500894
P09824,2495.5947145241644
P09906,3841.933018853548
P09909,2522.9475638446484
P09910,2478.5999485264306
P09911,3079.114341474076
P09912,2520.6161234969722
P09913,2500.850071081315
P09914,2505.422530693765
P09915,2543.957682375177
P09916,2550.498080677472
P09918,2618.343572552844
P09919,2565.095600540196
P09920,2522.9475638446484
P09928,2388.1095128407087
P09992,2454.6522479599025
P09997,2746.0650609615464
P09998,2429.4395053359226
P10012,2520.004312884839
P10014,2836.534782368962
P10017,3480.1576806944986
P10018,4078.327089385309
P10019,2730.5955815731177
P10020,4623.782430931687
P10023,2399.31466003597
P10028,2411.5574423728794
P10029,2411.5574423728794
P10030,2422.1887079575145
P10036,2392.5749964812408
P10037,3400.6183995709034
P10040,2416.3099506635667
P10156,2457.8297951453255
P10176,2731.117409900801
P10213,17300.09940880324
P10215,16289.462102232868
P10216,17296.35369613728
P10220,17037.553245577164
P10221,17296.35369613728
P10366,2554.391535604288
P10393,2682.1007664281997
P10394,2831.067628513935
P10404,2623.829155621518
P10405,2494.454922651033
P10426,2351.088252418272
P10431,2591.4755270897836
P10432,2586.7460812366926
P10434,3247.2418391964834
P10435,2582.2202935661694
P10437,2589.338687773948
P10449,2956.8600931644005
P10531,2592.661303826955
P10628,2573.358878831955
P10629,2401.1866251808033
P10630,2341.0945437988303
P10632,2262.8380618970423
P10637,2306.8388099906997
P10666,70997.5755515461
P10670,2575.4825359781503
P10673,2671.2418934490165
P10680,2392.677186782147
P10681,2589.879902238082
P10682,2421.776694621489
P10684,2641.6158760733883
P10685,2386.135170397663
P10690,2460.1794973057154
P10691,3288.001441145043
P10692,3614.9272663177217
P10704,2649.2296073716893
P10715,2353.6838730907516
P10734,15233.837730317826
P10735,3088.068906028276
P10736,2650.744184425267
P10744,17799.59938106135
P10745,17351.073441735825
P10767,3470.5605396302494
P10775,2642.7357473865522
P10777,2402.6587263773836
P10778,2663.32260720589
P10780,2874.486560887793
P10782,2442.17780330223
P10783,3620.9313183815093
P10784,2591.0040767697615
P10785,3035.664243898639
P10786,3556.923726848691
P10791,2536.2507173154854
P10793,3076.6694124121987
P10797,2550.9022324174284
P11065,2623.004373011675
P11086,2396.9495691733787
P11117,16270.23372192984
P11171,2179.1550382254663
P11233,3585.702477092926
P11236,3531.9623022637843
P11241,2454.917409748296
P11246,2508.089741996992
P11248,2521.919510997451
P11249,3644.6106569875324
P11252,2780.8395597047906
P11255,3540.9044854071276
P11256,3650.8305546071883
P11259,2551.56553798114
P11260,2546.646031944186
P11263,2517.035703267064
P11287,2476.4465381433374
P11290,2492.1983576276825
P11292,103850.35453004208
P11293,84434.54080159069
P11297,2454.917409748296
P11318,2861.0159275596175
P11323,2490.6298103616773
P11326,2482.46923796689
P11328,2476.4465381433374
P11330,2482.46923796689
P11331,2476.4465381433374
P11333,2608.9458536529146
P11336,2465.7112101031707
P11337,2457.3001346254277
P11338,2488.6787134487686
P11422,2570.3366056984946
P11507,2652.2449266049052
P11508,2576.1551636723975
P11513,2553.9863213442068
P11518,2725.708928753182
P11520,2505.070066034369
P11568,16690.78694506312
P11588,11657.93257936262
P11683,2483.8368248282195
P11702,2898.633403397323
P11765,2454.05015793138
P11766,3340.855338467312
P11774,3596.4529162298318
P11777,2431.185504824809
P11779,2428.381509172133
P11780,2664.6890566707684
P11782,2956.590258015912
P11783,2431.29033148418
P11787,2517.229634464492
P11788,2515.6453392574044
P11789,2523.1529667084455
P11790,2813.486679335329
P11792,2425.1153990084536
P11794,4317.825975141426
P11796,2516.5547391955365
P11797,2727.3690963608783
P11799,2545.44684171206
P11800,2727.9112993064364
P11802,2517.0999114131755
P11806,2533.595341779876
P11807,2545.44684171206
P11810,2545.44684171206
P11812,4229.72645256253
P11814,3652.051243586338
P11815,2628.9988196864742
P11824,2554.073182520302
P11825,2535.6599387751453
P11828,3587.4269756372823
P11829,2733.9944741975023
P11830,2525.9859688730753
P11846,2584.4589931237265
P11847,2410.910867659574
P11854,2723.6351428533294
P11865,2472.274875761393
P11868,2422.8280376173216
P11870,2381.5299530549673
P11871,2475.1126146053202
P12023,17790.772303100362
P12101,15455.30612774588
P12102,15069.677963813705
P12104,2544.5049573351307
P12107,15563.89752653398
P12108,15695.940624977902
P12109,16724.792140033293
P12116,3272.9271671930824
P12136,16488.531276919206
P12171,2857.4729328804087
P12180,2553.307266068032
P12212,2535.133234979922
P12213,2533.306331931804
P12214,2476.9451837792103
P12215,2518.496228114317
P12216,3585.6470907390294
P12218,2520.8057608211393
P12230,2733.3298135883097
P12233,3306.845188419199
P12236,2482.257831538397
P12237,2548.130202243453
P12238,2482.257831538397
P12240,2453.479223653298
P12242,3026.4372486397688
P12243,2521.592063975053
P12244,102182.9021566427
P12318,71783.46298537902
P12382,2662.6139546348754
P12439,2485.968694559459
P12440,81818.02967083117
P12444,2515.0183927054477
P12445,95425.95344765719
P12450,2454.494638720188
P12453,3997.2460321586786
P12459,2575.081112257588
P12462,3523.7239330177335
P12463,2561.264805181364
P12466,2504.075475774297
P12469,2455.469543897676
P12473,2453.2411224101256
P12478,2450.0495797327903
P12482,2818.331047360729
P12488,2508.869711840876
P12498,2357.7058127059818
P12510,2545.943106040218
P12513,2449.649142145747
P12520,2455.469543897676
P12522,2283.464220729086
P12523,2481.7949539238452
P12531,3432.247508591273
P12534,2821.1433529366827
P12535,2644.4648836486144
P12537,3600.0880386649796
P12540,2694.332445027516
P12542,2844.3673385703664
P12553,2447.500371269716
P12555,2469.4869072368083
P12557,2575.1260925394636
P12564,2705.347685271755
P12566,2582.1063500662385
P12571,2618.4307958219315
P12572,2554.8996035833643
P12573,2473.7156633458403
P12575,2433.6558937962754
P12576,2263.427913910838
P12577,2434.4703801207224
P12578,2914.3424872766195
P12647,2538.1046554705636
P12650,2411.316832119525
P12671,79845.72351942371
P12719,2724.188712796653
P12784,2684.9887331904797
P12828,2658.9773148567906
P12926,2568.4651366099524
P13011,2853.4876570721613
P13013,2573.1731047090184
P13041,17285.766676078416
P13050,2715.99518123894
P13055,3073.005719524976
P13059,2758.1240515141626
P13094,2229.686562725896
P13097,3194.9441835395287
P13098,3075.1535689128614
P13193,52594.80195478443
P13222,2514.1068309456314
P13227,2990.0042120293715
P13459,2513.598587928498
P13531,17162.56837416974
P13647,2484.093936338985
P13654,2819.463443403891
P13664,2433.2552811328346
P13666,2464.2269040649926
P13667,2494.2701651105513
P13668,2415.966707978151
P13670,2658.925087233285
P13672,2431.817039838643
P13673,2647.807154487691
P13674,2422.1887079575145
P13686,2680.1802954621553
P13687,2549.8349096723173
P13688,2547.0938702011804
P13689,2581.4831618659273
P13690,3106.4242221333316
P13692,2551.4947009504317
P13695,2575.6328749508234
P13697,2684.4300508352158
P13782,17630.00540527511
P13792,15971.587810606481
P13867,2837.670488400651
P13868,2664.451184761909
P13889,3272.267553925976
P13890,2368.0036279651376
P13901,2668.6914524456774
P13909,2786.324577822177
P13910,2618.2649551259624
P13915,2521.9060674249768
P13932,2613.676429979138
P13933,2407.4785571716657
P13934,2403.0847764761693
P13948,2508.1568075020964
P14010,78762.04446894361
P14011,82913.47491059105
P14012,3000.859335116386
P14014,103164.40082441384
P14018,3473.048425185363
P14020,2493.142966109813
P14021,2510.111645198362
P14025,2586.115255344399
P14026,2405.9171817931838
P14027,2447.9557066982156
P14029,2631.974014159515
P14030,2678.7961772180897
P14089,2587.229096621765
P14092,2609.985877238697
P14123,62695.71378747221
P14142,3040.107370046363
P14410,2656.936018820344
P14411,2517.229634464492
P14414,2605.8938939356503
P14682,4371.610943628962
P14684,2763.3689448188643
P14737,17014.450629453055
P14745,2296.500069309725
P14785,2533.44679046785
P14813,2785.8311041180586
P14816,2504.5621834864287
P14821,2563.3734045615515
P14840,2468.996458070478
P14853,2654.971154080425
P14854,2903.9927949122657
P14856,2880.0632499818666
P14876,2683.563181242163
P14878,2655.5463001384283
P14880,2692.374393690844
P14887,2639.638769460561
P14890,2624.0608847531016
P14893,2783.992917340282
P14898,2621.6997268378195
P14906,2867.777473003837
P14920,2656.166068248842
P14921,2501.0687292164407
P14922,2540.6510685265007
P14925,2531.7803729623447
P14927,2627.390832179801
P14929,2616.9151430616635
P15034,2554.211380524533
P15035,2549.5499155497982
P15037,2583.2972016619055
P15038,2540.843710083624
P15040,2540.0595462381007
P15050,2424.6629871263603
P15051,2550.892350296598
P15175,2575.162887082282
P15176,2545.181428681115
P15177,2579.8711631266515
P15183,2618.682720554521
P15188,3182.3860351879293
P15191,2640.850103400786
P15192,2476.4465381433374
P15196,2312.737044455877
P15197,2486.946421187441
P15203,2532.4020471046956
P15204,2592.735760842894
P15205,2541.7936535120334
P15206,2515.6453392574044
P15209,2594.850514057557
P15210,2539.6338127091817
P15213,2831.020087330754
P15216,84451.23057004563
P15218,3739.6938489616996
P15221,84690.31436096341
P15222,2475.8896890505503
P15226,2548.808415595172
P15228,2571.021642931787
P15229,2549.8349096723173
P15233,2537.881022347488
P15235,2493.985003264383
P15240,2553.468525381349
P15313,2536.5079356583356
P15314,2486.7854151835827
P15320,2458.2793361145727
P15324,3574.8914832072337
P15326,2486.946421187441
P15333,2709.750955578238
P15335,2687.4896233527556
P15337,2586.6330029378573
P15338,85100.72637878751
P15355,2548.808415595172
P15377,2182.127470758528
P15414,2318.41458235632
P15446,17264.798182168965
P15551,3441.6787420311057
P15707,2496.321593569165
P15708,2543.606995891647
P15709,2731.538569153023
P15722,17264.798182168965
P15723,15734.446249112974
P15724,17037.553245577164
P15798,19202.402459680092
P15824,2531.830373520017
P15856,2322.9118570907203
P15858,2639.778930506574
P15859,3300.6534922000847
P15886,2607.934706599238
P15890,2671.9112816543125
P15891,2927.409677743193
P15897,2857.927838212316
P15898,2659.772584978804
P15907,2811.748313973374
P15909,2822.6619830215554
P15910,2712.4555623140445
P15924,2469.0388953535294
P15925,2463.4288481157205
P15926,2443.0186090669085
P15927,2431.29033148418
P15970,2634.621111581358
P16070,2368.390735826103
P16090,2325.3533214360423
P16097,2167.7037000620876
P16158,2488.6644235971557
P16161,2538.730644692552
P16162,2535.660953784936
P16163,2567.003514299919
P16164,2532.4020471046956
P16169,2544.7036663164004
P16170,2565.847780477373
P16171,2853.507111837307
P16173,2538.908352924721
P16175,2449.25912830584
P16176,2419.8510868237704
P16177,2260.9780695039412
P16178,2757.628328894624
P16179,2470.4272697829147
P16181,2434.655979306903
P16183,2428.381509172133
P16185,2448.559474365081
P16186,2433.924633268477
P16187,2554.511056668898
P16188,2517.229634464492
P16190,2540.801365860965
P16193,2522.4867084172975
P16314,2460.3736594788747
P16315,2451.485254094616
P16392,2680.866467443133
P16415,3233.3664126435597
P16491,85743.41966489596
P16493,85536.64310792548
P16494,85007.9097002652
P16495,85713.97699128
P16496,2517.7792350839936
P16498,2528.572834087013
P16500,2505.708606204701
P16501,2772.9386904330736
P16503,2518.1771806208644
P16504,2826.396182640851
P16506,2503.999014914551
P16507,2507.5812474786435
P16516,2478.46293716731
P16517,2478.875132630735
P16519,2477.4342172543984
P16520,2533.5394737406823
P16521,2478.875132630735
P16522,2480.1471943222737
P16524,2640.4469872432114
P16525,2476.4465381433374
P16526,2568.7829273460297
P16528,2501.02668813451
P16529,2787.811780886081
P16530,2612.87510266149
P16534,87731.64254388292
P16540,2489.8127695620174
P16542,2468.484787404218
P16544,2481.4317245258576
P16545,2478.46293716731
P16546,2521.3596713134752
P16548,2489.5735016653207
P16550,2937.4477338937113
P16552,2696.3874305951826
P16558,84184.79127114442
P16565,2470.797413369256
P16566,2476.642809769124
P16569,2471.539979162656
P16570,2492.0764101222862
P16571,84184.79127114442
P16573,2478.7936087151334
P16574,2445.964117381547
P16611,2375.6075229449343
P16643,2694.987867735374
P16660,3924.5910229881697
P16661,2548.932281481297
P16687,19507.918494320398
P16734,3243.754158829641
P16735,3033.3403124916226
P16736,3242.6266717668414
P16744,2165.14241413889
P16750,2120.179616464568
P16751,2094.8886488950156
P16752,2171.9691824957777
P16753,2177.1893682594646
P16756,2189.147882774899
P16757,2274.972332845418
P16758,2247.644459164165
P16762,2802.3487846212747
P16763,2098.387251146912
P16787,2284.9481702602457
P16788,3015.4535723762565
P16789,2167.1442224685843
P16832,2669.2041273194122
P16834,2970.3229270375236
P16867,95033.90720800904
P16893,2519.210884502101
P17133,2518.34550169578
P17136,2475.8135565111415
P17137,2624.8942312063746
P17147,2731.5428854697234
P17148,2524.7601455525787
P17149,2690.5457772668447
P17150,2485.9891158267124
P17154,2484.4606710987714
P17246,2504.900272962897
P17248,2567.4044076626647
P17249,2580.3943109578545
P17255,2583.212891794636
P17256,2636.283477289764
P17257,2563.15829557038
P17258,2784.3031768233914
P17261,2557.1775348231713
P17262,2596.633997508965
P17264,2431.29033148418
P17265,3223.839004693829
P17278,2487.7807096088736
P17287,2855.8670163709553
P17306,2637.581693369479
P17308,2439.4335609202344
P17309,2472.8375709102143
P17313,2393.4025513531633
P17314,2287.671370055361
P17315,2510.8527583821115
P17317,2270.69278643775
P17319,2493.4216774420183
P17323,2512.9248525661787
P17324,2519.505189420443
P17325,2787.071407144159
P17415,2615.144759041104
P17422,2502.8514518190286
P17424,2975.6906317519547
P17442,2282.4878801251407
P17444,2467.3161087313383
P17447,2617.7548296396803
P17448,2692.5743168746562
P17479,2724.5435803891673
P17482,2519.802711707883
P17483,2619.313155471113
P17486,2734.5934027713297
P17501,2141.576318013345
P17502,2620.645202667412
P17503,2098.868856539885
P17504,2279.7301954433633
P17508,3082.880325849771
P17518,2190.0174373146288
P17521,2627.8826376691827
P17523,2102.548635673043
P17527,3584.2955984243727
P17530,2624.1052338179716
P17539,2134.7963461423715
P17540,3940.3317544572456
P17542,2275.921890631923
P17562,15465.934850823724
P17660,3242.4417967284785
P17829,2456.0622370847504
P17855,2359.7104680992798
P17856,2565.869253133011
P17857,2452.4294132003224
P17927,2908.1587751933043
P17934,2461.073988176045
P17964,4082.100498332466
P17974,2735.7061060864835
P17993,2638.573247453782
P18049,2923.272466065501
P18051,2720.3250484858304
P18053,2855.848276784832
P18054,2641.1541430219118
P18061,2723.139058140815
P18063,2530.0963424953507
P18065,3285.2529369853546
P18123,3517.649332383801
P18127,3639.4299880358694
P18128,29036.45917600098
P18156,2206.455936726527
P18157,2582.6907200325777
P18159,2263.391499704077
P18161,2114.5204549021673
P18191,2097.9397633802755
P18194,3165.4726548819044
P18195,2212.217356902228
P18211,2283.2795646362965
P18217,3437.648738519734
P18225,2530.8415451452356
P18227,2503.999014914551
P18231,2508.5772296354544
P18253,2103.4306689409536
P18258,2094.557344856491
P18259,2687.483466175292
P18261,3292.035463842922
P18262,2267.6354578306
P18279,2272.9797267598974
P18281,2249.73742816442
P18296,3019.0114698125817
P18300,2586.910667530276
P18434,2461.0144756684767
P18460,2836.9894317022276
P18519,4658.9265205011125
P18522,2236.1585011718257
P18557,2484.8432784788483
P18558,2451.050288417305
P18650,3597.9207750876967
P18651,2585.2208020065955
P18654,2517.3757873478285
P18655,2461.044957718659
P18656,2515.131068029568
P18731,2650.011702641744
P18735,2693.5458176675997
P18739,2827.570937339732
P18749,2811.1782797194332
P18752,2795.0403551334493
P18755,2801.7631264507127
P18769,2824.2647892595305
P18771,2805.4831682808917
P18796,2528.3552002159727
P19035,2619.033584260641
P19037,2434.6354685874776
P19038,2443.6206058025336
P19041,2507.8406414800934
P19052,16804.86716234948
P19124,1841.4543643349941
P19250,2472.3418919833553
P19252,2457.990379811055
P19253,2436.553832853537
P19265,2532.3397059978415
P19282,2367.0830029556028
P19573,2521.919510997451
P19574,2486.498141298764
P19590,3299.320846357954
P19599,2392.4271173122083
P19630,2574.279367006871
P19680,72653.13095145136
P19684,83445.20878184488
P19685,2483.321379442587
P19686,2946.4492623838864
P19696,2632.01608254288
P19697,59709.29230600188
P19699,2492.4452215181677
P19701,84896.5793046022
P19703,2517.386603050065
P19715,2553.42421284274
P19720,2716.6214668513235
P19773,2707.8522179646625
P19812,2672.742911980049
P19813,2586.5606879505563
P19814,2612.573790905268
P19851,2136.604340952803
P19856,2313.567181563811
P19860,2503.0048497252005
P19861,85289.96636707838
P19864,2495.948718994367
P19865,2706.0503707502435
P19866,2512.0965065177393
P19867,2336.126086761764
P19868,2481.8494785298567
P19891,2464.868027548374
P19894,2290.069817495834
P19897,2171.9691824957777
P19899,2212.217356902228
P19905,2586.1035774481406
P19906,3229.5709035398854
P19907,2537.585027442133
P19908,2778.9583046107327
P19911,2476.5405241508165
P19913,2592.2087334385715
P19915,2473.1775893843273
P19916,2599.470881714758
P19920,2511.786327610893
P19925,2488.511818697878
P19926,2779.7934466547035
P19928,2564.5977431364377
P19938,2623.528887412438
P19941,4342.81157214291
P19954,2855.848276784832
P19955,2755.481663730826
P19979,3878.1995472755943
P20002,2687.7007241793494
P20004,2622.4727377776635
P20007,2811.1782797194332
P20010,2643.855604576695
P20022,2800.1504861306685
P20026,2724.67151738347
P20036,3465.3290369909196
P20040,2918.3804634070666
P20041,2806.993371427591
P20042,2563.035854812112
P20047,2845.2221304897416
P20048,2817.402553261725
P20049,2697.501763291391
P20050,2618.8364618246314
P20053,2815.7809144037665
P20066,2826.8702431144584
P20068,2848.575309195542
P20129,2516.3839314683282
P20136,2496.024934132443
P20141,2477.4167587870397
P20142,2518.9528813586676
P20144,2724.0824268166493
P20212,2563.2878926237972
P20213,2545.181428681115
P20215,2570.050364795797
P20218,2575.234133940615
P20219,2571.55529363333
P20220,2545.181428681115
P20221,2576.2569763268275
P20243,2698.2442178191645
P20244,2599.5947718261114
P20247,2556.7791049448115
P20251,2604.6361717960176
P20260,2528.8564388289424
P20267,2816.689482307201
P20269,2518.7459599242657
P20270,2807.096760658394
P20272,2536.8596785591812
P20274,2507.912935007744
P20307,74621.83747509225
P20311,2099.6621341577547
P20312,2118.0345699340887
P20315,2098.7191606870847
P20318,3247.021497134495
P20368,2335.4831196045084
P20387,2432.5546745827705
P20436,3240.6516967940584
P20527,2742.094075311373
P20546,2512.323614813496
P20665,2495.4700482165113
P20666,2980.120025309185
P20695,2389.996843948603
P20725,2506.216515303118
P20726,2453.1377614766925
P20766,2542.4962675067304
P20786,2495.1639760722874
P20848,2692.2827767530216
P20849,2757.2054107134936
P20855,2296.4292495935665
P21016,2551.0205700385845
P21021,2559.8491823544073
P21059,15334.435997080374
P21112,2420.1726990714046
P21118,2845.6009350759596
P21123,2528.816969730153
P21145,2267.5974120509895
P21150,2169.088339268784
P21151,2629.1752882616315
P21160,2179.728585019824
P21168,2220.449934615519
P21169,2154.4716551112124
P21172,2163.234117266225
P21174,2668.5169447435323
P21179,2612.001819811191
P21183,2478.7936087151334
P21185,2933.986561455536
P21186,3560.4279067678053
P21193,2351.7212540813903
P21231,2519.30865153998
P21243,2937.2182923659193
P21247,2949.0547081008126
P21249,2992.619904912823
P21253,2176.324904827406
P21256,2225.518620869569
P21283,3662.957687662192
P21308,2610.0429684926503
P21364,19350.961796380067
P21379,2327.059744164436
P21381,2357.3635530726433
P21384,2337.0312485638697
P21388,2571.917545413588
P21392,2598.8903763963044
P21393,56621.36413912813
P21680,2957.043044717234
P21715,2452.809297372382
P21921,3070.148037752994
P21930,2310.3561547227364
P21959,2176.67252547981
P21960,3179.490230390752
P21961,2176.67252547981
P21962,3255.59735219231
P21963,76872.42236721088
P21979,2460.8520903255253
P21988,2474.537155353994
P21989,2498.878057225705
P21990,3654.5939758669106
P21991,3650.268356934763
P21992,2650.5543637272494
P21993,2669.5441115371
P22000,2612.2497213631063
P22001,2771.4777305375746
P22003,2730.5062243121297
P22004,2556.7791049448115
P22005,2547.3368227652854
P22006,2553.468525381349
P22007,2581.3922465308774
P22009,2547.3368227652854
P22013,2540.614116051299
P22066,2556.0949134622947
P22067,2633.9239842065954
P22070,2722.220712714362
P22103,2652.754856349211
P22104,2875.1714156868456
P22109,2605.242000076299
P22117,2822.156287452547
P22119,2829.052930366224
P22122,2823.7815966537037
P22124,2644.917003302957
P22126,2801.9368307987056
P22128,2812.357409859996
P22139,2881.913933850616
P22141,2881.913933850616
P22143,4053.267490670481
P22145,4114.329053683766
P22148,2671.567053439619
P22149,2607.257704321314
P22161,2930.9046707849348
P22163,2900.0758605807623
P22164,2853.216285274852
P22168,2878.476387012332
P22193,2873.694001058585
P22202,2536.6725049835186
P22205,2621.682778216353
P22227,2556.718331615553
P22259,2868.5532954457394
P22264,3051.08954954484
P22265,3021.739452351464
P22289,2831.9217259963148
P22291,2858.147715808733
P22293,2658.9600171747147
P22315,3712.6626144865945
P22318,3712.6626144865945
P22321,2948.9665447638645
P22323,2786.224304989793
P22324,2692.5520790517403
P22327,2748.4108378481856
P22331,2910.6049083340254
P22334,2511.8405744389115
P22338,3662.352735561649
P22339,106138.64417550634
P22342,3419.128268736587
P22343,85732.49625377671
P22346,2601.5148421620725
P22350,2517.6598466350297
P22351,2576.637349227355
P22352,2522.1492093433408
P22354,2522.2310579217665
P22355,2594.0477006421197
P22356,2594.0477006421197
P22357,3648.3487046102728
P22358,3555.26990997406
P22359,2522.2310579217665
P22360,2520.8489295697605
P22361,2701.487837784148
P22364,2633.6694434126953
P22368,2639.1499088776395
P22369,2639.1499088776395
P22372,2473.161620132329
P22373,2605.6889218928795
P22375,2442.0695456741373
P22380,3414.822331112722
P22383,2442.3911643687957
P22384,3407.796225255509
P22388,2442.3911643687957
P22389,2447.95610300252
P22390,2519.952467430685
P22391,2447.95610300252
P22392,2447.95610300252
P22393,2527.6303998952344
P22394,2446.8474295303736
P22395,2603.0784558671353
P22401,2787.2859584666116
P22403,2605.0901544780236
P22437,2609.089899248911
P22443,2715.010342456954
P22452,3171.722837605515
P22455,2499.9951090083678
P22457,2499.9951090083678
P22458,2667.808853743365
P22460,2542.779260162181
P22467,2765.2512316554526
P22468,2460.3056026534073
P22470,2733.391307627691
P22471,2575.496990299158
P22472,2568.247462084111
P22480,2569.2675305515945
P22484,2547.6739482735247
P22485,2575.3078141544584
P22488,2595.964665407509
P22489,2585.292331579933
P22491,89172.58199813437
P22521,2550.4317855873164
P22540,3677.2123611585325
P22543,2626.1701172096327
P22555,2563.1954498509217
P22557,2564.517563733262
P22564,3268.0942369264762
P22654,2697.4779384144417
P22655,2428.2013124152713
P22659,3608.5554466116437
P22660,2536.06738334199
P22661,2536.06738334199
P22675,83554.62749170647
P22682,2459.297387184655
P22689,3531.0271801235313
P22698,2962.4231542158286
P23013,2741.6782729541883
P23099,2443.5307781728607
P23100,2443.2412191066974
P23104,2475.9020894868763
P23107,2457.5569290558697
P23110,2454.8247937012175
P23327,2395.803125301903
P23329,2600.6769488613327
P23346,2685.3681552146236
P23351,2760.426180930862
P23361,2660.622913009855
P23364,2696.9631658235808
P23366,3486.697941611333
P23367,2977.859137526699
P23376,2938.4859030206117
P23385,2556.164581953507
P23387,3266.876023191053
P23390,2866.1343503036924
P23396,2672.871136560115
P23399,2871.5019433947346
P23408,2865.4582227659394
P23418,2790.175544458818
P23456,2599.2229614203907
P23545,2643.094686986085
P23549,2503.225232127071
P23560,2434.621977898283
P23750,3545.411159251904
P23757,2526.2941495889804
P23758,2593.659503289767
P23759,2433.920778321061
P23783,2832.627565623815
P23784,2618.4336672434856
P23785,2617.0536261778952
P23797,2135.8761133309454
P23800,2255.976299490441
P23802,2118.386846398268
P23806,2243.43136122776
P23807,2253.8299500335743
P23808,2343.134827599497
P23814,2490.0411234194335
P23819,2647.1883657881617
P23820,2765.722792562872
P23822,3724.175348600233
P23857,2107.252519758585
P23864,2107.276792396615
P23865,2114.392380396768
P23866,2133.0319140526944
P23883,2180.0206253055508
P23884,2180.0206253055508
P23886,2276.509377547601
P23890,2257.1660077325555
P23904,2252.6419993838276
P23905,3165.4726548819044
P23910,2180.0206253055508
P23911,2180.0206253055508
P23913,2276.509377547601
P23962,2526.832210567863
P23965,2512.6059162882716
P23966,2504.337028399541
P23967,2508.089741996992
P23972,2888.3780303571393
P23978,2647.0349499828567
P23982,2627.738406210567
P23983,2837.0205004601253
P23984,2525.431252852606
P23986,2508.346883032377
P23993,2658.3253884746327
P24000,2638.864293397604
P24002,2639.140978353121
P24012,2853.8929105320594
P24014,2790.253570503944
P24027,3009.6445051927567
P24030,3015.267313511841
P24196,3072.8876773915895
P24197,3078.623868735207
P24213,3152.7810489119706
P24214,3292.5324982796724
P24216,3104.3569638766385
P24278,2369.5484707343894
P24530,3081.4680411964596
P24539,3854.296958282495
P24750,2495.307652459581
P24754,2482.9306255761135
P24757,2444.231086096255
P24759,2480.6696763961495
P24760,2442.9428231576394
P24764,2465.477228529879
P24765,2606.740542867291
P24766,3476.411831429073
P24768,2257.1660077325555
P24769,2286.1531502947346
P24776,3120.0022891625354
P24792,3458.80073506171
P24795,2614.414410900256
P24807,3301.7705552802995
P24809,3281.1277355634656
P24810,2367.2846749092764
P24813,3282.407442360883
P24819,85627.39955802943
P24823,2499.450286429404
P24826,2476.841530883546
P24837,2501.958275399376
P24838,2495.948718994367
P24839,2479.8267835064657
P24842,2499.450286429404
P24843,3452.0829572728403
P24844,2563.745956204128
P24891,3467.0568357167126
P24893,2491.22467598035
P24894,2478.570279138378
P24896,2479.506998399795
P24897,3462.123682039983
P24899,2473.870364403093
P24901,2495.948718994367
P24902,2477.0777851128037
P24905,2495.948718994367
P24907,3418.414436751478
P24908,2495.948718994367
P24909,2603.8892868107214
P24919,92336.40765323806
P24921,2501.287577512776
P24923,2315.7356371175183
P24934,2716.03632418474
P24945,3415.2063745465493
P24948,2486.7116690513635
P24949,94816.00218283739
P24951,2499.376397149295
P24952,2641.7696411610495
P24953,2701.688843741875
P24954,2502.9235258318135
P24956,2507.375111483518
P24961,2489.7254456188302
P24962,2473.980735428119
P25145,2290.9512649258177
P25149,2516.5379709935733
P25150,2404.287407314853
P25151,2343.4217649907796
P25152,2322.5709179735877
P25153,2347.525816912937
P25155,2350.819245191335
P25156,2328.421122872622
P25157,2541.2451667604287
P25158,2968.55474543205
P25159,3063.5280257165805
P25160,2511.300219555901
P25163,2490.177768644274
P25164,3499.673997679211
P25166,2449.226135832818
P25167,2481.63286922481
P25168,2799.66147776954
P25188,4308.287689669881
P25190,2560.894850795202
P25192,2545.0051972383535
P25194,3574.247176632802
P25196,2535.329329637708
P25211,2563.764841932201
P25214,2469.5355832470327
P25216,2623.244603310157
P25217,2507.9438135951464
P25235,2571.633902531385
P25237,2539.028606430701
P25241,2602.814329778881
P25242,3666.806152086434
P25244,3588.9420361652765
P25246,2581.476268990534
P25252,2805.2357003900947
P25253,3082.369160744946
P25254,2686.6059281607218
P25255,2559.394027626302
P25256,2623.427533155202
P25259,2873.0460383227064
P25264,2600.2219938362186
P25266,2480.444412160653
P25267,2503.664144688207
P25268,2480.0604018263516
P25270,2483.924237308594
P25271,2489.6388397351825
P25272,2469.4260328438063
P25379,2520.0351818047156
P25380,2497.002320164099
P25383,2497.002320164099
P25410,3613.4477868056074
P25411,2549.5000397218555
P25412,3585.702477092926
P25413,3918.0498949476214
P25414,2491.110578681065
P25416,2484.4606710987714
P25417,2541.6494242514455
P25421,2434.3947535406855
P25427,2490.979948144679
P25428,2468.301887124609
P25429,2429.1657783519036
P25432,2457.5761854830494
P25433,2460.4153687349685
P25435,2484.4606710987714
P25436,2484.4320559342805
P25439,2505.3729560558254
P25441,2484.4320559342805
P25443,2483.6430029850053
P25445,2526.9790769349606
P25453,2845.6396189878747
P25454,2477.4513233358552
P25462,2563.764841932201
P25463,2507.9438135951464
P25464,2694.902366585107
P25465,3239.7616626984145
P25470,2921.4277618223014
P25476,3921.545523296861
P25478,3179.2514578192554
P25479,3104.19227997405
P25674,2725.0588617694
P25676,3201.8373207280483
P25725,2740.707795950264
P25742,2730.804756713765
P25921,2584.882826410241
P25923,2587.979035726644
P25925,2587.979035726644
P25947,2619.2181507682185
P25985,2668.6148980492194
P25986,2888.117089874489
P25987,2645.122729045319
P25989,2660.622913009855
P25990,2627.201167597465
P25993,2864.605119495593
P25994,3090.1561618159567
P25995,3407.170369361253
P25999,3045.711060463206
P26116,2376.034733447538
P26132,3622.8456944933578
P26134,2555.0467143051515
P26135,2708.896473290609
P26136,3739.1835306407625
P26137,2516.964405489912
P26167,2743.910248910548
P26168,2743.254662948083
P26169,2553.105948586432
P26172,2642.080086815993
P26178,2295.1365479732794
P26181,2696.3515687500176
P26182,2627.8826376691827
P26196,3545.6749843064
P26373,2495.5863600968705
P26377,2585.8816655829364
P26378,2973.030238673583
P26392,2531.871472572809
P26394,2479.1336339173668
P26398,2487.669931293981
P26399,2541.2241517832144
P26407,2497.563915753885
P26408,2497.563915753885
P26413,2561.0998583928413
P26414,2504.277724689366
P26415,2745.39511096302
P26420,2541.6075027613733
P26423,2512.141088360762
P26429,2550.038598219043
P26431,2544.087205802125
P26433,2553.5926176486505
P26446,2726.960787070558
P26479,64747.119946802784
P26610,2446.8371058105
P26611,2458.8633045962847
P26612,2446.0535932530324
P26616,2536.7484772893285
P26617,2754.7807225674987
P26621,3025.578792224317
P26622,2537.7560397130696
P26623,2452.175472453324
P26624,2448.685941521489
P26625,2452.175472453324
P26626,2582.3532485978785
P26627,2449.4571144131814
P26628,2446.0535932530324
P26629,2526.304276919263
P26631,2446.286911951351
P26632,2452.175472453324
P26633,3565.26001062324
P26634,2452.175472453324
P26637,2447.760861282922
P26638,2469.425505014583
P26643,2608.097405465318
P26644,2567.6778309367446
P26645,2608.097405465318
P26646,87081.72075463455
P26648,88304.11239820605
P26651,2600.745847577306
P26652,3508.8552052640393
P26654,2528.613088063691
P26655,3638.673364777527
P26659,2707.398376676913
P26662,2526.189294023932
P26663,2569.752702269549
P26667,2611.6536704968735
P26671,2470.9055771363337
P26675,2468.484787404218
P26677,2471.6176621483264
P26678,3311.0689545061073
P26680,3326.0467605921012
P26681,2457.357065382404
P26685,2492.7570568683072
P26687,2495.362947045684
P26689,3599.2795516260444
P26694,2602.7621733270466
P26697,80194.7141303483
P26698,2510.7994123631856
P26699,3490.208292318619
P26700,2521.919510997451
P26704,2626.2302341272953
P26707,2512.0965065177393
P26708,83907.27955616615
P26711,85004.1187533841
P26712,2507.227345239658
P26714,2729.34402170808
P26715,2729.34402170808
P26718,2764.0921359276476
P26719,85937.48966140147
P26720,95223.29204941358
P26721,86576.73592164881
P26722,89676.02815685704
P26723,88777.91949756932
P26724,83240.74335905163
P26728,2369.7140590637528
P26809,2367.467650176533
P26858,2480.6223103181437
P26859,2759.5353324665407
P26860,86973.56997960896
P26892,2888.9958984834007
P27251,2656.936018820344
P27253,2673.3523786114674
P27257,2583.996429877763
P27261,2474.9190751942015
P27263,2478.028097161658
P27264,2481.504533817938
P27265,2445.758885452625
P27266,2471.070252023799
P27267,2449.1239212070373
P27271,2443.5307781728607
P27277,2532.6327985107696
P27279,2592.116695956953
P27280,2550.778022513964
P27281,4156.749004505108
P27282,2606.208938139982
P27283,2588.0627083152917
P27285,2587.421011571643
P27286,2712.3792413368565
P27287,2705.0003294718585
P27288,2688.2906385097476
P27289,2866.6670616937404
P27446,2666.3751287533682
P27667,2490.95776813029
P27668,2494.384966060622
P27671,2811.748313973374
P27672,3600.0880386649796
P27675,2811.748313973374
P27676,2800.7182850284316
P27680,2800.7182850284316
P27682,2822.5535541132026
P27685,109600.04595735142
P27688,2645.1053479078
P27693,2744.2344674189135
P27695,73376.63713435148
P27703,4133.548160944179
P27704,2743.418090882898
P27705,2936.147618964345
P27707,4143.648381892687
P27708,2913.4338976296262
P27711,2704.7532536972553
P27716,2774.683025919468
P27718,2705.7302569797826
P27724,2704.0391795363257
P27728,2747.9989910989525
P27738,2645.3893750333377
P27740,2458.553309208549
P27741,2645.3893750333377
P27748,4298.2669272515395
P27972,2625.388615004152
P28235,3765.028710647185
P28237,106903.9993969277
P28243,3365.6432161280727
P28245,3129.685997987623
P28252,2382.990310050129
P28258,2437.2117271213756
P28403,2401.4186784894023
P28419,2932.6095589917745
P28465,3041.2749350376384
P28466,2975.295062842783
P28467,3247.6843078166753
P28468,3883.3495576819746
P28538,2765.463805531016
P28763,2927.5125116235286
P28764,3031.4070111191495
P28767,2931.540104766216
P28773,5371.053979057179
P28861,2841.4955410503735
P28863,2845.544621769653
P28865,87464.57545848658
P28867,2554.828433938194
P28868,2525.6376594296407
P28870,59944.615310040695
P28871,2520.8574471276465
P28873,2518.980801601275
P28876,2561.579987960991
P28880,2554.828433938194
P28888,2526.794606944503
P28890,2866.6670616937404
P28891,2527.798217382529
P28892,2559.2866354626167
P28893,2527.798217382529
P28896,2428.2263282723134
P28899,2708.124110712858
P28901,2558.2482711388393
P28911,2627.3057426198566
P28915,2621.1806296194018
P28925,2536.7689251689167
P28926,2564.436961850143
P28927,2575.081112257588
P28928,3963.920821680888
P28929,2537.6726285690675
P28933,2548.239671890154
P28936,3836.3857623474096
P28941,2827.420681360095
P28943,2777.0185119209627
P29184,2468.634964174154
P29196,69399.85141626105
P29198,2726.1201921429556
P29199,2745.865284482114
P29200,2522.2169842746202
P29202,2538.730644692552
P29203,3588.4519179180907
P29208,2531.547532014619
P29209,2470.34997347067
P29210,2597.6060603234655
P29213,2309.445858368529
P29215,2468.484787404218
P29216,2467.694345778502
P29219,2474.4267595155884
P29221,3176.571288700323
P29231,2568.6939430350953
P29233,2522.28181894772
P29235,2511.2789012550315
P29307,3034.9010945802074
P29346,2651.521719606726
P29353,3470.7805743016343
P29355,2542.0181526651268
P29356,2524.6736744079203
P29357,2571.834873684791
P29358,2507.5938045271737
P29359,2558.3353401869667
P29360,2576.9210457113045
P29361,2554.9965983303623
P29364,2540.7274636266884
P29365,2527.418597774614
P29368,2541.31591156306
P29369,2518.010577127323
P29370,2828.738334093165
P29371,2526.2023543773025
P29376,3277.093074707358
P29381,4230.999627651629
P29383,2541.3532330532676
P29389,2774.328097919557
P29390,3042.3469838844107
P29579,2847.5130166704057
P29580,2503.6673573694834
P29581,2493.2834451190224
P29583,2491.969339086664
P29584,2474.833176103999
P29585,2486.2493894868776
P29628,2661.9810867607703
P29632,2875.6741426417398
P29653,2697.3309806653265
P29654,2859.34081972316
P29657,2627.384690816626
P29710,2664.3554094146257
P29726,82936.25576091283
P29727,86054.22262176118
P29728,2761.479524963388
P29748,2572.0240588509314
P29750,2741.8225809964233
P29751,3065.940483725295
P29786,2470.9055771363337
P29787,2575.8870142195215
P29788,2613.91517886289
P29789,2588.2565655454405
P29790,2570.3835450461593
P29791,3664.361581691355
P29882,2559.785576753944
P29887,2768.1496982159506
P29915,17367.264792183018
P30021,2666.821977172799
P30022,2759.8580141320895
P30044,2314.9577225033445
P30051,2631.265995571783
P30054,79646.9649657964
P30329,2639.02869515009
P30336,2544.7332105625005
P30446,2470.9648991816894
P30580,2732.6837160524587
P30581,2729.4144516540423
P30582,2729.4144516540423
P30584,2729.644961358367
P30585,2729.4144516540423
P30761,3119.3924689440964
P30768,2297.544139200483
P30836,2863.1676155735017
P30964,16980.04617690635
P31127,3380.5023777895212
P31152,4170.23398340206
P31154,2611.973767586081
P31177,2668.363150387776
P31266,2959.576853187703
P31308,2797.4512885661447
P31309,2563.2878926237972
P31310,2549.028970632244
P31312,2539.335865387385
P31313,2713.575452934344
P31314,2524.8753404109334
P31331,3129.1772248805755
P31332,76784.3174116498
P31333,3390.320226706711
P31340,73541.24599635202
P31341,113260.77592528256
P31342,2482.9944813520756
P31343,2482.9944813520756
P31346,2473.5523847278064
P31349,97548.04580819867
P31351,2602.9990653210007
P31352,2505.8257900860535
P31355,2509.917363458395
P31356,2509.917363458395
P31396,2559.277977421798
P31433,3368.8117356971165
P31438,2484.607387454483
P31440,2709.0840692726842
P31441,2804.2732464580477
P31442,2514.876846571533
P31443,2751.2230762862027
P31473,2867.2597019328205
P31477,2854.471603128497
P31493,2845.687071859126
P31501,2800.1504861306685
P31502,2811.1782797194332
P31505,2806.993371427591
P31574,15983.978208501863
P31578,16338.77280135899
P31610,15899.442205203723
P31611,17011.373730786523
P31623,2628.1593772825436
P31627,2676.3300912806344
P31629,2399.8381103065663
P31632,2620.806876097584
P31633,2676.3300912806344
P31634,2372.6931701692297
P31637,17207.807585492585
P31640,2411.1404767733934
P31642,16076.2776010535
P31644,15959.035512082048
P31647,3357.7262193156876
P31680,15545.836611624993
P31683,16370.221914322516
P31684,16052.096991895112
P31690,15916.244043625926
P31830,3169.2277917350057
P31832,3174.0117421007135
P31833,3188.328513750728
P31835,3156.7226126236924
P31836,3543.875785252775
P31837,2431.038560088132
P31838,3427.5952176396036
P31839,2445.5955165844775
P31840,2436.6031206380194
P31841,2433.2552811328346
P31844,2493.3813609486815
P31846,3544.607921863442
P31847,2438.0484344243887
P31849,2430.3441089000976
P31850,2530.99873554133
P31853,2440.0036716413288
P31854,3243.8485846023354
P31855,2416.369876368099
P31858,3267.1649705114837
P31860,2468.6323145772694
P31869,2660.049430074427
P31873,2863.451812676867
P31874,2587.091577866416
P31876,2613.865010686719
P31877,2557.4450472984818
P31878,2566.9653722626167
P31879,2714.3635432310607
P31881,3642.9072637254976
P31883,3118.0464132533457
P31885,2609.666205674613
P31887,2597.660193597104
P31888,2597.8463256206182
P31891,2476.1705157321853
P31894,87398.15545515512
P31895,87574.02245083422
P31896,2648.893607640919
P31928,2476.0436264227433
P31976,2529.599638064434
P32014,18071.320122601945
P32065,2324.050362240435
P32126,2887.1568665124864
P32564,16429.725914485443
P32570,16582.036874541598
P32581,2979.2022496681966
P32625,3205.064588792841
P32901,2872.976793338724
P32918,2495.4519668428484
P33013,2705.682671810212
P33017,2347.7167959252765
P33089,2559.9477619826826
P33191,2724.2438342866876
P33395,2796.9179097864203
P33532,2647.8292810607463
P33533,2739.283010635432
P33534,2714.980917178669
P33681,2608.8872842562473
P33682,2492.377108314046
P33683,2554.6530499366118
P33704,2610.9569650527824
P33943,17170.233036867885
P33945,17491.886655766797
P33971,2708.354375876451
P34002,2594.5731618299187
P34078,3531.1830839635522
P34082,2755.3296363189856
P34083,2756.020776804253
P34087,2829.510774783023
P34088,2951.498170300216
P34090,2761.856245247094
P34091,3564.841196763257
P34094,2948.9267310375553
P34095,2999.741777638579
P34096,2861.76736832933
P34100,2735.2974421499957
P34101,2773.9566055406917
P34102,2458.1625067876225
P34103,2445.758885452625
P34104,2481.7319841774893
P34105,2990.923591057253
P34106,2516.255900067823
P34107,2930.8389580731873
P34108,2516.255900067823
P34109,2611.289634398591
P34110,3591.5665877849474
P34112,3497.125203824521
P34113,2556.96602675333
P34115,3846.9097171872168
P34117,3210.255911080054
P34119,3668.501657382959
P34120,2777.144719498803
P34124,3082.8897183780796
P34125,2993.9948560317034
P34126,3081.4551431245823
P34127,3126.095587984069
P34128,4027.252833569039
P34130,2460.968738923841
P34133,2482.338743210398
P34134,2592.4329700458447
P34135,2486.8085676255682
P34137,3265.844050337911
P34138,2483.4838536860543
P34140,2481.988402099358
P34149,3536.5180938318554
P34150,2660.622913009855
P34151,2697.115711636265
P34152,2623.5669457391978
P34156,2649.7465993424
P34157,2874.395917100592
P34158,2692.592663162968
P34161,2668.309522436253
P34164,3867.54088034132
P34165,3055.3156738752273
P34166,2668.8694372529144
P34167,3912.832389187011
P34168,2684.790513995084
P34173,2895.7658326998207
P34179,2888.117089874489
P34180,2637.0884871665544
P34181,2659.4997169429803
P34182,2668.8694372529144
P34183,2674.2418223101818
P34184,2671.0424496850796
P34185,2668.8694372529144
P34186,2637.300936960471
P34188,2637.300936960471
P34191,2637.0900699604167
P34193,2820.9289514972356
P34194,2701.1331989472596
P34196,2631.93868592115
P34197,2651.2517991498353
P34198,2621.240084601762
P34201,2627.800233948863
P34205,2565.344837283869
P34208,2744.8736896509627
P34209,2766.7638784175765
P34210,2767.5803790191285
P34211,2654.971154080425
P34212,2705.910177733792
P34213,2814.449294678123
P34214,3522.9697376359145
P34216,3628.570228164589
P34217,3297.297645278612
P34219,2659.4991964774035
P34220,2830.996721128789
P34222,2645.7542070265654
P34223,2681.971075097508
P34224,3053.043762904525
P34228,2590.3914057599663
P34229,2649.8004250855543
P34233,3123.9442865118017
P34235,3132.774206944077
P34236,3381.940282044904
P34237,2635.6669063377335
P34238,2703.799808273148
P34255,2616.9245344501796
P34256,2680.521167785595
P34260,2516.1952551186173
P34261,2999.4602791743823
P34262,2921.4665399616015
P34263,2501.174442897529
P34265,2503.997064263859
P34266,2987.546116334899
P34268,2496.651341087865
P34271,2915.8564624627497
P34272,2463.2444451844726
P34273,3342.979623017294
P34274,2801.5412351250593
P34277,2711.022447381458
P34282,2444.9930335198733
P34283,2465.1537037079543
P34284,2432.0530899922296
P34285,2427.177131370688
P34287,3446.726258914999
P34446,3144.222418769144
P34447,3153.2726650928885
P34448,3131.1224828157874
P34449,3189.366962584103
P34450,3153.3511556241706
P34468,2558.64384350048
P34469,2651.822252070726
P34474,2660.622913009855
P34476,2890.2428157991667
P34477,2647.5717120501868
P34478,2734.756737419262
P34479,2627.201167597465
P34480,2561.1530144683775
P34481,2487.0953861533626
P34483,2561.1530144683775
P34484,2560.2356218318314
P34485,2627.201167597465
P34486,2560.727143086682
P34487,2637.3672756680016
P34488,2530.491675084749
P34489,2643.8966582521034
P34490,2709.380764466336
P34491,2509.223860305774
P34492,2561.4682441062673
P34493,2497.558383113854
P34495,2521.086163109954
P34496,2618.943992932773
P34498,2618.179367541167
P34499,2612.2167861673947
P34500,2643.4785707049327
P34502,2605.660185064221
P34503,69813.9907203653
P34504,2561.4682441062673
P34505,2637.1625080217427
P34507,2561.4682441062673
P34508,2473.980735428119
P34509,2606.1397812684218
P34510,2606.1397812684218
P34511,2606.1397812684218
P34512,2643.4785707049327
P34513,2612.2167861673947
P34514,2525.3212199266677
P34518,2606.1397812684218
P34530,3604.7152383525113
P34531,2606.1974286922646
P34532,2495.0723864599645
P34533,2494.3439127478814
P34534,2510.2467398607637
P34715,3171.561658758833
P34717,81978.15315227027
P34729,2689.86088782394
P34800,2508.540856136673
P34801,3341.8212738592433
P34802,2584.4621322688304
P34803,2466.9146690311786
P34807,36153.68241504686
P34855,2988.752627587953
P34858,104157.03578078924
P34888,2496.8660775873354
P34890,2508.8161530136845
P34893,2764.179660296413
P34895,2511.3655386570863
P34909,2636.964804855353
P34910,3095.469375209114
P34911,2806.836673722254
P34912,2621.882231706325
P34956,3159.9868441489302
P34957,3144.6604297215677
P34961,3580.7759576065664
P34962,3412.3003607923224
P34967,3674.770942192647
P34969,2530.9172205851614
P34970,3727.390646847301
P34971,2962.271868578453
P34972,2571.5013530360975
P34973,2570.8869446866292
P34974,2529.117774046787
P34976,2547.4825094339326
P34977,2530.9172205851614
P34978,3029.274089844993
P34979,2531.5959660864833
P34988,2891.1611330248074
P34989,3002.229848179258
P34990,2973.658467136372
P34991,2887.5076132686168
P34993,2960.1905997365766
P34994,90870.14633042591
P34995,2471.8704235567525
P34996,2540.974453781161
P34997,78554.54750884304
P34998,2465.6144553123786
P34999,85554.0281672382
P35000,2466.2409155856767
P35001,2649.8904004097126
P35003,2472.5923365114118
P35005,2505.512734526405
P35008,2499.6269984195287
P35039,3181.916954042588
P35080,2962.995917921187
P35085,2541.3763356024515
P35087,2466.9146690311786
P35091,2534.9014319131243
P35093,2565.866417007719
P35094,2624.8372539643087
P35095,2550.1314140504364
P35096,2571.908061108042
P35097,3007.891655034132
P35100,2571.908061108042
P35102,2520.1920015238925
P35310,2549.705594882316
P35315,2577.53486751921
P35324,2585.0540587256814
P35326,3898.9857904803844
P35329,3491.7052870013067
P35331,16447.832785334518
P35347,2667.888779386518
P35349,2535.3832713002425
P35352,16813.369472627688
P35354,15233.837730317826
P35374,2373.505921917321
P35645,2791.272496649827
P35948,2447.2246973976526
P35950,3235.5048595782137
P35954,2555.84027729296
P35957,2768.970941256706
P35959,2393.7010808544906
P35960,2394.99343563505
P35961,2470.327110234361
P35964,2413.3363023393913
P35966,2466.863982092551
P35967,3247.073989225451
P35969,2417.6742718279243
P35970,2704.247722493155
P35978,3274.6017442146185
P35987,3274.6017442146185
P35988,3232.7065806646224
P35989,3159.6466422756084
P35990,3150.902241660397
P35991,4489.360587225022
P35994,3273.431295699605
P35997,3230.932046568084
P36003,3342.8940354998454
P36004,3138.181543574671
P36006,87448.48573507031
P36010,2791.227769638096
P36019,2691.5319567537713
P36020,2662.3931273835733
P36021,2677.7037328296083
P36082,3074.1434745908346
P36084,3043.7135893102336
P36086,3061.89151670387
P36091,2537.19739923168
P36094,2573.7457100274273
P36095,2581.4351842708675
P36097,2553.7058299436235
P36098,2575.2770167708613
P36099,2579.94250512188
P36120,2604.0896105464294
P36123,2599.949077826931
P36125,2553.850815779259
P36129,2535.2425417635573
P36130,2537.989429405503
P36132,2861.128991299422
P36136,2531.893362867878
P36138,2645.559024155054
P36139,2532.6327985107696
P36140,2544.6226357249698
P36143,2836.3190052189157
P36144,3755.309200741605
P36146,2922.280783587113
P36154,2834.0832542526196
P36158,2582.2793623172643
P36159,2604.749630628926
P36160,2574.6044190594725
P36161,2540.236512355487
P36162,2545.9703538587682
P36163,2532.2094010242513
P36164,2866.248419365703
P36166,2837.003503547713
P36167,2524.1188795201147
P36169,2855.7979118416706
P36170,2526.127212227588
P36172,2560.3236613486015
P36174,2541.3532330532676
P36177,2541.839918820367
P36178,2688.3119065277256
P36185,2468.0751706390106
P36189,2513.292909891211
P36195,2510.572740975805
P36201,2812.5034857330947
P36202,2418.7986486025807
P36204,2431.581081083487
P36206,2428.381509172133
P36207,2428.381509172133
P36209,2532.2094010242513
P36213,2522.2169842746202
P36214,2537.989429405503
P36217,2522.2169842746202
P36219,2535.2425417635573
P36220,2512.813626662445
P36223,2668.442872103542
P36227,2516.096181263681
P36228,2550.7273621345576
P36229,3928.433035131864
P36230,2599.739811006327
P36231,2846.966597139325
P36233,2876.175531531194
P36251,3947.803689243903
P36252,2483.731997817074
P36254,3555.8164882293236
P36256,3551.5628236783123
P36257,2445.758885452625
P36260,3625.406867955124
P36261,2582.6223838860114
P36262,3059.9724052884744
P36263,2563.2220730669883
P36264,2435.891711063718
P36265,2730.6576981062844
P36266,2435.891711063718
P36267,2433.150369788219
P36271,2430.3441089000976
P36274,2435.1315299683783
P36279,2551.6373323745206
P36280,3640.909924592834
P36284,2561.2251717050212
P36339,3112.06430771055
P36465,16773.602105827864
P36467,16777.60945755618
P36522,2933.0775495000967
P36526,3660.3594527757514
P36530,2794.399970418087
P36531,2784.6529674169565
P36532,4488.482599825976
P36533,3169.2013546680855
P36534,3057.591036446464
P36536,3057.7491268410504
P36537,3085.8109814904283
P36539,3469.145837691312
P36540,2565.4943531884423
P36541,2600.3739521812313
P36543,2550.5485880395117
P36544,2791.11436673067
P36545,2600.3739521812313
P36546,2600.3739521812313
P36548,3161.441237727267
P36551,3227.5726902808065
P36553,3167.4356846085275
P36554,3167.4356846085275
P36556,3503.6370670194187
P36557,3167.4356846085275
P36558,3486.7443634475403
P36559,3218.610448476051
P36561,2563.796704775438
P36562,2549.217206590433
P36564,2556.159720275928
P36568,2689.9920650029944
P36569,2557.0536697698785
P36571,2553.9863213442068
P36572,2576.7793915550187
P36573,2568.952223109331
P36574,2576.7793915550187
P36576,2653.075377070589
P36580,2665.246096709347
P36581,2521.4087677655148
P36584,2490.438203161759
P36586,2516.2296848724804
P36588,2516.6276545880523
P36590,2684.9743929655037
P36592,2554.2806740493015
P36593,2737.6067702570076
P36594,2556.6780617494614
P36595,2558.026277356079
P36596,4440.79279938721
P36599,2909.965851698645
P36601,2531.378366099676
P36602,2543.4791463040915
P36603,2531.5092579679804
P36604,2817.7265394153565
P36605,2583.9500045536042
P36606,2530.7651324030126
P36726,2974.907896928284
P36766,3336.349099137849
P36815,3418.126557491009
P36818,3419.124714018726
P36834,2709.117529907189
P36885,2672.8083037444253
P37189,2646.663995829912
P37226,2679.05691465793
P37227,2679.05691465793
P37228,2632.6463360201938
P37232,100613.15176840665
P37233,2777.9346082496118
P37235,102369.17362363507
P37236,2523.493332722444
P37238,97155.25024264689
P37242,2486.946421187441
P37246,2548.9622921282544
P37247,84676.06455001667
P37248,2480.974397094039
P37251,2506.96430695766
P37252,84506.0171948623
P37258,3402.9178161224945
P37259,2477.938651982165
P37260,2476.4465381433374
P37261,2476.4465381433374
P37262,2646.426923186591
P37268,2499.8135377979534
P37269,2500.7582822279787
P37271,2482.2790473801306
P37273,2761.1425001042217
P37274,2467.522325852602
P37276,2468.4705813643977
P37278,3565.5061600103772
P37281,2474.4267595155884
P37282,2926.317877728976
P37284,2501.5196349167395
P37285,2484.68181670821
P37287,2443.881446165481
P37289,2442.5589221208206
P37293,2553.255756781575
P37300,82497.60244545955
P37301,83916.88984669739
P37307,2534.478367564246
P37308,2559.0838066700703
P37309,2901.347888313789
P37312,2785.3836610183107
P37315,2436.3200197892083
P37316,2436.3200197892083
P37320,2442.1726606943375
P37324,2464.1996991338
P37327,2537.1358097400075
P37332,2454.917409748296
P37333,2501.337116922854
P37335,2646.9219797193755
P37337,2484.4606710987714
P37338,3576.090594584925
P37364,2442.5589221208206
P37383,86368.53628733581
P37385,3602.471719838448
P37387,2777.505315985445
P37390,2474.4267595155884
P37391,2474.4267595155884
P37394,2496.5100777157722
P37397,83724.95117437739
P37399,85213.2566361605
P37401,2571.302037468115
P37405,85008.70979005528
P37407,85092.04321799934
P37409,2454.9495439961515
P37412,2470.1984657085836
P37413,2456.9484465707155
P37414,2480.974397094039
P37415,2548.9622921282544
P37417,2481.963881318403
P37418,2480.6843106527253
P37512,3770.3819712498303
P37519,3086.4129175964435
P37524,3089.734114185702
P37535,102824.62849141704
P37537,3671.343643197512
P37538,2665.5987044476046
P37541,2651.5606364114983
P37542,2693.49161292323
P37543,2651.5606364114983
P37544,3207.136184074994
P37558,2862.374046900398
P37560,2852.4701719905456
P37568,102651.66158228014
P37570,2529.372399763455
P37573,2522.26147314905
P37574,2530.0951358470697
P37575,2523.0498512829354
P37579,2550.475755421052
P37580,85702.06349746516
P37581,2543.017497306505
P37582,2555.294969969402
P37583,85092.04321799934
P37587,2723.0546512652077
P37592,2472.173550813075
P37595,2468.484787404218
P37597,2494.3439127478814
P37599,2468.484787404218
P37600,85973.45426158188
P37602,2468.484787404218
P37603,86001.25054770429
P37607,2470.4947063422765
P37608,85179.76867714028
P37610,2468.484787404218
P37611,2471.2006255203796
P37614,3614.6541989912084
P37617,2576.7450154488242
P37620,2498.9736767350487
P37624,2473.3677924342956
P37627,2500.9446886999813
P37631,2508.4001361971987
P37632,2521.677787852474
P37634,2521.677787852474
P37636,3606.8283813159696
P37640,2694.867381875904
P37643,2807.4700597315878
P37652,102800.51211549864
P37655,2556.31409739541
P37659,2580.416964090619
P37688,2533.5254265787785
P37701,2864.338641168173
P37740,2484.4606710987714
P37744,2507.3490132963243
P37745,2484.4320559342805
P37752,2473.980735428119
P37753,3969.7927997695388
P37762,3085.6335376752736
P37763,2480.974397094039
P37764,2738.360323931646
P37766,3079.4864042197146
P37776,81818.02967083117
P37779,81818.02967083117
P37786,108342.24464848542
P37788,81805.09626667708
P37789,112592.080117037
P37791,88567.20066644158
P37793,3509.210938856368
P37797,81818.02967083117
P37807,2847.180727031743
P37812,2565.1251430101347
P37813,2577.108358771582
P37841,2641.7360006748
P37844,2640.085374390826
P37845,2600.9563626086733
P37848,3577.3473462052757
P37852,2454.917409748296
P37862,2685.3689806552597
P37868,3143.320331990335
P37869,3398.784913323256
P37871,3143.320331990335
P37872,3143.320331990335
P37889,3130.7606098947026
P37904,3261.1425832854047
P38035,55729.86827906428
P38144,69465.28314619669
P38166,2230.099507843433
P38167,2812.472222778114
P38206,2881.1530782188174
P38235,3398.5223308783684
P38239,2785.1468768388554
P38349,2433.920778321061
P38350,3569.9565896057156
P38352,2892.993198557277
P38389,3331.6266335266723
P38392,2639.1507032006825
P38393,2555.0467143051515
P38918,3561.3062104569267
P38925,95965.80247714747
P38926,74359.01353582327
P38939,5722.272714773859
P39206,2587.240842476509
P39451,81655.58526178867
P39531,16071.078909547428
P39536,17552.657959115877
P39606,3710.741496055657
P39665,3681.7166376363834
P39668,3688.968065007355
P39670,3680.831659543903
P39672,2661.4935061580145
P39674,2609.549108937344
P39676,2584.734767916884
P39677,2587.091577866416
P39678,2583.996429877763
P39682,2603.053505774218
P39683,2629.2029420819217
P39690,3675.633681376849
P39691,2538.730644692552
P39693,2532.9329474246338
P39694,2532.2094010242513
P39695,2790.690327005724
P39700,2545.9703538587682
P39701,2535.2425417635573
P39707,2575.8636325947746
P39708,2658.644391142408
P39709,2824.64758655286
P39710,2570.620119677843
P39714,2588.825773520956
P39717,2520.8257155581327
P39719,2550.6382728781173
P39722,2868.2173276548556
P39724,2562.9113087163196
P39725,3888.928655271125
P39726,2672.072638790792
P39728,3680.831659543903
P39730,2654.1118512418784
P39731,2660.721111048748
P39737,2639.6537716186112
P39738,2650.111260269786
P39739,2639.6537716186112
P39740,3090.6739096868755
P39741,3594.49274261049
P39742,2794.763135378972
P39743,2570.620119677843
P39745,2572.5796405412107
P39746,2538.730644692552
P39750,2494.974170886749
P39751,2497.9627279870447
P39752,2495.687081997081
P39754,3434.2917901833534
P39755,2537.989429405503
P39756,2535.2425417635573
P39757,2531.5304911199946
P39758,2531.5304911199946
P39759,3035.664243898639
P39760,2630.3715598182866
P39761,2626.6443450340644
P39762,2623.6150105915895
P39763,2445.758885452625
P39766,2445.758885452625
P39769,2433.192895410575
P39771,2442.832759921445
P39772,3555.8164882293236
P39773,2888.223907003096
P39776,2569.4863648728565
P39778,3912.385012902464
P39779,3572.9241661280166
P39783,3923.186952196418
P39785,2401.9897760166828
P39788,2544.47824480541
P39789,2557.8396355529
P39790,2813.787109792499
P39801,3475.601900364098
P39808,3891.15346894435
P39814,3053.5539481948067
P39816,2405.76279745252
P39823,2591.9920529052233
P39825,2631.672724935469
P39832,2654.2266766873895
P39846,2600.6517188515695
P39853,2616.326752170326
P39856,2600.6517188515695
P39929,15597.14401561104
P39936,17643.81305375983
P39938,17279.72874673939
P39946,16222.299987091485
P39950,18449.399688861322
P39975,16566.399689355312
P39977,15547.248440909474
P39979,16566.399689355312
P39981,15361.154242085786
P39983,16473.146025877366
P39985,15407.0762691926
P39986,15567.4918581277
P39989,2573.925821256525
P40003,15731.372869089446
P40004,17092.083216763003
P40006,2573.925821256525
P40013,2368.671087477277
P40014,2346.954920651277
P40015,2699.637564662004
P40016,2584.40666384511
P40110,2561.5144195089974
P40119,2614.2873630072168
P40123,3655.279082242024
P40125,2380.612989527911
P40141,92429.0690246631
P40147,2614.2873630072168
P40149,2620.472147972084
P40154,2716.493015835087
P40189,2354.367341854853
P40192,2610.482969988662
P40193,2609.220315638051
P40195,2591.7708335604625
P40204,2711.957315393646
P40205,2708.744607359222
P40208,3001.884529315633
P40214,3645.7169958368745
P40215,2496.987528686801
P40216,2498.1958921348864
P40217,2463.9081449369423
P40227,2493.2192001226013
P40235,2527.194673494874
P40242,2546.013690496495
P40250,2351.7363598578804
P40260,2781.216102502846
P40263,3050.2504898548746
P40266,2325.236280410236
P40267,80630.558441822
P40272,2591.1366673465686
P40279,2340.1221733438447
P40286,2529.455287650607
P40288,2487.016860543389
P40290,2343.7487718972047
P40296,2364.8675409692232
P40327,2276.8977588773355
P40340,2457.0886858393164
P40354,2272.3010054197402
P40356,2529.455287650607
P40367,2267.137638728402
P40372,2590.379880008258
P40378,2580.1913962228596
P40388,2526.2703876192645
P40389,2526.2703876192645
P40623,2609.804898882916
P40654,3190.1473821026552
P40661,2591.4755270897836
P40676,2589.89962123246
P40681,2336.4728403365057
P40683,71850.1873050308
P40696,2494.454922651033
P40704,2324.5622667202206
P40712,2590.009764614669
P40715,2590.5708433937352
P40728,2584.613140150847
P40790,2596.339137848643
P40920,2477.307110779365
P40921,2411.2138460592832
P40922,2584.1125239465828
P40924,2437.577683307528
P40925,3379.513214064442
P40926,2407.1265522715785
P40928,2413.9349858108967
P40977,2636.6936677262142
P41092,17359.95947023027
P41127,2645.4117701497007
P41166,2526.214222404845
P41233,15606.982689752664
P41236,15757.464689285254
P41237,16687.254020885932
P41238,15537.86123282334
P41242,2659.1128828027404
P41244,2428.841907046608
P41332,2674.652472368163
P41333,3665.6326951679553
P41346,2372.6931701692297
P41355,2420.6123191080214
P41433,2589.338687773948
P41511,2570.1977246221763
P41524,2656.210838598653
P41625,3179.776824224552
P41730,2508.527252112992
P41738,2410.6533083067216
P41740,2872.742983375677
P41742,2598.546486541247
P41744,2413.3363023393913
P41752,2558.5455134673175
P41754,2382.3939419713583
P41755,3230.7162252467792
P41757,2859.7807813160675
P41759,2504.9176948248282
P41760,4141.055143130721
P41761,3604.0815346649347
P41762,2429.692499287595
P41765,2433.150369788219
P41767,3382.578309197882
P41770,3402.89028007668
P41771,2426.5142264781184
P41796,2390.22920636776
P41797,2403.0495241466897
P41798,2397.4688410938893
P41799,2392.1433517867717
P41800,2406.316869430315
P41801,2859.1563164449576
P41803,2591.815800035673
P41804,2437.577683307528
P41805,2411.2138460592832
P41811,3971.4147670657326
P41814,2415.966707978151
P41815,3383.747980928906
P41817,2470.9020592698043
P41818,2447.0540498542778
P41819,2882.3845500586854
P41821,2448.2852650745904
P41822,2415.966707978151
P41823,2836.7703494834423
P41827,2877.0138794179334
P41828,4098.8749061752105
P41839,2602.9823938997934
P41841,2605.16606589261
P41844,3147.9681879948303
P41855,2550.7460832006113
P41857,2943.663880511669
P41858,2419.516372360426
P41861,2402.66569099558
P41863,2405.0200261346886
P41874,2827.058499684291
P41877,3554.446418107986
P41889,2468.7923686293693
P41891,2637.0800323831418
P41892,2456.6487697111456
P41895,2566.9610785453633
P41900,3141.017788347219
P41901,2818.772332407364
P41928,2453.117298349395
P41931,2429.9238234097156
P41934,2506.3528731470024
P41936,2704.739118528029
P41938,2683.809890622089
P41948,2421.805466067043
P41952,2418.230304364823
P41954,2520.0963555016406
P41959,2666.468770222198
P41961,2681.733231587741
P41962,2748.7967150851496
P41974,2738.5157099601315
P42054,2589.9022801697047
P42061,2607.686694659922
P42064,2582.532047375944
P42102,17093.94994148725
P42120,17335.036183512188
P42129,16885.48772933571
P42190,17202.735866544757
P42296,2634.508651537391
P42297,3507.9692664618838
P42298,83400.01273059298
P42299,2454.9495439961515
P42301,84746.19738910993
P42302,2460.860425225
P42303,2454.9495439961515
P42304,2454.9495439961515
P42305,2457.357065382404
P42315,2540.614116051299
P42318,2775.734636007987
P42323,2578.579179797478
P42324,2614.283901593087
P42325,2555.50168976076
P42326,2864.891583639366
P42334,2547.3368227652854
P42336,2683.6275073494635
P42339,2581.3922465308774
P42343,2533.518807040583
P42345,2609.361078642718
P42347,2913.879748139188
P42353,2558.1648005087177
P42382,4055.6896656902645
P42385,3030.6166319510335
P42395,2474.74044698898
P42396,2485.5833388164265
P42486,2745.999808781191
P42571,2761.1130801723784
P42688,17020.29723677534
P42745,2272.337507627928
P42797,2789.865567643623
P42818,2427.636621164844
P42820,2436.9244367708957
P42821,2837.7874530432337
P42826,2640.1667977995753
P42827,2408.101123747662
P42838,2922.0140586083025
P42846,2367.866539873213
P42848,2388.3433500658925
P42850,2333.868134110465
P42851,3401.311020587661
P42854,2549.967038816577
P42856,2372.682268524599
P43126,64366.06681662274
P43212,69117.50468750326
P43476,17650.803198335176
P43491,19531.213784953023
P43495,18937.067657414733
P43546,3091.2807711184464
P43627,76783.92047284174
P43846,3069.8336884298587
P43866,3309.9463275712606
P43933,49992.75870956695
P43962,3552.1610013967115
P43987,4384.990017947671
