pipe_id,predicted_cost
P01002,8099.733
P01054,7116.389
P01066,11827.442
P01078,41942.07
P01112,7066.6133
P01140,29050.674
P01148,6627.7734
P01161,9435.979
P01166,20528.684
P01238,5593.745
P01317,23010.219
P01350,12972.322
P01380,43251.7
P01452,5934.404
P01571,6267.504
P01689,16898.646
P01720,15518.307
P01767,7292.271
P01803,6135.3477
P01805,22517.436
P01813,19086.033
P01815,12735.976
P01836,9720.815
P01838,7989.437
P01846,6279.6543
P01922,16569.502
P01959,6804.757
P01978,19246.252
P01986,23908.244
P02000,20677.234
P02031,6064.28
P02032,7939.892
P02062,6204.3306
P02085,10723.31
P02099,6735.7964
P02155,5965.0894
P02191,31437.393
P02227,24834.566
P02245,2243.2007
P02246,2518.444
P02316,19183.904
P02318,14500.247
P02364,7560.58
P02365,5636.8457
P02410,5645.4067
P02412,19651.023
P02432,7517.02
P02545,20053.383
P02600,17793.635
P02649,18801.895
P02663,16543.732
P02665,6349.569
P02666,5996.668
P02667,12863.877
P02670,6281.745
P02674,6563.16
P02707,5552.338
P02708,5696.795
P02717,6649.232
P02728,23853.855
P02764,6121.334
P02864,6575.7676
P02878,24462.518
P02908,5109.725
P02912,6723.972
P02914,6620.6523
P03008,34026.71
P03057,5842.6045
P03076,8093.2847
P03259,17778.86
P03314,10743.18
P03349,23197.6
P03371,7493.1396
P03387,7776.5415
P03388,6453.04
P03402,14977.8125
P03412,14118.86
P03485,37299.273
P03490,8963.855
P03493,6369.453
P03591,17250.627
P03655,6399.725
P03702,11543.502
P03704,6723.96
P03791,22903.178
P03798,21932.725
P03881,25933.016
P03884,20632.379
P03917,45445.65
P03986,6615.1104
P03988,6616.7637
P04074,40874.8
P04076,20033.062
P04147,24863.953
P04152,20222.393
P04184,7231.92
P04186,7247.3525
P04221,22910.912
P04224,7804.8525
P04249,6080.17
P04262,6393.813
P04289,24625.459
P04293,23766.0
P04305,12356.469
P04306,12932.396
P04308,6280.7056
P04311,34527.547
P04416,19816.682
P04417,14826.25
P04467,23868.24
P04495,16012.729
P04496,18133.443
P04521,7821.5156
P04535,6382.632
P04581,8743.716
P04600,10353.931
P04698,6075.9316
P04701,6671.46
P04707,5863.4673
P04752,16306.504
P04754,22001.379
P04801,6907.832
P04860,5531.5845
P04861,5762.4795
P04862,5631.329
P04865,6530.389
P04868,26663.477
P04869,25137.291
P04986,6019.568
P05007,2770.5618
P05036,12703.572
P05040,20508.527
P05042,19685.293
P05043,15074.418
P05047,7248.6733
P05055,8332.062
P05060,5416.1885
P05103,7071.947
P05106,6958.6196
P05128,21690.549
P05134,6835.845
P05139,14227.067
P05140,16086.692
P05163,368602.2
P05168,61300.363
P05229,7452.975
P05323,22722.25
P05402,6583.085
P05432,18713.68
P05435,6394.6914
P05447,5627.2324
P05448,5563.134
P05458,6873.8
P05476,6895.64
P05486,7623.965
P05504,12046.344
P05551,13820.493
P05560,38387.938
P05575,16074.071
P05576,18444.334
P05594,7341.4297
P05608,6567.381
P05758,16312.024
P05769,19705.842
P05800,8497.106
P05828,6296.847
P05834,12949.01
P05924,18672.23
P05925,27305.984
P05970,25422.895
P05978,7005.0215
P06017,22268.38
P06030,25806.422
P06072,18933.451
P06077,7629.304
P06124,18851.074
P06182,8291.488
P06184,7945.346
P06189,7898.786
P06193,14457.468
P06200,39121.277
P06235,9803.0
P06245,15258.131
P06287,10793.731
P06292,52639.11
P06302,51061.992
P06312,6558.4478
P06314,19587.684
P06315,8340.442
P06331,7358.3247
P06370,7349.319
P06425,12736.887
P06437,14620.827
P06454,12313.341
P06764,9698.108
P06802,15040.8125
P07084,9381.911
P07090,9818.88
P07131,8963.848
P07177,14405.742
P07302,28325.291
P07333,19882.352
P07468,9550.543
P07632,8684.647
P07949,10060.72
P08016,16351.948
P08140,10002.404
P08142,10102.508
P08275,10093.437
P08337,42546.867
P08398,9738.521
P08496,11575.916
P08497,75478.74
P08525,13712.318
P08540,14563.1
P08551,17530.475
P08940,15307.616
P08942,204852.58
P09041,10032.222
P09042,8643.165
P09096,10738.324
P09568,10005.161
P09724,6507.4883
P09725,6771.193
P09897,6918.686
P09898,5863.347
P09900,6066.909
P09901,6012.5586
P09902,6809.022
P09904,6809.022
P09922,5751.961
P09924,5881.6606
P09925,6002.6396
P09929,5751.961
P09932,7204.2705
P09939,5905.6567
P09941,5869.024
P09942,5710.3354
P09943,5882.904
P10039,6011.641
P10058,5238.035
P10059,5363.9116
P10064,5163.1753
P10077,37734.465
P10219,35153.605
P10438,6738.213
P10451,6150.7817
P10490,36620.582
P10724,32919.926
P10787,6339.2817
P10815,5943.0366
P10818,5892.327
P10819,5866.418
P10820,6000.7305
P10822,6082.2695
P10823,6180.5957
P10828,5755.3774
P10829,5755.3774
P10830,7079.2085
P10831,5693.215
P10833,5836.4805
P10843,35772.895
P10868,6161.563
P10977,6104.946
P10979,202377.75
P10980,191515.08
P11003,5745.8745
P11218,39115.348
P11352,7059.715
P11353,5835.0967
P11401,61012.418
P11418,5837.58
P11581,45199.406
P11624,6115.673
P11634,5905.156
P11647,5806.426
P11694,188817.97
P11769,6339.935
P11775,6311.868
P11818,5988.2285
P11819,5988.2285
P11822,5827.913
P11823,5647.028
P11838,5950.2603
P11900,8979.608
P11902,7235.5625
P11948,5936.0713
P12004,5176.712
P12005,5223.5083
P12011,5058.9897
P12012,5000.8613
P12013,34819.176
P12025,4603.443
P12041,157624.2
P12045,5793.8813
P12134,5062.5186
P12139,39232.098
P12142,33749.125
P12144,217769.39
P12147,35465.535
P12249,5709.625
P12253,6082.6724
P12254,6082.6724
P12256,7340.8696
P12257,6067.4907
P12262,5755.3774
P12266,6324.0264
P12300,6326.7476
P12302,6185.1484
P12320,6116.5654
P12340,6131.8203
P12347,6326.7476
P12349,6185.1484
P12367,6255.813
P12368,6185.1484
P12374,6916.317
P12403,6185.1484
P12404,6185.1484
P12405,6185.1484
P12556,6134.9854
P12654,36215.027
P12656,41391.51
P12675,5248.4404
P12680,36481.32
P12681,37117.625
P12692,31611.86
P12988,6238.5503
P13007,38600.42
P13008,38879.7
P13049,6043.2124
P13296,5912.541
P13439,6548.3965
P13498,6125.3315
P13507,33180.47
P13509,34832.527
P13511,6917.531
P13512,34423.88
P13513,5499.5947
P13514,4888.1
P13518,5124.6367
P13521,40491.465
P13532,39712.63
P13533,37073.332
P13536,39204.72
P13547,7149.4805
P13550,5841.752
P13551,5986.107
P13613,6136.229
P13706,122415.33
P13709,34215.613
P13743,5415.8887
P13775,5294.665
P13783,35086.484
P13786,5950.2603
P13787,6018.2476
P13788,5950.2603
P13789,6267.3843
P13790,6197.107
P13839,5990.2563
P13855,32040.129
P13858,34296.668
P13881,5979.647
P13911,5660.453
P13912,5840.412
P13913,5840.412
P13914,5840.412
P13919,6174.7
P13946,6120.2334
P13947,6150.4653
P13949,6208.8364
P13951,5887.1445
P13953,7417.247
P13955,5958.936
P13966,5099.0254
P13967,5195.376
P14005,4871.606
P14006,33914.0
P14057,6893.2007
P14074,5785.49
P14075,5630.7627
P14076,5855.277
P14078,5762.639
P14081,5510.538
P14124,5970.295
P14125,5869.1523
P14126,6605.6904
P14143,6898.489
P14183,6037.333
P14184,6106.315
P14292,6291.828
P14336,5523.728
P14337,5654.2417
P14355,4915.0684
P14362,5719.9463
P14363,5873.9463
P14369,5719.9463
P14372,5484.4316
P14376,5710.1475
P14377,5564.458
P14378,5501.5967
P14390,5808.7305
P14391,5743.1104
P14394,5611.5566
P14395,10122.985
P14415,5646.1953
P14417,5907.144
P14418,7060.6035
P14420,7534.1104
P14443,5978.2695
P14480,6647.4375
P14486,5959.0415
P14489,5747.264
P14525,6052.4624
P14601,6080.161
P14611,7279.6577
P14613,6285.14
P14618,6228.832
P14636,6099.87
P14675,5776.8823
P14677,5907.144
P14680,5853.9224
P14681,5908.212
P14686,5958.936
P14687,6095.3657
P14740,5934.458
P14741,5831.1104
P14778,5724.9272
P14779,6749.109
P14789,5436.986
P14817,6411.1074
P14847,5840.412
P14848,5907.144
P14858,6130.8965
P14859,5698.224
P14866,5973.1343
P14868,5716.3086
P14869,6726.333
P14870,5853.4365
P14872,5596.059
P14873,5647.957
P14895,5870.8013
P14900,5840.412
P14903,5854.224
P14905,5988.2285
P14907,5659.999
P14908,5609.2935
P14909,5860.266
P14910,5788.018
P14912,5774.362
P14914,6467.866
P14915,5840.412
P14917,5725.1294
P14919,5907.144
P14954,6055.269
P14993,6050.255
P15013,191176.95
P15016,6066.261
P15024,5777.524
P15044,6187.364
P15079,39506.445
P15187,6526.933
P15242,36247.3
P15245,32676.041
P15257,33206.176
P15447,6165.328
P15457,5003.751
P15464,40609.61
P15465,41800.504
P15467,5940.407
P15468,5998.5103
P15469,5919.9194
P15470,6050.552
P15471,37849.543
P15481,6468.7305
P15482,5922.2524
P15484,5919.2817
P15485,6464.8193
P15489,6109.531
P15490,6054.798
P15491,6028.1807
P15492,6072.1396
P15501,6167.9956
P15513,7198.9883
P15514,5778.8716
P15515,7104.073
P15516,5713.101
P15517,5907.144
P15518,5854.224
P15524,5907.144
P15526,5778.8716
P15528,5854.224
P15530,5442.3564
P15531,5546.7427
P15535,5611.5566
P15540,5958.135
P15664,5924.8345
P15730,6025.663
P15804,5734.9863
P15810,5748.5493
P15834,5827.952
P15835,5762.1147
P15837,6749.109
P15838,5724.9272
P15839,6870.673
P15840,5674.476
P15848,6066.701
P15885,33768.54
P15943,6105.246
P15944,41161.31
P15945,6341.1016
P15979,6217.2603
P16166,6325.402
P16237,6048.0854
P16238,5942.7593
P16240,5835.403
P16241,5938.8267
P16246,5656.5234
P16248,5588.5933
P16250,5741.976
P16264,5356.452
P16278,5617.697
P16300,5611.897
P16311,6009.3647
P16316,5562.977
P16363,5835.0967
P16398,5031.5776
P16399,6399.0293
P16424,5296.903
P16426,5288.235
P16433,4984.8926
P16541,6533.616
P16557,6243.2944
P16692,5722.293
P16823,5761.238
P16824,6254.1333
P16826,6361.317
P16840,6220.751
P16895,42125.63
P16924,35166.21
P17055,31366.205
P17060,35665.516
P17123,6398.559
P17168,38190.965
P17169,35256.312
P17172,37823.996
P17183,5887.754
P17238,37482.35
P17498,6134.336
P17552,5682.516
P17600,5662.6265
P17675,41996.42
P17678,37441.41
P17693,5881.6606
P17694,5840.1753
P17729,5682.516
P17749,5733.8843
P17753,5900.4736
P17761,5654.2417
P17812,5611.2734
P17874,5810.8193
P17880,5810.8193
P17889,5974.282
P17931,5774.362
P17932,5988.1543
P17935,7043.794
P17936,5647.028
P17938,6964.2236
P17939,5654.2417
P17940,6390.5635
P17941,5590.366
P17942,5847.4824
P17943,5705.354
P17944,7043.794
P17945,6302.9404
P17946,6172.2773
P17948,5947.786
P17950,5907.144
P17952,5827.952
P17953,6002.6396
P17954,6433.1655
P18057,6099.981
P18305,6560.6187
P18351,5643.778
P18376,5990.2563
P18377,6125.3315
P18378,6070.4575
P18414,5268.1313
P18415,5781.2974
P18454,6023.8384
P18455,6054.798
P18456,5985.2534
P18457,5895.25
P18595,6217.2812
P18657,5776.8823
P18658,5776.8823
P18659,5907.144
P18662,5907.144
P18691,5651.961
P18711,6737.3896
P18779,5146.1313
P18798,34379.42
P18807,5679.0947
P18816,6331.9697
P18818,6346.9473
P18822,5739.5283
P18842,35376.113
P18843,38559.84
P18868,6056.649
P18896,5356.452
P18929,44396.52
P18934,39757.758
P18939,35142.547
P18944,5791.3813
P18945,5677.976
P18946,5610.302
P18950,5897.9272
P18986,31214.193
P18988,37402.688
P18990,35952.25
P18991,40515.992
P18992,38065.516
P18993,39987.668
P19024,5462.0117
P19026,5031.5776
P19102,5907.144
P19103,5840.412
P19104,5788.09
P19106,6161.7476
P19129,6125.3315
P19133,6125.3315
P19165,7089.5737
P19167,5873.9463
P19177,5262.253
P19178,5374.367
P19180,5374.367
P19181,5374.367
P19183,5393.5996
P19184,5393.5996
P19189,5332.668
P19191,5442.3564
P19192,5393.5996
P19300,31844.523
P19306,33252.633
P19309,37236.473
P19316,38010.406
P19321,5721.447
P19322,37018.04
P19323,37352.6
P19325,35117.113
P19333,37665.25
P19338,35651.848
P19340,34000.727
P19341,33614.18
P19349,38431.527
P19350,33161.016
P19352,50575.5
P19353,36356.527
P19355,37887.5
P19361,43228.36
P19364,37482.35
P19423,5046.4443
P19445,6194.716
P19468,6107.101
P19494,6174.3467
P19499,6248.4297
P19515,6500.671
P20039,6021.5776
P20108,5750.636
P20112,5880.306
P20116,5880.306
P20161,6102.2363
P20162,6102.2363
P20163,7409.6885
P20165,6719.792
P20169,5958.936
P20170,6079.9727
P20178,6079.9727
P20179,6249.8965
P20199,5948.541
P20205,5990.5537
P20275,5393.5996
P20276,5332.668
P20281,9225.146
P20284,5907.144
P20285,5907.144
P20287,5840.412
P20293,5752.367
P20295,5442.3564
P20296,6528.7573
P20298,5489.1943
P20300,6015.82
P20301,5752.367
P20302,6949.3735
P20303,5393.5996
P20304,5332.668
P20305,5542.483
P20319,6416.6436
P20320,5868.1226
P20321,5393.5996
P20323,5393.5996
P20324,5489.1943
P20326,5808.3066
P20327,5742.6904
P20328,5516.249
P20329,5356.4883
P20332,5778.8716
P20333,5224.6094
P20335,5380.874
P20337,5332.668
P20338,5393.5996
P20339,5393.5996
P20340,5426.862
P20341,5284.3066
P20342,5577.9346
P20343,5332.668
P20344,5368.8286
P20345,5492.8296
P20347,5284.3066
P20422,5617.8335
P20444,6282.5186
P20534,5314.7754
P20535,5314.7754
P20536,5821.3516
P20545,5748.6045
P20549,5583.987
P20571,5502.759
P20572,5502.759
P20574,5430.0596
P20577,5552.502
P20578,5545.9253
P20580,5854.6685
P20582,5552.502
P20584,5552.502
P20585,6530.601
P20589,5879.05
P20590,5932.194
P20592,5332.668
P20610,5978.392
P20625,6012.8022
P20626,5958.936
P20657,34754.613
P20658,32793.332
P20699,6067.28
P20700,7000.72
P20701,5881.4224
P20702,6221.929
P20704,5969.8735
P20706,6221.929
P20707,6123.956
P20709,6221.929
P20711,6221.929
P20712,6084.727
P20713,6208.034
P20714,6221.929
P20715,6264.151
P20716,6166.1895
P20717,6208.034
P20722,6166.1895
P20723,6221.929
P20791,36048.895
P20807,6211.2793
P20808,5908.212
P20839,175519.27
P20841,192796.77
P20862,6672.8667
P20892,6173.985
P20897,5286.9487
P20898,5935.171
P20899,5882.0005
P20917,194788.14
P20925,6149.3066
P20945,5734.9863
P20959,6637.541
P20960,6249.324
P20961,6375.7075
P20962,180392.78
P20966,171919.81
P20967,183634.7
P20969,5908.212
P21039,6081.5034
P21040,6095.3657
P21041,6012.8022
P21044,6066.261
P21046,6066.261
P21047,6012.8022
P21142,5088.043
P21143,5393.5996
P21181,5164.1675
P21195,5775.973
P21313,5181.6523
P21314,5181.6523
P21315,5181.6523
P21329,5454.369
P21372,119562.555
P21376,6379.5884
P21449,5998.4185
P21450,5775.973
P21453,5775.973
P21454,5775.973
P21455,6300.939
P21456,5775.973
P21460,7397.0273
P21462,6642.2847
P21463,154324.77
P21465,172934.4
P21467,6555.621
P21469,6372.856
P21472,5468.1504
P21501,197481.23
P21513,193366.86
P21550,5764.1294
P21551,5813.736
P21556,6992.4453
P21583,37814.69
P21584,6107.127
P21586,6052.416
P21587,5812.976
P21612,5947.917
P21623,7091.6504
P21625,6780.403
P21626,5948.311
P21630,5889.8403
P21632,5947.3667
P21636,6313.9907
P21637,5962.842
P21638,6016.0723
P21639,6083.5254
P21648,5289.7104
P21691,5916.555
P21692,5879.05
P21694,6095.3657
P21696,6531.6724
P21697,5972.9746
P21708,6533.8096
P21711,6013.958
P21713,146753.23
P21728,5530.11
P21729,6456.8267
P21732,6456.8267
P21735,6511.729
P21736,6511.729
P21737,6239.306
P21742,5696.762
P21750,5648.3257
P21759,5886.6226
P21760,5617.201
P21762,5702.1875
P21763,5331.6436
P21765,5821.3516
P21767,5367.51
P21768,5508.4854
P21807,39261.145
P21808,37605.74
P21814,42038.98
P21816,6113.4365
P21817,5565.5273
P21819,5735.0547
P21822,5159.453
P21825,5042.9985
P21827,5043.634
P21828,5251.5347
P21829,4987.0806
P21831,5092.8984
P21833,5251.5347
P21869,5175.8105
P21886,6662.8687
P21938,5381.526
P21940,5332.075
P21942,5381.526
P21944,5271.839
P21946,5635.805
P21947,5700.2
P21950,5542.483
P21952,5542.483
P21966,5430.777
P21967,5542.483
P21970,5831.1104
P21971,5580.1006
P21973,5467.636
P21977,6376.17
P21983,5986.2495
P21984,5961.927
P21985,6597.19
P21986,6597.19
P22017,6027.37
P22032,6150.6235
P22036,6150.6235
P22052,6079.7495
P22053,6490.2495
P22077,5940.521
P22082,5478.8164
P22083,5621.8003
P22084,6530.601
P22086,5496.05
P22087,5496.05
P22362,6161.098
P22365,6161.098
P22366,6161.098
P22465,6740.803
P22474,6259.2627
P22476,6259.2627
P22701,5900.4736
P22738,6619.566
P22827,225301.84
P22894,35188.492
P22895,35821.098
P22908,5961.1787
P22910,6154.5815
P22912,143762.62
P22914,144878.98
P22916,34214.047
P22917,39209.69
P22918,36735.945
P22919,40459.195
P22920,33379.824
P22922,35463.773
P22926,33076.176
P22972,6663.6313
P22981,5874.392
P22998,6266.8613
P22999,6266.8613
P23000,6142.6733
P23002,7104.073
P23003,6462.532
P23007,5733.8843
P23042,5827.952
P23044,6015.82
P23047,5765.2373
P23064,5376.7363
P23091,5780.443
P23121,5026.644
P23149,35952.25
P23201,6062.0356
P23206,34646.957
P23212,36133.54
P23220,37292.555
P23259,6993.412
P23274,41017.688
P23314,5917.01
P23319,169098.25
P23320,168991.2
P23321,167236.45
P23322,165149.42
P23323,194017.62
P23324,187857.77
P23460,6648.8516
P23619,5778.8716
P23620,5778.8716
P23621,6161.542
P23623,5778.8716
P23625,5778.8716
P23626,5908.212
P23627,5963.0327
P23628,5961.6196
P23630,5908.212
P23631,6173.908
P23634,6682.6245
P23635,6166.1895
P23638,6705.2524
P23639,5764.1294
P23641,6878.7705
P23737,5935.995
P23779,5856.7656
P23895,7077.6216
P23933,5839.5264
P23952,6277.124
P24047,4873.28
P24070,5419.1626
P24080,170612.83
P24082,5327.3555
P24128,6057.4146
P24161,5712.49
P24162,5675.0195
P24163,7113.6675
P24164,5961.125
P24166,5810.507
P24169,6123.2114
P24171,6691.0947
P24229,5992.285
P24253,6312.4463
P24266,7110.1675
P24272,6198.481
P24317,5647.176
P24339,5780.443
P24341,5664.606
P24346,5645.4927
P24382,5783.8564
P24419,5847.614
P24429,5832.696
P24433,5766.804
P24473,5847.614
P24481,128941.52
P24515,6851.3545
P24601,5831.1914
P24606,6222.8726
P24609,5682.516
P24709,5893.1143
P24805,6893.2007
P24830,6934.7666
P24963,6472.439
P24967,39415.824
P24968,37968.85
P24973,5895.4023
P24975,6401.4097
P25021,5921.9414
P25058,5794.683
P25280,41093.37
P25281,38363.05
P25332,5542.483
P25334,5320.7305
P25350,35446.46
P25472,6078.3574
P25481,6255.3535
P25579,33794.38
P25581,34198.91
P25606,6348.83
P25668,5887.3022
P25877,6178.9043
P25878,33694.613
P25941,5192.9707
P25944,5575.5405
P25946,41841.668
P25983,6315.8433
P26003,5865.7134
P26006,5946.255
P26008,5763.5625
P26009,5947.8604
P26010,5775.973
P26011,6012.926
P26012,6110.131
P26013,6063.2905
P26014,5775.973
P26015,5908.212
P26016,5775.973
P26017,6012.926
P26019,6012.926
P26020,6110.131
P26021,6110.131
P26023,6039.945
P26024,5709.625
P26026,6015.82
P26028,5868.1226
P26029,5699.012
P26030,5992.345
P26031,5657.1606
P26179,6330.496
P26250,5633.3516
P26257,5612.079
P26271,5500.1323
P26293,5964.469
P26335,6514.786
P26468,5989.0737
P26472,6301.7534
P26517,5714.1143
P26525,6008.4106
P26542,6196.492
P26686,6189.734
P26748,6067.4907
P26749,6081.8403
P26750,6802.3296
P26751,5946.4165
P26753,6013.135
P26755,5840.345
P26756,6067.4907
P26757,6047.719
P26773,5552.6978
P26802,5728.1196
P26819,6003.218
P26820,6003.218
P26821,5128.25
P26822,5222.599
P26845,5644.677
P26846,5680.8906
P26919,5891.869
P26936,5872.2827
P26953,5717.639
P26961,5724.602
P26963,5900.4736
P26974,5665.6953
P27043,5826.54
P27057,5549.852
P27066,5773.701
P27072,5663.3125
P27074,5664.606
P27127,6004.214
P27182,6140.3623
P27194,6493.9775
P27198,5394.307
P27209,5847.614
P27217,6245.4688
P27222,5564.047
P27255,6262.2754
P27256,6441.7617
P27284,6262.2754
P27445,6824.184
P27631,35099.004
P27632,6143.971
P27633,6105.246
P27634,6146.682
P27635,35629.38
P27636,41858.03
P27637,6036.9756
P27639,135078.33
P27651,5792.7266
P27657,5495.442
P27658,5884.815
P27660,5166.7397
P27661,5327.7974
P27791,5708.7915
P27806,5766.997
P27811,5603.157
P27816,5622.881
P27819,5787.924
P27820,5818.0933
P27821,5687.1284
P27823,6870.673
P27829,5693.215
P27833,5647.957
P27834,5815.5522
P27835,6167.0864
P27836,5712.49
P27838,6304.8975
P27867,4645.375
P27891,4645.375
P27892,4645.375
P27930,4957.2627
P28007,5740.0073
P28019,4957.2627
P28029,4901.26
P28050,4725.4316
P28062,4996.9873
P28100,4912.331
P28113,4995.5674
P28205,6326.7476
P28206,6102.2363
P28222,6388.7227
P28476,5857.383
P28478,6275.394
P28484,5958.135
P28485,6382.4126
P28492,6524.792
P28494,6490.0454
P28495,6411.1626
P28496,7025.309
P28497,5659.999
P28498,5647.957
P28499,6376.936
P28502,5709.625
P28503,5712.49
P28504,5840.345
P28506,6231.1045
P28507,6101.1216
P28509,5882.0005
P28511,5815.5522
P28512,5713.5884
P28513,5950.351
P28515,5964.3325
P28516,5817.899
P28517,5884.374
P28518,5842.858
P28521,5778.8716
P28523,5778.8716
P28527,5778.8716
P28531,5674.476
P28532,5882.0005
P28533,5882.0005
P28534,5883.1313
P28536,5961.927
P28537,5759.3013
P28540,6607.1396
P28542,6681.216
P28543,5908.212
P28544,5881.2935
P28545,6129.379
P28546,5714.7954
P28547,5714.7954
P28548,5714.7954
P28549,5881.2935
P28550,5778.8716
P28551,5778.8716
P28554,5778.8716
P28555,5778.8716
P28559,6416.442
P28562,5713.5884
P28564,5908.212
P28567,5609.2935
P28568,5758.2656
P28570,5935.171
P28573,5712.49
P28575,5545.9253
P28576,5545.9253
P28577,5596.737
P28579,5695.931
P28580,5764.1294
P28581,6612.36
P28584,5708.71
P28585,5712.49
P28586,5760.315
P28587,6749.109
P28588,5674.476
P28590,5778.8716
P28591,5778.8716
P28592,5610.371
P28593,6764.4536
P28594,6680.54
P28595,6564.199
P28597,142812.64
P28598,166968.4
P28599,6854.832
P28657,142254.23
P28690,158373.39
P28693,44628.94
P28694,158373.39
P28696,6169.9873
P28697,6479.221
P28698,6079.3027
P28699,46116.45
P28700,6077.3057
P28706,5443.8384
P28823,5945.509
P28848,5897.9526
P28881,7396.1523
P28889,6662.4556
P28944,6481.3296
P29112,39281.777
P29116,5146.9585
P29117,36227.74
P29123,35288.74
P29127,36227.74
P29128,38449.418
P29129,33896.184
P29130,5281.3438
P29131,34541.516
P29137,38057.13
P29141,40958.23
P29151,33526.074
P29155,5840.9824
P29176,6754.8984
P29180,5904.7583
P29190,5958.135
P29192,5958.135
P29324,5952.2783
P29325,6012.8022
P29327,5932.194
P29404,6217.2603
P29424,7782.0615
P29440,6630.3145
P29455,6161.563
P29483,6288.3003
P29485,6573.7417
P29526,6217.2603
P29553,6280.8735
P29591,6015.82
P29593,6015.82
P29596,5744.6797
P29599,5840.412
P29602,6850.8125
P29603,6003.18
P29607,5988.2285
P29608,6015.82
P29639,6036.8003
P29641,5797.3477
P29644,5894.5757
P29645,5894.503
P29648,5647.957
P29658,5693.215
P29660,5699.012
P29662,5699.012
P29663,5853.4365
P29665,5699.012
P29667,5829.217
P29670,5909.3477
P29672,5876.2354
P29675,6319.712
P29677,5699.012
P29678,6326.24
P29680,6015.82
P29688,7219.7207
P29689,6159.8735
P29691,7556.2256
P29719,5775.973
P29749,6084.547
P29781,5748.81
P29843,5921.2104
P29844,5752.367
P29845,5818.0933
P29846,5818.0933
P29847,5818.0933
P29848,5696.727
P29849,5818.0933
P29850,6265.1343
P29852,6265.1343
P29854,5818.0933
P29855,5818.0933
P29864,6672.8667
P29866,5609.2935
P30025,6210.8145
P30027,136897.31
P30028,5948.311
P30030,6002.081
P30032,6015.82
P30098,5958.135
P30106,5810.8193
P30111,5810.8193
P30120,6342.693
P30148,7380.403
P30159,7410.777
P30172,186851.45
P30188,6707.273
P30398,7076.8047
P30401,6001.3833
P30407,6002.6396
P30415,5958.135
P30417,5863.347
P30421,5958.135
P30430,6913.454
P30436,5948.961
P30444,5880.626
P30447,5893.7827
P30450,5840.9824
P30453,5907.721
P30457,5748.0586
P30461,5955.061
P30465,5907.721
P30521,5973.3735
P30530,6402.344
P30548,5616.382
P30550,5554.721
P30570,6043.9385
P30573,5947.786
P30575,5947.786
P30576,5827.913
P30577,5894.503
P30578,6692.614
P30628,6598.883
P30629,6652.765
P30636,5778.8716
P30637,5778.8716
P30644,5778.8716
P30645,5915.596
P30665,5684.641
P30667,5666.83
P30668,5474.2295
P30669,5649.1504
P30670,5835.241
P30672,5596.737
P30673,6992.4453
P30674,5986.2495
P30675,5882.191
P30676,5699.012
P30677,5712.49
P30678,5647.957
P30680,5492.282
P30682,5659.999
P30683,5597.241
P30688,5659.999
P30690,5810.3184
P30693,5877.836
P30695,5699.012
P30696,5764.1294
P30697,5610.371
P30698,5712.49
P30699,6411.1626
P30701,5712.49
P30702,5712.49
P30703,5712.49
P30704,5712.49
P30705,5647.329
P30707,5695.931
P30710,5643.5923
P30711,5647.329
P30712,5760.315
P30713,5831.1104
P30714,5778.8716
P30718,5719.9463
P30720,5719.9463
P30747,5567.4653
P30769,5759.7324
P30770,5759.7324
P31073,5580.6323
P31079,6469.7485
P31080,6175.557
P31081,6631.244
P31082,158143.97
P31190,5904.096
P31227,5818.0933
P31228,6870.673
P31231,5921.2104
P31233,9166.575
P31236,13159.04
P31242,6315.3374
P31243,5714.7954
P31244,5766.455
P31245,5778.8716
P31246,5962.9985
P31247,6315.3374
P31385,4818.064
P31387,5294.0264
P31388,5193.649
P31390,5641.585
P31393,5236.3115
P31394,5224.9834
P31395,5251.5347
P31398,5440.7134
P31402,6418.7495
P31403,149578.23
P31404,155103.5
P31467,6357.9204
P31510,35628.293
P31511,35324.297
P31514,37160.7
P31581,6849.3813
P31583,6077.3345
P31588,6022.7983
P31589,7378.6216
P31590,6179.8057
P31593,6267.3843
P31596,5887.1445
P31599,6361.014
P31600,6150.8022
P31602,6081.8403
P31603,6456.765
P31604,6013.135
P31607,6223.253
P31613,6460.517
P31615,6081.8403
P31616,6596.4033
P31620,6283.12
P31621,6815.1167
P31624,5800.019
P31626,5950.2603
P31645,6946.6895
P31650,5294.665
P31670,38115.5
P31695,5916.5864
P31697,5663.5366
P31705,5998.985
P31706,5632.162
P31717,6577.712
P31779,36637.94
P31781,34807.688
P31782,32862.586
P31786,4915.3335
P31788,4915.3335
P31789,34703.84
P31790,5231.471
P31792,5036.103
P31795,4988.039
P31797,5183.701
P31989,6398.559
P31997,6174.9624
P32001,156991.86
P32003,6239.5234
P32004,5972.9746
P32006,5993.6426
P32009,5925.052
P32020,37393.984
P32022,34900.926
P32023,6420.0474
P32108,4990.6787
P32109,5480.7686
P32111,4998.448
P32134,36503.664
P32135,33301.7
P32137,39148.973
P32138,36140.707
P32140,37173.492
P32143,36366.34
P32144,36503.664
P32145,38074.152
P32147,39555.57
P32162,36824.902
P32166,6104.914
P32169,6502.953
P32170,48829.426
P32172,36366.34
P32177,37558.715
P32180,6104.914
P32181,5973.4956
P32183,32139.959
P32185,40947.88
P32189,37135.863
P32190,39561.793
P32194,32762.54
P32200,5056.534
P32209,5253.92
P32210,5248.503
P32211,5136.3203
P32214,5056.534
P32215,5046.4873
P32216,5671.3994
P32217,5152.0815
P32218,4943.352
P32223,183207.36
P32224,5273.659
P32225,5162.03
P32232,33589.22
P32234,35503.367
P32240,4925.9624
P32241,5031.8203
P32244,34557.793
P32249,4979.0405
P32253,4731.2046
P32259,35801.457
P32327,6046.5854
P32354,249326.6
P32360,6921.187
P32544,6062.0356
P32585,5786.191
P32683,6039.156
P32689,5867.655
P32921,6111.6553
P32995,6024.6855
P33019,6266.8345
P33043,38633.31
P33047,36027.656
P33048,38770.1
P33049,39026.51
P33050,36009.49
P33056,38443.55
P33057,6320.4956
P33079,42444.17
P33081,39446.51
P33084,41137.875
P33284,5333.752
P33286,6601.004
P33289,5743.704
P33294,5636.496
P33296,5265.1855
P33298,5567.6753
P33299,5248.503
P33305,5159.453
P33309,5248.503
P33310,5248.503
P33313,40677.367
P33426,5935.6694
P33466,6385.981
P33651,5642.338
P33929,36192.168
P33962,5207.132
P33963,33116.043
P34022,39099.383
P34025,35673.65
P34034,40907.363
P34037,34618.785
P34382,5788.4487
P34383,5559.0654
P34417,213890.38
P34538,5890.349
P34539,6166.1895
P34573,6646.759
P34574,6859.6455
P34575,6646.759
P34580,6326.7476
P34581,6270.075
P34583,6986.4385
P34613,6285.344
P34614,6046.9053
P34640,6350.8716
P34689,6503.083
P34709,5968.6943
P34710,6065.185
P34711,5835.0967
P34745,6227.124
P34750,6277.0376
P34751,6581.9673
P34842,200152.19
P34843,6402.546
P34845,6259.248
P34846,5827.0654
P34847,6150.8022
P34850,6259.818
P34851,175038.17
P34852,6196.5747
P34853,161698.16
P34869,6850.6943
P34873,6964.8813
P34874,7077.4736
P34926,190394.02
P34928,6252.7046
P34929,6154.4937
P34930,6319.3623
P34931,6363.514
P34932,6466.392
P34933,5977.1353
P34934,6466.392
P34935,6361.014
P34937,6119.708
P34939,6081.8403
P34940,6189.634
P34941,6013.135
P34944,6259.818
P34945,6013.135
P34946,5709.625
P34947,6571.1963
P34948,5709.625
P35026,5943.8564
P35291,8039.805
P35417,6221.06
P35461,8410.766
P35667,42935.613
P35782,6616.5933
P35807,5869.012
P35878,6845.358
P35880,5950.218
P35881,6265.1343
P35882,7274.2646
P35883,6376.17
P35885,6068.012
P35886,6003.18
P35887,6138.5176
P35888,5766.455
P35890,5966.076
P35891,6047.9956
P35893,7125.9595
P35894,7287.884
P35897,5943.8564
P35912,5980.9365
P35913,5963.0723
P36011,6412.777
P36061,5838.8657
P36062,5832.215
P36102,6015.82
P36107,6310.207
P36111,6101.7207
P36112,5947.8604
P36113,5947.8604
P36114,5947.8604
P36126,6048.878
P36234,6253.397
P36235,6184.063
P36237,6253.397
P36238,6253.397
P36240,6253.397
P36242,7121.4614
P36373,6373.4395
P36374,6137.657
P36377,6137.657
P36578,6166.4365
P36591,5939.858
P36712,34147.29
P36927,5236.9907
P36950,6088.9097
P36966,5899.379
P37024,7595.3315
P37127,5835.0967
P37142,5638.8433
P37143,5968.6943
P37146,6116.5654
P37155,6065.185
P37156,5835.0967
P37158,5835.0967
P37257,30619.838
P37374,8177.6455
P37457,7231.547
P37569,6700.949
P37685,6358.1567
P37699,6070.4834
P37702,5835.0967
P37726,6187.916
P37824,6773.124
P37863,6284.16
P37864,6523.211
P38165,6196.0933
P38262,6047.863
P38277,6732.1934
P38279,6143.7344
P38287,207809.05
P38294,6046.5854
P38296,6046.5854
P38318,5976.2827
P38461,7298.575
P38463,6037.2554
P38623,39937.285
P38627,46005.445
P38628,41509.555
P38907,6148.324
P38946,7174.243
P38951,7043.5522
P38954,7124.0293
P38972,6562.5903
P38976,7794.244
P38983,6288.3003
P39002,7144.716
P39093,5813.004
P39312,6491.612
P39419,7141.0303
P39423,6839.1255
P39442,6354.8467
P39446,6259.454
P39504,6217.2603
P39538,35069.42
P39542,36854.84
P39544,36854.84
P39545,40826.023
P39547,40018.34
P39548,38307.51
P39561,42936.8
P39570,38249.14
P39575,5659.999
P39576,6749.109
P39577,5712.49
P39578,5813.736
P39579,5764.1294
P39583,5900.91
P39584,5800.34
P39590,5879.984
P39591,6168.4136
P39593,5879.984
P39596,6749.109
P39597,6717.7417
P39599,5712.49
P39602,5647.957
P39603,5758.2656
P39604,5699.012
P39625,6107.0835
P39630,5761.238
P39631,5709.625
P39634,5810.8193
P39635,5761.238
P39636,5827.0654
P39640,5761.238
P39641,5940.362
P39642,6803.1924
P39643,5933.4473
P39767,21063.791
P39821,6368.9976
P39935,43165.617
P39956,4698.6567
P39959,4849.6855
P39965,33560.46
P39966,4927.111
P39967,34285.617
P39972,32118.848
P40029,32329.701
P40057,5869.4688
P40231,5936.179
P40453,6007.8237
P40484,5766.3457
P40855,6102.0205
P40856,6277.0796
P40857,5985.0537
P41061,38850.305
P41201,6560.9814
P41218,6268.084
P41480,6133.9966
P41745,6122.239
P41747,6122.239
P41763,6011.641
P41777,5677.957
P41852,6261.6963
P41854,6318.2954
P41856,6281.6523
P41864,6384.0566
P41865,6384.0566
P41943,6225.381
P41944,6225.381
P41945,6225.381
P42113,170135.62
P42172,64518.33
P42174,65403.992
P42176,64287.45
P42276,5846.4956
P42293,6044.0137
P42311,5974.0913
P42375,5904.7583
P42386,6211.5786
P42407,5992.8853
P42422,6094.5435
P42424,6416.6626
P42428,6314.5845
P42724,5926.708
P42908,6137.6396
P42974,5966.785
P42975,6772.769
P42977,6003.9365
P43038,40139.316
P43076,64518.33
P43113,5742.6333
P43144,6253.829
P43171,6098.3315
P43175,5477.6875
P43179,7560.645
P43348,139102.88
P43551,159596.95
P43555,11270.085
P43557,8520.162
P43576,327480.53
P43577,329229.78
P43578,215672.61
P43596,181415.48
P43597,172485.08
P43600,186923.47
P43625,197706.61
P43626,196315.14
P43628,13050.528
P43657,20556.525
P43664,15461.827
P43665,17365.168
P43670,14080.495
P43675,43415.85
P43746,12294.177
P43749,207679.28
P43753,12294.177
P43755,204590.77
P43760,214181.27
P43765,52237.434
P43766,46046.484
P43768,46964.9
P43771,47477.703
P43772,14271.043
P43773,14410.415
P43780,14046.439
P43787,10215.505
P43790,13652.577
P43794,10586.811
P43845,11471.679
P43907,13198.382
P43993,12321.328
P44005,42302.973
P44008,32548.365
P44009,33180.63
P44014,22904.229
P44036,12612.329
P01003,6004.1553
P01005,6297.3506
P01011,9734.494
P01032,6518.3613
P01057,8202.989
P01062,8019.229
P01064,5743.0566
P01065,8038.8027
P01114,7387.194
P01115,8113.5054
P01193,8481.278
P01205,11494.1875
P01249,5919.7686
P01261,11680.534
P01277,11364.416
P01331,9508.491
P01386,5521.9336
P01401,6773.378
P01407,8894.144
P01558,4729.1147
P01572,6511.9795
P01595,6011.2036
P01603,2671.734
P01645,8526.554
P01650,5553.356
P01761,8473.46
P01857,11255.156
P01874,6580.286
P01945,11404.938
P01985,9803.302
P02005,5614.174
P02009,5861.19
P02087,5563.493
P02144,6724.2373
P02146,7767.803
P02162,11316.09
P02263,6375.265
P02274,5740.5156
P02319,9033.809
P02347,8090.7705
P02404,7013.534
P02428,8758.033
P02504,5236.43
P02526,6015.2275
P02533,9987.0205
P02611,5227.6216
P02650,12032.66
P02683,12017.99
P02697,6731.3726
P02700,9788.092
P02712,9898.902
P02733,7239.2437
P02745,9496.346
P02845,11851.248
P02862,5649.149
P02920,8420.078
P02937,6283.3345
P02977,8920.131
P02998,10479.671
P03024,5381.6426
P03058,6326.022
P03080,3039.3464
P03088,8878.845
P03195,6305.8374
P03217,5746.306
P03218,5704.847
P03226,9760.228
P03260,11857.094
P03278,7225.3574
P03335,8814.036
P03394,8411.834
P03398,19100.479
P03415,6788.389
P03451,5875.4414
P03477,5827.678
P03491,8588.299
P03619,8187.052
P03623,6786.7446
P03652,6293.9214
P03665,6626.7695
P03738,6809.329
P03774,9469.61
P03834,6806.556
P03854,29723.486
P03888,10525.881
P03895,10504.178
P03906,8174.2866
P03919,6381.647
P03939,8155.845
P03943,8096.4287
P03946,6525.279
P03949,5260.751
P03965,72516.46
P04003,6045.5576
P04047,9741.776
P04077,9200.457
P04078,10150.174
P04082,9896.354
P04124,9315.467
P04131,6875.5454
P04144,11794.012
P04165,12685.585
P04247,5960.58
P04252,6226.493
P04259,6083.266
P04327,7017.0405
P04337,11725.93
P04400,5838.0293
P04410,10092.804
P04433,8637.695
P04451,8001.5337
P04481,14331.758
P04536,5894.4956
P04559,6099.0693
P04583,12403.193
P04635,2535.8425
P04705,6087.236
P04764,7717.431
P04864,6098.4727
P04962,8920.046
P04969,28847.205
P05102,6409.7393
P05126,5905.884
P05278,11201.878
P05313,10709.657
P05329,9122.758
P05342,9186.76
P05446,5792.2886
P05449,5018.489
P05450,6018.5103
P05457,6092.1123
P05559,9109.063
P05588,6457.3276
P05609,5960.481
P05618,5206.6313
P05669,7468.6533
P05759,10438.024
P05760,10757.978
P05764,10716.759
P05765,11069.228
P05767,11255.973
P05787,5919.43
P05799,6131.404
P05814,18504.58
P05829,6723.679
P05950,5780.362
P05979,11781.915
P05991,2714.257
P06014,8783.338
P06025,10028.227
P06050,10150.523
P06062,6361.082
P06177,24097.842
P06199,5486.738
P06213,8587.618
P06282,6092.1123
P06300,7439.837
P06395,9468.725
P06396,9976.653
P06397,7756.949
P06921,7876.2344
P07079,7494.0854
P07098,7310.568
P07102,7528.208
P07265,8390.528
P07266,8248.306
P07287,7427.302
P07409,7271.0063
P07541,9468.129
P07603,38245.39
P07611,8259.476
P07612,8277.56
P07621,12336.642
P07954,9818.376
P08111,9088.574
P08139,8410.374
P08154,7023.06
P08185,31165.031
P08236,8798.983
P08840,7803.2617
P08848,7782.6353
P08878,12599.564
P09113,11263.436
P09155,10068.479
P09207,7142.932
P09254,14381.338
P09305,9206.022
P09307,13445.696
P09599,7685.3384
P09742,6474.8984
P09743,5815.842
P09812,5602.2017
P09813,5686.0474
P09864,5984.0103
P09866,5577.1006
P09867,6104.3623
P09868,5695.791
P09869,5577.1006
P09871,5459.4165
P09872,5457.261
P09873,6389.0503
P09874,5341.8735
P09876,6436.7085
P09877,5461.9272
P09878,5461.9272
P09879,5968.651
P09880,5503.8677
P09881,6045.024
P09882,5770.6855
P09883,6552.472
P09884,6792.5796
P09885,5770.6855
P09886,5308.8564
P09888,6104.3623
P09889,5529.275
P09890,6251.2153
P09892,5627.489
P09893,5544.507
P09894,5834.197
P09895,6298.4224
P09896,5544.507
P09899,5750.3003
P09903,5521.957
P09905,5776.594
P09923,5028.2344
P09926,5173.208
P09927,4976.5063
P09931,5159.435
P09934,5098.653
P09936,5216.2627
P09938,5091.87
P09944,5395.4487
P09945,5190.298
P10182,5800.773
P10316,32128.445
P10543,5376.789
P10545,5308.8564
P10546,5457.261
P10547,5586.2363
P10549,5494.8613
P10550,5376.789
P10551,5308.8564
P10552,5376.789
P10553,5500.973
P10555,5494.8613
P10566,5566.288
P10572,5517.5977
P10608,5709.902
P10679,6603.317
P10827,5269.065
P10876,6654.8867
P10896,221686.89
P10898,7466.7515
P10974,5913.6143
P10975,5786.5454
P10976,5812.961
P10978,254077.19
P11038,6181.8555
P11042,5891.272
P11043,5891.272
P11044,5615.454
P11045,5544.507
P11046,5544.507
P11050,5966.7407
P11052,5824.6553
P11053,6110.205
P11054,5950.591
P11062,5645.6367
P11063,5499.489
P11064,5569.86
P11066,5962.312
P11067,6589.381
P11068,5826.953
P11072,5615.454
P11073,5544.507
P11148,5824.6553
P11193,5780.2705
P11216,27437.742
P11237,6616.266
P11354,5759.503
P11355,6285.888
P11358,5564.5415
P11528,5357.6953
P11616,5317.5586
P11617,5956.4907
P11618,5434.33
P11620,5633.9443
P11621,5503.8677
P11821,5594.0376
P11899,5384.549
P11906,5387.614
P11997,5728.441
P12110,32547.814
P12177,6036.7036
P12228,5552.104
P12248,5600.078
P12255,5755.5186
P12258,5500.9995
P12265,5888.221
P12341,5533.4463
P12343,5822.5586
P12344,6195.852
P12345,5606.4653
P12375,6496.0796
P12461,5706.18
P12493,5288.5967
P12494,5288.5967
P12497,5121.105
P12499,5288.5967
P12500,5202.3496
P12501,5202.3496
P12525,6066.3496
P12527,5792.457
P12529,5927.015
P12632,5528.6396
P12653,33189.31
P12668,31141.025
P12713,5606.104
P12941,6547.8735
P13195,5534.106
P13390,6487.3306
P13434,6055.4897
P13604,5618.28
P13610,5231.9766
P13643,6520.8364
P13671,5111.6274
P13693,5423.8306
P13702,5550.4307
P13745,6016.455
P13856,29469.059
P13920,5450.2466
P13921,5986.7393
P13925,5376.789
P13927,5457.261
P13928,5586.2363
P13929,5577.1006
P13931,5457.261
P14013,6092.4785
P14080,5452.675
P14082,5210.5615
P14121,107177.36
P14223,6236.544
P14275,6201.404
P14341,5969.251
P14364,5267.0674
P14375,5372.739
P14392,5384.549
P14434,5245.6562
P14435,5046.2
P14436,5098.653
P14440,5243.23
P14442,5243.23
P14446,5360.1797
P14448,5297.7305
P14451,5886.9834
P14452,5618.28
P14455,5834.197
P14458,5848.357
P14459,5834.197
P14463,5775.3325
P14466,7063.2725
P14468,5903.3745
P14469,5815.1235
P14473,6041.6436
P14476,5752.681
P14477,5550.1655
P14479,5618.2773
P14481,5360.8623
P14487,5232.6626
P14488,5395.4487
P14550,5531.6226
P14552,5577.3237
P14553,5406.316
P14556,5848.577
P14559,5944.059
P14560,5858.798
P14562,6436.543
P14563,6653.0146
P14575,5786.827
P14576,5633.563
P14577,5555.338
P14584,5757.523
P14585,5831.1953
P14608,5863.539
P14609,5645.925
P14610,5643.6953
P14616,5853.949
P14635,6531.6367
P14637,5939.8
P14638,5820.562
P14640,5745.2812
P14657,5760.4863
P14661,5775.3325
P14662,5765.258
P14663,5914.1562
P14664,5902.1553
P14665,6602.0005
P14666,6121.3647
P14669,5333.1323
P14672,5540.88
P14674,5333.1323
P14679,5452.675
P14742,6071.1797
P14753,5944.592
P14780,5814.2617
P14786,5115.3174
P14787,5115.3174
P14808,5046.2
P14809,5288.5967
P14810,5225.5825
P14814,6010.94
P14860,5425.1553
P14865,5720.423
P14871,5551.688
P14901,5568.5767
P14918,5722.2944
P14923,5849.1133
P14926,6214.7036
P14947,5998.408
P14952,6246.599
P14953,5820.562
P14955,6013.684
P14957,5751.7925
P14959,5908.2725
P14960,5751.7925
P14961,5751.7925
P14962,6043.5684
P14963,6244.455
P14964,5839.9287
P14965,5887.733
P14966,5559.0454
P14967,5871.3823
P14971,6691.9194
P14972,6612.1914
P14973,6902.5254
P14974,6319.0986
P14975,5878.098
P14977,5830.692
P14980,6064.4175
P14985,5246.9473
P14988,5892.028
P14989,6204.963
P14991,6413.69
P14992,6413.69
P14994,5702.733
P14995,5702.733
P14996,6198.548
P14997,6503.978
P14998,6415.942
P15000,5958.73
P15001,5559.0454
P15002,6783.1143
P15004,6379.3345
P15006,5325.477
P15008,5359.7046
P15009,5566.288
P15011,5556.2144
P15014,7186.813
P15015,5887.1885
P15017,5797.0503
P15070,5576.4966
P15071,5376.789
P15072,5457.261
P15073,5708.907
P15083,70056.0
P15133,5609.113
P15148,5704.9443
P15151,5625.5537
P15153,5418.6904
P15178,5578.5156
P15179,5493.234
P15181,5423.8306
P15234,5493.234
P15236,5652.461
P15237,5437.5396
P15243,29318.69
P15256,31832.508
P15258,5586.2363
P15260,5708.907
P15261,5903.113
P15263,5917.663
P15264,6104.3623
P15265,5772.926
P15267,6325.949
P15269,5755.4336
P15270,5591.0127
P15272,5461.9272
P15279,5617.6553
P15280,5861.917
P15282,5861.917
P15302,5577.1006
P15305,5577.1006
P15307,5586.2363
P15308,5708.907
P15325,5926.3506
P15341,5657.4507
P15343,5647.7188
P15344,5647.7188
P15345,5870.9453
P15347,5537.0625
P15364,5657.4507
P15366,5989.1294
P15413,5847.8857
P15416,5837.1333
P15417,5755.2495
P15422,5243.23
P15423,5243.23
P15424,5360.1797
P15431,5296.517
P15433,5772.4053
P15434,5772.4053
P15443,5899.617
P15444,5899.617
P15483,6185.3804
P15487,5479.4683
P15488,5507.2915
P15511,5208.9707
P15512,5082.888
P15519,5103.9053
P15520,5204.9307
P15521,5103.9053
P15522,5204.9307
P15523,5253.7983
P15536,5869.8706
P15537,5869.8706
P15541,5850.304
P15542,5611.5156
P15544,5939.8
P15545,6190.8843
P15546,5820.562
P15547,6581.1777
P15548,6134.9136
P15556,5865.6
P15586,5320.2217
P15587,5709.975
P15588,5653.221
P15836,5544.8955
P15876,5712.985
P15880,5791.281
P15881,6273.4536
P15883,32735.906
P15948,5674.748
P15949,5418.5615
P15951,5333.42
P15952,5836.774
P15956,5049.4087
P15964,5392.783
P15966,6395.821
P15968,5636.78
P15971,5719.978
P15974,5577.1006
P15976,5333.1323
P15978,5849.8438
P15981,5145.696
P16058,6027.6934
P16059,7083.5327
P16061,244056.0
P16069,5445.042
P16071,5645.0503
P16072,5433.3975
P16073,6036.082
P16085,5477.1978
P16148,5618.28
P16150,5911.824
P16152,5728.441
P16153,6716.885
P16239,5427.6553
P16242,5331.024
P16370,6515.6763
P16379,6347.4033
P16389,5663.1304
P16391,6072.5415
P16408,5579.4307
P16422,5677.569
P16434,5382.877
P16436,5496.7983
P16467,5476.179
P16468,5385.602
P16469,5422.7085
P16472,5239.1455
P16476,5385.602
P16477,5308.2817
P16478,5717.3486
P16480,5708.907
P16483,5306.1855
P16484,5385.602
P16485,5422.7085
P16523,6105.789
P16568,5636.9683
P16606,5253.182
P16607,5287.8726
P16608,5287.8726
P16659,5937.1772
P16667,5437.9727
P16670,5524.7837
P16676,5135.739
P16677,5401.6665
P16689,6100.2007
P16822,5496.7983
P16825,6294.54
P16827,5670.93
P16897,5126.875
P17012,5643.97
P17042,5616.1475
P17124,6782.364
P17185,4903.379
P17219,5633.9443
P17221,5082.905
P17222,5082.905
P17225,5116.471
P17235,5654.4834
P17490,5297.7305
P17494,5243.23
P17646,6285.3545
P17686,6796.358
P17688,5742.605
P17690,5140.3896
P17691,5581.7334
P17692,5602.5386
P17695,5400.0024
P17697,6038.0137
P17698,5908.2725
P17771,5206.8247
P17772,5335.702
P17773,5354.3745
P17876,5795.4995
P17877,6293.5796
P17879,5823.88
P17882,5602.4424
P17884,5502.713
P17886,5145.696
P17888,5053.7676
P17890,4976.5063
P17892,5288.5967
P17901,5400.6797
P17910,5712.391
P18090,5751.7925
P18208,5362.4634
P18280,5225.6426
P18313,5700.5713
P18318,5672.813
P18320,5302.154
P18321,5197.9375
P18323,5472.5317
P18327,6044.7246
P18329,5379.161
P18330,5591.776
P18335,5379.161
P18419,5902.1553
P18420,5899.617
P18422,5854.5327
P18424,5858.798
P18425,5931.785
P18448,5461.0337
P18449,5564.536
P18450,5713.5107
P18572,5156.968
P18573,5371.601
P18575,5117.455
P18583,5056.441
P18653,5644.937
P18699,5701.382
P18767,5565.059
P18808,5891.7134
P18809,6398.085
P18817,74565.4
P18869,5776.8037
P18949,4974.5034
P18994,29220.459
P19016,6165.4976
P19019,5403.759
P19020,5528.4053
P19065,5073.077
P19157,5958.3096
P19176,5330.6655
P19179,5104.93
P19182,4954.3477
P19185,5078.943
P19188,4888.1807
P19190,5067.738
P19198,6252.167
P19220,5908.2725
P19233,5908.2725
P19236,5504.6216
P19294,5612.032
P19312,29737.38
P19403,106112.92
P19525,5618.28
P19528,5692.418
P19610,6823.0205
P20081,5782.802
P20082,5772.7197
P20167,5926.0654
P20168,5987.6616
P20171,5645.6284
P20172,5489.083
P20177,5691.843
P20193,5712.587
P20194,5810.829
P20195,5712.587
P20196,5647.7188
P20197,5870.9453
P20200,5647.7188
P20201,5931.969
P20203,5870.9453
P20204,5657.4507
P20206,5706.4224
P20208,5423.8306
P20209,5544.808
P20211,5881.062
P20224,5423.8306
P20226,5638.2104
P20227,5550.3325
P20231,5423.8306
P20232,5423.8306
P20233,5696.8154
P20235,5638.2104
P20238,4976.5063
P20278,5513.4727
P20279,5221.35
P20282,5854.9404
P20290,5441.9062
P20297,4964.428
P20306,5418.153
P20322,5139.1694
P20325,4903.379
P20331,5644.649
P20348,5917.663
P20354,5591.776
P20356,6165.3413
P20359,5716.498
P20360,5499.1426
P20361,5499.1426
P20365,5833.8765
P20366,5760.1704
P20370,5913.9023
P20371,5653.221
P20376,5775.3325
P20377,5738.766
P20426,5499.1426
P20463,5617.3447
P20575,5204.082
P20581,5468.8584
P20583,5138.331
P20587,5319.2095
P20591,5275.623
P20631,5099.345
P20650,32114.445
P20675,5856.1494
P20698,5638.926
P20703,5589.104
P20721,5911.474
P20758,5786.261
P20779,5103.973
P20810,5450.472
P20820,5900.031
P20821,5308.8564
P20822,5308.8564
P20824,5447.741
P20842,5947.235
P20863,5689.9404
P20864,5452.675
P21043,5767.7935
P21045,5827.745
P21052,5521.0933
P21055,5196.6064
P21125,4903.379
P21411,6038.0137
P21416,6038.0137
P21447,4994.6846
P21448,5399.418
P21461,83394.24
P21466,5799.7407
P21468,5814.699
P21503,163304.5
P21549,6078.559
P21585,5715.397
P21622,5833.4985
P21634,5765.8022
P21640,5760.973
P21721,5767.9087
P21725,5426.897
P21726,5619.971
P21727,5618.4565
P21734,5505.7026
P21741,5132.497
P21764,4997.213
P21769,4903.379
P21806,5405.761
P21904,5902.1553
P21906,6622.8394
P21909,6130.1553
P21913,5720.87
P21914,5535.457
P21917,5584.516
P21919,6090.5464
P21920,5990.181
P21925,5666.2803
P21937,4997.213
P21943,5025.228
P21945,5049.1562
P21951,5250.4116
P21953,4997.213
P21954,4987.0654
P21965,5233.312
P21968,5676.388
P21972,5233.312
P21976,5168.9565
P21978,5319.2095
P21980,5644.649
P22010,5722.5864
P22011,5782.0684
P22012,5722.5864
P22014,5722.5864
P22015,5782.0684
P22018,6023.8164
P22020,5722.5864
P22021,5829.399
P22024,5581.425
P22027,5689.419
P22028,5536.107
P22029,5581.425
P22030,5536.107
P22031,5639.4395
P22033,5648.5723
P22037,5590.464
P22038,5686.1777
P22085,5233.312
P22744,5926.5146
P23001,5570.7817
P23142,5854.803
P23258,6323.672
P23277,34631.44
P23454,5862.773
P23596,6121.3647
P23622,5352.3604
P23632,5974.9077
P23636,5652.264
P23637,5594.1177
P23728,6429.977
P23730,6044.7246
P23731,6483.241
P23732,5752.681
P23734,5428.098
P23740,5412.8096
P23744,5605.2217
P23747,6410.779
P23748,5924.039
P23843,5288.8286
P23870,5622.979
P23981,5894.996
P24129,6214.7036
P24130,6133.767
P24131,5995.4736
P24152,5670.93
P24227,5245.6562
P24243,5293.6084
P24244,5293.6084
P24245,5293.6084
P24247,5288.5967
P24248,5053.7676
P24249,5590.2075
P24250,5400.8086
P24251,5267.4995
P24252,5418.724
P24254,5178.832
P24255,5298.291
P24256,5221.2256
P24258,5898.1934
P24259,5675.9927
P24261,5639.4395
P24263,5639.4395
P24264,6027.251
P24265,5630.89
P24268,6143.7476
P24269,6027.251
P24270,5436.3394
P24271,5842.9097
P24273,5894.6924
P24274,5380.4136
P24275,5846.8315
P24372,5889.9995
P24380,6407.6304
P24383,5661.575
P24420,5480.655
P24454,5470.0737
P24466,29674.12
P24732,115407.12
P25331,4935.7603
P25333,5296.472
P25509,5694.7344
P25510,30305.184
P25511,6211.7134
P25553,6337.8896
P25558,6337.8896
P25563,31871.42
P25576,31104.96
P25689,6597.1978
P25951,5636.226
P26022,5274.805
P26202,6031.5005
P26522,6036.082
P26524,5724.901
P26537,5744.514
P26538,5744.514
P26539,5945.519
P26541,5999.1553
P26605,6828.327
P26640,5622.979
P26679,5999.7363
P26688,5683.442
P26731,5494.8613
P26736,5503.8677
P26754,5687.4717
P26758,5205.9263
P26798,5250.2915
P26855,5709.3022
P26929,5539.553
P27290,5622.979
P27291,5672.813
P27292,5672.813
P27293,5622.979
P27294,5672.813
P27297,6411.421
P27298,6338.712
P27301,5635.5166
P27302,5809.4966
P27305,5854.234
P27397,5106.228
P27419,5169.583
P27440,6065.1577
P27441,5928.4116
P27443,6095.2944
P27499,5145.696
P27501,5532.261
P27502,5531.818
P27503,5506.6377
P27506,5795.458
P27507,5981.009
P27509,5839.959
P27510,5981.009
P27512,5917.663
P27515,5577.1006
P27520,5354.214
P27522,5354.214
P27539,5176.6416
P27540,5532.261
P27542,5595.5986
P27543,5354.214
P27546,5176.6416
P27548,5176.6416
P27549,5176.6416
P27551,5176.6416
P27554,5176.6416
P27557,5176.6416
P27558,5242.1377
P27559,5242.1377
P27562,5363.056
P27563,5363.056
P27564,5363.056
P27575,5577.1006
P27576,5827.6177
P27579,5577.1006
P27583,5531.818
P27584,5242.0522
P27585,5234.1055
P27589,5537.939
P27597,5505.2827
P27599,5394.9077
P27601,5505.2827
P27602,5363.056
P27604,5242.1377
P27605,5242.1377
P27606,5242.1377
P27610,5972.805
P27611,5589.6504
P27613,5477.718
P27614,5477.718
P27615,5862.773
P27617,5847.791
P27618,5363.056
P27622,5487.8975
P27625,5179.677
P27626,5179.677
P27629,5581.2915
P27630,5225.5825
P27652,5639.5713
P27683,5424.457
P27809,5696.7476
P27824,5618.4565
P27826,5335.155
P27830,5225.7197
P27831,5335.155
P27832,5291.8364
P27837,5736.3394
P28449,5525.693
P28450,5913.6143
P28452,5865.6
P28454,5406.9575
P28455,5570.925
P28456,5992.298
P28457,5992.298
P28458,5928.4116
P28460,5913.6143
P28470,5772.7197
P28471,5782.802
P28474,5929.4434
P28475,5772.7197
P28479,6293.5796
P28481,6307.365
P28486,5869.8706
P28487,5869.8706
P28490,6071.849
P28491,6189.4814
P28500,5605.468
P28508,5566.0117
P28514,5381.075
P28520,5392.863
P28522,5337.3843
P28524,5392.863
P28528,5285.488
P28530,5225.7197
P28553,5115.3174
P28556,5319.2095
P28557,5115.3174
P28558,5362.4146
P28560,5384.549
P28563,5518.1133
P28574,5484.708
P28583,5178.153
P28596,5362.4146
P28644,5749.5244
P28691,5484.708
P28703,5190.015
P28715,6748.5376
P28717,6206.389
P28718,5987.453
P28719,6206.389
P28733,5844.8804
P28734,5807.6655
P28744,5443.396
P28745,5443.396
P28746,5439.7446
P28812,5829.399
P28813,5874.2896
P28815,5813.8594
P28820,5839.5806
P28821,5839.5806
P28822,5829.399
P28824,5935.0625
P28826,6086.429
P28828,5755.316
P28829,5745.2812
P28830,5694.8105
P28831,5686.1777
P28846,5732.1494
P28847,5719.4023
P28850,5719.4023
P28851,5722.1553
P28852,5719.4023
P28853,5732.1494
P28855,5657.4507
P28856,5722.1553
P28858,5599.2505
P28860,5599.2505
P28956,5636.78
P28960,5708.907
P28964,5770.0195
P28966,5633.9443
P28967,5708.907
P28968,5708.907
P28969,5906.0527
P29036,5179.736
P29044,6065.878
P29046,5996.5576
P29049,5928.558
P29052,5928.558
P29060,5847.791
P29061,5284.0005
P29068,5568.306
P29069,5874.528
P29070,5471.7935
P29071,5415.503
P29072,5202.3496
P29075,5140.363
P29076,5140.363
P29077,5140.363
P29078,5140.363
P29079,5305.713
P29080,5484.5195
P29081,5305.713
P29082,5348.709
P29084,5540.42
P29086,5322.351
P29088,5540.42
P29089,5540.42
P29090,5540.42
P29092,5328.05
P29093,6211.6304
P29094,5157.479
P29095,5923.627
P29098,5409.94
P29099,7119.9756
P29102,5917.663
P29103,5708.907
P29108,5784.2417
P29111,33142.97
P29154,5296.626
P29156,5363.056
P29157,5319.511
P29158,5199.574
P29160,5253.62
P29161,5176.6416
P29162,5176.6416
P29163,5176.6416
P29164,5230.4497
P29165,5235.908
P29166,5290.3325
P29167,5235.908
P29168,5602.806
P29169,5235.908
P29170,5356.684
P29171,5356.684
P29174,5602.806
P29175,5647.9824
P29177,5602.806
P29178,5721.1895
P29179,5657.847
P29182,5602.4424
P29185,5544.808
P29186,5539.033
P29187,5482.051
P29188,5437.5396
P29189,5469.4033
P29191,5469.4033
P29194,5482.051
P29195,5437.5396
P29222,5772.7197
P29223,5713.334
P29226,5666.9453
P29227,5713.334
P29228,5713.334
P29229,5713.334
P29326,5596.954
P29338,5917.663
P29339,5995.4854
P29340,5708.907
P29342,5305.713
P29343,5607.497
P29347,5719.359
P29391,5600.527
P29395,5791.281
P29396,5917.632
P29397,6391.3906
P29398,6549.935
P29399,238871.02
P29402,5839.9287
P29405,6000.4224
P29406,5917.632
P29407,5847.4536
P29408,5788.751
P29409,5715.6147
P29410,5715.6147
P29425,5753.8145
P29427,5753.8145
P29428,5753.8145
P29429,202480.69
P29430,6839.2056
P29431,6547.436
P29433,5475.0825
P29434,5531.992
P29435,6258.799
P29436,5911.263
P29437,5959.651
P29438,5911.263
P29441,6332.6836
P29442,239721.56
P29445,6384.524
P29450,6486.4023
P29458,5842.8677
P29459,5917.632
P29460,6064.4175
P29473,6430.8604
P29474,6378.647
P29475,172814.1
P29477,7475.4097
P29478,6817.4326
P29481,6478.76
P29486,6177.2876
P29487,5988.9897
P29489,5988.9897
P29491,6465.5425
P29492,6190.565
P29493,6554.5283
P29494,6554.5283
P29497,6087.303
P29498,251347.6
P29499,6834.308
P29502,6137.132
P29503,6188.012
P29506,6188.012
P29509,6090.689
P29510,5714.443
P29511,5559.0454
P29512,5559.0454
P29514,5559.0454
P29515,5559.0454
P29517,6170.4863
P29518,5836.136
P29519,5484.2134
P29522,5557.1846
P29523,5484.2134
P29528,5836.136
P29529,5759.503
P29531,6033.7764
P29532,5887.733
P29533,7612.29
P29534,6317.7817
P29536,6248.715
P29537,6339.4946
P29538,6093.0396
P29539,5878.098
P29540,6456.268
P29542,5706.9014
P29544,6093.0396
P29546,5830.372
P29547,6184.2266
P29548,5738.3887
P29549,5630.89
P29550,5689.419
P29551,5694.8105
P29554,5745.2812
P29556,6175.4707
P29557,5820.562
P29559,5829.399
P29562,5769.4307
P29563,6175.4707
P29564,5900.2783
P29566,5769.4307
P29567,5820.562
P29568,6416.419
P29590,5415.0923
P29598,5379.5664
P29600,5479.9775
P29604,5849.8467
P29647,5539.553
P29659,5707.9194
P29671,5612.032
P29673,5534.0137
P29676,5553.057
P29690,5768.022
P29698,6077.2026
P29699,5769.4307
P29701,5769.4307
P29756,5565.2104
P29794,5343.568
P29795,5300.181
P29796,5410.5874
P29820,5319.511
P29822,5319.511
P29842,5233.312
P29851,5340.962
P29853,5578.449
P29856,5452.675
P29862,5636.433
P29925,45120.17
P30010,5606.077
P30024,5802.9644
P30034,5450.2466
P30035,5425.4375
P30042,5809.4966
P30046,5989.2695
P30050,5902.1553
P30052,5902.1553
P30053,6402.6943
P30085,5963.1484
P30086,5655.063
P30089,5655.063
P30090,5769.4307
P30092,5963.1484
P30093,5963.1484
P30094,5900.2783
P30095,5891.3335
P30097,5820.562
P30100,6273.4536
P30101,5967.953
P30103,5769.4307
P30104,6111.942
P30105,5722.5864
P30107,5874.007
P30108,5926.0654
P30109,5816.8936
P30112,5763.9683
P30114,6018.114
P30116,5763.9683
P30117,5894.6924
P30118,5939.8
P30121,5763.9683
P30133,5820.562
P30134,5820.562
P30135,5829.399
P30136,6071.368
P30138,6071.368
P30146,6238.7515
P30149,5645.0503
P30150,6567.971
P30152,5999.1553
P30154,5958.73
P30155,6095.524
P30156,5958.73
P30158,5830.692
P30160,6319.0986
P30161,5912.681
P30162,5927.897
P30164,5927.897
P30166,6003.749
P30167,6176.616
P30168,240851.98
P30169,7017.7163
P30170,6883.8394
P30173,6379.5415
P30174,6445.193
P30175,6445.193
P30176,6360.5605
P30178,5914.108
P30180,5992.298
P30181,5992.298
P30182,5851.4707
P30185,6056.443
P30186,5991.872
P30187,5914.108
P30189,5837.083
P30191,5804.805
P30192,6096.1846
P30193,6301.37
P30195,5804.805
P30198,6617.674
P30199,6617.674
P30200,6617.674
P30201,6046.688
P30203,6301.37
P30204,6046.688
P30205,5967.29
P30207,6236.125
P30249,5913.9023
P30250,6411.5127
P30269,5439.6875
P30270,5614.4844
P30271,5487.8975
P30273,5439.6875
P30274,5439.6875
P30275,5439.6875
P30277,5809.968
P30278,5427.5596
P30285,5634.683
P30287,5622.979
P30288,6059.6523
P30289,6059.6523
P30290,5622.979
P30292,5622.979
P30399,5039.4873
P30400,5259.103
P30402,5502.713
P30403,5302.154
P30404,5259.103
P30405,5259.103
P30406,5313.768
P30408,5039.4873
P30409,5157.0264
P30410,5536.107
P30411,5648.5723
P30412,6077.2026
P30414,5593.6504
P30416,5593.6504
P30418,5965.2476
P30420,5575.611
P30424,5923.7114
P30425,5529.415
P30426,5480.8403
P30429,5923.7114
P30431,5517.024
P30432,5959.489
P30433,5403.64
P30434,5521.5596
P30437,5348.051
P30438,5363.056
P30439,5363.056
P30440,5363.056
P30441,5363.056
P30442,5374.8047
P30443,5319.511
P30445,5313.768
P30449,5174.3364
P30451,5179.736
P30452,5233.576
P30454,5179.736
P30455,5179.736
P30458,5179.736
P30459,5137.679
P30460,5191.0825
P30463,5510.87
P30464,5559.7114
P30468,5555.982
P30473,5555.982
P30478,5682.187
P30479,5682.187
P30482,5696.7476
P30483,5812.476
P30484,5622.979
P30489,6180.335
P30495,5565.221
P30496,5439.7446
P30497,5487.955
P30499,5443.396
P30502,5986.7676
P30503,6345.06
P30505,6316.2905
P30514,5424.9844
P30515,5661.0425
P30516,5648.6694
P30517,5751.057
P30518,5707.383
P30519,5661.0425
P30520,5602.806
P30522,5242.1377
P30523,5199.574
P30525,5242.1377
P30527,5296.626
P30528,5245.6562
P30531,5949.0444
P30532,6017.279
P30533,5407.912
P30534,5100.508
P30537,5364.003
P30545,5168.1777
P30571,5600.6875
P30639,5231.9766
P30643,5116.4546
P30666,5279.8467
P30679,5238.134
P30681,5225.136
P30684,5195.6025
P30691,5452.675
P30692,5384.549
P30706,5025.4106
P30709,5581.198
P30715,5280.038
P30717,5225.7197
P30758,5702.5156
P30842,6661.3706
P30870,6211.7134
P30872,6071.6636
P30912,6041.6436
P31067,5715.2197
P31077,5334.509
P31123,5812.4033
P31229,5508.7524
P31230,5578.449
P31232,5578.449
P31329,6682.9194
P31345,6033.9893
P31347,6183.6606
P31461,5917.663
P31464,6054.8
P31466,5633.9443
P31513,29675.79
P31591,5586.9775
P31598,5509.3516
P31614,5600.6875
P31618,6067.683
P31652,6486.0684
P31691,32645.646
P31692,34026.46
P31713,6018.114
P31720,5349.1445
P31721,6018.114
P31785,28598.04
P31806,5743.3247
P31851,5159.6196
P31998,86935.43
P32151,6054.4614
P32196,32093.871
P32219,5627.6714
P32229,5225.3735
P32250,29314.13
P32255,32010.082
P32320,6679.8984
P32955,5689.894
P33551,5670.0513
P33588,6083.3037
P33754,5868.709
P33890,5693.1377
P33891,5693.1377
P33939,35364.82
P34122,5499.7876
P34204,5401.6665
P34300,5242.1377
P34301,5302.154
P34303,5354.214
P34304,5401.6665
P34305,5354.214
P34306,5302.154
P34307,5302.154
P34309,5363.056
P34310,5302.154
P34312,5363.056
P34313,5202.3496
P34315,5202.3496
P34317,5354.214
P34318,5770.0195
P34319,6209.9688
P34320,5354.214
P34321,5770.0195
P34324,5650.5396
P34326,5650.5396
P34327,5302.154
P34332,5653.7603
P34333,5242.1377
P34334,5302.154
P34335,5302.154
P34337,5363.056
P34338,5296.626
P34339,5363.056
P34340,5404.5317
P34341,5087.5083
P34342,5466.344
P34344,5087.5083
P34345,5087.5083
P34347,5087.5083
P34348,5087.5083
P34350,5087.5083
P34351,5087.5083
P34352,5087.5083
P34373,5677.85
P34374,5156.6475
P34375,5288.5967
P34381,5242.0474
P34388,5343.568
P34389,5199.574
P34390,5288.5967
P34392,6026.564
P34451,8267.247
P34470,5955.381
P34473,5967.401
P34475,5820.562
P34545,5658.6543
P34548,5600.4414
P34578,5913.9023
P34664,6208.737
P34722,6026.851
P34892,5568.306
P34894,5568.306
P35464,149217.08
P35694,5570.835
P36063,5630.8154
P36072,6124.5356
P36075,6293.2583
P36077,6124.5356
P36105,5558.178
P36106,6363.355
P36115,6132.43
P36119,5741.1343
P36327,6233.285
P36414,5956.4907
P36415,5633.9443
P36416,5512.884
P36419,5906.0527
P36421,6035.745
P36422,6258.3955
P36423,6100.355
P36425,5839.959
P36454,6367.471
P36619,6183.5337
P36772,6119.3594
P36829,6041.6436
P36835,6041.6436
P36838,6041.6436
P36863,5775.3325
P36896,5854.957
P36898,106002.055
P36899,6343.396
P37112,6262.561
P37115,5552.641
P37118,5552.641
P37141,5973.415
P37145,5759.3027
P37157,5927.0884
P37421,5896.531
P37422,5716.7896
P37423,5763.586
P37425,5641.723
P37426,5644.5625
P37427,5716.7896
P37428,5896.531
P37697,5759.503
P38347,5349.1445
P38411,5662.555
P38454,6155.7075
P38456,6063.7607
P38457,212402.08
P38458,5916.9883
P38459,6063.7607
P38460,6286.794
P38462,5584.801
P38467,5824.6553
P38468,6447.7876
P38472,6344.918
P38537,5547.49
P38567,6553.959
P38709,6180.329
P38711,5738.766
P38712,5738.766
P38713,6049.6616
P38714,6049.6616
P38715,6099.1826
P38718,5824.6553
P38720,5891.272
P38722,5913.9023
P38723,5962.312
P38727,5645.6367
P38729,5717.878
P38733,5633.563
P38734,5633.563
P38735,5633.563
P38737,6449.0605
P38740,5902.1553
P38741,5827.5864
P38744,6402.6943
P38745,161394.23
P38753,6240.3643
P38754,6106.2725
P38755,6311.7344
P38757,5824.6553
P38759,5562.387
P38762,5843.439
P38766,5846.2515
P38767,6462.4165
P38768,5639.1274
P38770,5713.277
P38778,5969.0093
P38779,5969.0093
P38780,5969.0093
P38783,5920.5454
P38853,6060.526
P38854,5748.792
P38855,6037.357
P38903,5875.6626
P38906,5547.49
P38929,6258.7837
P38930,191342.98
P38932,5910.3496
P38933,6468.4604
P38936,6554.5283
P38937,6392.198
P38942,6477.2583
P38943,6560.1387
P38944,6473.997
P38945,8255.893
P38947,6386.735
P38949,7105.471
P38950,259219.67
P38952,6090.689
P38953,6090.689
P38955,6055.048
P38956,6188.012
P38958,5968.2124
P38959,6693.8154
P38962,6017.0664
P38963,5968.2124
P38965,5739.563
P38969,5739.563
P38971,5850.567
P38973,6035.869
P38975,6885.6123
P38977,199908.83
P38978,6151.778
P38981,5645.0503
P38982,5785.0747
P38985,6185.5864
P38989,6413.3843
P38990,5850.567
P39001,5975.623
P39059,6164.3184
P39157,6041.6436
P39310,5790.3584
P39311,5659.8066
P39313,182250.52
P39314,5727.7495
P39316,5715.634
P39317,244056.0
P39318,240787.0
P39319,244056.0
P39420,6498.639
P39421,6516.4404
P39422,6427.5854
P39424,6188.012
P39425,6186.1646
P39426,6086.972
P39427,6423.608
P39428,5869.8257
P39429,6015.259
P39432,7095.793
P39433,6867.877
P39434,214037.56
P39435,6146.124
P39436,176932.38
P39440,159550.28
P39443,6147.636
P39444,175448.86
P39447,6348.175
P39448,6859.9224
P39461,6300.0273
P39463,6432.8726
P39464,215953.4
P39467,6828.105
P39468,6416.939
P39469,6794.1997
P39470,6038.0137
P39472,174242.11
P39473,5749.4146
P39474,5702.733
P39475,5702.733
P39476,6190.565
P39477,6310.2266
P39478,6241.2393
P39479,6333.3604
P39480,6162.387
P39481,7509.533
P39482,6554.5283
P39496,5601.697
P39498,6037.357
P39499,5988.3384
P39500,6272.2603
P39502,6037.357
P39506,5557.1846
P39507,5557.1846
P39509,5512.0635
P39511,5557.1846
P39587,5682.187
P39595,5297.596
P39605,5548.406
P39826,5531.818
P39991,5948.2417
P39993,5948.2417
P40009,5923.528
P40042,30463.982
P40102,5724.344
P40452,5588.2
P40455,5633.9443
P40456,5633.9443
P40458,5662.555
P40503,5551.2695
P40509,5428.701
P40526,5354.214
P40527,5354.214
P40528,5401.6665
P40530,5354.214
P40531,5784.2417
P40532,5650.5396
P40533,5478.2324
P40534,5784.2417
P40537,5531.818
P40538,5531.818
P40539,5577.1006
P40541,5659.4175
P40552,5306.3022
P40553,5366.9917
P40567,5708.907
P40568,5708.907
P40569,5354.214
P40571,5401.6665
P40573,5650.5396
P40574,5401.6665
P40575,5477.718
P40576,5650.5396
P40578,6104.3623
P40579,5477.718
P40692,5917.632
P40794,6307.997
P40841,5399.0674
P40883,5946.032
P41060,30070.027
P41457,6267.793
P41471,7012.2295
P41549,115381.26
P41550,120556.2
P41579,114444.7
P41806,5687.7803
P41899,5884.9395
P42005,77294.586
P42049,7983.0635
P42265,5221.7783
P42266,5343.568
P42269,5595.5986
P42270,5410.5874
P42271,5529.415
P42272,5296.626
P42273,5357.266
P42274,5908.5737
P42275,5384.4595
P42277,5529.531
P42278,5288.5967
P42279,5325.482
P42280,5325.482
P42281,5023.23
P42283,5087.5083
P42284,5046.2
P42285,5046.2
P42286,5087.5083
P42287,5023.23
P42288,5098.653
P42289,4976.5063
P42290,5288.5967
P42291,5245.6562
P42292,5288.5967
P42294,5288.5967
P42295,5221.7783
P42308,5666.9453
P42313,5666.9453
P42355,5649.2886
P42356,5630.89
P42357,5581.425
P42358,6046.884
P42359,5649.2886
P42360,5978.314
P42361,5661.6636
P42364,5536.107
P42366,6315.0312
P42367,5518.253
P42368,5901.691
P42369,5530.341
P42370,5965.2476
P42372,5581.425
P42376,5666.9453
P42377,5666.9453
P42378,5776.594
P42380,5776.594
P42381,5672.1123
P42384,6370.998
P42387,6263.759
P42389,6199.3223
P42390,5850.304
P42391,5963.034
P42392,5518.253
P42402,5518.253
P42404,5521.957
P42405,5518.253
P42406,5521.957
P42408,5823.88
P42409,5955.1504
P42410,5575.611
P42411,5527.944
P42412,5969.251
P42413,5473.4478
P42414,5471.0757
P42416,5575.611
P42417,5593.6504
P42419,5639.4395
P42420,5593.6504
P42421,5581.425
P42427,5850.304
P42429,6067.521
P42431,6250.47
P42433,5699.4976
P42438,6037.6396
P42440,5959.009
P42441,6262.561
P42447,6104.3623
P42451,6589.381
P42452,5969.0093
P42453,6057.1104
P42457,5926.9585
P42462,5969.0093
P42465,5901.5137
P42466,5980.0366
P42468,5893.191
P42469,5901.5137
P42471,5980.0366
P42472,5934.338
P42473,5980.0366
P42475,5934.338
P42479,6338.712
P42483,5857.0522
P42484,5633.9443
P42485,5633.9443
P42492,6440.357
P42494,5784.2417
P42495,5737.2773
P42496,6440.357
P42497,6193.6655
P42498,5648.265
P42499,5588.4434
P42500,5784.2417
P42501,5784.2417
P42502,6104.3623
P42504,5784.2417
P42505,5737.2773
P42506,5586.2363
P42509,5917.663
P42510,5840.592
P42515,5662.555
P42518,5917.663
P42519,5708.907
P42520,5708.907
P42522,5840.592
P42525,5708.907
P42526,5512.884
P42527,5633.9443
P42529,5588.2
P42534,5633.9443
P42535,5512.884
P42539,5708.907
P42541,6104.3623
P42542,5708.907
P42544,6104.3623
P42546,6626.0303
P42547,6410.779
P42548,6104.3623
P42549,6104.3623
P42551,6104.3623
P42552,6523.779
P42555,5810.3223
P42557,5512.884
P42563,5515.6587
P42564,5917.663
P42565,5869.6157
P42566,5842.8984
P42567,5917.663
P42568,5917.663
P42569,5869.6157
P42572,5917.663
P42573,5917.663
P42574,5917.663
P42626,5827.7866
P42812,5799.7964
P42853,5948.2417
P42913,6191.2617
P43183,5767.9966
P43184,103493.586
P43213,113449.73
P43536,6266.9917
P43540,6879.501
P43595,13640.45
P43745,9769.577
P43779,11819.394
P43821,7991.969
P43887,30657.102
P43888,9237.555
P43908,8197.17
P43981,7871.6606
P43995,8033.821
P01015,5238.59
P01017,5336.4775
P01070,6140.5063
P01074,10418.469
P01084,9352.4375
P01107,6627.799
P01184,2969.9065
P01188,8166.204
P01236,7720.9272
P01252,6412.6675
P01302,5523.3706
P01341,8620.961
P01371,5675.001
P01413,4396.095
P01414,4432.4165
P01416,6108.488
P01435,7439.041
P01442,8711.752
P01479,8339.401
P01484,3512.1533
P01517,9040.85
P01537,33506.51
P01546,8880.707
P01548,3079.9731
P01579,6906.917
P01598,9999.181
P01666,6755.582
P01686,6075.921
P01705,6222.075
P01708,6217.8774
P01727,5800.094
P01742,5224.7095
P01745,5758.3296
P01746,5189.822
P01769,5510.2915
P01797,34646.434
P01823,5314.8623
P01826,5526.501
P01840,8365.34
P01842,9071.0625
P01852,9363.166
P01913,9481.71
P01927,6326.739
P01937,6364.6406
P01940,10136.928
P01951,8505.945
P01960,8724.69
P01976,8704.442
P01990,6371.808
P02066,5693.0503
P02088,5536.9746
P02158,9863.361
P02211,6104.1025
P02212,9245.556
P02230,5576.594
P02248,5188.3516
P02290,6531.0254
P02296,9363.487
P02328,4516.3945
P02368,5334.2764
P02413,6591.7373
P02414,6387.41
P02415,5947.007
P02429,5942.014
P02491,5303.9355
P02531,5329.0176
P02595,6661.0522
P02681,8456.932
P02694,5127.202
P02696,5034.322
P02698,6061.2964
P02704,6817.4707
P02711,9472.373
P02766,8894.838
P02784,8138.228
P02785,5935.2993
P02836,8444.221
P02840,8447.998
P02847,7797.569
P02853,5674.227
P02865,5713.968
P02881,5671.2812
P02927,4309.292
P02947,5496.858
P02994,6456.47
P02996,5346.522
P03040,6309.407
P03214,5127.202
P03215,6717.332
P03285,5706.2227
P03334,6505.733
P03341,6742.4565
P03368,6145.9907
P03489,6149.037
P03494,5165.954
P03505,5709.8296
P03520,7982.9404
P03523,5761.8623
P03576,10445.272
P03598,8446.718
P03611,7691.6807
P03629,5769.482
P03644,5756.6846
P03647,76978.17
P03649,5666.5737
P03651,5395.54
P03660,5874.0986
P03666,5459.968
P03668,6216.17
P03797,9688.023
P03878,9825.007
P03887,5703.5454
P03892,7940.347
P03903,7638.5884
P03914,5447.1763
P03915,10823.938
P03925,8659.371
P03947,5493.9907
P03966,6832.2734
P03975,5734.8857
P03987,8619.316
P03989,8619.316
P04050,8925.985
P04054,8417.636
P04072,5771.0063
P04109,6151.63
P04122,8379.474
P04126,8513.94
P04137,9574.942
P04154,6881.698
P04188,5467.264
P04211,8812.076
P04216,8195.684
P04218,8352.288
P04220,8204.028
P04263,5932.387
P04276,8486.828
P04338,8724.05
P04347,4577.36
P04355,8355.229
P04360,8598.502
P04384,66096.38
P04412,9013.994
P04428,6145.9907
P04498,6657.4697
P04501,6063.3696
P04538,5343.5293
P04544,5226.115
P04553,7741.486
P04694,8134.193
P04742,5000.099
P04744,7039.6777
P04749,5399.4453
P04832,9262.123
P04884,8972.907
P05053,6166.567
P05054,5340.4287
P05067,5988.2344
P05117,5274.694
P05154,6145.32
P05157,5656.271
P05158,71047.945
P05203,5258.9893
P05227,35895.688
P05231,6780.759
P05233,2867.6445
P05260,5878.125
P05262,5941.904
P05272,8201.313
P05275,8322.571
P05279,9616.41
P05328,8824.348
P05339,5561.7705
P05340,5838.5156
P05346,6530.147
P05399,5460.9707
P05429,5221.917
P05430,5221.917
P05462,5780.0796
P05468,39644.555
P05533,5719.325
P05591,5650.2446
P05633,7415.7197
P05656,3334.6975
P05668,5706.2227
P05717,2919.4805
P05740,4779.201
P05783,5748.2896
P05798,5769.2505
P05903,5718.223
P05927,41933.234
P05942,5473.225
P05952,6942.6562
P05960,7167.685
P05961,52050.902
P05973,9850.924
P05974,9743.372
P06015,5480.1943
P06018,8453.335
P06024,5480.1943
P06040,8477.896
P06056,8210.197
P06074,8034.685
P06082,9206.829
P06102,9037.012
P06148,51578.203
P06229,10016.362
P06307,5895.0825
P06338,5393.4023
P06342,9368.999
P06349,5891.3276
P06350,5633.79
P06377,27087.72
P06409,7416.1655
P06723,7578.558
P06859,6890.0063
P06905,6890.0063
P07031,47668.63
P07060,6763.5317
P07080,6804.1143
P07094,6510.5747
P07153,10688.1045
P07157,12186.298
P07336,11603.0205
P07358,6862.814
P07484,6862.814
P07622,33348.55
P07652,11467.632
P07719,6357.081
P08043,10389.9795
P08149,6862.814
P08197,7453.85
P08198,63390.184
P08210,7404.03
P08262,6862.814
P08274,7020.293
P08276,7022.208
P08304,11150.413
P08361,46792.688
P08377,50666.797
P08391,9938.443
P08393,35589.17
P08410,10624.45
P08451,7176.2905
P08485,7284.1245
P08521,7048.136
P08756,42181.027
P08794,6721.1455
P08813,7282.8115
P08827,7494.842
P08846,6328.329
P09218,7404.3833
P09360,7112.264
P09394,10487.669
P09476,6997.343
P09605,7298.4297
P09619,6787.489
P09639,158830.19
P09703,6042.9795
P09814,6068.7705
P09816,6241.5625
P09817,6111.854
P09967,5958.8345
P09990,6260.4097
P09991,6027.681
P10000,205052.17
P10025,5147.4966
P10031,5438.1353
P10038,6313.6064
P10121,140949.2
P10210,8934.357
P10212,11139.518
P10222,11275.999
P10251,6568.9663
P10256,6123.9478
P10330,5248.313
P10416,6236.2217
P10418,5952.4663
P10419,6065.5127
P10422,6403.481
P10424,6367.1484
P10427,6299.254
P10429,6299.254
P10433,5932.2856
P10436,7015.313
P10439,275911.1
P10440,287532.44
P10441,5947.146
P10442,272115.75
P10450,6513.2705
P10492,13295.489
P10548,5219.716
P10554,4969.9805
P10573,5047.1816
P10626,6236.9863
P10627,6314.7627
P10631,5893.6313
P10633,6088.565
P10635,6149.178
P10638,6123.875
P10665,6077.6626
P10668,6132.049
P10669,6481.954
P10677,7093.613
P10683,6829.0356
P10686,6001.137
P10688,6224.871
P10689,6444.147
P10696,5856.0483
P10698,219337.64
P10700,5197.644
P10701,6349.5093
P10702,6129.087
P10710,6348.3037
P10713,5998.8853
P10727,9405.556
P10728,6520.201
P10729,9043.7295
P10733,9443.938
P10737,6629.335
P10739,5953.5796
P10740,6188.179
P10741,6188.179
P10746,10590.982
P10765,5293.304
P10766,5293.304
P10770,5197.644
P10771,5248.313
P10772,5450.9653
P10776,5615.351
P10781,5097.1494
P10904,6044.8213
P10910,6413.1694
P10995,5498.638
P11034,6566.5728
P11035,5894.79
P11036,6000.857
P11039,5407.8594
P11040,5824.6987
P11041,6154.841
P11047,6156.4023
P11048,5864.746
P11058,6566.5728
P11059,5956.0103
P11061,5956.0103
P11069,6047.558
P11074,5909.1646
P11109,13317.254
P11130,5598.8784
P11132,5240.869
P11146,5926.901
P11234,6068.904
P11238,6971.894
P11239,6106.286
P11245,5958.8345
P11253,6094.5234
P11254,6001.137
P11294,6971.894
P11295,5979.6074
P11298,6001.137
P11310,5958.8345
P11311,5958.8345
P11313,255879.75
P11315,6030.867
P11317,5887.982
P11319,5867.5664
P11320,6001.137
P11321,6001.137
P11363,6266.755
P11430,5718.3677
P11495,5148.675
P11534,5925.109
P11757,6274.189
P11758,6339.0947
P11773,5248.313
P11778,5184.0405
P11781,5091.767
P11784,5439.5024
P11785,5184.0405
P11795,5140.1953
P11817,5222.7417
P11855,6171.227
P11857,6361.679
P11858,5925.8774
P11859,236781.86
P11861,5893.5586
P11866,5486.133
P11867,5949.1514
P12038,6371.8325
P12040,6290.4517
P12105,10054.782
P12114,6884.7974
P12120,6396.3203
P12175,6318.2207
P12235,6051.9697
P12319,6139.0454
P12387,5979.6074
P12388,6296.857
P12442,174316.05
P12443,174017.72
P12446,261862.36
P12447,249415.56
P12448,254360.1
P12449,5892.788
P12451,5950.383
P12454,6051.5625
P12455,6179.992
P12456,6051.5625
P12458,5926.901
P12467,5950.383
P12470,6042.9795
P12471,5770.3267
P12474,6001.137
P12475,6125.1772
P12476,269956.66
P12477,5959.607
P12479,6117.7827
P12480,6106.5107
P12481,6051.5625
P12485,5435.675
P12486,6009.916
P12489,6042.9795
P12490,6222.9385
P12491,6296.857
P12492,4741.827
P12521,6042.9795
P12524,6171.227
P12526,6171.227
P12528,6042.9795
P12554,6042.9795
P12629,6452.5796
P12696,6059.808
P12722,6106.5107
P12746,5930.124
P12893,6113.09
P12934,5770.3267
P13095,6141.6665
P13100,6260.4097
P13303,5986.1987
P13335,10092.956
P13475,6342.294
P13626,6659.0063
P13653,5934.6167
P13655,6092.3555
P13669,5330.975
P13756,6380.703
P13778,10035.057
P13779,9969.127
P13780,9317.616
P13784,141059.33
P13785,6330.2827
P13791,9558.709
P13810,9368.57
P13891,6111.265
P13892,6264.498
P13894,6151.164
P13895,6093.6167
P13900,5227.601
P13917,5575.602
P13922,5191.624
P13930,5275.069
P13935,6141.6665
P13965,5300.8657
P14015,5347.5625
P14016,5548.9634
P14017,5160.5615
P14100,5129.655
P14305,6399.528
P14342,5605.424
P14358,6266.034
P14444,5926.901
P14445,6146.8735
P14449,6104.9004
P14454,5978.031
P14456,5894.79
P14465,6044.951
P14472,6199.5664
P14474,6272.008
P14551,5687.7983
P14557,6139.019
P14558,6194.212
P14561,169996.97
P14574,6040.879
P14579,5275.069
P14583,5486.133
P14604,6234.116
P14617,5986.5215
P14658,5864.746
P14660,5861.2085
P14668,5227.601
P14670,5140.1953
P14671,5140.1953
P14704,6400.9097
P14744,6337.8916
P14836,6083.8076
P14949,6216.8843
P14968,5959.931
P15054,5490.6353
P15062,6853.3945
P15075,5111.1025
P15076,5330.975
P15077,5154.9185
P15089,6113.571
P15092,6104.9004
P15113,5377.496
P15130,5958.8345
P15164,6163.344
P15173,5884.4307
P15193,6094.782
P15194,5887.982
P15259,5384.3115
P15262,5425.781
P15266,5478.9575
P15271,5338.547
P15275,5264.6284
P15281,5926.2676
P15301,5275.069
P15303,5227.601
P15304,5029.92
P15312,6000.682
P15315,5949.679
P15316,5958.8345
P15318,5884.4307
P15322,6252.1953
P15323,5966.04
P15329,6128.0674
P15330,6223.428
P15331,187615.38
P15332,5894.3257
P15334,6052.5815
P15336,242279.12
P15408,4942.2896
P15415,5376.6753
P15420,5771.7085
P15421,5972.2686
P15425,6239.4077
P15435,6272.008
P15437,6044.951
P15445,6156.4023
P15448,5807.3545
P15508,10426.919
P15510,11756.433
P15533,4964.546
P15538,6194.212
P15704,5944.537
P15729,6171.227
P15745,168957.53
P15789,5054.492
P15830,6022.46
P15857,5993.3916
P15860,6134.7314
P15942,6644.3257
P15946,4763.3335
P15950,5227.601
P15965,4814.2627
P15969,5147.4966
P15973,5326.4585
P16079,5194.881
P16155,262041.73
P16156,266119.06
P16157,268623.53
P16160,6074.139
P16182,5220.186
P16213,10911.774
P16228,6086.164
P16355,5448.525
P16371,5631.8667
P16381,6071.5176
P16382,6106.5107
P16383,6165.999
P16384,5958.8345
P16387,5508.2554
P16388,5892.788
P16390,5925.109
P16429,5566.303
P16446,5396.788
P16470,5165.442
P16471,5086.2896
P16473,5244.84
P16475,5570.624
P16479,5086.2896
P16481,5227.601
P16513,5950.383
P16514,5278.803
P16561,5400.1895
P16597,5986.5215
P16598,5915.34
P16615,6344.4814
P16628,6142.741
P16675,5171.005
P16884,5450.9653
P16892,6083.1665
P17003,6303.554
P17008,5451.218
P17151,5950.383
P17152,6074.3965
P17180,6163.5146
P17220,5210.307
P17224,5215.334
P17226,6005.4917
P17266,5227.601
P17318,6901.649
P17441,5941.6177
P17443,6272.618
P17450,5705.5776
P17497,5829.454
P17506,5829.454
P17515,6462.6255
P17528,5147.4966
P17529,5191.624
P17904,5083.2285
P17933,6341.4805
P18187,6104.9004
P18265,5359.6987
P18314,6146.8735
P18322,5376.6753
P18325,5401.3276
P18334,6199.5664
P18354,5380.048
P18421,6146.8735
P18435,6272.008
P18505,5323.627
P18588,6392.82
P18593,6051.5625
P18618,5902.419
P18766,6208.5435
P18847,5054.492
P18871,6199.5664
P19146,5421.4297
P19147,5369.9736
P19263,6451.675
P19285,6146.8735
P19372,6456.3716
P19374,5950.383
P19429,4791.156
P19688,219914.67
P19689,6083.0244
P19692,6106.5107
P19705,6224.129
P19707,6171.227
P19708,6058.4814
P19712,5808.6094
P20126,6122.6104
P20128,6106.5107
P20133,5979.6074
P20134,6179.992
P20250,6272.008
P20357,5924.685
P20367,6182.601
P20369,6082.412
P20375,6250.2812
P20419,6104.9004
P20902,6223.028
P20980,5653.4766
P21063,6009.9185
P21093,6145.376
P21099,5958.8345
P21153,5926.901
P21188,5894.3257
P21190,5966.04
P21191,6187.465
P21286,6027.681
P21377,6162.404
P21380,6555.2837
P21399,6285.216
P21645,6294.2686
P21647,6497.832
P21774,5128.356
P21838,6165.999
P21870,5938.669
P21899,6255.1094
P21900,6139.019
P21901,6097.099
P21902,6139.019
P21903,6139.019
P21905,6191.645
P21912,6381.7163
P21916,5964.4243
P21918,5749.293
P21922,6524.1826
P21923,6253.4062
P21926,6088.966
P21927,6146.8735
P21957,5935.319
P22034,5828.0835
P22656,6216.178
P22658,6333.7275
P22673,5893.5586
P22679,6226.002
P22680,6278.182
P22681,6171.227
P22683,6279.373
P22684,6226.002
P22687,6405.9917
P22688,6051.9697
P22897,24320.574
P23151,5345.956
P23154,6081.522
P23156,5444.265
P23241,6155.604
P23261,5161.7646
P23328,5912.855
P23444,6164.7993
P23521,6027.681
P23550,5861.2085
P23720,5169.5327
P23733,5780.4985
P23839,5588.7993
P23861,5989.9546
P23931,5693.406
P24016,5980.486
P24132,6325.7734
P24351,5892.788
P24493,5861.2085
P24551,5894.79
P24747,5439.5024
P24748,5227.601
P24758,5387.69
P24789,5869.5337
P24831,5538.8657
P24870,5118.05
P24906,6197.6924
P24911,6197.6924
P24922,5887.982
P24957,6024.4307
P25015,9357.122
P25074,6102.298
P25148,6356.8477
P25154,6245.05
P25191,5681.907
P25225,5915.162
P25279,6433.0127
P25419,6221.7188
P25423,6221.7188
P25425,6221.7188
P25426,6221.7188
P25485,6002.4053
P25487,5882.649
P25502,5544.818
P25691,5966.982
P25693,5966.982
P25979,6083.1665
P26047,5375.047
P26383,6203.456
P26393,5861.2085
P26439,5308.762
P26461,5794.5757
P26540,255629.02
P26574,5514.7764
P26684,5800.4624
P26726,5233.5854
P26729,5086.2896
P26732,5147.4966
P26734,4984.658
P26778,5366.054
P26807,6141.6665
P26863,5601.728
P26973,5005.6943
P27048,5005.6943
P27153,5443.6626
P27174,5496.7295
P27212,5626.935
P27218,5843.778
P27229,6281.506
P27241,5925.9995
P27242,7485.026
P27295,5710.7695
P27296,5861.2085
P27299,6182.601
P27340,5290.218
P27410,5037.6816
P27414,5232.2104
P27416,5232.2104
P27504,5227.601
P27508,5233.5854
P27516,5422.896
P27517,5726.2686
P27518,5567.193
P27519,5047.1816
P27523,5148.756
P27545,4909.821
P27547,4860.3975
P27553,5139.663
P27555,4860.3975
P27560,5103.026
P27561,5284.809
P27566,5246.806
P27577,5054.492
P27580,5219.716
P27586,5227.601
P27587,5227.601
P27590,5320.812
P27598,5814.1577
P27600,6329.3916
P27607,4416.8315
P27609,5004.7417
P27620,5677.622
P27627,5638.852
P27628,4874.43
P27645,9069.99
P27648,5859.1353
P27649,5859.1353
P27723,6063.887
P27734,6155.604
P27801,5986.5215
P28236,177887.27
P28239,6372.6655
P28241,10657.566
P28242,10002.271
P28246,6212.2666
P28253,6155.604
P28254,6155.604
P28257,6155.604
P28302,5792.89
P28303,5792.89
P28304,5792.89
P28389,6136.5425
P28416,5233.6455
P28472,5835.078
P28488,6262.288
P28526,4617.3755
P28541,4937.1514
P28707,10100.265
P28714,5853.728
P28732,5866.545
P28740,5289.2417
P28776,6247.9033
P28859,5523.173
P28862,6773.5645
P28877,5850.705
P28878,5969.4814
P28882,6475.5894
P28883,5993.132
P28884,5929.7505
P28885,135540.44
P28886,135540.44
P28894,6146.768
P28895,6051.5625
P28898,6207.0986
P28900,6207.0986
P28902,6101.4917
P28905,6469.7056
P28908,248364.53
P28912,5997.309
P28919,6231.777
P28931,5876.92
P28935,5722.2446
P28937,6311.658
P28945,6216.178
P28946,5945.101
P28947,6001.644
P28948,5992.592
P28951,5945.101
P28952,5908.979
P28953,6127.772
P28955,5338.547
P28961,5481.3965
P28963,5437.1655
P29034,5083.2285
P29041,5023.0493
P29043,6258.2124
P29047,5884.6636
P29064,5805.9893
P29066,5805.9893
P29073,5172.206
P29083,6193.3516
P29087,6301.754
P29101,5439.5024
P29104,5376.6753
P29106,5330.975
P29107,5330.975
P29173,4461.7456
P29193,4969.812
P29211,5950.383
P29214,5394.179
P29217,5766.0464
P29244,5838.143
P29256,5819.645
P29269,6333.7275
P29293,5211.388
P29295,9716.247
P29344,5040.0225
P29345,5040.0225
P29393,5595.3145
P29432,5012.804
P29446,5279.3525
P29476,5946.6978
P29482,5786.685
P29490,5100.3887
P29496,6157.4624
P29505,6034.42
P29524,5529.348
P29530,5895.203
P29605,5427.5044
P29733,6083.1665
P29770,6083.1665
P29778,6317.588
P29793,5186.7134
P29918,147251.22
P29982,6406.0713
P30033,5338.547
P30036,5147.4966
P30038,6097.099
P30039,5313.022
P30040,5272.4155
P30043,6097.099
P30047,6191.645
P30048,6139.019
P30049,6139.019
P30096,5554.431
P30261,6034.5728
P30286,5924.185
P30301,6268.7153
P30331,6092.6895
P30462,6081.185
P30469,6133.316
P30471,6081.185
P30474,6096.05
P30475,6096.05
P30480,5924.185
P30481,5805.9893
P30485,5805.9893
P30487,5980.529
P30491,5803.974
P30492,5527.0654
P30493,6104.9004
P30494,6104.9004
P30500,6191.645
P30501,6027.681
P30506,6312.8804
P30653,6522.7954
P30746,5307.0225
P30776,5733.529
P30809,5994.5522
P30871,6004.223
P30880,5831.9956
P31178,5874.3506
P31338,5909.751
P31339,6092.457
P31367,5792.89
P31370,5889.7876
P31444,5770.7114
P31462,5090.4487
P31465,5233.5854
P31503,5226.018
P31612,87191.234
P31636,9981.438
P31638,10477.061
P31643,6250.693
P31648,6042.8525
P31715,5894.0337
P31770,5478.268
P31810,5450.9653
P31815,6369.3687
P31816,6488.2266
P31818,6369.3687
P31848,5142.628
P31880,5814.2354
P31918,187587.81
P31930,6027.4653
P32231,25358.29
P32310,9228.658
P32367,5603.0723
P32444,6221.7188
P32686,6066.0415
P32687,144864.22
P32783,6001.137
P32925,6395.503
P33324,5991.617
P33542,5602.6206
P33584,5514.8555
P33807,5227.601
P33832,5889.7876
P33850,7144.0693
P33856,54090.875
P33927,11725.246
P33935,10996.095
P33936,11370.843
P33942,11168.326
P33973,257753.38
P33974,10927.416
P33976,6780.9014
P33982,8958.848
P34142,6179.992
P34143,6286.502
P34145,6179.992
P34146,6179.992
P34147,6179.992
P34148,6179.992
P34190,5180.3804
P34192,5330.975
P34227,5275.7227
P34259,5083.2285
P34280,5227.601
P34281,5326.4585
P34288,5078.3823
P34391,5884.181
P34393,5817.1978
P34394,5842.702
P34396,5842.702
P34397,5842.702
P34398,6294.9653
P34400,6219.304
P34401,6219.304
P34402,6219.304
P34403,5964.478
P34404,6456.3716
P34406,198787.7
P34407,198787.7
P34408,5964.478
P34410,6001.644
P34414,6163.344
P34418,139539.38
P34419,5958.8345
P34421,6009.916
P34422,5934.6226
P34425,5892.788
P34426,5770.3267
P34430,6264.128
P34432,5950.383
P34433,5721.2812
P34435,5721.2812
P34436,5721.2812
P34437,5721.2812
P34438,5721.2812
P34440,5770.3267
P34442,5892.788
P34443,5892.788
P34452,7253.5566
P34454,5990.32
P34455,5990.32
P34456,5938.55
P34458,266370.7
P34459,226427.78
P34462,6006.8213
P34463,197047.25
P34464,6659.0063
P34465,6742.8677
P34466,6290.86
P34471,6199.5664
P34515,6218.7495
P34516,6171.227
P34521,6171.227
P34522,6218.7495
P34527,6218.7495
P34528,6272.0586
P34529,6294.4097
P34562,6467.528
P34629,5892.788
P34723,5930.282
P34760,45786.023
P34854,6141.634
P34856,6141.634
P34857,6141.634
P34870,5966.8394
P34879,5770.7114
P34889,5805.9893
P34891,5770.192
P34896,5815.1562
P34898,5770.7114
P34899,5770.7114
P34901,5789.885
P34902,5832.387
P34959,6209.669
P35002,6025.8584
P35040,6198.198
P35078,6410.9004
P35081,6294.6353
P35098,6731.751
P35167,6721.684
P35169,6675.789
P35171,6594.636
P35238,168760.6
P35275,173807.6
P35309,5992.1973
P35312,6134.6
P35313,6409.696
P35317,5992.1973
P35318,5945.223
P35321,6049.1875
P35323,6475.9663
P35325,6050.6016
P35327,6444.147
P35328,6534.29
P35330,9360.711
P35334,6028.3594
P35335,6028.3594
P35336,6120.2427
P35337,6071.156
P35338,6260.6694
P35340,6686.0234
P35342,6119.834
P35343,6119.834
P35344,6072.7515
P35345,6072.7515
P35346,10539.369
P35348,5949.047
P35350,10572.563
P35353,9528.571
P35355,10002.138
P35356,10080.709
P35357,9767.266
P35358,9912.297
P35359,10313.324
P35360,9762.619
P35361,9370.385
P35362,6340.4097
P35363,9684.032
P35512,9370.205
P35513,5900.3447
P35514,9683.848
P35515,10415.329
P35516,9683.848
P35518,9667.956
P35644,10425.963
P35972,5964.478
P35973,200636.3
P35974,243384.47
P35976,5964.478
P35998,211975.06
P35999,6001.644
P36005,6001.644
P36007,6074.6577
P36008,6001.644
P36009,6001.644
P36013,177919.67
P36017,5993.132
P36039,5915.3965
P36100,5419.806
P36165,5135.153
P36183,5083.2285
P36184,5083.2285
P36199,5098.9995
P36232,5245.49
P36250,5084.766
P36268,5219.716
P36281,5255.198
P36370,6207.0986
P36371,6157.9995
P36412,6085.743
P36418,5488.658
P36527,5814.2354
P36529,5987.307
P36567,5935.319
P36636,5163.0874
P36671,9381.49
P36707,8614.714
P36708,9286.245
P36710,9057.179
P36724,5994.8384
P36770,5464.7456
P36840,6294.143
P37038,11691.767
P37059,5729.0684
P37114,6266.755
P37124,6125.1772
P37131,6389.8813
P37270,5770.3267
P37286,6106.5107
P37290,6106.5107
P37291,6106.5107
P37292,6886.0977
P37295,6031.1377
P37297,5974.693
P37298,6052.3477
P37299,262198.97
P37302,5979.6074
P37303,5979.6074
P37304,5979.6074
P37305,5974.693
P37306,5974.693
P37314,266302.62
P37317,262644.7
P37319,5882.1523
P37322,5897.858
P37323,5948.4165
P37326,5751.0317
P37328,246036.05
P37329,6092.887
P37330,6109.156
P37360,5947.7476
P37362,274406.44
P37363,5848.7134
P37366,5833.1387
P37369,291318.0
P37371,5948.4165
P37372,7305.053
P37375,6128.003
P37376,211243.52
P37377,6054.348
P37378,249708.78
P37379,6255.175
P37381,209679.38
P37460,6696.0303
P37513,5892.788
P37562,5905.657
P37563,270692.16
P37564,5898.8506
P37566,6346.621
P37584,203653.86
P37585,5826.9688
P37586,5868.3354
P37588,5868.3354
P37589,5826.9688
P37590,5826.9688
P37591,5897.858
P37593,5289.105
P37615,6106.286
P37616,6106.286
P37618,6231.0757
P37619,6106.286
P37635,264873.1
P37637,6620.1733
P37638,6620.1733
P37641,6111.988
P37642,6031.322
P37644,6403.5425
P37645,261287.86
P37648,233329.95
P37650,254360.1
P37651,262915.6
P37653,254360.1
P37654,265466.1
P37657,6231.0757
P37658,6231.0757
P37660,6231.0757
P37661,6106.286
P37676,6106.286
P37677,6106.286
P37680,6106.286
P37681,6106.286
P37682,6106.286
P37683,6106.286
P37684,6106.286
P37687,6106.286
P37689,6106.286
P37757,6363.3115
P37765,5551.684
P37768,188573.98
P37770,254797.83
P37771,6125.1772
P37772,237944.94
P37773,242741.22
P37774,6125.1772
P37775,255717.53
P37778,274904.1
P37782,261862.36
P37784,292568.38
P37787,283352.88
P37790,265353.47
P37792,6172.3604
P37794,258317.89
P37795,258317.89
P37796,258317.89
P37798,253211.17
P37799,6238.3306
P37801,6900.01
P37802,6163.344
P37803,6910.3433
P37809,6971.894
P37810,253750.97
P37811,5932.5767
P37814,241892.19
P37815,245671.45
P37816,199164.75
P37827,6289.129
P37828,6143.603
P37842,6231.0757
P37843,6231.0757
P37849,6246.756
P37853,6300.305
P37909,5993.366
P37952,8517.514
P38217,55847.812
P38238,6173.049
P38329,5387.69
P38333,5387.69
P38361,5195.83
P38364,5195.83
P38377,5195.83
P38404,5040.0225
P38469,6252.064
P38470,6370.292
P38473,6074.1016
P38474,6188.9644
P38478,6101.992
P38504,5096.855
P38576,6584.2407
P38580,6432.5835
P38644,5757.2393
P38706,5864.746
P38707,5864.746
P38721,5819.645
P38732,6006.2627
P38736,6566.5728
P38738,6117.2227
P38746,5819.645
P38748,5870.301
P38749,6612.013
P38750,6087.5664
P38751,6197.1577
P38756,5858.94
P38758,5900.533
P38765,6255.1094
P38769,5191.624
P38776,5785.686
P38777,5785.686
P38782,5017.729
P38797,5931.018
P38845,5556.1816
P38961,5226.1626
P38986,5194.608
P38987,6152.461
P39061,4811.7515
P39141,197677.03
P39146,6226.002
P39153,6222.9385
P39161,6224.129
P39162,6224.129
P39285,5096.335
P39445,5121.727
P39535,11203.842
P39600,4902.908
P39620,6095.724
P39633,5869.5337
P39645,6019.132
P39646,6019.132
P39647,6019.132
P39748,5178.349
P39753,5984.712
P39764,155452.11
P39777,5295.441
P39781,5451.418
P39786,5097.1494
P39787,5077.0337
P39797,6061.7617
P39798,5248.313
P39806,5248.313
P39809,5755.29
P39812,5311.8086
P39813,5311.8086
P39818,5417.9326
P39820,5342.0312
P39824,5248.313
P39834,5096.855
P39835,5096.855
P39836,5096.855
P39841,5650.9614
P39844,5650.9614
P39863,5193.241
P39928,7088.006
P39937,11089.769
P39940,11113.613
P39943,5850.443
P39944,5850.443
P39945,5886.3027
P39949,9221.602
P39951,8880.707
P39968,8827.808
P39976,8396.547
P39978,8827.808
P39980,8682.388
P39982,8973.009
P39984,9482.623
P39988,8958.232
P39990,6187.9165
P39992,6187.9165
P39994,6187.9165
P39996,6187.9165
P39997,6491.204
P39998,6216.3325
P40000,6369.8057
P40002,6575.8184
P40007,6187.9165
P40008,6381.074
P40010,6187.9165
P40012,6187.9165
P40018,6369.8057
P40019,9022.63
P40103,6473.082
P40104,6072.1665
P40105,6072.1665
P40107,6072.1665
P40108,6676.401
P40109,5781.5186
P40112,5781.5186
P40114,6079.9297
P40116,6088.5215
P40117,6676.401
P40118,5588.3564
P40122,5963.4116
P40124,6018.3057
P40126,5954.8315
P40127,9888.152
P40131,5954.8315
P40132,6002.978
P40134,6002.978
P40135,6126.542
P40137,260114.61
P40138,6676.401
P40140,5878.2266
P40142,5990.6455
P40143,5927.291
P40144,6339.0947
P40145,6285.216
P40146,6730.0303
P40148,6285.216
P40150,6285.216
P40158,6409.696
P40159,8970.237
P40160,6001.767
P40161,8822.403
P40162,207727.25
P40163,207727.25
P40165,6392.634
P40166,5936.6694
P40167,6444.147
P40170,5969.2505
P40171,6613.767
P40172,5405.614
P40173,6404.2993
P40174,6387.2544
P40177,5856.0483
P40178,5856.0483
P40179,5856.0483
P40181,5856.0483
P40182,5992.6943
P40183,6098.1665
P40190,6051.5625
P40196,6285.216
P40198,6285.216
P40199,6285.216
P40201,6285.216
P40203,5794.9653
P40206,5794.9653
P40218,5768.885
P40219,5768.885
P40220,5768.885
P40221,5768.885
P40223,5768.885
P40224,5972.5337
P40226,5797.412
P40228,5908.2856
P40229,5797.412
P40230,5867.9414
P40232,5908.2856
P40234,5892.788
P40236,6044.2505
P40237,5934.6226
P40238,6044.2505
P40240,162495.38
P40241,5954.8315
P40243,6256.559
P40244,6131.7886
P40245,6181.3657
P40246,221249.66
P40248,6299.581
P40249,205935.23
P40251,6223.8647
P40252,221262.52
P40253,6277.218
P40254,6299.581
P40255,6232.9688
P40256,6188.4536
P40257,6181.3657
P40258,5894.098
P40259,5892.788
P40261,277600.0
P40262,6206.3794
P40264,6374.319
P40265,6256.559
P40268,6223.8647
P40271,6223.8647
P40273,6181.3657
P40274,277271.66
P40275,283570.47
P40276,6675.127
P40277,6068.4004
P40278,298811.44
P40281,6299.581
P40282,6353.58
P40283,285513.12
P40284,6088.565
P40285,6088.565
P40289,6088.565
P40291,6088.565
P40293,6088.565
P40294,6088.565
P40295,6088.565
P40297,6140.7583
P40298,6256.559
P40324,6131.7886
P40325,6050.053
P40326,6101.9165
P40328,6050.053
P40329,6131.7886
P40331,6203.701
P40332,6203.701
P40333,6131.7886
P40334,6203.701
P40335,6131.7886
P40336,6203.701
P40339,6356.8477
P40341,6029.3374
P40343,6088.565
P40345,6088.565
P40346,6137.7925
P40348,6088.565
P40349,6088.565
P40352,6088.565
P40358,6180.873
P40361,6180.873
P40363,6297.752
P40365,6180.873
P40366,6180.873
P40368,6167.9316
P40370,5997.3345
P40371,6061.438
P40373,5955.0586
P40374,6021.297
P40375,6018.7104
P40376,6297.752
P40377,6419.0566
P40379,6360.2227
P40381,6115.5073
P40383,6180.873
P40384,6180.873
P40385,6180.873
P40386,6297.752
P40387,6180.873
P40556,5803.99
P40563,5147.4966
P40601,4880.4946
P40618,5177.1323
P40627,6429.302
P40657,6333.166
P40658,6103.439
P40659,6768.746
P40660,6397.266
P40662,6273.683
P40667,6390.6064
P40668,6390.6064
P40669,6390.6064
P40672,6515.445
P40673,6273.683
P40674,6273.683
P40675,6230.8467
P40677,6284.26
P40688,5995.2305
P40690,5947.146
P40693,6159.9004
P40694,6515.445
P40697,5993.132
P40698,5985.388
P40700,6472.9893
P40701,6425.5317
P40702,6207.0986
P40703,6282.6177
P40705,6164.717
P40706,6545.1816
P40707,257248.48
P40708,273122.16
P40709,6282.6177
P40711,6282.6177
P40714,6590.178
P40716,6590.178
P40719,6676.401
P40720,6212.705
P40721,6015.803
P40724,6015.803
P40726,6015.803
P40727,5873.631
P40729,6475.095
P40730,6086.6577
P40731,272101.72
P40732,6091.931
P40733,280148.38
P40747,6761.081
P40749,6083.033
P40757,6225.1177
P40758,6201.5273
P40759,6276.975
P40760,6245.5522
P40763,6297.752
P40775,6356.8477
P40776,6356.8477
P40808,169730.97
P40864,5577.004
P40880,5819.5425
P40881,5755.29
P40890,6153.2676
P40914,5004.4077
P40915,5004.4077
P40929,5429.454
P40955,6770.309
P40966,10894.74
P40967,11040.799
P40968,10346.469
P40978,6094.5234
P41086,30691.588
P41090,30236.96
P41156,5985.388
P41185,5993.132
P41232,142449.45
P41234,9791.704
P41235,9856.261
P41240,6057.014
P41241,6024.4307
P41243,6024.4307
P41246,6001.767
P41249,6382.937
P41262,6001.767
P41330,5740.5967
P41331,5740.5967
P41334,10497.275
P41335,8686.77
P41336,5816.7485
P41338,5816.7485
P41340,6288.0225
P41343,6426.1685
P41344,5725.9595
P41345,6288.0225
P41347,197532.88
P41348,6288.0225
P41354,6285.024
P41356,167822.5
P41357,6329.835
P41359,6163.1714
P41360,6253.758
P41361,6454.8203
P41362,166418.84
P41374,9748.634
P41375,9748.634
P41377,9748.634
P41382,9721.809
P41408,6168.314
P41429,6850.107
P41434,6701.391
P41437,6224.752
P41439,5935.4717
P41442,5983.4614
P41470,5986.4443
P41535,6280.886
P41593,6387.0903
P41596,6805.815
P41613,6265.7114
P41715,5986.5215
P41741,5276.2764
P41756,5244.84
P41764,5330.975
P41769,5474.993
P41812,5786.186
P41816,5264.4624
P41830,5155.4985
P41849,5197.644
P41851,5197.644
P41866,5296.6255
P41872,5352.2773
P41873,5755.29
P41875,5755.29
P41876,5197.644
P41878,5245.49
P41890,5474.86
P41893,5352.2773
P41925,5396.788
P41926,5347.5625
P41929,5296.6255
P41930,5296.6255
P41932,5097.502
P41935,5050.475
P41937,5002.8926
P41939,5295.168
P41940,5295.168
P41941,5402.9663
P41947,5342.0312
P41949,5296.6255
P41950,5296.6255
P41951,5296.6255
P41953,5748.9556
P41963,5755.29
P41965,5196.0703
P41967,5196.0703
P41968,5245.49
P41971,5197.644
P41973,5245.49
P41977,5747.555
P42030,5968.9434
P42046,6512.4443
P42100,177463.14
P42104,9332.407
P42235,149206.8
P42300,4959.113
P42329,5970.896
P42354,5494.795
P42418,5392.813
P42430,5977.9595
P42432,263933.8
P42434,5956.0103
P42437,5869.5337
P42439,6250.2812
P42444,5780.4985
P42445,5589.0845
P42446,4921.881
P42448,6608.331
P42458,5868.8145
P42459,5868.8145
P42460,6612.013
P42461,5951.115
P42463,6020.909
P42470,6737.0435
P42480,6117.2227
P42488,5332.5566
P42489,5233.5854
P42491,5680.821
P42493,5090.4487
P42503,5129.655
P42508,5330.975
P42514,5338.547
P42521,5467.9316
P42523,5338.547
P42528,5488.658
P42530,5488.658
P42531,5467.916
P42533,5488.658
P42536,5488.658
P42537,5488.658
P42538,5488.658
P42545,5979.796
P42554,5129.0015
P42556,5129.0015
P42558,5233.5854
P42559,5233.5854
P42560,5233.5854
P42562,5233.5854
P42570,5233.5854
P42575,5090.4487
P42578,5233.5854
P42586,4908.2754
P42706,5639.7397
P42721,11379.978
P42793,6663.664
P42794,5954.8315
P42796,242270.58
P42822,6018.7104
P42824,6075.709
P42855,6075.709
P42869,6592.6865
P43033,6638.65
P43065,202176.38
P43090,11227.001
P43132,6116.808
P43186,6735.759
P43187,163616.55
P43391,6418.144
P43480,6272.1187
P43517,102250.46
P43639,47258.84
P43710,10870.441
P43804,55614.59
P43808,6596.989
P43824,6357.16
P43849,6538.8354
P43850,6352.6626
P43906,6724.9927
P43909,6326.739
P43916,43463.54
P43943,6009.056
P43946,5999.626
P43979,6610.5376
P43989,8010.108
P44020,10493.491
P44024,8010.3447
P44027,6599.261
P01033,6156.8774
P01063,9587.41
P01079,6169.3604
P01106,10105.038
P01156,10135.549
P01162,6342.732
P01197,6376.221
P01206,6638.2725
P01239,6546.111
P01303,6655.847
P01314,9730.468
P01315,9520.009
P01332,11701.601
P01379,7063.3955
P01443,10175.232
P01463,6692.521
P01502,11090.101
P01510,6927.055
P01576,6753.549
P01623,9665.766
P01626,8545.166
P01637,6692.521
P01638,10921.055
P01648,6890.4756
P01664,19095.164
P01667,6890.4756
P01718,6156.8774
P01741,9417.785
P01749,6760.632
P01753,6753.549
P01757,6753.549
P01766,6122.3994
P01770,6753.549
P01776,6638.2725
P01812,10921.055
P01816,6955.146
P01841,10256.913
P01844,10109.887
P01859,6753.549
P01860,46279.094
P01879,7008.353
P01889,6021.13
P01918,10007.6
P01923,10548.626
P01934,6452.874
P01962,7150.0845
P01981,9884.517
P01999,6805.3374
P02025,6753.549
P02037,6638.2725
P02040,6613.65
P02053,6156.8774
P02075,11249.492
P02077,9433.041
P02095,38557.54
P02124,10295.0
P02152,9884.517
P02159,10105.038
P02165,14940.3125
P02178,9660.752
P02206,6955.146
P02228,9187.323
P02232,12108.413
P02241,6645.4976
P02284,11090.101
P02285,10084.935
P02408,6125.7085
P02423,6591.2964
P02435,9638.635
P02442,9884.517
P02459,6591.2964
P02508,6092.599
P02521,6955.146
P02535,6232.0825
P02536,6591.2964
P02541,12214.835
P02546,10393.897
P02580,11103.118
P02586,3973.1016
P02685,6753.549
P02689,6918.4185
P02805,6478.792
P02808,6666.2505
P02812,7044.4893
P02852,6276.513
P02863,6613.5015
P02886,51678.52
P02887,52732.242
P02888,4203.736
P02913,6639.963
P02921,6955.146
P02923,6753.549
P02978,42276.574
P02982,6955.146
P03028,7591.0405
P03068,6498.123
P03070,6647.7446
P03157,6796.334
P03178,10173.35
P03201,6791.7134
P03213,6568.9688
P03225,4055.5845
P03332,35055.66
P03337,6633.0474
P03343,6647.7446
P03352,6948.038
P03369,6875.2456
P03439,6568.9688
P03444,9487.322
P03452,6633.0474
P03458,6779.093
P03459,6633.0474
P03461,6892.652
P03462,6779.093
P03463,6552.467
P03578,7023.684
P03602,9487.322
P03628,6999.215
P03631,6208.605
P03654,6737.734
P03675,6829.3643
P03684,7195.882
P03696,9014.015
P03724,8279.614
P03751,6927.5244
P03772,7097.358
P03786,10185.554
P03808,6721.693
P03809,6721.693
P03815,8757.384
P03908,6824.923
P03923,10807.046
P03933,6568.9688
P03934,6871.03
P03935,6568.9688
P03979,6630.4316
P04044,10431.428
P04051,11304.28
P04070,7359.255
P04101,10622.641
P04108,6521.0557
P04127,11749.666
P04133,9622.167
P04143,10126.853
P04161,9319.37
P04164,10807.046
P04169,10807.046
P04213,11701.601
P04251,6568.9688
P04273,10529.025
P04285,10828.702
P04291,10795.59
P04329,11386.725
P04334,6924.2476
P04386,45306.156
P04387,6909.6543
P04393,6890.4756
P04394,6890.4756
P04396,6875.2456
P04398,7218.767
P04403,17807.617
P04408,9282.609
P04421,9638.028
P04434,7097.358
P04466,9795.416
P04525,6683.0386
P04531,6796.334
P04560,6798.2266
P04564,10565.491
P04567,9721.794
P04570,10044.76
P04598,6882.5347
P04599,6882.5347
P04689,10565.491
P04690,10438.504
P04691,6970.946
P04697,6568.9688
P04700,6568.9688
P04736,6575.8643
P04758,10516.68
P04771,6671.2056
P04830,6890.4756
P04831,6848.326
P04834,10987.208
P04836,10974.326
P04873,7058.1494
P04900,6818.54
P04901,6818.54
P04909,6779.093
P04924,3463.429
P04960,11132.056
P04964,6616.2334
P04966,6616.2334
P04970,57740.2
P05039,6568.9688
P05049,10375.9
P05059,6418.6763
P05081,9586.88
P05097,6717.879
P05098,6717.879
P05099,7044.4893
P05107,7044.4893
P05109,9773.504
P05112,6890.4756
P05113,7044.4893
P05114,6796.334
P05136,10828.702
P05138,10828.702
P05141,7044.4893
P05142,10149.837
P05143,10149.837
P05148,6815.25
P05149,6815.25
P05156,7063.3955
P05258,6622.6577
P05283,6683.0386
P05284,6970.946
P05286,6683.0386
P05288,11132.056
P05291,6683.0386
P05292,6683.0386
P05302,4017.4495
P05362,10187.525
P05392,6890.4756
P05394,6890.4756
P05408,6432.8955
P05441,6568.9688
P05443,9487.322
P05455,6748.6616
P05460,6568.9688
P05537,6568.9688
P05556,10987.208
P05558,10974.326
P05704,6796.334
P05705,6412.438
P05712,6815.25
P05716,6522.4834
P05762,10460.869
P05768,10529.025
P05797,6576.68
P05801,6576.68
P05805,6811.084
P05812,6865.2456
P05838,6753.671
P05864,10676.952
P05907,13089.65
P05944,6522.4834
P05949,10974.326
P05951,6890.4756
P05968,9400.86
P05977,10662.826
P06069,9165.548
P06079,11111.265
P06086,6868.0356
P06087,6341.988
P06088,6498.123
P06145,26138.674
P06151,7514.3857
P06159,10044.76
P06170,24004.443
P06171,6945.1426
P06187,6769.594
P06201,9593.914
P06230,11589.066
P06236,7102.6943
P06273,7092.7427
P06343,10565.491
P06344,10565.491
P06352,6622.6577
P06376,61509.516
P06378,35232.027
P06379,10992.062
P06380,35232.027
P06383,67973.54
P06385,10992.062
P06386,11345.573
P06387,11345.573
P06388,11345.573
P06399,11423.382
P06402,39771.242
P06403,56467.05
P06404,39729.164
P06405,36559.29
P06408,36559.29
P06411,10868.528
P06413,8568.975
P06416,11707.192
P06418,11413.961
P06420,11413.961
P06421,11707.192
P06423,8354.339
P06428,11413.961
P06430,11707.192
P06447,7394.4917
P06448,7478.485
P06573,7478.485
P06870,8968.812
P07133,35232.027
P07139,39729.164
P07154,67492.04
P07158,67492.04
P07159,34285.47
P07160,47146.355
P07257,35609.22
P07259,35227.39
P07293,35577.07
P07294,35577.07
P07298,11423.382
P07299,11423.382
P07506,11286.063
P07544,43351.367
P07546,49289.23
P07547,8682.167
P07555,42607.473
P07556,10353.075
P07559,47736.793
P07568,39729.164
P07573,42607.473
P07576,35577.07
P07578,35733.766
P07580,10992.062
P07583,11423.382
P07589,43351.367
P07590,59436.848
P07595,35232.027
P07598,10992.062
P07599,53163.477
P07600,50043.195
P07601,52916.32
P07617,10992.062
P07619,49289.23
P07623,46436.04
P07625,47736.793
P07627,34892.324
P07633,33954.89
P07640,8830.286
P07641,35380.855
P07645,48093.96
P07646,51005.9
P07655,11510.767
P07656,36357.656
P07657,11423.382
P07683,55271.66
P07684,63683.605
P07692,11345.573
P07694,11345.573
P07696,10756.277
P07698,11345.573
P07702,11790.764
P07708,52676.047
P07709,53604.215
P07776,8744.163
P07777,8744.163
P07778,10992.062
P07780,64914.41
P07783,8508.293
P07784,43056.227
P07790,8508.293
P07994,8744.163
P07996,8744.163
P07997,9063.43
P07998,9132.763
P08000,36082.69
P08005,8744.163
P08006,33335.81
P08009,34023.45
P08012,34437.457
P08014,33039.055
P08171,34617.48
P08172,34426.555
P08181,50888.023
P08187,58625.0
P08188,11274.455
P08189,52325.707
P08191,11274.455
P08194,11147.833
P08196,10992.062
P08200,56396.39
P08201,54660.598
P08203,11274.455
P08217,9087.285
P08222,11423.382
P08225,10466.787
P08241,53481.816
P08242,10992.062
P08243,10992.062
P08281,37595.824
P08320,11423.382
P08322,55338.7
P08338,59831.715
P08340,50655.605
P08344,11345.573
P08346,11274.455
P08348,8744.163
P08350,8744.163
P08353,44011.48
P08356,33917.836
P08357,8508.293
P08359,44851.824
P08363,11497.161
P08364,11023.085
P08365,11497.161
P08367,8744.163
P08368,32234.615
P08369,8508.293
P08374,52503.215
P08379,33360.715
P08380,33002.996
P08383,8508.293
P08387,33360.715
P08388,33360.715
P08390,33002.996
P08392,33360.715
P08396,8744.163
P08399,41639.62
P08400,8508.293
P08401,8744.163
P08404,44748.555
P08405,10992.062
P08406,10992.062
P08408,10992.062
P08411,34547.723
P08412,34285.47
P08446,57536.816
P08448,44748.555
P08450,58541.363
P08463,10756.277
P08476,8744.163
P08481,8744.163
P08489,10756.277
P08501,8744.163
P08502,8326.299
P08524,7998.5522
P08526,11345.573
P08527,11345.573
P08587,11861.836
P08593,46100.11
P08602,10992.062
P08604,40311.277
P08609,35380.855
P08615,63677.227
P08616,54781.203
P08617,65927.94
P08620,58043.2
P08624,11790.764
P08625,11790.764
P08626,38468.656
P08633,11345.573
P08639,11345.573
P08641,52177.26
P08644,54389.105
P08648,45212.66
P08650,8744.163
P08655,8744.163
P08656,61821.562
P08657,10992.062
P08659,8744.163
P08660,10992.062
P08749,8744.163
P08785,8744.163
P08789,8836.411
P08792,8836.411
P08793,41108.13
P08796,9063.43
P08797,9063.43
P08801,8744.163
P08803,8968.812
P08804,8744.163
P08805,9063.43
P08807,8968.812
P08809,8744.163
P08810,10466.787
P08812,11138.927
P08815,8744.163
P08816,8968.812
P08817,11274.455
P08820,8744.163
P08821,8642.807
P08822,8744.163
P08828,8968.812
P08829,10992.062
P08830,10992.062
P08831,10992.062
P08832,51354.496
P08834,53021.043
P08835,51240.707
P08837,42776.07
P08842,8744.163
P08843,8744.163
P08844,10859.927
P08847,51354.496
P08849,43509.09
P08850,8744.163
P08851,8744.163
P08852,8744.163
P08853,8744.163
P08856,10992.062
P08859,10992.062
P08998,8744.163
P08999,8744.163
P09002,8744.163
P09004,8744.163
P09009,8836.411
P09030,8508.293
P09031,8508.293
P09033,8321.877
P09034,8321.877
P09036,8968.812
P09037,8508.293
P09038,8508.293
P09040,8508.293
P09053,10992.062
P09055,49947.926
P09056,59831.715
P09058,44188.67
P09060,45212.66
P09061,11345.573
P09074,11423.382
P09077,11345.573
P09078,11209.19
P09080,11345.573
P09082,11345.573
P09085,11345.573
P09088,11790.764
P09089,11423.382
P09094,10992.062
P09097,11423.382
P09099,10992.062
P09101,11274.455
P09104,10992.062
P09107,60438.934
P09112,39530.7
P09114,65390.863
P09115,52362.5
P09116,65962.03
P09120,11286.063
P09121,11286.063
P09126,46027.625
P09138,66980.99
P09141,53609.79
P09145,40125.44
P09146,37441.855
P09173,6890.4756
P09194,10992.062
P09196,10992.062
P09197,35577.07
P09202,10992.062
P09203,35232.027
P09210,11423.382
P09346,8968.812
P09353,8744.163
P09359,8864.851
P09362,9063.43
P09368,33697.137
P09373,8744.163
P09375,10992.062
P09377,8744.163
P09378,10992.062
P09379,8968.812
P09382,10992.062
P09384,10466.787
P09385,9063.43
P09386,8961.637
P09388,10992.062
P09389,10992.062
P09390,10992.062
P09391,51671.027
P09393,36082.69
P09395,35038.715
P09396,34772.73
P09398,50899.918
P09399,11138.927
P09400,48552.785
P09401,33954.89
P09449,34176.04
P09450,33697.137
P09452,33335.81
P09453,8864.851
P09454,9063.43
P09455,33987.55
P09457,9063.43
P09458,8757.409
P09460,9063.43
P09461,8326.299
P09464,10992.062
P09465,10992.062
P09473,34285.47
P09474,34285.47
P09477,34772.73
P09479,34285.47
P09482,31411.363
P09484,51240.707
P09487,8744.163
P09488,8744.163
P09489,49947.926
P09493,8744.163
P09495,8744.163
P09496,8744.163
P09500,8744.163
P09501,8744.163
P09505,8968.812
P09506,8968.812
P09507,8968.812
P09509,8968.812
P09510,8968.812
P09519,8836.411
P09522,8836.411
P09524,8744.163
P09526,8744.163
P09527,8744.163
P09529,8744.163
P09530,8744.163
P09533,8744.163
P09534,8836.411
P09538,8744.163
P09541,8744.163
P09542,8744.163
P09543,8744.163
P09546,8744.163
P09565,9063.43
P09567,45731.45
P09570,8508.293
P09571,9063.43
P09590,8744.163
P09591,8744.163
P09592,8968.812
P09593,8968.812
P09595,49365.348
P09596,34285.47
P09597,37598.945
P09602,34285.47
P09603,10859.927
P09604,10859.927
P09606,11274.455
P09609,9063.43
P09612,33917.836
P09614,29811.615
P09615,9063.43
P09616,30332.11
P09617,34399.875
P09620,34772.73
P09621,8508.293
P09624,8321.877
P09824,6207.1987
P09906,6808.7393
P09909,6207.1987
P09910,6207.1987
P09911,6260.1675
P09912,6207.1987
P09913,6207.1987
P09914,6207.1987
P09915,6207.1987
P09916,6207.1987
P09918,6207.1987
P09919,6207.1987
P09920,6207.1987
P09928,5366.0103
P09992,6207.1987
P09997,6260.1675
P09998,6207.1987
P10012,5409.8687
P10014,5456.034
P10017,6167.016
P10018,6365.548
P10019,5456.034
P10020,6271.5674
P10023,5409.8687
P10028,5409.8687
P10029,5409.8687
P10030,5409.8687
P10036,5409.8687
P10037,5934.1494
P10040,5409.8687
P10156,6207.1987
P10176,6260.1675
P10213,36557.438
P10215,36557.438
P10216,36557.438
P10220,36557.438
P10221,36557.438
P10366,6207.1987
P10393,6260.1675
P10394,6260.1675
P10404,6260.1675
P10405,6260.1675
P10426,6207.1987
P10431,6260.1675
P10432,6260.1675
P10434,6760.896
P10435,6267.513
P10437,6260.1675
P10449,6843.161
P10531,5409.8687
P10628,6260.1675
P10629,6450.779
P10630,6207.1987
P10632,6207.1987
P10637,6207.1987
P10666,201076.95
P10670,6260.1675
P10673,6209.4165
P10680,6156.8774
P10681,6209.4165
P10682,6156.8774
P10684,6260.1675
P10685,6207.1987
P10690,6207.1987
P10691,6891.587
P10692,7075.9243
P10704,6209.4165
P10715,6156.8774
P10734,33656.957
P10735,7011.342
P10736,6209.4165
P10744,33656.957
P10745,33656.957
P10767,6167.016
P10775,5456.034
P10777,5409.8687
P10778,5456.034
P10780,5693.001
P10782,5409.8687
P10783,6006.3564
P10784,6156.8774
P10785,6209.4165
P10786,6006.3564
P10791,6156.8774
P10793,6209.4165
P10797,5366.0103
P11065,6260.1675
P11086,5409.8687
P11117,37460.465
P11171,5366.0103
P11233,7162.022
P11236,7162.022
P11241,6207.1987
P11246,6207.1987
P11248,6207.1987
P11249,7162.022
P11252,6260.1675
P11255,6891.587
P11256,6808.7393
P11259,6207.1987
P11260,6207.1987
P11263,6207.1987
P11287,6207.1987
P11290,6207.1987
P11292,178421.0
P11293,174392.27
P11297,6207.1987
P11318,6260.1675
P11323,6207.1987
P11326,6207.1987
P11328,6207.1987
P11330,6207.1987
P11331,6207.1987
P11333,6207.1987
P11336,5409.8687
P11337,5409.8687
P11338,5409.8687
P11422,6207.1987
P11507,6207.1987
P11508,6207.1987
P11513,6156.8774
P11518,6260.1675
P11520,6207.1987
P11568,33656.957
P11588,36165.445
P11683,6207.1987
P11702,6260.1675
P11765,5409.8687
P11766,5738.951
P11774,5892.459
P11777,5409.8687
P11779,5409.8687
P11780,5456.034
P11782,5456.034
P11783,5409.8687
P11787,5409.8687
P11788,5409.8687
P11789,5409.8687
P11790,5456.034
P11792,5409.8687
P11794,6125.1855
P11796,5409.8687
P11797,6207.1987
P11799,6207.1987
P11800,5475.6973
P11802,5409.8687
P11806,6207.1987
P11807,6207.1987
P11810,6207.1987
P11812,6808.7393
P11814,6808.7393
P11815,6207.1987
P11824,5409.8687
P11825,5409.8687
P11828,6006.3564
P11829,6207.1987
P11830,6207.1987
P11846,5409.8687
P11847,5409.8687
P11854,6260.1675
P11865,5366.0103
P11868,5409.8687
P11870,5409.8687
P11871,5409.8687
P12023,34080.965
P12101,36557.438
P12102,36557.438
P12104,6203.9785
P12107,34792.934
P12108,36557.438
P12109,35631.332
P12116,6760.896
P12136,37620.785
P12171,6648.1885
P12180,6207.1987
P12212,6156.8774
P12213,6156.8774
P12214,6207.1987
P12215,6156.8774
P12216,6835.7183
P12218,6156.8774
P12230,6207.1987
P12233,6452.874
P12236,6156.8774
P12237,6156.8774
P12238,6156.8774
P12240,6207.1987
P12242,6234.4487
P12243,6156.8774
P12244,143854.45
P12318,134181.81
P12382,6207.1987
P12439,6207.1987
P12440,221570.89
P12444,6207.1987
P12445,192980.45
P12450,6207.1987
P12453,6808.7393
P12459,6207.1987
P12462,6808.7393
P12463,6207.1987
P12466,6207.1987
P12469,6207.1987
P12473,6207.1987
P12478,6207.1987
P12482,6260.1675
P12488,6207.1987
P12498,5237.083
P12510,5366.0103
P12513,5409.8687
P12520,6207.1987
P12522,6207.1987
P12523,6207.1987
P12531,5616.055
P12534,5456.034
P12535,5409.8687
P12537,5623.991
P12540,5409.8687
P12542,5456.034
P12553,6207.1987
P12555,6207.1987
P12557,6207.1987
P12564,6207.1987
P12566,6207.1987
P12571,6207.1987
P12572,6207.1987
P12573,5409.8687
P12575,5409.8687
P12576,5409.8687
P12577,5409.8687
P12578,5409.8687
P12647,6306.9517
P12650,6156.8774
P12671,173379.38
P12719,6207.1987
P12784,6207.1987
P12828,6320.2515
P12926,6571.936
P13011,6282.1436
P13013,6256.9194
P13041,33992.67
P13050,6421.937
P13055,6476.738
P13059,6421.937
P13094,6207.1987
P13097,6421.937
P13098,6421.937
P13193,131617.48
P13222,6207.1987
P13227,6505.825
P13459,6207.1987
P13531,14377.804
P13647,6207.1987
P13654,6209.4165
P13664,5409.8687
P13666,5409.8687
P13667,5409.8687
P13668,5409.8687
P13670,5456.034
P13672,5409.8687
P13673,5409.8687
P13674,5409.8687
P13686,6156.8774
P13687,6156.8774
P13688,6156.8774
P13689,6156.8774
P13690,6156.8774
P13692,6156.8774
P13695,6156.8774
P13697,6156.8774
P13782,35021.875
P13792,33656.957
P13867,5456.034
P13868,5409.8687
P13889,6502.2393
P13890,6203.9785
P13901,5366.0103
P13909,5366.0103
P13910,5366.0103
P13915,6156.8774
P13932,5456.034
P13933,5409.8687
P13934,5409.8687
P13948,6156.8774
P14010,186871.86
P14011,188592.39
P14012,5456.034
P14014,144404.27
P14018,6505.6143
P14020,6207.1987
P14021,6207.1987
P14025,5409.8687
P14026,5409.8687
P14027,5409.8687
P14029,6207.1987
P14030,6207.1987
P14089,6207.1987
P14092,6207.1987
P14123,136168.08
P14142,6207.1987
P14410,6156.8774
P14411,6156.8774
P14414,5456.034
P14682,7215.91
P14684,6282.7275
P14737,34783.68
P14745,6207.1987
P14785,6008.9463
P14813,6260.1675
P14816,6207.1987
P14821,6156.8774
P14840,5366.0103
P14853,5409.8687
P14854,5456.034
P14856,5456.034
P14876,5456.034
P14878,5409.8687
P14880,5409.8687
P14887,5409.8687
P14890,5409.8687
P14893,5366.0103
P14898,5366.0103
P14906,6209.4165
P14920,6207.1987
P14921,6207.1987
P14922,6207.1987
P14925,6207.1987
P14927,6207.1987
P14929,5409.8687
P15034,6207.1987
P15035,6207.1987
P15037,6207.1987
P15038,6207.1987
P15040,6207.1987
P15050,5409.8687
P15051,5409.8687
P15175,6156.8774
P15176,6156.8774
P15177,6156.8774
P15183,6156.8774
P15188,6505.6143
P15191,6207.1987
P15192,6207.1987
P15196,6207.1987
P15197,6207.1987
P15203,5409.8687
P15204,5409.8687
P15205,5409.8687
P15206,5409.8687
P15209,6207.1987
P15210,6207.1987
P15213,6260.1675
P15216,159526.58
P15218,6891.587
P15221,174392.27
P15222,6207.1987
P15226,6207.1987
P15228,6207.1987
P15229,6207.1987
P15233,6156.8774
P15235,6156.8774
P15240,6156.8774
P15313,6207.1987
P15314,6207.1987
P15320,6207.1987
P15324,7081.5825
P15326,6207.1987
P15333,6282.7275
P15335,6260.1675
P15337,6260.1675
P15338,161451.38
P15355,6207.1987
P15377,5456.034
P15414,6207.1987
P15446,36557.438
P15551,7103.9614
P15707,6207.1987
P15708,6156.8774
P15709,6209.4165
P15722,36557.438
P15723,36557.438
P15724,36557.438
P15798,25643.895
P15824,6207.1987
P15856,6207.1987
P15858,6260.1675
P15859,6760.896
P15886,6260.1675
P15890,6207.1987
P15891,6260.1675
P15897,6260.1675
P15898,6207.1987
P15907,5456.034
P15909,5456.034
P15910,5409.8687
P15924,5409.8687
P15925,5409.8687
P15926,5409.8687
P15927,5409.8687
P15970,5411.802
P16070,5409.8687
P16090,5411.802
P16097,5409.8687
P16158,6207.1987
P16161,5409.8687
P16162,5409.8687
P16163,5409.8687
P16164,5409.8687
P16169,6207.1987
P16170,6207.1987
P16171,6260.1675
P16173,6207.1987
P16175,5409.8687
P16176,5409.8687
P16177,5409.8687
P16178,5456.034
P16179,5409.8687
P16181,5409.8687
P16183,5409.8687
P16185,5409.8687
P16186,5409.8687
P16187,5409.8687
P16188,5409.8687
P16190,6207.1987
P16193,6207.1987
P16314,6156.8774
P16315,6156.8774
P16392,6320.2515
P16415,7075.9243
P16491,172985.62
P16493,172985.62
P16494,158501.75
P16495,172985.62
P16496,6207.1987
P16498,6207.1987
P16500,6207.1987
P16501,6260.1675
P16503,6207.1987
P16504,6209.4165
P16506,6156.8774
P16507,6156.8774
P16516,6207.1987
P16517,6207.1987
P16519,6207.1987
P16520,6207.1987
P16521,6207.1987
P16522,6207.1987
P16524,6260.1675
P16525,6207.1987
P16526,6207.1987
P16528,6207.1987
P16529,6260.1675
P16530,6207.1987
P16534,164833.08
P16540,6207.1987
P16542,6207.1987
P16544,6207.1987
P16545,6207.1987
P16546,6207.1987
P16548,6207.1987
P16550,6285.4043
P16552,6207.1987
P16558,166350.67
P16565,6207.1987
P16566,6207.1987
P16569,6207.1987
P16570,6207.1987
P16571,155108.02
P16573,6207.1987
P16574,6207.1987
P16611,6207.1987
P16643,6207.1987
P16660,6808.7393
P16661,6207.1987
P16687,31482.771
P16734,6421.937
P16735,6421.937
P16736,6421.937
P16744,6207.1987
P16750,6207.1987
P16751,6207.1987
P16752,6207.1987
P16753,6207.1987
P16756,6207.1987
P16757,6207.1987
P16758,5409.8687
P16762,6207.1987
P16763,6207.1987
P16787,5409.8687
P16788,6260.1675
P16789,6207.1987
P16832,6207.1987
P16834,6260.1675
P16867,231902.06
P16893,6207.1987
P17133,6207.1987
P17136,6207.1987
P17137,6207.1987
P17147,6260.1675
P17148,6207.1987
P17149,6282.7275
P17150,6207.1987
P17154,6207.1987
P17246,6207.1987
P17248,6207.1987
P17249,6207.1987
P17255,6156.8774
P17256,6207.1987
P17257,5409.8687
P17258,6260.1675
P17261,6156.8774
P17262,6156.8774
P17264,5409.8687
P17265,5475.6973
P17278,6207.1987
P17287,6207.1987
P17306,6207.1987
P17308,5366.0103
P17309,6260.1675
P17313,6207.1987
P17314,6207.1987
P17315,6260.1675
P17317,6207.1987
P17319,6260.1675
P17323,6260.1675
P17324,6260.1675
P17325,6639.963
P17415,6571.936
P17422,6207.1987
P17424,6260.1675
P17442,6207.1987
P17444,6207.1987
P17447,6207.1987
P17448,6207.1987
P17479,6260.1675
P17482,6156.8774
P17483,6156.8774
P17486,6156.8774
P17501,6207.1987
P17502,6207.1987
P17503,6207.1987
P17504,6260.1675
P17508,6421.937
P17518,6207.1987
P17521,6207.1987
P17523,6207.1987
P17527,6006.3564
P17530,5409.8687
P17539,5409.8687
P17540,5934.1494
P17542,5366.0103
P17562,36557.438
P17660,6679.502
P17829,5366.0103
P17855,6207.1987
P17856,6260.1675
P17857,6207.1987
P17927,6476.738
P17934,6156.8774
P17964,6867.918
P17974,6207.1987
P17993,6421.937
P18049,6260.1675
P18051,6260.1675
P18053,6260.1675
P18054,6207.1987
P18061,6207.1987
P18063,6207.1987
P18065,6505.6143
P18123,6421.937
P18127,6476.738
P18128,21838.1
P18156,5409.8687
P18157,5409.8687
P18159,5409.8687
P18161,5409.8687
P18191,5409.8687
P18194,6584.7734
P18195,6260.1675
P18211,6207.1987
P18217,6808.7393
P18225,6207.1987
P18227,6207.1987
P18231,6207.1987
P18253,6207.1987
P18258,6207.1987
P18259,5475.6973
P18261,6505.6143
P18262,6207.1987
P18279,5409.8687
P18281,5409.8687
P18296,6260.1675
P18300,6207.1987
P18434,6207.1987
P18460,5409.8687
P18519,6924.05
P18522,6207.1987
P18557,6156.8774
P18558,6156.8774
P18650,5886.041
P18651,5366.0103
P18654,6156.8774
P18655,5372.3066
P18656,5372.3066
P18731,6207.1987
P18735,5409.8687
P18739,6260.1675
P18749,5456.034
P18752,5456.034
P18755,5456.034
P18769,6260.1675
P18771,5456.034
P18796,6260.1675
P19035,5409.8687
P19037,5409.8687
P19038,5409.8687
P19041,6207.1987
P19052,33936.31
P19124,6421.937
P19250,6207.1987
P19252,6207.1987
P19253,6207.1987
P19265,6207.1987
P19282,6207.1987
P19573,6207.1987
P19574,6207.1987
P19590,7517.2456
P19599,6894.3613
P19630,6853.1157
P19680,171407.47
P19684,178611.16
P19685,6207.1987
P19686,6389.2466
P19696,6207.1987
P19697,172985.62
P19699,6207.1987
P19701,172985.62
P19703,6207.1987
P19715,6207.1987
P19720,6207.1987
P19773,6450.779
P19812,6156.8774
P19813,6156.8774
P19814,6156.8774
P19851,6207.1987
P19856,6260.1675
P19860,6156.8774
P19861,163042.78
P19864,6156.8774
P19865,6156.8774
P19866,6156.8774
P19867,6156.8774
P19868,6156.8774
P19891,6156.8774
P19894,6260.1675
P19897,6207.1987
P19899,6260.1675
P19905,6156.8774
P19906,6452.874
P19907,6156.8774
P19908,6209.4165
P19911,6156.8774
P19913,6156.8774
P19915,6156.8774
P19916,6156.8774
P19920,6156.8774
P19925,6156.8774
P19926,6209.4165
P19928,6156.8774
P19938,5366.0103
P19941,6167.016
P19954,6260.1675
P19955,5411.802
P19979,7084.2305
P20002,5366.0103
P20004,5366.0103
P20007,5456.034
P20010,5366.0103
P20022,5411.802
P20026,5411.802
P20036,6808.7393
P20040,5456.034
P20041,5456.034
P20042,5409.8687
P20047,6260.1675
P20048,5456.034
P20049,5409.8687
P20050,5409.8687
P20053,5456.034
P20066,5411.802
P20068,5456.034
P20129,6207.1987
P20136,6207.1987
P20141,6207.1987
P20142,6207.1987
P20144,6260.1675
P20212,6207.1987
P20213,6207.1987
P20215,6207.1987
P20218,6207.1987
P20219,6207.1987
P20220,6207.1987
P20221,6207.1987
P20243,6207.1987
P20244,6207.1987
P20247,6156.8774
P20251,6156.8774
P20260,6207.1987
P20267,6260.1675
P20269,6207.1987
P20270,6260.1675
P20272,6207.1987
P20274,6207.1987
P20307,161727.06
P20311,6207.1987
P20312,6207.1987
P20315,6207.1987
P20318,6505.6143
P20368,6207.1987
P20387,6207.1987
P20436,6808.7393
P20527,5463.744
P20546,6207.1987
P20665,6156.8774
P20666,6209.4165
P20695,6207.1987
P20725,6015.9976
P20726,6008.9463
P20766,6207.1987
P20786,6207.1987
P20848,6209.4165
P20849,6255.822
P20855,5409.8687
P21016,6207.1987
P21021,6207.1987
P21059,36557.438
P21112,6207.1987
P21118,6207.1987
P21123,6207.1987
P21145,6260.1675
P21150,6207.1987
P21151,6207.1987
P21160,6207.1987
P21168,6207.1987
P21169,6207.1987
P21172,6207.1987
P21174,6156.8774
P21179,6156.8774
P21183,6207.1987
P21185,6532.0527
P21186,6891.587
P21193,6207.1987
P21231,6156.8774
P21243,5597.028
P21247,5597.028
P21249,6156.8774
P21253,6207.1987
P21256,6207.1987
P21283,7075.9243
P21308,6207.1987
P21364,29368.508
P21379,6207.1987
P21381,6207.1987
P21384,6207.1987
P21388,6260.1675
P21392,6320.2515
P21393,162926.67
P21680,6260.1675
P21715,6207.1987
P21921,6753.549
P21930,6207.1987
P21959,6207.1987
P21960,6505.6143
P21961,6207.1987
P21962,6505.6143
P21963,148185.84
P21979,5237.083
P21988,6207.1987
P21989,6207.1987
P21990,6808.7393
P21991,6816.732
P21992,6207.1987
P21993,6207.1987
P22000,6207.1987
P22001,6209.4165
P22003,6156.8774
P22004,6207.1987
P22005,6207.1987
P22006,6207.1987
P22007,6207.1987
P22009,6207.1987
P22013,6207.1987
P22066,6207.1987
P22067,6260.1675
P22070,6207.1987
P22103,5366.0103
P22104,5411.802
P22109,5409.8687
P22117,5456.034
P22119,5456.034
P22122,5456.034
P22124,5409.8687
P22126,5456.034
P22128,5456.034
P22139,5456.034
P22141,5456.034
P22143,6167.016
P22145,6167.016
P22148,5409.8687
P22149,5409.8687
P22161,5456.034
P22163,5456.034
P22164,5456.034
P22168,5411.802
P22193,6260.1675
P22202,6207.1987
P22205,6207.1987
P22227,5409.8687
P22259,6207.1987
P22264,6260.1675
P22265,6260.1675
P22289,5456.034
P22291,6260.1675
P22293,5409.8687
P22315,6505.6143
P22318,5669.958
P22321,5456.034
P22323,5409.8687
P22324,5409.8687
P22327,5409.8687
P22331,5456.034
P22334,6156.8774
P22338,6808.7393
P22339,119058.67
P22342,6808.7393
P22343,135231.77
P22346,6207.1987
P22350,6207.1987
P22351,6207.1987
P22352,6207.1987
P22354,6207.1987
P22355,6207.1987
P22356,6207.1987
P22357,6808.7393
P22358,6808.7393
P22359,6207.1987
P22360,6207.1987
P22361,6260.1675
P22364,6207.1987
P22368,6207.1987
P22369,6207.1987
P22372,6207.1987
P22373,6207.1987
P22375,6207.1987
P22380,6891.587
P22383,6156.8774
P22384,6753.549
P22388,6207.1987
P22389,6207.1987
P22390,6207.1987
P22391,6207.1987
P22392,6207.1987
P22393,6207.1987
P22394,6207.1987
P22395,6207.1987
P22401,6207.1987
P22403,6207.1987
P22437,6207.1987
P22443,6207.1987
P22452,6584.7734
P22455,6207.1987
P22457,6207.1987
P22458,6207.1987
P22460,6207.1987
P22467,6209.4165
P22468,6156.8774
P22470,6207.1987
P22471,6207.1987
P22472,6207.1987
P22480,6207.1987
P22484,6207.1987
P22485,6156.8774
P22488,6207.1987
P22489,6207.1987
P22491,162163.22
P22521,6207.1987
P22540,6891.587
P22543,6207.1987
P22555,6207.1987
P22557,5409.8687
P22564,6505.6143
P22654,6282.7275
P22655,6207.1987
P22659,6808.7393
P22660,6207.1987
P22661,6207.1987
P22675,180228.98
P22682,6207.1987
P22689,6808.7393
P22698,6156.8774
P23013,6147.515
P23099,5409.8687
P23100,6207.1987
P23104,5409.8687
P23107,5409.8687
P23110,5409.8687
P23327,6207.1987
P23329,6260.1675
P23346,5409.8687
P23351,6207.1987
P23361,6207.1987
P23364,5456.034
P23366,6006.3564
P23367,5456.034
P23376,5456.034
P23385,5409.8687
P23387,5456.034
P23390,5456.034
P23396,5409.8687
P23399,5409.8687
P23408,6260.1675
P23418,5456.034
P23456,5456.034
P23545,6207.1987
P23549,6207.1987
P23560,5409.8687
P23750,6740.6
P23757,6207.1987
P23758,6207.1987
P23759,6207.1987
P23783,5475.6973
P23784,5409.8687
P23785,5409.8687
P23797,6207.1987
P23800,6207.1987
P23802,6207.1987
P23806,6207.1987
P23807,6207.1987
P23808,6260.1675
P23814,6207.1987
P23819,6282.7275
P23820,6282.7275
P23822,7075.9243
P23857,6207.1987
P23864,6207.1987
P23865,6207.1987
P23866,6207.1987
P23883,6207.1987
P23884,5409.8687
P23886,5409.8687
P23890,5409.8687
P23904,6207.1987
P23905,6584.7734
P23910,6207.1987
P23911,6207.1987
P23913,5409.8687
P23962,6207.1987
P23965,6207.1987
P23966,6207.1987
P23967,6207.1987
P23972,6260.1675
P23978,6207.1987
P23982,6207.1987
P23983,6260.1675
P23984,6207.1987
P23986,6207.1987
P23993,6207.1987
P24000,6207.1987
P24002,5409.8687
P24012,6260.1675
P24014,6260.1675
P24027,6260.1675
P24030,5456.034
P24196,6476.738
P24197,6476.738
P24213,6580.959
P24214,6839.194
P24216,6580.959
P24278,6207.1987
P24530,6421.937
P24539,6476.738
P24750,5366.0103
P24754,5409.8687
P24757,5409.8687
P24759,5409.8687
P24760,5409.8687
P24764,6207.1987
P24765,6207.1987
P24766,6584.7734
P24768,5409.8687
P24769,5409.8687
P24776,6260.1675
P24792,6427.29
P24795,6207.1987
P24807,6505.6143
P24809,6505.6143
P24810,6207.1987
P24813,6505.6143
P24819,139897.05
P24823,6156.8774
P24826,6156.8774
P24837,5366.0103
P24838,6156.8774
P24839,5366.0103
P24842,6207.1987
P24843,6808.7393
P24844,6207.1987
P24891,6808.7393
P24893,6156.8774
P24894,6156.8774
P24896,6156.8774
P24897,6753.549
P24899,6156.8774
P24901,6207.1987
P24902,6207.1987
P24905,6207.1987
P24907,6808.7393
P24908,6207.1987
P24909,6207.1987
P24919,186281.11
P24921,6207.1987
P24923,6207.1987
P24934,6207.1987
P24945,6808.7393
P24948,6207.1987
P24949,139107.06
P24951,6207.1987
P24952,6207.1987
P24953,6207.1987
P24954,6207.1987
P24956,6207.1987
P24961,6207.1987
P24962,6207.1987
P25145,6207.1987
P25149,6260.1675
P25150,6260.1675
P25151,6207.1987
P25152,6207.1987
P25153,6207.1987
P25155,6207.1987
P25156,6207.1987
P25157,6260.1675
P25158,6505.6143
P25159,6505.6143
P25160,6260.1675
P25163,5409.8687
P25164,5934.1494
P25166,5409.8687
P25167,5409.8687
P25168,5456.034
P25188,6990.641
P25190,6207.1987
P25192,6207.1987
P25194,6891.587
P25196,6207.1987
P25211,6207.1987
P25214,6207.1987
P25216,6207.1987
P25217,6207.1987
P25235,6156.8774
P25237,6156.8774
P25241,6207.1987
P25242,6808.7393
P25244,6808.7393
P25246,6156.8774
P25252,6260.1675
P25253,6505.6143
P25254,6207.1987
P25255,5409.8687
P25256,6207.1987
P25259,6260.1675
P25264,6207.1987
P25266,6207.1987
P25267,6207.1987
P25268,6207.1987
P25270,6207.1987
P25271,6207.1987
P25272,6207.1987
P25379,6207.1987
P25380,6207.1987
P25383,6207.1987
P25410,7162.022
P25411,6458.348
P25412,7162.022
P25413,7264.9634
P25414,6207.1987
P25416,6207.1987
P25417,6207.1987
P25421,6207.1987
P25427,6207.1987
P25428,6207.1987
P25429,6207.1987
P25432,6207.1987
P25433,6207.1987
P25435,6207.1987
P25436,6207.1987
P25439,6207.1987
P25441,6207.1987
P25443,6207.1987
P25445,6207.1987
P25453,6207.1987
P25454,6207.1987
P25462,6207.1987
P25463,6207.1987
P25464,6260.1675
P25465,6843.161
P25470,6260.1675
P25476,6808.7393
P25478,6505.6143
P25479,6505.6143
P25674,6207.1987
P25676,6476.738
P25725,6207.1987
P25742,6207.1987
P25921,6594.349
P25923,6594.349
P25925,6594.349
P25947,6207.1987
P25985,6207.1987
P25986,6260.1675
P25987,6207.1987
P25989,6207.1987
P25990,6207.1987
P25993,6207.1987
P25994,6285.4043
P25995,6339.0396
P25999,6292.7793
P26116,6443.768
P26132,6891.587
P26134,5409.8687
P26135,6207.1987
P26136,6891.587
P26137,6207.1987
P26167,6207.1987
P26168,5409.8687
P26169,5409.8687
P26172,5409.8687
P26178,6207.1987
P26181,6207.1987
P26182,6207.1987
P26196,6421.937
P26373,6207.1987
P26377,6207.1987
P26378,6207.1987
P26392,6207.1987
P26394,6207.1987
P26398,6207.1987
P26399,6207.1987
P26407,6207.1987
P26408,6207.1987
P26413,6207.1987
P26414,6207.1987
P26415,6260.1675
P26420,6207.1987
P26423,6207.1987
P26429,6207.1987
P26431,6207.1987
P26433,6207.1987
P26446,6207.1987
P26479,179877.16
P26610,6207.1987
P26611,6207.1987
P26612,6156.8774
P26616,6156.8774
P26617,6209.4165
P26621,6156.8774
P26622,6156.8774
P26623,6156.8774
P26624,6156.8774
P26625,6156.8774
P26626,6156.8774
P26627,6156.8774
P26628,6207.1987
P26629,6156.8774
P26631,6156.8774
P26632,6156.8774
P26633,6753.549
P26634,6207.1987
P26637,6207.1987
P26638,6207.1987
P26643,6156.8774
P26644,6156.8774
P26645,6156.8774
P26646,133445.98
P26648,133445.98
P26651,6156.8774
P26652,6753.549
P26654,6156.8774
P26655,6753.549
P26659,6008.9463
P26662,6058.059
P26663,6008.9463
P26667,6207.1987
P26671,6207.1987
P26675,6207.1987
P26677,6207.1987
P26678,6505.6143
P26680,6505.6143
P26681,6207.1987
P26685,6207.1987
P26687,6207.1987
P26689,7075.9243
P26694,6207.1987
P26697,170193.48
P26698,6207.1987
P26699,6891.587
P26700,6207.1987
P26704,6156.8774
P26707,6156.8774
P26708,163436.02
P26711,163436.02
P26712,6156.8774
P26714,6282.7275
P26715,6282.7275
P26718,6282.7275
P26719,172985.62
P26720,163436.02
P26721,157055.72
P26722,157055.72
P26723,157055.72
P26724,161945.0
P26728,5366.0103
P26809,6207.1987
P26858,6207.1987
P26859,6260.1675
P26860,172801.28
P26892,6421.937
P27251,5475.6973
P27253,5409.8687
P27257,5409.8687
P27261,5409.8687
P27263,5409.8687
P27264,5409.8687
P27265,5409.8687
P27266,5409.8687
P27267,5409.8687
P27271,5409.8687
P27277,6207.1987
P27279,6207.1987
P27280,6207.1987
P27281,6263.0015
P27282,5416.217
P27283,5409.8687
P27285,5409.8687
P27286,5409.8687
P27287,5409.8687
P27288,5409.8687
P27289,6260.1675
P27446,6260.1675
P27667,5409.8687
P27668,5409.8687
P27671,5456.034
P27672,5669.958
P27675,5456.034
P27676,5456.034
P27680,5456.034
P27682,5456.034
P27685,174831.05
P27688,6207.1987
P27693,6207.1987
P27695,135240.67
P27703,6167.016
P27704,5409.8687
P27705,5456.034
P27707,6167.016
P27708,5456.034
P27711,5409.8687
P27716,6207.1987
P27718,6207.1987
P27724,6207.1987
P27728,6207.1987
P27738,6260.1675
P27740,6207.1987
P27741,6260.1675
P27748,6773.9546
P27972,6260.1675
P28235,7119.441
P28237,174981.52
P28243,6706.0933
P28245,6706.0933
P28252,6156.8774
P28258,6156.8774
P28403,5409.8687
P28419,6505.6143
P28465,6706.0933
P28466,6706.0933
P28467,6452.874
P28468,7119.441
P28538,6060.223
P28763,6421.937
P28764,6421.937
P28767,6421.937
P28773,6924.05
P28861,6282.7275
P28863,6361.885
P28865,182903.86
P28867,6207.1987
P28868,6207.1987
P28870,177408.56
P28871,6207.1987
P28873,6207.1987
P28876,6207.1987
P28880,6207.1987
P28888,6207.1987
P28890,6260.1675
P28891,6207.1987
P28892,6207.1987
P28893,6207.1987
P28896,6207.1987
P28899,6260.1675
P28901,6207.1987
P28911,6282.7275
P28915,6207.1987
P28925,6450.779
P28926,6450.779
P28927,6450.779
P28928,7162.022
P28929,6207.1987
P28933,6207.1987
P28936,6891.587
P28941,6260.1675
P28943,6260.1675
P29184,6156.8774
P29196,164714.42
P29198,6282.7275
P29199,5475.6973
P29200,5409.8687
P29202,5409.8687
P29203,6006.3564
P29208,6207.1987
P29209,6207.1987
P29210,6207.1987
P29213,6207.1987
P29215,6207.1987
P29216,6207.1987
P29219,6207.1987
P29221,6505.6143
P29231,6156.8774
P29233,6156.8774
P29235,6156.8774
P29307,6260.1675
P29346,5411.802
P29353,6808.7393
P29355,6207.1987
P29356,6207.1987
P29357,6207.1987
P29358,6207.1987
P29359,6207.1987
P29360,6207.1987
P29361,6207.1987
P29364,6207.1987
P29365,6207.1987
P29368,6207.1987
P29369,6207.1987
P29370,6260.1675
P29371,6207.1987
P29376,6505.6143
P29381,6891.587
P29383,6207.1987
P29389,5478.03
P29390,5478.03
P29579,5456.034
P29580,6207.1987
P29581,6207.1987
P29583,6207.1987
P29584,6207.1987
P29585,6207.1987
P29628,5409.8687
P29632,5456.034
P29653,5409.8687
P29654,5475.6973
P29657,5409.8687
P29710,6207.1987
P29726,140387.83
P29727,168167.66
P29728,6260.1675
P29748,6207.1987
P29750,6207.1987
P29751,6260.1675
P29786,6207.1987
P29787,6207.1987
P29788,6207.1987
P29789,6207.1987
P29790,6207.1987
P29791,6808.7393
P29882,6207.1987
P29887,6477.754
P29915,33656.957
P30021,6209.4165
P30022,6209.4165
P30044,6156.8774
P30051,6209.4165
P30054,209393.5
P30329,6207.1987
P30336,6207.1987
P30446,5237.083
P30580,6156.8774
P30581,6156.8774
P30582,6156.8774
P30584,6156.8774
P30585,6156.8774
P30761,6421.937
P30768,5366.0103
P30836,6651.0205
P30964,35021.875
P31127,5886.041
P31152,6808.7393
P31154,6207.1987
P31177,6207.1987
P31266,5597.028
P31308,6260.1675
P31309,6207.1987
P31310,6207.1987
P31312,6207.1987
P31313,6260.1675
P31314,6207.1987
P31331,6505.6143
P31332,194725.45
P31333,6505.6143
P31340,143024.38
P31341,161949.17
P31342,6207.1987
P31343,6207.1987
P31346,6207.1987
P31349,139107.06
P31351,6207.1987
P31352,6207.1987
P31355,6207.1987
P31356,6207.1987
P31396,6028.0913
P31433,6808.7393
P31438,6156.8774
P31440,6209.4165
P31441,6209.4165
P31442,6156.8774
P31443,6209.4165
P31473,5366.0103
P31477,5411.802
P31493,6843.161
P31501,5456.034
P31502,5456.034
P31505,5456.034
P31574,33656.957
P31578,33656.957
P31610,33656.957
P31611,33654.1
P31623,6209.4165
P31627,6209.4165
P31629,6156.8774
P31632,6209.4165
P31633,6209.4165
P31634,6156.8774
P31637,35021.875
P31640,6518.658
P31642,33656.957
P31644,32032.443
P31647,7162.022
P31680,33656.957
P31683,33656.957
P31684,32032.443
P31690,33656.957
P31830,5669.958
P31832,5669.958
P31833,5669.958
P31835,5669.958
P31836,5669.958
P31837,5409.8687
P31838,5934.1494
P31839,5409.8687
P31840,5409.8687
P31841,5409.8687
P31844,5409.8687
P31846,5934.1494
P31847,5409.8687
P31849,5409.8687
P31850,5409.8687
P31853,5409.8687
P31854,5738.951
P31855,5409.8687
P31858,5738.951
P31860,5366.0103
P31869,6207.1987
P31873,6209.4165
P31874,6156.8774
P31876,6156.8774
P31877,6156.8774
P31878,6156.8774
P31879,6207.1987
P31881,6891.587
P31883,6209.4165
P31885,6207.1987
P31887,6207.1987
P31888,6207.1987
P31891,5409.8687
P31894,190880.08
P31895,192948.98
P31896,5409.8687
P31928,6207.1987
P31976,6207.1987
P32014,14266.764
P32065,6207.1987
P32126,6320.2515
P32564,32351.955
P32570,32351.955
P32581,6421.937
P32625,6421.937
P32901,6534.713
P32918,6207.1987
P33013,6421.937
P33017,6207.1987
P33089,6156.8774
P33191,5409.8687
P33395,6320.2515
P33532,5411.802
P33533,5411.802
P33534,6209.4165
P33681,6207.1987
P33682,6207.1987
P33683,6207.1987
P33704,6207.1987
P33943,36557.438
P33945,36557.438
P33971,6256.9194
P34002,6594.349
P34078,7075.9243
P34082,6207.1987
P34083,6214.4824
P34087,6207.1987
P34088,6260.1675
P34090,5409.8687
P34091,6167.016
P34094,5409.8687
P34095,5456.034
P34096,5409.8687
P34100,5409.8687
P34101,5409.8687
P34102,5409.8687
P34103,5409.8687
P34104,5409.8687
P34105,5456.034
P34106,5409.8687
P34107,5456.034
P34108,5409.8687
P34109,6207.1987
P34110,6891.587
P34112,6891.587
P34113,6207.1987
P34115,6906.6035
P34117,6505.6143
P34119,6891.587
P34120,6282.7275
P34124,6285.4043
P34125,6285.4043
P34126,6285.4043
P34127,6285.4043
P34128,6808.7393
P34130,6207.1987
P34133,6207.1987
P34134,6207.1987
P34135,6207.1987
P34137,6505.6143
P34138,6207.1987
P34140,6207.1987
P34149,6808.7393
P34150,6207.1987
P34151,6207.1987
P34152,6207.1987
P34156,6207.1987
P34157,6260.1675
P34158,6207.1987
P34161,6207.1987
P34164,6891.587
P34165,6260.1675
P34166,6207.1987
P34167,6808.7393
P34168,6207.1987
P34173,6260.1675
P34179,6260.1675
P34180,6207.1987
P34181,6207.1987
P34182,6207.1987
P34183,6207.1987
P34184,6207.1987
P34185,6207.1987
P34186,5409.8687
P34188,5409.8687
P34191,5409.8687
P34193,5456.034
P34194,5409.8687
P34196,5409.8687
P34197,5409.8687
P34198,5409.8687
P34201,5409.8687
P34205,5409.8687
P34208,5409.8687
P34209,5409.8687
P34210,5456.034
P34211,5409.8687
P34212,5409.8687
P34213,5409.8687
P34214,6167.016
P34216,5738.951
P34217,5738.951
P34219,5409.8687
P34220,5456.034
P34222,5409.8687
P34223,5409.8687
P34224,5478.03
P34228,5409.8687
P34229,5409.8687
P34233,5669.958
P34235,5669.958
P34236,5669.958
P34237,5409.8687
P34238,5409.8687
P34255,5475.6973
P34256,5409.8687
P34260,5409.8687
P34261,5409.8687
P34262,5411.802
P34263,5366.0103
P34265,5366.0103
P34266,5411.802
P34268,5366.0103
P34271,5411.802
P34272,5366.0103
P34273,5957.663
P34274,5411.802
P34277,5366.0103
P34282,5366.0103
P34283,5366.0103
P34284,5366.0103
P34285,5366.0103
P34287,5886.041
P34446,6505.6143
P34447,6505.6143
P34448,6505.6143
P34449,6505.6143
P34450,6505.6143
P34468,6207.1987
P34469,6207.1987
P34474,6207.1987
P34476,6260.1675
P34477,6207.1987
P34478,6260.1675
P34479,6207.1987
P34480,6207.1987
P34481,6207.1987
P34483,6207.1987
P34484,6207.1987
P34485,6207.1987
P34486,6207.1987
P34487,6207.1987
P34488,6207.1987
P34489,6207.1987
P34490,6207.1987
P34491,6207.1987
P34492,6207.1987
P34493,6207.1987
P34495,6207.1987
P34496,6207.1987
P34498,6207.1987
P34499,6207.1987
P34500,6207.1987
P34502,6207.1987
P34503,133067.53
P34504,6207.1987
P34505,6207.1987
P34507,6207.1987
P34508,6207.1987
P34509,6207.1987
P34510,6207.1987
P34511,6207.1987
P34512,6207.1987
P34513,6207.1987
P34514,6207.1987
P34518,6207.1987
P34530,6891.587
P34531,6207.1987
P34532,6207.1987
P34533,6207.1987
P34534,6207.1987
P34715,6260.1675
P34717,133457.94
P34729,6207.1987
P34800,6207.1987
P34801,6753.549
P34802,6156.8774
P34803,6207.1987
P34807,36734.914
P34855,6439.2954
P34858,131374.81
P34888,6207.1987
P34890,6156.8774
P34893,6260.1675
P34895,6156.8774
P34909,6231.7944
P34910,6284.972
P34911,6231.7944
P34912,6231.7944
P34956,6505.6143
P34957,6505.6143
P34961,6505.6143
P34962,6505.6143
P34967,6505.6143
P34969,6156.8774
P34970,6531.392
P34971,6209.4165
P34972,6156.8774
P34973,6156.8774
P34974,6207.1987
P34976,6156.8774
P34977,6156.8774
P34978,6209.4165
P34979,6156.8774
P34988,6285.4043
P34989,6285.4043
P34990,6285.4043
P34991,6285.4043
P34993,6285.4043
P34994,124390.37
P34995,6207.1987
P34996,6207.1987
P34997,120090.92
P34998,6207.1987
P34999,120090.92
P35000,6207.1987
P35001,6207.1987
P35003,6207.1987
P35005,6207.1987
P35008,6207.1987
P35039,6505.6143
P35080,6260.1675
P35085,6207.1987
P35087,6207.1987
P35091,6207.1987
P35093,6156.8774
P35094,6207.1987
P35095,6156.8774
P35096,6156.8774
P35097,6209.4165
P35100,6156.8774
P35102,6450.779
P35310,6156.8774
P35315,6326.624
P35324,6209.4165
P35326,7177.628
P35329,6706.0933
P35331,32487.69
P35347,6333.0537
P35349,6597.976
P35352,34792.934
P35354,36557.438
P35374,6207.1987
P35645,6714.452
P35948,5409.8687
P35950,5669.958
P35954,5431.305
P35957,5366.0103
P35959,5409.8687
P35960,5366.0103
P35961,5366.0103
P35964,5409.8687
P35966,5366.0103
P35967,5738.951
P35969,5409.8687
P35970,5456.034
P35978,6505.6143
P35987,6505.6143
P35988,6505.6143
P35989,6505.6143
P35990,6505.6143
P35991,7195.882
P35994,6505.6143
P35997,6505.6143
P36003,6260.1675
P36004,6260.1675
P36006,219549.52
P36010,6207.1987
P36019,5475.6973
P36020,5475.6973
P36021,5475.6973
P36082,5636.295
P36084,5636.295
P36086,5636.295
P36091,5409.8687
P36094,6207.1987
P36095,6207.1987
P36097,5409.8687
P36098,5409.8687
P36099,5409.8687
P36120,6207.1987
P36123,6207.1987
P36125,6207.1987
P36129,6207.1987
P36130,6207.1987
P36132,6260.1675
P36136,6207.1987
P36138,6207.1987
P36139,6207.1987
P36140,6207.1987
P36143,6207.1987
P36144,6808.7393
P36146,6207.1987
P36154,6207.1987
P36158,5409.8687
P36159,5409.8687
P36160,5409.8687
P36161,5409.8687
P36162,5409.8687
P36163,5409.8687
P36164,5475.6973
P36166,5475.6973
P36167,6207.1987
P36169,6260.1675
P36170,6207.1987
P36172,6207.1987
P36174,6207.1987
P36177,6207.1987
P36178,5475.6973
P36185,5409.8687
P36189,5409.8687
P36195,5409.8687
P36201,5475.6973
P36202,5409.8687
P36204,5409.8687
P36206,5409.8687
P36207,5409.8687
P36209,5409.8687
P36213,5409.8687
P36214,5409.8687
P36217,5409.8687
P36219,5409.8687
P36220,5409.8687
P36223,5475.6973
P36227,5409.8687
P36228,5409.8687
P36229,6167.016
P36230,5622.165
P36231,5670.142
P36233,5456.034
P36251,5934.1494
P36252,5409.8687
P36254,5934.1494
P36256,6167.016
P36257,5409.8687
P36260,6006.3564
P36261,5409.8687
P36262,5409.8687
P36263,5409.8687
P36264,5409.8687
P36265,5456.034
P36266,5409.8687
P36267,5409.8687
P36271,5409.8687
P36274,5409.8687
P36279,5409.8687
P36280,5934.1494
P36284,5409.8687
P36339,7075.9243
P36465,33296.062
P36467,33656.957
P36522,6260.1675
P36526,6891.587
P36530,6207.1987
P36531,6207.1987
P36532,7303.711
P36533,6389.2466
P36534,6389.2466
P36536,6389.2466
P36537,6389.2466
P36539,6443.768
P36540,6207.1987
P36541,6207.1987
P36543,6207.1987
P36544,6260.1675
P36545,6207.1987
P36546,6207.1987
P36548,6452.874
P36551,6452.874
P36553,6349.3057
P36554,6452.874
P36556,6349.3057
P36557,6452.874
P36558,6452.874
P36559,6452.874
P36561,6156.8774
P36562,6156.8774
P36564,6156.8774
P36568,6156.8774
P36569,6156.8774
P36571,6156.8774
P36572,6156.8774
P36573,6156.8774
P36574,6156.8774
P36576,6231.7944
P36580,6231.7944
P36581,6156.8774
P36584,6207.1987
P36586,6156.8774
P36588,6156.8774
P36590,6156.8774
P36592,6156.8774
P36593,6209.4165
P36594,6156.8774
P36595,6207.1987
P36596,7008.42
P36599,6389.2466
P36601,6156.8774
P36602,6156.8774
P36603,6156.8774
P36604,6209.4165
P36605,6207.1987
P36606,6207.1987
P36726,5462.4365
P36766,7002.0522
P36815,7162.022
P36818,7162.022
P36834,6207.1987
P36885,6568.2666
P37189,6207.1987
P37226,6207.1987
P37227,6207.1987
P37228,6207.1987
P37232,170193.48
P37233,6260.1675
P37235,165453.27
P37236,6207.1987
P37238,165453.27
P37242,6207.1987
P37246,6207.1987
P37247,171760.44
P37248,6207.1987
P37251,6207.1987
P37252,171760.44
P37258,6891.587
P37259,6207.1987
P37260,6207.1987
P37261,6207.1987
P37262,6207.1987
P37268,6207.1987
P37269,6207.1987
P37271,6207.1987
P37273,6260.1675
P37274,6207.1987
P37276,6207.1987
P37278,6891.587
P37281,6207.1987
P37282,6260.1675
P37284,6207.1987
P37285,6207.1987
P37287,6207.1987
P37289,6207.1987
P37293,6207.1987
P37300,186411.03
P37301,186411.03
P37307,6207.1987
P37308,6207.1987
P37309,6260.1675
P37312,6260.1675
P37315,6207.1987
P37316,6207.1987
P37320,6207.1987
P37324,6207.1987
P37327,6207.1987
P37332,6207.1987
P37333,6207.1987
P37335,6207.1987
P37337,6207.1987
P37338,7170.4297
P37364,6207.1987
P37383,175696.53
P37385,7162.022
P37387,6260.1675
P37390,6207.1987
P37391,6207.1987
P37394,6207.1987
P37397,179821.22
P37399,174392.27
P37401,6207.1987
P37405,170193.48
P37407,170193.48
P37409,6207.1987
P37412,6207.1987
P37413,6207.1987
P37414,6207.1987
P37415,6207.1987
P37417,6207.1987
P37418,6207.1987
P37512,7170.4297
P37519,6389.2466
P37524,6389.2466
P37535,171760.44
P37537,7162.022
P37538,6207.1987
P37541,6207.1987
P37542,5409.8687
P37543,6207.1987
P37544,6207.1987
P37558,6207.1987
P37560,6207.1987
P37568,171760.44
P37570,6207.1987
P37573,6207.1987
P37574,6207.1987
P37575,6207.1987
P37579,6207.1987
P37580,170193.48
P37581,6207.1987
P37582,6207.1987
P37583,183975.36
P37587,6260.1675
P37592,6207.1987
P37595,6207.1987
P37597,6207.1987
P37599,6207.1987
P37600,170193.48
P37602,6207.1987
P37603,173164.88
P37607,6207.1987
P37608,165585.88
P37610,6207.1987
P37611,6207.1987
P37614,7162.022
P37617,6450.779
P37620,6207.1987
P37624,6207.1987
P37627,6207.1987
P37631,6207.1987
P37632,6207.1987
P37634,6207.1987
P37636,7162.022
P37640,6260.1675
P37643,6260.1675
P37652,197438.58
P37655,6529.2715
P37659,6529.2715
P37688,6450.779
P37701,6207.1987
P37740,6207.1987
P37744,6207.1987
P37745,6207.1987
P37752,6207.1987
P37753,7162.022
P37762,6466.9907
P37763,6207.1987
P37764,6260.1675
P37766,6466.9907
P37776,178611.84
P37779,187112.62
P37786,205011.56
P37788,192473.34
P37789,185405.6
P37791,190717.42
P37793,6584.7734
P37797,199256.4
P37807,6529.2715
P37812,6282.7275
P37813,6282.7275
P37841,6529.2715
P37844,6529.2715
P37845,6282.7275
P37848,7162.022
P37852,6207.1987
P37862,6207.1987
P37868,6260.1675
P37869,7002.333
P37871,6260.1675
P37872,6260.1675
P37889,6092.692
P37904,6320.2515
P38035,56085.35
P38144,71285.05
P38166,6207.1987
P38167,6207.1987
P38206,6568.2666
P38235,6260.1675
P38239,6207.1987
P38349,5409.8687
P38350,5886.041
P38352,5411.802
P38389,5551.6523
P38392,5366.0103
P38393,5366.0103
P38918,6421.937
P38925,235647.92
P38926,235647.92
P38939,7195.759
P39206,6207.1987
P39451,196298.77
P39531,33656.957
P39536,33656.957
P39606,6942.1094
P39665,5886.041
P39668,5934.1494
P39670,6006.3564
P39672,5409.8687
P39674,5409.8687
P39676,5409.8687
P39677,5409.8687
P39678,5409.8687
P39682,5366.0103
P39683,5366.0103
P39690,6753.549
P39691,5366.0103
P39693,5366.0103
P39694,5366.0103
P39695,5411.802
P39700,5366.0103
P39701,5366.0103
P39707,6156.8774
P39708,6156.8774
P39709,5411.802
P39710,5366.0103
P39714,6156.8774
P39717,5409.8687
P39719,5409.8687
P39722,5456.034
P39724,5409.8687
P39725,6331.779
P39726,5366.0103
P39728,5886.041
P39730,5366.0103
P39731,5366.0103
P39737,6156.8774
P39738,6156.8774
P39739,6156.8774
P39740,6156.8774
P39741,6835.7183
P39742,6209.4165
P39743,6156.8774
P39745,6156.8774
P39746,6156.8774
P39750,5409.8687
P39751,5409.8687
P39752,5409.8687
P39754,6835.7183
P39755,6156.8774
P39756,6156.8774
P39757,6156.8774
P39758,6156.8774
P39759,6209.4165
P39760,5409.8687
P39761,5475.6973
P39762,5475.6973
P39763,5366.0103
P39766,6156.8774
P39769,5409.8687
P39771,5409.8687
P39772,6167.016
P39773,5456.034
P39776,5409.8687
P39778,5934.1494
P39779,6753.549
P39783,6167.016
P39785,5409.8687
P39788,5409.8687
P39789,5409.8687
P39790,5456.034
P39801,6006.3564
P39808,6167.016
P39814,5738.951
P39816,5409.8687
P39823,5456.034
P39825,5456.034
P39832,5456.034
P39846,5409.8687
P39853,5409.8687
P39856,5409.8687
P39929,36557.438
P39936,33656.957
P39938,35021.875
P39946,33656.957
P39950,36137.727
P39975,32032.443
P39977,32032.443
P39979,32032.443
P39981,32032.443
P39983,34080.965
P39985,33656.957
P39986,33656.957
P39989,6209.4165
P40003,33656.957
P40004,33656.957
P40006,6209.4165
P40013,6156.8774
P40014,6203.9785
P40015,6209.4165
P40016,6209.4165
P40110,6209.4165
P40119,6209.4165
P40123,7103.9614
P40125,6156.8774
P40141,183113.47
P40147,6260.1675
P40149,6260.1675
P40154,6260.1675
P40189,6207.1987
P40192,6260.1675
P40193,6260.1675
P40195,6260.1675
P40204,6260.1675
P40205,6267.513
P40208,6505.825
P40214,6835.7183
P40215,6156.8774
P40216,6156.8774
P40217,6156.8774
P40227,6156.8774
P40235,6156.8774
P40242,6209.4165
P40250,6156.8774
P40260,6260.1675
P40263,5692.425
P40266,6156.8774
P40267,184799.38
P40272,6260.1675
P40279,6156.8774
P40286,6260.1675
P40288,6260.1675
P40290,6207.1987
P40296,6207.1987
P40327,6156.8774
P40340,6207.1987
P40354,6207.1987
P40356,6260.1675
P40367,6207.1987
P40372,6260.1675
P40378,6260.1675
P40388,6260.1675
P40389,6260.1675
P40623,5727.762
P40654,6522.176
P40661,6260.1675
P40676,6260.1675
P40681,6207.1987
P40683,211918.95
P40696,6260.1675
P40704,6156.8774
P40712,6260.1675
P40715,6260.1675
P40728,6260.1675
P40790,6450.779
P40920,5409.8687
P40921,5409.8687
P40922,5409.8687
P40924,5409.8687
P40925,6167.016
P40926,5409.8687
P40928,5409.8687
P40977,6260.1675
P41092,33656.957
P41127,6494.501
P41166,6207.1987
P41233,33656.957
P41236,33656.957
P41237,32032.443
P41238,33656.957
P41242,6209.4165
P41244,6207.1987
P41332,6256.9194
P41333,6888.0117
P41346,6207.1987
P41355,6207.1987
P41433,6260.1675
P41511,6207.1987
P41524,6207.1987
P41625,7075.9243
P41730,5409.8687
P41738,5366.0103
P41740,5411.802
P41742,5366.0103
P41744,5366.0103
P41752,5366.0103
P41754,5409.8687
P41755,5738.951
P41757,5456.034
P41759,5409.8687
P41760,6006.3564
P41761,6006.3564
P41762,5409.8687
P41765,5409.8687
P41767,5934.1494
P41770,5934.1494
P41771,5409.8687
P41796,5409.8687
P41797,5409.8687
P41798,5409.8687
P41799,5409.8687
P41800,5409.8687
P41801,5456.034
P41803,5409.8687
P41804,5409.8687
P41805,5409.8687
P41811,6255.6606
P41814,5409.8687
P41815,5738.951
P41817,5409.8687
P41818,5409.8687
P41819,5456.034
P41821,5409.8687
P41822,5409.8687
P41823,5456.034
P41827,5456.034
P41828,6006.3564
P41839,5409.8687
P41841,5409.8687
P41844,5456.034
P41855,5409.8687
P41857,5456.034
P41858,5409.8687
P41861,5409.8687
P41863,5409.8687
P41874,5670.142
P41877,6167.016
P41889,5409.8687
P41891,5456.034
P41892,5409.8687
P41895,5409.8687
P41900,5592.0034
P41901,5544.6875
P41928,5409.8687
P41931,5409.8687
P41934,5409.8687
P41936,5456.034
P41938,5456.034
P41948,5409.8687
P41952,5409.8687
P41954,5409.8687
P41959,5622.165
P41961,5622.165
P41962,5456.034
P41974,5456.034
P42054,6207.1987
P42061,6207.1987
P42064,6207.1987
P42102,34252.297
P42120,33296.062
P42129,34117.062
P42190,33656.957
P42296,6207.1987
P42297,6808.7393
P42298,160242.16
P42299,6207.1987
P42301,169918.75
P42302,5409.8687
P42303,6207.1987
P42304,6207.1987
P42305,6207.1987
P42315,6207.1987
P42318,6209.4165
P42323,6156.8774
P42324,6156.8774
P42325,6156.8774
P42326,6209.4165
P42334,6207.1987
P42336,6207.1987
P42339,6207.1987
P42343,6207.1987
P42345,6207.1987
P42347,6260.1675
P42353,6207.1987
P42382,6753.549
P42385,6337.4497
P42395,6156.8774
P42396,6156.8774
P42486,5411.802
P42571,5411.802
P42688,33656.957
P42745,6450.779
P42797,6285.4043
P42818,6450.779
P42820,6207.1987
P42821,6260.1675
P42826,6432.7607
P42827,6306.9517
P42838,6568.2666
P42846,6207.1987
P42848,6207.1987
P42850,6207.1987
P42851,7162.022
P42854,6260.1675
P42856,6207.1987
P43126,145445.95
P43212,168264.56
P43476,34488.336
P43491,35042.492
P43495,35440.496
P43546,7075.9243
P43627,55734.98
P43846,6937.6743
P43866,6606.021
P43933,55367.68
P43962,10322.717
P43987,8824.376
