pipe_id,predicted_cost
P01002,4529.722699763748
P01054,1657.3426716023096
P01066,2869.9608938580095
P01078,733.3699295243379
P01112,2920.8221509405503
P01140,502.37079766030007
P01148,3257.437128297691
P01161,8319.712592695902
P01166,154838.95835827966
P01238,1974.392017572256
P01317,381.517387254649
P01350,539.3995422678156
P01380,75599.11962307451
P01452,2630.644855348014
P01571,4987.92595767631
P01689,143098.86745430127
P01720,408.1068726033721
P01767,5707.148831899603
P01803,3415.8543961674554
P01805,561.187966114786
P01813,388.6499470978766
P01815,5494.469301170361
P01836,2098.4616996533928
P01838,6177.223497114669
P01846,3431.556660603095
P01922,437.4008869657835
P01959,1325.7162424787905
P01978,646.3588879342947
P01986,816.1389850458764
P02000,244719.9662587834
P02031,1701.2286036177954
P02032,5073.074745798041
P02062,1612.834019352084
P02085,5043.773283661471
P02099,2831.5763218865486
P02155,1872.6495223093611
P02191,320140.32914668595
P02227,612.244596935938
P02245,492.52523727145064
P02246,553.5551190955795
P02316,361.74653461473156
P02318,4121.970067211265
P02364,4850.348750000314
P02365,2624.489436555234
P02410,2581.035652759934
P02412,590.4800196220156
P02432,6512.683010288323
P02545,402.8838204935748
P02600,897.7574974848628
P02649,663.4818932729235
P02663,5901.39911467199
P02665,2137.6366788155315
P02666,1962.0076844259097
P02667,4157.718680852307
P02670,2994.6688860653812
P02674,5836.344544862015
P02707,2610.946082101528
P02708,2757.9562579377807
P02717,3525.970552286187
P02728,270.42336841076417
P02764,1858.62141101801
P02864,5182.152957476415
P02878,1427.4000885656055
P02908,1229.7439374525084
P02912,2571.0369020166795
P02914,2014.732914692145
P03008,724.722596020898
P03057,2901.4102352267682
P03076,4744.8096601257
P03259,1086.8687627300524
P03314,2779.4190824577654
P03349,797.8191705920486
P03371,3934.6886512384394
P03387,6695.487767437745
P03388,4000.553086267363
P03402,254629.09804347088
P03412,7230.846480667785
P03485,481114.75782288023
P03490,5291.98499513461
P03493,2027.363439872953
P03591,1097.1961956219293
P03655,3012.645729351153
P03702,4839.173816396777
P03704,3771.957929524114
P03791,570.2260469103893
P03798,311.1126192201039
P03881,717.3633739806615
P03884,304.585171823753
P03917,288958.81686429755
P03986,2426.9347101441635
P03988,5700.710293538879
P04074,934.4392611475776
P04076,712.4365673005718
P04147,141546.91812202556
P04152,1822.6372717230727
P04184,1661.9595474986654
P04186,1873.4997738658021
P04221,468.4750059574258
P04224,5756.209810533462
P04249,6482.724811285949
P04262,1779.0968089662679
P04289,706.8564681385532
P04293,1608.4673737179587
P04305,4628.9892526457
P04306,6279.274793905437
P04308,3279.382649034259
P04311,678.7971043997621
P04416,461.44760637950645
P04417,298.70550140891316
P04467,480.1101669447939
P04495,515.7980953063474
P04496,7654.348016570029
P04521,5663.588339405412
P04535,2735.85140782388
P04581,5829.96635557594
P04600,3682.4022099924905
P04698,2556.112344789986
P04701,2467.7288207874376
P04707,3510.940596595355
P04752,1313.2479097173173
P04754,726.8327500531689
P04801,3100.7031083118645
P04860,1204.4678840715999
P04861,1154.7632553652775
P04862,1560.8190876409417
P04865,1703.2445797718626
P04868,922.560902410455
P04869,1706.6585533037155
P04986,2630.802758790379
P05007,1184.7003971453776
P05036,2907.5846172971474
P05040,48395.72941084133
P05042,288914.68637285184
P05043,579.8478352210999
P05047,3254.885728204373
P05055,4794.629274360341
P05060,1747.0186596031042
P05103,5213.662007689727
P05106,2911.705716349707
P05128,1590.7754564361899
P05134,4533.571113266283
P05139,7705.440311616455
P05140,1492.302574474902
P05163,283375.35344615777
P05168,120119.5401883494
P05229,6763.407019384422
P05323,1140.0645368502796
P05402,3922.116856354656
P05432,820.7317141901323
P05435,2820.701552159808
P05447,2696.409357810467
P05448,2734.9747148179163
P05458,3374.4716629656987
P05476,3024.1453213001328
P05486,4881.783206777694
P05504,5353.670201645377
P05551,4530.8715327868285
P05560,817.3745665455293
P05575,875.6090861884126
P05576,768.7823900984455
P05594,2726.2987269342225
P05608,1867.7248259578246
P05758,669.5717597859026
P05769,1530.5255198071266
P05800,8264.021567696758
P05828,1219.9350994106062
P05834,8047.699883662263
P05924,142314.35083704567
P05925,220371.43763494492
P05970,915.2400888243363
P05978,3869.4458995792456
P06017,373.5632332786203
P06030,709.0089122745468
P06072,672.580686942381
P06077,5206.726337126859
P06124,874.7229595628158
P06182,7981.68774258157
P06184,6914.9315014807535
P06189,7172.017947870482
P06193,8790.391046442317
P06200,752.5675928727574
P06235,8571.86189632963
P06245,1112.4722317517471
P06287,3168.05118263593
P06292,430078.1453671555
P06302,267734.3412011154
P06312,7390.156299883143
P06314,359580.8333201451
P06315,13925.704749672968
P06331,5221.913149975881
P06370,3317.7396850922973
P06425,3230.6471703113607
P06437,5297.615755844851
P06454,5337.875644185194
P06764,5636.0655102789515
P06802,7220.561314274235
P07084,3124.9488628401145
P07090,4231.463779730289
P07131,2622.5164518710267
P07177,3085.2495846119664
P07302,22689.396375969005
P07333,35622.24622219234
P07468,6564.224204032438
P07632,5760.681902475579
P07949,4437.875695796354
P08016,34613.9468384059
P08140,7670.130286331313
P08142,10954.19521547416
P08275,3589.5132516326953
P08337,1016.473175203161
P08398,4055.2792457049704
P08496,2968.3276510437668
P08497,41382.12002910739
P08525,3933.562115460426
P08540,5577.220027432927
P08551,7463.914128878988
P08940,8269.895202982858
P08942,407065.19183952763
P09041,4935.5379656803525
P09042,4281.467600168653
P09096,3000.269968460925
P09568,6066.223101412113
P09724,3071.2422874016365
P09725,2950.0159636484914
P09897,3953.3330213153295
P09898,2676.9773354599906
P09900,3067.214561229053
P09901,2797.003457660589
P09902,3907.6075178883552
P09904,3160.5469066589517
P09922,1893.2100549621102
P09924,2115.0834921752016
P09925,1976.924745008374
P09929,1919.732778946308
P09932,3502.307219390674
P09939,2467.1190156226116
P09941,1847.3181516835684
P09942,1965.5713950272361
P09943,1851.1876037073505
P10039,3475.850760225421
P10058,2856.8504395801488
P10059,2960.799118791095
P10064,2860.9561714714014
P10077,12758.012066543828
P10219,9049.222479078404
P10438,3656.056048157116
P10451,4421.51645642497
P10490,32580.627613337107
P10724,15018.227308812187
P10787,3063.5441307947626
P10815,2765.439754834659
P10818,2825.3563384076756
P10819,2791.1114792317244
P10820,2031.454242563911
P10822,2061.812659574788
P10823,2072.9715252921883
P10828,2805.060162067851
P10829,2557.953967473815
P10830,3581.8256344562856
P10831,3078.7522421594163
P10833,1978.137893701682
P10843,10934.040109752726
P10868,4908.488932098015
P10977,6138.858375544319
P10979,532274.0662887928
P10980,519347.47594601644
P11003,2065.833287088857
P11218,13941.473930534687
P11352,4149.960758134794
P11353,2212.081160406139
P11401,14305.717265738516
P11418,2654.0636904575454
P11581,40484.450422286514
P11624,3346.4760323752644
P11634,2668.4769054006338
P11647,2636.3806016755934
P11694,446782.50498755614
P11769,3491.2338456195075
P11775,4612.769474447446
P11818,2846.494639373631
P11819,2823.8122829515305
P11822,2684.712268590213
P11823,2506.7221797654515
P11838,2258.5175041582916
P11900,5093.3888197091865
P11902,5749.426395602122
P11948,1634.3567395984378
P12004,2593.48994518646
P12005,2567.6070266018864
P12011,3343.908120144657
P12012,3291.706709461647
P12013,21029.801078580305
P12025,2068.555523670582
P12041,192298.87479405868
P12045,3481.5588086241937
P12134,1812.410224613454
P12139,8936.212039965743
P12142,15911.606558182668
P12144,266832.41217211756
P12147,14737.302993381723
P12249,5881.823730824329
P12253,3539.8057558602727
P12254,3572.2423865796914
P12256,5849.438659845374
P12257,3447.6945971264854
P12262,4478.29300247511
P12266,3480.8691658742055
P12300,3720.2616608378453
P12302,3622.0586700775457
P12320,2226.3873078873257
P12340,3641.596815028456
P12347,3956.0236175280415
P12349,3978.290334943051
P12367,3458.4741420236924
P12368,3409.221122643443
P12374,5540.223421822378
P12403,3676.991488207823
P12404,3594.4462612547304
P12405,3495.6504591850967
P12556,2050.1290576093425
P12654,13979.044242666352
P12656,17915.67152748923
P12675,1522.0325968305156
P12680,13511.466270795485
P12681,13215.15588027849
P12692,17430.651976942798
P12988,3545.4706758239813
P13007,13114.469267291957
P13008,14552.897584119419
P13049,3690.032515974655
P13296,2253.413602079586
P13439,2749.0656414555615
P13498,2606.3720921325944
P13507,15567.010281211144
P13509,22512.212231555335
P13511,4067.83192074801
P13512,15594.092687774111
P13513,2568.7458544458764
P13514,2805.00941579239
P13518,2764.9876547728827
P13521,12078.398488495923
P13532,21503.23728990722
P13533,32364.10505966491
P13536,19011.344692747
P13547,1930.8268388139006
P13550,3140.51606255025
P13551,1962.8274364794895
P13613,2414.1992508798908
P13706,81863.81099152972
P13709,13604.094068182054
P13743,2154.077866200415
P13775,2042.8864825405506
P13783,11370.875393664723
P13786,1973.0501808999386
P13787,2144.4326475687985
P13788,2032.0709354276055
P13789,4186.923343283379
P13790,4125.4233181571035
P13839,2588.3518785003075
P13855,12870.120780793399
P13858,13123.04345317534
P13881,3380.06856452147
P13911,2953.259248257686
P13912,2882.3286989970998
P13913,2638.268309823118
P13914,2664.29822155297
P13919,3714.6639804351366
P13946,3578.7665920043073
P13947,3485.2248648235886
P13949,3915.5359926690876
P13951,3159.319862104043
P13953,6693.515679600008
P13955,3351.8337836006867
P13966,2523.841708656011
P13967,3208.46957631524
P14005,2675.589660735364
P14006,17667.047135775938
P14057,5298.869009048723
P14074,1734.7354045429872
P14075,1630.6182136675104
P14076,1729.5382813989438
P14078,3314.5978290837957
P14081,1865.6362964271307
P14124,3546.4947447350673
P14125,3400.5870216555036
P14126,5119.5423263966095
P14143,4831.925276721208
P14183,3812.1562823617273
P14184,4300.706453172325
P14292,2315.7046685007035
P14336,2721.8363411951323
P14337,2781.632475869913
P14355,2736.2916145358936
P14362,2606.7102562585687
P14363,2588.328588557343
P14369,2492.052874159518
P14372,3512.3048705223828
P14376,1901.567810579671
P14377,2551.2388843351673
P14378,3075.667124625592
P14390,2664.8605562054368
P14391,2581.4623567981066
P14394,2988.032471064843
P14395,4338.675615146405
P14415,3006.838179473112
P14417,2652.4750339962998
P14418,3554.575314170376
P14420,4711.317516105
P14443,2007.1615652795283
P14480,3700.683377184764
P14486,2346.7494513426154
P14489,3012.7778360621924
P14525,1960.4583096799868
P14601,3212.9496930576724
P14611,4754.677765992335
P14613,2466.3759332324776
P14618,2419.1294692514894
P14636,3627.250058064529
P14675,2282.9367733679005
P14677,2329.5526018025153
P14680,2568.2762933327845
P14681,2358.144664534723
P14686,3387.6738530229823
P14687,3761.990638342057
P14740,2209.533585859263
P14741,2495.134942713324
P14778,2600.1122575628456
P14779,3631.0915869096343
P14789,3378.0674534162695
P14817,3786.02220207754
P14847,2780.903994879201
P14848,2945.3319320601686
P14858,3025.208380482123
P14859,2645.7352840743897
P14866,3525.3530094043476
P14868,3564.5667675488303
P14869,3595.5246892271425
P14870,2532.2646905702195
P14872,2603.457163373215
P14873,3063.429076978893
P14895,3388.5843301658765
P14900,2827.519684509219
P14903,2808.79191643972
P14905,3402.9650195688723
P14907,2814.932125484597
P14908,2783.644893673454
P14909,3068.0282098660687
P14910,3684.486849643853
P14912,3266.5526826498976
P14914,3238.1403407809858
P14915,2744.835806775053
P14917,2198.4733987871064
P14919,2296.5361100807204
P14954,3694.899616405635
P14993,6357.430635965563
P15013,636826.4266746222
P15016,3512.824013429068
P15024,2694.8509418816247
P15044,2154.528022994873
P15079,25046.41506752073
P15187,4067.5740302731997
P15242,10179.762183753695
P15245,12579.478953564601
P15257,18096.23424522715
P15447,1599.5456562943482
P15457,2879.7828196822716
P15464,478.7842370223262
P15465,502.7564204504947
P15467,1977.5104128354865
P15468,2423.103643815435
P15469,3005.5050626043544
P15470,2516.173052845381
P15471,526.1392159579942
P15481,2098.149901945936
P15482,1928.5219711176208
P15484,1585.6702649912088
P15485,1766.5052042226628
P15489,1621.5088117792097
P15490,1495.3456033914183
P15491,1760.8743348200942
P15492,1993.1870896814407
P15501,2184.1606375910133
P15513,4385.347728031363
P15514,3435.5440248765276
P15515,5473.09052925298
P15516,1849.8041586218021
P15517,1896.1287651665718
P15518,1671.2375807163844
P15524,2184.423127549923
P15526,4039.4990779587256
P15528,2181.3585197381976
P15530,2063.0814953037775
P15531,2923.127193557099
P15535,2782.156357354335
P15540,3735.2132210290647
P15664,1507.4561519183378
P15730,2967.693724641852
P15804,2007.4294400153851
P15810,2177.3267844941674
P15834,2628.781982296726
P15835,2692.186646832313
P15837,3692.7966648821516
P15838,2609.9345368739637
P15839,4839.626103583136
P15840,3525.7972207676567
P15848,2530.6335837737342
P15885,21836.86884366777
P15943,2433.6177148659485
P15944,639.9469192953392
P15945,2397.9820465455714
P15979,4368.880643966149
P16166,2324.6442464304737
P16237,1645.1489353177165
P16238,1407.1749639436316
P16240,1476.6918326193302
P16241,1707.9501292455502
P16246,1901.5688472451805
P16248,1988.8280409760266
P16250,3679.2502693741617
P16264,3182.8284482681293
P16278,1368.5292485763193
P16300,2108.9123138839545
P16311,1867.8426665015104
P16316,1416.827145705425
P16363,2282.0290974675604
P16398,1896.7836643083801
P16399,2984.75928158754
P16424,2509.51916386749
P16426,2658.925367868501
P16433,2600.2249822309004
P16541,2888.406643276056
P16557,4141.568919841825
P16692,2455.185632534606
P16823,3787.2904802270277
P16824,5003.37819941814
P16826,2753.4565688672105
P16840,3783.75760850318
P16895,918.4064192773704
P16924,15453.431346147765
P17055,13341.410650747457
P17060,9530.481898381506
P17123,3833.752627397465
P17168,24456.479914093183
P17169,25283.104993878434
P17172,20144.674383562862
P17183,2652.1584531383596
P17238,21431.57886342607
P17498,6273.246145407461
P17552,1640.095880632399
P17600,1720.1627819344192
P17675,10229.397290894598
P17678,16496.075763633457
P17693,2007.7091280857908
P17694,2781.619467645499
P17729,1434.3376451725208
P17749,1772.9269535791223
P17753,1594.6938137036482
P17761,2317.6464167468243
P17812,2489.604029521389
P17874,2953.681296418019
P17880,3532.3866640580663
P17889,2395.1962138738268
P17931,3110.572784976949
P17932,3266.195090613454
P17935,3092.402148517268
P17936,2535.6514240559095
P17938,3286.7260263769895
P17939,2869.4977186178367
P17940,2597.183066208589
P17941,2432.9892642724158
P17942,2515.5429549355717
P17943,2420.601190620393
P17944,2792.719325399057
P17945,3270.7541596908472
P17946,3002.8661172808042
P17948,3302.053313915787
P17950,3858.3699249022725
P17952,2690.002556689429
P17953,2574.581203451517
P17954,2471.6766237523584
P18057,2228.911382416579
P18305,3087.165536741143
P18351,1139.4067741520303
P18376,2475.4469667487174
P18377,2596.717249593321
P18378,2852.2130850140884
P18414,2851.2990340465976
P18415,2986.493755068084
P18454,1510.4639454361356
P18455,1463.7209628882147
P18456,1649.8615488130636
P18457,1588.5669781263848
P18595,2492.5849678060817
P18657,1608.0961957987586
P18658,1520.9033824551816
P18659,1605.2712378147446
P18662,1856.2398417783386
P18691,2999.4712080647346
P18711,8292.68558876217
P18779,2924.10283806041
P18798,16248.31834165662
P18807,4617.585195701607
P18816,4199.919828203368
P18818,4051.236754982909
P18822,4999.676493399204
P18842,14782.008892722846
P18843,14174.554132452182
P18868,2329.784293160279
P18896,2861.3848536876517
P18929,13551.340975026218
P18934,18595.219880340235
P18939,9005.771139305365
P18944,2471.655122814221
P18945,2425.639813949061
P18946,2302.249481920572
P18950,2486.8775524372845
P18986,14504.083686839764
P18988,24745.057670095626
P18990,23354.474954200836
P18991,25144.042389465732
P18992,24746.204492205798
P18993,27761.11187557532
P19024,2120.8928748196704
P19026,1896.3800600156126
P19102,2351.745857846394
P19103,2441.0556367759086
P19104,2197.0715649848976
P19106,2608.75721044221
P19129,3155.7777178992465
P19133,2570.219562558391
P19165,3255.216221597835
P19167,1856.4853837527723
P19177,2511.3020767916546
P19178,2591.251418414532
P19180,2540.6564428220295
P19181,2500.182002401206
P19183,2488.4461856525872
P19184,2293.5538347779575
P19189,1844.020263503745
P19191,2234.2896542805706
P19192,2070.5488922909053
P19300,16983.21694959713
P19306,20800.27692532967
P19309,15503.702879941391
P19316,16142.643308014527
P19321,1717.4023341635466
P19322,14464.400923456658
P19323,15148.18785067536
P19325,14507.912226763316
P19333,24318.176238262622
P19338,19311.661746593654
P19340,12497.524403655221
P19341,10452.068725022458
P19349,11664.466922981703
P19350,12762.272449277765
P19352,17093.276007368175
P19353,18358.331899859564
P19355,14682.586718818566
P19361,24468.666740846595
P19364,19274.92361653025
P19423,3423.221264614836
P19445,4681.81747817791
P19468,1816.0235428830927
P19494,2170.2222189709037
P19499,2077.5820346095634
P19515,1235.2391287249236
P20039,3030.324360131875
P20108,1951.3566814005278
P20112,2047.848579827049
P20116,2129.4419039941245
P20161,3363.331478088876
P20162,4012.0204635575064
P20163,4468.565549445503
P20165,3510.562107695595
P20169,3621.0998263655406
P20170,3412.6331020339762
P20178,3569.7087248285748
P20179,3776.496874335813
P20199,3084.1855355629714
P20205,3244.2473796469812
P20275,2721.5978120922746
P20276,2788.711663894753
P20281,8409.691355992822
P20284,1485.5688784765807
P20285,1493.9265470160558
P20287,1659.2032727674334
P20293,3357.5431281543915
P20295,2752.9867527508095
P20296,3277.433071362266
P20298,2410.6894819776303
P20300,2532.9741329720814
P20301,3648.2309795046244
P20302,2668.3880769187954
P20303,2958.6590484286785
P20304,2646.917400933902
P20305,2532.5701310094155
P20319,3424.893939913189
P20320,3229.943170491963
P20321,2515.1862397919836
P20323,2401.0042118650176
P20324,2502.203487720911
P20326,2831.276522623674
P20327,2715.8603735066554
P20328,2457.200511629508
P20329,2650.235892558535
P20332,2664.893831967325
P20333,3176.3495719227285
P20335,2982.3531875603235
P20337,2626.5222386623786
P20338,2415.965456799349
P20339,2483.594027245044
P20340,2865.7595060982185
P20341,2422.5828251694074
P20342,2688.235657956723
P20343,2733.7784930967855
P20344,3104.1233137438257
P20345,2805.3278733165557
P20347,2378.30063442911
P20422,2116.8147953209254
P20444,2366.161352966988
P20534,1914.9959102514179
P20535,2153.6762531583745
P20536,2714.979744458555
P20545,1915.8193392665944
P20549,2761.986928798657
P20571,1788.4057615902586
P20572,1815.552041051171
P20574,1691.8174957873318
P20577,1802.5268966793385
P20578,3958.739793959909
P20580,2729.7451667379723
P20582,1577.6718286653327
P20584,1789.8367232401163
P20585,4139.429440650668
P20589,2779.773253542347
P20590,2828.162051988067
P20592,2723.476080316808
P20610,1213.293619581615
P20625,4429.066681782696
P20626,4117.386920871941
P20657,18176.708671071294
P20658,14519.759285391152
P20699,2208.54742452604
P20700,4681.355941104514
P20701,2127.039372157982
P20702,2092.9009734441775
P20704,2170.993207215216
P20706,2200.951405280676
P20707,1999.6492138448045
P20709,2252.489130902602
P20711,1996.8320170004854
P20712,1941.5906461054583
P20713,1970.7552179426223
P20714,2024.3949986426717
P20715,2308.739249503733
P20716,2088.3052774356
P20717,1926.882806252448
P20722,2137.2591054427994
P20723,2138.131508266407
P20791,15053.201234835802
P20807,2421.2917589321673
P20808,2030.296569181743
P20839,196963.3808791757
P20841,362603.18335838965
P20862,5061.222049620524
P20892,1861.987939323016
P20897,2123.1886954622596
P20898,4107.580790157173
P20899,3774.941250475929
P20917,212061.10779611164
P20925,4035.265109023328
P20945,2346.6105629045605
P20959,3991.7522045396263
P20960,4167.748768665217
P20961,4302.33770879641
P20962,261884.34927167665
P20966,259420.82412396692
P20967,283009.63135359756
P20969,3673.4965406113547
P21039,3660.3525651200725
P21040,3956.7275918847986
P21041,4003.4428830323336
P21044,3665.6675062543054
P21046,3913.8558099048064
P21047,3962.2545774227356
P21142,2513.9303975345592
P21143,2600.2991147816247
P21181,2922.0771821070857
P21195,5073.6302060750095
P21313,2816.3539986439528
P21314,2816.0782396781533
P21315,2814.7179622932817
P21329,2859.1927122341485
P21372,244389.72539111105
P21376,2945.835719000212
P21449,4611.6721091683685
P21450,3591.2464027636124
P21453,4057.319981333524
P21454,3708.024541339366
P21455,3927.427592059973
P21456,3315.3768416925695
P21460,3308.134008496648
P21462,4619.073567447643
P21463,170112.46865335596
P21465,189501.8048999693
P21467,4084.9326155260783
P21469,2797.495271665285
P21472,3143.856420273599
P21501,321017.44398267637
P21513,365145.3924193526
P21550,5111.217673046649
P21551,4882.923744667791
P21556,7055.753780034879
P21583,451.25176248952846
P21584,1890.498490144938
P21586,2393.7625333322208
P21587,2678.8383368814866
P21612,5276.434215140408
P21623,2545.6841289469526
P21625,3057.8214537011495
P21626,2306.6824860736265
P21630,2500.8129086927934
P21632,2374.00950973863
P21636,3482.1579665219715
P21637,2147.0221927751204
P21638,2031.4186495581916
P21639,2356.6743495280493
P21648,2199.9869233638774
P21691,3657.567335232652
P21692,4963.005695445083
P21694,4808.597112219132
P21696,5986.012046020175
P21697,3468.1844543439634
P21708,3183.191277438484
P21711,2920.676785493015
P21713,359888.5970193581
P21728,3036.1110047707757
P21729,4396.155065753132
P21732,4505.679497736692
P21735,3469.9946010544722
P21736,3196.493507893373
P21737,3131.274496079483
P21742,3943.174871564798
P21750,3548.935757970315
P21759,2721.2482790586346
P21760,2635.2753374673907
P21762,2745.5281560369735
P21763,2871.0752803010014
P21765,2396.3678975316943
P21767,1423.1668212810498
P21768,1440.6677572391447
P21807,12272.08594757861
P21808,12652.451451593293
P21814,12425.951452786845
P21816,2208.2349146727506
P21817,2273.5185699933168
P21819,2179.03202261684
P21822,3477.2087077548613
P21825,2827.86923386321
P21827,2290.115299824107
P21828,1930.3615133397755
P21829,2260.364050535803
P21831,2038.4410085094073
P21833,1936.4339186739282
P21869,2176.8066423829064
P21886,5253.912951559828
P21938,2313.6910729602773
P21940,2443.982810575841
P21942,2418.1736590087453
P21944,3121.045529939584
P21946,3328.337681598385
P21947,3291.880087217187
P21950,2902.818702859086
P21952,3063.725903668199
P21966,2937.5538749349753
P21967,2968.993464440847
P21970,3478.6346608812414
P21971,3560.4332807706014
P21973,3077.347341934276
P21977,3177.193912155174
P21983,2414.378204631349
P21984,2489.860826223301
P21985,3812.798860286926
P21986,3747.822924077002
P22017,3899.029022469004
P22032,3543.7154707320456
P22036,3687.059230126514
P22052,3544.0518903019993
P22053,3869.904007746573
P22077,4634.924965780173
P22082,2543.6742455825147
P22083,3236.999643406802
P22084,4554.719031176067
P22086,4506.83370514761
P22087,3684.1427058077006
P22362,2415.2946929894624
P22365,2417.659644342484
P22366,2364.0553281466587
P22465,2594.114354054001
P22474,2513.430468984792
P22476,2506.079694334903
P22701,2523.8810976302784
P22738,3446.3726444895224
P22827,210882.84283745426
P22894,11984.743925963814
P22895,15996.171091804683
P22908,2598.991548847472
P22910,2366.6406607957456
P22912,111258.48219326815
P22914,138032.94429380004
P22916,15584.144322783677
P22917,13356.897600668262
P22918,24194.777654405018
P22919,17776.48755504964
P22920,19381.80106017708
P22922,20365.12405854944
P22926,13917.4208819609
P22972,3181.909302905469
P22981,3129.201749080583
P22998,3354.621059011248
P22999,3639.495535425118
P23000,3794.3649478071243
P23002,4542.460590963552
P23003,3068.393332579786
P23007,2916.7896324598987
P23042,2997.874794963886
P23044,2192.600559363919
P23047,2968.809748715988
P23064,2365.3135696581244
P23091,2599.550064786728
P23121,3031.880430807963
P23149,21319.340972527843
P23201,2502.1125499991244
P23206,11230.526406426372
P23212,21346.94846279122
P23220,16957.28192294227
P23259,6105.286442048386
P23274,13106.458067648378
P23314,4132.944968149873
P23319,394356.2604719799
P23320,265440.9911074489
P23321,325042.2049498115
P23322,272267.10541151045
P23323,264264.8841741965
P23324,340578.25424665806
P23460,5370.8833030419655
P23619,2330.9696592971427
P23620,2501.817874375623
P23621,2940.9954052804865
P23623,2554.7257396031173
P23625,2372.7349873886683
P23626,1863.3603348840777
P23627,2161.2576601120772
P23628,1923.2494697086295
P23630,1870.7996082415307
P23631,1852.752658907476
P23634,3751.081360348249
P23635,2310.6850832378645
P23638,4132.405765171185
P23639,2840.168369991759
P23641,3757.4951967006464
P23737,4705.210123915355
P23779,3206.0157149590236
P23895,5333.367492280805
P23933,3774.499409727876
P23952,4747.568235447833
P24047,2924.005020965403
P24070,2219.8060009982823
P24080,330879.7406053637
P24082,2746.9178830311325
P24128,2835.971456541228
P24161,2929.531245601373
P24162,2578.980580455398
P24163,3301.8394170277274
P24164,2680.8723238451325
P24166,2856.245504181203
P24169,2710.284867421185
P24171,3395.022932787743
P24229,2234.3204727016296
P24253,3263.033907058549
P24266,4656.138253379939
P24272,3927.8409686325103
P24317,2925.737296843001
P24339,2876.431501753657
P24341,2394.8228409460307
P24346,1926.713070336152
P24382,2219.8370665757475
P24419,2212.533327391163
P24429,2427.75619507156
P24433,2183.1945569120285
P24473,1240.0884364086075
P24481,66522.23008042172
P24515,3276.698842719917
P24601,2330.01411520411
P24606,2689.2708868716927
P24609,2176.1108877576994
P24709,1081.808361307726
P24805,7399.668350106259
P24830,3257.627788263644
P24963,1902.1662935159777
P24967,15566.077958301965
P24968,11496.377193322978
P24973,3215.2615189930707
P24975,4406.861198373918
P25021,2308.5987187338333
P25058,4307.39082721764
P25280,18875.39007386905
P25281,16869.670845688877
P25332,2705.4985374390394
P25334,3050.869371137323
P25350,29950.213890552935
P25472,2369.9419845085604
P25481,3935.803541325113
P25579,12138.288379729922
P25581,12121.425414734753
P25606,3834.1219755990783
P25668,4020.2610906227223
P25877,2019.865267731003
P25878,18994.57162385842
P25941,2676.0534606996957
P25944,3715.204397514271
P25946,803.0606414087705
P25983,2423.6808302282075
P26003,2958.9290546954862
P26006,2855.4358436994225
P26008,3569.140769520945
P26009,3718.2255157600093
P26010,4307.938416017544
P26011,4124.848167716072
P26012,3664.9474690192133
P26013,3991.7877174544224
P26014,3709.9865568331084
P26015,4208.945884710912
P26016,4167.391646709379
P26017,4376.363488166679
P26019,3529.5390005677464
P26020,3576.1340182166914
P26021,3748.522922450944
P26023,3424.6185000811743
P26024,3653.479264516162
P26026,3784.4476099776803
P26028,4191.1431600588185
P26029,4330.6976491181995
P26030,4047.2296453789295
P26031,3598.8348738931186
P26179,3519.473098020848
P26250,3016.5998969091834
P26257,2005.2571436353248
P26271,1193.418624290483
P26293,869.0432746770081
P26335,2329.483208081353
P26468,4591.122533541339
P26472,2794.6217552214875
P26517,2351.586074153787
P26525,7483.820685623532
P26542,1782.1704363061262
P26686,3054.6084775472104
P26748,3780.024604306917
P26749,4078.2404740668094
P26750,4814.313937420199
P26751,3918.935029184743
P26753,3832.155319817678
P26755,2468.7009870339043
P26756,3825.8868237350093
P26757,2735.8246671912334
P26773,4361.464676349728
P26802,2742.556295656964
P26819,4133.789025654037
P26820,3921.766014575611
P26821,4095.12050163299
P26822,3651.817182764412
P26845,3836.4962480698177
P26846,2978.638087949327
P26919,3214.5972826490242
P26936,3041.9682129351586
P26953,2785.7604094517433
P26961,1908.4128960188145
P26963,1579.7259446385708
P26974,2583.1068770723887
P27043,1228.3595162025645
P27057,2094.290268869208
P27066,1490.7758292883402
P27072,1470.8246186131926
P27074,1956.3749634853107
P27127,3156.072693255464
P27182,2633.7688461302623
P27194,5759.713813901837
P27198,4139.613668123876
P27209,2629.960110824839
P27217,2925.619743775544
P27222,1740.6208059973837
P27255,2711.084935780213
P27256,3152.7961061500614
P27284,2672.474256321154
P27445,3318.7006249604874
P27631,509.5422010777564
P27632,2023.5072756263082
P27633,2708.3289300790975
P27634,2750.2074699912237
P27635,507.4510638147613
P27636,631.7888155462493
P27637,2052.840116230704
P27639,146603.16568900732
P27651,2268.747239927123
P27657,2508.4239344634966
P27658,1946.8205493006385
P27660,2579.5249878344507
P27661,2245.4657936798803
P27791,3310.0386641294717
P27806,3030.108223273314
P27811,3098.396684737868
P27816,3563.8325605141567
P27819,2815.623294161768
P27820,3611.662015255103
P27821,3638.745262213986
P27823,4242.617825816297
P27829,2811.737635240779
P27833,2923.283036944689
P27834,2857.942045122409
P27835,3370.6289374692
P27836,2925.2793041937125
P27838,2958.1180868326155
P27867,1979.4694944233236
P27891,2163.788442194818
P27892,2719.2651694980614
P27930,2781.321630627358
P28007,4319.765875766408
P28019,3216.102813947854
P28029,3040.063680824993
P28050,3308.266757799491
P28062,4577.044956373242
P28100,3014.8645856945805
P28113,2056.662672851762
P28205,4902.857345158885
P28206,5452.836417236573
P28222,5383.427224114202
P28476,3053.527669264065
P28478,3726.6226446412347
P28484,3456.7534248903817
P28485,3613.6885980962343
P28492,3778.3108445090465
P28494,4026.3133949513035
P28495,3857.5999721793073
P28496,5326.441675451446
P28497,2903.7182335808307
P28498,2797.2734831493585
P28499,2657.2550367887284
P28502,2271.046031883743
P28503,2790.7762468886976
P28504,2267.759886405752
P28506,2739.4865521335664
P28507,2803.1695707302656
P28509,3263.9827027160522
P28511,2962.7696356969745
P28512,3347.673289789073
P28513,3001.861319815579
P28515,2067.049272961221
P28516,2276.4072217049343
P28517,2137.308622591865
P28518,2624.781824160506
P28521,2611.394259587581
P28523,2539.33284158611
P28527,3418.0193987953776
P28531,3472.977547338372
P28532,2687.802112000702
P28533,2622.5937143769647
P28534,2616.8865239210654
P28536,2834.7987580860927
P28537,2702.085172473349
P28540,3443.655970671785
P28542,3626.9402700151077
P28543,2983.428158169207
P28544,3555.2735807141103
P28545,4097.600760568291
P28546,3378.521646914261
P28547,3083.009038055984
P28548,3436.894520938423
P28549,3846.5448326375536
P28550,3566.926883793274
P28551,3663.2668759087956
P28554,3591.7861234111774
P28555,3714.6126489989592
P28559,3935.5904487657413
P28562,3830.8362949154493
P28564,3192.391855391146
P28567,2427.950515198181
P28568,2831.073632441535
P28570,3142.1626993326136
P28573,2651.5673368927123
P28575,2469.592011455667
P28576,2435.6401386002894
P28577,2476.4797508826155
P28579,2452.156266613332
P28580,3336.8239229916258
P28581,2899.903991125914
P28584,2548.1945185379186
P28585,2326.3582128356034
P28586,3267.5557596056337
P28587,4551.32928790292
P28588,3087.882548110937
P28590,3734.17014827482
P28591,3867.14955073724
P28592,3807.5919500125137
P28593,4621.984612790854
P28594,4221.72227804756
P28595,4500.232869090844
P28597,233445.13719492985
P28598,218046.83151148324
P28599,3796.6372717771087
P28657,157710.13596385025
P28690,224619.28632871938
P28693,709.9224849341543
P28694,184219.45019288213
P28696,2292.669187336305
P28697,2764.1926431691463
P28698,2654.572235550042
P28699,631.1773087415017
P28700,3288.4663771787255
P28706,2784.174382684042
P28823,3997.618003972277
P28848,4939.58557403106
P28881,4442.773605964143
P28889,3509.1097006694013
P28944,4075.5046255977527
P29112,17870.357482413867
P29116,1700.2955606785897
P29117,14157.970287401975
P29123,10856.793016065258
P29127,14441.665072947824
P29128,15006.61685797557
P29129,14169.919556772058
P29130,1689.6027755897014
P29131,14099.193493445237
P29137,12133.658451664984
P29141,15540.774738541835
P29151,12050.684669491444
P29155,2696.554250750895
P29176,3356.123034531432
P29180,2994.193431594143
P29190,3811.7122850197065
P29192,3427.4281207293734
P29324,5147.866781040219
P29325,4389.461944292174
P29327,4653.215466491222
P29404,3755.658720174759
P29424,5666.109887186033
P29440,7851.039588519691
P29455,3458.8315154557445
P29483,3578.070178833975
P29485,3766.2907953569957
P29526,3746.048783342089
P29553,3224.7360549228706
P29591,2844.3444026808897
P29593,3290.5348977413723
P29596,3147.2582093066108
P29599,3001.2508671491955
P29602,3375.846970150206
P29603,2999.968115993114
P29607,3517.0086474795435
P29608,3162.9452414806055
P29639,2760.5477761132656
P29641,3467.0039499692048
P29644,3268.334030249433
P29645,3907.2921944363093
P29648,3285.34261778616
P29658,3616.747564119988
P29660,3067.448620239751
P29662,3065.659577864194
P29663,3027.0267499281103
P29665,3062.4238030379556
P29667,2805.6566311920524
P29670,3090.614990512288
P29672,3061.7738039806854
P29675,3955.184688800985
P29677,4279.334981235156
P29678,3957.5511692084015
P29680,4028.920885705179
P29688,3833.930540476061
P29689,4098.965670972729
P29691,3723.6855212066635
P29719,4277.624866994981
P29749,2469.629315011543
P29781,3613.9113325592284
P29843,3151.884040978232
P29844,3265.1567872811816
P29845,3169.750430016123
P29846,3198.9744113566635
P29847,3191.178703850831
P29848,3241.215022213472
P29849,2972.781131650366
P29850,3000.6655635936704
P29852,2968.7632908379137
P29854,2975.1142243032664
P29855,3084.8811959577797
P29864,3110.8155953617525
P29866,2408.446620161347
P30025,3586.7109600312215
P30027,185644.31126481525
P30028,3086.65567108161
P30030,3018.445429461401
P30032,2301.826252612942
P30098,3448.837565795828
P30106,3305.49860117425
P30111,3763.848206138557
P30120,4374.4761472259615
P30148,4477.399132292278
P30159,4882.541774122982
P30172,564774.0529793259
P30188,5580.913257244586
P30398,3219.5020711604143
P30401,2845.000271635662
P30407,2827.7817929277644
P30415,3187.16366064416
P30417,3259.3811856700568
P30421,3293.433975918322
P30430,5911.138764337008
P30436,4102.420997481973
P30444,2828.1530602804264
P30447,2766.768439018543
P30450,4586.1845542002675
P30453,4152.662570342916
P30457,2737.201512417688
P30461,2575.4781472891523
P30465,3342.1980278758333
P30521,2490.383262270901
P30530,2930.401813415162
P30548,3916.189701851337
P30550,3810.8173382494692
P30570,3805.3922643025408
P30573,3736.140635386501
P30575,3403.6062174478056
P30576,3606.720500689018
P30577,3825.9750466696687
P30578,4288.433997286982
P30628,5321.262732549547
P30629,4564.124129389
P30636,3510.1582684379273
P30637,3759.835238433437
P30644,2909.393929394626
P30645,2755.38330595129
P30665,3489.4631709661944
P30667,3068.5958417708166
P30668,3196.029591559556
P30669,3222.775266045093
P30670,3508.0791609764083
P30672,3663.653825230334
P30673,4116.698823127725
P30674,2614.497039231791
P30675,2694.1835398947305
P30676,2768.8993611027377
P30677,3208.6317775969933
P30678,3202.816921762621
P30680,3698.9134861011553
P30682,3614.3105270217634
P30683,3724.329377367498
P30688,2314.9222009726395
P30690,3402.165822588042
P30693,2959.552909393468
P30695,2641.9407881745055
P30696,2645.530878386526
P30697,2719.5740843974713
P30698,2558.060425479748
P30699,3090.0114187333324
P30701,3311.3803486458055
P30702,3334.865325088864
P30703,3330.9247430121245
P30704,3306.486135197924
P30705,3363.2325980541405
P30707,3294.7819503391547
P30710,3189.214881671118
P30711,3300.5348494817304
P30712,3418.4832561402136
P30713,3339.135146335877
P30714,3287.3987334487665
P30718,3662.726434836409
P30720,3392.85134963046
P30747,3340.4319425895274
P30769,3027.5567908637245
P30770,2758.9621405404637
P31073,3122.7846907444855
P31079,4981.2419724004485
P31080,4494.986225284537
P31081,4808.661178183356
P31082,308660.33770035184
P31190,3865.4760110934635
P31227,3068.831931862926
P31228,3783.4177692037606
P31231,3037.7755634930745
P31233,6614.228342093562
P31236,7579.023129109588
P31242,3245.559670350997
P31243,2947.8015162298234
P31244,2855.822797329005
P31245,3246.157705704179
P31246,3041.1862563233813
P31247,2992.273183597257
P31385,2419.1233557140067
P31387,2714.741111624717
P31388,2738.4886325423718
P31390,5130.633214441437
P31393,2035.3002153110485
P31394,2210.0329424833217
P31395,2794.922858830365
P31398,3356.1338029462227
P31402,4672.022997346767
P31403,283735.7476769241
P31404,270333.65587186307
P31467,3423.166760132576
P31510,11871.686894882374
P31511,15883.697476089694
P31514,13560.775811821295
P31581,3031.3717090465025
P31583,1847.3530205146262
P31588,1789.0261264310927
P31589,5469.456655042772
P31590,1951.9087162490825
P31593,4226.613984101448
P31596,3733.976937063062
P31599,3746.115599341698
P31600,3613.6920192438756
P31602,3764.0191085468005
P31603,3668.989261452614
P31604,3880.037924983615
P31607,2270.5081029675093
P31613,2918.8672861193377
P31615,4278.365143906127
P31616,4188.474194512877
P31620,2373.8094767719986
P31621,3019.0994516261376
P31624,2474.8264209562626
P31626,1907.7565059924145
P31645,3103.226062111658
P31650,2259.6851005920444
P31670,19642.202665101806
P31695,1988.4511078545165
P31697,1578.2399451766219
P31705,1434.4946388706305
P31706,5833.70410031854
P31717,6870.062760503579
P31779,20866.355915673008
P31781,13885.949512013602
P31782,19568.62537406129
P31786,2334.2028563526183
P31788,2097.576598926153
P31789,17964.941339413872
P31790,2190.021981667386
P31792,1830.2812753403093
P31795,1668.9088513174756
P31797,1609.4897854567917
P31989,4405.612313269151
P31997,2400.6887254912936
P32001,186256.92843071552
P32003,2569.7114423007088
P32004,2293.3692843883555
P32006,2921.8693152725687
P32009,2681.4988288539644
P32020,26227.66546089335
P32022,25942.52680782469
P32023,2869.5129516046077
P32108,3313.149630800578
P32109,4846.1886607128445
P32111,4084.9118766764336
P32134,14693.156157850424
P32135,15322.89653157861
P32137,12576.648053520288
P32138,14941.85984172814
P32140,14128.38928765485
P32143,11250.871899072275
P32144,12381.828711793081
P32145,13468.4494507685
P32147,21605.981802573242
P32162,25783.189135316043
P32166,3728.161283326142
P32169,3472.5867670814246
P32170,429.1079639680618
P32172,22034.902047255662
P32177,28387.056736520706
P32180,4509.572065071093
P32181,4906.237029390453
P32183,22305.810336226525
P32185,22928.41729012589
P32189,10718.113717235134
P32190,11373.354315965773
P32194,28941.426676210733
P32200,2252.6517682371223
P32209,1871.591901285598
P32210,1840.8067739733576
P32211,1816.7585281160264
P32214,2091.5198283797386
P32215,1787.3708055682155
P32216,2254.561012751017
P32217,1797.9667507911329
P32218,2133.3029449016694
P32223,117053.68102232335
P32224,1916.8113581969158
P32225,1693.4690167843796
P32232,9919.236182686625
P32234,12579.28815472347
P32240,2107.5598910477515
P32241,1897.743515830081
P32244,18322.713874626836
P32249,2151.1182914767
P32253,1906.7984392122883
P32259,22441.692547039474
P32327,2072.6987557894204
P32354,237833.5143574837
P32360,2140.3369000817997
P32544,1513.8025905152733
P32585,4061.9465785326897
P32683,4721.7286428696225
P32689,2354.7198735913257
P32921,3188.9176361416435
P32995,3513.5990423219964
P33019,3692.1719924274985
P33043,30420.466385784446
P33047,24070.873080394034
P33048,23318.118434724973
P33049,23111.372875386984
P33050,14244.403747457854
P33056,23125.764416754788
P33057,1756.1278709271046
P33079,27316.55481893636
P33081,18276.944895688277
P33084,17775.63382754522
P33284,2181.1421093123495
P33286,1725.0884687419632
P33289,2265.9553624267737
P33294,2404.106319560778
P33296,2445.276704907138
P33298,1842.772955993304
P33299,2234.7104555429173
P33305,1994.3433249686457
P33309,2437.677480912482
P33310,2226.6585763565627
P33313,20052.670997533245
P33426,3312.036016212046
P33466,5031.593414105221
P33651,2995.95470451392
P33929,13190.556018988507
P33962,1559.6460518422832
P33963,14001.251661148883
P34022,19688.28913340962
P34025,15983.87467986535
P34034,16501.83859996812
P34037,18062.0081530679
P34382,2540.1457969357034
P34383,2695.1097377846136
P34417,490037.811585371
P34538,3525.3632745132836
P34539,4182.807897537444
P34573,3803.2700247906787
P34574,4435.658488856005
P34575,3577.0629891544395
P34580,3227.672190948501
P34581,3253.800194492936
P34583,3918.7146578421466
P34613,3240.5327254629597
P34614,2275.0436985967785
P34640,4615.491673375951
P34689,4153.7534685503815
P34709,4409.550179831364
P34710,3605.1868847475666
P34711,2560.9877112168747
P34745,4232.06152891401
P34750,3812.864854168476
P34751,4252.789061755876
P34842,188109.45670659217
P34843,3461.9737360557506
P34845,3894.4462530254277
P34846,3589.068306302909
P34847,3751.5295188353853
P34850,3988.8407901253495
P34851,230499.11273360718
P34852,4063.354184349336
P34853,219970.63016096747
P34869,4211.919489823546
P34873,4082.8928112648746
P34874,4021.408055016865
P34926,473433.60740875057
P34928,5625.657840462124
P34929,6392.970027744853
P34930,5887.565719346158
P34931,5840.4841500772345
P34932,5802.642457673007
P34933,5746.86684661841
P34934,5573.294270331379
P34935,4436.957666556452
P34937,4706.642830433381
P34939,4500.5879038589055
P34940,4186.212654491499
P34941,4279.879659290245
P34944,4188.700958920471
P34945,4338.457034673287
P34946,5338.680533356044
P34947,4292.6228902402145
P34948,6280.7868432203795
P35026,5995.025427555242
P35291,5238.694979679041
P35417,2248.6415590160896
P35461,6592.820178407422
P35667,15846.550844028221
P35782,2305.005357365746
P35807,1204.1396132388818
P35878,3279.9507507840804
P35880,3363.1482862507755
P35881,3354.75133250077
P35882,5404.163249063078
P35883,3715.51557725731
P35885,2157.6535496319757
P35886,3465.4536312543705
P35887,2237.505866189943
P35888,3059.480559404792
P35890,2638.202336133712
P35891,2619.463418403796
P35893,3291.1611733631603
P35894,4596.466633680864
P35897,2456.0203928825877
P35912,3055.93454147777
P35913,2418.05935262565
P36011,3650.9149498902616
P36061,2465.5262521343957
P36062,2165.781696593301
P36102,3155.0837551338213
P36107,2942.505735735442
P36111,4573.020479307318
P36112,3960.2646291767587
P36113,3641.7179943513984
P36114,4294.876814193837
P36126,3008.4450518691865
P36234,4509.8807467782135
P36235,3212.444059698992
P36237,4032.049925950616
P36238,3516.868899956775
P36240,3137.71925092758
P36242,3576.8110625877525
P36373,3208.772897137714
P36374,4507.668173397883
P36377,4514.026167384189
P36578,4281.039627959215
P36591,2828.9329107092713
P36712,22378.651475552702
P36927,1242.1841707530716
P36950,1881.901803724466
P36966,3601.8069694387777
P37024,3181.2713966005226
P37127,4051.508597537746
P37142,3509.2179270966753
P37143,3877.6855143107296
P37146,3130.8457148672737
P37155,3085.9005528967787
P37156,2795.766343070022
P37158,2746.3675041429537
P37257,316419.09649481793
P37374,6161.283713125662
P37457,7256.069893984457
P37569,3274.66107674822
P37685,3613.0964582893816
P37699,2677.09187400401
P37702,2467.8817465749307
P37726,1993.572788789516
P37824,3588.4339244254847
P37863,3451.1679173367133
P37864,2995.3390989402533
P38165,2257.5831015928134
P38262,4180.783620931931
P38277,2823.004907238192
P38279,2689.3074310255943
P38287,192725.00042949742
P38294,2558.000533465862
P38296,2067.484724703769
P38318,4074.2782546478597
P38461,5584.194757203926
P38463,4855.645176080265
P38623,15399.515259959664
P38627,15091.977704576562
P38628,16946.68699798077
P38907,4299.7503677550785
P38946,4223.0951832757255
P38951,6643.507942446903
P38954,3241.878719482278
P38972,2923.1309396383685
P38976,4005.803290144698
P38983,2499.444573612329
P39002,2718.0200185310896
P39093,1045.9047378825617
P39312,2879.896990113484
P39419,6758.056439856754
P39423,3562.8883792514794
P39442,3886.381268995856
P39446,6352.363328478473
P39504,4035.2315482872523
P39538,14560.776263901942
P39542,15396.21462470089
P39544,16941.437246684945
P39545,15610.213592676871
P39547,14645.546827636139
P39548,15740.705481270348
P39561,18562.291750797544
P39570,13512.731996922028
P39575,3228.8438410253975
P39576,4158.019319640601
P39577,3147.6906188295475
P39578,3063.9975239057912
P39579,3203.641633427539
P39583,2408.9274039127777
P39584,2957.8517488554317
P39590,3751.306823386474
P39591,2824.967449110998
P39593,2954.4435987406746
P39596,3636.0980179756816
P39597,4300.221531163424
P39599,3422.910007625493
P39602,3380.5275622920212
P39603,3621.1053840851077
P39604,3498.785311944248
P39625,3313.7715122114937
P39630,2889.0092989069826
P39631,2725.8881227192696
P39634,3182.55840357796
P39635,2766.129546496107
P39636,2757.2800621408696
P39640,3118.4785174476538
P39641,3403.3564519195043
P39642,4109.81420851217
P39643,2569.4432850515855
P39767,250568.43530496594
P39821,3626.137238283831
P39935,13332.131618786636
P39956,2326.002707640657
P39959,1495.0257473205245
P39965,17986.844236342986
P39966,2276.931457553847
P39967,18483.88837822575
P39972,19300.09555253579
P40029,13224.477361991674
P40057,1825.7450254295961
P40231,4143.954079928618
P40453,5550.08938789246
P40484,4398.331608589041
P40855,2483.493900634759
P40856,2516.8908864133987
P40857,2343.0116708642754
P41061,9126.943958822207
P41201,2576.3792636909775
P41218,3817.725744330892
P41480,2513.758277678305
P41745,4107.289859220871
P41747,3783.534101043684
P41763,4296.367090353133
P41777,4297.6583436370365
P41852,3989.4966683977204
P41854,4090.3936011662504
P41856,3853.236921201639
P41864,5072.340939521945
P41865,4665.384082854281
P41943,3215.2222775967307
P41944,3480.1542243921676
P41945,3362.279560305575
P42113,452488.8386539838
P42172,13179.405947532621
P42174,16741.86678065987
P42176,13170.893879681114
P42276,3102.4595350513814
P42293,2817.81550600005
P42311,3543.6440617046946
P42375,2756.491437362966
P42386,4429.464127040918
P42407,3299.6648826886453
P42422,2852.3274200318415
P42424,3083.145222449163
P42428,3174.28605334184
P42724,4374.279956578494
P42908,1061.8359195970615
P42974,2236.5481810799297
P42975,1725.2637808608413
P42977,2013.19405838046
P43038,14744.371793703014
P43076,11469.239602427624
P43113,3705.0646295686
P43144,4788.5659128463385
P43171,2871.378783697833
P43175,3265.463503943266
P43179,3285.2465172539046
P43348,388198.8673282333
P43551,266214.83144464
P43555,3887.5722658531104
P43557,2830.845709984593
P43576,393467.777475143
P43577,545625.2763354362
P43578,342301.5136176661
P43596,374831.85897366237
P43597,351299.786624968
P43600,183790.3711596417
P43625,759150.5955787809
P43626,292931.06088905985
P43628,3655.5671407403665
P43657,27681.684052349214
P43664,36034.33330742786
P43665,32890.88589097687
P43670,5089.0418443610115
P43675,1425.0873508965744
P43746,5712.788755673895
P43749,469098.9101479107
P43753,6479.306757284857
P43755,822378.2867107448
P43760,718587.40047212
P43765,820.5180836132139
P43766,827.138686531126
P43768,607.5514376186527
P43771,629.314020640939
P43772,5609.14698069128
P43773,2997.838987928684
P43780,4460.139524119467
P43787,2343.405449990035
P43790,4779.40207256867
P43794,4025.257697169641
P43845,4519.535348477595
P43907,9918.718655376742
P43993,6149.3657076297
P44005,477429.0101346403
P44008,1523581.6536461394
P44009,1180380.815819278
P44014,400.168419085686
P44036,4964.430409273018
P01003,1699.145119486566
P01005,1802.8778449363413
P01011,4226.210226023424
P01032,1430.3204149246683
P01057,2292.4706658218115
P01062,2761.710582361946
P01064,2005.7383746748494
P01065,2452.8775309183397
P01114,3156.8287367158796
P01115,1514.988605897891
P01193,1774.034952757221
P01205,4120.627690175703
P01249,2918.720388410377
P01261,3254.7904804960194
P01277,3470.5819745619283
P01331,2816.102845636057
P01386,1433.0005400938517
P01401,1644.8016291336382
P01407,3273.944383837234
P01558,717.0330693093986
P01572,1743.8917635088264
P01595,2210.260676112646
P01603,314.43388709407276
P01645,1730.6908846219196
P01650,1981.8516023595905
P01761,2710.3589950787973
P01857,3557.12872248509
P01874,2325.5516861418646
P01945,2011.5700511864686
P01985,1966.3182085364556
P02005,1326.790220348905
P02009,1853.0086708894357
P02087,1144.0847976843256
P02144,1835.709846837895
P02146,1996.0864952387844
P02162,1925.7140560817654
P02263,4485.30909685716
P02274,3339.2319912845096
P02319,2303.9829350665837
P02347,4716.725904398827
P02404,3570.339380706865
P02428,2328.0476394947045
P02504,1604.2852169129947
P02526,2197.897138983015
P02533,3277.1413495546876
P02611,980.3205220202694
P02650,4777.089601142925
P02683,4649.721287715596
P02697,2558.1939621841134
P02700,4025.3107048349348
P02712,2919.8778661114106
P02733,1995.2251236521215
P02745,2995.1562067085347
P02845,6979.372270399864
P02862,1723.2519803897708
P02920,3351.3067000477204
P02937,2554.3811451617394
P02977,4768.725961474616
P02998,3204.32138030662
P03024,1445.5804022205562
P03058,2400.0014598345356
P03080,824.2909953705714
P03088,2068.73641506652
P03195,1355.794617439582
P03217,2500.9447251105044
P03218,2140.477373699075
P03226,5657.832807451156
P03260,3493.9338320496445
P03278,3583.349159530636
P03335,6417.359126250564
P03394,2792.212355781165
P03398,23200.61741972931
P03415,2733.876872076717
P03451,2500.740311312645
P03477,2299.7830682822664
P03491,5864.846693111953
P03619,2295.555094528706
P03623,2519.124040456905
P03652,2718.856946977401
P03665,3437.8901758387537
P03738,2677.8973917912817
P03774,3360.4717274540776
P03834,1286.4733986543654
P03854,19947.568328577443
P03888,2488.5488104998108
P03895,2440.8706438726445
P03906,2070.7875230214586
P03919,1504.0812639718654
P03939,5114.276702794258
P03943,4495.750753781455
P03946,2078.068472436433
P03949,1462.6314439674998
P03965,55028.91832307295
P04003,1869.0139636838321
P04047,3115.266219559495
P04077,3504.8653612784515
P04078,6942.02972754325
P04082,4775.152765178232
P04124,3666.531483997213
P04131,3882.502469248296
P04144,5423.467597604755
P04165,3801.8105343392313
P04247,2582.782506414306
P04252,2486.8596089822413
P04259,2629.6172634416803
P04327,3749.243243167889
P04337,5041.584193485633
P04400,2557.9377102338563
P04410,3298.2351126996873
P04433,2683.451144918703
P04451,6556.0095787723085
P04481,30564.07254663699
P04536,1882.8964076705058
P04559,2945.9052091472818
P04583,3310.801201600109
P04635,398.48002833794163
P04705,1804.0294571182626
P04764,5536.0602635911155
P04864,1080.361518957591
P04962,4336.865973758433
P04969,39313.650658207516
P05102,1903.0426823375092
P05126,1909.0558070788547
P05278,4043.899112280654
P05313,4196.733079780499
P05329,2796.774636553397
P05342,3060.4683986544683
P05446,1753.9399007226293
P05449,1677.963052618807
P05450,2272.7710777434377
P05457,2139.202594810555
P05559,4333.7849135839315
P05588,2487.893705086945
P05609,1545.7000329953744
P05618,1309.8424909608093
P05669,2991.84026191156
P05759,2186.2245605953517
P05760,3574.137671706102
P05764,3900.752550464285
P05765,4406.347796403823
P05767,7926.04690859661
P05787,2277.70335096292
P05799,2124.978323579193
P05814,56979.845761986886
P05829,3266.3224871215016
P05950,2391.719710903175
P05979,6753.482876069766
P05991,547.983493346431
P06014,5628.445886065716
P06025,2109.329869347494
P06050,1660.6625053991397
P06062,5457.749362464429
P06177,91278.29720373561
P06199,1850.8169976841034
P06213,2473.028917217941
P06282,2243.8396375624156
P06300,3879.71090424223
P06395,8598.169188653375
P06396,13312.543747352918
P06397,3484.453378923543
P06921,3163.9778163287006
P07079,1566.616886003297
P07098,3255.3866212842836
P07102,3173.0741941413435
P07265,3486.1866708389593
P07266,2010.4665251498857
P07287,3125.01029039545
P07409,2965.0184338890945
P07541,4218.176398727161
P07603,84220.29783016251
P07611,4762.790589257689
P07612,3902.649923119195
P07621,16779.844328024203
P07954,4678.971617206604
P08111,2724.584158441707
P08139,5165.292241094547
P08154,3224.813855270761
P08185,81999.23719660111
P08236,2891.2798559691932
P08840,2791.8790163772073
P08848,1959.7834383372299
P08878,4906.718765172199
P09113,21176.71798018612
P09155,3800.489298347596
P09207,2789.7706296762253
P09254,12469.048300309658
P09305,3406.2110996626648
P09307,23428.283386226074
P09599,2447.4030866869252
P09742,3144.7668437215634
P09743,1929.7377445948152
P09812,3238.1577941463433
P09813,3408.9826652468055
P09864,2555.159167929514
P09866,2587.5843778257
P09867,3196.1679153993837
P09868,2597.1934654121696
P09869,2536.8471522637706
P09871,2253.188254017753
P09872,2171.6508975612264
P09873,3141.6224015193347
P09874,2823.460420257375
P09876,3433.173142841502
P09877,2419.9551000111896
P09878,2383.2738014451597
P09879,2925.338127129273
P09880,2146.9299568233714
P09881,2507.6910097166933
P09882,2232.18604529361
P09883,4536.194089811959
P09884,4200.291456671568
P09885,2720.429312329653
P09886,2019.5689107948785
P09888,3373.081487321755
P09889,2166.2890965112542
P09890,2826.8021168599257
P09892,2528.186918459276
P09893,2424.904981318137
P09894,2591.0882109029444
P09895,2975.171105377843
P09896,2560.4557004073417
P09899,2444.0934314251713
P09903,2821.0472560704807
P09905,2518.8133049361536
P09923,2169.3350631707035
P09926,2427.1566251245736
P09927,2272.8003767077653
P09931,2776.2094776529393
P09934,2570.618284171759
P09936,2645.3526360577544
P09938,2435.358118084898
P09944,2598.7000121602223
P09945,2461.5678411233475
P10182,3060.640002409309
P10316,22789.156722079904
P10543,2030.966525288103
P10545,1934.6202759730957
P10546,2089.6616837370366
P10547,2162.0629515871137
P10549,2344.8524871539585
P10550,2009.8270062107515
P10551,1992.9586158337431
P10552,2043.4732020765905
P10553,2204.791770675878
P10555,2326.5610650711924
P10566,2669.5989398774013
P10572,2998.577920032452
P10608,1719.1853746645718
P10679,4200.667744625717
P10827,1575.886173703404
P10876,5357.877268736668
P10896,543242.8663872617
P10898,5957.2487404526855
P10974,2457.4097032930445
P10975,2425.6013308405445
P10976,5405.204561609248
P10978,383605.3012652354
P11038,2376.4609573551447
P11042,2444.359626493944
P11043,2584.3653266348297
P11044,2277.6619666599527
P11045,2498.662921287091
P11046,2588.4368406994713
P11050,3010.027272950019
P11052,2285.9009770269304
P11053,2922.67884725898
P11054,2943.668022635524
P11062,2212.561970788282
P11063,2163.5908945384995
P11064,2154.9977049297418
P11066,3033.156177664503
P11067,3569.3334938360395
P11068,2742.796189023959
P11072,2602.501582893307
P11073,2295.16686061425
P11148,2339.3245564699896
P11193,2076.354757212503
P11216,11696.808571265106
P11237,2709.986292557509
P11354,1944.1782434023262
P11355,2403.1424160786073
P11358,3035.936277479396
P11528,3771.0747996374434
P11616,2455.2412724523
P11617,3331.0855571230104
P11618,2497.6267774138787
P11620,2546.301315678861
P11621,2392.0927622489316
P11821,1632.6717102154857
P11899,1795.7799183523082
P11906,4262.100497254651
P11997,2451.2097217098353
P12110,12263.981873442459
P12177,2517.9749784989526
P12228,3860.7127787276295
P12248,2251.013847896058
P12255,1657.7011544583509
P12258,2497.889304738589
P12265,3873.4571979623024
P12341,2085.5360049670066
P12343,2057.352638580433
P12344,2351.487545177689
P12345,2056.2720901906537
P12375,2060.717798971706
P12461,2130.043809050114
P12493,2464.418353890756
P12494,2513.8897494216403
P12497,2489.2041771817726
P12499,2418.861750890794
P12500,2849.640929841323
P12501,2644.2687134385174
P12525,1892.755702776221
P12527,1755.6922302960018
P12529,1854.8742097125528
P12632,1158.5378813376842
P12653,15266.380756073188
P12668,15765.472464220013
P12713,2669.6345039154685
P12941,5362.790702483351
P13195,3218.136082706169
P13390,2013.9177511603482
P13434,1603.9980637052172
P13604,1867.6049285547795
P13610,1970.5878028122204
P13643,5544.331713921994
P13671,2232.4826669464533
P13693,1987.0137515459483
P13702,1192.1204494838848
P13745,696.9305267580514
P13856,17356.771940688624
P13920,2708.94076973088
P13921,3247.0341031473126
P13925,2406.744914513038
P13927,2185.4157894340997
P13928,2262.023862322949
P13929,2351.7320614416863
P13931,2389.6941347241022
P14013,2180.3248505888305
P14080,1642.556698781105
P14082,1429.6217112310553
P14121,439019.07668575057
P14223,3549.4105762513555
P14275,2155.9756912316993
P14341,2499.6884808559075
P14364,1686.1982694408562
P14375,1651.1120418800742
P14392,2484.5565528679663
P14434,3058.0334168590934
P14435,3000.616492089245
P14436,2738.774069202029
P14440,1717.2413196490259
P14442,1727.1879496580539
P14446,1774.0734872896528
P14448,1702.1270743326331
P14451,2800.105678333631
P14452,2806.1667210641945
P14455,2856.119283090558
P14458,2379.2489942461143
P14459,2836.166550575607
P14463,2499.486381176039
P14466,3245.128064076125
P14468,2888.166287482613
P14469,2727.210864384595
P14473,2483.375453837946
P14476,2976.9868761282232
P14477,3435.4370195567967
P14479,2737.172257690379
P14481,2638.8983931294015
P14487,2695.2817311406575
P14488,3382.856529955561
P14550,2686.3155517691557
P14552,3056.502880985644
P14553,2982.737671499722
P14556,2639.9906313054
P14559,2574.9080244354186
P14560,2863.6724361902243
P14562,2220.5379895291912
P14563,2555.3238467374804
P14575,1646.5755948953256
P14576,1783.354611131656
P14577,2515.5294871599685
P14584,2293.1054342097254
P14585,2530.551549832996
P14608,2678.3483925121336
P14609,2655.8415428820217
P14610,2388.6671817365705
P14616,2714.3335284663467
P14635,3855.085890545007
P14637,2738.076972660057
P14638,3036.769933537828
P14640,3137.1458003971193
P14657,2390.8441014601967
P14661,2440.2428563678723
P14662,2451.758976039206
P14663,2424.4310922611708
P14664,2525.2707441901684
P14665,2761.027049564847
P14666,2909.850412397237
P14669,2262.759448754383
P14672,2036.8414959244508
P14674,1946.527032194755
P14679,1879.4606412622925
P14742,3263.763211066385
P14753,3028.9645343798607
P14780,2710.7422473953507
P14786,1657.1995351401915
P14787,1596.2046032361825
P14808,2695.4296437918733
P14809,2725.075183687413
P14810,3808.8750446489903
P14814,2573.650617172657
P14860,2429.773624492604
P14865,2204.1638417727318
P14871,1747.6274208746736
P14901,2094.0424754703777
P14918,1810.5139983935103
P14923,2154.6118071931724
P14926,2038.6032987594035
P14947,4075.3398817958764
P14952,3467.585610694273
P14953,2599.5519465998223
P14955,4824.168385002548
P14957,3553.7952639949835
P14959,3806.332064087719
P14960,3475.2251483309706
P14961,3248.2459140306532
P14962,4659.353299661659
P14963,4487.379518795454
P14964,5195.838683575304
P14965,6004.795917334662
P14966,4133.128996738722
P14967,4356.840186167832
P14971,3085.237527120938
P14972,2957.9090874160593
P14973,3371.2793689919913
P14974,4367.696835208221
P14975,3524.5431512813166
P14977,4192.307048587624
P14980,4777.401981609989
P14985,2477.5009399488813
P14988,3962.627528145061
P14989,4815.745353166819
P14991,2814.23386827381
P14992,2981.2827681632675
P14994,3553.622247523992
P14995,3620.8891696912733
P14996,4492.529069416801
P14997,6769.232807700714
P14998,2911.3709173212023
P15000,3777.2040717007903
P15001,3733.115950808874
P15002,5901.932482481105
P15004,5274.852537079847
P15006,2494.7117724179484
P15008,3356.6178553189825
P15009,2912.5039851946062
P15011,2812.468082202656
P15014,7793.758887157716
P15015,3469.9432584313085
P15017,3772.5870342947624
P15070,2788.1173161569313
P15071,2409.724227403937
P15072,2529.7108518076275
P15073,2420.404428792825
P15083,280399.4575880489
P15133,2765.638251912519
P15148,2419.5960990255603
P15151,2333.21045325522
P15153,2341.4772425620595
P15178,2423.014987215663
P15179,2422.9147708710902
P15181,2236.472030862325
P15234,2282.465654935179
P15236,2853.611495811208
P15237,2541.262362960198
P15243,11940.896856179104
P15256,19876.676985173297
P15258,2525.626835655189
P15260,2430.0901984556217
P15261,3001.6360871071274
P15263,2533.326646555796
P15264,2982.974470104346
P15265,2487.4839585546474
P15267,2174.6230720076014
P15269,1814.0661742519546
P15270,2538.740572643103
P15272,2475.5444989967837
P15279,3269.997460086329
P15280,3441.4834077494343
P15282,2285.9207164874983
P15302,2687.728594773216
P15305,2670.531003289726
P15307,2350.5884594651316
P15308,2462.1358269738726
P15325,2423.919742159551
P15341,2325.1087963535997
P15343,2363.4516178644285
P15344,2502.2450867770904
P15345,2786.2563970183037
P15347,3519.3509508724014
P15364,2518.4314768836457
P15366,2643.7099031588523
P15413,2471.8206282185984
P15416,2437.9322454444846
P15417,2457.27687315429
P15422,1873.979770369236
P15423,1891.8669622279867
P15424,1858.3169386040856
P15431,1586.6470486108974
P15433,2705.7505257432854
P15434,2898.672066170068
P15443,2911.600746114589
P15444,2928.2474928657302
P15483,1438.2843941509461
P15487,1567.254140018325
P15488,1936.1687110204937
P15511,1560.5073519543969
P15512,1578.947654582602
P15519,1101.9193826281805
P15520,1257.5763607919434
P15521,1167.5461740399426
P15522,1196.65140127195
P15523,1356.0834189101765
P15536,4277.714628283218
P15537,4255.114561465971
P15541,3196.583305231799
P15542,2247.644875528856
P15544,2455.1027603019756
P15545,2866.3673734091726
P15546,2430.324212301035
P15547,3541.859713061752
P15548,1437.3242975340943
P15556,2022.8925597013165
P15586,1811.3188531299868
P15587,1452.1816118187255
P15588,1590.1962425794893
P15836,1835.9142472521673
P15876,4273.142826206906
P15880,3879.248864022023
P15881,4748.350229097059
P15883,22086.636384483652
P15948,2868.761815054043
P15949,2561.4874719920886
P15951,2978.68604041434
P15952,4219.4024024275095
P15956,2581.4103573681464
P15964,2343.790624553774
P15966,3478.300878552792
P15968,2482.8123825274283
P15971,2343.6908970566938
P15974,2322.8655051186965
P15976,1952.3858376850433
P15978,2373.830515764357
P15981,2977.8762718508933
P16058,2819.9762678984366
P16059,3550.277294578057
P16061,391279.7398397649
P16069,3050.279772790713
P16071,3015.515829070656
P16072,2840.7923622490616
P16073,3810.37566603221
P16085,2255.8407758279436
P16148,2687.480221176669
P16150,3036.19932985591
P16152,2162.242411971884
P16153,4260.195354954241
P16239,1010.6199818134364
P16242,1191.2098295281737
P16370,3501.5587276635456
P16379,3877.342589299858
P16389,2658.9058242355336
P16391,2546.805272128533
P16408,2018.7467149215347
P16422,2157.39514143207
P16434,1724.3003636303301
P16436,1643.4707100065264
P16467,1994.281121429103
P16468,2315.16653634471
P16469,2627.3578131588274
P16472,2127.1259764760102
P16476,2139.772903170695
P16477,2125.452608273606
P16478,2106.7362305243946
P16480,2306.979301885485
P16483,2249.208999488441
P16484,2447.3075355723954
P16485,2499.0171133623335
P16523,2314.940081891727
P16568,3047.2625297047002
P16606,2227.3588719025724
P16607,2868.6331868288303
P16608,2924.8641275897417
P16659,3472.244866236507
P16667,3113.5301075072234
P16670,3106.653097327036
P16676,2185.014338202326
P16677,2434.9118144749923
P16689,1574.710360722698
P16822,1755.02391773624
P16825,2054.25205844163
P16827,2867.407545135094
P16897,2159.27895221864
P17012,1998.4875318534039
P17042,2296.6395276880976
P17124,2874.0588560333
P17185,1721.733045173163
P17219,3385.2421869688387
P17221,2111.3641114012044
P17222,2261.9497167715986
P17225,2218.4000602181222
P17235,1681.5986589862355
P17490,3051.906906348349
P17494,3043.8220080782703
P17646,2849.5418609616922
P17686,2064.454103554406
P17688,1805.2915695269262
P17690,2584.2474242363255
P17691,2847.6944737117487
P17692,2541.460248822404
P17695,3299.6052452474282
P17697,2626.8956423984387
P17698,2342.473849194632
P17771,2058.9947507046195
P17772,2157.205799408088
P17773,2096.681162300753
P17876,4040.959161618098
P17877,4206.792344468858
P17879,2511.000611962077
P17882,2338.86109649799
P17884,2916.150405216416
P17886,3893.4147069953347
P17888,2384.883148665409
P17890,2411.7850357012776
P17892,2480.596509402344
P17901,4353.946476925039
P17910,2217.4806867887182
P18090,2215.7717961360645
P18208,2056.487229525182
P18280,2280.4997448399918
P18313,2086.37927380947
P18318,2911.441123198226
P18320,2286.982774557589
P18321,2373.998527701287
P18323,2364.9721426779543
P18327,2721.3693071070975
P18329,2270.0749283110317
P18330,2526.8941607219995
P18335,2378.613575622821
P18419,2469.2792869853033
P18420,2946.9073112602264
P18422,2864.028884141002
P18424,2934.6424212971096
P18425,2912.2171560037823
P18448,1114.6729623071735
P18449,1220.2759379637214
P18450,1059.5449512247262
P18572,4234.960887145536
P18573,4394.401800434683
P18575,3410.8538933798773
P18583,2705.9311615367355
P18653,2105.8049916223335
P18699,3348.6399745636986
P18767,2186.0134985288737
P18808,2596.697197371096
P18809,3108.4355435183747
P18817,20436.359883924655
P18869,2403.865768138944
P18949,1632.4449393757682
P18994,17761.113522547028
P19016,2949.008800481216
P19019,2373.4488001415866
P19020,2718.6586500375315
P19065,1989.89079253458
P19157,2969.970518436209
P19176,1405.6505971298777
P19179,1566.223154117243
P19182,1501.414431204633
P19185,1327.6969722688057
P19188,1302.2105472815672
P19190,1256.3942532991327
P19198,2485.4820229269862
P19220,2415.0655425743726
P19233,2416.6162243159097
P19236,2790.014678369555
P19294,1828.5993004704405
P19312,22484.760177586322
P19403,309625.52855995524
P19525,1863.6451891443978
P19528,1892.26696501266
P19610,5594.33327754203
P20081,2598.495987732288
P20082,2400.8294601978396
P20167,2858.1150194801153
P20168,2771.235933025689
P20171,2325.736072732726
P20172,2330.979313064454
P20177,2375.665558134792
P20193,3748.4642801227365
P20194,3696.6678645617776
P20195,3758.1686069983216
P20196,2384.5709722323045
P20197,2708.8924294204485
P20200,2465.2063323912557
P20201,2657.5296377440363
P20203,2621.0352305336655
P20204,2625.309586378268
P20206,2452.2873712975133
P20208,2085.919990736359
P20209,2229.8753618374953
P20211,2505.1602387498874
P20224,1481.702151651281
P20226,1571.9409075391577
P20227,2343.4722724705935
P20231,1534.7493716883162
P20232,1488.646957790233
P20233,2743.0583857612805
P20235,2328.515999113614
P20238,2092.2810703229343
P20278,2118.7244945648754
P20279,1739.788176672588
P20282,1492.0357606996363
P20290,1808.7744061554426
P20297,1863.84634548152
P20306,2811.106939283757
P20322,1632.3300930740418
P20325,1791.8951329284134
P20331,2322.062311207423
P20348,2963.7717862493355
P20354,2592.0238657937
P20356,2955.212260073294
P20359,2596.237570746735
P20360,2504.815487134233
P20361,2451.360456582157
P20365,2347.7816455929037
P20366,1926.689002247358
P20370,2659.4363409205216
P20371,2327.938774374634
P20376,2942.2321094546155
P20377,2704.25818341868
P20426,1871.6142860994123
P20463,2257.5428884396083
P20575,1295.63289762958
P20581,1445.8708374032285
P20583,1370.5241779742353
P20587,1788.2362409499433
P20591,1665.9995061105722
P20631,2549.1208639672864
P20650,19488.12747750039
P20675,3763.063237089641
P20698,1592.569031222153
P20703,1236.8054851051654
P20721,1206.2772137007175
P20758,1504.2191308484298
P20779,1298.8672490787615
P20810,1891.2567457666514
P20820,1774.3471871515549
P20821,1996.4906681538548
P20822,2119.061152827677
P20824,1975.2081953721347
P20842,2224.7167453516718
P20863,2730.088812711512
P20864,1942.173300126821
P21043,2030.2350056451212
P21045,1952.8892793879988
P21052,2795.0823107737106
P21055,2880.203549563695
P21125,1855.644188937605
P21411,5705.36703995176
P21416,5547.867829075749
P21447,1422.6550851987631
P21448,1877.2380981116394
P21461,34353.09433107197
P21466,2329.9530576311786
P21468,1748.5330605065988
P21503,186544.1801495426
P21549,3085.8761601367214
P21585,1689.2699598419397
P21622,1620.7933981746567
P21634,1238.6502656909572
P21640,2405.0317026751486
P21721,1977.4610021600884
P21725,2036.511501155997
P21726,2597.330636621223
P21727,2449.441521142967
P21734,2104.4193851838036
P21741,1414.3847169288445
P21764,1655.1763541061805
P21769,1473.0375806570626
P21806,3086.295547505217
P21904,3036.030803368567
P21906,2920.442778542137
P21909,2536.2615400689942
P21913,2870.9609511890135
P21914,2895.9320292985126
P21917,2909.362076950895
P21919,3077.00099957109
P21920,3130.3488611244466
P21925,2354.7804295929473
P21937,1732.3073489423969
P21943,1907.3815165894136
P21945,1817.864318283265
P21951,1805.494094908912
P21953,1531.431682904782
P21954,1752.3324618865902
P21965,2375.655066551231
P21968,1671.898105827837
P21972,2517.9785946639627
P21976,1762.349395814944
P21978,1746.4004734067014
P21980,3078.2403305009607
P22010,3118.4490903187943
P22011,2503.029210109129
P22012,2806.2924060252344
P22014,2778.300982733613
P22015,2515.0736803862906
P22018,3309.529472092578
P22020,2828.521210291857
P22021,2770.0397027605372
P22024,2816.5529595107196
P22027,2285.0395503578825
P22028,2268.265660424104
P22029,2799.5849966191327
P22030,2027.2308357298568
P22031,2767.701122022696
P22033,2474.3207080629145
P22037,3174.209565144898
P22038,2654.452505144974
P22085,1873.9993285779024
P22744,1757.2409488115063
P23001,1958.6599806385673
P23142,2648.9272625242966
P23258,4238.8777083516425
P23277,19336.335731983607
P23454,4658.731128797178
P23596,2104.9939505230946
P23622,1958.505056453306
P23632,1749.8640506940935
P23636,1681.7341885482333
P23637,1392.818433105277
P23728,3953.5958826162137
P23730,2948.244989183871
P23731,3926.3540562659327
P23732,3073.536398288576
P23734,1373.1826243164664
P23740,2946.0456658701537
P23744,2730.4638498169593
P23747,3279.761428745932
P23748,2801.7018033230906
P23843,2621.644332617963
P23870,5098.746750721067
P23981,1919.381414822781
P24129,2525.851944318396
P24130,2318.508591000773
P24131,2645.2729788204388
P24152,2015.5590132195239
P24227,3562.421710475209
P24243,3158.3004792628035
P24244,3017.398983748826
P24245,2974.0354356466214
P24247,2989.029234540603
P24248,2264.493062505696
P24249,3342.0609866364643
P24250,3383.136987851402
P24251,2921.9290759541395
P24252,2990.368019542535
P24254,3767.2839246348176
P24255,3842.4207173499894
P24256,3674.937583345193
P24258,2653.913793808112
P24259,2332.537571658102
P24261,2556.261814286439
P24263,2550.160939161638
P24264,2771.12790848228
P24265,2484.4855250514925
P24268,4003.1992745428497
P24269,3751.794489410692
P24270,3378.352642683733
P24271,2709.2075970953156
P24273,3169.0635917910563
P24274,3176.249156695766
P24275,2997.505450252637
P24372,2610.3980593918277
P24380,3488.5305304997523
P24383,2897.3950266035263
P24420,2404.5877826042265
P24454,3274.001821863366
P24466,11695.058317345454
P24732,327453.9148283057
P25331,1802.9614110926739
P25333,2195.536242748526
P25509,2937.523442284813
P25510,11840.93811781469
P25511,2848.7394917889555
P25553,3363.004324488209
P25558,3360.641224099079
P25563,14193.014628595569
P25576,18355.468838044053
P25689,2703.8873134099813
P25951,2038.9139389461502
P26022,2202.454580445125
P26202,678.1721294675822
P26522,4219.789139723907
P26524,4341.54619626459
P26537,3139.285443629756
P26538,2828.5109973799213
P26539,3582.794929370264
P26541,2735.0126754453026
P26605,7242.826034151492
P26640,3079.201650973054
P26679,1967.2156833458316
P26688,2341.372332524064
P26731,2582.450066976779
P26736,3311.8423350617345
P26754,2806.9924196205957
P26758,1433.3004589102543
P26798,2851.063973532267
P26855,2758.3774273258587
P26929,2350.321886978579
P27290,2890.360597277881
P27291,2886.6078369163783
P27292,2377.539091815832
P27293,2909.4982923658686
P27294,3142.3653128228257
P27297,2957.005620933071
P27298,2847.7012415382655
P27301,2625.5197496812425
P27302,2462.7487380350626
P27305,2527.3536052492514
P27397,2509.2746719446504
P27419,2728.1305971522934
P27440,2811.027466122911
P27441,2847.3767442124686
P27443,3209.977742841079
P27499,3402.015428513564
P27501,4003.316211660374
P27502,2563.647356834023
P27503,2351.360830851163
P27506,2857.665717968666
P27507,3119.5597337844915
P27509,2665.803084785022
P27510,3147.485166255854
P27512,2803.0512031094167
P27515,2782.019133470708
P27520,3237.6728874213495
P27522,3249.977866992243
P27539,2988.757069082937
P27540,3577.091263192749
P27542,3406.0262429951767
P27543,2812.9997669246864
P27546,3005.215412169384
P27548,3009.637232389179
P27549,2983.7964742124504
P27551,3001.053214886579
P27554,3096.281089915334
P27557,2971.290178229086
P27558,3305.469761831383
P27559,3127.160795430424
P27562,3076.2108851407816
P27563,3027.35200608186
P27564,3102.2525916480486
P27575,2343.029888083458
P27576,3154.037024294862
P27579,2674.7831568412
P27583,2647.1818873373554
P27584,2818.2330401454024
P27585,2906.8484763980414
P27589,2811.5970422929877
P27597,3004.9409898844638
P27599,2801.0580085287634
P27601,2949.3713524116974
P27602,3147.188853159948
P27604,2990.3700291010414
P27605,3167.977522476132
P27606,3309.239287182299
P27610,4122.658009653923
P27611,3346.832706426545
P27613,3521.205629131521
P27614,3489.5520615583614
P27615,3957.2984174563335
P27617,4033.1189600710313
P27618,3260.6905735136065
P27622,2830.944904337684
P27625,2952.646520112402
P27626,3048.8249840598983
P27629,3376.667129978214
P27630,2970.914627898511
P27652,1539.0056406140416
P27683,3121.527529224313
P27809,3658.7113743826435
P27824,2445.0674031231333
P27826,2449.2359291302405
P27830,1521.0520289346223
P27831,2117.9248520381975
P27832,1972.257024403232
P27837,2386.1151584054332
P28449,3079.529279591266
P28450,2337.6588400232313
P28452,2186.592561704649
P28454,2790.46041662562
P28455,3607.3220926820413
P28456,2459.66912807446
P28457,2572.609769867563
P28458,2969.9160342322534
P28460,2531.0258921810587
P28470,2409.8604387143955
P28471,2510.772302412303
P28474,2614.7793871741374
P28475,2296.521337097595
P28479,3364.4227751562385
P28481,3461.3361118247412
P28486,4514.4162204659615
P28487,4296.714531004113
P28490,3736.2194616210913
P28491,5607.542103944175
P28500,1817.607926259504
P28508,1656.5474293120574
P28514,1121.5657796530259
P28520,1477.2223081017553
P28522,1463.9896418362566
P28524,1250.6503167311494
P28528,2249.0474466911437
P28530,1539.8431486860552
P28553,1570.5240095658962
P28556,1680.7100609714582
P28557,1660.6301960935193
P28558,2446.59491434233
P28560,2108.573015144245
P28563,1662.6587066319876
P28574,1710.7800639247205
P28583,1373.2975700153268
P28596,2296.901818270193
P28644,1927.4692316093137
P28691,1976.5269814053308
P28703,2464.532472934599
P28715,3299.4707877068254
P28717,3201.420470053474
P28718,3243.1179834925306
P28719,3161.173684328763
P28733,1801.2876648569525
P28734,2891.084901387216
P28744,2201.0743098797266
P28745,2150.0813433583394
P28746,2263.3497576960335
P28812,3883.5444194951924
P28813,3923.1458465452442
P28815,4140.087003792899
P28820,3819.5160812433
P28821,3597.507196371937
P28822,3755.2692466457024
P28824,2896.2438344517136
P28826,3447.8852185405663
P28828,2294.1841526194594
P28829,2793.6612501646764
P28830,2817.7374994904026
P28831,2775.2833166535224
P28846,2859.9138102122934
P28847,2602.7459055610175
P28850,3034.1377232964583
P28851,2917.848893919176
P28852,2770.694210321508
P28853,2987.9553343235434
P28855,2625.321827878541
P28856,2787.6033220087916
P28858,2797.6805210868883
P28860,2653.258477624036
P28956,2575.459927152223
P28960,2679.854541845585
P28964,3035.855003918295
P28966,2788.3203937030194
P28967,2315.0528071779977
P28968,2486.8197489899057
P28969,2332.002675000305
P29036,2281.458180609369
P29044,2435.3759255262144
P29046,3895.2974073763994
P29049,2656.8772283522057
P29052,3317.1943567432286
P29060,3212.842190167321
P29061,2458.549379561781
P29068,3249.8429235720055
P29069,3207.1343780097513
P29070,2732.977755203079
P29071,3153.5853806699592
P29072,2947.7763624627323
P29075,2511.520661760781
P29076,2696.9234567856597
P29077,2686.590382639177
P29078,2686.887810586697
P29079,1964.772189850541
P29080,1928.9272061649049
P29081,1372.7550671055449
P29082,2872.984902811805
P29084,2693.0444369818138
P29086,3066.636964982302
P29088,2923.7551567073483
P29089,2966.9143312212254
P29090,2956.7353352648643
P29092,2850.202566669848
P29093,3335.1152252326074
P29094,3340.555078525559
P29095,4387.410963294854
P29098,2987.862782727633
P29099,5518.832864048551
P29102,2629.106068256238
P29103,2568.4579338610324
P29108,2656.090928080032
P29111,18729.17589017934
P29154,3373.506942684479
P29156,2924.261585572814
P29157,3292.7968858515405
P29158,2839.2913470529656
P29160,3322.4450277088604
P29161,3128.684439243046
P29162,3109.2792782400675
P29163,3242.31981860399
P29164,3108.293601863114
P29165,3155.4217646012894
P29166,3114.9577615567014
P29167,3284.656306069565
P29168,2790.3289992876234
P29169,3180.3387255395896
P29170,3197.154017975316
P29171,3154.031516409652
P29174,2783.165135647985
P29175,2990.3729033557033
P29177,2887.5619256936693
P29178,2917.905949995351
P29179,2924.769886405932
P29182,2683.326132800196
P29185,2571.0762304347413
P29186,2819.0211576815063
P29187,2703.767783622518
P29188,2851.855918251184
P29189,3101.9321677084386
P29191,2975.1566856779214
P29194,2926.4156066361716
P29195,2695.333429536463
P29222,2656.032943759062
P29223,2735.073239876299
P29226,2815.8165365590794
P29227,2580.4052878253706
P29228,2540.6842703964007
P29229,2801.4982090404496
P29326,2145.4868607383
P29338,2596.1595008095314
P29339,2516.513981905333
P29340,2716.20432170339
P29342,2614.219624004053
P29343,2081.9146587394202
P29347,3031.217317937151
P29391,4238.550304791101
P29395,4023.502109327204
P29396,4595.701411939959
P29397,5484.7989535915785
P29398,5003.2502378518175
P29399,606522.1035519134
P29402,5493.458856143273
P29405,4415.549723499377
P29406,4748.613652852891
P29407,4208.745679866008
P29408,3540.783100956808
P29409,3949.125912560661
P29410,3608.6980106162855
P29425,4360.40648104708
P29427,4311.389568811769
P29428,4544.4920017958
P29429,654233.0723780288
P29430,6775.207037988505
P29431,6252.4993818758485
P29433,3963.2468578033877
P29434,5516.256626184597
P29435,4189.347451889572
P29436,4363.134383465658
P29437,4417.522283489538
P29438,4683.858354785543
P29441,3516.236117867641
P29442,308105.8231313806
P29445,3190.5769107995648
P29450,3748.409926193327
P29458,4440.481350177128
P29459,4602.281248297131
P29460,5016.411491094738
P29473,4950.817125140526
P29474,5474.612538416994
P29475,663669.536253402
P29477,6486.388301416438
P29478,5257.106762415517
P29481,3624.7803854868484
P29486,3889.7892610495123
P29487,4513.137969327096
P29489,4478.179159390422
P29491,4968.156996347192
P29492,3853.338216239731
P29493,2647.15567358476
P29494,3031.0940482225383
P29497,3779.1101884115337
P29498,510951.5200022705
P29499,3576.9275186005925
P29502,4508.91543724144
P29503,5554.735325039439
P29506,5929.992295339279
P29509,3048.205191595004
P29510,4079.650404515784
P29511,3585.006660833471
P29512,3756.2534347983324
P29514,4030.335374953307
P29515,4222.878171752129
P29517,4753.209516301851
P29518,3817.8067200597916
P29519,4396.178050485008
P29522,4459.352820941158
P29523,4308.600701089024
P29528,3721.117042322575
P29529,4067.9411425017724
P29531,5015.466622737417
P29532,4927.344175037979
P29533,5007.241713873215
P29534,5381.89201193338
P29536,5470.933458914683
P29537,4462.949649404363
P29538,4007.0839643610284
P29539,3510.3950526988338
P29540,5190.36964368022
P29542,3912.997699445272
P29544,4081.3134311077038
P29546,3292.6223711242164
P29547,3639.326505218312
P29548,2863.603424275143
P29549,2554.2527599709347
P29550,2337.247777017301
P29551,2554.98108041729
P29554,2533.244424690875
P29556,3117.6776328391584
P29557,2795.0762212244454
P29559,2793.7414227879112
P29562,2805.7212089666345
P29563,3129.0863394731764
P29564,2648.5244135060107
P29566,2950.1072640881944
P29567,2748.625815300371
P29568,5413.058992768908
P29590,2014.1016161560326
P29598,2248.717367447411
P29600,1773.5539529621476
P29604,2575.2532045562425
P29647,2149.8773408244315
P29659,2449.653381818636
P29671,2062.8838538572604
P29673,2288.8116141703945
P29676,1847.8184798012364
P29690,2248.7397541779587
P29698,2594.4075021315743
P29699,2074.07150568465
P29701,2082.919275491524
P29756,2183.556194494509
P29794,4451.355837504192
P29795,3086.122292044452
P29796,3182.888434492501
P29820,2887.061692413748
P29822,2829.723556775005
P29842,2159.542865409355
P29851,2060.323242885762
P29853,2404.669904031998
P29856,2059.009944037401
P29862,2109.8513479263192
P29925,12829.648474842134
P30010,1848.673826303259
P30024,1979.7803226478804
P30034,2436.426931658987
P30035,2475.5737357161374
P30042,2652.009606519361
P30046,2451.8176074052462
P30050,2562.8908390280703
P30052,2463.7646531159216
P30053,2551.5067649031234
P30085,3058.3044896946317
P30086,2704.2566569479354
P30089,2777.501968435861
P30090,3101.156016969988
P30092,3114.037534010655
P30093,3120.902868902802
P30094,3127.3187982386535
P30095,3288.1946369857574
P30097,3278.6122686251947
P30100,3569.242809370374
P30101,2754.146026745484
P30103,2861.4859875701222
P30104,3493.330928973489
P30105,3097.621243376409
P30107,2962.45364087875
P30108,2826.0177453646165
P30109,2849.8439610071537
P30112,2550.771451242827
P30114,3096.658384207265
P30116,2591.945410805144
P30117,2395.1022759194593
P30118,2456.858303533694
P30121,2574.792447524527
P30133,3367.8300984449843
P30134,3272.302493237257
P30135,3337.0637232715494
P30136,3173.448892002957
P30138,2661.691591026847
P30146,4190.20512935092
P30149,3896.547430785694
P30150,6104.922611691862
P30152,2771.583254211436
P30154,4107.2898863571445
P30155,4337.658044489586
P30156,4014.8168941283157
P30158,3960.48529094639
P30160,5484.28813895703
P30161,5768.332131847499
P30162,4398.578563827879
P30164,3748.19169402658
P30166,4581.3737969191
P30167,4669.890106262145
P30168,644072.5611614491
P30169,6466.899112498893
P30170,5553.629594187832
P30173,5566.069766446282
P30174,4203.228155349284
P30175,4541.905292674849
P30176,5072.896426789614
P30178,5828.232563921272
P30180,2807.689738523065
P30181,2621.840077802163
P30182,4074.587859090282
P30185,4028.95696045017
P30186,4216.244590401048
P30187,5861.208492677562
P30189,5012.637866507596
P30191,5013.575569905265
P30192,3932.3995764984256
P30193,3753.0054505940757
P30195,3983.3261966959944
P30198,3340.999394077137
P30199,3520.28783265269
P30200,2753.4814865421813
P30201,3705.047406592812
P30203,3759.4475968875868
P30204,3474.7430419083507
P30205,4706.201801820276
P30207,4348.652708100103
P30249,1928.7434613555968
P30250,1989.1240305702277
P30269,2548.626242543507
P30270,2533.2760069343312
P30271,2471.4761500898276
P30273,2598.942308194859
P30274,2549.2071903847514
P30275,2640.987044376233
P30277,3442.2401077113027
P30278,3290.0035411628824
P30285,2855.3400980853803
P30287,3259.8828010780258
P30288,3519.4003819872014
P30289,3475.7898451865813
P30290,3528.5081528102914
P30292,3200.9252838294656
P30399,3024.345849167647
P30400,3369.392122053789
P30402,3259.7862716258774
P30403,3482.3717360791807
P30404,3077.3760196973208
P30405,2898.280003346294
P30406,3006.345537346743
P30408,2971.9458102495773
P30409,3007.6643662284255
P30410,2568.3706794912096
P30411,2648.3703420089532
P30412,3462.6480930843704
P30414,2537.842591733911
P30416,2388.453503966475
P30418,2886.809544053934
P30420,2498.381694185096
P30424,3862.239478990386
P30425,3436.002736361295
P30426,3346.281516440892
P30429,4157.703306616244
P30431,3909.787142957889
P30432,4575.0677592067495
P30433,3413.3522389571717
P30434,3794.753431331693
P30437,3584.804263285114
P30438,3101.581703307589
P30439,2859.4243389094436
P30440,3079.7816708201417
P30441,2893.444116256506
P30442,3173.658519593323
P30443,3140.005326080154
P30445,2617.7597740548026
P30449,2779.3568305797876
P30451,3038.24218986818
P30452,3128.8632855216174
P30454,3447.82586589035
P30455,2841.044813860035
P30458,2729.457885971054
P30459,2832.8867529789723
P30460,2703.4583056280317
P30463,3278.4320709151616
P30464,3317.9056237106774
P30468,3392.4855154792695
P30473,3167.345472870121
P30478,2809.2309325198103
P30479,2785.8982136310633
P30482,2629.5466775964196
P30483,2839.9357294268866
P30484,2825.375738137952
P30489,2751.3173409881138
P30495,2346.06279091771
P30496,2282.3907560067846
P30497,2089.8358592644936
P30499,2143.479592051121
P30502,3089.876822904446
P30503,3924.2132322660036
P30505,4121.967803677835
P30514,3555.173153852123
P30515,2947.8032997522273
P30516,2511.002885650676
P30517,2662.448939852292
P30518,2537.120944391163
P30519,3130.2309093107783
P30520,3041.160771091207
P30522,3296.4056436835635
P30523,3363.010261562463
P30525,3428.4737893622682
P30527,3187.1252472114097
P30528,3584.1788551222603
P30531,3269.194143736798
P30532,3533.5076859424826
P30533,3754.8975773464103
P30534,3179.0354520735596
P30537,3591.623083697033
P30545,4042.398573536491
P30571,2002.4143606596779
P30639,2572.005344289479
P30643,1926.0455016703856
P30666,1596.1491410573544
P30679,2016.707233312774
P30681,2314.52976482559
P30684,1946.428108006566
P30691,2133.1034874235625
P30692,1896.0848789972304
P30706,2111.1059110183865
P30709,2617.7515332672983
P30715,2188.1728960258647
P30717,1897.8548155267454
P30758,2432.8220392028047
P30842,2631.33912123332
P30870,2638.735179649493
P30872,2392.4702631291234
P30912,2604.6701285340396
P31067,4596.605324854018
P31077,3292.25042230089
P31123,2260.544586934619
P31229,2444.9483182203467
P31230,2283.483091649178
P31232,1730.2896546152463
P31329,3141.1884934467785
P31345,2208.8467198984595
P31347,2497.453108682077
P31461,2578.3264533723186
P31464,3863.6710294460963
P31466,3215.192884416348
P31513,14553.072011020198
P31591,1616.2912677368083
P31598,2189.550533668624
P31614,1912.0905818678127
P31618,2213.6733406614226
P31652,2986.797800957112
P31691,17450.12927015458
P31692,32211.767213937263
P31713,2562.143902010257
P31720,2845.679553009584
P31721,2428.0606726991455
P31785,16257.42702366931
P31806,5972.076054636643
P31851,2464.165558824785
P31998,26105.281380535285
P32151,1955.605550215457
P32196,18764.866522685563
P32219,2210.565426562884
P32229,2200.470620959223
P32250,15921.406365715262
P32255,21367.587451522773
P32320,3067.585702152624
P32955,2460.557339141032
P33551,1654.1030581547834
P33588,1828.5672416892687
P33754,2263.0233433159706
P33890,2920.27008657351
P33891,2929.2879242835647
P33939,15438.265802321335
P34122,2155.79799629132
P34204,2478.376529486537
P34300,2940.577335342997
P34301,2932.5966820496647
P34303,2862.587989803377
P34304,2984.020334195376
P34305,3390.495923117557
P34306,2969.3566424667147
P34307,2950.569390740298
P34309,2865.9543817677527
P34310,2965.364129042805
P34312,2948.649671059747
P34313,2719.218222020691
P34315,2864.483758026123
P34317,3079.6183985186385
P34318,3303.887219854059
P34319,3528.1431645299617
P34320,3257.4746909991377
P34321,3235.0425205350107
P34324,3672.419409804951
P34326,3641.761053378222
P34327,2803.1093063569274
P34332,3131.8126626781564
P34333,2293.089481815003
P34334,2316.5222425619822
P34335,2864.1930685995926
P34337,2591.6791710824164
P34338,2707.7799568667183
P34339,2552.054717420973
P34340,3282.5700253251016
P34341,2794.469818812448
P34342,4106.281409832487
P34344,2824.272454168998
P34345,2800.096883961964
P34347,2700.7648194702397
P34348,2576.0154390573894
P34350,2622.1627315137384
P34351,2666.7924484734563
P34352,2648.0246958521334
P34373,3689.8691573777774
P34374,2955.7808967405476
P34375,2829.353805390056
P34381,3062.1166013058764
P34388,2863.3317103239433
P34389,2543.0951461774
P34390,2830.6130358982673
P34392,2267.76781874242
P34451,4912.934726913099
P34470,2684.1360484023794
P34473,2689.009335414692
P34475,2684.928286047376
P34545,2268.8595668124303
P34548,2060.2023573258793
P34578,2309.0413035926454
P34664,3707.4414560301225
P34722,5046.524413119101
P34892,2864.244401040624
P34894,2683.6435705439267
P35464,1042305.6752163697
P35694,2629.926865750779
P36063,1825.3188265722204
P36072,808.2003827848379
P36075,472.2908308132235
P36077,534.5546518656811
P36105,1973.400403203861
P36106,3619.4229583380998
P36115,1995.0378081761705
P36119,2693.610986498375
P36327,2093.344466664286
P36414,2898.388329947166
P36415,2314.318816503352
P36416,2870.501565774629
P36419,2408.3146121399027
P36421,2611.9335425894533
P36422,2528.174262219415
P36423,3029.744112850389
P36425,2626.5976366778323
P36454,5843.853210907153
P36619,3650.786445795412
P36772,2194.6461479301283
P36829,2449.5086044612403
P36835,2503.677091635452
P36838,2271.801437662417
P36863,1935.2058140539039
P36896,2054.0627994119764
P36898,261304.3193669286
P36899,2345.9192071194866
P37112,3003.999399539205
P37115,2521.2686253340653
P37118,2680.0146943885406
P37141,2741.340495108254
P37145,2742.0255263926874
P37157,2658.674465243767
P37421,4255.5346245591245
P37422,3818.3625854003158
P37423,4452.893958558774
P37425,3701.7284513334807
P37426,3758.8228113995715
P37427,3373.2466335529184
P37428,3458.224035278388
P37697,2467.788602749027
P38347,3169.143886712744
P38411,4349.220658389214
P38454,7249.5414549487705
P38456,5410.120365275139
P38457,499032.3032119342
P38458,5838.649837842893
P38459,5681.969070414424
P38460,5229.452612955515
P38462,5154.46872755201
P38467,2471.8550725561186
P38468,3230.074498595512
P38472,3239.9588176264497
P38537,3352.776833425114
P38567,3813.755950113937
P38709,2870.545782077336
P38711,2704.8366502161257
P38712,2652.2298600427603
P38713,2349.0475352799754
P38714,2789.161919797513
P38715,2996.1484635001434
P38718,2903.8337193040065
P38720,2707.4944013636673
P38722,2651.9533169787364
P38723,2928.6532003518055
P38727,2224.011582988653
P38729,2392.965356727773
P38733,1796.4883872618188
P38734,1849.5478126924158
P38735,1910.272313462212
P38737,2816.5347504718156
P38740,2685.47135878331
P38741,2749.8525031787094
P38744,3013.2224227665774
P38745,290755.47920833365
P38753,2783.9910798503915
P38754,2894.760762885602
P38755,3053.1402608381354
P38757,2711.157612677549
P38759,1392.5758758925629
P38762,1444.9445579935914
P38766,2608.01170855731
P38767,2722.8242887010674
P38768,2337.6584106812074
P38770,2016.4414355953681
P38778,3052.6193337865025
P38779,2954.9087717479015
P38780,2762.1011169099274
P38783,1458.189279170354
P38853,6546.0319912405685
P38854,6011.429368010575
P38855,5430.743124132155
P38903,5248.878803445503
P38906,3074.1378904523544
P38929,5756.259566032879
P38930,471752.17003415106
P38932,5360.220965351512
P38933,4307.52512719695
P38936,2917.505583805136
P38937,4486.533988429849
P38942,5463.676276018665
P38943,4811.140581904005
P38944,5677.53128980863
P38945,10046.402986657866
P38947,3658.141919356005
P38949,3756.1738380471334
P38950,416049.96185731736
P38952,4107.0573383658
P38953,3090.3314511197373
P38955,5062.127000720715
P38956,5524.758439319988
P38958,3330.076028650007
P38959,3720.6200590646936
P38962,4290.416625218799
P38963,4010.8544435429953
P38965,2084.0626812869177
P38969,2356.881330890251
P38971,2851.476929859454
P38973,3148.1094399557137
P38975,4400.553757769697
P38977,559402.1777841573
P38978,5420.29058765562
P38981,2990.3295835218337
P38982,3551.5200529523013
P38985,3352.1438716659172
P38989,2728.4263307698398
P38990,2625.7812621852468
P39001,3227.7528927159647
P39059,2056.2029434780416
P39157,2322.4447950335702
P39310,2836.5391648814743
P39311,2565.306717359008
P39313,293803.84475772205
P39314,2972.4211964789697
P39316,3018.7595096621835
P39317,378074.3319226817
P39318,389499.8675827749
P39319,376741.87087803555
P39420,5294.303494591434
P39421,5780.076935341568
P39422,4426.017460437201
P39424,6730.681019796347
P39425,4108.0133243979535
P39426,3439.444631099442
P39427,2845.309788651798
P39428,3448.4922917699632
P39429,2090.4001753330667
P39432,4384.844306180276
P39433,3624.7385995171194
P39434,448741.5608455442
P39435,4551.988474105564
P39436,321176.5921069085
P39440,406795.70411742874
P39443,3852.293051072442
P39444,510397.4008095758
P39447,4136.911393439837
P39448,6595.4798251976035
P39461,4758.379143877285
P39463,3567.2014885432195
P39464,1015578.6294667204
P39467,3470.0242466587592
P39468,3355.6581476584056
P39469,2873.5455848802612
P39470,3303.072280035443
P39472,372910.0199736076
P39473,3638.487954374198
P39474,3614.2893804118335
P39475,4040.6832111541576
P39476,3333.1156828279
P39477,3070.799372436641
P39478,2978.5758629635725
P39479,3007.3394036297327
P39480,2670.080717748608
P39481,3835.212545554976
P39482,2596.6780895634674
P39496,3514.6858621502424
P39498,4646.923501076317
P39499,3984.771794346854
P39500,4434.371465282048
P39502,5534.440496583023
P39506,3868.947486512898
P39507,4768.800669257049
P39509,4389.510323577555
P39511,3725.7917145944953
P39587,3127.043897783269
P39595,1739.2181864511897
P39605,1857.2423310059478
P39826,2134.4529939282265
P39991,1980.3982024128231
P39993,1883.2934276479716
P40009,1858.7150580037055
P40042,16753.08939731344
P40102,2732.330139834812
P40452,3574.125207456778
P40455,3312.8861753067235
P40456,3667.4911162714893
P40458,2507.259959584014
P40503,2811.769959453017
P40509,2751.986458446493
P40526,2858.061468281183
P40527,2984.845060581779
P40528,2968.082944629815
P40530,3000.7087930421862
P40531,3275.36098675159
P40532,3540.8379254693023
P40533,3341.927176249721
P40534,3810.931812390745
P40537,2994.4131418064944
P40538,3062.2552763751596
P40539,3202.395352342138
P40541,3056.58462185821
P40552,2556.24576020715
P40553,1539.5477599446338
P40567,2790.0392980479974
P40568,2653.447311786257
P40569,2951.0197300868144
P40571,2421.172876744574
P40573,3378.057335825688
P40574,2950.7246038296503
P40575,2619.494378497187
P40576,3037.515751804781
P40578,2913.91671843609
P40579,2503.998082994521
P40692,2998.2334673806276
P40794,1340.5625550465359
P40841,3282.592700319428
P40883,3213.3173779607105
P41060,13485.835510933752
P41457,2907.4449568153564
P41471,4363.659511407732
P41549,373004.2780225389
P41550,488529.99818528513
P41579,300365.9312180113
P41806,3297.2506291274876
P41899,2895.1643029308493
P42005,260977.33217001773
P42049,11753.774775705011
P42265,2423.572339359005
P42266,2768.0561050938263
P42269,4068.6649671913983
P42270,2848.8847146208345
P42271,3691.898221533213
P42272,2726.5017203166167
P42273,3139.8504853042136
P42274,4525.045357814851
P42275,3329.2627750504244
P42277,2837.3867680234425
P42278,2829.634709812992
P42279,2984.854203374688
P42280,3070.9296662811707
P42281,2627.350896428009
P42283,3085.153914744507
P42284,2835.895831364494
P42285,2538.9099819475896
P42286,3090.3465170008785
P42287,2679.6877492452923
P42288,2717.578620357576
P42289,2387.158332351178
P42290,2619.353195938142
P42291,2572.3084615106923
P42292,2803.2276989079696
P42294,2566.3621650511564
P42295,2445.412525195109
P42308,2745.3491411600794
P42313,2605.2487809654135
P42355,2418.750153799316
P42356,2492.046087442521
P42357,2430.5055390485736
P42358,2541.6292515860064
P42359,2392.469789263258
P42360,2627.7418280164115
P42361,2237.7993951460617
P42364,2356.1194026275
P42366,3894.6118318690765
P42367,2799.9623092668653
P42368,3076.3364023484837
P42369,2757.493659265923
P42370,3217.4787339060576
P42372,2998.271526193291
P42376,3169.7827369559836
P42377,3148.346321421837
P42378,3055.63824570455
P42380,2165.6063970393157
P42381,2780.011464198697
P42384,3400.477231636046
P42387,4520.957930914153
P42389,4042.188181082795
P42390,3506.519272545851
P42391,3162.7576735637085
P42392,2736.6402420770596
P42402,2676.0926526437956
P42404,2775.4543707009757
P42405,2976.1234484919887
P42406,2645.280930877952
P42408,2405.779246172526
P42409,2688.2819735304874
P42410,2830.8591103663066
P42411,1985.97697533697
P42412,3366.539685402097
P42413,2936.442775621271
P42414,1941.0812874676049
P42416,2733.471672993504
P42417,3206.034329453254
P42419,2795.2231494086686
P42420,2779.479122320725
P42421,3247.3797487360666
P42427,3534.3157731062133
P42429,3914.2655697920386
P42431,2718.710633378435
P42433,2235.1051351578194
P42438,2757.597597299744
P42440,2742.3443623223507
P42441,2984.5762294349715
P42447,3860.906779903727
P42451,3534.4110933853162
P42452,2850.5090730846746
P42453,1377.9996864690793
P42457,2134.005147128721
P42462,2895.1704193089345
P42465,2566.4444317266584
P42466,3120.466171375157
P42468,2784.7621886170487
P42469,2645.4246213345687
P42471,3198.528009954931
P42472,3016.938469816881
P42473,2750.8003479230933
P42475,2839.9090854164865
P42479,3460.9660525856093
P42483,2616.595597840755
P42484,3124.47543873145
P42485,3497.7885717287563
P42492,4154.869576218892
P42494,2587.1028400807154
P42495,2813.6113184279243
P42496,3974.1255194976056
P42497,2806.543598707955
P42498,2580.352766247085
P42499,2123.778896835829
P42500,2794.215960640059
P42501,2744.2560008294668
P42502,2899.5875485120796
P42504,2544.3062801944616
P42505,2546.6440591041573
P42506,2551.7791869418274
P42509,2529.3170503466754
P42510,2533.9997899524637
P42515,2496.6053584504393
P42518,2697.0563456168998
P42519,2435.461984962012
P42520,2646.5416179722433
P42522,2516.9064962921107
P42525,2374.1893995720657
P42526,2264.361301190142
P42527,2610.982917946237
P42529,3232.045396812204
P42534,2219.013635311108
P42535,2307.659474552715
P42539,2245.849187798483
P42541,2773.0038026447514
P42542,2618.1929575398044
P42544,4108.142795533362
P42546,3265.67300550992
P42547,3366.742380035226
P42548,3206.557777929546
P42549,4049.9975789170953
P42551,3390.45909998963
P42552,2242.3616303798904
P42555,2614.383088740677
P42557,2265.823323075535
P42563,2163.158117735819
P42564,2758.4155913571303
P42565,2689.106071906283
P42566,3029.7413394112723
P42567,3148.7146671773216
P42568,2629.3935939559983
P42569,2577.631593182481
P42572,3117.34923805012
P42573,2826.5729537462357
P42574,2810.1078631788896
P42626,3181.236680557894
P42812,3000.454234678159
P42853,2297.152762156656
P42913,2079.5165843753725
P43183,1843.5813642297612
P43184,248251.05875650456
P43213,254944.3208245878
P43536,2462.6588035227624
P43540,5253.906493671498
P43595,4834.684615873391
P43745,5852.648336179029
P43779,2656.0489145315923
P43821,2110.2340498728386
P43887,42822.8518476091
P43888,2596.6504259783637
P43908,3104.8104841593595
P43981,3897.8004904515224
P43995,2613.731267481439
P01015,1743.3058609401476
P01017,1349.4539402461799
P01070,3195.3396191626834
P01074,1522.8944739508802
P01084,2098.1017272866275
P01107,2151.6553215853105
P01184,505.43032669457705
P01188,1593.7565842007748
P01236,3017.4798686009512
P01252,2048.6199735423547
P01302,2139.9503217548136
P01341,2556.5965602524793
P01371,1819.0091960554166
P01413,1689.3184217155488
P01414,1503.534941742853
P01416,1880.5851533811303
P01435,2303.3253576677826
P01442,2605.399794859968
P01479,1408.8564650335602
P01484,896.7098895383058
P01517,1791.0868140474133
P01537,9775.936451875592
P01546,2836.64019568798
P01548,445.2353690107292
P01579,3953.597974079389
P01598,2482.8907544882445
P01666,4028.627420622143
P01686,4573.687012780895
P01705,2620.1725980660212
P01708,3234.7844125952706
P01727,1798.1736664076018
P01742,2260.6463738168677
P01745,2516.7441612729685
P01746,3037.243046298065
P01769,2504.769203886869
P01797,11382.306574635722
P01823,2158.7268783783
P01826,2433.200212280504
P01840,2031.3544100738102
P01842,4196.070304905337
P01852,2051.0098021137833
P01913,2851.208460724737
P01927,3279.5460648233684
P01937,2183.7326217192954
P01940,5762.616770792138
P01951,2148.571025065344
P01960,1966.5577995484784
P01976,1601.173846615295
P01990,3507.761077024343
P02066,2555.4308220150597
P02088,1667.8735273295597
P02158,2961.30552793303
P02211,2163.2101823221415
P02212,3718.0676226319406
P02230,2618.786332214158
P02248,2221.3695969637556
P02290,2962.380778580788
P02296,3744.8871068394706
P02328,831.0545446173971
P02368,1865.1212163311288
P02413,6459.4257934577845
P02414,3738.503247158979
P02415,3491.057076045878
P02429,1975.8225072533535
P02491,1287.4637648453613
P02531,2470.259162812543
P02595,2399.517339451119
P02681,2747.869650113467
P02694,1851.1598988369649
P02696,1744.4697235537008
P02698,2583.588902298885
P02704,3673.220542580178
P02711,2683.6452280711997
P02766,3057.1333713450836
P02784,2174.446524111649
P02785,1955.016004920289
P02836,1841.0719653772078
P02840,1716.5897589653312
P02847,1898.9618267549652
P02853,1662.8716456496893
P02865,3656.3785075418036
P02881,2391.6724224604573
P02927,1547.6069625147095
P02947,2109.598309085902
P02994,2764.166793432965
P02996,1742.236179429518
P03040,2022.8184948400349
P03214,2561.8674035303407
P03215,3053.7163508697604
P03285,3277.0435528854327
P03334,4897.855764298174
P03341,2831.7585206939298
P03368,4415.6934374255225
P03489,5710.324555165566
P03494,3519.355148759675
P03505,2177.1324196133987
P03520,3342.394726516048
P03523,3203.831736965925
P03576,3907.392475270944
P03598,1639.3716189204167
P03611,2932.049419246092
P03629,3825.381651784622
P03644,2525.642566966863
P03647,16072.104233483758
P03649,2629.461395655407
P03651,3213.5818649284447
P03660,3001.5473437634346
P03666,3386.1856144959197
P03668,2473.9879466123225
P03797,2186.995714496248
P03878,3996.4805867312048
P03887,2270.5759584014377
P03892,2123.045754525303
P03903,2634.0481786139712
P03914,2813.9429767449055
P03915,4595.2347823371665
P03925,2105.119899295266
P03947,2343.577234122803
P03966,4432.08776983391
P03975,2093.703891665525
P03987,3054.7913820724416
P03989,2854.1004681965524
P04050,2586.912377735354
P04054,2732.0392326702718
P04072,2728.8456630839114
P04109,2069.0708350231766
P04122,3716.996379220137
P04126,3550.9501257840457
P04137,3150.5437040607626
P04154,3700.4891412469233
P04188,1983.5968608807152
P04211,6600.366507261024
P04216,2056.088367511626
P04218,6203.296218383126
P04220,3368.5189692371105
P04263,2554.223825561444
P04276,2111.641771966918
P04338,5028.864261091546
P04347,901.3817100111877
P04355,1877.5211531889197
P04360,3887.405712875068
P04384,16932.8461072819
P04412,2324.0559978511064
P04428,2936.706732851205
P04498,3329.211165994039
P04501,2292.672492494532
P04538,1851.9125349992241
P04544,1906.1265756730518
P04553,2359.584769459353
P04694,2861.278650858798
P04742,2188.2974660403097
P04744,2332.143032236841
P04749,1071.9661054226767
P04832,3978.754726566916
P04884,1834.310583518597
P05053,2438.33870380406
P05054,2485.4729497212184
P05067,1527.6760407588952
P05117,1527.042122534581
P05154,2983.507549238733
P05157,1342.1648784835554
P05158,24018.991341366316
P05203,1842.341659643629
P05227,19622.3933248714
P05231,2304.00788633611
P05233,398.9216334354417
P05260,1713.285394978136
P05262,1865.337264366114
P05272,2020.6759732563046
P05275,1852.9761549598638
P05279,3352.6135492168128
P05328,2627.127663215914
P05339,3022.3070448799713
P05340,3057.315057406359
P05346,2029.2665725433042
P05399,2236.7718566640297
P05429,1842.5577821776674
P05430,1893.3529497849122
P05462,1824.603409637615
P05468,14436.710285374882
P05533,1959.4005669952417
P05591,2856.897221042676
P05633,2472.792913800444
P05656,800.3053784785305
P05668,3887.1422287182068
P05717,402.2234121838998
P05740,1394.8548484914834
P05783,2308.7479947827237
P05798,4104.789025683705
P05903,2784.704678093848
P05927,15930.64110951168
P05942,2225.850302852699
P05952,4681.080092384598
P05960,4207.680567608881
P05961,17878.239617805324
P05973,2413.0290817159507
P05974,2388.903486812035
P06015,1697.1724486781113
P06018,3423.8922312951154
P06024,2540.3115406754473
P06040,2349.391328758988
P06056,3094.147449554703
P06074,5516.663932291335
P06082,3877.6009622274137
P06102,2020.1771872206805
P06148,39439.447702321166
P06229,4822.415015328822
P06307,2320.5408804563817
P06338,2367.9553284817775
P06342,3510.906505186161
P06349,3628.6872124274555
P06350,1885.6930299285655
P06377,76307.7515176171
P06409,3334.695769713705
P06723,7175.109549784439
P06859,2388.753627031937
P06905,3170.303287386198
P07031,49018.60127783018
P07060,2533.975149185248
P07080,2179.0541824193306
P07094,2676.221514568939
P07153,9352.612706473603
P07157,25701.52265359126
P07336,17477.058369662438
P07358,2431.7079721506134
P07484,3922.706173727871
P07622,100846.6890438346
P07652,11109.090036793647
P07719,1856.3814405961482
P08043,15626.832383590046
P08149,3701.217073194085
P08197,2178.3157853575885
P08198,63614.6953415079
P08210,3576.654058421624
P08262,3443.1318237114338
P08274,3182.103262092194
P08276,3466.9825119043107
P08304,14309.969811013696
P08361,53035.95880449724
P08377,44657.35606764571
P08391,10115.818168256372
P08393,43040.66581073652
P08410,14204.607159311625
P08451,1751.29481805898
P08485,2560.8574506012355
P08521,2881.6993485077396
P08756,103344.7408703209
P08794,2315.7636118088417
P08813,2584.1036914472206
P08827,2687.7662495410327
P08846,2451.673293044369
P09218,4825.2105896800795
P09360,1760.9767573120907
P09394,10450.318222979407
P09476,1888.131997742942
P09605,4909.911390554503
P09619,2566.702054778227
P09639,41399.384885141255
P09703,2651.433638762667
P09814,2969.9166998283185
P09816,1617.6486771817808
P09817,1707.7731399064644
P09967,1810.0795127976432
P09990,1745.2769164366218
P09991,1654.4581131837529
P10000,126815.79314892214
P10025,2027.2331407634317
P10031,2342.814264658205
P10038,4349.756064486251
P10121,114452.72415448443
P10210,5125.0085803659995
P10212,6396.861745664586
P10222,6127.229757915659
P10251,5497.915460309873
P10256,1989.9721130302903
P10330,2451.738733273853
P10416,2996.8733209648267
P10418,2837.0666839253636
P10419,2720.53282615009
P10422,3599.012496156015
P10424,2949.9829850768483
P10427,2971.9977382959128
P10429,2755.415399349482
P10433,3011.137004001998
P10436,2471.0672812361954
P10439,234130.41680870255
P10440,160977.39946347228
P10441,1938.921813198706
P10442,158009.52068181042
P10450,4170.014619708137
P10492,8991.522554877876
P10548,3639.6222820570692
P10554,3095.509814919107
P10573,2557.95343271304
P10626,1788.4647344879618
P10627,1666.9986319285415
P10631,1515.508137067965
P10633,1739.550929710367
P10635,1584.19867924494
P10638,1601.4774007257568
P10665,2331.9101552576353
P10668,2595.409089348825
P10669,3426.0775209752173
P10677,4352.968741808969
P10683,2702.020866553466
P10686,3081.0679262983626
P10688,2326.3655376255465
P10689,3472.7427085746604
P10696,5052.242551236836
P10698,111670.65001153469
P10700,2715.217724818465
P10701,2675.511212513121
P10702,2654.6926531962836
P10710,3035.3819563445336
P10713,1787.8461389241043
P10727,8169.907254517288
P10728,2369.6696990449755
P10729,7883.553969283735
P10733,7005.121770127855
P10737,2372.386804098886
P10739,1794.2460339912332
P10740,1317.078686151294
P10741,1179.027359205866
P10746,7948.31731010537
P10765,2154.828912228547
P10766,2163.8000868979184
P10770,1689.2409314970525
P10771,1561.5754022005995
P10772,1978.1435449522087
P10776,1868.5399792245805
P10781,2164.1688808845574
P10904,2024.8242662361417
P10910,1277.376522283975
P10995,3222.200256420041
P11034,3416.5517219806616
P11035,3059.712253394426
P11036,2446.9909628534115
P11039,2720.5628739492813
P11040,2489.4184354855042
P11041,3284.5733428045937
P11047,2207.2671583593847
P11048,2237.162179661206
P11058,3959.3890171082917
P11059,2909.871790300788
P11061,4215.951529717165
P11069,2852.3705980181503
P11074,3791.0718076157855
P11109,7731.777045496586
P11130,3068.0781013802325
P11132,2278.9856953184585
P11146,2062.8168290022113
P11234,2381.8602816567786
P11238,2541.2792910406865
P11239,2029.8041023399921
P11245,1693.1978040718222
P11253,1808.1542341614233
P11254,2055.86926560251
P11294,2894.271142305092
P11295,1926.97357103377
P11298,1948.010595788534
P11310,1814.5561819613877
P11311,1705.8548132992535
P11313,110391.47424906313
P11315,1917.1128847152474
P11317,2197.663811559646
P11319,2220.125836968742
P11320,2036.6067111455955
P11321,2268.134044413174
P11363,3403.8398211104404
P11430,1832.5096485789534
P11495,2168.543054867935
P11534,2139.8101666129255
P11757,2300.240385369919
P11758,3450.844878581933
P11773,2101.2302605392447
P11778,2427.133754413488
P11781,2252.357849373247
P11784,1835.6641739827062
P11785,1915.196681755965
P11795,1611.6163961772106
P11817,2132.376975890756
P11855,2046.4863550769091
P11857,2567.549398447732
P11858,2324.9705267559016
P11859,127800.20585833541
P11861,2521.988051448136
P11866,2202.3901070076995
P11867,2689.3268564479345
P12038,1953.4817886541011
P12040,2286.538672778638
P12105,5426.6202790177085
P12114,2368.348124858584
P12120,3727.341752639776
P12175,2385.445443772241
P12235,1872.4011907121596
P12319,3643.1968536601794
P12387,4225.690272065166
P12388,3572.769557885115
P12442,172650.92333526514
P12443,124094.24969764092
P12446,166169.951702391
P12447,142940.5945723451
P12448,166612.61250387784
P12449,2362.720940407803
P12451,1845.1862910732027
P12454,1982.646007285494
P12455,2031.5189391948572
P12456,2090.9662501211437
P12458,1499.4634057860412
P12467,1823.068655508332
P12470,1961.457263560615
P12471,2198.3127311602307
P12474,2172.4886081864743
P12475,2581.924582967527
P12476,152157.83283041423
P12477,2608.414181666804
P12479,2403.410493507301
P12480,1648.7459445180004
P12481,1699.6577085778852
P12485,2443.050277365026
P12486,1928.1742899442486
P12489,2110.4888120208097
P12490,2342.220535670515
P12491,2145.4226073770083
P12492,2776.241601682809
P12521,1804.442875967261
P12524,2117.499469581886
P12526,2375.130333531345
P12528,1819.768276708334
P12554,1861.4925105116827
P12629,2737.8102420009154
P12696,2747.7439654423083
P12722,2168.978219397376
P12746,1935.1148297879868
P12893,1960.4430836636602
P12934,2873.5030093703017
P13095,1932.3614944281455
P13100,2039.1076435095692
P13303,2306.178427197102
P13335,6885.4473235774285
P13475,2180.7183764801453
P13626,5446.676206979805
P13653,1714.9065423298723
P13655,2623.577780906369
P13669,1834.665564220699
P13756,1904.9948223023468
P13778,7302.415791353897
P13779,4969.987346812164
P13780,7604.698758544944
P13784,147674.36460724077
P13785,3236.2250218782483
P13791,9294.881949154313
P13810,8056.059016432341
P13891,1466.0189084828546
P13892,2006.7657373872655
P13894,2914.7498841040633
P13895,3504.408921350079
P13900,2464.9709150022773
P13917,4620.251456440723
P13922,3082.2188121386525
P13930,2218.943674509491
P13935,1546.6760219863302
P13965,4267.7624708013045
P14015,1943.7037112570913
P14016,2928.4702941268456
P14017,2090.8880107577343
P14100,1281.3671640668354
P14305,7284.723387558036
P14342,1962.4265452288016
P14358,2567.750173785763
P14444,3045.6368773540094
P14445,2928.281653871298
P14449,4071.229867035976
P14454,3264.705615058815
P14456,3575.8674348094783
P14465,3419.9945607399422
P14472,3489.537151141261
P14474,3532.779177402038
P14551,2542.1379731941815
P14557,3469.0497122370875
P14558,3406.7412179585285
P14561,126329.883753923
P14574,2357.382653879792
P14579,1665.808262656784
P14583,2924.951411280503
P14604,3373.9116163505896
P14617,3577.5511519844417
P14658,3744.9803783502725
P14660,3248.067669936563
P14668,1765.5636823227549
P14670,1620.285939987633
P14671,1852.940762244811
P14704,2499.804338938653
P14744,1486.3823133341577
P14836,1928.8827574080633
P14949,4446.115844243024
P14968,4366.572538769996
P15054,3093.761096672207
P15062,5779.552916115788
P15075,2588.962540030952
P15076,2878.660029108723
P15077,2147.229188062832
P15089,2685.856460155159
P15092,3283.6101503881773
P15113,1410.7254542532837
P15130,1801.3667459384935
P15164,2681.486479380774
P15173,2857.781367636198
P15193,1973.5468040399794
P15194,1917.0363835931114
P15259,2326.830819288422
P15262,3578.4283649507634
P15266,2298.6662440032255
P15271,2103.608695079739
P15275,2458.1487480208616
P15281,2534.5223613462786
P15301,3025.9853910537504
P15303,2079.5648555283965
P15304,3639.315002305793
P15312,1985.1555913186694
P15315,1974.360666372778
P15316,1941.7568326465216
P15318,2258.657518046941
P15322,2430.5737085662695
P15323,1626.6128035721722
P15329,1741.5558869971196
P15330,1821.159938695576
P15331,97555.10694121826
P15332,1633.3914890728568
P15334,2223.013723150586
P15336,122991.79373896477
P15408,2350.1807417236914
P15415,2896.487506984682
P15420,2851.0306776428693
P15421,2745.2225329091766
P15425,3159.920707707927
P15435,3366.0208241340165
P15437,3897.8564202745847
P15445,3650.0793403334787
P15448,2242.609010258717
P15508,6513.399870457624
P15510,5047.812784869388
P15533,2134.643855617743
P15538,2906.8823580762873
P15704,2788.5579643467822
P15729,2651.9813665559727
P15745,164437.35971759897
P15789,2932.2381922245177
P15830,1513.6057964502154
P15857,2656.2703600443633
P15860,1663.4695219355099
P15942,2793.2009428987867
P15946,3340.688832986316
P15950,2723.4762240904706
P15965,1964.253181664926
P15969,2481.049111853069
P15973,2458.2691879965064
P16079,1544.523997753133
P16155,131679.9566971006
P16156,129320.69847834817
P16157,142494.80310732176
P16160,2233.6992863100886
P16182,1485.059296063187
P16213,7565.895774467094
P16228,1235.2706769148842
P16355,1837.244800564975
P16371,2748.9845570368257
P16381,1722.9655437327503
P16382,1920.8061431407523
P16383,1893.85124150203
P16384,1802.6865637440703
P16387,2195.8378364584887
P16388,2067.848925497255
P16390,1515.8256110478594
P16429,1697.6433302070177
P16446,1694.4084533337675
P16470,1475.4180482476486
P16471,1950.378887562541
P16473,1517.2345157326674
P16475,2018.667019721144
P16479,2391.5850645440946
P16481,2629.6274281479737
P16513,1699.6141921534024
P16514,2549.260394721818
P16561,1873.4610745382172
P16597,2352.700466570105
P16598,2829.6143948991344
P16615,1821.1051370916077
P16628,2617.4146545558683
P16675,2153.4336123896737
P16884,2469.2731213781767
P16892,1825.8109428987095
P17003,3102.539150095793
P17008,2449.8141679262026
P17151,1596.3247933172663
P17152,1649.511948264906
P17180,2375.714175789965
P17220,2240.910053448105
P17224,2164.5681064885057
P17226,3438.633030119257
P17266,1908.13540469884
P17318,2586.788318255792
P17441,2440.2792692956427
P17443,2039.6634151833107
P17450,2212.2293315056136
P17497,3407.456500063075
P17506,3856.995632159325
P17515,4745.697415444518
P17528,1776.6899807946095
P17529,1858.3844689986988
P17904,2123.2275597446046
P17933,4217.894699589026
P18187,3207.805852080133
P18265,2217.502676563317
P18314,3311.278111316992
P18322,2109.6989994474498
P18325,2074.2408246124264
P18334,2521.6673875369615
P18354,1849.1579250686655
P18421,3717.5203166208894
P18435,3231.720998521014
P18505,2070.5413394786306
P18588,2163.7618314568967
P18593,2533.109878114775
P18618,1810.1000507293675
P18766,1631.112685741001
P18847,2459.1197787325855
P18871,2018.654929250572
P19146,2995.7502763555876
P19147,2780.6258829150192
P19263,2037.1184879121317
P19285,1838.2910159923495
P19372,2774.2899883944474
P19374,2017.603712682023
P19429,2632.902611880696
P19688,89505.71568189372
P19689,1750.0726351320168
P19692,2918.5127996125816
P19705,1853.3616374286848
P19707,1810.1279649157495
P19708,3497.530272688492
P19712,1446.110342999721
P20126,1971.3155546741682
P20128,1399.9437997862606
P20133,1419.0769398563843
P20134,1921.2217431940949
P20250,1864.1092393448614
P20357,2419.4111409625607
P20367,4429.45983268328
P20369,4509.395947438577
P20375,4074.363433526522
P20419,2224.9324732787522
P20902,2183.7940068310627
P20980,1436.9087951547458
P21063,1906.5422850773139
P21093,2481.549600732251
P21099,2440.691533459058
P21153,1823.2454969845387
P21188,1612.355130547342
P21190,1574.3285514910335
P21191,1818.5000557315109
P21286,2136.6607821079106
P21377,3867.7119904880346
P21380,2346.252876611537
P21399,2798.8767884288536
P21645,2075.7278836417495
P21647,2376.315631023866
P21774,3309.1273723714053
P21838,2603.5178602920078
P21870,2632.6371620503173
P21899,3304.0762766009825
P21900,2396.409587655753
P21901,2347.178513039424
P21902,2830.273453090057
P21903,2525.5635728225457
P21905,2527.8224641586985
P21912,3590.8421870991906
P21916,2248.3409553046827
P21918,2608.9906299682384
P21922,3403.46415699094
P21923,2307.091668654345
P21926,1854.8991643299644
P21927,2154.096403794225
P21957,2687.1351689653648
P22034,2816.9515948725107
P22656,3362.9086009359025
P22658,1668.1507540566347
P22673,1988.219790222223
P22679,1767.911177424663
P22680,2104.311352169569
P22681,1875.8428239051407
P22683,1634.830893398023
P22684,1652.8954818932039
P22687,2054.902541050364
P22688,2201.438738862899
P22897,12096.766752523867
P23151,2087.411263034234
P23154,2132.6007419350813
P23156,2165.2563911056004
P23241,2281.0747215545257
P23261,2882.2357827365863
P23328,1838.4454465087495
P23444,2486.5944741006556
P23521,2022.3738648024353
P23550,2906.2505324182166
P23720,2499.3227347584093
P23733,2414.791605373249
P23839,2121.079287554571
P23861,2443.154936369041
P23931,2773.15742602954
P24016,1600.9748525917691
P24132,2660.420036901139
P24351,2226.391803746989
P24493,1879.8289522986622
P24551,2201.883973985943
P24747,2143.1508972626284
P24748,1797.1298370612737
P24758,2220.24845327384
P24789,3384.4666095267553
P24831,1958.2228054935651
P24870,2354.1911131688153
P24906,2080.7430247525617
P24911,2024.9705870917987
P24922,1959.847914042695
P24957,1695.8698101728567
P25015,6458.442917752158
P25074,2743.966367516949
P25148,2075.238962931326
P25154,2241.470892383906
P25191,2169.5548221021836
P25225,1861.673875082443
P25279,1436.6896819983012
P25419,1718.1763187477247
P25423,2031.4366763558085
P25425,1901.666871717583
P25426,1702.2713720334384
P25485,2448.9416995651723
P25487,2502.1401808640435
P25502,3639.061045712475
P25691,2275.4492285598008
P25693,3361.789023789862
P25979,1700.942582849511
P26047,2239.645891801708
P26383,1866.285807242713
P26393,1658.0425576089597
P26439,2835.740420643954
P26461,2207.9024510126123
P26540,186977.0457728211
P26574,3668.7380581127973
P26684,1697.5011148040455
P26726,1762.5137157851077
P26729,2246.831548274289
P26732,1285.5534655933
P26734,1711.161184598189
P26778,1824.2888761422982
P26807,2096.1425566139446
P26863,2472.861991041301
P26973,2859.531473403675
P27048,1753.3561791802808
P27153,2331.6133040763707
P27174,2478.897403704454
P27212,2264.4284073862873
P27218,2039.175564273215
P27229,2731.7280994851085
P27241,4949.230292833541
P27242,2773.5102703806533
P27295,2870.502804390805
P27296,2655.998818878955
P27299,2714.1781813845355
P27340,2246.914844066605
P27410,2124.7280547892633
P27414,1937.0957517887489
P27416,2015.0701871961046
P27504,2146.609133152574
P27508,2741.6765030671527
P27516,3078.7567278221454
P27517,3231.965994769207
P27518,3100.1187946474165
P27519,2490.9473731348335
P27523,2166.5935455640943
P27545,2297.4565802311495
P27547,2788.7533930966924
P27553,2837.4528062231207
P27555,2590.5938248798043
P27560,2820.0123002177106
P27561,2839.1502035824124
P27566,2117.3899975910485
P27577,2284.248625939189
P27580,2335.3752179150756
P27586,2590.485879973315
P27587,2545.1094307691387
P27590,2543.617506536768
P27598,3712.0023578055684
P27600,3521.682969528779
P27607,2857.300912746167
P27609,2691.374817776826
P27620,2548.581081775812
P27627,1723.4578160748883
P27628,2405.8458874777943
P27645,14187.290051957007
P27648,3139.1424327886607
P27649,3899.522946428085
P27723,2317.8256339321492
P27734,2144.825688548327
P27801,2612.3380424396564
P28236,264320.3442545912
P28239,2778.5697974599875
P28241,14620.096339101487
P28242,8851.128272883483
P28246,2077.790990730966
P28253,2296.878025272063
P28254,2268.6184912841723
P28257,2646.168947873161
P28302,1613.9262722042124
P28303,1841.8902678262016
P28304,1313.9939631934135
P28389,2643.8415151026497
P28416,2313.3685201651797
P28472,2199.1169504542922
P28488,5776.511506803724
P28526,2110.246265496026
P28541,2274.239173764972
P28707,7922.4530040092795
P28714,2932.488428167027
P28732,2667.1062802715137
P28740,2080.764423167636
P28776,3959.5924767565634
P28859,2191.509164876334
P28862,2466.9953015466604
P28877,2073.3478648584946
P28878,2051.4206392682004
P28882,2905.38635474959
P28883,2258.8016692182964
P28884,2229.202121746752
P28885,119349.74469971618
P28886,119186.96704168228
P28894,1987.1642968312412
P28895,2282.728065120269
P28898,2273.98497977627
P28900,2330.345749819183
P28902,2291.8511797275755
P28905,2330.896751445006
P28908,129593.15444685481
P28912,2401.5418839548033
P28919,2988.6786096510787
P28931,2123.133858467728
P28935,2161.374281796627
P28937,2605.7150978311042
P28945,2158.8719063786784
P28946,2272.62422993178
P28947,2241.65800205697
P28948,2467.580593356629
P28951,2275.7574173720013
P28952,2177.7801702985466
P28953,2089.179535973661
P28955,2773.9241999072865
P28961,3788.1293435226357
P28963,3101.487222362003
P29034,2116.860648960771
P29041,2711.9847683436697
P29043,3045.974085815745
P29047,2565.17199251907
P29064,2129.979891753363
P29066,2164.1304835109504
P29073,2795.3660987904927
P29083,3596.940021306069
P29087,3911.370716628307
P29101,1979.075409936289
P29104,2347.1677422412595
P29106,1894.464289519913
P29107,2343.533097766956
P29173,2069.135907914363
P29193,2073.6784527985706
P29211,1826.364237557017
P29214,2020.2919573142453
P29217,2283.0631385959373
P29244,1843.9036257056018
P29256,1984.0021873719802
P29269,2079.545868173138
P29293,2669.9084209019998
P29295,7296.4560836121245
P29344,2297.2930345528403
P29345,2676.6765390969235
P29393,1965.8191285727
P29432,3379.1381726723635
P29446,4339.451836752033
P29476,3780.4463417973893
P29482,3278.9844037654298
P29490,2864.9706512403445
P29496,2821.85273776794
P29505,2905.0510726492903
P29524,3270.428655523098
P29530,4594.896449253847
P29605,2681.57260350468
P29733,1795.806640673296
P29770,1592.1944362649328
P29778,1753.196373603087
P29793,3036.1753308548327
P29918,199343.8431860537
P29982,2401.600132345635
P30033,2048.585633261164
P30036,1961.23304021705
P30038,2186.068561862503
P30039,1926.4765714709295
P30040,2394.5060711046717
P30043,2124.3806487400752
P30047,2905.4741319467403
P30048,2791.3846088841906
P30049,2882.301140196496
P30096,2132.964478658902
P30261,3818.6027344997474
P30286,2726.9271773748014
P30301,1952.1721511587143
P30331,2272.2414677092615
P30462,2237.348851095571
P30469,2100.9976813133494
P30471,2221.0275008291974
P30474,2028.2964929655116
P30475,1934.9924091583955
P30480,2459.65001346289
P30481,2560.4123563344065
P30485,2248.167274240499
P30487,2516.6634075120223
P30491,2126.009373564786
P30492,3497.865530001487
P30493,2104.223097602454
P30494,2431.319278255322
P30500,2586.4888295732867
P30501,2329.4386753533718
P30506,3082.317710924642
P30653,3777.716301376454
P30746,1897.042926074594
P30776,2790.3169852615356
P30809,2416.8142587334883
P30871,2941.4488523867362
P30880,2878.1713160238096
P31178,3464.281742424986
P31338,1565.9645873565898
P31339,2870.38040733254
P31367,1518.757611514158
P31370,1310.2824830302243
P31444,2072.4434726493423
P31462,2973.3336161128377
P31465,2338.01611286395
P31503,2047.2905037797398
P31612,14186.114941064527
P31636,5267.942284310683
P31638,5020.47820882313
P31643,1683.198900239317
P31648,1689.177519059306
P31715,3434.9066176010824
P31770,1861.9962799045104
P31810,3350.292101439436
P31815,3578.9328030921674
P31816,4594.453827175207
P31818,3739.6616853615674
P31848,2480.286322903495
P31880,2367.039902931478
P31918,252673.70405722852
P31930,3164.2271170408485
P32231,9820.169691096755
P32310,5720.356698183211
P32367,3264.467358474261
P32444,2266.027618358373
P32686,2760.765862350383
P32687,130087.29150320464
P32783,4078.1662924977654
P32925,2311.4230371659933
P33324,2798.5537878221835
P33542,2332.159207276783
P33584,1938.0457748838953
P33807,2029.2711274593169
P33832,2329.771941519582
P33850,2838.0011593291947
P33856,21832.150619007425
P33927,6302.673774740267
P33935,7641.763780982775
P33936,6515.776742331503
P33942,10001.064687026921
P33973,136686.84134188926
P33974,5807.708601749183
P33976,2077.137124700612
P33982,12307.98007432627
P34142,2022.006668183524
P34143,2604.1434081303323
P34145,2197.858272174535
P34146,2016.907117601626
P34147,2224.876636731383
P34148,2208.6406271199085
P34190,2271.774418078533
P34192,2205.255801886931
P34227,2307.04828386734
P34259,2669.9497313077054
P34280,2625.5629197470466
P34281,2576.1003066641138
P34288,2544.9694815221424
P34391,2013.20586057877
P34393,2046.8716442295024
P34394,2094.207795639125
P34396,1971.3858276023193
P34397,1989.301524826369
P34398,2477.4821600202463
P34400,2054.2226198342532
P34401,2051.3100856129167
P34402,1882.8683546935001
P34403,2130.6930470603597
P34404,2567.5587979179204
P34406,112777.1491162696
P34407,112644.06140426247
P34408,2501.621838127234
P34410,2297.518705153355
P34414,2174.1288509596598
P34418,115106.38284708392
P34419,1797.3950014683328
P34421,2217.695496230779
P34422,1996.6248056088664
P34425,2062.061133644213
P34426,2098.1844631122567
P34430,1042.3576216230008
P34432,1057.5857204054525
P34433,2035.2344394607574
P34435,2043.52613373051
P34436,2079.6669458172278
P34437,2740.32214386944
P34438,1833.217787178918
P34440,2299.9638965574377
P34442,1839.8902612589075
P34443,2225.3785726483156
P34452,4382.942872635512
P34454,2527.109506961929
P34455,2326.023747015728
P34456,2816.6901257635045
P34458,182065.2516554489
P34459,160981.46035283897
P34462,2660.285660898654
P34463,139890.52895860226
P34464,2644.7982997660038
P34465,3688.1585034489544
P34466,2623.9016232814392
P34471,2260.4213874921675
P34515,2659.0532226695746
P34516,2097.1927295044447
P34521,2081.3369182811966
P34522,2274.703065301609
P34527,2255.999056268488
P34528,1983.5439928706578
P34529,2566.103335947825
P34562,3353.406181316728
P34629,3221.0094356342156
P34723,3805.49627050939
P34760,218790.8370426118
P34854,2672.91625521395
P34856,2453.391501213174
P34857,2487.785434084382
P34870,3046.0196391726686
P34879,1831.0764181477366
P34889,2327.4164867752093
P34891,2107.623536568909
P34896,2123.365694141538
P34898,2041.642011661916
P34899,2341.341460183867
P34901,1757.580928531698
P34902,1808.8714050755545
P34959,2194.6361183582626
P35002,2377.532789164387
P35040,1005.9105747304997
P35078,546.7347477109759
P35081,659.2219701153327
P35098,2610.320477412295
P35167,2803.4760476868123
P35169,2826.837763473179
P35171,2085.809374827129
P35238,91988.31139498015
P35275,107890.21066732061
P35309,2193.860402275304
P35312,2616.1514786636963
P35313,3116.1978873229955
P35317,2466.0615835059557
P35318,2685.4053838414875
P35321,2924.0479771292007
P35323,6173.088893424947
P35325,3399.222361822561
P35327,2761.5925086414923
P35328,2528.450427126731
P35330,6502.726410984418
P35334,2107.1364142857515
P35335,2196.2565284786465
P35336,2433.717597053149
P35337,1949.8834734513746
P35338,2462.4722922513606
P35340,2570.5869139500687
P35342,2047.8058689581658
P35343,2245.9448331549374
P35344,2415.862884955256
P35345,2230.8956584223383
P35346,7907.198142494892
P35348,2067.238788248694
P35350,15757.825766065464
P35353,7225.910061944813
P35355,7225.115054025442
P35356,7319.764091414534
P35357,7502.405161648222
P35358,9085.60985798388
P35359,8668.442302799254
P35360,9527.679911902285
P35361,6267.193493164737
P35362,1753.9814788700573
P35363,7970.088755267031
P35512,7452.85877149587
P35513,1976.5904858730933
P35514,7146.506018730518
P35515,10386.310187967729
P35516,7391.363593523764
P35518,8229.337008126093
P35644,5012.182567292131
P35972,2800.8671895191296
P35973,144576.68137096617
P35974,138874.35964997322
P35976,2467.9908566226677
P35998,227353.51696765234
P35999,2180.172017438945
P36005,2046.805943135926
P36007,2482.8054907904066
P36008,2282.4258642758023
P36009,2106.5317887571937
P36013,157628.21368266543
P36017,2670.3855878747463
P36039,1459.1368323031654
P36100,2120.840808512179
P36165,2604.104938176872
P36183,2078.7396448842474
P36184,2204.3000661178276
P36199,2269.741019083967
P36232,2319.7210120136424
P36250,1906.8381829585762
P36268,2027.2486901598618
P36281,2436.5408864380256
P36370,3016.074022471229
P36371,3876.941871183625
P36412,3441.1393446981506
P36418,2511.196131969154
P36527,2190.191775565649
P36529,2066.506625845272
P36567,2050.8398570792933
P36636,1848.6201208025063
P36671,8167.925223271445
P36707,7743.340931704282
P36708,8035.472510267314
P36710,7862.44983020983
P36724,4458.295568022412
P36770,3190.1828472094776
P36840,1680.28062093892
P37038,4861.673915973098
P37059,1540.9069010267262
P37114,3732.7918651697796
P37124,2730.372900791558
P37131,3455.9679903788006
P37270,1962.638027275587
P37286,2240.4245787311697
P37290,2538.955807793139
P37291,2449.3767728006897
P37292,2632.5633435702457
P37295,2330.327567864201
P37297,2254.5335968941313
P37298,2475.0989461435083
P37299,142948.61043729007
P37302,1915.0929865812589
P37303,2052.2135200170605
P37304,2251.692882265756
P37305,2308.061946304811
P37306,2529.3734779761726
P37314,156749.32431090722
P37317,179844.78221463697
P37319,2130.827542304497
P37322,2428.8837945059418
P37323,2356.919014286719
P37326,2427.6884577776286
P37328,130869.18943974956
P37329,2584.8271796847757
P37330,3402.8966150324986
P37360,2783.076929888101
P37362,183637.09006006672
P37363,1667.884787387046
P37366,2112.490018916951
P37369,215284.70489062887
P37371,4200.180980823785
P37372,5110.065506777171
P37375,3059.690861841535
P37376,146862.58543420327
P37377,2457.025225697185
P37378,139774.99302010308
P37379,2118.5075796345527
P37381,115411.56968319185
P37460,8448.261538045803
P37513,2938.830294536313
P37562,2885.296568793345
P37563,158177.7639369292
P37564,2896.9884076599647
P37566,3091.097934917556
P37584,133725.20435812674
P37585,2480.6928387616895
P37586,2240.52039005248
P37588,1987.7524406854307
P37589,2024.949866991006
P37590,2316.4772036897757
P37591,2365.077424245244
P37593,2348.685202420498
P37615,2211.9530405102405
P37616,2358.5496402471845
P37618,2580.0699893650753
P37619,2231.847230589793
P37635,155287.5079578329
P37637,2757.095809812072
P37638,2616.1830816956317
P37641,2067.0533457021447
P37642,2275.4950391768257
P37644,2872.1656736452887
P37645,138212.07104106352
P37648,207116.06580665242
P37650,119793.54102026907
P37651,166134.5437507462
P37653,181533.84496299652
P37654,149068.5181062874
P37657,2261.1829453460136
P37658,2330.0444470855987
P37660,2193.985919590541
P37661,2165.8119045030726
P37676,2094.858953457956
P37677,1986.0791732833957
P37680,2384.652517936991
P37681,1985.985481730413
P37682,2397.4025472513567
P37683,1961.5553371984902
P37684,1928.8191888413305
P37687,2167.194750400232
P37689,2250.7797436602377
P37757,2339.984809344871
P37765,2207.0684016535783
P37768,164707.5259079717
P37770,116452.86826463626
P37771,2215.878418127028
P37772,136797.8842335074
P37773,152560.21847954107
P37774,2551.263978100091
P37775,130440.11202939325
P37778,87035.29396028299
P37782,127426.39325987328
P37784,174050.92356186282
P37787,119768.44985101347
P37790,157234.25720366143
P37792,2207.889229262084
P37794,146015.76501895394
P37795,153899.2312327142
P37796,151483.66593858143
P37798,119248.53280704127
P37799,2360.364319974534
P37801,2343.5647233472587
P37802,1778.2006293351214
P37803,2545.859884169362
P37809,3694.863670166201
P37810,182291.28697116862
P37811,1846.7374710560277
P37814,126151.23986679155
P37815,116094.18718364227
P37816,132871.3337145748
P37827,1894.232323254596
P37828,2059.368573756492
P37842,2352.4833009536683
P37843,2239.975110364181
P37849,2064.8870200161914
P37853,1932.1870260697315
P37909,2589.125968216632
P37952,8640.884893030538
P38217,14718.818442454714
P38238,2307.5622943248986
P38329,2242.1680727027597
P38333,2276.515458938582
P38361,3476.452450118518
P38364,3422.2675946921063
P38377,2879.321544358411
P38404,2789.0208216178544
P38469,2841.602987636325
P38470,3040.7874568056745
P38473,3020.2652518966
P38474,2691.5951434849967
P38478,3170.9773092295395
P38504,2271.2216725048047
P38576,2771.6579469167295
P38580,2319.5746233092577
P38644,3788.0261525960987
P38706,3889.686413573548
P38707,3469.2343735940512
P38721,2216.4609783859228
P38732,2898.063099113188
P38736,3238.853176371157
P38738,3172.557793113311
P38746,1947.975077244224
P38748,4191.948534642186
P38749,3220.0974300984535
P38750,3009.037681028613
P38751,3553.2922804044106
P38756,3069.8619459800034
P38758,3253.299381034919
P38765,3551.6732576269806
P38769,2424.9235517077077
P38776,4523.116051362593
P38777,4324.280782417104
P38782,3481.8166211308917
P38797,2036.0044641476275
P38845,1864.9104854270447
P38961,4973.753576173027
P38986,2387.0614889501226
P38987,3346.822941856054
P39061,2126.9234515083167
P39141,84452.18437744735
P39146,2396.2869288950606
P39153,3754.1611483371103
P39161,2669.1233265686606
P39162,2791.897821542821
P39285,1930.299303247747
P39445,4517.817478729078
P39535,8663.988311703182
P39600,1871.094963285554
P39620,2212.3046962798685
P39633,2397.585335163812
P39645,3168.0293353320776
P39646,3026.1634160056665
P39647,3207.8302646367943
P39748,2423.9750913456046
P39753,1883.693437320898
P39764,141866.12287511086
P39777,2048.6851157910664
P39781,2025.4704617064767
P39786,2335.041484412558
P39787,2141.3622386050806
P39797,2858.5738120286346
P39798,1680.9892748475506
P39806,1653.1016888544254
P39809,2749.282767161203
P39812,2514.3870729446057
P39813,2179.48845601356
P39818,1571.3600706496202
P39820,1680.0051643907266
P39824,1934.7634259432361
P39834,2352.7796092567096
P39835,1968.077062366672
P39836,2696.9701673309787
P39841,2542.219399902074
P39844,3146.6334800570853
P39863,1981.9617518067998
P39928,3266.051101947537
P39937,9115.102390588816
P39940,7553.747009913365
P39943,2366.6903584437714
P39944,2064.0837505429436
P39945,2217.5170649430233
P39949,6910.48146796707
P39951,6702.629011480162
P39968,8313.451081687752
P39976,8220.798520670014
P39978,8506.638211935306
P39980,9303.40837080673
P39982,9229.074721790885
P39984,7516.123096395618
P39988,9725.993512282486
P39990,1852.3495129548576
P39992,2255.057550840253
P39994,1746.6503224525397
P39996,1865.6828123445077
P39997,2125.42312564709
P39998,1902.0497705278544
P40000,2305.7472637664614
P40002,2505.1286146074676
P40007,1777.217579414686
P40008,2091.56763037756
P40010,2090.3783062970438
P40012,1644.8230893667726
P40018,2255.19851213725
P40019,6549.122208797436
P40103,2103.161034280512
P40104,2277.13619150126
P40105,1816.6609462458773
P40107,1971.5502310798436
P40108,1918.809572404558
P40109,2263.587083069143
P40112,2721.5742888216487
P40114,3820.2892857358897
P40116,2414.4475967384637
P40117,1972.5232891545797
P40118,4598.939244275625
P40122,2195.8449021427714
P40124,1780.7556762616096
P40126,1978.6452361537047
P40127,6370.5682453335
P40131,2039.2869389677726
P40132,2886.0366775186935
P40134,2678.9213555139313
P40135,2996.649835861432
P40137,125959.5359877594
P40138,3061.456831253146
P40140,2124.8021918386935
P40142,2999.903206659113
P40143,4836.593052056014
P40144,3086.9227001633135
P40145,2750.056346280099
P40146,2823.4644198346405
P40148,4500.486920634826
P40150,5150.737298588217
P40158,3988.520986543941
P40159,11119.671640530638
P40160,3100.3926337827347
P40161,8712.371940470317
P40162,137133.4484395809
P40163,137653.7264270841
P40165,3829.683241541908
P40166,2760.7917905997197
P40167,3519.578505423294
P40170,2702.9971481563357
P40171,3817.0646378591196
P40172,2739.9338373993105
P40173,3160.979541980072
P40174,3352.435346207437
P40177,4522.896895184686
P40178,4602.8155934284705
P40179,4175.734717587243
P40181,4404.756249171591
P40182,3850.260499485595
P40183,4704.499198385306
P40190,3711.5379681819577
P40196,2429.0833109008036
P40198,2299.057051247359
P40199,2456.5291339375062
P40201,2321.2111012346645
P40203,2909.2030359652767
P40206,2320.2490969111755
P40218,2084.1347487742937
P40219,2118.168543131577
P40220,2113.247254157556
P40221,2060.0426798818125
P40223,1881.0508156502992
P40224,1978.9607339017136
P40226,2606.7730140343747
P40228,3034.3863451270718
P40229,2563.26313282923
P40230,2606.1605317076865
P40232,2588.3877134118943
P40234,2231.499104624484
P40236,2143.3231051764246
P40237,2173.0536611522043
P40238,2155.90713556588
P40240,209991.75651672436
P40241,4700.95096150363
P40243,3953.4348707171766
P40244,2956.5439655514765
P40245,3356.0372555823787
P40246,184220.5938747723
P40248,4011.585087522731
P40249,110530.77848523854
P40251,1850.4375967452788
P40252,94268.4045839566
P40253,2053.690715432862
P40254,2370.4424430397735
P40255,2344.261458398034
P40256,2495.002281511934
P40257,4154.9849886720895
P40258,2530.428351317845
P40259,2528.253723024151
P40261,156251.37442691452
P40262,2466.978376198182
P40264,2536.2632626430063
P40265,2549.680022202982
P40268,2649.2722692310263
P40271,2650.0227285304572
P40273,2260.1952759930105
P40274,171877.05928741014
P40275,182460.20783675445
P40276,2850.2572613069456
P40277,3763.9610713478846
P40278,142022.0149397569
P40281,2729.229846398567
P40282,2699.21502781628
P40283,139948.675953997
P40284,2531.0854156044998
P40285,2380.663886039584
P40289,1905.2908618298443
P40291,1684.6989977356043
P40293,1888.9252742196736
P40294,1855.0887962837537
P40295,1893.087581339883
P40297,1656.9139360631893
P40298,2809.1686671520188
P40324,1944.2990208059136
P40325,1933.256354824814
P40326,1628.5217474824572
P40328,1864.0074569550422
P40329,2012.3451813879428
P40331,2154.7703885902656
P40332,1670.966591747176
P40333,2076.468665980769
P40334,2028.7721343624069
P40335,1889.4447019603294
P40336,1214.8766242799666
P40339,1469.3519968346
P40341,2324.6710415581215
P40343,2643.4795917063416
P40345,2148.5676077182156
P40346,2153.208796317719
P40348,2025.9954024205472
P40349,1915.405105408293
P40352,1625.0098251383083
P40358,1848.8549347917535
P40361,1705.4407449299072
P40363,1605.6047067954507
P40365,1845.6990069031565
P40366,1730.5956597103032
P40368,1566.1134495346337
P40370,1793.457804637091
P40371,1530.7306156809093
P40373,2147.7010685229907
P40374,2240.5408808210123
P40375,1792.9340629753328
P40376,1857.4095776257352
P40377,1785.241685382373
P40379,1843.4830470471177
P40381,1715.419501844318
P40383,1543.6904443005772
P40384,1444.8709756884007
P40385,1994.6493907403728
P40386,1928.7647926729592
P40387,1555.353715845945
P40556,3162.1568279334115
P40563,2814.9306144278094
P40601,3804.629385652501
P40618,3289.0052450371213
P40627,4384.735157101315
P40657,2363.075465715721
P40658,2246.285600385605
P40659,4434.464936721845
P40660,3709.8099639618936
P40662,2903.48012455469
P40667,2690.8927028230455
P40668,3152.272173518585
P40669,3199.4119107515157
P40672,2906.404467074691
P40673,3266.2230557030234
P40674,2787.157925314054
P40675,3899.0634982859638
P40677,3087.816028278837
P40688,2647.825015236734
P40690,2367.5345339903347
P40693,2691.757688908473
P40694,2716.241185417483
P40697,2208.3029936983207
P40698,1777.6290318142878
P40700,3944.179239433158
P40701,2562.1954255294268
P40702,2420.4399073167874
P40703,2743.9577332780495
P40705,2542.9164042859475
P40706,2375.533703452884
P40707,120168.14636688975
P40708,115393.05099778413
P40709,2450.5995628898945
P40711,2398.331807161825
P40714,2357.404456587877
P40716,2181.8346452048127
P40719,5956.81825764749
P40720,2858.962577553378
P40721,2571.6115713057284
P40724,4239.908031077908
P40726,2969.007387893026
P40727,3150.567966061607
P40729,2580.9453799438875
P40730,2560.386854848718
P40731,142715.85276703176
P40732,4453.121785694434
P40733,214316.00102843595
P40747,2731.004643670462
P40749,2145.1817636777687
P40757,1890.5769654804565
P40758,2067.189885900539
P40759,2224.6818164225956
P40760,1695.028607880297
P40763,1368.576669021654
P40775,1587.084710176731
P40776,1908.1894285272135
P40808,172146.11090558363
P40864,3741.750895368849
P40880,2544.8573331852385
P40881,2764.6650007009093
P40890,2744.054853383786
P40914,1945.22697160471
P40915,1886.784400915015
P40929,2342.5028712322433
P40955,4006.1002177197543
P40966,7817.215665994379
P40967,8435.760285464397
P40968,10620.873067876742
P40978,2142.768543748392
P41086,16540.005224638124
P41090,9216.991796190345
P41156,3079.520124670027
P41185,3598.725874652871
P41232,110282.89929234138
P41234,7901.489552519522
P41235,8975.485121474514
P41240,2315.7503954791387
P41241,2316.685144179813
P41243,2350.470835025938
P41246,2160.8683052284714
P41249,2158.6545021013058
P41262,2146.987412198115
P41330,1803.3802537964657
P41331,1939.5125306051689
P41334,6059.953773267945
P41335,6773.925864120816
P41336,2154.0407355658463
P41338,2070.1739950846654
P41340,2909.429941371695
P41343,2569.3568019211048
P41344,2409.2029340917175
P41345,2283.3997711453444
P41347,85617.41395663249
P41348,2417.1047994029636
P41354,2314.555196911799
P41356,99399.72232129355
P41357,2443.5091129843754
P41359,2156.517611933031
P41360,1968.5823215696948
P41361,1518.848280346564
P41362,69557.60245589381
P41374,6725.046568745743
P41375,12632.813947107366
P41377,6885.615233582659
P41382,9858.565592783036
P41408,3460.476314797173
P41429,1581.5502511201364
P41434,2235.109533968273
P41437,1584.1939167996518
P41439,2505.106804227534
P41442,2467.830156459813
P41470,3993.1935508080574
P41535,3092.0007368335714
P41593,3372.0461838440046
P41596,2749.676410230453
P41613,2194.6004905035693
P41715,2951.3999877709357
P41741,2403.2991830268793
P41756,2153.2087482638626
P41764,2347.749486994509
P41769,2504.3152732960216
P41812,2931.200863017336
P41816,2274.6625844238115
P41830,3827.4124232061226
P41849,2368.3200973410576
P41851,2258.33458499144
P41866,2409.9004041838216
P41872,2331.664107450611
P41873,2910.074768589976
P41875,2823.6079000179197
P41876,2299.9458705707098
P41878,2570.9826231405095
P41890,2545.801769805465
P41893,2838.1323502376445
P41925,2488.661558484355
P41926,1893.5783001117834
P41929,2156.9009117518067
P41930,2212.7600620156295
P41932,2586.467489870736
P41935,2277.362419301943
P41937,2582.91131014454
P41939,2401.350099186164
P41940,2109.4196212509473
P41941,2456.4604102039298
P41947,2468.908906086336
P41949,2379.4920915286425
P41950,2266.36614106002
P41951,2733.293944613033
P41953,3276.4002722200644
P41963,2494.1535095131985
P41965,2335.5176029023364
P41967,2300.356862514901
P41968,2339.1162605362515
P41971,2464.1437131434814
P41973,2295.4508006153637
P41977,2336.1347727710713
P42030,3336.894683231705
P42046,2560.5263827801236
P42100,108165.66674232893
P42104,7300.856696817001
P42235,145201.29047877318
P42300,2262.299892812482
P42329,2162.2804908124704
P42354,2305.2961168491775
P42418,2524.734239914614
P42430,2225.855722389074
P42432,126619.71381683377
P42434,3113.4605502225586
P42437,1831.6556754983096
P42439,2910.524947003274
P42444,3617.6982180730006
P42445,4504.892767402005
P42446,1908.289806578671
P42448,5099.101504856991
P42458,5203.054457768382
P42459,2790.4580590036326
P42460,6291.329728549299
P42461,3882.94432557565
P42463,4626.080403950392
P42470,4067.7467054873614
P42480,2570.6972795844777
P42488,2352.105725219426
P42489,2599.4449384757445
P42491,8676.033236712163
P42493,2442.521187689023
P42503,2718.5012864496252
P42508,2074.086178973816
P42514,2450.009181126015
P42521,2452.896469931912
P42523,2686.9637712821827
P42528,3117.718833738344
P42530,2778.6900314860486
P42531,2809.1768481239487
P42533,2897.047598648091
P42536,2991.0924790346107
P42537,3413.3567492035754
P42538,3264.2343909808133
P42545,2265.8108830476463
P42554,2475.1121108039993
P42556,3633.8769705803716
P42558,2204.838386699641
P42559,2806.7322836575513
P42560,3063.2241579822944
P42562,3553.2415882561068
P42570,2392.003327331601
P42575,3477.3265305796317
P42578,2649.7011858817496
P42586,3325.010534214355
P42706,3341.2443364138717
P42721,7475.269302158592
P42793,2648.551588683859
P42794,2052.3848358795694
P42796,142268.99835934278
P42822,2211.6297147550363
P42824,2200.6915975202755
P42855,2117.8568577294677
P42869,2207.773865616788
P43033,2910.16131032473
P43065,141330.08164740514
P43090,6763.750622393781
P43132,4982.849669943563
P43186,1926.2912855618908
P43187,95042.84509508095
P43391,2664.45111521726
P43480,3083.8194254490268
P43517,41918.15369052779
P43639,73401.11887942912
P43710,4001.3470847928706
P43804,13576.498863258674
P43808,3030.1841138913555
P43824,3003.7561669816264
P43849,2745.724512596218
P43850,2760.332570937503
P43906,5129.1338403817035
P43909,4403.373592331253
P43916,16741.932886710023
P43943,2629.8159170070767
P43946,2506.091569126904
P43979,3709.1839505558282
P43989,2612.5263591536273
P44020,3387.4991796214276
P44024,2474.321163932887
P44027,2675.2612135532654
P01033,1654.6497379217303
P01063,3077.7303109474765
P01079,1713.3235449907356
P01106,3313.191902784764
P01156,5605.380697577594
P01162,1767.0593485087736
P01197,2347.0371992170863
P01206,1793.1168070036329
P01239,2304.1701815326865
P01303,3781.387940331741
P01314,2255.89173868463
P01315,2897.3063476645375
P01332,6513.93185105537
P01379,3895.0647430396766
P01443,4219.328755331534
P01463,2080.6924931895715
P01502,3262.8306010165675
P01510,1918.8746642881913
P01576,1939.1264652149005
P01623,2643.8996479890484
P01626,4599.062336645421
P01637,1998.691144194411
P01638,4311.40342824441
P01648,3099.7572056733597
P01664,5672.426140898681
P01667,4142.458559281172
P01718,1731.8939364386354
P01741,4410.9005450497525
P01749,2076.9311049861485
P01753,1999.1191401742915
P01757,1924.8021890727919
P01766,1414.3465304109643
P01770,1731.0208082975803
P01776,3229.384271168731
P01812,11151.339869807296
P01816,2742.8060067205365
P01841,6120.5485985108
P01844,5686.887369698314
P01859,1837.577581324145
P01860,6595.845378959762
P01879,3308.0275316229936
P01889,1048.7251091814146
P01918,4591.685085637735
P01923,4738.321010829241
P01934,1858.9894230627094
P01962,3227.373592877439
P01981,4400.316493531333
P01999,3332.025573586281
P02025,1783.0667453833557
P02037,1845.2004038067932
P02040,3208.192165722696
P02053,1554.7868870732816
P02075,3597.43659680642
P02077,7244.658614017206
P02095,31118.69030632085
P02124,4529.384737335724
P02152,7049.676269301466
P02159,3016.416010252707
P02165,11740.815924841823
P02178,2283.499464130544
P02206,1852.5031387838822
P02228,5557.364753142868
P02232,5163.407009895178
P02241,1901.276836371593
P02284,3105.3443493540085
P02285,3905.978944008789
P02408,1360.662537275796
P02423,2429.1452569843364
P02435,4850.474454269495
P02442,6327.952867730677
P02459,2186.0303345104135
P02508,2008.6349809534538
P02521,4401.2476473840725
P02535,1593.3525493266357
P02536,2000.7453131070124
P02541,4334.530150596958
P02546,3971.6564618369794
P02580,3465.803488687023
P02586,1163.6503782175805
P02685,1998.0512764966982
P02689,5100.892344539327
P02805,1548.7866006613947
P02808,2446.2852887693025
P02812,4798.479679764989
P02852,2131.1368153988037
P02863,3136.8671902129154
P02886,10621.447246237383
P02887,11246.32967635789
P02888,1265.7793808645988
P02913,2007.9185162100594
P02921,2084.1310332328053
P02923,2325.782376154697
P02978,14252.364731345684
P02982,3240.1886837118723
P03028,4986.2444875573765
P03068,2049.089731090791
P03070,2378.9221992674456
P03157,3028.2398513691846
P03178,3509.5729087088675
P03201,3033.6932796561546
P03213,2438.262206758273
P03225,787.1820824815408
P03332,14862.105117993739
P03337,3753.845201647233
P03343,2992.7894876187634
P03352,3834.2673662940033
P03369,4188.473421752079
P03439,1858.5822247688939
P03444,3727.7825359234416
P03452,2930.1425513585355
P03458,2050.3285482784045
P03459,3491.623362097675
P03461,3824.6425489748285
P03462,2026.867438964056
P03463,2243.969016286987
P03578,2160.959640102814
P03602,2726.58138518762
P03628,6439.756307572223
P03631,2064.9534316323698
P03654,3288.5447641084093
P03675,2033.463951808029
P03684,2651.133574698571
P03696,4090.9004623108667
P03724,5568.616136266732
P03751,2637.410125756736
P03772,4840.053912739385
P03786,6716.136410099428
P03808,2766.560121045634
P03809,2646.19305878727
P03815,4539.865776514292
P03908,2483.506735275684
P03923,3469.4263383645207
P03933,1478.040022624412
P03934,3567.1034225832045
P03935,2098.071388652004
P03979,2307.2910572482915
P04044,3863.69076581248
P04051,7544.018189048028
P04070,2856.6337493062497
P04101,3128.0998390612795
P04108,2197.471081802813
P04127,4358.383020858729
P04133,4292.587438740789
P04143,5397.035347268485
P04161,5453.418035121754
P04164,6669.857954881135
P04169,6579.835296153312
P04213,6713.352592950383
P04251,2535.0418492531694
P04273,4720.927168128775
P04285,6418.83802817471
P04291,5309.108920663755
P04329,23446.145492183674
P04334,3359.767335996793
P04386,6903.980936251503
P04387,2343.6114088852664
P04393,4020.6920330105877
P04394,4840.277147907541
P04396,3008.3287250300714
P04398,2623.9030086220664
P04403,7190.846719717314
P04408,3999.3282958633117
P04421,2479.178519163066
P04434,4976.385732502976
P04466,5315.343450226028
P04525,3272.8392172306644
P04531,4117.7452528877075
P04560,2802.4135013339064
P04564,4352.998913170432
P04567,4085.9769503312777
P04570,3560.646257029354
P04598,1130.2139959025897
P04599,1618.2469471282177
P04689,5447.898721144082
P04690,5636.301855603284
P04691,3185.3746007750556
P04697,1682.044655411151
P04700,1650.2712639643316
P04736,2235.305374907365
P04758,4490.802029094814
P04771,1813.1799726255929
P04830,4397.967729816739
P04831,3997.701879689893
P04834,4221.434942671342
P04836,4194.789325283938
P04873,3889.9265506724055
P04900,4737.075573262583
P04901,5662.834009322412
P04909,2833.1886317031685
P04924,533.9403129839073
P04960,3918.3548811051583
P04964,2839.408325598953
P04966,2205.943032029018
P04970,6283.289347185249
P05039,2301.886229330522
P05049,4268.459502205224
P05059,1447.135495181033
P05081,3001.1896594602863
P05097,3657.230533488049
P05098,3782.389880778971
P05099,2852.888084435498
P05107,3279.681385077966
P05109,4872.1283475545815
P05112,3279.650388425523
P05113,3183.3630283116354
P05114,3632.8456339275685
P05136,5186.747992247829
P05138,5523.162058848545
P05141,3079.640723075423
P05142,7699.244548875582
P05143,9290.726696926893
P05148,2924.638490744688
P05149,2916.2148370633763
P05156,1918.2086882450635
P05258,1685.8247926650001
P05283,2081.2982609230207
P05284,4374.654630999502
P05286,2024.5975335660958
P05288,3915.0690150925807
P05291,1963.5088162399124
P05292,1924.2298631721928
P05302,1270.58807641314
P05362,5319.09978421217
P05392,5456.138834650711
P05394,2942.9396712275575
P05408,2272.0219887204207
P05441,2454.7145760295257
P05443,2962.596781396445
P05455,2455.7760673879843
P05460,2581.389403987637
P05537,1375.7922846565498
P05556,3693.9403528133475
P05558,3798.123835488313
P05704,2957.8434241279474
P05705,3659.7191108677516
P05712,1980.4823827652726
P05716,1609.4909593008038
P05762,6822.097691602195
P05768,3736.234975551895
P05797,2393.418234416587
P05801,2209.733636856629
P05805,3061.454038045494
P05812,4043.944338953162
P05838,4053.2616539835585
P05864,4668.3432475653
P05907,5741.902993797522
P05944,2354.8693994272267
P05949,3912.9439586926756
P05951,5359.986551151024
P05968,6852.357126168328
P05977,6756.451420608312
P06069,6687.009485197774
P06079,9647.209676897231
P06086,2700.047161056259
P06087,2191.5591829652913
P06088,2135.9169980653082
P06145,7968.011968448599
P06151,2003.5335844122535
P06159,4636.940865612097
P06170,7136.766695810097
P06171,2815.22350344134
P06187,3279.839181258223
P06201,3004.940391892676
P06230,13324.923845699146
P06236,3386.4744683431845
P06273,4194.715168469754
P06343,5468.140481065408
P06344,6468.381656860627
P06352,2301.066570823372
P06376,75859.15968852783
P06378,28160.229743642252
P06379,3799.4241996310534
P06380,20134.817558920357
P06383,102508.79742420951
P06385,3528.2301274386214
P06386,3619.255618804403
P06387,3419.712578542004
P06388,3236.0643213584667
P06399,4204.9830998984835
P06402,33276.71088849222
P06403,58706.1097705097
P06404,12788.985401743377
P06405,20604.53108659535
P06408,16488.789144208913
P06411,3011.1565826954056
P06413,4638.415838655295
P06416,4541.57534880561
P06418,3993.829324186811
P06420,4423.19459312636
P06421,4883.217346033713
P06423,5017.737550846819
P06428,4346.406601468984
P06430,5931.787912164422
P06447,4869.352832177011
P06448,4933.369360033395
P06573,8273.129119942723
P06870,3796.6205790875556
P07133,19724.757780808635
P07139,26438.77571744501
P07154,399228.033289459
P07158,109729.17801981229
P07159,21150.044725943822
P07160,44225.600122370735
P07257,40862.0497870328
P07259,24489.256175089617
P07293,15912.203654662122
P07294,25306.993628139055
P07298,5166.359705818998
P07299,6095.911644522739
P07506,3297.1287652210553
P07544,69628.801643706
P07546,70144.5036867059
P07547,4972.176584750648
P07555,65070.43701735617
P07556,2663.6252589010646
P07559,65537.2848242006
P07568,24366.85724836797
P07573,83728.25245911586
P07576,41704.06030908492
P07578,17138.341710640485
P07580,5036.418423314121
P07583,2657.533609635982
P07589,58373.56811582416
P07590,78227.12650417797
P07595,24231.722193684916
P07598,4312.115154886603
P07599,74625.49920552193
P07600,80509.9365592175
P07601,64087.66041211139
P07617,3721.407967276193
P07619,91950.02702114485
P07623,71942.0352767405
P07625,108158.66261997052
P07627,19693.451514616707
P07633,21528.24333467678
P07640,3192.2764000503093
P07641,19466.54274017304
P07645,52508.672495095874
P07646,20316.178732541644
P07655,2222.756288005611
P07656,16781.957331540107
P07657,3252.625109011158
P07683,77159.80078946268
P07684,79569.05666790652
P07692,3459.920439269652
P07694,4291.51335182982
P07696,3361.9717963416306
P07698,2750.5809790685657
P07702,3221.5061397873847
P07708,46853.213904874494
P07709,83128.35544919527
P07776,2631.1009037539543
P07777,2697.4349141693856
P07778,2544.673961496226
P07780,61468.58899882472
P07783,2721.2487188741234
P07784,42530.202493412056
P07790,2387.058562922963
P07994,2532.16214244781
P07996,2133.799444262785
P07997,3870.5811626345894
P07998,5772.101027011905
P08000,19899.055501714996
P08005,2369.405815358151
P08006,21227.719968431396
P08009,12240.159009342991
P08012,14182.696710240745
P08014,15838.978857780992
P08171,18917.683640985968
P08172,16012.781991870852
P08181,53174.92301885917
P08187,62124.54921146551
P08188,2904.7866867603316
P08189,58098.72667028954
P08191,3172.2043151260277
P08194,3554.979339256571
P08196,3292.1733524520187
P08200,60238.91980559925
P08201,55446.723891574875
P08203,5095.026258945744
P08217,3345.5484775897444
P08222,3528.109240487658
P08225,3166.2607639790253
P08241,90530.69293072085
P08242,2361.140829648674
P08243,3881.051378078646
P08281,17280.37157386734
P08320,2597.565906001625
P08322,67074.1484663977
P08338,53771.61554957127
P08340,57644.05647222986
P08344,2843.2068485939176
P08346,3069.0236766964235
P08348,2171.5885700527933
P08350,2678.3190193587566
P08353,43293.452752825586
P08356,12005.319821623427
P08357,2523.6064417463976
P08359,32300.54934033987
P08363,2523.0032364628046
P08364,2486.771643610949
P08365,2971.4148782254724
P08367,2683.2676171615353
P08368,13038.82534089565
P08369,2089.550934342425
P08374,41249.32798319538
P08379,12347.716911990485
P08380,12657.75627732531
P08383,3038.4161835322698
P08387,13297.049964460719
P08388,14019.35485570476
P08390,14548.684800574327
P08392,14905.897236230217
P08396,1998.881851225772
P08399,45431.28943592458
P08400,2626.830364966932
P08401,2628.884396876684
P08404,44128.130133465434
P08405,2400.203886354087
P08406,2470.1688091573806
P08408,2704.8524115805553
P08411,18444.693611906383
P08412,17311.494244540943
P08446,57472.707087658855
P08448,30074.428377305878
P08450,44943.034100889854
P08463,3593.9184329071377
P08476,2555.327445402593
P08481,2427.353711659076
P08489,2625.4327101160957
P08501,2935.1783389834004
P08502,2279.888376126028
P08524,3028.176574757263
P08526,2205.2809988951894
P08527,2506.3438525983347
P08587,3262.598868868251
P08593,50722.94536580376
P08602,2596.5962988806336
P08604,30528.982169330477
P08609,19973.364555477656
P08615,44214.256458999844
P08616,56273.53138284605
P08617,60691.14531005341
P08620,101832.99556450912
P08624,3776.194126688094
P08625,3389.39677165312
P08626,20245.108825000756
P08633,2752.765455520727
P08639,3036.262828577981
P08641,58508.87658538318
P08644,74907.5764330579
P08648,64644.47743933701
P08650,3768.203565407001
P08655,2523.4358846426453
P08656,59431.140730146704
P08657,2824.0319457076926
P08659,4707.454854148152
P08660,3579.4318578553416
P08749,3308.246608781144
P08785,2589.1832036161795
P08789,2849.625459711893
P08792,2886.698270158966
P08793,57572.607690392375
P08796,2498.5451481456985
P08797,2994.9820016657045
P08801,2703.640481741318
P08803,2366.068669972684
P08804,2616.5536566705973
P08805,2504.0647825457454
P08807,2122.3159480418503
P08809,2234.7941958492083
P08810,3118.0225560382178
P08812,2868.0162301909895
P08815,2756.8141582702
P08816,2911.7647560712476
P08817,2715.367691790263
P08820,2791.826756441407
P08821,2564.194481570566
P08822,2868.286950492012
P08828,2838.7712793630144
P08829,2803.6472583745217
P08830,3056.0406614150525
P08831,3191.085865558413
P08832,50899.13592442364
P08834,58399.69566491714
P08835,37074.28292616466
P08837,50749.95503484439
P08842,2456.966508381535
P08843,2360.5029604070355
P08844,2857.5135764675333
P08847,34198.75100277205
P08849,34165.74376344997
P08850,2383.6885848383786
P08851,1920.9636701587947
P08852,3176.3091474118974
P08853,2768.497067935663
P08856,2489.982526987195
P08859,4403.61186069126
P08998,1938.7451343381683
P08999,1982.7808268231206
P09002,3063.8530400287477
P09004,2852.8357401860358
P09009,1763.0410747137191
P09030,2918.319238131858
P09031,2290.5854090023654
P09033,2641.745926826299
P09034,2198.1080237598712
P09036,1790.3291765643296
P09037,2226.5775002732944
P09038,2354.1178470394666
P09040,2037.493195695612
P09053,2862.1163766629907
P09055,54514.78056899315
P09056,51989.43045276853
P09058,45690.78901482055
P09060,45862.6211514714
P09061,2451.8378379107235
P09074,5042.731429836765
P09077,3065.985097678088
P09078,3247.719026982377
P09080,2475.534523871678
P09082,3063.05047558491
P09085,3478.578072884188
P09088,3652.8899754946506
P09089,4913.321588119173
P09094,3844.108766070531
P09097,2336.7964555179988
P09099,2591.650039056217
P09101,2926.7909355363295
P09104,3816.4290527646926
P09107,47656.84594399331
P09112,30627.892379460027
P09114,96581.9106058701
P09115,49435.91480749611
P09116,59878.930276152554
P09120,5615.329012374333
P09121,3216.3656382757918
P09126,54052.79525213342
P09138,121726.14685267396
P09141,37479.92354441077
P09145,27578.603969619366
P09146,20517.56097151994
P09173,3181.5337638501983
P09194,3341.6714273074226
P09196,2976.827378593714
P09197,24548.50119790448
P09202,3721.780844346404
P09203,21559.508357472805
P09210,3592.091619794428
P09346,2863.1857973681585
P09353,2846.715822868177
P09359,2890.774960401467
P09362,3087.7615694081974
P09368,19586.56970682814
P09373,4155.527097621784
P09375,3391.1054238091597
P09377,4261.229638714537
P09378,3346.2197830926057
P09379,3932.8445509009957
P09382,3551.0997815200208
P09384,3343.398641352068
P09385,2903.6510287913143
P09386,3209.471484220044
P09388,3098.766013607867
P09389,2799.752206752735
P09390,2768.6067108121483
P09391,55440.60978365049
P09393,21320.160222127426
P09395,23443.227947654792
P09396,20938.41017011084
P09398,56941.21908406316
P09399,3213.1576443994854
P09400,45887.83984280034
P09401,17544.139736176425
P09449,9496.942261061557
P09450,16605.214849024866
P09452,21836.72499203835
P09453,2371.7015546758985
P09454,2646.78346148215
P09455,11970.930400869865
P09457,2485.743411046738
P09458,2162.0290086990003
P09460,2338.494286840518
P09461,2640.163219657054
P09464,3116.872971756743
P09465,2750.727059580333
P09473,18063.926089629167
P09474,20899.865996147153
P09477,18867.531685289145
P09479,15064.471954156123
P09482,14822.97537325938
P09484,38438.498660109915
P09487,2430.658633056249
P09488,2518.6735205155983
P09489,43827.002895218575
P09493,2400.539092546121
P09495,1869.3869799925076
P09496,1965.3771718642374
P09500,1858.9532461185909
P09501,2334.818276281093
P09505,2381.8885996960894
P09506,2669.6855936676643
P09507,2936.2772842915656
P09509,2672.5464650770714
P09510,3628.923381807439
P09519,2505.630035557419
P09522,1973.3391769736666
P09524,3095.305264931345
P09526,2163.826537162695
P09527,3045.0959548196133
P09529,3278.0129178310585
P09530,3144.5246295115226
P09533,3421.080410711394
P09534,3166.434963526644
P09538,3088.770036516938
P09541,2005.8460158671976
P09542,2045.9170570096621
P09543,1742.0297899316918
P09546,2449.0789536152347
P09565,3429.6569817438067
P09567,55846.67269045098
P09570,3612.716541116941
P09571,4597.619971720942
P09590,3620.25921422328
P09591,2537.6960613326596
P09592,1980.2430250232642
P09593,2567.554910823796
P09595,39808.57425338316
P09596,22979.296012038536
P09597,15845.247219638464
P09602,16030.911185011102
P09603,2114.181208411184
P09604,2410.910529740407
P09606,3481.0420721386968
P09609,2948.664211333533
P09612,16799.206780295124
P09614,17228.13293288456
P09615,2533.4042801863206
P09616,18303.96883623057
P09617,30108.125297790717
P09620,16670.79891251501
P09621,3376.973271003435
P09624,2960.963955354815
P09824,2656.748271676726
P09906,2652.53882241107
P09909,1899.052558575577
P09910,2068.3779954247275
P09911,1763.6948986564769
P09912,1475.5713740935657
P09913,1858.3450351893418
P09914,1933.7110392101604
P09915,1795.5892593792066
P09916,2165.9259080018483
P09918,2027.786077328456
P09919,2598.074665694408
P09920,1959.948911444344
P09928,2483.6448351167824
P09992,2198.8086068736247
P09997,2147.562664533238
P09998,2083.1160199951582
P10012,1918.50078231162
P10014,1965.1321977635996
P10017,2402.398631074943
P10018,3267.9461085101198
P10019,2309.2515812154084
P10020,3430.125382782562
P10023,1930.7528496056395
P10028,1735.511056709701
P10029,1695.2000992284186
P10030,1759.226560612442
P10036,1994.918618425161
P10037,2385.1892628679443
P10040,2461.576605244376
P10156,2816.2991081642585
P10176,3158.206036546118
P10213,20845.596511480206
P10215,18563.880613530288
P10216,20976.651857937184
P10220,17681.96301187872
P10221,18085.02917682405
P10366,1954.4536186250687
P10393,4310.31405933041
P10394,3373.6983600652147
P10404,1686.8777641533393
P10405,1617.7662516516154
P10426,1869.7947864251444
P10431,2491.748934846807
P10432,2231.793283393687
P10434,1983.4191891350767
P10435,1645.9602048930344
P10437,2380.0122273723036
P10449,2426.336211772739
P10531,2178.3213078796985
P10628,1453.7723840875253
P10629,1682.4513935184596
P10630,1270.2162367846151
P10632,1326.480119937208
P10637,1709.1650629925314
P10666,41534.54568553426
P10670,1916.8620423179045
P10673,1362.6450709038268
P10680,1089.1988854238468
P10681,1592.667517867996
P10682,2197.7897332697776
P10684,1907.7562464857967
P10685,1748.574911017126
P10690,1826.46827027668
P10691,1447.7932819857604
P10692,1918.5299541920674
P10704,1597.1047415958312
P10715,2224.567474520946
P10734,23389.058772975943
P10735,1794.4357929078478
P10736,1893.2611990710936
P10744,22011.90729699785
P10745,30320.87337275977
P10767,2982.166850272449
P10775,1779.774059841547
P10777,1839.1620075163255
P10778,1874.3186432189793
P10780,2194.081332936074
P10782,2011.619180711289
P10783,2446.9205034565357
P10784,2243.654913682408
P10785,2719.5321728461367
P10786,2704.5153939172988
P10791,2816.8255809669704
P10793,2803.6935894412995
P10797,2281.5794924595075
P11065,3063.1097837116718
P11086,1916.5605391638007
P11117,22591.345129278536
P11171,2450.0677470070777
P11233,4430.564016646865
P11236,2994.452254750374
P11241,2021.868761079052
P11246,1975.1974545255298
P11248,2053.5265784934104
P11249,2254.5829542578285
P11252,1994.444200691834
P11255,2810.1973505448177
P11256,2178.678921696865
P11259,2380.8656697511683
P11260,2161.6764217630157
P11263,2118.3245745220097
P11287,1874.8292516577803
P11290,1943.3341803177784
P11292,55510.90333641404
P11293,37682.831514720536
P11297,1724.4946830525926
P11318,1482.3231374487452
P11323,1810.5842601261297
P11326,1763.9736591878848
P11328,1723.811959027117
P11330,1792.0576648494928
P11331,1793.672338234363
P11333,1746.2045338519765
P11336,1769.5683683722257
P11337,1442.1031961545075
P11338,1753.1492150456854
P11422,3985.024179781099
P11507,2051.1154124909094
P11508,2133.929310455762
P11513,1993.452618365376
P11518,2207.3108729815244
P11520,2109.104546410447
P11568,31427.82719864727
P11588,15161.279049415294
P11683,3196.483386991509
P11702,2236.919864880348
P11765,1466.150825411324
P11766,1773.5248029080603
P11774,2790.7494519621782
P11777,2202.727787280201
P11779,2171.205517724899
P11780,2366.9162381994665
P11782,2309.1878923690992
P11783,2030.1447103922574
P11787,2204.592230004525
P11788,2171.8807771989937
P11789,2074.718765882816
P11790,2316.651679863737
P11792,1582.1253468430716
P11794,2698.003938060951
P11796,2291.293713487343
P11797,2393.3495594681285
P11799,1980.3233885803131
P11800,2439.095029336276
P11802,1993.635956984103
P11806,2059.3457153279214
P11807,2000.3937899205714
P11810,1952.966777787837
P11812,2738.468495313131
P11814,2919.40536935072
P11815,2115.4128503009706
P11824,1821.7207565078866
P11825,1946.753953967537
P11828,2440.0208712544677
P11829,2530.3316576724733
P11830,2160.927625518189
P11846,1807.0993212595897
P11847,1644.6692106996043
P11854,2156.8488389713284
P11865,2495.2088066880347
P11868,1876.7514740473825
P11870,1889.5848977648657
P11871,1956.0964939994933
P12023,21740.514443109445
P12101,22413.073063705306
P12102,20414.02547748005
P12104,2223.699219817599
P12107,19567.41266401532
P12108,21538.425807313102
P12109,28098.841783685864
P12116,2418.397867698639
P12136,23451.98504324258
P12171,3669.956310020983
P12180,2488.874839662688
P12212,2605.269543656206
P12213,2421.6390224778975
P12214,2534.9683737232276
P12215,2532.8128532967435
P12216,3178.86301481192
P12218,2186.980970747908
P12230,1102.3531766329563
P12233,3130.3286647838304
P12236,2583.0785342266445
P12237,2702.829334573502
P12238,2644.2337004258015
P12240,1944.8495732684748
P12242,2867.1572898506697
P12243,2235.3026897359928
P12244,41812.72855691793
P12318,55743.51593299088
P12382,2924.0726456538537
P12439,1738.5134354930503
P12440,50179.83906773063
P12444,1732.2189530579583
P12445,32109.98732201361
P12450,2158.6101211439895
P12453,3357.2366801619937
P12459,2159.0595870223992
P12462,2518.719115068449
P12463,1954.732149469036
P12466,1963.006554210114
P12469,1805.030444875442
P12473,1541.6163223893143
P12478,2273.8151984263245
P12482,1844.3529929985475
P12488,1956.9876304873808
P12498,2418.230688560205
P12510,2369.8471191299377
P12513,2272.619878562814
P12520,2032.9515207698596
P12522,1763.2426653923483
P12523,1742.4432294635108
P12531,2436.5111894652696
P12534,2154.237459962036
P12535,2125.3529204909987
P12537,2324.299977924702
P12540,2155.205607859108
P12542,2076.093659558841
P12553,1871.9580535876578
P12555,2040.2638405430646
P12557,1968.6219898686206
P12564,2035.5628289722513
P12566,2305.586918852056
P12571,2016.3023535698183
P12572,2191.0559338346393
P12573,2132.750423891827
P12575,2269.99651962448
P12576,1889.0788340691731
P12577,1995.9457620220455
P12578,2131.2894247124873
P12647,3144.4163399263907
P12650,1676.8668684231247
P12671,48991.032812657075
P12719,2473.355871865547
P12784,1623.0550144518613
P12828,2482.4307990165867
P12926,2188.738629758501
P13011,2436.818628976449
P13013,1905.1236986509891
P13041,23840.04209465596
P13050,2348.8624267340924
P13055,2926.8390631848497
P13059,2823.389662471884
P13094,2553.7144329869457
P13097,3374.911958834656
P13098,2873.7611677441932
P13193,51950.56884784781
P13222,2410.7834152767946
P13227,3103.8228715506466
P13459,2413.352034267514
P13531,14291.99849620409
P13647,2020.300598838924
P13654,2406.1931806469443
P13664,2034.3960296862344
P13666,2631.7628129413497
P13667,2113.4256299508447
P13668,2164.826702200318
P13670,2307.6086161629387
P13672,1877.8219726180887
P13673,2044.0366558801668
P13674,1839.8419855840555
P13686,2339.4041960217755
P13687,2362.767829223093
P13688,2612.0471478267123
P13689,2320.477451390389
P13690,2252.334136171469
P13692,2391.5522452682935
P13695,2403.015536692644
P13697,2251.286149713608
P13782,25018.069336998957
P13792,27424.34265124108
P13867,2539.095782023917
P13868,2261.924310096155
P13889,2297.236563743335
P13890,1906.2812618452838
P13901,1598.6188347368045
P13909,1742.3268304875646
P13910,1514.0843156796934
P13915,2755.9937022569575
P13932,2020.456886064859
P13933,1833.0056458279055
P13934,1861.7832285672482
P13948,3773.614469500911
P14010,48811.1536738885
P14011,42733.21208425177
P14012,2541.815632384385
P14014,57028.94188304998
P14018,2445.5642063440528
P14020,1411.4401100554767
P14021,1450.6632201680902
P14025,2212.0488117625378
P14026,1627.2319732076473
P14027,1739.7203630169079
P14029,2589.3740415750085
P14030,2240.7448419465113
P14089,2782.4019654273975
P14092,3070.1854638611067
P14123,47024.99016102491
P14142,2406.214593296709
P14410,2383.9989386914963
P14411,2166.207272101241
P14414,1997.597255013781
P14682,3071.0578620113497
P14684,3000.2024812435807
P14737,21830.09336127143
P14745,1210.628203966294
P14785,2219.67358892329
P14813,2137.6494829481126
P14816,2010.8457508418321
P14821,2336.6492193828685
P14840,1529.3585081379247
P14853,1640.817520593806
P14854,1484.516808687152
P14856,1554.428905046606
P14876,1924.4842891762216
P14878,1714.9317752827983
P14880,1424.9668600141952
P14887,1462.1562123881997
P14890,1414.2197989197334
P14893,1698.7390678051659
P14898,2026.5997133629453
P14906,2010.122173661304
P14920,1798.304484109968
P14921,1971.7197281030149
P14922,1951.5192180399672
P14925,1604.37788487706
P14927,1653.066101000241
P14929,1553.1640651059395
P15034,3012.71193986949
P15035,1985.1400298506107
P15037,2399.5382695990365
P15038,2216.8254512336766
P15040,1782.846416257242
P15050,2064.968073117506
P15051,2282.0741894031103
P15175,2447.5230738877726
P15176,2413.822028311955
P15177,2591.4568313651007
P15183,2283.2202622698874
P15188,2334.1158310978017
P15191,1630.869175542591
P15192,1510.5150031819232
P15196,1608.241005659809
P15197,1699.4442310321417
P15203,1859.6267044749322
P15204,1960.700767838462
P15205,1869.2245970831282
P15206,1865.2426301259354
P15209,2093.8538722987273
P15210,2037.9772551716976
P15213,1728.1196960056884
P15216,31634.069681792127
P15218,3168.851754014199
P15221,34312.85868551249
P15222,1692.1380382235495
P15226,2015.994064381054
P15228,1975.0393245379807
P15229,2107.542244621898
P15233,2311.854575563156
P15235,2865.8920712356444
P15240,2692.6017490031795
P15313,1733.0075978685886
P15314,1649.239314069682
P15320,2226.2866881380332
P15324,2288.025799351064
P15326,1833.3204446862478
P15333,2213.3542882268603
P15335,1551.1402001430909
P15337,2093.957906775314
P15338,45379.953125945205
P15355,2101.5726830127455
P15377,2000.233742121368
P15414,2778.289586058334
P15446,17042.472481219513
P15551,3101.0775090578886
P15707,1630.642315279693
P15708,2358.092705704943
P15709,2354.327995493239
P15722,19727.784859346077
P15723,17390.930190658768
P15724,18400.375354761076
P15798,44457.81063457654
P15824,2914.688326489145
P15856,1938.7868722503797
P15858,2155.014937541894
P15859,1607.3082769341036
P15886,2261.6880114349183
P15890,2016.8481978232603
P15891,2755.97521490626
P15897,2145.0075237598453
P15898,2263.3945367531296
P15907,2531.424388162154
P15909,2191.395709775257
P15910,2042.683373052051
P15924,2253.7176824421626
P15925,1845.350098605573
P15926,2008.0862589535213
P15927,1974.5884085589837
P15970,2276.493745359663
P16070,3017.922484213615
P16090,2308.7511508750254
P16097,1944.974523137225
P16158,1433.7785597218397
P16161,2171.8150396244932
P16162,1868.9204289087356
P16163,2008.8352144359446
P16164,1962.673655067324
P16169,1938.3973322553957
P16170,1643.5941484789885
P16171,1992.2179139712484
P16173,1924.2622062436856
P16175,1759.1559779140696
P16176,1890.7551879608552
P16177,1749.7527286351356
P16178,1817.4123486836745
P16179,2061.228159070211
P16181,1985.1165639480062
P16183,1824.0499189193113
P16185,1865.9854848606137
P16186,2154.477082637436
P16187,2136.819203015297
P16188,1970.0272307296361
P16190,1826.6610056983654
P16193,2026.0463967624225
P16314,2045.7996669273782
P16315,1976.0204523487873
P16392,2303.9467183788665
P16415,2520.577015196495
P16491,31687.139328146637
P16493,53731.98093864176
P16494,32214.72112665049
P16495,41885.14941462112
P16496,2310.2340797721013
P16498,2058.1534158649606
P16500,1721.8725517742275
P16501,2156.0961261008783
P16503,1877.8989393579411
P16504,1772.8264939240817
P16506,1428.3184357135663
P16507,1509.4193866271692
P16516,1835.761515690416
P16517,1900.0556175995025
P16519,1775.095231643392
P16520,1594.2818936059932
P16521,1824.2104660601726
P16522,1680.282154936155
P16524,1998.8838235341502
P16525,1484.1385734618145
P16526,2134.026909921672
P16528,1427.916638254179
P16529,1717.4020174208686
P16530,1786.3824352544852
P16534,51523.1944167576
P16540,1806.2753044425465
P16542,1891.1263210547224
P16544,1682.600302414806
P16545,1649.752390894948
P16546,2373.55998317517
P16548,1685.7335771892333
P16550,1834.4214025676606
P16552,1833.3534422665552
P16558,37879.13554157775
P16565,1638.6472980004146
P16566,1827.3242546198867
P16569,1690.0513116134646
P16570,1601.2173775984033
P16571,29787.780858663682
P16573,1899.9503421353759
P16574,1638.67277385221
P16611,2783.7098744819173
P16643,2562.9949271827077
P16660,3423.512264507576
P16661,2528.2186118952764
P16687,28794.84315154688
P16734,2922.9705708825622
P16735,2737.2324531621625
P16736,2622.7881491410144
P16744,2500.928356121926
P16750,2165.917385856765
P16751,2251.444026777807
P16752,2185.2542769245224
P16753,2142.285917769143
P16756,1499.0404669985396
P16757,1721.9303496458629
P16758,1883.5937548887355
P16762,2103.9864615738375
P16763,1887.9683566622484
P16787,1860.8187177228717
P16788,2352.8262612998087
P16789,2134.325795289474
P16832,1714.3975263045572
P16834,2069.9651459386214
P16867,81026.66966280827
P16893,1925.3319333051213
P17133,1938.0789857803939
P17136,2212.908304288171
P17137,2639.798657544649
P17147,1728.0113768768936
P17148,1709.7770725273297
P17149,2783.5971191117806
P17150,2192.894707233477
P17154,2055.427841111835
P17246,2412.7043476607364
P17248,2515.105368518119
P17249,2539.939773992565
P17255,2172.8838532138657
P17256,2356.3261942524596
P17257,2150.0807924556607
P17258,2612.1457694016776
P17261,2217.1934224861848
P17262,2256.9166737081655
P17264,1890.5744551462753
P17265,2840.374990587463
P17278,2055.3299941076702
P17287,2098.758000990109
P17306,1982.881906631486
P17308,2261.926761157764
P17309,1856.9386616715105
P17313,2010.6317166738552
P17314,1253.1835888854532
P17315,1341.8998726392776
P17317,2076.855418226966
P17319,1801.7114694844481
P17323,1814.0341202900902
P17324,2076.405756713328
P17325,2107.8676675736137
P17415,2198.162626794214
P17422,1568.9219643842753
P17424,1728.6150510559069
P17442,1294.609430576289
P17444,1920.0066002620235
P17447,2346.1489606366376
P17448,2046.00376971227
P17479,1829.545559842561
P17482,1944.8301381007702
P17483,2126.415468772117
P17486,2093.3990297486603
P17501,2457.1153830150834
P17502,2374.36720290407
P17503,2146.4228521631476
P17504,2237.4038076023
P17508,2453.4133552638077
P17518,2014.4767317710925
P17521,2526.5379748017212
P17523,2158.5841098213446
P17527,2887.407886159241
P17530,2232.6795596665893
P17539,1958.6357611669425
P17540,2934.4012838646045
P17542,2220.436910587622
P17562,29156.0050611693
P17660,3260.298526459198
P17829,1936.2511508714783
P17855,1522.874284320628
P17856,2159.1182360266357
P17857,1795.7755063719624
P17927,2339.8062084398916
P17934,2588.5909802218453
P17964,2143.43638883758
P17974,2403.7690825036807
P17993,2838.329135518891
P18049,2405.067461190246
P18051,1777.6825819322933
P18053,2069.069280782233
P18054,1880.0327143868271
P18061,2371.8681346987
P18063,1713.2189965047949
P18065,2323.175753724028
P18123,2747.7969540670997
P18127,3193.0188658571433
P18128,61839.73800346912
P18156,1853.986223609897
P18157,3024.4589235891276
P18159,1981.7480672007791
P18161,2172.9810941774663
P18191,1930.1426703920731
P18194,2766.4703453791526
P18195,2176.185815814683
P18211,1854.1774013025477
P18217,3323.1442045540575
P18225,2008.5824412144805
P18227,1981.852788651927
P18231,1875.9198788082938
P18253,1915.832061855116
P18258,1935.5379664248
P18259,3753.9870982619736
P18261,2463.802308531404
P18262,2570.118140336731
P18279,1941.88440050793
P18281,2139.7587587767525
P18296,2557.383422605231
P18300,2685.5989688144828
P18434,1638.1376982326267
P18460,2075.811837240415
P18519,3404.306825804684
P18522,2124.8304126193357
P18557,2735.3737224698525
P18558,2724.889011819977
P18650,3316.361542072288
P18651,2857.1996694371387
P18654,2290.1967427027967
P18655,2933.6656498895923
P18656,3068.3371997212353
P18731,2020.2548357134935
P18735,1980.6049462870872
P18739,2039.5006753995253
P18749,1944.3032670282014
P18752,1997.4880145282716
P18755,2096.298043459831
P18769,1975.1844447720011
P18771,1759.3094086291956
P18796,1349.338221388829
P19035,2552.3560973732706
P19037,2046.4848788324557
P19038,2236.781256891909
P19041,2437.9249062645763
P19052,21089.741556514276
P19124,2466.3380480084616
P19250,1728.4426410119945
P19252,1781.052800216528
P19253,1742.5512617036247
P19265,2134.226602658579
P19282,2866.5139174747246
P19573,1558.592580307847
P19574,1556.7442719435094
P19590,1594.7965928906633
P19599,2855.8995282842047
P19630,1886.0400360405426
P19680,42411.96401514971
P19684,40448.434190933476
P19685,1572.8819079931507
P19686,1802.7509689748326
P19696,1861.7065723077878
P19697,40143.46740342277
P19699,2424.2318520029153
P19701,43319.04512216541
P19703,1746.9954968639768
P19715,2056.313604442698
P19720,1706.0192591015839
P19773,2139.1331740966693
P19812,1675.5761884293706
P19813,1767.8136757728244
P19814,1662.688736095103
P19851,2170.9266949310604
P19856,2326.5501733187184
P19860,1901.389702803936
P19861,30248.934776326205
P19864,1737.042552105306
P19865,1678.1001097495155
P19866,1890.0180345324777
P19867,1449.8527227514005
P19868,1522.2283871460086
P19891,2321.882869498563
P19894,2350.3809962078694
P19897,2182.4705694025724
P19899,2497.767240910182
P19905,1788.832559635017
P19906,2482.1968106230197
P19907,1616.3531161293258
P19908,2095.9840384710596
P19911,1755.8367622329386
P19913,1683.7566124818215
P19915,2305.388432546434
P19916,2394.1876030947947
P19920,2144.0658832164695
P19925,2407.1776698172453
P19926,2275.9374435473237
P19928,2279.650516516237
P19938,1625.2668099608939
P19941,2764.1344803901325
P19954,1982.053777719189
P19955,1830.8391316628345
P19979,2863.696451671345
P20002,1723.95621535981
P20004,1629.3585974635969
P20007,1769.62920616837
P20010,1683.8754352095766
P20022,1884.9051301577729
P20026,1689.7562127449619
P20036,2104.95076737842
P20040,3651.0894472751374
P20041,3502.954907600064
P20042,1839.4294809339005
P20047,2168.4335891706514
P20048,1981.4681752270365
P20049,1895.223226272312
P20050,1925.447775798043
P20053,2129.4421867903534
P20066,1766.8871451463551
P20068,2157.9152950401567
P20129,2123.4980297849243
P20136,2176.666565056746
P20141,2421.2466434250136
P20142,2120.8872955143083
P20144,2010.953845459726
P20212,1999.6987317341548
P20213,1676.5949946639328
P20215,2364.3362957951513
P20218,2080.729095475885
P20219,2533.1092827439084
P20220,2022.972817648298
P20221,2316.046004133188
P20243,2770.364763844154
P20244,2495.763525218655
P20247,2266.2887268982686
P20251,2217.9366442393634
P20260,2121.82916161191
P20267,2393.2211273123853
P20269,1890.699274995854
P20270,1869.7766031235992
P20272,2186.3228576474507
P20274,2346.3665110192246
P20307,47017.12062512779
P20311,1855.885975448496
P20312,2483.309255420467
P20315,2461.440922517728
P20318,2590.1261234316235
P20368,3151.5135620065375
P20387,2156.3001561998217
P20436,2716.5447571934515
P20527,3107.1621476701384
P20546,1644.9271858056125
P20665,2167.859232729167
P20666,2366.9719602301616
P20695,2096.438538054288
P20725,3529.6413441064124
P20726,2954.1565039562215
P20766,2965.7997961914857
P20786,3820.1811065723086
P20848,2097.758331964835
P20849,2113.2419187595337
P20855,2050.6762611389545
P21016,3403.924907549769
P21021,3092.387464281334
P21059,17255.376695982137
P21112,1684.339492239081
P21118,1954.0940917121732
P21123,2431.5696062469665
P21145,2098.0354467238544
P21150,2135.6288206612803
P21151,2519.116051203293
P21160,1814.094504495047
P21168,2179.795757405417
P21169,1982.3729746263148
P21172,2038.4192639386424
P21174,2791.3507217339948
P21179,2871.9408957829837
P21183,1839.9386547169518
P21185,2176.52625019642
P21186,2475.636796535904
P21193,2259.490400808009
P21231,2286.8456787428063
P21243,2532.261996668703
P21247,2797.224729969039
P21249,2369.8716900426407
P21253,2146.8089863394152
P21256,2271.0094350442278
P21283,4435.387573217144
P21308,3416.881629589528
P21364,30506.279214328522
P21379,2183.9006809567104
P21381,1355.0671589708602
P21384,2768.937320315836
P21388,2323.697216390068
P21392,2967.427540393464
P21393,67130.35288408335
P21680,2574.6946538550565
P21715,1580.3182170045488
P21921,2057.53246803242
P21930,1730.8987031154695
P21959,2032.6134545538052
P21960,2405.7691795029314
P21961,2220.7681475302415
P21962,2553.5965897532324
P21963,39038.61285755499
P21979,2317.2705418094165
P21988,2319.9566858957064
P21989,2330.110831694855
P21990,2521.504194695111
P21991,2339.979780176545
P21992,1918.1751202518828
P21993,2034.3916904521
P22000,2326.977687111394
P22001,2376.3543140320057
P22003,2369.498582323968
P22004,2155.775703367795
P22005,1956.906840384732
P22006,1973.3902099566894
P22007,2037.2524084865465
P22009,2170.0488331092133
P22013,2660.6303384556104
P22066,2075.0885115715223
P22067,2248.9263757577255
P22070,2074.307667219764
P22103,2048.7640500224065
P22104,2172.0386068769435
P22109,2341.354128173411
P22117,2235.008782484612
P22119,2430.74295273255
P22122,2356.7147219879075
P22124,2287.1847449620213
P22126,2381.4184519223577
P22128,2205.55498743633
P22139,2516.702513923084
P22141,2449.1693740253495
P22143,2878.0442467647194
P22145,2999.439657392737
P22148,2221.156324713918
P22149,2432.775503949758
P22161,2277.7374426458273
P22163,2604.3786901467934
P22164,2194.1122861665044
P22168,1516.3756977194082
P22193,2152.2047889172213
P22202,2078.2124770285113
P22205,2241.022935007426
P22227,1911.1389728718311
P22259,2048.2644341044734
P22264,2085.503278063578
P22265,2093.4901109209504
P22289,1952.178181895444
P22291,1804.3686968005984
P22293,1776.8232094675725
P22315,2012.0390232939692
P22318,1926.91140615635
P22321,1918.7336154104244
P22323,1745.566516891786
P22324,1912.0929878849138
P22327,1677.6838147236444
P22331,1969.1923382526566
P22334,2216.196389414281
P22338,2418.931520407258
P22339,50160.6435481979
P22342,2239.19615141365
P22343,33529.054189666174
P22346,2087.9479662183994
P22350,2238.790060009498
P22351,2239.133946052612
P22352,2272.593244042129
P22354,2250.538497797038
P22355,2249.9356867508372
P22356,2267.9128993129452
P22357,2735.453446715493
P22358,2520.262418875532
P22359,2168.7630259537978
P22360,2227.232797665205
P22361,2200.654818260134
P22364,2246.3157562058373
P22368,1960.211294710562
P22369,2359.859995755728
P22372,2374.4077888104716
P22373,2033.747167762016
P22375,2015.3358040328974
P22380,2602.09008910114
P22383,2341.133823243938
P22384,2654.3009732417245
P22388,2343.4850813278017
P22389,2422.4845559102837
P22390,2453.720854757743
P22391,2322.4793358900665
P22392,2428.5998840646753
P22393,2411.062277273054
P22394,2406.117825187148
P22395,2342.3672435420644
P22401,1762.766380949051
P22403,1660.446655869951
P22437,2634.3383288844834
P22443,2060.5053175268695
P22452,2508.0990374631865
P22455,2437.798254093007
P22457,2239.1938966391513
P22458,1950.4426222000147
P22460,2024.8399493238069
P22467,1411.6728365852498
P22468,1771.8359646792296
P22470,1927.6636145810128
P22471,2267.4187394664573
P22472,2162.909309994601
P22480,2280.045337071836
P22484,2181.2761634695353
P22485,2198.578009781497
P22488,2271.2014812571692
P22489,1858.3558966292019
P22491,34938.73046028014
P22521,2314.129085202251
P22540,2112.132054858086
P22543,2066.941438261137
P22555,2263.5755301691106
P22557,2066.412410090201
P22564,2570.885884005566
P22654,2061.5527025940014
P22655,2684.57932752206
P22659,2201.0320391872738
P22660,1955.5451823555854
P22661,2030.8371300354827
P22675,34402.06703690072
P22682,2405.116763005702
P22689,1910.2732542753379
P22698,2306.821623215193
P23013,2670.908935094236
P23099,2244.982639006151
P23100,2093.0696219264432
P23104,2118.032884486108
P23107,2857.4714385228235
P23110,2795.222354123806
P23327,1808.6094485116917
P23329,1461.8242951848245
P23346,2103.529131068258
P23351,2237.4742906355414
P23361,2052.768313224322
P23364,2052.888252552786
P23366,2570.98067846566
P23367,2594.2108763263022
P23376,1977.990598058473
P23385,1984.7058818174585
P23387,2245.7248782398788
P23390,2112.278382259039
P23396,1969.907914105283
P23399,2112.864501156218
P23408,2000.7297016469
P23418,2578.4320425619285
P23456,2475.3141572659533
P23545,2549.1911613789384
P23549,2076.1648677643097
P23560,2234.5439487137396
P23750,2437.973906815068
P23757,2557.1104673959476
P23758,2655.631240442199
P23759,2470.689782208731
P23783,2412.8683508954678
P23784,2158.5776473826395
P23785,2205.5498145768806
P23797,2202.4104127832707
P23800,2288.111914415899
P23802,2095.6708030906107
P23806,2074.5760036141573
P23807,2094.1121766309166
P23808,2418.5624435075606
P23814,2250.264553538463
P23819,1942.442362396566
P23820,2344.9559387059626
P23822,2741.3444287690413
P23857,2073.0345729272863
P23864,2298.5248581636893
P23865,2024.853811614254
P23866,2300.261025272089
P23883,2096.4651098908753
P23884,2672.8502051934133
P23886,2063.4377972010907
P23890,2193.0598443023814
P23904,1948.7022976130334
P23905,2946.1406704432293
P23910,2356.650281158786
P23911,2021.6717335960834
P23913,2024.5255362512146
P23962,1961.4923885410637
P23965,1689.9108674022561
P23966,1920.950824627799
P23967,1956.4840894627055
P23972,2169.8512843026565
P23978,1559.7898307643818
P23982,2044.531124480966
P23983,2142.957842605676
P23984,2063.0240832465
P23986,1926.0909887307887
P23993,2055.5473832674224
P24000,2140.844213527992
P24002,1828.1255900854505
P24012,1895.636247661503
P24014,1931.6932412314366
P24027,1773.2297067670497
P24030,2361.6198352716174
P24196,2640.659929923983
P24197,2498.6812659682496
P24213,2620.6041728814766
P24214,2834.37368609475
P24216,2742.527149221278
P24278,2019.0080654260441
P24530,2751.3552040423597
P24539,2225.624786048929
P24750,2189.5466119610433
P24754,2127.9806834739234
P24757,2086.7959334720967
P24759,1949.3120387551007
P24760,2184.4242923724482
P24764,1955.9298923211086
P24765,1903.9291618983807
P24766,2244.3453777185437
P24768,2039.0757269504913
P24769,1947.717478108368
P24776,2038.1841815586408
P24792,3214.242454027157
P24795,2773.4745401872647
P24807,2470.2106314553903
P24809,2715.3616712376347
P24810,2153.5409179365997
P24813,2954.217626203766
P24819,45483.76862814151
P24823,2108.105451636001
P24826,2113.813144912089
P24837,1787.6049305880563
P24838,1878.142538949958
P24839,1780.4729204937873
P24842,1832.47950422305
P24843,2428.598329877039
P24844,2030.7335747769196
P24891,2145.8471219732587
P24893,1951.4765728909017
P24894,2011.2465369518288
P24896,1980.0397740198605
P24897,2403.722985386141
P24899,1882.319140906734
P24901,1762.003531303293
P24902,1762.8593763884971
P24905,1892.5175332618294
P24907,2170.7143023440894
P24908,2024.1676907490018
P24909,1888.157671389904
P24919,37174.809450295856
P24921,1674.6840439738783
P24923,1443.6503885181403
P24934,2065.25767043927
P24945,2541.2989303630866
P24948,1823.1668431349362
P24949,37700.42313296092
P24951,1918.28889587544
P24952,1736.6973874685204
P24953,1853.081288979273
P24954,1824.559957832007
P24956,1957.2237014726043
P24961,1903.0300999635615
P24962,1814.5119393844125
P25145,1750.9359665624813
P25149,2131.6310491097574
P25150,2015.8487682587486
P25151,2300.9855740229864
P25152,2099.112273577039
P25153,2000.3551636874288
P25155,1744.36424804707
P25156,1649.8625171776073
P25157,1716.3314672192969
P25158,1669.9045945702812
P25159,1751.2975169395038
P25160,1470.9792537378723
P25163,2483.046653726123
P25164,2636.3816214265476
P25166,2536.2074545117384
P25167,2464.1624848116076
P25168,2696.9387189095146
P25188,2485.0179488022495
P25190,2094.2276256033756
P25192,1610.7426852633055
P25194,1961.4026771303736
P25196,2351.961064759761
P25211,2047.5509809265604
P25214,2060.385921921229
P25216,1995.0191900114423
P25217,2065.62764553095
P25235,2409.694124652315
P25237,2424.832700474571
P25241,2543.231136119208
P25242,2864.497461221738
P25244,2744.8828081459073
P25246,2340.2673862428837
P25252,2246.7252595083605
P25253,2365.690083352157
P25254,2154.0555250285925
P25255,2252.9384927227793
P25256,2317.5572433659836
P25259,2416.87250696076
P25264,2308.47467760057
P25266,1965.170552341937
P25267,2075.099786710589
P25268,1984.3953568351506
P25270,1989.2026297211792
P25271,1930.0210468887722
P25272,2139.4712231305703
P25379,2124.309234059755
P25380,2183.2577645535043
P25383,2139.9671326996163
P25410,2272.0993012866666
P25411,1960.176888363544
P25412,2450.6141297697804
P25413,2871.066446228961
P25414,2266.8045172578945
P25416,2285.5052631796434
P25417,1821.3477248870142
P25421,2419.7683480153823
P25427,2118.9171881822954
P25428,1812.0325284328644
P25429,1686.0589350637097
P25432,1700.8785741376394
P25433,1687.3770508196608
P25435,1613.2402338368365
P25436,1894.5501220074214
P25439,1707.492820253711
P25441,1746.2629431098485
P25443,1724.877401286732
P25445,1657.6860648485776
P25453,2468.464672286936
P25454,2077.7394936954333
P25462,2008.4206347485028
P25463,2071.6333607484216
P25464,2045.0026181243531
P25465,2476.006158708137
P25470,2341.193001038626
P25476,2960.4123919134304
P25478,2344.495614481088
P25479,2385.722827391002
P25674,2634.661690525546
P25676,2971.0739668717556
P25725,2602.4902809363193
P25742,2959.7633003455585
P25921,2043.262247036517
P25923,2738.8715724252934
P25925,2082.5232672554703
P25947,2068.039232657897
P25985,1828.6319433349086
P25986,2411.3686175701937
P25987,1866.067496566636
P25989,1852.8705695877832
P25990,1739.8414915833312
P25993,1867.8755591985746
P25994,1598.2680481980065
P25995,1560.8488905544693
P25999,1910.0941731384298
P26116,2587.403554725038
P26132,2692.2963218697405
P26134,2514.143680180055
P26135,1976.537131572728
P26136,3892.5953432991405
P26137,3638.5830974535816
P26167,2114.2620292988263
P26168,2088.840792157786
P26169,2197.3520535853654
P26172,3257.1122079175
P26178,2543.4431829379637
P26181,2274.0344449817576
P26182,2376.37385223415
P26196,2948.5809666833693
P26373,2665.77917686544
P26377,2602.0699630482204
P26378,2526.36164597357
P26392,2514.6432502311454
P26394,2760.3821780344615
P26398,2485.231992809757
P26399,2463.8201499140428
P26407,2076.0014306564162
P26408,2087.7022314319975
P26413,1681.641859483789
P26414,1750.5949601184109
P26415,1810.3393501296969
P26420,2661.139586222617
P26423,1863.7134026920048
P26429,2450.2645905651502
P26431,2368.8732350534124
P26433,2619.8209163013066
P26446,2581.3193405280263
P26479,74543.71316836079
P26610,1580.1674634410238
P26611,1732.347414097211
P26612,1901.0403305487894
P26616,2404.585685423907
P26617,2800.843023989457
P26621,1993.8249103784726
P26622,2133.3569718169797
P26623,2131.4349810950866
P26624,2008.3274807582054
P26625,1959.3693569933778
P26626,1991.469218359237
P26627,1952.585597065335
P26628,1635.2444035166034
P26629,1510.1281931504814
P26631,1926.1291196867783
P26632,1523.732555726233
P26633,1767.1278322473747
P26634,1627.7147764107674
P26637,1701.0381727262748
P26638,1570.065243882089
P26643,2300.260597397468
P26644,2505.3427500613193
P26645,2440.5756601664248
P26646,46562.3359603283
P26648,46481.26389256312
P26651,2555.943261042726
P26652,2616.8666461501525
P26654,2369.608510633841
P26655,2838.4790234783895
P26659,2501.844484923479
P26662,1762.7161892391457
P26663,1722.1842717194336
P26667,1754.5389583815981
P26671,1651.7274701584402
P26675,1850.747045076436
P26677,2042.453692053871
P26678,1908.9246774218698
P26680,1524.2871237749735
P26681,2006.906513271598
P26685,1612.0823090455506
P26687,1658.6736675976856
P26689,2252.5585861175073
P26694,2131.1300324627073
P26697,42935.71814795484
P26698,1896.6696165414226
P26699,2360.062749904503
P26700,1854.0862721584592
P26704,2151.1264952843576
P26707,2386.697462387933
P26708,34395.013851804804
P26711,25740.722233944787
P26712,1454.5877260221173
P26714,2019.357475708956
P26715,1775.9628596612906
P26718,1797.864716063946
P26719,38219.53282790453
P26720,44522.61941631044
P26721,40390.450286145766
P26722,36307.53978408803
P26723,36175.879049114905
P26724,34275.4282958346
P26728,2039.1002220066596
P26809,1797.4874608136329
P26858,1919.9751834037768
P26859,2040.1863294333205
P26860,41524.4726641293
P26892,2016.0806330628084
P27251,2305.2599410273206
P27253,2485.715080459633
P27257,2501.5563747364
P27261,2388.6274972766373
P27263,2363.7714786512984
P27264,2536.3786942538986
P27265,2136.922259749901
P27266,2287.7098936973257
P27267,2305.943038352841
P27271,2268.018283911293
P27277,2343.93830484321
P27279,2490.9478169173094
P27280,3200.4591396772503
P27281,3212.746295041058
P27282,2405.7775349879275
P27283,2271.61008556507
P27285,2737.0739016346597
P27286,2564.517335226224
P27287,2659.1294427775456
P27288,2859.3001888873873
P27289,2317.5378855106383
P27446,5243.490037519613
P27667,2254.1723668359396
P27668,2277.0212754514846
P27671,2345.8338363813828
P27672,2624.964772211961
P27675,2235.091861115627
P27676,2324.0577101390954
P27680,2410.833999804891
P27682,2301.4745371656845
P27685,45843.85135891072
P27688,2230.164201770079
P27693,2548.349274950039
P27695,46812.77827068651
P27703,2494.995939578703
P27704,2152.938278004144
P27705,2302.784899878187
P27707,2892.535609325297
P27708,2375.7817863538617
P27711,2369.568552096257
P27716,2253.609973147023
P27718,2474.0870118373878
P27724,3119.099685740082
P27728,2357.9060075996276
P27738,2212.408797299787
P27740,2290.500889526056
P27741,2219.5505179633747
P27748,4485.805143787921
P27972,2450.1604049697658
P28235,2980.5650581814057
P28237,45923.179327496546
P28243,2371.171643284189
P28245,2352.409882291079
P28252,2336.7552305340014
P28258,2086.1107517624077
P28403,1686.0794000995961
P28419,2428.6548297769505
P28465,2607.082018845629
P28466,2177.282971396643
P28467,2914.3133358456016
P28468,2459.327810901418
P28538,2957.6567239961537
P28763,3246.090736606843
P28764,3693.5189778363906
P28767,3147.3317185080537
P28773,3355.6603492209524
P28861,2324.282819570804
P28863,2431.5596585065464
P28865,41582.45644389361
P28867,1765.6415802934334
P28868,2309.7833649686254
P28870,34492.829639602474
P28871,1932.8143244085927
P28873,2374.424283035962
P28876,2200.5389966848065
P28880,1718.8259256202953
P28888,1851.5346054317265
P28890,1781.7527605345895
P28891,1995.182949782539
P28892,2043.6092372183123
P28893,2539.54389609744
P28896,1936.4128375059568
P28899,2089.13965987076
P28901,2369.6904379094804
P28911,2232.516344902746
P28915,1605.6372266748776
P28925,1632.7366002896206
P28926,2214.947507157193
P28927,1648.7858212127442
P28928,2512.922815857207
P28929,1497.363425064579
P28933,1887.4970328308298
P28936,2266.3579939366605
P28941,1599.2113714805523
P28943,1645.115912521806
P29184,2504.189589246584
P29196,44278.58789372625
P29198,2465.9092096566733
P29199,2366.890856625418
P29200,2780.2583994956713
P29202,2822.766913077094
P29203,2496.1231281242553
P29208,2281.5726365767396
P29209,1926.4052438671551
P29210,2056.002727594666
P29213,1620.2015219524142
P29215,1797.0514334770933
P29216,1605.8005847927027
P29219,1847.7186758188798
P29221,2086.6523450308437
P29231,1971.983450351127
P29233,2356.797072817465
P29235,2412.32553741925
P29307,3165.7690380270456
P29346,2095.151739595175
P29353,2189.139509588074
P29355,2034.4604969577504
P29356,2031.178442212708
P29357,1923.3474927712152
P29358,2031.5161778423071
P29359,1943.346416029761
P29360,1991.871386561738
P29361,1876.0472958951962
P29364,1865.4782344678445
P29365,2106.933453917633
P29368,2285.1098960907716
P29369,2212.579510777406
P29370,2344.667641033622
P29371,2184.421720428086
P29376,2379.9079402770035
P29381,3659.058004875465
P29383,2141.238827960385
P29389,2266.3068629976574
P29390,1900.9627184702854
P29579,1606.368120147484
P29580,1764.7951954851053
P29581,1846.0881414844832
P29583,1987.908275822222
P29584,1854.687217197144
P29585,1800.6772288242062
P29628,2008.7087831601687
P29632,2068.583978801054
P29653,1536.8268339379551
P29654,1915.674936446394
P29657,1662.8107872653807
P29710,2047.61676001591
P29726,34474.926406307095
P29727,47979.80862406637
P29728,2026.7246524872128
P29748,2062.6177055644566
P29750,1884.347301163243
P29751,1879.6093911297603
P29786,1834.0492496400016
P29787,2283.0243404138996
P29788,2340.952851809265
P29789,2302.8395537270385
P29790,2237.6729512150646
P29791,2847.111700713765
P29882,2152.9105046150935
P29887,2751.1560704440208
P29915,18656.863986835993
P30021,2065.2214078414563
P30022,1962.7688149437915
P30044,2554.4588692751377
P30051,3087.281751117461
P30054,64490.698746741655
P30329,2289.5959855119663
P30336,1958.4373897495038
P30446,2463.413636809052
P30580,2601.2150189709605
P30581,2470.6429154357766
P30582,2404.822461627529
P30584,2400.953833336871
P30585,2474.4550662244255
P30761,2038.7682058855266
P30768,1823.090580249787
P30836,2068.081484338428
P30964,17807.83105771174
P31127,2025.507805880087
P31152,2971.6735948483806
P31154,2145.6546418229927
P31177,3252.8543630945755
P31266,2188.279321041341
P31308,2369.689188230598
P31309,2054.279627257748
P31310,2112.180416505037
P31312,2391.2185053456237
P31313,2275.406142347369
P31314,2540.3667533678076
P31331,3195.2917852347036
P31332,60981.08089716946
P31333,2093.689964738242
P31340,39437.681551940695
P31341,45610.64355053155
P31342,2947.585134462822
P31343,1593.634135749916
P31346,2215.6696664856477
P31349,40005.65139451737
P31351,2255.6769522099794
P31352,2625.6374107921824
P31355,2639.375681421299
P31356,2636.060932843824
P31396,3213.654777517119
P31433,2402.96011919802
P31438,2073.258417925079
P31440,2383.4422959991693
P31441,2376.6419781453624
P31442,2394.4121683628196
P31443,2161.800682959077
P31473,2025.5393360039307
P31477,2096.7504467616336
P31493,2557.0180759717646
P31501,2198.9308624055393
P31502,2294.621864532795
P31505,2329.0328242061896
P31574,26868.040282307116
P31578,25398.902376263417
P31610,32230.51852783349
P31611,36551.405376693
P31623,1770.7903064881489
P31627,1643.351023661008
P31629,1599.5287394896677
P31632,1663.2026715571672
P31633,1646.238304802527
P31634,1797.5838088002238
P31637,21003.763448606405
P31640,1989.263422746202
P31642,17026.55487168224
P31644,15082.298434438302
P31647,3344.04351104968
P31680,16852.483251075744
P31683,20070.687349177657
P31684,19673.856895498728
P31690,17113.3798422982
P31830,2307.3068313586764
P31832,2463.707749925823
P31833,2241.89520849499
P31835,2369.2539191897563
P31836,2336.635109784247
P31837,2207.8216541701395
P31838,2396.9425146821654
P31839,2249.372330618837
P31840,1962.7306688715905
P31841,1979.74081688333
P31844,2390.9277019080323
P31846,2343.7292016902184
P31847,2337.5575807242576
P31849,2209.0577298801377
P31850,2316.9547262437254
P31853,2369.587916682384
P31854,2709.734075328417
P31855,2315.098875503325
P31858,2393.7259641126593
P31860,2955.6886479152968
P31869,1656.63676127877
P31873,2484.4371826522765
P31874,2396.9440106523407
P31876,2458.818049746788
P31877,2636.157129268306
P31878,2547.3401780499626
P31879,2910.460077889406
P31881,3032.0886067853367
P31883,2576.506134050391
P31885,2432.781303302872
P31887,2308.3111047947414
P31888,2378.003219785625
P31891,2185.641453445448
P31894,39152.53850837532
P31895,50354.04790173878
P31896,2741.871548635283
P31928,3361.0419145508986
P31976,2056.5530409582148
P32014,19737.52850630613
P32065,2356.4430314715523
P32126,2391.0132581934035
P32564,16691.97184604957
P32570,22916.287195263034
P32581,3510.9357237457384
P32625,2809.6646594525446
P32901,3442.9389953287005
P32918,2128.9629516312993
P33013,3105.2503788368954
P33017,2737.2453203741284
P33089,2335.173458115144
P33191,2189.948477233636
P33395,2242.801640349736
P33532,2097.128713519958
P33533,1929.358949870716
P33534,2131.9421444350064
P33681,1904.0316152096123
P33682,1905.5953095622533
P33683,1954.6365083267242
P33704,2013.674560371615
P33943,21908.838258736614
P33945,26844.039758865023
P33971,2681.0140934038195
P34002,1444.4242814434688
P34078,3132.8808903411755
P34082,2434.4712076317046
P34083,3504.598523491492
P34087,1997.5634546008944
P34088,2780.2203894972263
P34090,2470.1548512699655
P34091,2807.5288832421406
P34094,2294.3084266118462
P34095,2196.7462280462905
P34096,2311.130892360426
P34100,2441.9624960429455
P34101,2259.413020132092
P34102,2251.4949934261876
P34103,2297.464035166233
P34104,2315.064992718701
P34105,2322.756573764214
P34106,2338.4411782012226
P34107,2324.161437138736
P34108,2250.959634285578
P34109,2366.604806137172
P34110,2938.107514418327
P34112,2730.6344899268433
P34113,2415.765513829471
P34115,2990.0777051572095
P34117,2144.0642765940675
P34119,2385.335601456462
P34120,2006.0261420901056
P34124,2003.9713011575097
P34125,2250.7232794439037
P34126,2353.59574267674
P34127,2097.4085926897465
P34128,2590.332355999298
P34130,1562.4212980285965
P34133,2554.771698506324
P34134,2127.6836146297014
P34135,1489.0820483523923
P34137,1706.439028566343
P34138,1645.5075552495596
P34140,1697.8812638897234
P34149,2353.9969802995247
P34150,1924.1218602267168
P34151,1726.0829694485335
P34152,1751.2963379367832
P34156,1768.288636715267
P34157,1823.883512326205
P34158,1817.002183356854
P34161,1860.3942337956425
P34164,3694.7714837978856
P34165,2375.2741760049794
P34166,2085.148751932081
P34167,2278.6147085155976
P34168,1952.5446196847013
P34173,2077.1650947915746
P34179,2514.9234963701997
P34180,2053.192197325596
P34181,2092.465901474232
P34182,1994.0316853377672
P34183,2115.1634054457295
P34184,2341.1066453052345
P34185,2904.730469650126
P34186,2345.3651302310545
P34188,2336.1474399061335
P34191,2355.04038539411
P34193,2161.3271796738645
P34194,2420.923313454113
P34196,2181.1722010580966
P34197,2083.1986626873572
P34198,2052.010903113624
P34201,2134.849748521417
P34205,2363.1171041072994
P34208,2513.014310845664
P34209,2512.6742725593235
P34210,2428.164816496208
P34211,2242.0151787210157
P34212,2331.0411481788256
P34213,2436.3246357000808
P34214,2880.759778428007
P34216,2809.9043856676694
P34217,2683.919410940924
P34219,2391.573200004259
P34220,2231.3209717658665
P34222,2217.1571440482962
P34223,2150.818677183789
P34224,2728.6034717856624
P34228,2283.4172948828664
P34229,2221.45029347681
P34233,2426.605316479981
P34235,2395.9241770289946
P34236,2473.867543820866
P34237,2318.9150729367034
P34238,2318.594117701875
P34255,2572.278275949339
P34256,2531.9752429216996
P34260,2906.4357982232837
P34261,2639.0403389728326
P34262,2442.6333266603965
P34263,2424.9005593465595
P34265,2364.077251523782
P34266,2442.7615713463697
P34268,2627.2400452976576
P34271,2545.164796745824
P34272,2431.9825176730246
P34273,2996.1534035984296
P34274,2488.5576286677224
P34277,2364.195979901983
P34282,2311.1950085634453
P34283,2787.752676797619
P34284,2215.4271963826827
P34285,2259.4503303377946
P34287,3067.303270702967
P34446,2718.7084172126324
P34447,1763.652479596835
P34448,1633.8162667297286
P34449,1787.2118346645702
P34450,1914.1409046991753
P34468,1919.3644128376657
P34469,2033.6042590926052
P34474,2236.633577976634
P34476,2139.4813979885193
P34477,1910.3796658759945
P34478,2247.095895057573
P34479,2121.7276050352457
P34480,1984.959101061465
P34481,2022.7826645558775
P34483,1949.2575320956778
P34484,1807.627952673296
P34485,1987.31131951026
P34486,1999.6341303091458
P34487,1978.78135323962
P34488,2034.8693481547969
P34489,1933.8750253794078
P34490,1925.991200317644
P34491,1799.0287559934854
P34492,1832.6286596032458
P34493,1962.7389336655838
P34495,1801.2932551837953
P34496,1772.6155154875396
P34498,1705.7389385330944
P34499,1679.618879977841
P34500,1879.8399148969468
P34502,1928.6629571879696
P34503,30865.129351108844
P34504,1683.300599419413
P34505,1722.6600525031681
P34507,1732.6602167559802
P34508,2135.2412066150378
P34509,2234.836852184782
P34510,2173.1789589245504
P34511,2084.149566507075
P34512,1671.2321631533791
P34513,1946.1483241212952
P34514,1702.3644148290407
P34518,1740.8383070801697
P34530,2242.6623425774574
P34531,1923.6711158281175
P34532,1811.1437355102655
P34533,1901.5304018922052
P34534,1955.7741468964014
P34715,2376.730945312655
P34717,63609.806588841704
P34729,3336.1539007862566
P34800,2607.8774720978076
P34801,3030.724703852081
P34802,2642.624698171963
P34803,3353.4677569460428
P34807,25360.33154248052
P34855,2775.003109397255
P34858,34856.47488576964
P34888,2262.2579193443435
P34890,2409.178645874976
P34893,2147.906431885676
P34895,2337.690089589474
P34909,2235.1453855700047
P34910,2532.2371315803325
P34911,2734.520168840563
P34912,2520.077399220473
P34956,2687.6972335032488
P34957,2845.3318160837935
P34961,2503.052629006769
P34962,2659.607758650728
P34967,2902.602477574211
P34969,2095.1924176744474
P34970,2717.1560036742158
P34971,2198.504385724862
P34972,2505.611987471655
P34973,2066.4164299582285
P34974,2748.850464698693
P34976,2507.699126911687
P34977,2939.982859313234
P34978,2842.3315580563726
P34979,2911.984503799489
P34988,2846.946749195776
P34989,3066.2814351573893
P34990,3044.0727351183486
P34991,2840.6093233744723
P34993,1642.086758705098
P34994,54514.72963483818
P34995,2650.441225892794
P34996,2470.479196690624
P34997,49163.947077859666
P34998,2367.42880151107
P34999,47917.64907469787
P35000,2572.035987738129
P35001,2270.0084973591406
P35003,2910.8328433963256
P35005,2615.2070550628273
P35008,2688.9795325879572
P35039,3080.316880882667
P35080,3253.191083024188
P35085,3054.7811942814556
P35087,3034.9738522854186
P35091,3032.010176999596
P35093,3029.1735114838275
P35094,2955.3480394824883
P35095,2557.9021449299516
P35096,2676.9187499725717
P35097,2629.3586214400984
P35100,2815.352982220862
P35102,2444.145480988816
P35310,2870.8237377560536
P35315,2908.750965734703
P35324,2623.0503038265883
P35326,2720.27133828883
P35329,2240.0517613438833
P35331,21168.73795453676
P35347,1936.4015660886598
P35349,2116.464066146122
P35352,26674.948870489676
P35354,25701.273227497688
P35374,2129.992028379482
P35645,1803.840065028226
P35948,2508.281725269542
P35950,2589.6414222187686
P35954,2614.7076377984713
P35957,2718.6655221334154
P35959,2198.489848507494
P35960,2335.472785317279
P35961,2372.3978822131526
P35964,2303.7323703743114
P35966,2269.5328293362236
P35967,2468.8591633576466
P35969,2198.9862608448484
P35970,2223.151427620588
P35978,2284.029961983943
P35987,2461.196779273916
P35988,2161.8590567805013
P35989,3002.6448097833545
P35990,2557.886252510388
P35991,4273.272084311453
P35994,2702.8218067654816
P35997,2070.8263533766562
P36003,2569.3886975211367
P36004,2359.8338657483146
P36006,52540.25148629961
P36010,2277.820517030831
P36019,2203.4772739039436
P36020,2452.2834859841696
P36021,2078.3429556145807
P36082,2333.8237624504554
P36084,2485.3531024220592
P36086,2357.041700653409
P36091,2844.4488950985065
P36094,2282.990579092075
P36095,2435.968965253101
P36097,2331.017398621929
P36098,2398.786476133578
P36099,2192.6192410336835
P36120,2588.353763590139
P36123,2366.3376483577845
P36125,2711.1953805555804
P36129,2306.5211619389493
P36130,2445.7673002705246
P36132,2297.708194460346
P36136,2394.052713671976
P36138,2367.8269156515094
P36139,2218.948238071632
P36140,2407.86027257071
P36143,2009.5952292851625
P36144,2557.8367346189225
P36146,2513.100415217961
P36154,1916.8021549240293
P36158,2443.1771080036356
P36159,2378.283115731907
P36160,2313.781641549596
P36161,2170.607714607955
P36162,2217.584381533361
P36163,1987.9048142730571
P36164,2691.283969349964
P36166,2201.659917358079
P36167,2216.0950497953363
P36169,2238.0699697793425
P36170,2242.67046546935
P36172,2222.5034372036707
P36174,2364.60396318399
P36177,2257.959862171913
P36178,2144.1301334368513
P36185,1952.1279135700229
P36189,2435.0322935855725
P36195,2400.1574272327784
P36201,2410.873817485452
P36202,2244.6423690145903
P36204,2395.0911083561396
P36206,2354.696017769092
P36207,2196.1766209393977
P36209,2156.8122247189813
P36213,2368.894370646309
P36214,2225.3059387544577
P36217,2147.757237621419
P36219,2271.632816807662
P36220,2323.950136832695
P36223,2372.975185313504
P36227,2441.717339385138
P36228,2350.613482990064
P36229,2321.4529852876267
P36230,1942.0265740979603
P36231,1904.9018852544818
P36233,2949.8496247049475
P36251,3267.3351533797986
P36252,2441.877077818826
P36254,2633.4219216225188
P36256,2726.7102929283615
P36257,2132.7716439345054
P36260,2740.7710105300657
P36261,2874.5756317936707
P36262,2178.9345454801523
P36263,2070.367708777029
P36264,2495.270123117142
P36265,2374.4496889175994
P36266,2039.9578767542873
P36267,1905.4193026799676
P36271,2091.0163983040425
P36274,2072.6816311334014
P36279,1989.2618441601032
P36280,2931.5427541778863
P36284,2177.4258544723916
P36339,3588.9305180962383
P36465,27798.507987337736
P36467,34170.93433055493
P36522,2740.6912450242858
P36526,3266.5873403730234
P36530,2008.0458053623063
P36531,2289.240851072669
P36532,3521.2560022710463
P36533,2291.302374239504
P36534,2383.7675992360905
P36536,2235.0464035591713
P36537,2448.840567633457
P36539,2358.9978449756295
P36540,2238.091456496372
P36541,1990.3726596702593
P36543,2042.1921119174106
P36544,2118.3682622978317
P36545,2191.6453210366035
P36546,2112.732587424635
P36548,2519.384982182603
P36551,2698.7610934918334
P36553,1861.3999399265474
P36554,2257.010960078386
P36556,2014.297895456172
P36557,2538.3635517560274
P36558,2420.0489510354273
P36559,2342.844683408807
P36561,2728.587788519826
P36562,2231.563671732051
P36564,2074.6041310257656
P36568,2194.1853673346777
P36569,2221.1558848336913
P36571,2176.3296307695127
P36572,2202.0823998489213
P36573,2174.6501273596527
P36574,2112.9450726293157
P36576,2839.786810050673
P36580,2333.033582974696
P36581,2308.005080487663
P36584,2817.510030506644
P36586,2397.59411450495
P36588,2685.1362265741773
P36590,2517.3837818150255
P36592,2699.4635315515898
P36593,2909.5036648700016
P36594,2107.4683062023582
P36595,2198.3374582738393
P36596,3667.3060347834553
P36599,3113.0071569193706
P36601,2282.3025924186736
P36602,2581.536067713895
P36603,2563.3317113497724
P36604,2306.8594113544614
P36605,2534.634405798005
P36606,2293.138286484859
P36726,1915.4554138830613
P36766,3363.0883325163077
P36815,2663.7209230235894
P36818,2758.8516432847805
P36834,2150.5197014415867
P36885,2948.3094853087746
P37189,1663.540092281739
P37226,2099.3800386549165
P37227,2316.6185278997973
P37228,1906.3563339106863
P37232,59994.91497659104
P37233,2453.409238388427
P37235,45534.384989878665
P37236,2067.1095691574646
P37238,40542.525778509866
P37242,1447.3159937500423
P37246,1942.7690855657404
P37247,39882.748106651525
P37248,1813.7239170042287
P37251,2103.1450346473603
P37252,40052.2833990312
P37258,2211.256200969926
P37259,1569.8915414904495
P37260,1667.2457579602021
P37261,1690.0941525211786
P37262,1935.0609394774115
P37268,2033.0558061551583
P37269,2008.8143119613164
P37271,1847.3675666331255
P37273,1618.4913292755546
P37274,1504.8653592774554
P37276,2059.117825454089
P37278,1970.2977373950973
P37281,1929.5653992811497
P37282,1829.106569225903
P37284,1744.3176383558828
P37285,1935.7863639547174
P37287,1893.8930526557474
P37289,2048.5994940470364
P37293,1710.105313525738
P37300,44389.578262077426
P37301,40483.73088719747
P37307,1747.344635620999
P37308,1693.7181201355108
P37309,2841.8099829406465
P37312,1915.7625352344392
P37315,1393.571436441975
P37316,2147.5273685553775
P37320,1860.7509955176697
P37324,1374.9185156082199
P37327,1771.6565889503552
P37332,1623.707619401519
P37333,2088.3405574006447
P37335,2163.9957195081993
P37337,2485.7110840974324
P37338,3328.903789044113
P37364,1882.159170163293
P37383,33720.01801050016
P37385,1693.3609331003615
P37387,1549.0256829298407
P37390,2259.317017575685
P37391,1943.4547912668897
P37394,1613.7613297845353
P37397,31831.040428370165
P37399,43002.81536992686
P37401,2174.4619430299663
P37405,45114.201873371596
P37407,39509.98299748609
P37409,1896.1447226140706
P37412,1712.0587333053738
P37413,1678.2917163671175
P37414,1808.3150038053732
P37415,1854.9091583836475
P37417,1703.8651040201485
P37418,1601.2400993153906
P37512,2270.423966097424
P37519,2198.679312849445
P37524,2454.4414498330566
P37535,59476.89701701
P37537,2793.220763484975
P37538,2007.4868475322799
P37541,2556.9971318268977
P37542,1796.6333300667613
P37543,1701.3388010288363
P37544,1609.0964707323467
P37558,2484.792789320387
P37560,3121.007377073196
P37568,33960.941557871796
P37570,2109.2718817225687
P37573,2226.7616362374733
P37574,1974.991903643964
P37575,2193.0166432909195
P37579,1883.5080071736857
P37580,27097.096944665183
P37581,1857.1332992802809
P37582,1831.5459173438958
P37583,37912.27010792916
P37587,1796.2007869700622
P37592,1346.9778268911014
P37595,1539.1777867009043
P37597,1648.7280769812492
P37599,2104.259550157671
P37600,41405.858525792304
P37602,2470.372270266816
P37603,38014.97283389551
P37607,2013.417869183751
P37608,31722.490649686304
P37610,1959.0155051605307
P37611,2004.3058840045103
P37614,4650.022867697788
P37617,2479.110152558126
P37620,3355.974882042904
P37624,2475.697452519297
P37627,2718.7417684253983
P37631,2370.5140086734605
P37632,2349.7779912773744
P37634,2251.8595322783362
P37636,1368.913634557141
P37640,1607.1778431071114
P37643,1199.2985225693958
P37652,75095.50171911588
P37655,2854.510756829138
P37659,2335.5737901726798
P37688,3062.6979820072497
P37701,3143.980472490206
P37740,2593.3826597329826
P37744,2965.634210807974
P37745,2808.027139026694
P37752,2139.6745275345056
P37753,3445.841760207598
P37762,2310.4875016379838
P37763,2234.273734880637
P37764,2274.5147683955015
P37766,1990.1524418653512
P37776,26773.59846427026
P37779,31068.23559905913
P37786,42996.68426098814
P37788,32421.57247139863
P37789,37779.10876507507
P37791,37479.853919582725
P37793,2507.2845887650233
P37797,46665.589670356174
P37807,2351.0267806925617
P37812,1358.3845290620682
P37813,1524.7782101910198
P37841,2423.980435036755
P37844,2906.6257535971363
P37845,2518.832183342597
P37848,2929.553922542262
P37852,2373.7708678309027
P37862,3379.752419085516
P37868,3394.5812187858623
P37869,4360.878345813599
P37871,3571.8670828951613
P37872,3987.5717921283235
P37889,7370.484576365386
P37904,3519.818361821662
P38035,6842.789067858793
P38144,9739.458178074505
P38166,2842.152034290393
P38167,2772.012926274974
P38206,2885.2535927983104
P38235,2488.2321311153255
P38239,2153.185618038625
P38349,2245.268268593459
P38350,2485.9183063848554
P38352,2338.874755235748
P38389,3404.2925844274864
P38392,3015.757421361911
P38393,2361.3662434134285
P38918,2781.744903012576
P38925,112051.9949093789
P38926,77642.655390869
P38939,4442.387655351572
P39206,3186.2512811173065
P39451,91538.09175273396
P39531,28459.36021388633
P39536,37007.24388781037
P39606,4597.004530414058
P39665,2979.1041757459175
P39668,3091.47899131106
P39670,3269.788040845093
P39672,2806.4751022560486
P39674,2443.0379515361487
P39676,2546.4345217736136
P39677,2579.5941412980937
P39678,2613.1649627686397
P39682,2751.538036675443
P39683,2635.420667966254
P39690,3383.20130918622
P39691,1596.6352848177992
P39693,2462.9534115635242
P39694,2205.490541557554
P39695,2508.8840219538965
P39700,2186.3582564974795
P39701,3628.545760555524
P39707,2737.2499252872585
P39708,2859.73663398182
P39709,2426.5070682307205
P39710,3092.773294177116
P39714,3151.581355353507
P39717,2494.609131400137
P39719,2011.9822250212453
P39722,2010.4238288381803
P39724,2050.622844444127
P39725,3221.8801988279633
P39726,2852.331439678412
P39728,4191.423283862721
P39730,2577.682621169376
P39731,2413.0063420356855
P39737,2674.5743205539543
P39738,2478.7323189068043
P39739,2768.516561563664
P39740,2615.5298037068683
P39741,2997.6162305091793
P39742,2604.6472146945985
P39743,2608.855915852814
P39745,2701.1900519700207
P39746,2158.2276355651984
P39750,2418.9621949208254
P39751,2292.3359067037386
P39752,1849.9239371649817
P39754,3287.588368650179
P39755,2291.7532113445122
P39756,2225.6613453763725
P39757,2646.346075684644
P39758,2765.094789924732
P39759,2710.064813992645
P39760,1980.8779720721177
P39761,2062.5523328852396
P39762,2042.796973143241
P39763,1938.2732837815906
P39766,1983.1674938463914
P39769,2179.3433307381756
P39771,2768.2827387505436
P39772,1710.8389099421274
P39773,2453.670934834387
P39776,1959.8566870922077
P39778,2607.972942796664
P39779,2587.401087047742
P39783,3049.684352273559
P39785,2322.5589040485806
P39788,2148.307722918941
P39789,2312.9386868875195
P39790,2223.654353872594
P39801,2634.703593747283
P39808,2269.272919100966
P39814,3812.4220419556996
P39816,2105.8053005710976
P39823,1862.5063476626192
P39825,1995.2280192927342
P39832,2183.7767346331507
P39846,2541.1431502916744
P39853,2817.9672298928485
P39856,2525.9968574906748
P39929,25995.81678757444
P39936,22649.76236803699
P39938,24693.954012541
P39946,24469.385944517337
P39950,35514.445600412124
P39975,26436.982064155887
P39977,25027.199288524127
P39979,22427.01933842927
P39981,26099.559636005994
P39983,21139.048310830305
P39985,19999.453447955773
P39986,25435.311272677434
P39989,2394.3457914801634
P40003,15875.953468347
P40004,23667.73280793913
P40006,2335.163813906574
P40013,2107.6197364718855
P40014,2346.548387078051
P40015,2368.8248025426683
P40016,2400.520234420634
P40110,1949.658083892149
P40119,1606.8091768052795
P40123,2595.0206693052087
P40125,2011.3252276277478
P40141,55324.625573833306
P40147,1866.0331499173096
P40149,2959.803990781198
P40154,1830.8944042990063
P40189,1980.899874159981
P40192,3479.101906234193
P40193,2331.7986036457664
P40195,3064.205309103365
P40204,1874.7344150679753
P40205,2361.4224793190224
P40208,2572.152854799032
P40214,3404.7953920104005
P40215,3159.035266072741
P40216,2287.6399533190074
P40217,2126.0022162385512
P40227,1791.2604721409728
P40235,1830.039956742925
P40242,1861.6225628340385
P40250,1647.5904365539498
P40260,950.8055051554022
P40263,1498.018420673873
P40266,2082.7428261917426
P40267,38934.88882839522
P40272,1754.1916100789463
P40279,1905.7620283270235
P40286,1222.8893089759943
P40288,1728.747979815976
P40290,2168.9599462075835
P40296,2818.6280239554135
P40327,2478.805339360261
P40340,1822.456960745287
P40354,1345.017273877994
P40356,1645.8653075036245
P40367,1426.449238299131
P40372,1882.3081133608675
P40378,2071.576044890715
P40388,1305.9217326062076
P40389,1401.0359598550606
P40623,2501.5552980385637
P40654,2281.9599413158917
P40661,1787.3829305325748
P40676,2310.2648316298346
P40681,2195.6135942464416
P40683,42551.21305832693
P40696,1625.1489562872455
P40704,1740.9257929152352
P40712,1980.2800256938583
P40715,1728.0833894230198
P40728,2316.7532865222834
P40790,3173.8088002228496
P40920,2374.134820763059
P40921,2225.4796744330765
P40922,2311.7927620089054
P40924,2239.372556186435
P40925,2545.8528841331786
P40926,2248.164463704543
P40928,2233.644755195437
P40977,2155.2814450756796
P41092,33739.18869055344
P41127,3553.3651219735107
P41166,2872.086373127972
P41233,20980.736929844887
P41236,22608.315083923524
P41237,18012.435104534492
P41238,28062.276448606626
P41242,2172.731407516079
P41244,1671.4437808455932
P41332,2025.4234474262291
P41333,3076.946120636946
P41346,2290.4144746078928
P41355,1850.7986305934915
P41433,1719.4839541743293
P41511,4343.538336428106
P41524,3912.565521505274
P41625,2519.915722310298
P41730,1972.9062239181742
P41738,2056.3245710080632
P41740,2717.061153101157
P41742,2070.249774764799
P41744,2303.3320827413345
P41752,2305.391669750336
P41754,2277.8756160471894
P41755,2387.021879597644
P41757,2273.6436192012707
P41759,2258.504730365984
P41760,3414.5565069315944
P41761,2828.338828467509
P41762,2287.0764133090165
P41765,2269.02340250245
P41767,2656.630251060201
P41770,2497.6619182307372
P41771,2493.4935615124646
P41796,2305.1646965023615
P41797,2195.0460727663453
P41798,2564.994885052503
P41799,2259.852119225169
P41800,2272.248960581036
P41801,2293.6704758002115
P41803,2324.9802280053727
P41804,2292.601232661458
P41805,2291.88380372421
P41811,3856.3967597766123
P41814,2253.270837635593
P41815,2352.2418472443856
P41817,1887.8336586455428
P41818,2168.807252587396
P41819,2139.9308048678986
P41821,2145.061102933184
P41822,1958.1198960374015
P41823,2072.7806694873175
P41827,1707.0250940560963
P41828,2829.9427090822373
P41839,2159.180440651428
P41841,2482.428859980242
P41844,2160.449424651331
P41855,2349.8393896601724
P41857,2139.9097077319248
P41858,2284.8775234383393
P41861,2085.0276612813946
P41863,2291.1065114402622
P41874,2425.067153244244
P41877,2384.97957457688
P41889,2034.90586922071
P41891,1800.81953338211
P41892,2231.2320253553285
P41895,1564.7459515435175
P41900,2073.3777829876285
P41901,2522.747989079942
P41928,2485.5224818601996
P41931,2280.5275416904415
P41934,1461.3480887801343
P41936,2315.375414357363
P41938,2376.6648806748776
P41948,2211.215938915198
P41952,2181.6677125229094
P41954,2311.3598254115727
P41959,2083.7201415638383
P41961,2709.3401348309108
P41962,2254.774807402063
P41974,1810.8198208852323
P42054,2923.514387381362
P42061,2540.158490764465
P42064,3310.5906154800946
P42102,27374.711080447334
P42120,25827.82723394885
P42129,21865.402526805614
P42190,17182.877174267745
P42296,2971.4818187395153
P42297,2521.779933697478
P42298,40056.48091226767
P42299,1555.6575830593163
P42301,38081.610079343474
P42302,1732.5864891028418
P42303,2387.7273837814396
P42304,1572.104922563457
P42305,2252.618811774377
P42315,2113.6443431876987
P42318,2136.7418989547273
P42323,2302.65629697586
P42324,2240.8327303858723
P42325,2394.77328437827
P42326,2439.2527334206993
P42334,2047.782480322395
P42336,2026.7409288535994
P42339,2777.559400979665
P42343,3157.906141505873
P42345,2288.96172196189
P42347,1929.287875788504
P42353,1847.8714108657264
P42382,2378.3491272276865
P42385,2185.672801109997
P42395,3612.075489246003
P42396,2880.7326296150313
P42486,2214.600361486553
P42571,1942.2507414200445
P42688,24794.102396593444
P42745,2478.5774512790963
P42797,1865.730809297928
P42818,1758.949695471762
P42820,1510.4320628676041
P42821,1528.0991677631846
P42826,1906.4218883638127
P42827,1483.372714131541
P42838,2025.5096837870412
P42846,1742.8210024718032
P42848,1494.5264621046733
P42850,1625.1414121280743
P42851,2137.558533469543
P42854,1532.7690340761162
P42856,1980.917178720275
P43126,76565.84943703804
P43212,63748.3242508641
P43476,18075.293639688058
P43491,21895.18593919137
P43495,22019.65511978294
P43546,3195.24257161069
P43627,15431.382633180086
P43846,2509.649246983638
P43866,3355.427252279692
P43933,12417.75803225132
P43962,5784.227746181354
P43987,3470.9254483392187
