pipe_id,predicted_cost
P01002,18039.686698423997
P01054,19206.796734942745
P01066,20086.590921166047
P01078,53294.6191671009
P01112,19866.91647011662
P01140,117431.6005311541
P01148,20370.063120370065
P01161,17898.663548210086
P01166,127027.00622154887
P01238,15724.25046380875
P01317,48650.415019653294
P01350,46679.449924773595
P01380,136505.84197385033
P01452,16892.60987769756
P01571,19567.21940220183
P01689,123090.7480384833
P01720,45909.27622215935
P01767,18932.62113168821
P01803,15887.001268807866
P01805,45719.681352095686
P01813,57318.79060956782
P01815,19145.481822490485
P01836,19853.61697643278
P01838,17119.59173583443
P01846,18363.03783801799
P01922,45339.94709690599
P01959,19966.67680509664
P01978,40072.61324225088
P01986,50584.99165330795
P02000,121061.09185485993
P02031,17999.641697680785
P02032,18165.454656034857
P02062,16490.818648590546
P02085,19833.888221905767
P02099,17636.03386188897
P02155,18205.38818679409
P02191,168518.53071510702
P02227,44362.080416881356
P02245,17025.964631799536
P02246,16498.267022058033
P02316,45268.90698124434
P02318,20334.30365736324
P02364,17398.496566300597
P02365,17944.385151828334
P02410,21083.590207579837
P02412,46915.93972309903
P02432,17605.17432905038
P02545,46627.22386094557
P02600,44444.44738389887
P02649,48891.45140940763
P02663,18453.189010787173
P02665,18125.326554258914
P02666,18218.11506666249
P02667,19847.565687052287
P02670,18839.883151612885
P02674,16402.69868198858
P02707,18072.444809703964
P02708,17989.444983213365
P02717,17537.106042372514
P02728,46557.518960352754
P02764,17934.63903326683
P02864,18384.555579837288
P02878,47607.28331890334
P02908,16912.515658457232
P02912,17450.948256045194
P02914,23825.787255890085
P03008,59007.91615706576
P03057,18987.828484113565
P03076,17643.348572946525
P03259,46902.70257951648
P03314,44093.15793317708
P03349,44041.20860291683
P03371,16825.32120234216
P03387,17479.75414937998
P03388,17586.06302035643
P03402,151347.72410561476
P03412,48621.83654994747
P03485,205211.48620087147
P03490,17353.912463878693
P03493,16640.13314667761
P03591,35209.124965268726
P03655,17876.185033223985
P03702,373729.0313620807
P03704,384698.4548839269
P03791,44931.68855455254
P03798,50778.92167301882
P03881,55894.43929549573
P03884,53757.80060686197
P03917,185248.69556319094
P03986,18066.01658987315
P03988,19436.32509151082
P04074,47258.188978771504
P04076,43422.81022489083
P04147,129724.58004487655
P04152,51110.89639157448
P04184,18466.56014541152
P04186,18783.23364712574
P04221,50217.75736251773
P04224,16099.253624124833
P04249,17596.41008765538
P04262,17868.536009289543
P04289,45630.91214127702
P04293,46359.74648962372
P04305,19409.96500149202
P04306,18772.386454429325
P04308,18964.71674863679
P04311,59722.19031292325
P04416,246624.20906535565
P04417,330677.4783060188
P04467,52131.2533459737
P04495,80879.77004054176
P04496,19255.79834275129
P04521,16691.452057468938
P04535,16187.917723115137
P04581,107187.09633396441
P04600,21077.240200897628
P04698,16434.200294946022
P04701,16793.326957751742
P04707,19104.354388902888
P04752,46315.98578392194
P04754,44736.22183433856
P04801,19478.682709537177
P04860,18521.695261882203
P04861,18009.46631035097
P04862,18054.878445123257
P04865,18863.80775820141
P04868,52306.11942461152
P04869,53515.06021713163
P04986,17335.42795939974
P05007,16339.204391485124
P05036,21015.637468112393
P05040,124851.94305978084
P05042,117282.79231581424
P05043,45321.24196610112
P05047,19105.147065407175
P05055,16090.623931954802
P05060,17565.195284522095
P05103,17396.083917184675
P05106,17494.5693570097
P05128,44595.25326342431
P05134,18790.029592393126
P05139,21250.548591218783
P05140,47016.7540436361
P05163,151358.05364955642
P05168,149778.30964713055
P05229,18263.463167999846
P05323,39920.10063113929
P05402,18796.815283919925
P05432,47117.094400956936
P05435,17293.459193477574
P05447,17290.463055538385
P05448,18364.830744543666
P05458,17712.99465125693
P05476,19226.551018633945
P05486,20112.095842603827
P05504,16944.294648699943
P05551,21435.328120909984
P05560,46862.501528467044
P05575,46232.50965861933
P05576,45339.94709690599
P05594,16694.970837629044
P05608,17324.01523024781
P05758,51985.8964004256
P05769,49705.73119190025
P05800,18103.334890983715
P05828,19566.77584045406
P05834,21047.852989569266
P05924,130176.51604876196
P05925,119587.6542389243
P05970,47986.38472251104
P05978,24094.224922592548
P06017,48906.909111903304
P06030,51373.56573386218
P06072,50340.274738117354
P06077,19345.584815965063
P06124,44083.70801357594
P06182,18493.76086162741
P06184,19509.02013582275
P06189,19304.796637814143
P06193,21066.91032053517
P06200,38280.77659198681
P06235,18520.10284600408
P06245,48238.679822065125
P06287,17770.795456509462
P06292,187082.78521374342
P06302,121134.63188309487
P06312,16598.872434791534
P06314,114511.48604891858
P06315,17913.913516617897
P06331,18999.461376519113
P06370,17619.42832985096
P06425,18579.152684642242
P06437,18830.642971252208
P06454,18511.719715305604
P06764,19443.36537620551
P06802,17895.049277737853
P07084,17382.467143619957
P07090,16751.94558276298
P07131,20262.117796090293
P07177,18967.751095396314
P07302,115784.76004284662
P07333,51881.66740897758
P07468,18079.60980922509
P07632,20294.185116382585
P07949,17028.556534549938
P08016,45555.02358932378
P08140,19875.82485830236
P08142,19614.01409261125
P08275,20972.637209744567
P08337,46722.60480695964
P08398,17567.037657936962
P08496,18946.235900492902
P08497,115751.61662355372
P08525,18335.109087213954
P08540,102925.70969760219
P08551,52999.98633504908
P08940,17582.872808706197
P08942,142918.02226859346
P09041,15245.743237442552
P09042,19201.797347812768
P09096,17757.382976165805
P09568,18053.351194746607
P09724,31820.548290288636
P09725,32125.011568090078
P09897,16289.713639597549
P09898,15625.563103457318
P09900,16107.063369326605
P09901,16342.119626009851
P09902,16894.213862845714
P09904,16063.635032402784
P09922,18051.92497230524
P09924,18051.92497230524
P09925,18361.522137684224
P09929,17336.295523878485
P09932,17587.517723771678
P09939,17828.146957543453
P09941,15950.1045471699
P09942,15735.519556231753
P09943,15653.461048582252
P10039,17159.012075183644
P10058,15433.949729681808
P10059,15638.161193257283
P10064,15737.151668122327
P10077,51544.67089290022
P10219,50166.57369598346
P10438,18712.1823509357
P10451,18636.551600790677
P10490,52735.89255271581
P10724,49804.924681510085
P10787,17893.380703490286
P10815,16567.57419029856
P10818,16132.164952118612
P10819,16325.659689761998
P10820,16132.164952118612
P10822,16043.000082805765
P10823,16132.164952118612
P10828,16134.608577112596
P10829,16134.608577112596
P10830,16279.97890412968
P10831,16365.176110573962
P10833,16263.285041299923
P10843,51146.06598436516
P10868,16815.910144487854
P10977,16753.615746089574
P10979,129654.57795632415
P10980,120497.04782085349
P11003,17414.46897664851
P11218,49647.88370907043
P11352,16019.627473169796
P11353,16598.192709533214
P11401,51511.96629604179
P11418,20167.528219566448
P11581,48215.28850005215
P11624,18238.662704618353
P11634,18967.49590508746
P11647,19861.665186649796
P11694,163728.19768117584
P11769,19688.578484830286
P11775,18791.98412109738
P11818,19948.43225794444
P11819,19711.749990960307
P11822,17344.34134287941
P11823,17333.612582514186
P11838,17125.311067542614
P11900,17743.245239345866
P11902,15814.056517572784
P11948,14355.905621331025
P12004,19851.73086337065
P12005,20359.67493491147
P12011,18501.79936397138
P12012,19605.216173490426
P12013,47457.71775312283
P12025,17984.397420598358
P12041,111847.32791970635
P12045,13213.803326505182
P12134,19703.545597639713
P12139,51269.38060900105
P12142,47879.83210787707
P12144,140758.28672152225
P12147,48969.216114030074
P12249,17400.058999291214
P12253,18122.911564400216
P12254,18112.182804034994
P12256,16178.418517561886
P12257,16361.690127869992
P12262,17403.669116121586
P12266,17053.71750323613
P12300,17929.44976414965
P12302,17494.0405259697
P12320,16281.91085619904
P12340,17518.790457316107
P12347,19571.640025067143
P12349,17848.88329093643
P12367,17318.348208404852
P12368,17518.790457316107
P12374,18791.546544708173
P12403,17684.07868066911
P12404,17673.349920303885
P12405,17673.349920303885
P12556,16211.001563895617
P12654,47044.43562273074
P12656,47313.633541948824
P12675,20446.395116189888
P12680,49092.63628675662
P12681,48921.69830171355
P12692,49084.71022065035
P12988,17355.43068197507
P13007,49856.93726424743
P13008,47845.986124852236
P13049,15190.605336335366
P13296,15592.829776082388
P13439,17279.273881861576
P13498,16629.604293731754
P13507,48662.07291545619
P13509,47992.82694301795
P13511,19855.170781006855
P13512,46072.66662604657
P13513,19388.947593788813
P13514,17625.170029972804
P13518,18525.198051867344
P13521,44661.86394477589
P13532,51148.27057408017
P13533,51722.08890069985
P13536,50223.40923600208
P13547,19086.812006461536
P13550,19518.541984696458
P13551,19485.268027338643
P13613,16432.82180548532
P13706,173793.95118159667
P13709,48378.953967615584
P13743,23126.85988220453
P13775,19240.911526940858
P13783,48321.56146107208
P13786,17114.58230717739
P13787,17311.937066964936
P13788,17114.58230717739
P13789,17537.770081794
P13790,17606.6981085383
P13839,15908.085141755872
P13855,48346.5685497946
P13858,46582.607574587484
P13881,16361.563870635107
P13911,18472.90250479069
P13912,18653.97021764153
P13913,18462.17374442546
P13914,19203.564513794903
P13919,17067.1233119431
P13946,17112.32873300373
P13947,17396.604779798927
P13949,17145.602690361542
P13951,18433.020837033946
P13953,17212.254177819326
P13955,18399.746879676135
P13966,16096.11234027513
P13967,16612.63070119302
P14005,18036.326036549974
P14006,45076.57429930469
P14057,15961.642125070382
P14074,16044.595145950638
P14075,15401.343637662041
P14076,15390.614877296817
P14078,14709.106666774096
P14081,16005.029415719991
P14124,14810.799436157722
P14125,14810.799436157722
P14126,14844.073393515537
P14143,17317.137107138413
P14183,17175.22285853511
P14184,16637.6868875533
P14292,18443.63056474222
P14336,16028.809918262157
P14337,15372.35306449962
P14355,13820.82380109456
P14362,16227.465703753625
P14363,16351.832462355462
P14369,16227.465703753625
P14372,16541.762618338777
P14376,16584.415334980524
P14377,16744.188041245943
P14378,16207.436232871767
P14390,17062.533296447218
P14391,16884.537902038326
P14394,16196.116202810386
P14395,16551.757400687213
P14415,18054.160846335464
P14417,17522.805998974734
P14418,18339.89567843523
P14420,16597.102271334516
P14443,16437.92049987155
P14480,16518.032514162696
P14486,17955.123188489717
P14489,15961.717647421865
P14525,18784.546030906327
P14601,16718.368054858158
P14611,16562.560425349322
P14613,17597.188888021854
P14618,17597.188888021854
P14636,16826.269465230114
P14675,16061.080894401633
P14677,16061.080894401633
P14680,16848.74014643483
P14681,16120.668832962421
P14686,17342.896266465097
P14687,17382.282660879646
P14740,15662.833827417822
P14741,15830.905117173126
P14778,15516.359760354926
P14779,15671.39723238915
P14789,15998.94597963486
P14817,17690.36076363219
P14847,18422.645614293717
P14848,18536.28361253033
P14858,18187.841795443186
P14859,18501.096011149722
P14866,19579.723030585614
P14868,18095.99846124288
P14869,17421.93388959839
P14870,18475.498333748077
P14872,19039.003595528833
P14873,17092.238656907517
P14895,18586.5405030273
P14900,19214.29327416013
P14903,18337.338813684284
P14905,17624.517878876064
P14907,16668.848813113276
P14908,16668.848813113276
P14909,16480.477451536062
P14910,16725.403771660564
P14912,16725.403771660564
P14914,17360.921545339155
P14915,18694.156147957445
P14917,17780.987829843565
P14919,17391.3006570265
P14954,16299.317509147453
P14993,17404.273751055705
P15013,126203.33382079033
P15016,17863.522180296364
P15024,17116.940782664504
P15044,17148.30186833814
P15079,45035.49949944379
P15187,17623.71374303299
P15242,46952.08646338683
P15245,47940.22961878673
P15257,48771.771751477165
P15447,17443.027668006005
P15457,13078.128484334862
P15464,42442.362597934865
P15465,42442.362597934865
P15467,17665.602058826586
P15468,17461.378560817975
P15469,16779.852746541015
P15470,17600.127855295003
P15471,41172.08962729674
P15481,18135.050253269692
P15482,17497.76229427769
P15484,18059.688430150978
P15485,18851.54377836214
P15489,17475.926753098247
P15490,18059.688430150978
P15491,18070.4171905162
P15492,18124.51508800969
P15501,19253.55903811579
P15513,17458.799248005565
P15514,15609.956414529197
P15515,15613.274160687579
P15516,15767.404600593925
P15517,15905.822762064114
P15518,15767.404600593925
P15524,15776.82462868796
P15526,15621.270361671655
P15528,15767.404600593925
P15530,16241.176001271817
P15531,16191.431749896883
P15535,15529.403289070327
P15540,15904.974752254178
P15664,16080.556624768975
P15730,16423.63514352472
P15804,16900.883983941796
P15810,16882.330912341917
P15834,18687.022364677086
P15835,18697.751125042312
P15837,17037.388875062323
P15838,16701.609573065285
P15839,15505.75280698128
P15840,15694.4769617554
P15848,16664.431507631572
P15885,48356.37916561439
P15943,17397.774952158485
P15944,41232.4871382064
P15945,17654.87329846136
P15979,16893.014004448843
P16166,17174.66785337567
P16237,16223.28361889547
P16238,16213.863590801437
P16240,16213.863590801437
P16241,16255.10019220038
P16246,14699.35297919916
P16248,16224.59235116666
P16250,13079.358851884197
P16264,16518.871688117244
P16278,15189.955771529354
P16300,13718.386814990401
P16311,15218.72459128635
P16316,13507.188866846693
P16363,15622.188110706345
P16398,16246.567445195456
P16399,16570.517752476553
P16424,16372.335412559263
P16426,16006.486439475993
P16433,16623.35946155824
P16541,17538.081034793646
P16557,17360.91699614077
P16692,15464.942469093938
P16823,16287.48628947229
P16824,17617.40439391342
P16826,20261.34428711368
P16840,16873.397602135687
P16895,54269.96063795203
P16924,53534.33860508367
P17055,48346.5685497946
P17060,47682.973491157856
P17123,17302.13316560706
P17168,47073.5180684892
P17169,50183.779905642536
P17172,47330.77419611807
P17183,17625.105975827606
P17238,56782.533614802305
P17498,16981.128751679957
P17552,17690.211620089744
P17600,14752.529551013597
P17675,52901.169210508495
P17678,52281.56937569735
P17693,18252.085353870156
P17694,17804.893906044337
P17729,13898.485875268609
P17749,14121.591205521428
P17753,14942.056938237758
P17761,15555.136075419252
P17812,13002.869844738045
P17874,16760.381928461684
P17880,16292.128770754167
P17889,17803.618873168984
P17931,16725.403771660564
P17932,17110.556355263485
P17935,16469.942286276055
P17936,17092.238656907517
P17938,16742.727231570345
P17939,17481.648195425212
P17940,18262.774783271147
P17941,17492.376955790438
P17942,17501.247097797328
P17943,17481.648195425212
P17944,18039.757168539916
P17945,18575.31526856433
P17946,17354.51293053792
P17948,17333.612582514186
P17950,17003.6805820023
P17952,18878.81883789315
P17953,19113.893349212478
P17954,18252.239618011146
P18057,16653.86789808875
P18305,14650.301364556572
P18351,17233.085721369338
P18376,16258.025482403375
P18377,16258.025482403375
P18378,16542.510789926077
P18414,15768.865719767735
P18415,15733.102431110725
P18454,18070.4171905162
P18455,18059.688430150978
P18456,18737.475590860922
P18457,18262.21366373227
P18595,17048.21982683037
P18657,17476.79728961514
P18658,17528.10048602912
P18659,17831.148742983285
P18662,17528.10048602912
P18691,15149.741244975698
P18711,16093.96214019628
P18779,15827.547031447535
P18798,44543.80455392212
P18807,16312.23197060692
P18816,17313.99943844395
P18818,17540.19752963406
P18822,14933.008077657485
P18842,54374.92120415633
P18843,56079.091608367235
P18868,17285.72136011777
P18896,14440.237219338933
P18929,54762.81873941817
P18934,56110.63439700025
P18939,53196.46274168393
P18944,16808.266447279813
P18945,16808.266447279813
P18946,16808.266447279813
P18950,16808.266447279813
P18986,47926.010362682864
P18988,48860.22590830994
P18990,47198.950749899785
P18991,49537.07247636697
P18992,52060.42167882786
P18993,50843.15358011174
P19024,17154.13425205899
P19026,16246.567445195456
P19102,17528.10048602912
P19103,17538.829246394347
P19104,17115.439402600103
P19106,15972.806914350973
P19129,16799.011743007337
P19133,16449.821955619445
P19165,14667.542341873122
P19167,15390.614877296817
P19177,15455.49757427229
P19178,15623.450312259389
P19180,15970.683974329299
P19181,15444.768813907067
P19183,16241.176001271817
P19184,16241.176001271817
P19189,16356.59910447937
P19191,16241.176001271817
P19192,16345.870344114146
P19300,51197.302715919934
P19306,51231.53103882047
P19309,48157.55832307157
P19316,54866.5853171238
P19321,19742.503599956308
P19322,55752.66202454716
P19323,56205.8773193184
P19325,53309.00522091171
P19333,53869.658227780936
P19338,55752.66202454716
P19340,49684.726882150775
P19341,51638.84328978245
P19349,54193.42910052788
P19350,54193.42910052788
P19352,52032.41118743361
P19353,51213.22483237185
P19355,52302.656817540075
P19361,52326.72036006142
P19364,54915.52360087951
P19423,13703.271783123259
P19445,17689.63028427311
P19468,18015.51857328092
P19494,18599.91562486646
P19499,21121.599886483695
P19515,15165.656269099974
P20039,17317.365263563217
P20108,16854.463333023137
P20112,16144.45023446186
P20116,16336.246707677928
P20161,17673.349920303885
P20162,17920.959445400513
P20163,17629.373413933554
P20165,17684.07868066911
P20169,16702.997287461876
P20170,16518.49588936622
P20178,17228.508987927496
P20179,17319.514601463816
P20199,16187.434427911838
P20205,16402.019418849985
P20275,18637.435889253535
P20276,18244.203732968614
P20281,15840.328064211026
P20284,17528.10048602912
P20285,17719.89695924519
P20287,17538.829246394347
P20293,16128.70076434478
P20295,16289.445500347332
P20296,16352.272137958218
P20298,17185.055910584757
P20300,17528.10048602912
P20301,16286.55635899175
P20302,16823.34749758783
P20303,16328.576743452957
P20304,16895.931650578772
P20305,16289.445500347332
P20319,19028.372345973963
P20320,18274.361281248068
P20321,17087.464962859558
P20323,17438.986364456585
P20324,17098.90223976939
P20326,16960.329697972265
P20327,17618.019897876933
P20328,17851.99948295363
P20329,17695.691570428637
P20332,16498.41205003848
P20333,16497.161278218548
P20335,16561.332753735987
P20337,17289.99019644085
P20338,17279.261436075627
P20339,17828.855732229
P20340,16484.74628785914
P20341,16498.41205003848
P20342,17439.33839952461
P20343,16889.74410337124
P20344,16561.332753735987
P20345,16498.41205003848
P20347,16498.41205003848
P20422,16807.561058772684
P20444,16900.746193329058
P20534,16105.274615323886
P20535,15444.768813907067
P20536,16200.350126947922
P20545,17895.89726604072
P20549,17685.761416192992
P20571,16196.707472506543
P20572,16388.503945722612
P20574,16906.72057106782
P20577,16186.410501944927
P20578,16553.94138624666
P20580,16122.239026427485
P20582,16196.707472506543
P20584,16196.707472506543
P20585,16165.754480589847
P20589,16326.405050328663
P20590,16865.270586116814
P20592,18233.474972603384
P20610,18709.266333025455
P20625,18243.762701039384
P20626,18180.159092379894
P20657,55631.83292349898
P20658,51564.19444979857
P20699,17029.836226252606
P20700,17210.789726948457
P20701,17260.628838439115
P20702,16417.798745181703
P20704,16364.923896887434
P20706,16348.803211929791
P20707,18948.849843697757
P20709,17677.67434071527
P20711,16900.587344006773
P20712,17655.962513733008
P20713,18200.420481038585
P20714,16417.798745181703
P20715,17297.22209588551
P20716,17667.586979473257
P20717,19088.974363268142
P20722,15463.715184886498
P20723,15689.727431709296
P20791,54035.264387463656
P20807,17864.907407919298
P20808,17674.456638182728
P20839,109759.5699609445
P20841,110759.78794732186
P20862,16282.230951106083
P20892,17493.01381481957
P20897,12819.486969044523
P20898,18110.9698134715
P20899,17913.043653351044
P20917,104130.89744909319
P20925,17456.739599604556
P20945,14776.27701410221
P20959,17383.563794318048
P20960,17181.038560736757
P20961,17181.038560736757
P20962,113329.30472885112
P20966,113849.13346699261
P20967,113037.94000122815
P20969,16699.584900020775
P21039,18112.182804034994
P21040,17974.392425383827
P21041,17974.392425383827
P21044,18822.19590259627
P21046,18176.917658965118
P21047,17985.12118574905
P21142,16616.95915807695
P21143,17166.55345423032
P21181,16486.432517853325
P21195,16776.23287290374
P21313,16550.60399337076
P21314,16474.017527493917
P21315,16550.60399337076
P21329,15072.855761041836
P21372,142238.3384635953
P21376,17315.246700697116
P21449,15572.822337643574
P21450,15750.817732052468
P21453,15750.817732052468
P21454,15761.546492417692
P21455,16801.578764132504
P21456,15447.380698619847
P21460,16433.706145372063
P21462,15272.77466058444
P21463,108958.45642551064
P21465,111558.79058777445
P21467,15886.877369264226
P21469,17228.89629508157
P21472,15169.128068952905
P21501,136860.90192252054
P21513,167815.41516034462
P21550,16314.263358848688
P21551,17209.11008753049
P21556,17219.369825643913
P21583,41389.48220000429
P21584,16849.47009483444
P21586,17398.82949615316
P21587,17398.82949615316
P21612,15791.045884745436
P21623,16677.37767184858
P21625,15522.318099049075
P21626,16200.208119750538
P21630,18242.94179857673
P21632,17628.527260153554
P21636,19137.344228946204
P21637,18442.023067483406
P21638,17728.84862569059
P21639,18226.786693597525
P21648,17797.554070137325
P21691,17432.057502523916
P21692,18097.15427330789
P21694,17648.98944450828
P21696,17853.02467086623
P21697,16978.842207752674
P21708,18225.25934203878
P21711,18108.78287152254
P21713,161067.60291010962
P21728,16486.432517853325
P21729,15896.384204934287
P21732,15907.112965299511
P21735,15860.18284149842
P21736,16569.55739852573
P21737,16569.55739852573
P21742,16543.21262588144
P21750,17205.643640631206
P21759,16683.231604329503
P21760,16049.547037132195
P21762,16508.19278839173
P21763,15316.913991496644
P21765,15593.581644545235
P21767,15302.576310138022
P21768,15531.37980702939
P21807,49889.04389237105
P21808,46583.773311133824
P21814,49284.54546555747
P21816,20421.72075741757
P21817,18936.91899068413
P21819,19109.096445678828
P21822,17510.809089233462
P21825,17603.160962278766
P21827,17452.903550220748
P21828,17175.867779454413
P21829,16767.310885595696
P21831,16491.65249315377
P21833,16594.514369846605
P21869,16154.298035833895
P21886,17063.916376519155
P21938,16473.32121065626
P21940,16498.41205003848
P21942,16498.41205003848
P21944,16561.332753735987
P21946,16497.161278218548
P21947,16486.432517853325
P21950,16550.60399337076
P21952,16550.60399337076
P21966,16521.55580076311
P21967,15623.586397482384
P21970,16339.999074143967
P21971,15720.318727361693
P21973,15584.88610701126
P21977,17237.782809549324
P21983,16759.62931081444
P21984,16800.39734196842
P21985,15803.24911086166
P21986,15803.24911086166
P22017,16011.257998196761
P22032,15828.24226395671
P22036,15852.636786501273
P22052,16916.08488578737
P22053,17268.575146615793
P22077,13606.431081223156
P22082,15730.33084666094
P22083,14867.773740326193
P22084,16130.769292692283
P22086,14857.497789930498
P22087,14857.497789930498
P22362,18423.889274011755
P22365,18423.889274011755
P22366,18423.889274011755
P22465,15410.211730728004
P22474,15873.321767723543
P22476,15873.321767723543
P22701,16676.75288766669
P22738,18529.723644614365
P22827,141548.31089040075
P22894,49889.54205419789
P22895,51694.57971517173
P22908,20100.39526891819
P22910,17215.268748039267
P22912,144463.76108857826
P22914,148140.72016669653
P22916,55260.84216316783
P22917,56162.30995165333
P22918,52948.07675792776
P22919,48041.91230282093
P22920,50277.796709524555
P22922,48564.24978544965
P22926,49598.711258163814
P22972,16679.45806405499
P22981,17409.441282851512
P22998,17207.92575725033
P22999,15293.860865993352
P23000,14895.119849775589
P23002,16409.749609695955
P23003,16140.379334040395
P23007,15784.503625501897
P23042,16258.362010001005
P23044,16509.88302967007
P23047,16442.169693558077
P23064,13683.185386077781
P23091,14133.738708013785
P23121,15963.14850573264
P23149,46153.13946291499
P23201,18189.97469011248
P23206,54219.598288537
P23212,50489.263248067466
P23220,54370.00095555659
P23259,14781.518010485923
P23274,55126.099722274404
P23314,17237.844762370707
P23319,109197.67438003604
P23320,107824.08503561784
P23321,107824.08503561784
P23322,111987.21798479666
P23323,109476.99294315011
P23324,117661.49606865051
P23460,17477.202699500856
P23619,17753.42196731556
P23620,17139.007428892386
P23621,16914.296752693153
P23623,17753.42196731556
P23625,17185.12336010857
P23626,17559.927229672172
P23627,17828.977385539496
P23628,17559.927229672172
P23630,17559.927229672172
P23631,18386.189178874134
P23634,15611.358140002601
P23635,15919.26610745895
P23638,16916.668406224882
P23639,15828.038455003352
P23641,17148.3283337962
P23737,14906.3501633593
P23779,15668.081668350284
P23895,16282.878984627043
P23933,14739.330528103279
P23952,15859.10575342014
P24047,13356.06894695467
P24070,14505.334797833959
P24080,140904.1958339013
P24082,13932.653731597544
P24128,15884.42858509279
P24161,16815.789092560262
P24162,17600.11116354136
P24163,16549.405478280365
P24164,17566.07375565604
P24166,17523.524697664514
P24169,18273.503543636372
P24171,16914.597188121115
P24229,17149.651102283126
P24253,16720.549153490894
P24266,15713.078849095971
P24272,15691.096325747929
P24317,13248.341323202367
P24339,12744.0097971287
P24341,13360.933215823748
P24346,14554.83213684844
P24382,15702.10962473709
P24419,14430.132596336083
P24429,14066.182194494926
P24433,14242.249623980295
P24473,17618.7521050868
P24481,142615.09399975897
P24515,15942.25565679497
P24601,14040.84154180218
P24606,14538.883299042174
P24609,13749.983772581345
P24709,16928.10359868219
P24805,15549.619234557204
P24830,17199.13998300279
P24963,20345.494087846022
P24967,48934.47486453428
P24968,50306.40500738611
P24973,15954.45880801016
P24975,16731.026258357295
P25021,17141.515520189696
P25058,19141.399975634962
P25280,48966.32877756309
P25281,48224.903349549335
P25332,16674.80387943054
P25334,16561.332753735987
P25350,47959.98354303278
P25472,15543.160677542639
P25481,18974.301398162446
P25579,46841.9607405313
P25581,46720.16355405355
P25606,17032.339040030376
P25668,16019.431977452767
P25877,18522.762839994604
P25878,50380.655200335765
P25941,14719.28052463793
P25944,15498.103115976879
P25946,51637.454084462
P25983,15285.22633262746
P26003,17387.243219497195
P26006,17662.429197354395
P26008,17662.429197354395
P26009,17913.237248456262
P26010,17868.951085391716
P26011,18399.40753685892
P26012,17951.924496156797
P26013,18298.76523213574
P26014,17984.737619931882
P26015,17858.222325026494
P26016,17868.951085391716
P26017,18399.40753685892
P26019,18325.996428345727
P26020,17803.43704030908
P26021,17814.165800674302
P26023,16878.161907077985
P26024,16399.460565292968
P26026,17470.227798061715
P26028,17332.423928310942
P26029,17692.304629796083
P26030,18001.901795175065
P26031,17692.304629796083
P26179,16278.453549063963
P26250,13810.57895122482
P26257,15445.441906669088
P26271,15015.235730507744
P26293,16989.233843141465
P26335,16580.197520159105
P26468,16569.161440272816
P26472,16314.172282753256
P26517,16782.337015990415
P26525,16904.443332055685
P26542,19295.975528644623
P26686,17213.513600184197
P26748,16540.636748880494
P26749,16912.459808936044
P26750,16527.698296624374
P26751,16797.861611896038
P26753,16923.188569301266
P26755,15744.127167656123
P26756,16150.938461849379
P26757,15846.771762327784
P26773,15730.231125865364
P26802,16891.196164370966
P26819,16085.734423993496
P26820,16240.456989736922
P26821,15943.381958118334
P26822,16081.122354259798
P26845,52685.16268732921
P26846,53469.19120724127
P26919,15705.794595102354
P26936,15210.579443644488
P26953,15304.10311904565
P26961,14357.745941733941
P26963,14320.556266455615
P26974,13615.420095197715
P27043,15202.9070511418
P27057,13636.473363180696
P27066,13904.533374504274
P27072,13474.063689049588
P27074,14442.930813392073
P27127,14338.660279753312
P27182,13505.115109202368
P27194,14341.68654205665
P27198,14740.427558274414
P27209,14296.544392448925
P27217,15887.175498838571
P27222,15633.846862289378
P27255,17100.19940729662
P27256,17348.93895638286
P27284,17152.97978924049
P27445,17194.428723632
P27631,43252.51171603303
P27632,16549.850639143282
P27633,16495.121862373715
P27634,16495.121862373715
P27635,44548.829123104435
P27636,41727.78365381589
P27637,17071.99396065883
P27639,133323.34136602824
P27651,17192.86578980719
P27657,18237.07719398497
P27658,17926.41418170092
P27660,17440.486774443874
P27661,18077.085974398382
P27791,16939.76184655379
P27806,15391.787363804327
P27811,15280.52608735803
P27816,16100.702732212532
P27819,16501.698134823542
P27820,15835.707122679903
P27821,15952.18359319614
P27823,15665.45873221049
P27829,17058.45194673619
P27833,16815.789092560262
P27834,17751.79298615658
P27835,16891.3445107842
P27836,16815.789092560262
P27838,18144.454057617382
P27867,13548.80795929419
P27891,14033.85255421904
P27892,12803.903351285058
P27930,13124.199379093014
P28007,15090.955841553436
P28019,13159.912764557012
P28029,12867.001652823306
P28050,12543.838682072092
P28062,13380.945474716562
P28100,13519.48840697141
P28113,14000.041377131376
P28205,16588.77021178374
P28206,16874.684950006165
P28222,16910.333539132098
P28476,15887.619288386384
P28478,16663.6223675227
P28484,15840.148094395465
P28485,16879.49844801752
P28492,16023.602254623562
P28494,15574.680833725584
P28495,16294.508926441622
P28496,15073.206628446156
P28497,17818.248625174274
P28498,17828.977385539496
P28499,17701.772154658036
P28502,17712.500915023258
P28503,17508.27741701465
P28504,17701.772154658036
P28506,17432.06815060722
P28507,17717.956890973735
P28509,16732.704434845175
P28511,16732.898029950396
P28512,14744.250755522293
P28513,15679.04658029692
P28515,16247.137548159248
P28516,16224.59235116666
P28517,16247.137548159248
P28518,17663.88402692788
P28521,16865.5250951755
P28523,16874.945123269536
P28527,15454.084615590162
P28531,17029.02699244486
P28532,16318.215530357607
P28533,16328.750695617611
P28534,16077.423271053769
P28536,16318.215530357607
P28537,16328.944290722831
P28540,15327.473477613561
P28542,15635.452945249603
P28543,15554.109928145892
P28544,16172.39864454676
P28545,15142.068980353022
P28546,15455.058941405037
P28547,15562.677246428138
P28548,15193.002756475971
P28549,15835.204973919268
P28550,15561.360668588508
P28551,15948.743810922804
P28554,15948.743810922804
P28555,16210.79999585187
P28559,15863.765284381894
P28562,17400.599981626485
P28564,17389.87122126126
P28567,16158.06684939488
P28568,16182.461371939442
P28570,15814.890858020804
P28573,16182.461371939442
P28575,16168.795609760104
P28576,16158.06684939488
P28577,16158.06684939488
P28579,16068.674445696584
P28580,17171.489319510376
P28581,16926.088691025543
P28584,17187.63824636215
P28585,17607.769000552245
P28586,17171.489319510376
P28587,17857.54026422333
P28588,18072.378637232003
P28590,17852.783712996465
P28591,17736.30724248023
P28592,17610.351171556755
P28593,16238.804567449404
P28594,16100.150960288878
P28595,15760.019656148685
P28597,139068.01232186885
P28598,133052.2299620469
P28599,17273.394750745025
P28657,133641.81660000197
P28690,128312.12995244344
P28693,42123.55446016538
P28694,131227.1776354884
P28696,16540.590264767176
P28697,16527.34767480778
P28698,16774.154805463295
P28699,41893.97093111602
P28700,17348.800430731164
P28706,14500.924799301438
P28823,17142.92858056467
P28848,17492.797470441692
P28881,16501.540118879333
P28889,16489.125128519925
P28944,16664.08017281183
P29112,45888.63936578118
P29116,18768.22524751869
P29117,44744.25608248386
P29123,48276.8335856522
P29127,42774.37095583124
P29128,47956.02201684656
P29129,45732.39923788376
P29130,18723.03853662841
P29131,43762.51411123114
P29137,45997.53209337976
P29141,43810.171308664925
P29151,45387.290956383855
P29155,17307.488034581387
P29176,16640.14310676008
P29180,16740.052139479492
P29190,16345.31743750746
P29192,16438.105949911034
P29324,16741.839179735507
P29325,17125.120966629438
P29327,17407.698282600453
P29404,16892.022889547756
P29424,16065.55186911273
P29440,17086.07793526647
P29455,16461.69197120402
P29483,16591.162823976698
P29485,17480.290097366542
P29526,16972.312284386844
P29553,16749.95522256728
P29591,17167.722013690727
P29593,17176.580179183864
P29596,16683.159523072427
P29599,17167.722013690727
P29602,16538.870313020358
P29603,16736.099840090712
P29607,18391.04161033543
P29608,18049.512660996446
P29639,18172.47826840092
P29641,16480.477451536062
P29644,16552.242462699087
P29645,18203.068529417695
P29648,16688.435738971635
P29658,17485.40937187668
P29660,18420.63875039719
P29662,18420.63875039719
P29663,18635.223741335336
P29665,18420.63875039719
P29667,17824.73154143329
P29670,17478.859918155118
P29672,17845.825525533008
P29675,18454.758225475554
P29677,17692.304629796083
P29678,19615.09357365998
P29680,17999.365352006967
P29688,17921.80074702562
P29689,18587.069608326405
P29691,17540.378862557758
P29719,17924.485382283463
P29749,16136.935403745316
P29781,15784.933532978208
P29843,15978.743901050038
P29844,15813.977871226884
P29845,15803.24911086166
P29846,15803.24911086166
P29847,15803.24911086166
P29848,15813.977871226884
P29849,15497.05565135198
P29850,17004.890416579008
P29852,16285.811770812323
P29854,14882.641112928806
P29855,14882.641112928806
P29864,15786.888434371996
P29866,15354.741108897579
P30025,15899.864191760054
P30027,137247.1590571782
P30028,16343.214363565285
P30030,16343.214363565285
P30032,15953.287613455499
P30098,16148.52148448573
P30106,17231.949146547733
P30111,16240.684206312393
P30120,15292.355309530165
P30148,17389.928673607104
P30159,16393.122157643134
P30172,125734.48223905738
P30188,17807.71224051803
P30398,17194.68218089748
P30401,15627.890551036155
P30407,17248.124896049696
P30415,16575.23622306355
P30417,15898.780574132641
P30421,16088.971042526226
P30430,16035.349283219295
P30436,17158.16699047198
P30444,17622.098841383635
P30447,16942.857645101743
P30450,16190.383832197938
P30453,16665.92025237004
P30457,16728.2726541636
P30461,17514.510995409793
P30465,17253.215303186185
P30521,16671.97573456576
P30530,18239.58220145532
P30548,16975.024974278735
P30550,16689.110236056313
P30570,16950.783648998065
P30573,16914.597188121115
P30575,17120.809670511066
P30576,16655.18588036645
P30577,17398.4392403729
P30578,16724.113907110757
P30628,14748.93201216254
P30629,14748.93201216254
P30636,15282.906911789718
P30637,15126.826269597435
P30644,15205.226589441332
P30645,15875.979824839627
P30665,16734.393764928252
P30667,17696.709540623364
P30668,16745.12252529348
P30669,16734.393764928252
P30670,16734.393764928252
P30672,16514.229282476008
P30673,16808.681857647425
P30674,16410.451378811114
P30675,16823.54109269305
P30676,16469.89230376635
P30677,16098.69762610479
P30678,16378.796662125573
P30680,16038.692862303902
P30682,16543.448848332962
P30683,16543.448848332962
P30688,15829.539414957759
P30690,16080.80260905287
P30693,16292.292361612339
P30695,14889.584831246799
P30696,14862.818398463882
P30697,15211.182893455041
P30698,15176.059610545255
P30699,14840.155780410452
P30701,14889.584831246799
P30702,14889.584831246799
P30703,14889.584831246799
P30704,14889.584831246799
P30705,15468.519497120344
P30707,16002.833773647162
P30710,15754.9942764188
P30711,15754.9942764188
P30712,15915.547495897588
P30713,15779.388798963362
P30714,15779.388798963362
P30718,16462.521960436872
P30720,17207.469554672585
P30747,14922.474429045156
P30769,15513.825641555215
P30770,14830.21204082468
P31073,15636.153723820236
P31079,16648.415647918526
P31080,16637.6868875533
P31081,17073.09612573325
P31082,109754.75934564107
P31190,14691.888321277696
P31227,15632.960273727178
P31228,15701.888300471483
P31231,15632.960273727178
P31233,15053.691316721315
P31236,16346.875225850577
P31242,15784.337565532896
P31243,15610.095317816438
P31244,14983.166455713146
P31245,14983.166455713146
P31246,15474.10549573257
P31247,16285.811770812323
P31385,15498.121783465776
P31387,15267.840005792401
P31388,14730.009285003154
P31390,15298.931824573792
P31393,15935.891559989554
P31394,15871.54974917057
P31395,15803.152508902973
P31398,15768.438278146134
P31402,15517.266878742023
P31403,139867.70269175578
P31404,139867.70269175578
P31467,18454.517092613714
P31510,45336.85743264491
P31511,45195.6826338844
P31514,47696.93073089664
P31581,16230.28669499175
P31583,16441.38255820641
P31588,16874.076088051108
P31589,16407.106013542914
P31590,16400.901483004094
P31593,16596.1015118582
P31596,16313.753794908516
P31599,15347.108969104302
P31600,15746.887700257275
P31602,15312.358011940385
P31603,16349.210007456715
P31604,16671.001747740862
P31607,19864.43371891026
P31613,17409.53349369388
P31615,16665.029538602503
P31616,16242.596935451978
P31620,19777.31335727847
P31621,19334.573187436905
P31624,17852.34715473665
P31626,18114.403339665718
P31645,19468.97192711123
P31650,18679.87189610736
P31670,50511.84747386412
P31695,19571.57013562267
P31697,19187.2258954047
P31705,19824.97540464024
P31706,17320.56945518528
P31717,17397.18561933357
P31779,42390.31636210569
P31781,45699.52596128563
P31782,48261.19802478826
P31786,18802.523179557174
P31788,19064.57936448624
P31789,45943.31293627691
P31790,20555.689488060063
P31792,17769.030751593826
P31795,18394.174050382222
P31797,18759.246371735993
P31989,18016.45971255443
P31997,16195.093063822545
P32001,106686.12877668215
P32003,17221.579200701388
P32004,14897.675975134149
P32006,15686.432094594493
P32009,15113.49028907856
P32020,45954.091112544105
P32022,47548.36137915414
P32023,18944.796005081516
P32108,16380.373617755768
P32109,15826.287963009798
P32111,15815.559202644574
P32134,47059.303254440325
P32135,47131.67703880563
P32137,48983.84454067797
P32138,50260.97376590937
P32140,47474.53029641228
P32143,49483.29781459198
P32144,47059.303254440325
P32145,46478.95596499473
P32147,50260.97376590937
P32162,46781.563229621635
P32166,18825.80296300791
P32169,18849.864601667057
P32170,49803.49647780396
P32172,48640.34069189644
P32177,47363.69298845263
P32180,19018.531585421108
P32181,18322.27684525361
P32183,47037.813931313365
P32185,46558.38320372356
P32189,45372.67984919051
P32190,44291.04078771262
P32194,48542.734169995325
P32200,18320.883733776045
P32209,17990.08965970126
P32210,17990.08965970126
P32211,19306.22891501584
P32214,18434.846476978142
P32215,18710.623546269002
P32216,18774.09902854729
P32217,18774.09902854729
P32218,18710.623546269002
P32223,129196.63522408315
P32224,18880.18531262522
P32225,18880.18531262522
P32232,45876.35131353695
P32234,45876.35131353695
P32240,18151.582572014595
P32241,18151.582572014595
P32244,44794.202653398344
P32249,20320.994670212196
P32253,18157.035116480612
P32259,45152.385477015836
P32327,17043.303503667594
P32354,201927.7255811432
P32360,18145.10476533005
P32544,18513.59502730496
P32585,15610.225089217207
P32683,16516.181261062084
P32689,15104.859901468399
P32921,16217.084597102898
P32995,15493.072396921354
P33019,16398.74168451879
P33043,48988.95914689867
P33047,47439.728240093296
P33048,48990.02713284385
P33049,48237.49923450521
P33050,46903.71877072039
P33056,47605.95822530474
P33057,18686.29942389196
P33079,48704.91066525449
P33081,46583.87306418089
P33084,48189.24489454266
P33284,18284.54861385026
P33286,17998.076444224982
P33289,19869.057062412292
P33294,18853.938252740565
P33296,18284.54861385026
P33298,18339.277390619834
P33299,17387.093002144644
P33305,17387.093002144644
P33309,17840.30829691589
P33310,18544.473293077812
P33313,50227.321261420584
P33426,16461.875723398298
P33466,17431.520913535147
P33651,15208.76779177207
P33929,48069.84710837568
P33962,18024.9616243805
P33963,47627.04038557081
P34022,47336.94366420264
P34025,49840.28687541094
P34034,48687.663660688515
P34037,46827.132304843544
P34382,16172.023397872126
P34383,16172.023397872126
P34417,116472.41628263639
P34538,18222.580042843012
P34539,17342.349194154704
P34573,17399.542819875598
P34574,17144.225355067825
P34575,17692.848896211843
P34580,17260.688836874866
P34581,18182.75828614134
P34583,19258.875838665517
P34613,17148.99464875035
P34614,15951.74661010939
P34640,16916.14945898633
P34689,16916.14945898633
P34709,16964.819732053875
P34710,17080.218659306684
P34711,15747.287626840794
P34745,16796.037651874147
P34750,18690.577346954975
P34751,19032.894631463838
P34842,124745.75483652437
P34843,16904.679217694065
P34845,15968.675324097747
P34846,15968.675324097747
P34847,16401.076522284544
P34850,16601.556522399507
P34851,131733.20143637573
P34852,16411.805282649766
P34853,137569.6216125359
P34869,17450.372862720076
P34873,17274.84927782564
P34874,15767.911026043688
P34926,151502.56811113097
P34928,17523.9625637192
P34929,16464.299772440805
P34930,16570.57347921637
P34931,16686.67993170458
P34932,17855.024025173585
P34933,16851.682914775098
P34934,17855.024025173585
P34935,15908.474833098746
P34937,16372.418888235215
P34939,16361.690127869992
P34940,16374.673274628463
P34941,16361.690127869992
P34944,15908.474833098746
P34945,17308.422781831534
P34946,16918.99221803283
P34947,17482.437967087495
P34948,17170.31964259667
P35026,17271.757839125603
P35291,18468.45356384469
P35417,18372.063462419777
P35461,14070.804786744611
P35667,51064.027054944876
P35782,15247.24549346102
P35807,14680.503097161658
P35878,14778.0346935184
P35880,15859.34389201769
P35881,17990.56244244727
P35882,15841.379353603617
P35883,17226.304668097913
P35885,16386.51537413023
P35886,15994.876264173086
P35887,15598.23304384378
P35888,15547.738334707064
P35890,16582.05367311918
P35891,16833.38109768302
P35893,16587.20381034539
P35894,16587.20381034539
P35897,16355.13806591085
P35912,16150.92992348465
P35913,16695.86236164767
P36011,17167.39922174428
P36061,18234.16777986033
P36062,17118.112486694772
P36102,17099.63299743749
P36107,17596.47280242099
P36111,18816.984523795247
P36112,16872.1523983206
P36113,17902.508488091036
P36114,17902.508488091036
P36126,15716.0627140708
P36234,18273.7797876635
P36235,18214.98080892333
P36237,19068.717481973064
P36238,18788.860473589048
P36240,18276.524627408646
P36242,19037.462325838846
P36373,16960.584026957156
P36374,17305.500746539896
P36377,17564.804891559095
P36578,15683.783620331094
P36591,15375.700245989381
P36712,46971.45168787529
P36927,17462.54631432338
P36950,18515.73779620286
P36966,17001.951987684733
P37024,17597.19163325942
P37127,17308.47412538319
P37142,16827.755378002843
P37143,17498.298240516247
P37146,15628.959614580039
P37155,16289.083897810842
P37156,16237.221515784518
P37158,15788.584168650272
P37257,120528.88709998876
P37374,16359.691546963699
P37457,16983.002695886342
P37569,16019.513119866513
P37685,16254.76965931051
P37699,17104.88211600697
P37702,16358.516701898454
P37726,15821.48480820611
P37824,15401.350466527829
P37863,17519.65462698778
P37864,15780.45589113304
P38165,15751.683588977385
P38262,21366.532450669612
P38277,17390.731277908904
P38279,18558.804493885902
P38287,178189.72235338882
P38294,18210.001559558685
P38296,17925.51625203598
P38318,16011.71746149108
P38461,16391.79861258607
P38463,16442.65709412525
P38623,43090.99100777283
P38627,45114.48649435406
P38628,43090.99100777283
P38907,16478.249256913427
P38946,17159.49307649221
P38951,16945.164046056376
P38954,17169.192747813453
P38972,17258.600199149445
P38976,17008.639528334665
P38983,17568.0555858339
P39002,16202.48104128081
P39093,17622.66159910342
P39312,17248.07805522457
P39419,16532.50296262736
P39423,16977.076899699867
P39442,16977.076899699867
P39446,17899.400214860783
P39504,16799.570826008407
P39538,48273.422354863505
P39542,49543.69532550164
P39544,48333.81986577317
P39545,48555.55217010174
P39547,47532.74418610644
P39548,48495.15465919208
P39561,51239.75439913361
P39570,48430.76467461664
P39575,16110.171053377268
P39576,16659.925318849197
P39577,16396.085791599693
P39578,18047.58413626951
P39579,16396.085791599693
P39583,16596.436233914596
P39584,16581.7793024984
P39590,16351.211769037029
P39591,17302.052658377062
P39593,16204.084934755283
P39596,15681.789870497361
P39597,16415.69202320849
P39599,16361.549788678076
P39602,16372.2785490433
P39603,16739.24415642119
P39604,16372.2785490433
P39625,15544.297987381884
P39630,15477.686870578407
P39631,16065.522561114614
P39634,15779.607822892189
P39635,15697.281794813947
P39636,16065.522561114614
P39640,15624.813704860153
P39641,15326.420853220061
P39642,15916.440869098673
P39643,16169.638888534604
P39767,133316.41369311552
P39821,18812.240032850354
P39935,43799.88498285607
P39956,17974.10045003674
P39959,18208.86982250523
P39965,45836.91987990821
P39966,18886.37341334124
P39967,43215.07979467487
P39972,47046.795339636665
P40029,46038.42421181071
P40057,18211.781191269347
P40231,16146.470260140319
P40453,16464.48825364303
P40484,18222.38697644385
P40855,16377.535261803627
P40856,16739.484935989854
P40857,17552.186465664086
P41061,46824.493380851854
P41201,19987.298956977284
P41218,17762.776546792615
P41480,18918.28570653873
P41745,16639.738776422422
P41747,17217.107978917906
P41763,15715.539318782614
P41777,18366.924307596626
P41852,18637.651775394803
P41854,18637.651775394803
P41856,18721.868515909486
P41864,18655.262572177686
P41865,18996.801453732885
P41943,18175.764454940443
P41944,18829.459749826652
P41945,18051.397696338605
P42113,242995.70010499336
P42172,100161.84810111152
P42174,52273.365143757124
P42176,92743.83347394745
P42276,16462.286458693336
P42293,17537.69616512465
P42311,16209.06157445694
P42375,16001.878253180372
P42386,16359.549591685267
P42407,15840.148094395465
P42422,16240.018025319341
P42424,15599.02224843999
P42428,15291.648745098264
P42724,16862.969151013247
P42908,18894.4370489236
P42974,17677.28797134613
P42975,18016.349893450773
P42977,18067.027783839083
P43038,38525.6787171167
P43076,100222.24561202119
P43113,17803.41589474041
P43144,19048.515892184405
P43171,19165.055543528608
P43175,17939.81492680479
P43179,29653.777493641555
P43348,218345.57000526952
P43551,123898.53186806013
P43555,16213.324645567911
P43557,16309.583844524526
P43576,141967.58628435514
P43577,147638.78315477748
P43578,142601.64052717178
P43596,135620.7495277013
P43597,132952.98382239343
P43600,125688.06744796269
P43625,206668.17500189945
P43626,99204.61488636733
P43628,19034.841843050643
P43657,46064.66388776552
P43664,48829.880823706444
P43665,46234.1733587675
P43670,15624.294139620873
P43675,47585.176815001076
P43746,18143.925551515087
P43749,137282.4229999245
P43753,20448.24886670447
P43755,129331.8221473586
P43760,199002.6632488584
P43765,49328.53342164895
P43766,48436.48687142586
P43768,50018.973841367515
P43771,48905.98759660479
P43772,21094.94897747618
P43773,19160.931169608553
P43780,22471.76975611982
P43787,19198.454335427727
P43790,21053.311873928575
P43794,17582.8841838983
P43845,22875.09294587445
P43907,18010.844065673722
P43993,18439.50554234878
P44005,156628.6533777523
P44008,133607.8795634819
P44009,193106.61555052278
P44014,48221.75915485998
P44036,19050.357194282064
P01003,12052.534756696794
P01005,11423.900794168836
P01011,28173.03149312646
P01032,12513.08015181409
P01057,12073.453012009613
P01062,27125.20927193178
P01064,11323.809013957358
P01065,27110.15237953517
P01114,8591.178410536311
P01115,8748.331643180205
P01193,18785.947926165063
P01205,35494.18832603238
P01249,12356.360715786115
P01261,32999.33750652873
P01277,36628.739591444864
P01331,35554.8538064268
P01386,11213.045938530122
P01401,11468.185718242123
P01407,35136.71139294662
P01558,11938.85476364291
P01572,11180.70162677105
P01595,12104.838740303527
P01603,14140.037908324952
P01645,31581.296161655315
P01650,11278.811152076916
P01761,12448.562801029359
P01857,35758.08278809412
P01874,11483.290911133063
P01945,34552.42845122335
P01985,34265.3797527794
P02005,12076.375424535949
P02009,17149.095868930963
P02087,11034.060315781298
P02144,25905.10452129617
P02146,17714.022622816243
P02162,32811.19168248796
P02263,16511.36652482534
P02274,10942.986759983218
P02319,27169.233168477713
P02347,15368.084817062869
P02404,15535.74851028973
P02428,17627.081544180484
P02504,11379.118129585408
P02526,10862.763089868753
P02533,28257.15163122279
P02611,16025.860890263953
P02650,31638.860893080277
P02683,33512.88405823784
P02697,12677.942157314226
P02700,35187.06008251302
P02712,35073.66580381042
P02733,12485.016814075996
P02745,32263.259151503968
P02845,35375.24563408988
P02862,16224.89406483449
P02920,8611.167712179213
P02937,8442.17154673146
P02977,17024.02593148572
P02998,34683.838303025885
P03024,16779.93901739792
P03058,11647.303199924405
P03080,9488.47541864487
P03088,17150.166957223824
P03195,15863.68200403883
P03217,16234.64664148065
P03218,12019.918210435317
P03226,31216.02450573314
P03260,34067.93968612187
P03278,11837.146213050146
P03335,16664.470926139635
P03394,12260.666083420645
P03398,195399.61851062364
P03415,11549.117825857466
P03451,11024.299232468744
P03477,11973.447612831082
P03491,34998.82151901672
P03619,11765.22369851786
P03623,18726.690105367838
P03652,17191.73577946791
P03665,16443.636599705285
P03738,8254.782148755152
P03774,19604.95210800716
P03834,12075.294155302727
P03854,156568.93305424543
P03888,34909.89762452418
P03895,34916.07164242925
P03906,26901.561008231965
P03919,18876.972060844102
P03939,17766.432620219824
P03943,12486.055218245248
P03946,11394.443941257796
P03949,16970.91246044158
P03965,198723.18616505258
P04003,12011.623492946863
P04047,32254.04192597741
P04077,32070.09443553763
P04078,32917.87305115488
P04082,27275.068297619866
P04124,33436.54481409389
P04131,17046.549427496975
P04144,36080.475529616546
P04165,34743.05213906469
P04247,11293.705955094865
P04252,12377.24779210625
P04259,11794.296714434597
P04327,11172.845736117702
P04337,34817.80592328143
P04400,11973.447612831082
P04410,36323.48041249275
P04433,27933.5265374215
P04451,16598.69646575262
P04481,194393.08292825095
P04536,11274.536364123673
P04559,10835.403011608596
P04583,31672.186755938474
P04635,14729.02200752045
P04705,12147.195438227958
P04764,12216.43513291617
P04864,16821.535823241196
P04962,26911.419277345227
P04969,202079.5998039801
P05102,12449.165017772604
P05126,10725.73035983396
P05278,35965.77332283622
P05313,34622.19299240677
P05329,32426.211819767042
P05342,12672.801404005068
P05446,11909.16181192543
P05449,11384.47647338398
P05450,12102.321145479866
P05457,11836.815827707065
P05559,33538.41179051235
P05588,16622.782853781704
P05609,16461.567571361993
P05618,15362.925411007815
P05669,11290.276048220407
P05759,31881.185052605004
P05760,32470.77166407684
P05764,33608.92224760387
P05765,35474.2832794286
P05767,35742.856741675125
P05787,16497.60607400711
P05799,12019.483537707787
P05814,201854.31991616497
P05829,17240.946434922516
P05950,11129.996414900263
P05979,34743.05213906469
P05991,8968.434232366297
P06014,27635.43871867145
P06025,32268.35323085047
P06050,34763.47187199463
P06062,17748.97176954568
P06177,195303.51687466184
P06199,11479.146740740329
P06213,27202.01959332285
P06282,11428.524734906492
P06300,17367.028159530368
P06395,32626.997526406707
P06396,31763.83509511184
P06397,16171.11717080264
P06921,10306.556470423839
P07079,13971.805630101297
P07098,10276.415848706747
P07102,10276.415848706747
P07265,9533.4114357984
P07266,10114.809570297555
P07287,13543.024247596972
P07409,10003.191543497673
P07541,15245.239955196817
P07603,271252.1058862721
P07611,17647.710924312134
P07612,19523.139824044978
P07621,33210.401805467656
P07954,10292.683296941363
P08111,10126.787547411572
P08139,9954.552230993675
P08154,10501.968596632629
P08185,194798.37845794254
P08236,15872.6303416575
P08840,11624.484032865581
P08848,11903.704160551439
P08878,31747.450950118444
P09113,31826.014214625495
P09155,14672.168753168582
P09207,16019.0132968193
P09254,27455.414567454336
P09305,10823.324994933857
P09307,25822.555219989506
P09599,10501.256688861879
P09742,16921.144525335643
P09743,14965.770441495093
P09812,14371.572991389705
P09813,14767.387858905715
P09864,8338.544223538924
P09866,7636.286942381856
P09867,7589.531927823209
P09868,9055.716749386811
P09869,8632.806108189605
P09871,7636.286942381856
P09872,7746.969212641387
P09873,8325.45812861744
P09874,7744.046496815834
P09876,8577.650010588033
P09877,7942.268904484597
P09878,7885.556108526893
P09879,8291.789208980277
P09880,8251.004086129687
P09881,7656.408102876841
P09882,11997.74040101665
P09883,11983.855749511556
P09884,16742.01206533771
P09885,16193.470796589654
P09886,7641.874416502469
P09888,7364.539937102047
P09889,7660.343071069274
P09890,16774.868931088808
P09892,16798.71136399296
P09893,16826.91909790346
P09894,15704.222413103864
P09895,16615.796390957737
P09896,14377.925679668882
P09899,13984.877451190232
P09903,14507.161786127113
P09905,14288.704033142434
P09923,8241.170082648812
P09926,8304.991501268749
P09927,7699.87153234837
P09931,7599.903742804065
P09934,6472.421935818977
P09936,8475.448490426741
P09938,8599.261834107594
P09944,8956.17738344548
P09945,8437.89725188048
P10182,15293.849225736934
P10316,31187.99637512403
P10543,7955.325775539597
P10545,8304.832340731999
P10546,7418.606549300053
P10547,8084.925213667415
P10549,7723.434206232847
P10550,7756.3045692864
P10551,7556.648067467198
P10552,8060.428841368834
P10553,7641.568597335408
P10555,7502.678593165372
P10566,8344.461396307372
P10572,8490.414241335107
P10608,14873.407500022198
P10679,16957.61707123966
P10827,9007.769008827458
P10876,10637.76677757555
P10896,263350.52826673735
P10898,10277.370713058328
P10974,8474.348474800176
P10975,8631.50170744407
P10976,8519.446400106677
P10978,497603.06001525914
P11038,11346.841417250896
P11042,16783.603282706244
P11043,16783.603282706244
P11044,16783.603282706244
P11045,14916.00799897082
P11046,14916.00799897082
P11050,17365.0014172054
P11052,14135.85191715678
P11053,17090.581826142123
P11054,18823.514431150405
P11062,16774.868931088808
P11063,16088.367730760416
P11064,14639.632537928317
P11066,16826.91909790346
P11067,16741.998568035255
P11068,16783.603282706244
P11072,16160.600433536101
P11073,16814.554338272625
P11148,17365.0014172054
P11193,14145.913510771094
P11216,24531.99967442111
P11237,16882.588578135936
P11354,14371.916582606234
P11355,14232.305084752543
P11358,16211.342112511367
P11528,16897.361464695445
P11616,7669.605951630536
P11617,7698.119504708102
P11618,7726.3187475882405
P11620,7449.698824565952
P11621,7669.605951630536
P11821,9478.484873067078
P11899,8942.37270992234
P11906,13533.327894426784
P11997,14377.0060780585
P12110,32850.23520532579
P12177,15293.849225736934
P12228,15894.622748322166
P12248,13583.378434151999
P12255,13296.133785310116
P12258,13455.429608896018
P12265,14170.120059618777
P12341,14353.932483902117
P12343,13700.30164662728
P12344,13604.92054373171
P12345,13762.79527005926
P12375,13300.929402653197
P12461,16715.794008739776
P12493,12231.175232341702
P12494,12283.22539915636
P12497,11471.854173006552
P12499,11907.13308219051
P12500,12502.368524386879
P12501,12707.470301011617
P12525,16440.08044780682
P12527,16493.459371397268
P12529,16327.157610121048
P12632,16656.082253889417
P12653,28953.535577764713
P12668,29859.815196858108
P12713,14978.201072637725
P12941,15044.857413499874
P13195,10589.803924627253
P13390,15308.046955711268
P13434,16947.097700757462
P13604,15241.04878267955
P13610,9406.463681366979
P13643,16852.458670148826
P13671,8616.616418412617
P13693,16240.078859806674
P13702,14675.745416038168
P13745,14582.98172955194
P13856,29549.328500334992
P13920,7711.176133762281
P13921,8020.616974382192
P13925,7525.509348040821
P13927,7141.364030384273
P13928,7713.613636251099
P13929,7406.3484768294875
P13931,7776.731639185251
P14013,11779.012412546039
P14080,9042.025184834198
P14082,9042.025184834198
P14121,197616.63172825013
P14223,14791.618073792008
P14275,15389.013438363343
P14341,6297.301246057006
P14364,9042.025184834198
P14375,9506.624462378248
P14392,9198.26930154812
P14434,9883.197111833102
P14435,9788.537502621191
P14436,9103.955609779969
P14440,16039.741286878185
P14442,16072.611649931738
P14446,16039.741286878185
P14448,14205.01636619631
P14451,9525.479186791079
P14452,10977.978097303574
P14455,9872.106574918722
P14458,12173.230552340548
P14459,11974.472605025661
P14463,16816.473645759797
P14466,16922.50678417874
P14468,19115.330342521444
P14469,16783.603282706244
P14473,16868.523812574454
P14476,14922.572498226316
P14477,7264.662772987696
P14479,8971.39501751951
P14481,9537.256070753592
P14487,8972.650800810403
P14488,8852.993625103412
P14550,13590.687251659896
P14552,15820.537544663955
P14553,15735.617014795747
P14556,17117.58994108067
P14559,11827.501565587118
P14560,16512.34937367736
P14562,11194.053264273309
P14563,11246.103431087966
P14575,11827.501565587118
P14576,9673.085368665525
P14577,11088.950198444072
P14584,11786.811430677033
P14585,10786.015542475463
P14608,8863.94220457456
P14609,8779.02167470635
P14610,8808.453924878595
P14616,8891.698664735966
P14635,9302.998652183316
P14637,9133.396198799903
P14638,13619.419572486433
P14640,13608.250550788047
P14657,17292.768714429712
P14661,17397.871780258953
P14662,14960.238393928945
P14663,16755.600974888686
P14664,14638.673519570395
P14665,15295.505750152015
P14666,11644.29676167094
P14669,7547.858088540546
P14672,7779.265280357871
P14674,7425.302344733023
P14679,9379.265183739077
P14742,8818.673677038056
P14753,14866.028538729302
P14780,9592.47226376697
P14786,8989.97501801954
P14787,8884.871952190304
P14808,7122.414979675908
P14809,7734.267072829334
P14810,7593.130843915529
P14814,16079.811733177627
P14860,6691.728940353412
P14865,6916.228969585485
P14871,6955.08340331776
P14901,7416.549284058248
P14918,7151.549985106922
P14923,18927.37519070066
P14926,16730.31080961261
P14947,13823.992423720989
P14952,13650.459562769569
P14953,13486.786466205753
P14955,13583.351998043872
P14957,13820.151925042694
P14959,13853.022288096246
P14960,14060.792350719807
P14961,13736.750200568622
P14962,15303.372373619797
P14963,12673.346653045652
P14964,7339.513423868921
P14965,7095.520353869648
P14966,13053.940451765644
P14967,12969.019921897436
P14971,11514.548710426345
P14972,11514.548710426345
P14973,10426.47525915768
P14974,13821.67073043683
P14975,13820.151925042694
P14977,8237.678906269928
P14980,6972.921745182615
P14985,6645.985910121501
P14988,6995.289879376334
P14989,7160.231454818655
P14991,9010.156155005257
P14992,8906.97239666319
P14994,8829.847221529151
P14995,7498.5403828958115
P14996,8258.318894951575
P14997,9838.896736622188
P14998,8394.832138913822
P15000,12897.131994693278
P15001,12729.898301614456
P15002,10594.682925948735
P15004,14040.87447265106
P15006,6351.461478701709
P15008,6676.936965687884
P15009,6730.906439989711
P15011,6775.136834947836
P15014,9093.690891430164
P15015,13544.180668527926
P15017,13427.717570794119
P15070,7744.046496815834
P15071,7566.280973588953
P15072,7268.002669983274
P15073,7841.22509915461
P15083,161726.81222691137
P15133,14079.422673426527
P15148,15509.248290708352
P15151,14680.551676056039
P15153,15229.079447501641
P15178,14036.011042717642
P15179,14057.110153965918
P15181,16250.525384269584
P15234,16099.198698151056
P15236,14719.999983778069
P15237,14110.394115368415
P15243,29376.654795308186
P15256,29680.718450406916
P15258,7742.306583498339
P15260,7690.256416683682
P15261,7690.256416683682
P15263,8356.575081051044
P15264,7531.0202567006345
P15265,6986.325652155134
P15267,7239.466476540918
P15269,8471.546010431699
P15270,7286.282108083269
P15272,7615.511467255332
P15279,17051.728321015267
P15280,17051.728321015267
P15282,11470.912654199772
P15302,7223.847057763665
P15305,6840.648224289773
P15307,7800.453473606478
P15308,7389.674644773073
P15325,15949.448293215746
P15341,14036.247223347593
P15343,14784.195315982446
P15344,13806.98231396728
P15345,14679.092250153208
P15347,13806.038500973533
P15364,14503.514149048497
P15366,14184.63933813686
P15413,11670.348332943227
P15416,9959.906281851694
P15417,11161.182901219756
P15422,16083.971681836307
P15423,14205.01636619631
P15424,14172.146003142758
P15431,10774.591811384067
P15433,16479.479010623807
P15434,16479.479010623807
P15443,16812.10856609349
P15444,15101.666515001956
P15483,9047.40326173136
P15487,9551.700638218837
P15488,8671.17941787716
P15511,9821.773314068192
P15512,9327.21501692442
P15519,8899.006046055096
P15520,8951.056212869753
P15521,8866.135683001543
P15522,8739.933505924033
P15523,8897.086738567927
P15536,14544.141130539287
P15537,14150.187970896572
P15541,13144.313490805118
P15542,13314.555052634567
P15544,13349.415267429857
P15545,13475.61744450737
P15546,14308.816822599774
P15547,13761.525943394092
P15548,14582.091183997121
P15556,8772.480975068709
P15586,7692.661406279967
P15587,7277.565033057035
P15588,7882.685001977414
P15836,8851.05578500072
P15876,6974.255773168941
P15880,13614.303053610252
P15881,13473.215647424599
P15883,30813.122516894244
P15948,15116.571619049697
P15949,15031.651089181489
P15951,10106.571260122353
P15952,9904.555657842331
P15956,9696.039845981151
P15964,6808.640238855867
P15966,7500.082698436709
P15968,7857.04255544933
P15971,8250.879076056313
P15974,8233.910775567452
P15976,7852.68574547334
P15978,7546.925197749635
P15981,11707.476580371309
P16058,10547.257250871866
P16059,8277.960167008132
P16061,264539.17185259494
P16069,8813.02665253865
P16071,8701.345576823096
P16072,8550.39724700414
P16073,7835.900593781105
P16085,6508.964223783099
P16148,11498.177536355746
P16150,9195.303343436357
P16152,11498.177536355746
P16153,10066.18643004838
P16239,8396.47163550974
P16242,8363.601272456188
P16370,13555.912536594895
P16379,16813.40698020453
P16389,15660.735846220645
P16391,16520.628849663426
P16408,14175.233002427169
P16422,9658.103241247765
P16434,14360.93673591812
P16436,14234.734558840606
P16467,7710.377577178668
P16468,6752.233262065223
P16469,7544.389994996633
P16472,7349.832615934363
P16476,7820.9620341433765
P16477,7454.9356817636
P16478,7921.312620264394
P16480,7776.731639185251
P16483,7695.656226944302
P16484,7754.526481498746
P16485,7515.876441919067
P16523,15977.430298965537
P16568,13717.293082038435
P16606,6685.746408632869
P16607,6165.5469695807005
P16608,6739.715882934695
P16659,17357.008767137824
P16667,16178.471749457814
P16670,16263.392279326023
P16676,6890.505847753306
P16677,7610.429877909031
P16689,14750.577374737286
P16822,14445.857265786328
P16825,8943.236441013221
P16827,14632.770992126152
P16897,13799.81301094008
P17012,14359.43987873256
P17042,15623.984262659345
P17124,13489.696256278261
P17185,9189.932469383835
P17219,8344.659124533377
P17221,8341.161473195545
P17222,7195.333504686099
P17225,7713.613636251099
P17235,14692.81241629981
P17490,12964.7304282657
P17494,13082.712331393648
P17646,13780.21434748547
P17686,8188.581972024873
P17688,9727.520906688573
P17690,7559.21360789398
P17691,7557.294300406811
P17692,7559.21360789398
P17695,7063.782876231035
P17697,14932.149163755725
P17698,14932.149163755725
P17771,11095.74356627468
P17772,11101.322770704977
P17773,11095.74356627468
P17876,13418.247466655086
P17877,9447.840178805243
P17879,13833.133724501606
P17882,14132.813731116246
P17884,8852.993625103412
P17886,7077.062215622776
P17888,7399.851584788899
P17890,7343.138788831195
P17892,7870.56744902852
P17901,7945.649531881078
P17910,9616.070108894583
P18090,14847.228633887516
P18208,10161.552578130431
P18280,10327.056047464663
P18313,16124.661816746393
P18318,16166.205914433676
P18320,7458.959823398771
P18321,7784.818122363966
P18323,7836.868289178623
P18327,16816.473645759797
P18329,17365.0014172054
P18330,16711.37057993056
P18335,16816.473645759797
P18419,17411.769929066497
P18420,17550.659933236537
P18422,16407.246307848123
P18424,16523.709405581933
P18425,14741.034651714715
P18448,9595.931033176963
P18449,9047.40326173136
P18450,8916.333029417856
P18572,6822.939349779026
P18573,7289.169314529368
P18575,7870.56744902852
P18583,7922.517663576182
P18653,11457.87491221898
P18699,7135.162825145424
P18767,11276.3706951422
P18808,14319.53039702102
P18809,14373.513368625303
P18817,267251.2860615831
P18869,8810.700977418543
P18949,8989.97501801954
P18994,29935.54761837201
P19016,14039.909400350718
P19019,14341.104618148274
P19020,14037.601995162733
P19065,6567.8226193443625
P19157,7582.035253057918
P19176,9576.68474232703
P19179,8951.056212869753
P19182,8899.006046055096
P19185,8812.166208699717
P19188,8739.933505924033
P19190,8850.615776183564
P19198,15358.102673612912
P19220,14932.149163755725
P19233,14976.379558713847
P19236,15341.598658745002
P19294,14809.212545555136
P19312,29894.687676224978
P19403,202555.44931723733
P19525,15241.04878267955
P19528,15208.178419625998
P19610,20092.481377815886
P20081,13548.002335311226
P20082,13686.892339481263
P20167,13227.025720085361
P20168,13643.939698849646
P20171,13591.889532034991
P20172,13591.889532034991
P20177,13591.889532034991
P20193,13583.351998043872
P20194,13629.101198396134
P20195,13544.180668527926
P20196,14784.195315982446
P20197,14142.030683834126
P20200,14256.766655785119
P20201,14308.816822599774
P20203,14556.536506345681
P20204,14256.766655785119
P20206,14256.766655785119
P20208,14003.14067966409
P20209,14036.011042717642
P20211,14308.816822599774
P20224,14057.110153965918
P20226,13984.877451190232
P20227,14057.110153965918
P20231,14723.428818333281
P20232,14003.14067966409
P20233,13984.877451190232
P20235,14142.030683834126
P20238,7333.399709487494
P20278,9028.124842606125
P20279,9043.944492321367
P20282,9010.146857747306
P20290,8401.746200971316
P20297,9261.228927048422
P20306,9192.58487971704
P20322,9149.278620538516
P20325,8768.85847887621
P20331,8719.15598816051
P20348,11859.295925786268
P20354,16912.75420753258
P20356,16506.268803305822
P20359,16711.37057993056
P20360,16783.603282706244
P20361,16901.394175628007
P20365,14293.005149800674
P20366,16160.600433536101
P20370,16088.367730760416
P20371,16193.470796589654
P20376,11542.407931313872
P20377,11465.307173302193
P20426,13953.241049377153
P20463,14570.918280089541
P20575,9861.15912666314
P20581,9579.222635103371
P20583,9494.302105235161
P20587,8826.43463833899
P20591,9043.944492321367
P20631,13821.609810069738
P20650,30534.394569219075
P20675,11413.375322217213
P20698,12781.560053289671
P20703,8417.570746758014
P20721,8450.441109811567
P20758,13641.443868399843
P20779,7784.818122363966
P20810,15168.096323502945
P20820,13440.540900506889
P20821,7201.962787070872
P20822,7374.039293530561
P20824,7491.350497335745
P20842,16072.269314240426
P20863,9564.463320395549
P20864,8208.867235527792
P21043,14284.70681922985
P21045,14253.75576366347
P21052,6436.382008569919
P21055,7711.176133762281
P21125,8768.85847887621
P21411,15085.54754840996
P21416,15101.6133748682
P21447,13957.200280221678
P21448,14131.292511187305
P21461,194036.26311843743
P21466,15477.33211032756
P21468,16072.269314240426
P21503,269883.2199077554
P21549,8249.719133710754
P21585,8878.96733135575
P21622,12920.450057459708
P21634,8502.491276626224
P21640,12912.082708569607
P21721,14194.64365527935
P21725,9106.014243783491
P21726,9052.044769481661
P21727,8834.357064893542
P21734,9054.47667957822
P21741,8969.55614971001
P21764,8534.831729299294
P21769,8812.166208699717
P21806,14723.069211852886
P21904,15883.265954135677
P21906,10937.831393423618
P21909,15811.033251359991
P21913,16434.03610053014
P21914,16506.268803305822
P21917,16506.268803305822
P21919,16591.18933317403
P21920,13979.732053610542
P21925,16319.935424145146
P21937,8676.34134101035
P21943,8458.653636422234
P21945,8662.443192202805
P21951,8763.181178365729
P21953,8512.62311072406
P21954,8730.310815312176
P21965,9138.601908112756
P21968,8678.842904045057
P21972,9169.552963679136
P21976,8865.428691596699
P21978,8865.428691596699
P21980,8786.795349951164
P22010,13695.64470613875
P22011,13749.614180440578
P22012,13870.473327098494
P22014,13749.614180440578
P22015,14660.64397093256
P22018,13862.430844904398
P22020,13862.430844904398
P22021,13916.400319206226
P22024,13575.846110620229
P22027,14436.607905147113
P22028,13521.8766363184
P22029,13575.846110620229
P22030,13521.8766363184
P22031,13575.846110620229
P22033,13812.646037619046
P22037,13812.646037619046
P22038,14036.011042717642
P22085,8534.831729299294
P22744,16719.198357543006
P23001,8673.72173346933
P23142,9079.984700156354
P23258,7034.641595110592
P23277,30525.890545253482
P23454,12041.919395402994
P23596,14737.523643439492
P23622,8971.839159968848
P23632,8086.266793055765
P23636,8140.236267357592
P23637,8086.266793055765
P23728,14725.52685422823
P23730,16485.16969205755
P23731,16593.12213796366
P23732,14671.543882623948
P23734,7784.818122363966
P23740,10161.552578130431
P23744,15716.648614533307
P23747,15093.645765363159
P23748,15093.645765363159
P23843,10828.941404767189
P23870,8700.026067669733
P23981,14089.369935825593
P24129,14096.83639913239
P24130,14374.170878532814
P24131,14374.170878532814
P24152,8991.22361989685
P24227,7341.219481344026
P24243,7136.73261986213
P24244,7108.219066784568
P24245,7026.050349602599
P24247,7303.384829003022
P24248,7289.169314529368
P24249,8319.581785786024
P24250,8160.562772480058
P24251,8437.89725188048
P24252,8437.89725188048
P24254,8160.562772480058
P24255,8160.562772480058
P24256,8106.593298178232
P24258,8265.612311484198
P24259,8860.505984867275
P24261,13685.373534087126
P24263,13685.373534087126
P24264,13665.455656018376
P24265,13638.665863336366
P24268,8575.65914570299
P24269,8812.459072701804
P24270,9076.58115183701
P24271,9076.58115183701
P24273,8917.56213853104
P24274,9076.58115183701
P24275,8917.56213853104
P24372,10690.305952519131
P24380,9262.40235649691
P24383,8661.930423775033
P24420,9280.474882017861
P24454,7077.217798131256
P24466,29189.228406999297
P24732,193363.4623766808
P25331,8912.597989983413
P25333,8458.653636422234
P25509,13144.850994022108
P25510,28341.33555987053
P25511,13422.185473422533
P25553,15956.95457636814
P25558,15084.787040568339
P25563,31394.773668404465
P25576,30066.011006573288
P25689,14801.927044021548
P25951,16336.911243842987
P26022,8673.72173346933
P26202,13334.830762381667
P26522,5801.784049050475
P26524,6235.582270340765
P26537,8372.186104295117
P26538,8372.186104295117
P26539,10563.558427622793
P26541,8679.794130139879
P26605,8051.827525666773
P26640,10941.828621905574
P26679,15355.497612064779
P26688,15705.064794240889
P26731,7331.907931644189
P26736,7406.3484768294875
P26754,13709.640436200818
P26758,9261.208253635108
P26798,9372.127699755154
P26855,13177.309360346355
P26929,9122.179876210674
P27290,15664.062211921448
P27291,16287.065061091593
P27292,16287.065061091593
P27293,14419.469777356166
P27294,13796.46692818602
P27297,12095.025690515697
P27298,12440.694060285423
P27301,15612.012045106792
P27302,14048.541033453803
P27305,14048.541033453803
P27397,10672.724417234389
P27419,6231.629744382677
P27440,8233.74162906473
P27441,10378.67139220058
P27443,8405.05646734867
P27499,11430.142100970887
P27501,8860.439100386466
P27502,7751.947759310413
P27503,7447.120102377619
P27506,8250.879076056313
P27507,7669.605951630536
P27509,7669.605951630536
P27510,7939.678627479898
P27512,7589.518430520751
P27515,7141.272069899631
P27520,6751.212886520028
P27522,6446.385229587235
P27539,10942.811952653028
P27540,10942.811952653028
P27542,6458.224950608386
P27543,6836.133416388238
P27546,9075.216668917597
P27548,9075.216668917597
P27549,10942.811952653028
P27551,9075.216668917597
P27554,10942.811952653028
P27557,10942.811952653028
P27558,10942.811952653028
P27559,9986.24645940958
P27562,9075.216668917597
P27563,10942.811952653028
P27564,9421.84405704524
P27575,7279.313588066776
P27576,7279.313588066776
P27579,7225.34411376495
P27583,8871.042173764166
P27584,8998.258302577018
P27585,10762.989275161417
P27589,11115.433929958206
P27597,16449.476439036735
P27599,15659.697084558933
P27601,16616.26257780238
P27602,11430.14102865164
P27604,11430.14102865164
P27605,11430.14102865164
P27606,11430.14102865164
P27610,10901.892776633911
P27611,9247.838646222775
P27613,10681.13329972198
P27614,11637.69879296542
P27615,9616.528716520497
P27617,11484.124000255924
P27618,11430.14102865164
P27622,16040.513759017336
P27625,11345.22049878343
P27626,11291.251024481604
P27629,11345.22049878343
P27630,11345.22049878343
P27652,13723.358570097542
P27683,6592.7791147364405
P27809,8401.746200971316
P27824,8733.753147169846
P27826,8790.28417847573
P27830,8800.228462572337
P27831,8800.228462572337
P27832,8800.228462572337
P27837,8945.123408333493
P28449,8183.579073499528
P28450,8654.874614438733
P28452,8183.579073499528
P28454,8426.893264752467
P28455,8785.813771256362
P28456,9078.416457912841
P28457,8841.61653091402
P28458,8564.282051513597
P28460,8518.515124126097
P28470,13690.647369600407
P28471,13636.677895298579
P28474,13366.605219449222
P28475,13690.647369600407
P28479,13263.434958409613
P28481,13263.434958409613
P28486,13473.215647424599
P28487,13527.185121726427
P28490,14344.916689244623
P28491,14398.899660848905
P28500,8777.88855418747
P28508,8777.88855418747
P28514,8363.601272456188
P28520,8140.236267357592
P28522,7723.322288593306
P28524,8140.236267357592
P28528,8086.266793055765
P28530,8534.831729299294
P28553,8632.966558759712
P28556,8308.924408608527
P28557,9003.172866773235
P28558,8730.434529427035
P28560,8917.869685667018
P28563,8917.869685667018
P28574,8725.838387372813
P28583,8671.868913070986
P28596,8723.919079885643
P28644,9088.093396641445
P28691,9380.801839988246
P28703,6131.415599812877
P28715,16607.006789468753
P28717,14334.549247487957
P28718,16302.882517386317
P28719,16506.268803305822
P28733,11670.348332943227
P28734,11088.950198444072
P28744,15819.119603435467
P28745,16039.741286878185
P28746,15762.40680747776
P28812,14088.027198876433
P28813,14711.030048046578
P28815,14034.057724574604
P28820,14034.057724574604
P28821,15022.180296467948
P28822,14392.151470958866
P28824,13913.30654119527
P28826,13864.68009731304
P28828,14099.943368062693
P28829,13985.539243970956
P28830,13864.68009731304
P28831,13985.539243970956
P28846,13680.115388785884
P28847,13680.115388785884
P28850,13680.115388785884
P28851,13680.115388785884
P28852,13680.115388785884
P28853,13680.115388785884
P28855,14182.259091298112
P28856,14303.118237956029
P28858,13559.256242127967
P28860,13836.590721528391
P28956,7451.476912353606
P28960,7646.231226478456
P28964,7669.605951630536
P28966,7669.605951630536
P28967,7364.778294697742
P28968,7669.605951630536
P28969,8531.224307841112
P29036,11690.116396414
P29044,16166.205914433676
P29046,16524.3131581204
P29049,16527.04298247382
P29052,16470.330186516112
P29060,11524.895625804056
P29061,11470.912654199772
P29068,14602.734902780687
P29069,9657.30034206863
P29070,9603.317370464345
P29071,16166.205914433676
P29072,9603.317370464345
P29075,11418.862487385115
P29076,11418.862487385115
P29077,11364.893013083289
P29078,11418.862487385115
P29079,7784.818122363966
P29080,7479.990465431172
P29081,7406.909656584114
P29082,16166.205914433676
P29084,11470.912654199772
P29086,11470.912654199772
P29088,14645.238018825892
P29089,16166.205914433676
P29090,16166.205914433676
P29092,16166.205914433676
P29093,10003.927730196272
P29094,11470.912654199772
P29095,10568.330132560612
P29098,10514.347160956328
P29099,9055.872667344393
P29102,6981.035284461097
P29103,7364.234117934986
P29108,7312.34795090383
P29111,29153.28979020959
P29154,8969.612305345698
P29156,7344.608166496317
P29157,8162.608941915616
P29158,8991.06961179274
P29160,8969.612305345698
P29161,9538.64568021402
P29162,9592.615154515846
P29163,8969.612305345698
P29164,9592.615154515846
P29165,9842.769952296454
P29166,9592.615154515846
P29167,9842.769952296454
P29168,9273.736577428132
P29169,9973.37010062474
P29170,9916.657304667031
P29171,9916.657304667031
P29174,9654.491523537028
P29175,13988.94771573079
P29177,8915.642831043871
P29178,13934.978241428962
P29179,13988.94771573079
P29182,16571.069244998296
P29185,14649.50448696104
P29186,14991.500902584701
P29187,14026.50163779089
P29188,14026.50163779089
P29189,14026.50163779089
P29191,14080.471112092719
P29194,14080.471112092719
P29195,14303.836117191315
P29222,14331.482066071054
P29223,13395.73205885476
P29226,13812.646037619046
P29227,14435.648886789195
P29228,13758.676563317218
P29229,14277.512591769226
P29326,15655.35533547614
P29338,7978.666615271191
P29339,7808.354736101057
P29340,7254.706152845407
P29342,7836.868289178623
P29343,7559.5338097782005
P29347,8271.47515701316
P29391,6479.249180642386
P29395,13511.119295268187
P29396,6957.000317661754
P29397,7335.011942114765
P29398,9523.625319972169
P29399,499339.11054443923
P29402,7197.640743338867
P29405,7086.172123039825
P29406,7010.96979196358
P29407,6645.985910121501
P29408,6592.016435819674
P29409,6645.985910121501
P29410,6645.985910121501
P29425,14940.0414007403
P29427,15114.43647402104
P29428,12673.346653045652
P29429,454851.4344968858
P29430,9480.789492935466
P29431,13545.229075891955
P29433,7005.936507173545
P29434,6755.781709392933
P29435,7005.936507173545
P29436,7383.948131626556
P29437,7383.948131626556
P29438,7909.566769339752
P29441,8394.832138913822
P29442,465719.0771480129
P29445,9010.156155005257
P29450,8786.546797684274
P29458,10894.861318324314
P29459,10948.83079262614
P29460,10978.263042798386
P29473,10782.403748894412
P29474,10881.871299826722
P29475,1091819.5278490132
P29477,9619.30952914336
P29478,12779.055481060794
P29481,8394.832138913822
P29486,13905.072454910902
P29487,13905.072454910902
P29489,9209.779194676994
P29491,9652.751482437448
P29492,9652.751482437448
P29493,8850.82820171507
P29494,9084.04350737583
P29497,8760.001357224643
P29498,413649.1474994877
P29499,9064.125629307084
P29502,8016.820514460811
P29503,11239.68589501347
P29506,9088.920048019078
P29509,9184.143856047449
P29510,12999.970977463816
P29511,13053.940451765644
P29512,13053.940451765644
P29514,13053.940451765644
P29515,12637.026473001359
P29517,14940.0414007403
P29518,6678.8562731750535
P29519,6578.118287012123
P29522,6524.148812710297
P29523,6678.8562731750535
P29528,6882.24255909456
P29529,7119.042486093378
P29531,7285.543949567094
P29532,7339.513423868921
P29533,7252.6735865135415
P29534,11232.64807612311
P29536,7268.7394129717795
P29537,7322.708887273606
P29538,13820.151925042694
P29539,13820.151925042694
P29540,14178.259168729412
P29542,13583.351998043872
P29544,13583.351998043872
P29546,13583.351998043872
P29547,13583.351998043872
P29548,13227.715215279186
P29549,13281.684689581014
P29550,13281.684689581014
P29551,13281.684689581014
P29554,13281.684689581014
P29556,13804.359157490868
P29557,13750.376185886584
P29559,13750.376185886584
P29562,13750.376185886584
P29563,14427.362006661013
P29564,14373.379035056729
P29566,13155.4825125035
P29567,13209.451986805328
P29568,13557.360113153798
P29590,6734.636006342636
P29598,6701.7656432890835
P29600,7118.679622053369
P29604,6200.787093900206
P29647,6841.345142652946
P29659,6689.933775440175
P29671,7424.234521087081
P29673,6864.178802770828
P29676,8951.056212869753
P29690,8845.03657175327
P29698,15598.410170536561
P29699,15667.284288465718
P29701,16030.228792928176
P29756,17109.37665339937
P29794,6840.417871132438
P29795,6840.417871132438
P29796,6840.417871132438
P29820,10847.774857595665
P29822,10807.138179481495
P29842,8607.537472789882
P29851,8607.537472789882
P29853,8607.537472789882
P29856,9068.81497751621
P29862,8818.660179735602
P29925,33041.84694805641
P30010,13429.971419242858
P30024,13419.212340119548
P30034,7751.947759310413
P30035,7751.947759310413
P30042,11354.75883266742
P30046,15883.265954135677
P30050,15883.265954135677
P30052,16783.603282706244
P30053,18958.17710987755
P30085,13398.797889043715
P30086,13562.604525523535
P30089,13562.604525523535
P30090,13508.635051221707
P30092,13965.087942256154
P30093,13965.087942256154
P30094,13965.087942256154
P30095,13288.11561878418
P30097,13619.419572486433
P30100,13967.289512799554
P30101,13913.30654119527
P30103,13488.32312245492
P30104,13542.306094059202
P30105,13488.32312245492
P30107,13488.32312245492
P30108,13446.25191380415
P30109,13770.294063955334
P30112,9021.031329419602
P30114,9180.103869550669
P30116,14132.813731116246
P30117,8856.06171939948
P30118,8856.06171939948
P30121,14132.813731116246
P30133,13414.317795861694
P30134,13414.317795861694
P30135,13414.317795861694
P30136,8531.119445478173
P30138,8585.088919779999
P30146,8458.886742702489
P30149,8512.856217004315
P30150,13961.377119799341
P30152,8700.893241388152
P30154,8808.937546736433
P30155,8672.44612129928
P30156,9186.759734733889
P30158,13941.619544942929
P30160,13853.022288096246
P30161,7251.610217640693
P30162,6645.985910121501
P30164,6678.8562731750535
P30166,7086.172123039825
P30167,7313.912830866491
P30168,499339.11054443923
P30169,7251.623714943151
P30170,7326.5609388841185
P30173,12045.180230812028
P30174,13769.620563622175
P30175,13853.022288096246
P30176,13853.022288096246
P30178,9062.914665826545
P30180,8879.371846244867
P30181,9184.143856047449
P30182,8803.945065495998
P30185,9008.94519152472
P30186,9225.845021135232
P30187,9104.985874477316
P30189,9104.985874477316
P30191,9225.845021135232
P30192,9529.969293217666
P30193,9632.833604368698
P30195,10099.002668085985
P30198,9902.906280218052
P30199,9956.875754519882
P30200,10983.900680724502
P30201,9328.709332286264
P30203,8911.795353521979
P30204,9652.751482437448
P30205,9126.377470202922
P30207,9209.779194676994
P30249,11088.950198444072
P30250,12551.242400920199
P30269,16364.555909168525
P30270,16040.513759017336
P30271,14519.545863409552
P30273,16364.555909168525
P30274,16364.555909168525
P30275,16364.555909168525
P30277,16182.0233707284
P30278,14355.064765107143
P30285,15599.915861221238
P30287,14298.61063069825
P30288,16166.205914433676
P30289,16443.5403938341
P30290,16166.205914433676
P30292,15543.203065263531
P30399,8599.261834107594
P30400,8575.65914570299
P30402,8852.993625103412
P30403,8575.65914570299
P30404,8575.65914570299
P30405,8632.371941660695
P30406,8852.993625103412
P30408,8545.292359805768
P30409,9028.090639030124
P30410,13518.484616579835
P30411,13518.484616579835
P30412,13360.348321559866
P30414,13518.484616579835
P30416,13518.484616579835
P30418,13502.204122018544
P30420,8806.91086178464
P30424,9109.065897256962
P30425,9055.082925652678
P30426,9055.082925652678
P30429,8788.661130613236
P30431,8734.678159008956
P30432,7132.083488021541
P30433,7172.706668833256
P30434,7365.732238647324
P30437,7078.100516417257
P30438,6786.448396830612
P30439,7077.217798131256
P30440,7077.217798131256
P30441,7077.217798131256
P30442,6840.417871132438
P30443,6897.130667090143
P30445,8005.455709271722
P30449,8806.91086178464
P30451,8806.91086178464
P30452,8647.891848478674
P30454,8669.349154925716
P30455,7204.778370481879
P30458,7204.778370481879
P30459,7372.012063560702
P30460,7204.778370481879
P30463,13590.687251659896
P30464,15458.282535395323
P30468,15458.282535395323
P30473,16182.0233707284
P30478,16449.476439036735
P30479,16125.434288885544
P30482,16166.205914433676
P30483,16433.730039362254
P30484,14723.594049438603
P30489,14723.594049438603
P30495,15458.282535395323
P30496,16081.285384565468
P30497,16358.619863965892
P30499,15762.40680747776
P30502,14723.594049438603
P30503,16645.172304778316
P30505,15901.310308950251
P30514,9078.447469537809
P30515,9024.464497933524
P30516,13587.124651886752
P30517,8891.83139165285
P30518,8891.83139165285
P30519,9024.464497933524
P30520,9024.464497933524
P30522,9024.464497933524
P30523,8970.495023631698
P30525,8970.495023631698
P30527,9024.464497933524
P30528,8970.495023631698
P30531,9034.163617783772
P30532,8993.526939669599
P30533,8885.574493763488
P30534,8885.574493763488
P30537,8939.543968065314
P30545,8782.39073542142
P30571,6781.327226254885
P30639,9502.393573630558
P30643,8958.64131121515
P30666,9216.967625834739
P30679,8645.513999558825
P30681,8588.80120360112
P30684,8534.831729299294
P30691,8401.746200971316
P30692,8818.660179735602
P30706,8755.196956314434
P30709,8733.739649867392
P30715,8733.739649867392
P30717,8316.825671103106
P30758,6678.610680939139
P30842,14974.159755422788
P30870,15311.155462878027
P30872,15007.091807779296
P30912,15363.205629692682
P31067,8884.705272779946
P31077,8884.691775477488
P31123,8893.958822596083
P31229,8401.746200971316
P31230,10686.255463471029
P31232,8764.690705433775
P31329,18456.466622738284
P31345,11156.009563375894
P31347,11156.009563375894
P31461,7713.613636251099
P31464,7000.495549967527
P31466,7744.046496815834
P31513,29688.90799969885
P31591,13708.75948640418
P31598,13587.124651886752
P31614,14032.781926301988
P31618,14187.5847059144
P31652,14966.587499366022
P31691,32311.42262845066
P31692,29397.54173022714
P31713,10093.327392315558
P31720,10716.33024148571
P31721,10662.36076718388
P31785,28094.15795110696
P31806,7045.661022134336
P31851,8006.704730835903
P31998,198459.76102084434
P32151,10311.79854754539
P32196,29850.627088503803
P32219,13065.787457530587
P32229,13903.964014081017
P32250,28525.12336797597
P32255,29916.14787595863
P32320,16939.77452875528
P32955,14043.000150301817
P33551,9947.182186951926
P33588,9862.94053583005
P33754,9418.151931600249
P33890,14700.8665932373
P33891,14978.201072637725
P33939,29895.050280236148
P34122,15725.8066603239
P34204,7242.0681949878235
P34300,11920.970389887727
P34301,7798.771946804958
P34303,7389.808194466314
P34304,7610.429877909031
P34305,7418.017000696069
P34306,7742.0591508472535
P34307,7474.7297966537735
P34309,11848.73768711204
P34310,11848.73768711204
P34312,11848.73768711204
P34313,11848.73768711204
P34315,11848.73768711204
P34317,7002.919555153887
P34318,7002.919555153887
P34319,7056.902526758171
P34320,6948.950080852061
P34321,7059.632351111592
P34324,7002.919555153887
P34326,6948.950080852061
P34327,10925.26799579234
P34332,7087.841157341347
P34333,11251.232489563838
P34334,11194.51969360613
P34335,11297.384004757161
P34337,11194.51969360613
P34338,11194.51969360613
P34339,11417.884698704725
P34340,11486.854896928595
P34341,11430.142100970887
P34342,11430.142100970887
P34344,11430.142100970887
P34345,11430.142100970887
P34347,11486.854896928595
P34348,11486.854896928595
P34350,10075.960344128755
P34351,11430.142100970887
P34352,11874.262719136957
P34373,11920.983887190181
P34374,11920.970389887727
P34375,12010.553548898984
P34381,10892.059781668951
P34388,11382.888070585792
P34389,11439.600866543497
P34390,11382.888070585792
P34392,16211.681606168362
P34451,16833.387791398152
P34470,16700.82721538908
P34473,16700.82721538908
P34475,16700.82721538908
P34545,16229.602181922937
P34548,15552.62985845096
P34578,14074.352624761157
P34664,14751.46617262841
P34722,16087.729864181865
P34892,16658.33378645315
P34894,16658.33378645315
P35464,268170.6522415971
P35694,12850.904299144373
P36063,14328.213122895566
P36072,14038.97388655611
P36075,13887.562519343335
P36077,13761.639407155686
P36105,8776.586044620359
P36106,8393.642302825268
P36115,9053.934021323239
P36119,16111.629653506752
P36327,14873.407500022198
P36414,7669.605951630536
P36415,7836.392090396184
P36416,7548.746804972619
P36419,8051.74742411825
P36421,7841.22509915461
P36422,8531.41719931324
P36423,8477.43422770896
P36425,7291.697485850684
P36454,12202.228901296046
P36619,9693.611083475655
P36772,9981.185165873892
P36829,14595.697852588932
P36835,15218.700701759077
P36838,14595.697852588932
P36863,12442.142640106082
P36896,13673.342827057972
P36898,265285.08348506957
P36899,15479.032669344317
P37112,14793.070887299404
P37115,16211.342112511367
P37118,16211.342112511367
P37141,13907.497009152783
P37145,16792.74024701052
P37157,13928.596120401058
P37421,6828.273084792734
P37422,6604.908079694138
P37423,6524.148812710297
P37425,6246.814333309874
P37426,6798.840834620489
P37427,6882.24255909456
P37428,6798.840834620489
P37697,13511.682141636773
P38347,10379.10621427932
P38411,6944.916177664745
P38454,7277.22430794558
P38456,10908.605925971922
P38457,497026.3003647134
P38458,7322.708887273606
P38459,7322.708887273606
P38460,6819.95344317122
P38462,6795.402721739181
P38467,16106.630959234273
P38468,17418.98438880968
P38472,16160.600433536101
P38537,7953.692833961177
P38567,15728.412498758755
P38709,16783.603282706244
P38711,16160.600433536101
P38712,16783.603282706244
P38713,14100.591200268458
P38714,16245.52096340431
P38715,16245.52096340431
P38718,16160.600433536101
P38720,16160.600433536101
P38722,14716.705864294036
P38723,15673.271357537484
P38727,11742.581035718908
P38729,11161.182901219756
P38733,11194.053264273309
P38734,9326.457980537882
P38735,11194.053264273309
P38737,16711.37057993056
P38740,16741.998568035255
P38741,16160.600433536101
P38744,16349.115570661928
P38745,201072.9420839707
P38753,16783.603282706244
P38754,15827.037789462802
P38755,16783.603282706244
P38757,16729.63380840442
P38759,10673.85382522114
P38762,11161.182901219756
P38766,11465.307173302193
P38767,10204.617407976308
P38768,9293.587617484329
P38770,9293.587617484329
P38778,11465.307173302193
P38779,10508.741680058745
P38780,11161.182901219756
P38783,11161.182901219756
P38853,6705.667382599793
P38854,7066.088103697402
P38855,7149.489828171474
P38903,6849.372196041008
P38906,6849.372196041008
P38929,6735.91226034268
P38930,497862.2775532995
P38932,7143.356134967937
P38933,6543.558594033715
P38936,6993.561733864262
P38937,10939.556981538306
P38942,11688.314091571789
P38943,8454.065097141956
P38944,10697.853186988345
P38945,9534.77246453975
P38947,11317.56860599132
P38949,8415.472127595469
P38950,465719.0771480129
P38952,8999.553093001396
P38953,9026.990623403555
P38955,8602.848124580749
P38956,9034.631126526216
P38958,9064.125629307084
P38959,9010.156155005257
P38962,8394.832138913822
P38963,8943.700030328167
P38965,8183.579073499528
P38969,8237.548547801354
P38971,8294.261343759059
P38973,8663.693191751288
P38975,10400.953353274272
P38977,207232.31791080427
P38978,10615.376246749805
P38981,8973.021149101733
P38982,9026.990623403555
P38985,8544.192344179202
P38989,8117.122948822442
P38990,8237.548547801354
P39001,8340.732306143422
P39059,8140.597537526963
P39157,14477.683223111093
P39310,8189.355651598125
P39311,8189.355651598125
P39313,229993.2860821787
P39314,8237.548547801354
P39316,8183.579073499528
P39317,232033.19723062287
P39318,233026.3276518529
P39319,232452.96276767843
P39420,8368.569716802816
P39421,7555.54300973448
P39422,10729.229055548822
P39424,8835.726132422587
P39425,8867.293750967121
P39426,9026.990623403555
P39427,10667.185530445338
P39428,8183.579073499528
P39429,8117.122948822442
P39432,10346.983878972445
P39433,8921.263225268947
P39434,160794.2395496046
P39435,8924.126312252527
P39436,176560.08386501262
P39440,263806.6607332774
P39443,9184.143856047449
P39444,162232.62783818244
P39447,8525.72294944671
P39448,10447.711886510195
P39461,10993.526455840132
P39463,11317.56860599132
P39464,490262.06112068496
P39467,7945.551109696171
P39468,7945.551109696171
P39469,9064.125629307084
P39470,8503.710879361879
P39472,466544.9066029002
P39473,8508.096357690818
P39474,9064.125629307084
P39475,8943.700030328167
P39476,10361.223231361055
P39477,11076.65375147614
P39478,8906.97239666319
P39479,9064.125629307084
P39480,10097.512573410877
P39481,10725.470637465562
P39482,10263.6270444078
P39496,6408.8116319034925
P39498,6835.830789544849
P39499,7056.553337153211
P39500,7193.924535929109
P39502,7094.456984996799
P39506,6828.273084792734
P39507,7219.780472256305
P39509,6401.521793774631
P39511,6401.521793774631
P39587,13211.861761059341
P39595,8462.59902652361
P39605,8534.831729299294
P39826,11611.23956458846
P39991,16475.396867176827
P39993,16475.396867176827
P40009,16475.396867176827
P40042,29912.27300479745
P40102,16167.713096623245
P40452,7584.973956684771
P40455,7744.046496815834
P40456,7690.077022514008
P40458,8068.088646967019
P40503,7955.416594356728
P40509,7851.2497736385885
P40526,7657.137548659797
P40527,7603.168074357971
P40528,7657.137548659797
P40530,7273.938715185905
P40531,7713.850344617502
P40532,7657.151045962255
P40533,7657.137548659797
P40534,7307.639477284349
P40537,7711.176133762281
P40538,7767.888929719986
P40539,8035.218283913466
P40541,7657.206659460455
P40552,8432.64790813774
P40553,7955.416594356728
P40567,7625.455751351936
P40568,7208.925448614416
P40569,7269.493018085028
P40571,6945.554026607002
P40573,7323.462492386854
P40574,7380.175288344559
P40575,7310.26464363316
P40576,7364.234117934986
P40578,7364.234117934986
P40579,7420.946913892691
P40692,16841.81672846117
P40794,14349.506586775322
P40841,9331.355001887776
P40883,7334.7936739551915
P41060,30598.83080039942
P41457,16497.991411716182
P41471,15138.317465647375
P41549,274156.53909871925
P41550,274156.53909871925
P41579,274156.53909871925
P41806,7449.53303150172
P41899,7935.149927961607
P42005,192116.9466460319
P42049,26625.582504389036
P42265,7656.616538761769
P42266,7599.903742804065
P42269,8160.562772480058
P42270,8160.562772480058
P42271,8437.89725188048
P42272,8160.562772480058
P42273,8160.562772480058
P42274,7530.489498854058
P42275,7891.3110746662605
P42277,7867.693815449213
P42278,7867.693815449213
P42279,8187.200608346986
P42280,8355.022891447828
P42281,8545.29435473125
P42283,8355.022891447828
P42284,8475.448490426741
P42285,8421.479016124915
P42286,8475.448490426741
P42287,8545.29435473125
P42288,8659.14716353027
P42289,8241.170082648812
P42290,6268.168265265613
P42291,6545.502744666035
P42292,7051.496569841391
P42294,7545.934268502238
P42295,8415.67377152828
P42308,13653.57349748798
P42313,13707.542971789808
P42355,13502.204122018544
P42356,13281.684689581014
P42357,13502.204122018544
P42358,13502.204122018544
P42359,13739.004049017361
P42360,13826.246272169728
P42361,13502.204122018544
P42364,13502.204122018544
P42366,13397.168080316858
P42367,13776.346840010285
P42368,13722.377365708457
P42369,13776.346840010285
P42370,13904.027185862582
P42372,13343.185108712576
P42376,13507.752332935708
P42377,13831.794483086896
P42378,13594.994556088075
P42380,13754.013569394043
P42381,13706.559909413732
P42384,14280.361971846098
P42387,13814.512355319845
P42389,13814.512355319845
P42390,13760.52938371556
P42391,13760.52938371556
P42392,14399.34968918043
P42402,13789.701710792073
P42404,13925.763651627962
P42405,13979.73312592979
P42406,13925.763651627962
P42408,13429.971419242858
P42409,13376.00194494103
P42410,13438.808926848535
P42411,13675.608853847352
P42412,13675.608853847352
P42413,13675.608853847352
P42414,14298.611703017501
P42416,13438.808926848535
P42417,13438.808926848535
P42419,13438.808926848535
P42420,13438.808926848535
P42421,13438.808926848535
P42427,13573.926803133056
P42429,13470.74304479099
P42431,17292.768714429712
P42433,16245.52096340431
P42438,16160.600433536101
P42440,16160.600433536101
P42441,16160.600433536101
P42447,9243.461121405988
P42451,15881.020761067084
P42452,11161.182901219756
P42453,11742.581035718908
P42457,11161.182901219756
P42462,11465.307173302193
P42465,16783.603282706244
P42466,15204.034940292653
P42468,17365.0014172054
P42469,16160.600433536101
P42471,16106.630959234273
P42472,14293.005149800674
P42473,16160.600433536101
P42475,14293.005149800674
P42479,15818.303437845361
P42483,11461.577389201888
P42484,7669.605951630536
P42485,7744.046496815834
P42492,9400.14482814039
P42494,7406.909656584114
P42495,7784.818122363966
P42496,7533.117061273762
P42497,7744.239388287966
P42498,7811.115563341598
P42499,8271.654551182834
P42500,7385.428759750888
P42501,7690.256416683682
P42502,7561.630614351325
P42504,7401.619288890073
P42505,7580.728451594099
P42506,8323.70471799749
P42509,7688.337109196513
P42510,8323.70471799749
P42515,7942.268904484597
P42518,7784.818122363966
P42519,7756.3045692864
P42520,7690.256416683682
P42522,7552.214898516537
P42525,7636.286942381856
P42526,7946.176429196894
P42527,7698.119504708102
P42529,7360.847663341941
P42534,7873.095620349835
P42535,8251.004086129687
P42539,7385.428759750888
P42541,7479.990465431172
P42542,7406.909656584114
P42544,11774.375395918058
P42546,11465.307173302193
P42547,10142.50987691206
P42548,9189.478149801704
P42549,11506.851270989479
P42551,8842.5286206866
P42552,7921.788224260083
P42555,7811.115563341598
P42557,7669.605951630536
P42563,7966.82689425004
P42564,7202.65598603075
P42565,7401.619288890073
P42566,7618.031983598317
P42567,7589.518430520751
P42568,7401.619288890073
P42569,7580.728451594099
P42572,7108.094280350466
P42573,7274.880419116114
P42574,7507.483642963543
P42626,8670.599390016901
P42812,14734.517495852162
P42853,15672.828143556055
P42913,14986.14110246431
P43183,14965.770441495093
P43184,209426.55825186396
P43213,270805.23091409804
P43536,15640.540109093106
P43540,15666.945682909112
P43595,31093.82118516285
P43745,10233.141000550131
P43779,34991.94438682107
P43821,11395.442271058964
P43887,209374.36265556316
P43888,28224.46805395819
P43908,11957.58922619792
P43981,16725.518325355588
P43995,8920.608355511878
P01015,14029.247736472631
P01017,13720.823149080827
P01070,13322.659558115478
P01074,24866.838134791076
P01084,23027.898670025024
P01107,12945.405062591275
P01184,11597.400784834823
P01188,110792.33092531553
P01236,22782.570480506245
P01252,13239.253781385105
P01302,13143.945206341026
P01341,21782.961370724635
P01371,11299.013906136555
P01413,13761.4557383612
P01414,13031.351235001232
P01416,12093.734944760005
P01435,21578.896339695697
P01442,109671.97258429795
P01479,23186.69702342357
P01484,12096.09349141921
P01517,22064.531509770808
P01537,241315.91044179891
P01546,22635.277511667773
P01548,11938.17573969058
P01579,13847.11265973554
P01598,21380.952632067863
P01666,12573.61018977144
P01686,12424.124381175472
P01705,13218.637039598916
P01708,13446.667973552556
P01727,8897.19141176431
P01742,11947.491909228542
P01745,12549.589747451517
P01746,11054.655649720551
P01769,11701.002416332183
P01797,199528.8494009945
P01823,12539.407257495768
P01826,12455.872397369478
P01840,21934.601441197552
P01842,22222.59681698781
P01852,22270.31580963986
P01913,20471.675656610172
P01927,13613.877754375975
P01937,12782.304966012534
P01940,23221.847706262586
P01951,107668.6113512019
P01960,20991.014885568773
P01976,21985.694462346713
P01990,12517.4551916499
P02066,17263.375648943045
P02088,11948.895219081494
P02158,21869.833463163977
P02211,12662.363376330935
P02212,21689.24871230149
P02230,10973.082840658846
P02248,12603.578054284095
P02290,21061.901899762786
P02296,24025.174062766786
P02328,13031.351235001232
P02368,9201.261801585671
P02413,15117.123916779561
P02414,14401.797607916147
P02415,14783.47127913966
P02429,12716.904119830217
P02491,11712.898766567067
P02531,11652.077856279699
P02595,12531.723187179405
P02681,21641.42010441476
P02694,12113.848236839434
P02696,12347.938508514188
P02698,13254.686825483033
P02704,11840.049531554188
P02711,22771.952672995583
P02766,21714.427595426176
P02784,22558.506461267614
P02785,12081.260099149928
P02836,21573.475007018715
P02840,23491.862261979673
P02847,21661.43743539849
P02853,12049.760871686341
P02865,12942.632010906622
P02881,10199.801087181824
P02927,12208.213717684712
P02947,12588.49854334453
P02994,13974.066106216698
P02996,12317.608124264709
P03040,11715.07877724735
P03214,12018.79777544074
P03215,12875.456852715717
P03285,13158.119588739091
P03334,12247.070020713678
P03341,11411.246839072286
P03368,12212.13511855729
P03489,11470.922778892178
P03494,12008.29350321801
P03505,12188.77562744146
P03520,22783.47802344467
P03523,12468.954348803813
P03576,21321.851035795306
P03598,21848.729719025934
P03611,22385.733949427413
P03629,12431.26875747815
P03644,11656.028848771504
P03647,162214.25163821585
P03649,11964.453436163309
P03651,12199.425337595336
P03660,11985.162147528808
P03666,11552.470537786485
P03668,11871.1066306972
P03797,21241.912821791804
P03878,23070.583390692304
P03887,12091.742388068717
P03892,23132.1674230473
P03903,21519.669577082965
P03914,11279.073986845577
P03915,24343.099350851688
P03925,21471.999667151875
P03947,11449.718553479173
P03966,11898.605869735502
P03975,9058.279538164395
P03987,21233.155116831258
P03989,21969.723627250874
P04050,19884.035801348713
P04054,21885.199432930065
P04072,12354.592491175245
P04109,11356.09259090189
P04122,21580.913884410667
P04126,21173.236773420896
P04137,20758.58323606965
P04154,12196.925562336011
P04188,12541.432211469615
P04211,23646.413675135467
P04216,22654.888779098437
P04218,22853.038138432916
P04220,23926.86624039067
P04263,10988.878451555729
P04276,22567.839385899417
P04338,20950.992353256897
P04347,11871.666443068048
P04355,21208.091198457972
P04360,22002.98116428456
P04384,173288.91991164698
P04412,22021.46971896151
P04428,11380.773557789149
P04498,12840.386283977437
P04501,12082.848155976728
P04538,11710.672734090778
P04544,11370.523293100538
P04553,22547.760119157363
P04694,21336.812918350228
P04742,12717.596409849823
P04744,21897.160222026017
P04749,13187.34274792333
P04832,21700.643258222
P04884,21929.334488668792
P05053,12684.799637843913
P05054,13730.448307554881
P05067,13824.710909991241
P05117,12267.444518998087
P05154,12483.035987844867
P05157,11322.293490406268
P05158,216216.01308534286
P05203,12353.977306994488
P05227,199117.34484263044
P05231,13127.247196943437
P05233,11322.731560209773
P05260,11467.766245790579
P05262,12913.866331498572
P05272,24296.889800264482
P05275,22840.74070116107
P05279,21375.144642736817
P05328,21904.13504719352
P05339,13204.62295337791
P05340,13067.600687816821
P05346,14399.89783114115
P05399,13215.443924783649
P05429,12116.577140302445
P05430,11924.82216109962
P05462,11796.45435266359
P05468,212682.8752757519
P05533,12659.521700453912
P05591,11892.34718226012
P05633,21692.656734510165
P05656,12212.620107292581
P05668,13623.321455105077
P05717,11412.261942237921
P05740,11590.70906827438
P05783,12190.312473991129
P05798,13030.126307295042
P05903,12540.153588850359
P05927,203447.5224789505
P05942,11691.699404327488
P05952,12398.788098617297
P05960,13110.923300427008
P05961,205859.3546015802
P05973,22195.37037696808
P05974,21828.02306872932
P06015,12063.950149264849
P06018,22241.71070413377
P06024,12349.366876613354
P06040,21637.50362059128
P06056,22638.361391278668
P06074,23706.759920557706
P06082,22987.7636391317
P06102,22306.263417660426
P06148,200850.6305270064
P06229,20690.875300255015
P06307,11221.782148203916
P06338,12079.344190412872
P06342,21122.941854683806
P06349,9333.005826305183
P06350,8438.824630259507
P06377,256089.0697212604
P06409,11730.053045370378
P06723,11288.93898785504
P06859,13143.81963559305
P06905,12874.177207187926
P07031,166671.8543373329
P07060,13418.533747936985
P07080,10745.080115204464
P07094,13206.496659895958
P07153,23391.11081136263
P07157,23741.334208803753
P07336,22417.25383793338
P07358,12925.728669333113
P07484,13449.527931129414
P07622,296838.8082593349
P07652,22838.965815481803
P07719,12604.225613859502
P08043,21541.0795182117
P08149,12751.69078017125
P08197,12512.490395942174
P08198,167379.04423937167
P08210,18307.713433940713
P08262,12323.99884115357
P08274,12689.698356908302
P08276,11956.962210300711
P08304,22844.893300210308
P08361,162474.44184922683
P08377,186250.82510116728
P08391,20671.91221358334
P08393,161822.61250337565
P08410,21316.385921940113
P08451,11904.461613563984
P08485,13707.104774385394
P08521,13558.11964015554
P08756,160600.89933076
P08794,13063.28705642063
P08813,12765.556116742524
P08827,12797.570113056618
P08846,13439.040611954866
P09218,11700.364055422417
P09360,12927.141778606481
P09394,22282.443385236536
P09476,14428.566673639269
P09605,12423.923409306766
P09619,12583.578807012453
P09639,197508.0669076342
P09703,11816.457179036868
P09814,11352.99636980445
P09816,11320.956387617656
P09817,11328.96774290295
P09967,11186.683277123147
P09990,11775.016314163364
P09991,11760.49000589468
P10000,266081.7245024553
P10025,9170.840332834687
P10031,8651.001426440918
P10038,9196.68636919959
P10121,245002.8757861119
P10210,21308.20051023274
P10212,21400.542807201044
P10222,22402.34158556858
P10251,11827.009410340497
P10256,11982.32100312629
P10330,9168.810758189007
P10416,14898.405408619285
P10418,14664.315136944531
P10419,11960.346851408149
P10422,14517.91058389789
P10424,19683.431981722963
P10427,11824.113448821687
P10429,11824.113448821687
P10433,12255.033993505896
P10436,12978.990918118028
P10439,242403.65203975508
P10440,242278.07272545097
P10441,11303.974314752228
P10442,229691.2309741094
P10450,11191.038407227827
P10492,21339.907698249204
P10548,8005.804562935489
P10554,7665.053243074763
P10573,7553.152006166914
P10626,11434.23438239262
P10627,11297.212116831532
P10631,11434.23438239262
P10633,12289.377510413404
P10635,12466.021324022282
P10638,11216.322786823432
P10665,20719.655213114107
P10668,20719.655213114107
P10669,19862.89005559295
P10677,11615.513001594567
P10683,12174.957123692297
P10686,12214.578671740086
P10688,12174.957123692297
P10689,12228.30112408102
P10696,12446.492510944752
P10698,208682.1337713419
P10700,12205.314980742145
P10701,12647.912897982314
P10702,12072.886944771702
P10710,11859.155535012922
P10713,12011.78509412168
P10727,21337.803093365714
P10728,12241.84391234557
P10729,21337.803093365714
P10733,22448.11282910393
P10737,11858.952085776833
P10739,12277.924310419581
P10740,12536.18341819338
P10741,12536.18341819338
P10746,21239.50994163
P10765,9831.281642335089
P10766,9597.191370660335
P10770,12653.66262200649
P10771,12105.906271161768
P10772,8935.433771362623
P10776,12305.125148829244
P10781,9000.770719333988
P10904,9201.17561743144
P10910,12323.350394845003
P10995,7083.103335932305
P11034,10447.533621127875
P11035,10648.694353685622
P11036,10648.694353685622
P11039,10663.220661954305
P11040,10471.465682751481
P11041,11028.345985038439
P11047,11634.771467421102
P11048,11612.10171929218
P11058,11013.819676769755
P11059,10897.310933629058
P11061,11465.532391411343
P11069,11121.740237281318
P11074,11022.722804643869
P11109,21443.82005453584
P11130,9509.287877759198
P11132,9342.696599145613
P11146,11444.377144881093
P11234,11435.056115443465
P11238,12293.162321883847
P11239,12226.6697422442
P11245,14573.167715495414
P11253,12520.72365211835
P11254,12488.859820161812
P11294,11908.904122801692
P11295,12240.422036990503
P11298,12268.366212482333
P11310,12194.96154103869
P11311,12194.96154103869
P11313,281455.46517363016
P11315,12281.667372672866
P11317,12625.093222748274
P11319,12859.183494423027
P11320,12625.093222748274
P11321,12625.093222748274
P11363,12591.028101801565
P11430,12847.974384592546
P11495,11502.467276799667
P11534,12674.352012226447
P11757,11526.478307346564
P11758,12685.062990684344
P11773,9181.02901307794
P11778,9126.59011706281
P11781,8832.691837939688
P11784,9360.680388737559
P11785,9126.59011706281
P11795,12020.210461274432
P11817,12080.052181168545
P11855,12365.422432932803
P11857,14872.472684403683
P11858,14872.472684403683
P11859,234507.3402451871
P11861,14694.881014357057
P11866,9559.899266405033
P11867,9375.103879366527
P12038,11359.787007770561
P12040,11762.509737768896
P12105,21200.671273802567
P12114,11996.201135411744
P12120,12201.337330288918
P12175,12297.091813889692
P12235,12268.681956891485
P12319,18976.89238208863
P12387,11399.039605225635
P12388,10247.572895119525
P12442,239593.3029716292
P12443,281388.3719449133
P12446,281340.2067129404
P12447,281340.2067129404
P12448,281236.43857545947
P12449,12028.598163925893
P12451,11962.093541399365
P12454,11367.747916773145
P12455,11382.274225041829
P12456,11382.274225041829
P12458,11475.873879753139
P12467,11551.359456115732
P12470,11826.371724207678
P12471,12028.598163925893
P12474,12268.366212482333
P12475,20348.178353063086
P12476,247532.98440823812
P12477,20114.088081388334
P12479,12779.683237295465
P12480,12164.831566512352
P12481,12164.831566512352
P12485,19359.92814602929
P12486,12252.159456710464
P12489,11785.449727790485
P12490,11434.696052470616
P12491,11785.449727790485
P12492,10144.191004692611
P12521,11730.105655212126
P12524,11730.105655212126
P12526,11730.105655212126
P12528,11785.449727790485
P12554,11382.274225041829
P12629,12802.564461494501
P12696,12261.916207078324
P12722,11782.896220937711
P12746,11922.66750179902
P12893,11942.797625013454
P12934,11459.06675796329
P13095,13109.92176360412
P13100,13636.495678215748
P13303,13416.23418615948
P13335,21296.06825854427
P13475,12041.917476738405
P13626,13677.365334294718
P13653,11637.454263928374
P13655,19639.52745410828
P13669,8957.410201918581
P13756,12214.852093580937
P13778,21325.851207718322
P13779,21526.12212150512
P13780,21177.456745930904
P13784,233227.0606589549
P13785,11414.324402318789
P13791,20505.307640647643
P13810,20804.942586935063
P13891,12277.924310419581
P13892,11859.178869850655
P13894,12090.067552452978
P13895,12195.225986057529
P13900,10553.029546365737
P13917,7484.785435385733
P13922,7889.686967022077
P13930,8059.0346619958
P13935,11864.192898880077
P13965,11123.147530530701
P14015,11663.073299006768
P14016,11414.681114642643
P14017,11446.32055101987
P14100,11315.331313224508
P14305,11932.251754166147
P14342,9724.451777068345
P14358,10736.97591500361
P14444,11284.348592905926
P14445,11532.965172849363
P14449,10760.90002700459
P14454,10792.763858961129
P14456,11517.948014296266
P14465,11012.463013655783
P14472,11634.771467421102
P14474,11363.389091491046
P14551,10414.908518421991
P14557,10768.24694001226
P14558,10760.90002700459
P14561,240530.7989366388
P14574,10897.310933629058
P14579,10705.555954426234
P14583,11634.771467421102
P14604,12608.636847194053
P14617,11265.948042448583
P14658,11223.883537201615
P14660,11634.771467421102
P14668,8433.876171906973
P14670,7771.714291260738
P14671,8022.55722929808
P14704,11809.065025783815
P14744,11922.471993351573
P14836,12026.155775005429
P14949,12001.064276461759
P14968,10747.701956362296
P15054,12052.806725566612
P15062,13491.155409519804
P15075,7867.279682792974
P15076,8044.508353727117
P15077,8487.106270967284
P15089,11480.49781252505
P15092,11320.606665278765
P15113,11232.587249267901
P15130,11334.598571772141
P15164,13725.396363509144
P15173,12935.215111649833
P15193,12922.538498204192
P15194,12268.671388811965
P15259,8309.877600033145
P15262,9905.953442519653
P15266,8289.661543103837
P15271,7991.278254666806
P15275,10721.512168209234
P15281,11298.87490117461
P15301,7899.143514749514
P15303,8076.372185683653
P15304,8059.0346619958
P15312,12995.804244384966
P15315,12155.948499138594
P15316,11551.359456115732
P15318,11382.274225041829
P15322,11968.362380150176
P15323,15379.438691140454
P15329,15516.460956701543
P15330,15100.298599119149
P15331,217068.7855122516
P15332,15379.438691140454
P15334,12899.593905445443
P15336,221504.33777222646
P15408,12261.96732907136
P15415,11363.389091491046
P15420,11054.798306127712
P15421,11246.553285330536
P15425,12260.363333242736
P15435,10952.655006207415
P15437,10268.787422031479
P15445,10601.901330887546
P15448,12385.421886784929
P15508,21502.78709994277
P15510,21502.78709994277
P15533,10701.603533154312
P15538,11166.785656234963
P15704,12273.241254955807
P15729,11752.364407792056
P15745,218473.46336145705
P15789,10544.384210577748
P15830,11248.979384078391
P15857,11824.113448821687
P15860,12127.22480846265
P15942,11865.438702034051
P15946,10195.14168344196
P15950,10952.655006207415
P15965,8044.508353727117
P15969,7810.418082052365
P15973,8687.921024149175
P16079,8420.199042583114
P16155,247298.89413656335
P16156,247532.98440823812
P16157,247298.89413656335
P16160,12625.093222748274
P16182,12271.63825663704
P16213,22240.019295265625
P16228,11875.726415655217
P16355,10789.815800738646
P16371,10020.232934348223
P16381,11974.467933359212
P16382,12208.558205033965
P16383,11870.699795878249
P16384,11974.467933359212
P16387,14533.534280430378
P16388,14586.764379490689
P16390,14588.878353008737
P16429,12013.284719998896
P16446,11027.222331437722
P16470,7867.279682792974
P16471,8492.53454326605
P16473,7824.944390321049
P16475,8221.933545361713
P16479,7842.281914008901
P16481,8076.372185683653
P16513,14352.674107815936
P16514,19674.68418198883
P16561,18681.39336324308
P16597,11382.478672279462
P16598,11574.233651482285
P16615,11964.697190821113
P16628,16987.590977280117
P16675,7713.0431534132
P16884,7361.252935045988
P16892,11792.347222934855
P17003,11972.108447034801
P17008,11721.073447668623
P17151,12250.305613617049
P17152,12932.422074830736
P17180,12315.024083159393
P17220,8395.159614626886
P17224,8395.159614626886
P17226,7998.962261622084
P17266,11711.785873882627
P17318,11228.741111992957
P17441,14723.786645051778
P17443,12607.920094091269
P17450,12197.186008807637
P17497,10611.799876031564
P17506,10201.065790747933
P17515,10046.64901003929
P17528,9978.270656794448
P17529,10389.00474207808
P17904,7842.508602190319
P17933,8037.469146501979
P18187,10201.065790747933
P18265,7599.084066413325
P18314,11826.863451972484
P18322,7927.260092756736
P18325,10969.99252989527
P18334,11634.771467421102
P18354,11526.801126541362
P18421,10938.128697938731
P18435,11634.771467421102
P18505,9079.130858195258
P18588,13101.980553800988
P18593,11349.879095169379
P18618,11653.020063516517
P18766,12227.742468701023
P18847,8154.945799434252
P18871,14563.552291867065
P19146,12092.185984904465
P19147,11721.073447668623
P19263,11539.073188759872
P19285,11712.840195002569
P19372,11676.842195366515
P19374,11507.313127856922
P19429,8790.590653774754
P19688,230651.38147153085
P19689,12932.422074830736
P19692,12019.327749176648
P19705,12895.129970575434
P19707,12484.395885291802
P19708,12606.891842584208
P19712,12962.28185528948
P20126,11571.506067743114
P20128,12019.327749176648
P20133,12051.191581133186
P20134,11766.56371675931
P20250,12096.926387873335
P20357,10704.038426263978
P20367,11263.89080901839
P20369,11246.553285330536
P20375,10681.039035477366
P20419,11249.06223182072
P20902,19603.35259971423
P20980,13069.190702591446
P21063,11457.978653178745
P21093,11887.697882782686
P21099,11695.942903579862
P21153,13278.554221927701
P21188,15379.438691140454
P21190,14697.322229926769
P21191,14931.412501601522
P21286,11509.762651955964
P21377,11593.282626975279
P21380,11594.212055765203
P21399,11581.562715255695
P21645,11737.108954392
P21647,11704.93667511565
P21774,10967.97383599346
P21838,11365.882180725981
P21870,11101.823720309867
P21899,10166.650326655046
P21900,10569.825829403702
P21901,10555.299521135019
P21902,10166.650326655046
P21903,10166.650326655046
P21905,10577.384411938678
P21912,10166.650326655046
P21916,10577.384411938678
P21918,10166.650326655046
P21922,10641.332646657029
P21923,10517.404001974915
P21926,10442.01018364126
P21927,10984.518838163953
P21957,10126.665118581865
P22034,10189.233763378552
P22656,12484.395885291802
P22658,12385.264085196242
P22673,14457.514333597137
P22679,12129.047980381287
P22680,12266.070245942376
P22681,12129.047980381287
P22683,12539.782065664916
P22684,12129.047980381287
P22687,12162.302108461412
P22688,12129.047980381287
P22897,22968.08138749807
P23151,12687.103062789829
P23154,12003.588333514028
P23156,11848.410235572042
P23241,13154.332235747608
P23261,7592.771600568551
P23328,11666.889049273057
P23444,9914.837352209643
P23521,11509.762651955964
P23550,10740.861995392592
P23720,10751.655777077225
P23733,7874.626595800644
P23839,10164.717415246665
P23861,9702.065812420155
P23931,10844.938768793298
P24016,11862.46248511247
P24132,12202.215003360097
P24351,11510.480981470117
P24493,13693.321976137157
P24551,13707.801544427948
P24747,10265.591027529512
P24748,10392.619222213156
P24758,10063.23181399706
P24789,10240.88608089668
P24831,11235.626248204191
P24870,10688.465832738093
P24906,11857.780857033657
P24911,11857.780857033657
P24922,11974.467933359212
P24957,12519.160171712318
P25015,20646.627056516896
P25074,11790.837112759755
P25148,11228.741111992957
P25154,11649.659222575483
P25191,10958.100958605326
P25225,11729.25271228036
P25279,12266.247575356478
P25419,12266.070245942376
P25423,12266.070245942376
P25425,12266.070245942376
P25426,12266.070245942376
P25485,10063.498259469288
P25487,10357.39653859241
P25502,11117.331802454544
P25691,11561.830142507393
P25693,11739.058813441534
P25979,11912.525457692636
P26047,11497.14558512215
P26383,11729.25271228036
P26393,11801.092475411104
P26439,12092.185984904465
P26461,11273.21324058861
P26540,235977.03483625525
P26574,11520.5073052032
P26684,11423.45915346796
P26726,8433.688998304016
P26729,7665.053243074763
P26732,7810.418082052365
P26734,7347.763169824648
P26778,11708.692496419113
P26807,11078.566850244806
P26863,11709.41006792668
P26973,7376.730918614678
P27048,7641.359356372028
P27153,12313.863367258238
P27174,10044.548278448388
P27212,11440.38334150748
P27218,10977.910848575277
P27229,20486.605988917618
P27241,12941.635486641215
P27242,13269.639428549553
P27295,11005.076833636202
P27296,11005.076833636202
P27299,11359.577573192515
P27340,11465.121513524975
P27410,10413.985489316929
P27414,8530.54232673805
P27416,8978.547674544941
P27504,8005.804562935489
P27508,8221.933545361713
P27516,7693.754678407247
P27517,7170.19143592464
P27518,7683.764067727061
P27519,7693.754678407247
P27523,7708.280986675931
P27545,10255.909822304946
P27547,9778.911021104059
P27553,10141.881884230668
P27555,10064.245313026138
P27560,9922.90277814986
P27561,10385.375271082065
P27566,10679.273550205186
P27577,7231.28218547504
P27580,7708.280986675931
P27586,10587.375022618862
P27587,10410.146351684722
P27590,10474.00376441674
P27598,10088.20913593728
P27600,9917.456443978872
P27607,10474.97939830977
P27609,10410.146351684722
P27620,10078.771621294822
P27627,9887.016642091998
P27628,9887.016642091998
P27645,20799.06499586464
P27648,11847.826206536687
P27649,11847.826206536687
P27723,12492.212117736502
P27734,11728.594331593737
P27801,10822.37774868194
P28236,198539.40199955105
P28239,11378.603009335406
P28241,28309.73462752819
P28242,28863.93521103205
P28246,11104.018693539327
P28253,11261.929330532019
P28254,11261.929330532019
P28257,11261.929330532019
P28302,11383.901982630066
P28303,11964.306156312863
P28304,11561.130653564205
P28389,9490.633467177506
P28416,8790.915448068372
P28472,11174.621720280742
P28488,10929.138559674975
P28526,9961.0357011107
P28541,10235.561235547244
P28707,20699.35683434474
P28714,10114.911919006474
P28732,10705.555954426234
P28740,11328.099247963886
P28776,8944.393341553998
P28859,10202.140613336878
P28862,12064.748364939605
P28877,11859.295358632326
P28878,12270.029443915959
P28882,11367.360749248366
P28883,12206.423736815757
P28884,11897.999149423953
P28885,213897.07168159843
P28886,213350.63754461028
P28894,12782.930501800327
P28895,11857.804529714096
P28898,11813.812974405555
P28900,12301.588915286513
P28902,12645.452084664246
P28905,12427.540489095054
P28908,230731.59190563147
P28912,12045.576638262897
P28919,10744.715109120441
P28931,11579.27690056668
P28935,11968.362380150176
P28937,12202.45265182493
P28945,11982.452403315338
P28946,11531.48300409618
P28947,11793.822627592397
P28948,11603.582149988242
P28951,11531.48300409618
P28952,11531.48300409618
P28953,12585.070159101337
P28955,7899.143514749514
P28961,8657.184549594214
P28963,8306.430874274345
P29034,11696.71372029409
P29041,11182.211497529493
P29043,11832.111148294513
P29047,10908.504980674788
P29064,10547.987163823505
P29066,10547.987163823505
P29073,11549.785942191045
P29083,10452.936702424811
P29087,10467.463010693495
P29101,7708.280986675931
P29104,7927.260092756736
P29106,7693.754678407247
P29107,8059.0346619958
P29173,9616.299128362618
P29193,9367.592078495165
P29211,14352.674107815936
P29214,12345.580470595054
P29217,14723.786645051778
P29244,11209.37890719867
P29256,12759.16808828425
P29269,13118.00584312526
P29293,11291.882977279227
P29295,20217.957221283636
P29344,7463.295908412794
P29345,7640.524579346937
P29393,7953.644202924777
P29432,6488.56224484578
P29446,11629.292768835589
P29476,7417.609826517411
P29482,12213.514751796432
P29490,10026.594071371628
P29496,11729.413101777674
P29505,11729.413101777674
P29524,6859.150393586919
P29530,6574.602800526376
P29605,6936.787759996285
P29733,12625.008075194233
P29770,12360.53080549953
P29778,12552.285784702353
P29793,7491.75492687045
P29918,218624.99098370044
P29982,11971.572348469661
P30033,8005.804562935489
P30036,7579.959312057912
P30038,10166.650326655046
P30039,11012.635416171177
P30040,10998.109107902494
P30043,9974.895347452222
P30047,10788.80493548451
P30048,10378.070850200878
P30049,10152.124018386363
P30096,10276.898223116039
P30261,10775.549595142442
P30286,10255.909822304946
P30301,10496.700225346998
P30331,8865.399448436474
P30462,10166.650326655046
P30469,10562.858103669994
P30471,10166.650326655046
P30474,10562.858103669994
P30475,10385.629432735854
P30480,10666.643907588577
P30481,10241.383514036263
P30485,10587.375022618862
P30487,10601.901330887546
P30491,10152.124018386363
P30492,10057.073556987669
P30493,10410.146351684722
P30494,10601.901330887546
P30500,11695.088882733424
P30501,11532.965172849363
P30506,11772.130738330748
P30653,11213.072815585007
P30746,9928.688106180907
P30776,11271.790855558393
P30809,11514.276642513398
P30871,11873.694847279316
P30880,11418.31294171627
P31178,11315.331313224508
P31338,11839.717112615648
P31339,19068.59681552844
P31367,11383.901982630066
P31370,12164.324367278503
P31444,11104.018693539327
P31462,7170.534498890505
P31465,7881.929250930822
P31503,9039.650620920886
P31612,174740.19220482084
P31636,21420.901669117015
P31638,21420.901669117015
P31643,12087.4206204504
P31648,11871.10784080213
P31715,12163.089501056436
P31770,12094.530475479914
P31810,8929.867033285314
P31815,9772.35110495679
P31816,9018.783465969347
P31818,8593.639666234129
P31848,8745.181406741223
P31880,11566.072559462942
P31918,235720.8899139795
P31930,8573.280804318158
P32231,22897.79458378967
P32310,20405.77458692145
P32367,14618.586324620735
P32444,14730.571568133453
P32686,11404.218891528835
P32687,209685.67084889175
P32783,11885.58005700674
P32925,11610.726399715099
P33324,12111.086256948438
P33542,8279.700480381183
P33584,11366.739783594008
P33807,11890.06886593671
P33832,11421.559857508733
P33850,12270.076441257122
P33856,196023.39273379766
P33927,22282.847715371354
P33935,21872.113630087722
P33936,22282.847715371354
P33942,21194.619907906028
P33973,247174.53219261896
P33974,21021.184302280577
P33976,11821.3083934804
P33982,23447.99029937657
P34142,11382.274225041829
P34143,11420.169744201932
P34145,11434.696052470616
P34146,11242.941073267792
P34147,11031.52054972196
P34148,11382.274225041829
P34190,9470.571165605093
P34192,9404.930604509436
P34227,9039.650620920886
P34259,10416.72277130842
P34280,11328.099247963886
P34281,10735.65782451865
P34288,11260.342840634892
P34391,11799.5515829238
P34393,13706.630807323261
P34394,11520.179612069362
P34396,11814.077891192483
P34397,12164.831566512352
P34398,12981.679451715432
P34400,12667.428515220203
P34401,12996.205759984116
P34402,12765.156929026782
P34403,11622.322911989659
P34404,11814.077891192483
P34406,268511.1222436497
P34407,268663.9112822539
P34408,14886.635993559881
P34410,12804.450780781292
P34414,12344.791607620427
P34418,229818.4398082243
P34419,12110.701335945674
P34421,12521.435421229306
P34422,11517.953341359738
P34425,11695.182012293879
P34426,11836.84318472307
P34430,11675.37632185081
P34432,11551.359456115732
P34433,11785.449727790485
P34435,11190.519245839005
P34436,11593.69474858766
P34437,11770.923419521801
P34438,11785.449727790485
P34440,11728.594331593737
P34442,11770.923419521801
P34443,11367.747916773145
P34452,11544.577696884155
P34454,11420.169744201932
P34455,11536.839352390913
P34456,19630.81856510911
P34458,281711.3192501763
P34459,236805.12441866525
P34462,20198.42866395478
P34463,279456.375856891
P34464,11721.150112348803
P34465,19833.478193546587
P34466,15006.340837922417
P34471,12067.229270985308
P34515,12191.897428547074
P34516,12191.897428547074
P34521,12206.423736815757
P34522,11803.248234067101
P34527,19902.372038578917
P34528,12824.11126522249
P34529,19902.372038578917
P34562,11753.419377861015
P34629,11809.773690509266
P34723,11521.53556251804
P34760,298707.94208745443
P34854,11398.951596093108
P34856,11809.68568137674
P34857,11398.951596093108
P34870,10890.71370884823
P34879,10883.525085859848
P34889,10735.130624072432
P34891,10883.525085859848
P34896,11507.194196287983
P34898,11104.018693539327
P34899,11104.018693539327
P34901,11507.194196287983
P34902,11644.216461849071
P34959,11917.928281571616
P35002,11262.209118024848
P35040,11938.114740972193
P35078,12445.447032011467
P35081,11747.862376350793
P35098,11843.064279573498
P35167,11528.311496584503
P35169,19135.34295996213
P35171,11528.311496584503
P35238,223560.59315510505
P35275,486931.74654936447
P35309,11854.561305422276
P35312,12667.13254051313
P35313,11764.105073614228
P35317,11854.561305422276
P35318,11971.397111582786
P35321,86062.92970487077
P35323,11717.539039861187
P35325,11755.477066458427
P35327,11892.499332019515
P35328,11550.39699869318
P35330,21084.188179190194
P35334,12188.387029211437
P35335,86608.27063627608
P35336,11936.94437692924
P35337,11974.882403526479
P35338,12385.61648881011
P35340,11686.63040127964
P35342,11645.447460091875
P35343,12132.434537998202
P35344,11781.680862678333
P35345,11645.447460091875
P35346,21315.58594450376
P35348,11974.882403526479
P35350,21220.535483105064
P35353,21095.560375416524
P35355,21095.560375416524
P35356,21179.352541917302
P35357,21042.330276356213
P35358,21495.03616580224
P35359,21179.352541917302
P35360,22181.15132028484
P35361,21530.10621723717
P35362,11974.882403526479
P35363,21179.352541917302
P35512,20933.819318985537
P35513,11516.43654981608
P35514,21284.572994305407
P35515,21084.30208051861
P35516,21393.083951676083
P35518,21070.36093394125
P35644,20851.336507522763
P35972,19610.465907737005
P35973,281388.3719449133
P35974,234858.09392050697
P35976,19359.92814602929
P35998,233796.99283318035
P35999,12996.205759984116
P36005,12550.399445499945
P36007,20039.39430414
P36008,13104.933762980349
P36009,12698.793907287361
P36013,239730.3252371903
P36017,12291.02417494806
P36039,11710.739338976486
P36100,10888.670301778233
P36165,12052.246695746366
P36183,8798.411505801534
P36184,8606.656526598712
P36199,8832.691837939688
P36232,8935.433771362623
P36250,8920.90746309394
P36268,9149.165181121403
P36281,8395.236003052883
P36370,11974.207900994003
P36371,11431.69924647131
P36412,11941.592452153318
P36418,8324.076845282008
P36527,11855.324273641498
P36529,12371.338749342556
P36567,11766.737819302449
P36636,10872.400096317357
P36671,29533.03708655727
P36707,29469.43137945707
P36708,21808.776969041064
P36710,29469.43137945707
P36724,9189.770398749977
P36770,8703.2733177794
P36840,11212.209078118269
P37038,21414.21511301116
P37059,11571.835954547205
P37114,12413.799430867424
P37124,12892.721169738445
P37131,12091.879964694279
P37270,11752.152603224997
P37286,12642.660971734376
P37290,12508.429819103158
P37291,12508.429819103158
P37292,12437.822317872975
P37295,12301.588915286513
P37297,12087.068642553106
P37298,20758.912438346717
P37299,247532.98440823812
P37302,15237.38966887975
P37303,15648.123754163382
P37304,15237.38966887975
P37305,12822.095898273124
P37306,11852.978370878353
P37314,247532.98440823812
P37317,247532.98440823812
P37319,11423.111605955697
P37322,14163.443651958618
P37323,14152.816560692201
P37326,11785.237477501894
P37328,281340.2067129404
P37329,19307.48646422208
P37330,19307.48646422208
P37360,12762.115488309362
P37362,247414.15259725307
P37363,20114.088081388334
P37366,11847.005035932281
P37369,271347.9484474027
P37371,20775.26653393527
P37372,15131.712116214634
P37375,20002.672563778113
P37376,243335.5020139065
P37377,14877.357571326094
P37378,242767.30407204694
P37379,14267.874536127358
P37381,232666.3002204408
P37460,19391.55849155649
P37513,11428.052680649274
P37562,20114.088081388334
P37563,247435.91640212445
P37564,20251.11034694942
P37566,15430.387578077183
P37584,236773.4503917235
P37585,12513.677705138054
P37586,12671.342581674713
P37588,12320.588906354844
P37589,12376.655439576965
P37590,12513.677705138054
P37591,14754.861614033689
P37593,14618.628211447227
P37615,12007.690636163392
P37616,12007.690636163392
P37618,11599.920903824088
P37619,12065.99906168608
P37635,245366.89804854107
P37637,11895.313663350282
P37638,12848.556403156606
P37641,12066.709780637133
P37642,15003.299397204997
P37644,20895.934703907806
P37645,245366.89804854107
P37648,279072.54525825544
P37650,281477.2289785015
P37651,280918.8455363904
P37653,281477.2289785015
P37654,245775.54116369147
P37657,11599.920903824088
P37658,12003.096406572746
P37660,13318.65791174655
P37661,12007.690636163392
P37676,12007.690636163392
P37677,12566.074078274532
P37680,11854.701944785329
P37681,12003.096406572746
P37682,12239.681230833807
P37683,11993.164327894709
P37684,12566.074078274532
P37687,12293.162321883847
P37689,11599.920903824088
P37757,12101.407342681023
P37765,19463.46279199927
P37768,233147.32865800272
P37770,232387.93186753246
P37771,11623.714258039343
P37772,230398.00994631014
P37773,236544.10293993846
P37774,14001.920432496066
P37775,230380.8382303116
P37778,243284.1563645289
P37782,280909.031036642
P37784,245387.25691045707
P37787,247298.89413656335
P37790,247298.89413656335
P37792,19274.232336141955
P37794,281477.2289785015
P37795,281477.2289785015
P37796,281373.46084102057
P37798,271180.54466522706
P37799,19411.254601703044
P37801,15406.798170892172
P37802,14573.167715495414
P37803,12785.05318435534
P37809,11908.045945174053
P37810,237410.85293843932
P37811,12351.553805541125
P37814,230251.85468989905
P37815,237060.09926311945
P37816,230810.23813201018
P37827,11277.397892996592
P37828,11277.397892996592
P37842,12293.162321883847
P37843,12003.096406572746
P37849,12327.389577009133
P37853,12179.740220181624
P37909,11651.497883560723
P37952,28464.188724231124
P38217,181657.77377970747
P38238,11773.702874257042
P38329,9914.837352209643
P38333,10554.59767921936
P38361,9959.463676516096
P38364,9959.463676516096
P38377,9806.951598012656
P38404,7253.676237568245
P38469,10920.579504723572
P38470,10920.579504723572
P38473,11576.32411663555
P38474,11870.22239575867
P38478,12330.294853580834
P38504,11719.972527979371
P38576,12198.166974957252
P38580,12203.359892001263
P38644,8780.230423714558
P38706,11415.638516404439
P38707,11401.112208135755
P38721,10546.557258309189
P38732,10695.084493910843
P38736,10447.533621127875
P38738,11444.377144881093
P38746,11005.076833636202
P38748,13191.528028890101
P38749,10927.672343245174
P38750,10920.579504723572
P38751,10906.053196454888
P38756,10270.304950193735
P38758,10755.95820851968
P38765,10462.059929396559
P38769,10723.201071918067
P38776,11424.553762053387
P38777,11013.819676769755
P38782,11028.345985038439
P38797,10792.10982808851
P38845,10830.848784642803
P38961,12324.343583729154
P38986,11570.896778475097
P38987,13737.682429385988
P39061,8995.919040047145
P39141,227914.32318108514
P39146,11119.425308780146
P39153,11810.151717299452
P39161,12624.06130533174
P39162,12624.06130533174
P39285,8086.2830836616195
P39445,12603.715554583592
P39535,21086.108950535352
P39600,10867.351569892968
P39620,11749.388192863638
P39633,11472.522261098738
P39645,11896.09575053699
P39646,12130.186022211743
P39647,11719.45193692811
P39748,11017.207355060958
P39753,11609.648778506195
P39764,246692.40071212474
P39777,9000.770719333988
P39781,11286.700588608504
P39786,8650.01704401412
P39787,9000.770719333988
P39797,12412.872218964438
P39798,12105.906271161768
P39806,12105.906271161768
P39809,9268.574951185128
P39812,8709.825051462489
P39813,8858.2195132499
P39818,11692.031850013158
P39820,12453.51961061666
P39824,11812.007992038647
P39834,8935.433771362623
P39835,8935.433771362623
P39836,8817.139325612974
P39841,12111.153967483797
P39844,11725.285978093283
P39863,8935.433771362623
P39928,14081.409671975543
P39937,21194.619907906028
P39940,21194.619907906028
P39943,11919.159279814417
P39944,11508.425194530786
P39945,11996.201135411744
P39949,21232.58264097761
P39951,20938.684361854488
P39968,21506.294460700155
P39976,21506.294460700155
P39978,21506.294460700155
P39980,21095.560375416524
P39982,21095.560375416524
P39984,21857.048136020025
P39988,21095.560375416524
P39990,11867.19022513595
P39992,11867.19022513595
P39994,11867.19022513595
P39996,11867.19022513595
P39997,11920.42032419626
P39998,12331.154409479892
P40000,11920.42032419626
P40002,12235.328959362181
P40007,11867.19022513595
P40008,11867.19022513595
P40010,11867.19022513595
P40012,11867.19022513595
P40018,11920.42032419626
P40019,21008.368149931113
P40103,12269.686171060464
P40104,11858.952085776833
P40105,11858.952085776833
P40107,11858.952085776833
P40108,11650.04168968252
P40109,11996.201135411744
P40112,12247.84723693003
P40114,12110.824971368942
P40116,12004.212490697038
P40117,12008.806720287685
P40118,11859.155535012922
P40122,11653.45881537717
P40124,11653.45881537717
P40126,11653.45881537717
P40127,20604.384375550937
P40131,11653.45881537717
P40132,11886.425137378814
P40134,12297.159222662445
P40135,14045.962655495956
P40137,208331.38009602204
P40138,11854.561305422276
P40140,11854.561305422276
P40142,17780.28757494062
P40143,14770.321896988875
P40144,12269.889620296553
P40145,11859.155535012922
P40146,11859.155535012922
P40148,11822.02701590234
P40150,11822.02701590234
P40158,19366.542307401207
P40159,20830.65156421674
P40160,11683.29386062737
P40161,20678.65015368779
P40162,214362.44323595593
P40163,214362.44323595593
P40165,11877.54744876115
P40166,11972.597910159844
P40167,11877.54744876115
P40170,11560.663026299155
P40171,11854.561305422276
P40172,86356.82798399389
P40173,12232.761101185972
P40174,11822.02701590234
P40177,12153.795030398689
P40178,11685.004750341252
P40179,11803.04135507882
P40181,11687.181182811339
P40182,11687.181182811339
P40183,11425.146735644756
P40190,11425.146735644756
P40196,11678.699631036723
P40198,11678.699631036723
P40199,11530.305169249306
P40201,11530.305169249306
P40203,11791.669158852492
P40206,11824.203448372427
P40218,11661.031418801811
P40219,11512.636957014394
P40220,11661.031418801811
P40221,11661.031418801811
P40223,11661.031418801811
P40224,11733.130564693873
P40226,11204.653127965277
P40228,11455.504592694604
P40229,11455.504592694604
P40230,11806.258268014473
P40232,11455.504592694604
P40234,11460.09882228525
P40236,11891.01936696946
P40237,11753.997101408371
P40238,11891.01936696946
P40240,214135.8956738477
P40241,12255.858592215325
P40243,11753.997101408371
P40244,12118.836326654236
P40245,11753.997101408371
P40246,213998.8734082866
P40248,11753.997101408371
P40249,213998.8734082866
P40251,11753.997101408371
P40252,213998.8734082866
P40253,12164.731186692003
P40254,11753.997101408371
P40255,11870.832907568882
P40256,12095.029652166246
P40257,12072.886944771702
P40258,11840.169874189402
P40259,11428.234990328712
P40261,225110.49530689605
P40262,12118.836326654236
P40264,11753.997101408371
P40265,14428.580162772363
P40268,11753.997101408371
P40271,12090.224468459557
P40273,14428.580162772363
P40274,227142.55417607518
P40275,225247.51757245715
P40276,12786.867237941928
P40277,12828.839042104322
P40278,223315.52148443487
P40281,14428.580162772363
P40282,13106.549555095778
P40283,225210.5580880529
P40284,12445.783327486115
P40285,12445.783327486115
P40289,12297.3888656987
P40291,12445.783327486115
P40293,12445.783327486115
P40294,12445.783327486115
P40295,12445.783327486115
P40297,12861.111642360393
P40298,19711.78224010587
P40324,11504.6256017291
P40325,11504.6256017291
P40326,11915.359687012731
P40328,11504.6256017291
P40329,11504.6256017291
P40331,11504.6256017291
P40332,10865.569111503562
P40333,11504.6256017291
P40334,11504.6256017291
P40335,10652.064485818604
P40336,10865.569111503562
P40339,11147.851781984857
P40341,11504.6256017291
P40343,12445.783327486115
P40345,12450.377557076761
P40346,11928.889102342688
P40348,12445.783327486115
P40349,12445.783327486115
P40352,12445.783327486115
P40358,11803.122451859515
P40361,11517.705724511008
P40363,11434.23438239262
P40365,11654.727990072097
P40366,11434.23438239262
P40368,11707.946202115163
P40370,10596.720413240246
P40371,10596.720413240246
P40373,10946.458441511662
P40374,10946.458441511662
P40375,11083.480707072751
P40376,11654.727990072097
P40377,11654.727990072097
P40379,12837.133861258124
P40381,11517.705724511008
P40383,11517.705724511008
P40384,11434.23438239262
P40385,11434.23438239262
P40386,11654.727990072097
P40387,11434.23438239262
P40556,8601.136472192858
P40563,7464.426573469766
P40601,7720.599480055756
P40618,8449.219966345365
P40627,11854.302349233869
P40657,11541.677365475634
P40658,11952.411450759266
P40659,11623.355558458366
P40660,11530.305169249306
P40662,11839.878081147013
P40667,11839.878081147013
P40668,11839.878081147013
P40669,11839.878081147013
P40672,11844.47231073766
P40673,11839.878081147013
P40674,11980.705713324121
P40675,11980.705713324121
P40677,12742.193473927622
P40688,12391.439798607753
P40690,12936.78073001307
P40693,11824.113448821687
P40694,11960.346851408149
P40697,11977.19213975049
P40698,11972.597910159844
P40700,11882.141678351796
P40701,14804.070426088085
P40702,11891.01936696946
P40703,14214.848753013583
P40705,11753.997101408371
P40706,11891.01936696946
P40707,214135.8956738477
P40708,214135.8956738477
P40709,14565.602428333452
P40711,12104.75077672824
P40714,11872.03370614594
P40716,12222.787381465809
P40719,11822.203376182792
P40720,12234.847534105318
P40721,12331.45938864399
P40724,12316.933080375307
P40726,12331.45938864399
P40727,12058.20372049644
P40729,14572.643297539626
P40730,12194.437123082902
P40731,242403.65203975508
P40732,15263.017849791324
P40733,242403.65203975508
P40747,11602.223411050498
P40749,12671.307049649644
P40757,11457.189790204115
P40758,11456.963006130292
P40759,11308.568544342874
P40760,11594.212055765203
P40763,11442.245737677913
P40775,11251.469735730629
P40776,11251.469735730629
P40808,219416.06166328085
P40864,12017.116993939915
P40880,8494.098971395855
P40881,8787.039309575204
P40890,9869.150745872921
P40914,9619.42355255241
P40915,9208.689467268781
P40929,9042.804732963239
P40955,11877.54744876115
P40966,21442.22040100228
P40967,20865.184964471424
P40968,21021.184302280577
P40978,11687.181182811339
P41086,23165.433034378937
P41090,23321.267797058816
P41156,11329.555946551012
P41185,12094.651793032855
P41232,203617.13246030794
P41234,20291.576230888862
P41235,20291.576230888862
P41240,11852.060935485899
P41241,11852.060935485899
P41243,11852.060935485899
P41246,12262.79502076953
P41249,11852.060935485899
P41262,12042.301413090052
P41330,12079.409265165106
P41331,12281.768478697559
P41334,21736.585293001954
P41335,22285.678181923467
P41336,12008.936949047931
P41338,11715.03866992481
P41340,11151.984778822574
P41343,11151.984778822574
P41344,11174.816072469936
P41345,11884.595225005834
P41347,202332.89777580998
P41348,11852.060935485899
P41354,11715.03866992481
P41356,208787.1888888764
P41357,11715.03866992481
P41359,11715.03866992481
P41360,11715.03866992481
P41361,11715.03866992481
P41362,208787.1888888764
P41374,21298.693652395352
P41375,21475.922323329494
P41377,21475.922323329494
P41382,21613.063162711936
P41408,12224.06595402659
P41429,15049.513224106367
P41434,11892.289326361599
P41437,11602.223411050498
P41439,12663.29569436435
P41442,15003.563842223835
P41470,11843.947833353612
P41535,11990.700317545696
P41593,19932.129844478142
P41596,12817.666062277138
P41613,11684.927606711293
P41715,11319.691015986997
P41741,8682.865258397454
P41756,8416.911154766167
P41764,8203.481023850061
P41769,8788.023692002003
P41812,8788.023692002003
P41816,8805.970088336511
P41830,9229.780762563041
P41849,9747.437097369992
P41851,9393.558408283108
P41866,8798.411505801534
P41872,8457.604366140604
P41873,8054.42886339195
P41875,9120.18048939771
P41876,9120.18048939771
P41878,9268.574951185128
P41890,9003.561832263855
P41893,8935.433771362623
P41925,8837.654406500918
P41926,8798.411505801534
P41929,8837.654406500918
P41930,8837.654406500918
P41932,8798.411505801534
P41935,8798.411505801534
P41937,8798.411505801534
P41939,8787.039309575204
P41940,9197.773394858836
P41941,9197.773394858836
P41947,9060.751129297747
P41949,8689.259944713504
P41950,8689.259944713504
P41951,8689.259944713504
P41953,9183.82012600781
P41963,9913.444054654772
P41965,9191.199194750658
P41967,9191.199194750658
P41968,9385.410757345637
P41971,8974.676672062007
P41973,9385.410757345637
P41977,11549.775620881413
P42030,11561.284904404583
P42046,11821.053272703231
P42100,219730.8913446081
P42104,28352.36590014531
P42235,235582.07941560418
P42300,14210.041960401066
P42329,11601.301717546632
P42354,10301.415142064907
P42418,9601.682350169918
P42430,10906.053196454888
P42432,232915.54834771328
P42434,10929.985258078494
P42437,10633.765162844084
P42439,11201.053522366812
P42444,9974.895347452222
P42445,9382.453924006986
P42446,7708.280986675931
P42448,11671.187069821195
P42458,11028.345985038439
P42459,10858.267706411507
P42460,11028.345985038439
P42461,11130.489284958736
P42463,11083.690057616795
P42470,11707.35916804493
P42480,11489.837640832906
P42488,8515.831824484834
P42489,8030.178566158891
P42491,9056.963734643909
P42493,10984.518838163953
P42503,7845.913415689203
P42508,7867.279682792974
P42514,8023.142086623342
P42521,8795.530858359089
P42523,8090.898493952336
P42528,8448.2153065727
P42530,8256.460327369878
P42531,8030.178566158891
P42533,9059.968353003522
P42536,8882.739682069383
P42537,8221.933545361713
P42538,8906.242402321419
P42545,11274.458193810455
P42554,8030.178566158891
P42556,8221.933545361713
P42558,8515.831824484834
P42559,8030.178566158891
P42560,8324.076845282008
P42562,8882.739682069383
P42570,7410.662411456702
P42575,7686.914719572156
P42578,8221.933545361713
P42586,7464.426573469766
P42706,11886.549678376618
P42721,20982.282118742776
P42793,12655.683567770011
P42794,11453.384423588099
P42796,229700.2502438335
P42822,11815.728036735454
P42824,11811.133807144808
P42855,11662.739345357393
P42869,12255.618252745215
P43033,12312.812851644292
P43065,238345.04802182582
P43090,24440.78657616453
P43132,20306.6609209172
P43186,14552.544325494655
P43187,235464.9232575851
P43391,12191.24478816809
P43480,12194.078173629496
P43517,186656.01873548352
P43639,193749.7831983872
P43710,21858.35115529188
P43804,159163.86347023852
P43808,13646.364469467859
P43824,13138.201323618467
P43849,13358.32173764975
P43850,13581.13320754258
P43906,13269.422205757695
P43909,12719.708853858352
P43916,227535.9814568287
P43943,12918.283256789764
P43946,13009.035610363064
P43979,12968.412592798168
P43989,22299.905574073222
P44020,22766.009340840163
P44024,22180.751640975912
P44027,9755.102342708053
P01033,15239.586617061706
P01063,43829.10099860589
P01079,14705.609204861346
P01106,41756.20088681381
P01156,37004.080091959986
P01162,17887.208107934217
P01197,16019.544897777912
P01206,14481.362006203506
P01239,13438.088740519532
P01303,12822.014109534763
P01314,48499.24907113485
P01315,44644.41619516736
P01332,35536.16949961737
P01379,13589.857506439332
P01443,34653.54373027385
P01463,12473.821337281364
P01502,26856.031727038928
P01510,14521.08939973048
P01576,14349.206876903407
P01623,122769.24053955686
P01626,36970.34243482004
P01637,14494.404224723963
P01638,30870.83898922528
P01648,13513.039425582276
P01664,83769.1316198952
P01667,13646.789578569567
P01718,16607.991733021103
P01741,37137.560299947385
P01749,14553.026596311889
P01753,12229.845347561366
P01757,11890.503220972558
P01766,14551.644504291373
P01770,12627.99966734105
P01776,14427.874919327724
P01812,33399.316736994544
P01816,17081.84202847194
P01841,27594.03187496903
P01844,36884.57264139297
P01859,12813.521731712723
P01860,113778.55562945214
P01879,12857.934153808563
P01889,17117.87509973343
P01918,39548.13663377847
P01923,35256.282334257456
P01934,13603.90027382037
P01962,14371.107140477146
P01981,39096.922623441875
P01999,16898.686111742656
P02025,14980.073758859038
P02037,15210.081759220977
P02040,13699.74813201563
P02053,14953.86507280397
P02075,34335.22410560588
P02077,37575.09583325137
P02095,282084.2321888517
P02124,36152.74007426515
P02152,24714.84502963521
P02159,39906.247370582336
P02165,104955.38113988005
P02178,49230.1906966532
P02206,13375.544333117212
P02228,43455.44260781781
P02232,79112.85832070689
P02241,12235.094325898524
P02284,27573.90976744949
P02285,24466.543464730774
P02408,16749.213993216486
P02423,14749.03589297653
P02435,22911.99342362635
P02442,24559.467978604516
P02459,15041.362140172883
P02508,15792.699301157525
P02521,14874.715999502238
P02535,14896.943760736112
P02536,12460.969890073691
P02541,125201.48682408179
P02546,40736.55893309112
P02580,27600.44804793247
P02586,13088.206842946154
P02685,12049.213220931755
P02689,12327.85065908785
P02805,14832.949700316783
P02808,12287.150139785539
P02812,14177.115434481859
P02852,14575.073166182086
P02863,15767.640117105255
P02886,103668.59940536084
P02887,122133.58406313088
P02888,12180.892117614605
P02913,13964.701055345658
P02921,12665.966020676979
P02923,11954.95965254113
P02978,101365.65264277002
P02982,14444.770922821355
P03028,13241.685720650605
P03068,12695.944289659647
P03070,12760.72573010327
P03157,13943.909336069028
P03178,39151.517211512604
P03201,13538.229974478907
P03213,12739.554898204604
P03225,12928.149763578325
P03332,134333.8906399384
P03337,13978.610135584002
P03343,13715.04033300773
P03352,13731.718696096339
P03369,12734.095083119191
P03439,16359.586783232218
P03444,37518.564287139016
P03452,14164.774594381139
P03458,12712.71209016709
P03459,14164.774594381139
P03461,13804.063691023348
P03462,12627.99966734105
P03463,15851.369595984923
P03578,16291.352733027075
P03602,48072.887160283906
P03628,13898.230618349296
P03631,12323.29902066021
P03654,13098.281032054601
P03675,15775.013159148557
P03684,14143.194236604126
P03696,37164.22095513373
P03724,16027.650155765836
P03751,14610.227700170926
P03772,15144.813068997933
P03786,37044.836322261
P03808,12567.494682712964
P03809,12599.335152473106
P03815,37241.318158421054
P03908,14136.760878317265
P03923,44863.32103720745
P03933,16132.078883688619
P03934,14988.755338673822
P03935,16384.038638750353
P03979,12696.209981529926
P04044,38773.41867372231
P04051,33110.83187673251
P04070,15506.842254313022
P04101,37478.55425145685
P04108,12953.747206483067
P04127,25176.04806445475
P04133,37225.42505192558
P04143,38655.058664048214
P04161,38308.581936501934
P04164,39046.09118353695
P04169,39300.65355664131
P04213,34887.34154089648
P04251,13587.886789444252
P04273,37153.13592379979
P04285,35607.32930856735
P04291,23895.783916469816
P04329,37361.58960879592
P04334,15766.980325660215
P04386,110359.98436561773
P04387,13080.434309437107
P04393,13530.309590232773
P04394,13868.665230189234
P04396,12383.972925858718
P04398,14881.67974860693
P04403,101242.96116896367
P04408,35986.76410623869
P04421,33821.82712291332
P04434,17071.344292580154
P04466,35326.482235322896
P04525,11345.338744552326
P04531,14268.151138738722
P04560,12363.011003785938
P04564,32229.074221121482
P04567,35925.69135189626
P04570,34376.08439125413
P04598,13456.63017167134
P04599,14039.226175749087
P04689,24570.226194983992
P04690,34554.57172556376
P04691,13402.752670186976
P04697,17050.56881197861
P04700,16943.842599977273
P04736,12787.715998383208
P04758,40026.35246985316
P04771,13309.832695933012
P04830,12812.90259601303
P04831,14676.42763544617
P04834,23524.609165767346
P04836,23939.87883731706
P04873,12259.458417826347
P04900,13197.441723012906
P04901,14025.222965541714
P04909,12773.791609337053
P04924,16879.75384463247
P04960,34335.22410560588
P04964,11928.012480134757
P04966,12569.859941798808
P04970,110926.12528008941
P05039,14154.224299260648
P05049,36545.37482108939
P05059,14070.706641896712
P05081,44026.62660518025
P05097,14381.510156941016
P05098,14381.510156941016
P05099,14304.219227722439
P05107,13893.951223229065
P05109,25087.41930448059
P05112,14486.005136121548
P05113,13893.951223229065
P05114,13862.06905448535
P05136,26427.348697790825
P05138,26477.198859185795
P05141,13485.012701499485
P05142,25427.537718216874
P05143,25187.250553854625
P05148,12664.143047684045
P05149,13305.62105283926
P05156,12998.67469849657
P05258,13734.248475766319
P05283,14727.21870870437
P05284,13444.981744091303
P05286,14320.308559713854
P05288,32241.433846588327
P05291,14953.86507280397
P05292,15018.646513247593
P05302,12161.4486750018
P05362,36848.08221208223
P05392,13434.25690103911
P05394,12220.368277383584
P05408,14495.153118380478
P05441,13469.998482902629
P05443,42277.598126839875
P05455,14804.077807220643
P05460,13494.07736391581
P05537,14743.450573757042
P05556,24968.535614335586
P05558,24792.11234369166
P05704,13459.85820992255
P05705,13866.768358913061
P05712,11578.024478107598
P05716,13639.487986463373
P05762,37057.9739448369
P05768,35375.56376071179
P05797,13106.8219202111
P05801,13152.375700036117
P05805,14077.886222769972
P05812,14821.689265050953
P05838,13522.09874874887
P05864,37484.820911781026
P05907,127642.80250067201
P05944,12816.460202691
P05949,33017.409296019374
P05951,13825.244140746561
P05968,37288.856824143775
P05977,39096.31539943926
P06069,36744.76281155475
P06079,35630.69902706081
P06086,13720.147569049946
P06087,12711.915789314451
P06088,12763.504364498765
P06145,104364.30981597955
P06151,16540.974094967925
P06159,41463.217381349175
P06170,96295.0910440162
P06171,14536.878923712147
P06187,14591.886081241328
P06201,45041.40697777124
P06230,27868.430011086322
P06236,11885.605862279135
P06273,15076.716591701263
P06343,24029.28031121135
P06344,22477.830929700733
P06352,12372.26398029132
P06376,108231.97197956507
P06378,27490.764193255116
P06379,14643.11978088611
P06380,26252.864379147955
P06383,77385.75473343694
P06385,12164.088403037566
P06386,12475.283329974465
P06387,13068.26904134235
P06388,12958.479147823662
P06399,14545.740437129502
P06402,25997.165287413685
P06403,102662.24390664822
P06404,25623.101256450613
P06405,24509.389006915255
P06408,24914.338795551805
P06411,12333.203075469894
P06413,14838.228415116184
P06416,15120.896229457454
P06418,14463.42104659181
P06420,14319.209126870843
P06421,14058.639899798007
P06423,12478.793997627492
P06428,14738.330927089619
P06430,14996.762177508843
P06447,13669.596325901659
P06448,13207.162413485328
P06573,17092.34887730346
P06870,13914.197280572656
P07133,25884.458178465695
P07139,27956.03576383354
P07154,89446.02266032502
P07158,122917.32268096037
P07159,27125.77643105149
P07160,94349.65203854986
P07257,26881.538406095926
P07259,26355.74863295349
P07293,27185.36175006358
P07294,29558.534687138254
P07298,12260.20723432586
P07299,12268.023426157606
P07506,12416.22229526279
P07544,114496.89370606848
P07546,116828.71648412597
P07547,16004.380961193992
P07555,112408.78447528201
P07556,12957.88298553744
P07559,113135.09411459946
P07568,29286.628006531708
P07573,113581.62102177196
P07576,28542.073242382427
P07578,27258.507899312728
P07580,15246.366906891499
P07583,13498.245928230526
P07589,87692.11925708206
P07590,93854.18996032482
P07595,27610.468429244735
P07598,13785.385307202892
P07599,105552.09883648746
P07600,108172.75758520502
P07601,110705.65918689461
P07617,14856.241932013714
P07619,115555.3130933681
P07623,96016.22489491748
P07625,120231.94212528682
P07627,24657.515963099846
P07633,25357.87495245453
P07640,13206.48849515734
P07641,28969.539871698944
P07645,87185.33406199652
P07646,91236.981958912
P07655,12812.465689548108
P07656,26773.455336290037
P07657,13450.38699209847
P07683,110762.36698627438
P07684,111954.54669164622
P07692,13521.457647236099
P07694,13698.567069147912
P07696,12635.673035329726
P07698,11983.746009186021
P07702,13013.903602005432
P07708,86327.95701472301
P07709,102186.94665787333
P07776,15722.085973465399
P07777,15477.610607970399
P07778,15235.166084229631
P07780,110820.16645380603
P07783,16314.215268998381
P07784,112096.77797400749
P07790,12834.870893480229
P07994,11511.954059587757
P07996,16004.830897998543
P07997,13044.034061577064
P07998,13056.998870489437
P08000,25552.196162611835
P08005,17346.809205392972
P08006,25196.293125536795
P08009,30890.88003675967
P08012,24369.050630817554
P08014,23283.056443432695
P08171,24685.02622863366
P08172,24542.26421374217
P08181,114673.84305231019
P08187,109157.62930315213
P08188,14043.643669906649
P08189,113110.52656949284
P08191,14621.364737074418
P08194,14806.526940886093
P08196,14196.456881769476
P08200,99659.7213896483
P08201,92892.99460834265
P08203,13424.427625304976
P08217,11842.954288128987
P08222,14918.7087481398
P08225,13885.365927804713
P08241,106597.99957580109
P08242,13595.239590661162
P08243,13181.109990093633
P08281,28448.103023369473
P08320,19216.864977173616
P08322,113960.30179567618
P08338,107007.45979681273
P08340,111669.69009047815
P08344,13227.473906659803
P08346,13706.63281682397
P08348,12965.716595966254
P08350,13464.270357713867
P08353,100673.03761632355
P08356,28801.519058753307
P08357,13012.214795432348
P08359,95288.97494064388
P08363,13812.876819550913
P08364,17288.360290047494
P08365,13687.948834296823
P08367,13528.92990379891
P08368,24654.008799512892
P08369,17965.557316359253
P08374,110500.86253087157
P08379,25191.676096295192
P08380,30208.222214268735
P08383,14115.70038636789
P08387,24861.945917443783
P08388,24349.006290719637
P08390,23958.64171480962
P08392,23898.994540162053
P08396,17344.58047485903
P08399,99639.5286164075
P08400,12593.888934865767
P08401,12215.399531281677
P08404,105624.9336455547
P08405,11563.497217608501
P08406,12807.306646270416
P08408,13595.169366238686
P08411,25064.148329047282
P08412,23752.957033799852
P08446,114478.6215955729
P08448,99282.29251602374
P08450,113856.70673012405
P08463,13070.900770818873
P08476,17156.644153822665
P08481,12613.530069255086
P08489,13765.087251297036
P08501,12909.215462943379
P08502,11460.12619659062
P08524,11918.572284062564
P08526,13937.013267684688
P08527,15270.504621953936
P08587,10937.421295119522
P08593,103968.32722099716
P08602,13585.072600205849
P08604,97676.04940131164
P08609,26491.65251558961
P08615,85635.88363201861
P08616,81536.92488374622
P08617,89545.67531477522
P08620,95761.38852790296
P08624,13996.606591305352
P08625,15261.291940848867
P08626,26554.760695569494
P08633,13740.26076023045
P08639,13802.41504591178
P08641,100165.39821427829
P08644,109161.43130143193
P08648,98385.23731522326
P08650,13367.57972754559
P08655,13566.399679734295
P08656,106470.8225566263
P08657,13523.020314411087
P08659,14126.234469045528
P08660,16711.607844592396
P08749,14368.201501321806
P08785,11710.522185526363
P08789,12836.721177385716
P08792,16069.3985261959
P08793,106776.87345255363
P08796,13114.82813279651
P08797,14347.470757493888
P08801,13037.1950682924
P08803,15725.167385407281
P08804,11406.483913725464
P08805,12316.576464273223
P08807,15894.56188340152
P08809,11487.15846066456
P08810,12891.752275742201
P08812,11507.843834385832
P08815,13875.994835387552
P08816,13074.439322154085
P08817,11698.466586463031
P08820,12837.535798348845
P08821,17256.322945163956
P08822,13167.844702106222
P08828,13409.103635561618
P08829,14445.199955456965
P08830,15620.155210104178
P08831,15010.085150987561
P08832,108571.54980056066
P08834,103222.79191254641
P08835,101802.70891862952
P08837,98488.78298482043
P08842,12829.842735139247
P08843,12187.14483511525
P08844,13376.821860279893
P08847,100747.91550535329
P08849,95210.26660073907
P08850,12357.88571327997
P08851,16146.371148895938
P08852,15477.610607970399
P08853,14680.494990028232
P08856,15273.474301310314
P08859,15173.656838029985
P08998,14167.123153355418
P08999,14413.493309878813
P09002,13265.00146166621
P09004,13391.6769676803
P09009,12294.947585928567
P09030,12927.085596940673
P09031,13211.969233578033
P09033,17538.67506597763
P09034,17376.650763732578
P09036,13320.832215734878
P09037,13627.767759520653
P09038,13627.767759520653
P09040,11948.876627164813
P09053,13103.023293005439
P09055,115895.74905354335
P09056,103690.36946983324
P09058,107956.44516385146
P09060,92364.97184492226
P09061,13296.418073587947
P09074,12449.073790050752
P09077,13210.734816688802
P09078,13084.984809352243
P09080,13524.89582222469
P09082,13309.576547312923
P09085,12128.82141417503
P09088,13517.716541261248
P09089,13356.9714417682
P09094,13205.373692945248
P09097,13102.039621316684
P09099,13760.78176002899
P09101,12637.761364765893
P09104,13613.885701284446
P09107,103699.51092491028
P09112,26128.674618109246
P09114,105658.09646217217
P09115,94918.74815745984
P09116,102967.72519283542
P09120,12963.159169750736
P09121,13200.798403648012
P09126,102911.85094018235
P09138,92178.6265558971
P09141,81712.052417767
P09145,26307.18232953645
P09146,27216.31960359595
P09173,13158.551624080956
P09194,12720.829113072825
P09196,13821.654191194535
P09197,28242.530487529388
P09202,16926.77676625639
P09203,28240.842025835227
P09210,11868.392424503023
P09346,17213.801789453413
P09353,11195.43222770051
P09359,13021.901480856694
P09362,13078.46120567648
P09368,23860.582629390778
P09373,14537.064445184446
P09375,13118.48493894976
P09377,14311.005742309524
P09378,14537.064445184446
P09379,14720.209799862712
P09382,12443.018988961183
P09384,12776.356230402871
P09385,13714.645117518807
P09386,14313.2996508722
P09388,13400.123225218544
P09389,13699.675117762625
P09390,13489.48863592345
P09391,119040.76031036316
P09393,25401.398414887804
P09395,26901.784070137197
P09396,26391.5294925614
P09398,106127.38700171497
P09399,14754.39051293028
P09400,106127.38700171497
P09401,27683.484270314897
P09449,22561.072398371198
P09450,30619.27794552977
P09452,30426.256163800557
P09453,18493.017825660485
P09454,14172.319402488967
P09455,23912.517189590693
P09457,13301.320302465021
P09458,12404.67923151717
P09460,17337.51837482971
P09461,12788.976471048725
P09464,15034.825549260438
P09465,13209.069791712058
P09473,25885.530904761843
P09474,24846.967903704193
P09477,23867.834925505565
P09479,31093.858486297137
P09482,25324.247311825035
P09484,118169.55621055246
P09487,12771.31749183805
P09488,17342.10990096526
P09489,112529.54409497698
P09493,13147.236832732267
P09495,13050.095731950749
P09496,12247.614149797091
P09500,12397.726869712029
P09501,12482.048091914055
P09505,12235.916120935784
P09506,12595.76794247598
P09507,12684.689539471692
P09509,11898.937638954709
P09510,17615.63754156869
P09519,12669.00605320502
P09522,14139.167456519444
P09524,12879.284813773495
P09526,14490.184542018449
P09527,14290.709386560298
P09529,15085.283389649581
P09530,14988.142288868059
P09533,14868.430453728064
P09534,14868.430453728064
P09538,14965.571554509586
P09541,14659.358612899412
P09542,14659.358612899412
P09543,12874.313783213793
P09546,14664.057917327124
P09565,12955.450913939814
P09567,109244.0682037513
P09570,14557.644402255193
P09571,15035.725448154624
P09590,13289.58387413768
P09591,13289.58387413768
P09592,13151.68590303235
P09593,13289.58387413768
P09595,99373.44596324915
P09596,31112.594984349773
P09597,31583.29897166776
P09602,25693.16432545391
P09603,16531.4317448198
P09604,11603.279819909038
P09606,13264.26133769941
P09609,12460.444286223199
P09612,31498.0711198816
P09614,24158.237698493955
P09615,13344.18314686788
P09616,25613.11356255863
P09617,25774.603468243044
P09620,25268.118259841318
P09621,13364.736015035765
P09624,13426.393546245607
P09824,18198.551240000084
P09906,14591.691320357015
P09909,14591.691320357015
P09910,14591.691320357015
P09911,13228.532405246253
P09912,12910.322893362083
P09913,13272.299251197957
P09914,13272.299251197957
P09915,13027.491263552285
P09916,14824.354590942665
P09918,14643.698378388517
P09919,13828.296521726212
P09920,13272.299251197957
P09928,11753.587018841252
P09992,14043.468782517479
P09997,14564.825126674139
P09998,14609.890286399876
P10012,11635.416233398635
P10014,11418.408192551924
P10017,11577.128498043076
P10018,11617.607761081188
P10019,11242.871179979431
P10020,11599.02795826681
P10023,11395.438102583052
P10028,11535.117728962374
P10029,11535.117728962374
P10030,11478.384899323208
P10036,11457.465275465422
P10037,11457.465275465422
P10040,11039.53588826633
P10156,14616.049666536635
P10176,15324.38431901515
P10213,31603.979614446307
P10215,31240.7008995043
P10216,31603.979614446307
P10220,31240.7008995043
P10221,31240.7008995043
P10366,14565.601045145762
P10393,16217.750130040682
P10394,15060.113696616494
P10404,17591.09746902963
P10405,18489.182407227738
P10426,18442.858554860686
P10431,17183.071119688197
P10432,17968.873304906963
P10434,15430.967751377582
P10435,15430.967751377582
P10437,19435.62845255505
P10449,17151.8549373723
P10531,10582.057279887937
P10628,17591.28877373778
P10629,15932.960740469323
P10630,16882.954121259267
P10632,17924.210742063173
P10637,14068.027609781378
P10666,150385.38255767804
P10670,15430.645048957564
P10673,14932.822230338894
P10680,15562.467826228385
P10681,15543.872497396096
P10682,14678.080188113865
P10684,14456.746495336427
P10685,14424.925446101384
P10690,14427.808302987982
P10691,16976.844815397977
P10692,15839.367271275201
P10704,14932.822230338894
P10715,14912.509856844812
P10734,33244.1555531676
P10735,14457.692983672774
P10736,15156.167737268217
P10744,34596.61067740084
P10745,30593.573812824565
P10767,11122.999903308904
P10775,13808.279128171369
P10777,14096.288885146429
P10778,13873.060568614992
P10780,11075.42584218813
P10782,11661.74446208916
P10783,11517.200230803344
P10784,16038.311452748807
P10785,15750.301695773745
P10786,11241.39853986408
P10791,16469.70947616516
P10793,15991.949433470507
P10797,15143.818374515124
P11065,13039.627225020624
P11086,11284.028041624915
P11117,32493.9559563221
P11171,12563.072094068924
P11233,14365.622243304437
P11236,15215.364755981067
P11241,15704.9258695678
P11246,14321.1214370254
P11248,14321.1214370254
P11249,14341.362925010199
P11252,16489.95101856514
P11255,13536.593519881199
P11256,14962.874004717605
P11259,14359.340170721065
P11260,14359.340170721065
P11263,13863.891666778873
P11287,14266.084542781244
P11290,14433.33969929197
P11292,161216.11555207692
P11293,165145.39806282087
P11297,15770.653379045427
P11318,15619.517386176876
P11323,15591.313998613934
P11326,15443.238866105074
P11328,14285.26456678311
P11330,14285.26456678311
P11331,14433.33969929197
P11333,14564.606447007865
P11336,13863.891666778873
P11337,13863.891666778873
P11338,13812.957635051534
P11422,14794.567718832883
P11507,15821.672743200106
P11508,15343.174706411806
P11513,14346.454411153374
P11518,15348.51752114956
P11520,15348.51752114956
P11568,31540.740522617423
P11588,31729.82012147688
P11683,14168.981752933538
P11702,17572.557815604217
P11765,11635.416233398635
P11766,11362.391391232874
P11774,11243.252921085646
P11777,11189.668296821601
P11779,11447.730369756813
P11780,11132.935467182435
P11782,11286.195130302911
P11783,11077.965687933232
P11787,13929.62596577297
P11788,14274.368552387195
P11789,11695.668081004396
P11790,13452.295477298832
P11792,11538.17337159721
P11794,11398.09510289368
P11796,14017.549432867067
P11797,14074.28226250623
P11799,13986.358795412134
P11800,13986.358795412134
P11802,14074.28226250623
P11806,14274.368552387195
P11807,13986.358795412134
P11810,12987.25901880876
P11812,12150.768181844021
P11814,12874.37888363627
P11815,15828.472603161135
P11824,14599.21062978779
P11825,14311.20087281273
P11828,14311.20087281273
P11829,15166.28810511209
P11830,14687.790068323788
P11846,11168.408689773629
P11847,11291.979780265576
P11854,16107.25215135571
P11865,13266.476500877416
P11868,11572.673032196153
P11870,11653.500175518264
P11871,11548.697765703531
P12023,32956.14579619253
P12101,32737.626241478538
P12102,33244.1555531676
P12104,16579.989877630418
P12107,32969.934085273504
P12108,32737.626241478538
P12109,28926.696941869195
P12116,14869.902731029391
P12136,32765.71292875326
P12171,16536.418601768703
P12180,17498.694381716647
P12212,15156.436400380144
P12213,15156.436400380144
P12214,15850.126317238479
P12215,16222.373074415764
P12216,16607.62569319225
P12218,17217.258378952
P12230,16588.047753907897
P12233,16531.77010771993
P12236,16531.77010771993
P12237,14926.012759434889
P12238,16531.77010771993
P12240,16387.483335978373
P12242,15500.806100414455
P12243,15022.308063626155
P12244,161146.52177968295
P12318,176391.67679794386
P12382,13324.286682417482
P12439,15203.609238486055
P12440,172106.012415639
P12444,15772.50782474645
P12445,260097.23530792404
P12450,14695.441641245221
P12453,12308.79753230298
P12459,14868.6337921962
P12462,14720.55865968734
P12463,14868.6337921962
P12466,14887.902430792594
P12469,15321.684773767583
P12473,16777.960775540203
P12478,16490.11473163019
P12482,14573.511314963038
P12488,14013.437776334356
P12498,12506.013718186123
P12510,13954.923558844734
P12513,12137.311680460929
P12520,15221.944886954823
P12522,14535.41581774576
P12523,14735.502107626722
P12531,11163.003751235456
P12534,11122.109239925323
P12535,11060.455512124116
P12537,11071.281281304016
P12540,11209.211269866117
P12542,11051.701907066254
P12553,15221.944886954823
P12555,15221.944886954823
P12557,15273.071168276785
P12564,15454.29786208715
P12566,14687.790068323788
P12571,14687.790068323788
P12572,14687.790068323788
P12573,14529.523255180162
P12575,14610.311148867435
P12576,14440.502728550424
P12577,13962.004691762124
P12578,14440.502728550424
P12647,16661.184782360986
P12650,15630.952955183158
P12671,161073.25986935545
P12719,12982.302171680223
P12784,11094.610863578915
P12828,15336.646046868716
P12926,15267.419356740356
P13011,16263.840046963303
P13013,17097.829691962863
P13041,30176.360756933056
P13050,14666.295220610953
P13055,15630.990063182691
P13059,15533.848962401169
P13094,14397.851407671336
P13097,13936.16086594553
P13098,13966.19304959243
P13193,159949.11921743012
P13222,14954.375573905414
P13227,15301.639557349192
P13459,14324.432437312154
P13531,27459.648606360315
P13647,11799.846854851654
P13654,15093.873067876872
P13664,11297.597961201542
P13666,11031.69535299819
P13667,11457.465275465422
P13668,11457.465275465422
P13670,11039.53588826633
P13672,11659.510547081583
P13673,11554.708137266847
P13674,11554.708137266847
P13686,15415.205377691753
P13687,14667.966222524783
P13688,14584.672530459546
P13689,14648.69758392839
P13690,15327.840291326465
P13692,14997.417387047026
P13695,14997.417387047026
P13697,15763.925180810387
P13782,31462.390448819024
P13792,31098.47876205972
P13867,11503.868259864303
P13868,11458.468310477903
P13889,16728.065010139275
P13890,16263.840046963303
P13901,12507.850572730482
P13909,11033.52551670301
P13910,10700.560892047699
P13915,12240.387846867518
P13932,11147.283051004646
P13933,11502.084963597681
P13934,11147.283051004646
P13948,13067.577726308382
P14010,161690.05806313799
P14011,165289.70411187288
P14012,13799.70489515811
P14014,125121.37720508527
P14018,14028.313403249715
P14020,13726.915208411683
P14021,13536.491758861295
P14025,13653.004627551636
P14026,13887.628362252206
P14027,13566.912266831787
P14029,15993.092094790989
P14030,16513.89448009238
P14089,13030.333141350928
P14092,13828.421420163953
P14123,202908.57430311557
P14142,12564.092377015635
P14410,16056.112902155457
P14411,16056.112902155457
P14414,13873.060568614992
P14682,12617.133792879687
P14684,16132.966784013346
P14737,25223.801517524516
P14745,14500.878372926152
P14785,11988.62059984669
P14813,15756.010312644146
P14816,15580.37933385881
P14821,14978.148748450632
P14840,13501.702493641824
P14853,10657.485830575866
P14854,10657.485830575866
P14856,10657.485830575866
P14876,10657.485830575866
P14878,13501.702493641824
P14880,11387.828166845671
P14887,11234.568503725191
P14890,11234.568503725191
P14893,10700.560892047699
P14898,11959.023511375768
P14906,12570.863228943674
P14920,16136.821823841572
P14921,15370.31403007821
P14922,15222.23889756935
P14925,15370.31403007821
P14927,15554.086331222716
P14929,11234.568503725191
P15034,14334.438830381734
P15035,14666.908281614144
P15037,14379.343731282233
P15038,14738.195020485964
P15040,12978.818296135978
P15050,10934.440930521361
P15051,11087.70059364184
P15175,14732.747662968406
P15176,14732.747662968406
P15177,14700.270507488276
P15183,15191.977061160316
P15188,16873.94143174833
P15191,16658.330663737543
P15192,16809.159991304707
P15196,16077.483870185022
P15197,16077.483870185022
P15203,14120.267386356336
P15204,14311.20087281273
P15205,13824.262113351648
P15206,14590.76990711501
P15209,14875.410461999849
P15210,14875.410461999849
P15213,15737.840065388804
P15216,160898.3134321134
P15218,13353.382591331958
P15221,162550.65271165658
P15222,15468.164268734134
P15226,13441.379317427536
P15228,13376.597876983913
P15229,13422.110678831143
P15233,14448.348655374404
P15235,13939.610677028239
P15240,14700.270507488276
P15313,14569.794928533442
P15314,14022.216623072802
P15320,16115.276885454003
P15324,15884.585087878111
P15326,15580.37933385881
P15333,16365.970199739228
P15335,16514.04533224809
P15337,15778.624408202213
P15338,201593.88045696492
P15355,13441.379317427536
P15377,12608.897751194381
P15414,12924.704632227871
P15446,31240.7008995043
P15551,15987.741450518426
P15707,14417.207244262157
P15708,14371.580728970914
P15709,14056.098840560493
P15722,31610.465581327884
P15723,31610.465581327884
P15724,31610.465581327884
P15798,154895.204844087
P15824,15584.069503423201
P15856,17783.67569521507
P15858,17495.66593824001
P15859,17755.455657981198
P15886,14000.297202484697
P15890,14545.967040432537
P15891,14136.454688938637
P15897,14578.326700770434
P15898,14276.377637840887
P15907,11144.532108392103
P15909,11193.059770420918
P15910,11131.40604261971
P15924,10819.903614998017
P15925,14394.015299971767
P15926,13915.072056540317
P15927,14048.76618945831
P15970,10919.406469314972
P16070,13523.709081602303
P16090,14128.095125480408
P16097,10621.529919931672
P16158,15803.86927638998
P16161,13573.613938824657
P16162,14009.69882830858
P16163,13186.458204906054
P16164,13530.755584877124
P16169,12978.818296135978
P16170,15012.931185326286
P16171,14821.997698869895
P16173,15012.931185326286
P16175,14106.005542996707
P16176,14374.746661375373
P16177,14394.015299971767
P16178,14106.005542996707
P16179,14394.015299971767
P16181,14394.015299971767
P16183,14106.005542996707
P16185,14106.005542996707
P16186,14106.005542996707
P16187,13243.191034545218
P16188,13721.689071333518
P16190,15012.931185326286
P16193,14868.6337921962
P16314,12759.433222421025
P16315,13123.982284228925
P16392,14191.96241973804
P16415,14177.958386405106
P16491,163499.82264836307
P16493,167854.02857444738
P16494,173247.25871910263
P16495,262348.70423203416
P16496,13272.876883361896
P16498,15273.071168276785
P16500,15273.071168276785
P16501,15273.071168276785
P16503,15283.768073786376
P16504,15902.03702197583
P16506,15599.419242830789
P16507,15599.419242830789
P16516,14285.26456678311
P16517,14285.26456678311
P16519,14463.26367209854
P16520,14463.26367209854
P16521,14463.26367209854
P16522,14463.26367209854
P16524,14398.482231654916
P16525,14398.482231654916
P16526,14463.26367209854
P16528,15085.81359937809
P16529,13882.431590662725
P16530,14879.701077332074
P16534,156843.12079071856
P16540,15085.81359937809
P16542,14463.26367209854
P16544,14414.159675290104
P16545,14164.858058500264
P16546,14277.696962745607
P16548,15021.032158934468
P16550,15168.095718352584
P16552,15700.847939801579
P16558,155751.1607360817
P16565,14725.512517661766
P16566,14623.96176009088
P16569,14621.689661789811
P16570,14640.958300386204
P16571,195890.4424198012
P16573,14623.96176009088
P16574,14501.507453483206
P16611,15464.928556820352
P16643,13073.708458536681
P16660,13319.876877625064
P16661,13788.750991003786
P16687,28609.64299856727
P16734,14449.296873311847
P16735,14449.296873311847
P16736,14792.875707336309
P16744,13894.504508171069
P16750,13396.737832786375
P16751,13366.705649139474
P16752,13396.737832786375
P16753,13046.82244586827
P16756,12873.315171122069
P16757,13427.523282609194
P16758,12873.315171122069
P16762,13119.121433919
P16763,13085.417816965253
P16787,12873.315171122069
P16788,13347.329544089243
P16789,13250.188443307725
P16832,15164.47539885989
P16834,15192.19003203553
P16867,232264.52462623865
P16893,15020.020585843724
P17133,17028.49714307304
P17136,17117.41874006875
P17137,16612.43423194487
P17147,15529.339165208945
P17148,15529.339165208945
P17149,16117.77704981913
P17150,15435.319335095784
P17154,15301.517936369279
P17246,15370.31403007821
P17248,15273.071168276785
P17249,15462.82145399638
P17255,15013.805392805507
P17256,14687.790068323788
P17257,14687.790068323788
P17258,14687.790068323788
P17261,14509.652382013568
P17262,14509.652382013568
P17264,14394.015299971767
P17265,13616.594113588551
P17278,16647.32960424723
P17287,14520.583859661725
P17306,15585.3503850371
P17308,13685.17185201423
P17309,14511.62406052061
P17313,17032.938896309468
P17314,17931.02383450757
P17315,17931.02383450757
P17317,18227.385188503118
P17319,15748.784092650047
P17323,15515.1739014149
P17324,15025.811339482032
P17325,17922.58311183479
P17415,15138.146552857344
P17422,15075.588294434416
P17424,15406.011198713855
P17442,16588.21048982061
P17444,17121.00713368698
P17447,15423.499099649625
P17448,15292.533289948797
P17479,15608.464093020746
P17482,16293.788113351253
P17483,16293.788113351253
P17486,16772.286150139556
P17501,13416.006471382769
P17502,14163.245626549737
P17503,13416.006471382769
P17504,13703.571021714679
P17508,14196.784816286181
P17518,13110.313739080722
P17521,13080.281555433823
P17523,13110.313739080722
P17527,12428.498817935531
P17530,12404.404504252587
P17539,12563.072094068924
P17540,11546.321203645244
P17542,12563.072094068924
P17562,26592.242697875
P17660,13936.16086594553
P17829,10705.519705151753
P17855,14319.382926142862
P17856,14319.382926142862
P17857,14997.685394974475
P17927,14148.786989889579
P17934,10767.626425807599
P17964,14318.446597682394
P17974,13679.297573958152
P17993,14148.786989889579
P18049,14657.06818131814
P18051,14693.221085270834
P18053,14790.362186052353
P18054,15217.616299663163
P18061,14326.6452770387
P18063,15283.768073786376
P18065,15520.680085969048
P18123,15215.970033509491
P18127,13811.580624894914
P18128,180650.14121243273
P18156,13353.674201515234
P18157,12557.134224104973
P18159,12587.166407751873
P18161,12587.166407751873
P18191,12339.623063808964
P18194,12407.65693500826
P18195,13110.313739080722
P18211,13609.078124355274
P18217,13609.078124355274
P18225,16586.095387838315
P18227,16586.095387838315
P18231,16854.672793151934
P18253,13588.21687911793
P18258,13306.921272946889
P18259,13538.315371814788
P18261,14146.403261604275
P18262,14146.403261604275
P18279,12563.072094068924
P18281,12498.290653625301
P18296,13596.87006885059
P18300,13499.728968069068
P18434,13363.522923601296
P18460,10630.328243146776
P18519,13263.297214449149
P18522,13045.5322986371
P18557,13939.610677028239
P18558,13939.610677028239
P18650,13431.08550450077
P18651,13980.810452944645
P18654,14098.278266844578
P18655,13362.0805804086
P18656,13445.579586517177
P18731,14796.818810147952
P18735,14275.898345295222
P18739,15084.383360479862
P18749,13910.597215305712
P18752,13952.94553234724
P18755,13848.943487504504
P18769,14759.09608628802
P18771,11737.53173793676
P18796,15430.645048957564
P19035,14042.792585449397
P19037,11213.715175244592
P19038,11318.517585059328
P19041,15166.28810511209
P19052,28161.177145425867
P19124,14338.53727560917
P19250,17884.568262650533
P19252,17884.568262650533
P19253,17884.568262650533
P19265,15720.094851348527
P19282,15980.807245447148
P19573,15184.949187623006
P19574,15273.870784618719
P19590,14081.795780291266
P19599,15823.355794100817
P19630,14056.759434634243
P19680,255779.33971041566
P19684,262348.70423203416
P19685,15994.93729864739
P19686,15184.949187623006
P19696,13292.14552195829
P19697,210814.47804625038
P19699,13272.876883361896
P19701,262348.70423203416
P19703,15192.19003203553
P19715,13292.14552195829
P19720,15164.47539885989
P19773,13937.02440245625
P19812,16249.210837916362
P19813,16537.22059489142
P19814,15706.467121030482
P19851,14159.368070516646
P19856,14028.366705325947
P19860,14860.9522256565
P19861,165356.07198801124
P19864,16593.365743140545
P19865,16444.45249723656
P19866,16593.365743140545
P19867,15901.173020004639
P19868,15965.954460448262
P19891,16061.418165671765
P19894,14028.366705325947
P19897,14028.366705325947
P19899,14028.366705325947
P19905,15770.71280112806
P19906,15613.55903048253
P19907,15867.85390190958
P19908,15710.700131264051
P19911,15705.931360684437
P19913,15751.444162531665
P19915,15632.827669078924
P19916,15548.777590038906
P19920,15729.968769860445
P19925,15548.777590038906
P19926,15645.918690820428
P19928,16293.788113351253
P19938,15042.246258643654
P19941,13407.082213909789
P19954,15369.622707585631
P19955,14554.135223485002
P19979,13086.355429741989
P20002,15113.421153960577
P20004,14634.923117172277
P20007,14765.188065595523
P20010,14634.923117172277
P20022,15129.545817726927
P20026,14841.981267395016
P20036,14830.27030012413
P20040,10918.811594374296
P20041,10918.811594374296
P20042,11482.973951520255
P20047,14921.446214362622
P20048,11210.474190042247
P20049,11401.203105577815
P20050,11294.150961088
P20053,11224.240486253097
P20066,13331.080846722622
P20068,14215.6486559359
P20129,15123.043154689552
P20136,15370.31403007821
P20141,15370.31403007821
P20142,15370.31403007821
P20144,15370.31403007821
P20212,13422.110678831143
P20213,13441.379317427536
P20215,13422.110678831143
P20218,13422.110678831143
P20219,13441.379317427536
P20220,13658.018819706685
P20221,13658.018819706685
P20243,15037.860456853616
P20244,15451.577053198294
P20247,14997.417387047026
P20251,15191.977061160316
P20260,15166.28810511209
P20267,15101.506664668466
P20269,12987.25901880876
P20270,12669.049506924588
P20272,16096.335871671272
P20274,16612.43423194487
P20307,279560.67212258506
P20311,13440.100785065717
P20312,13440.100785065717
P20315,13440.100785065717
P20318,13331.956392342752
P20368,13119.524046380839
P20387,16030.696060681601
P20436,13941.882401771221
P20527,12995.234395309482
P20546,11191.873221371945
P20665,17225.699101624778
P20666,17225.699101624778
P20695,15609.283234498924
P20725,12899.771650048368
P20726,12711.870990362786
P20766,14491.22508205928
P20786,14343.863901276753
P20848,14727.407728820406
P20849,14371.580728970914
P20855,13420.52382316218
P21016,15802.618512322277
P21021,15616.644589645646
P21059,31989.584270220446
P21112,15500.202824093043
P21118,14863.74319072665
P21123,11502.33370200983
P21145,13764.11891679339
P21150,14049.407864879597
P21151,12873.803439608713
P21160,13588.21687911793
P21168,13816.149189129934
P21169,13478.671038649369
P21172,13478.671038649369
P21174,14506.032180910635
P21179,14036.751777809759
P21183,14643.230398687274
P21185,13375.360306165447
P21186,13375.360306165447
P21193,13796.88055053354
P21231,16738.760342163696
P21243,13942.282120511902
P21247,13620.027308242414
P21249,17217.258378952
P21253,13478.671038649369
P21256,13796.88055053354
P21283,12552.605297038079
P21308,14143.67123934209
P21364,42488.42100893814
P21379,19723.638209530112
P21381,17963.715206035533
P21384,18485.61843727655
P21388,17894.61458141515
P21392,14360.53978468423
P21393,183200.87852980793
P21680,13511.877038813791
P21715,12864.732179384473
P21921,13194.090145077977
P21930,14212.225194918932
P21959,13329.110250120952
P21960,13112.252754982499
P21961,13098.50889928965
P21962,13231.867388319526
P21963,276475.50230729685
P21979,13809.101525455828
P21988,16422.683946225276
P21989,14887.902430792594
P21990,14126.481272097859
P21991,11953.034572173174
P21992,13251.928742887376
P21993,12669.049506924588
P22000,14929.577584003328
P22001,15103.668666658043
P22003,15763.925180810387
P22004,13847.76910542628
P22005,14755.00007825209
P22006,14755.00007825209
P22007,13945.011967227705
P22009,13847.76910542628
P22013,13658.018819706685
P22066,15565.48690668494
P22067,15476.565309689227
P22070,16800.176274894475
P22103,11437.289946869381
P22104,11588.065551302332
P22109,11009.431203020062
P22117,11224.240486253097
P22119,11178.842069564489
P22122,11060.455512124116
P22124,11117.188341763282
P22126,11363.733853162723
P22128,11272.127917843454
P22139,14384.116130520308
P22141,13720.217611686463
P22143,11207.077020155337
P22145,11429.963796290403
P22148,11076.709290538924
P22149,11279.188191857453
P22161,11577.3425889388
P22163,11488.220712307057
P22164,14470.636217376425
P22168,15042.246258643654
P22193,15160.883470023999
P22202,15222.187196663162
P22205,15160.883470023999
P22227,14554.135223485002
P22259,15612.020610992882
P22264,15988.02176917424
P22265,15740.355453078686
P22289,14209.940829578245
P22291,14293.439835686822
P22293,15261.950222463054
P22315,14616.952739588663
P22318,14278.466172039562
P22321,14616.952739588663
P22323,14700.45174569724
P22324,14616.952739588663
P22327,15808.12748616038
P22331,14134.556848039289
P22334,15646.571524771773
P22338,13948.539222113726
P22339,254199.4423906279
P22342,14476.068323184893
P22343,252789.98262191462
P22346,14323.20331224586
P22350,14141.176705461785
P22351,13996.15372896774
P22352,13996.15372896774
P22354,14129.371865670717
P22355,13876.506981383169
P22356,14129.371865670717
P22357,14510.324436648469
P22358,14607.465537429991
P22359,14510.324436648469
P22360,14510.324436648469
P22361,14125.609567127372
P22364,14146.403261604275
P22368,14510.324436648469
P22369,14006.171425856532
P22372,14006.171425856532
P22373,14510.324436648469
P22375,14510.324436648469
P22380,14942.643789113023
P22383,15750.60967622838
P22384,15847.750777009902
P22388,15169.95327244783
P22389,15169.95327244783
P22390,15169.95327244783
P22391,15169.95327244783
P22392,15169.95327244783
P22393,15253.452278556408
P22394,15169.95327244783
P22395,15421.141825901324
P22401,15159.275605306673
P22403,15628.66855877479
P22437,15160.883470023999
P22443,15700.685233451464
P22452,15160.883470023999
P22455,15222.187196663162
P22457,15222.187196663162
P22458,15843.209137873264
P22460,15319.430058464588
P22467,16373.53829626732
P22468,15370.31403007821
P22470,15312.355274779455
P22471,14812.340116000581
P22472,15412.310629579746
P22480,15312.355274779455
P22484,15971.475980969422
P22485,15882.455454339684
P22488,15671.039266314909
P22489,15971.475980969422
P22491,169216.92688947683
P22521,12761.171713546391
P22540,14657.386818291503
P22543,15023.654697034306
P22555,13677.347510923695
P22557,13160.740258606967
P22564,14859.144783004445
P22654,15172.582841116264
P22655,15381.020728017715
P22659,13257.517822774986
P22660,15456.537064609958
P22661,15540.036070718535
P22675,176762.09822604383
P22682,15709.225820830414
P22689,15214.87434223478
P22698,15756.010312644146
P23013,13408.00836994111
P23099,14842.77149707013
P23100,15085.500211424816
P23104,14930.694964164228
P23107,14088.259057941306
P23110,14376.268814916368
P23327,15066.487769103642
P23329,14834.502401928235
P23346,13742.32968732263
P23351,13645.417650430078
P23361,13890.735644740364
P23364,14246.061391156321
P23366,12162.260352539166
P23367,13952.118097485558
P23376,11675.878010135553
P23385,14841.981267395016
P23387,15053.034109505537
P23390,13910.597215305712
P23396,13709.556700000961
P23399,13931.495753077103
P23408,15519.88543938983
P23418,11274.19213372383
P23456,10244.888149195156
P23545,13840.922379370066
P23549,13023.105585346277
P23560,11013.688499581678
P23750,13737.63433124732
P23757,14059.178215746922
P23758,14059.178215746922
P23759,13911.103083238062
P23783,12498.290653625301
P23784,12563.072094068924
P23785,12563.072094068924
P23797,14146.403261604275
P23800,14085.099534965111
P23802,14146.403261604275
P23806,13158.846140438029
P23807,13158.846140438029
P23808,13061.603278636603
P23814,13572.400786634555
P23819,13576.439608399054
P23820,14094.541821072833
P23822,16097.409111320576
P23857,13609.078124355274
P23864,13522.306718485575
P23865,14020.452239524264
P23866,13522.306718485575
P23883,12587.166407751873
P23884,12587.166407751873
P23886,12587.166407751873
P23890,12404.404504252587
P23904,12557.134224104973
P23905,12373.953318054513
P23910,12431.612639252586
P23911,12587.166407751873
P23913,12587.166407751873
P23962,15273.071168276785
P23965,14978.34543263299
P23966,15273.071168276785
P23967,15283.768073786376
P23972,15815.761084036034
P23978,13383.920640990367
P23982,15166.579923158042
P23983,15166.579923158042
P23984,14904.044424255015
P23986,15001.28728605644
P23993,15502.252230915516
P24000,14178.57014452984
P24002,11692.131788550361
P24012,14790.362186052353
P24014,14693.221085270834
P24027,14924.170186350419
P24030,14539.663923143053
P24196,14308.505091962268
P24197,14215.8959070242
P24213,14608.882015656658
P24214,13282.171020602076
P24216,14208.12967689688
P24278,14307.887570685814
P24530,13883.088799027266
P24539,13800.088359049754
P24750,13006.31241370601
P24754,13020.056269398858
P24757,13103.555275507435
P24759,13020.056269398858
P24760,13020.056269398858
P24764,13020.056269398858
P24765,13020.056269398858
P24766,12925.931344409988
P24768,12563.072094068924
P24769,12563.072094068924
P24776,13046.39580594378
P24792,13430.27702252282
P24795,13404.201631591697
P24807,13432.587717331593
P24809,13374.1694479448
P24810,13374.1694479448
P24813,13414.360373475765
P24819,166643.9364517233
P24823,16210.289107242676
P24826,15917.246673532221
P24837,15145.566875573435
P24838,15048.32401377201
P24839,15234.488472569148
P24842,15608.464093020746
P24843,16565.812567067827
P24844,15481.908124426982
P24891,15794.180213522866
P24893,16180.998403759288
P24894,16180.998403759288
P24896,16180.998403759288
P24897,16180.998403759288
P24899,15883.10181051858
P24901,15883.10181051858
P24902,15883.10181051858
P24905,15883.10181051858
P24907,16060.216066663448
P24908,16060.216066663448
P24909,16667.4941521807
P24919,171806.03572615402
P24921,16888.21450536066
P24923,15643.192861144084
P24934,14788.560654343157
P24945,15052.119556763875
P24948,15149.3624185653
P24949,163225.04714435
P24951,15149.3624185653
P24952,15001.28728605644
P24953,15001.28728605644
P24954,14944.554456417276
P24956,15232.861424673878
P24961,14927.513161925555
P24962,14927.513161925555
P25145,17949.711435689427
P25149,17949.711435689427
P25150,17741.273548787976
P25151,13572.38977696253
P25152,13915.96861098699
P25153,13568.665673341528
P25155,13542.35759331563
P25156,14293.4562909912
P25157,15001.79094346971
P25158,14648.227363608496
P25159,17829.416783922145
P25160,15197.294644985312
P25163,11211.231116557066
P25164,11076.709290538924
P25166,13568.743948120404
P25167,13852.524903682284
P25168,13713.896682030188
P25188,12994.579101348458
P25190,14273.20006788266
P25192,15712.784260520339
P25194,15523.733532410934
P25196,16647.32960424723
P25211,16658.02650975682
P25214,16658.02650975682
P25216,16973.677678801236
P25217,16825.60254629237
P25235,14098.278266844578
P25237,14159.581993483742
P25241,14547.597482210886
P25242,12676.812698817097
P25244,12602.186589332627
P25246,14426.15337590499
P25252,14631.096488319463
P25253,14631.096488319463
P25254,15397.604282082824
P25255,14631.096488319463
P25256,14631.096488319463
P25259,15054.213663947863
P25264,14957.072563166343
P25266,15181.839574045433
P25267,15084.596712244007
P25268,15462.82145399638
P25270,15181.839574045433
P25271,15270.761171041146
P25272,15075.588294434416
P25379,15733.42551754596
P25380,15106.014234853677
P25383,15449.59306887814
P25410,15911.438292538813
P25411,14735.470550581287
P25412,15456.537064609958
P25413,13335.742514261108
P25414,15218.018930260701
P25416,15218.018930260701
P25417,15846.86216613853
P25421,16201.827128859146
P25427,13649.887833964334
P25428,13649.887833964334
P25429,14858.55094940713
P25432,14617.985275198993
P25433,15459.15740601065
P25435,15911.438292538813
P25436,15529.339165208945
P25439,15911.438292538813
P25441,15911.438292538813
P25443,15911.438292538813
P25445,15911.438292538813
P25453,16647.32960424723
P25454,16973.677678801236
P25462,16973.677678801236
P25463,16973.677678801236
P25464,16890.17867269266
P25465,16973.677678801236
P25470,17120.525404239135
P25476,14923.822089120913
P25478,16944.998136964463
P25479,16944.998136964463
P25674,13375.300552260187
P25676,15079.801654027433
P25725,14402.436868854662
P25742,13486.825293066811
P25921,15424.385585909666
P25923,15794.094258099502
P25925,15714.840314717956
P25947,15456.84346942129
P25985,15095.285824860857
P25986,15199.526353263713
P25987,15095.285824860857
P25989,15173.456732248247
P25990,15192.19003203553
P25993,15164.47539885989
P25994,15224.717454018832
P25995,15135.795857023119
P25999,15080.976392751312
P26116,16147.016742928792
P26132,13061.323503282305
P26134,13609.078124355274
P26135,13529.537378911982
P26136,13710.484818006596
P26137,13686.390504323648
P26167,13889.135023684834
P26168,14124.667357530236
P26169,13529.537378911982
P26172,13710.484818006596
P26178,13410.068601418816
P26181,14480.268732229957
P26182,13756.670442254419
P26196,14982.625993055903
P26373,15867.827530194121
P26377,15603.157806115505
P26378,16057.577815913713
P26392,16057.577815913713
P26394,16057.577815913713
P26398,15866.644329457324
P26399,15389.32949340582
P26407,17028.49714307304
P26408,17028.49714307304
P26413,15908.985299190072
P26414,15765.244237922552
P26415,15765.244237922552
P26420,16145.501283007812
P26423,16331.665741804949
P26429,15314.410055046796
P26431,15603.157806115505
P26433,13638.086389509235
P26446,13296.940734261932
P26479,155991.279093705
P26610,14342.563654783478
P26611,14501.507453483206
P26612,16560.284683186837
P26616,16061.418165671765
P26617,16380.686494213958
P26621,16879.553011729025
P26622,16176.348962423743
P26623,16176.348962423743
P26624,16560.284683186837
P26625,16560.284683186837
P26626,17167.562768704087
P26627,16560.284683186837
P26628,15006.437121613959
P26629,15321.684233149172
P26631,16536.190369503885
P26632,14714.406147631917
P26633,14714.406147631917
P26634,15095.358718609672
P26637,14361.640997440334
P26638,14766.286922654077
P26643,16719.789969760444
P26644,15922.443063332663
P26645,16147.909248043174
P26646,170667.90194025938
P26648,170667.90194025938
P26651,15922.443063332663
P26652,14259.57471062246
P26654,16813.9079565566
P26655,14698.613921916896
P26659,17029.73890359531
P26662,15422.488715984784
P26663,13712.194491627139
P26667,15422.936995200234
P26671,15168.095718352584
P26675,14978.34543263299
P26677,14896.063313658497
P26678,15085.81359937809
P26680,13188.921262616588
P26681,14016.782925991403
P26685,15168.095718352584
P26687,15168.095718352584
P26689,12226.228978204337
P26694,14552.484479634035
P26697,164692.3133511915
P26698,14941.761708886843
P26699,14829.036209820773
P26700,15370.31403007821
P26704,15582.01873968517
P26707,15965.954460448262
P26708,161463.9470133113
P26711,162769.53878490414
P26712,15560.064315797805
P26714,15571.614117696388
P26715,15571.614117696388
P26718,15571.614117696388
P26719,163499.82264836307
P26720,140354.8316686299
P26721,163463.12245492722
P26722,173247.25871910263
P26723,162053.66268621394
P26724,162053.66268621394
P26728,10910.18375365739
P26809,14180.727435271025
P26858,15468.164268734134
P26859,15755.728819066044
P26860,161356.70875086004
P26892,11332.182507611626
P27251,13721.689071333518
P27253,13762.19910349578
P27257,14047.662522051298
P27261,13533.53822178587
P27263,12101.336534615044
P27264,11060.455512124116
P27265,11668.77364743412
P27266,11138.363018340131
P27267,11211.231116557066
P27271,13285.936890673152
P27277,14259.12145386131
P27279,14111.621851188802
P27280,13953.081894374956
P27281,12031.611023234134
P27282,14218.02332377375
P27283,13982.024724170793
P27285,14009.69882830858
P27286,13380.842167488998
P27287,13283.70106670748
P27288,13516.881109185493
P27289,16757.728418744977
P27446,13299.933596551431
P27667,11445.246311069288
P27668,11336.917588378761
P27671,11205.786010971076
P27672,11294.90788760282
P27675,11355.804688889208
P27676,11248.700368972155
P27680,11294.90788760282
P27682,11042.385515989969
P27685,239063.1798695188
P27688,13880.650454900126
P27693,14462.372286421549
P27695,160698.66699154177
P27703,11500.891382507752
P27704,11144.132283169869
P27705,11129.169513939321
P27707,11471.746744233953
P27708,11414.1073845584
P27711,11292.092470838037
P27716,14674.298940788598
P27718,14607.17501916929
P27724,13454.799524955368
P27728,14341.15907828451
P27738,14187.286959646071
P27740,13880.650454900126
P27741,14168.215005232036
P27748,11336.523260982833
P27972,15049.866027974549
P28235,11945.39137085814
P28237,138145.61372615508
P28243,14878.145415209616
P28245,14660.374468819391
P28252,15975.17278796706
P28258,15042.713367386106
P28403,10997.995164964503
P28419,11623.88576134285
P28465,15731.330921870502
P28466,16852.880868293818
P28467,15380.67859857558
P28468,12394.196978927763
P28538,12032.461349087802
P28763,13775.542998998379
P28764,13741.839382044633
P28767,13487.533242023317
P28773,11442.188488398611
P28861,15459.127335584995
P28863,15406.148906949902
P28865,167977.076414922
P28867,15604.805379044683
P28868,15571.614117696388
P28870,152800.26414609648
P28871,15520.781846988953
P28873,15423.538985187528
P28876,15183.90935756851
P28880,15343.306085815471
P28888,17143.01798676014
P28890,17203.169652174904
P28891,16369.436598757788
P28892,16008.838975103308
P28893,16569.522888638752
P28896,17450.692043872776
P28899,16078.124155829215
P28901,15890.872997865194
P28911,16887.440566018704
P28915,14317.487525531327
P28925,14375.267080781181
P28926,16388.751610079427
P28927,14286.345483785468
P28928,14933.935129979762
P28929,13596.421011502656
P28933,15021.858597073859
P28936,15161.846726462756
P28941,14627.75062733
P28943,15190.275651082993
P29184,13629.918278168558
P29196,150729.30286176002
P29198,14518.422736100518
P29199,14311.20087281273
P29200,14014.269725308577
P29202,13664.956241694354
P29203,14311.20087281273
P29208,16854.672793151934
P29209,15336.078178637677
P29210,17227.40004594446
P29213,16854.672793151934
P29215,15623.92422254769
P29216,16873.94143174833
P29219,16771.754824457894
P29221,16101.181719160195
P29231,13946.736571072013
P29233,13965.808525486049
P29235,14951.544763593338
P29307,13615.489449618573
P29346,10802.214623885824
P29353,15639.521122209142
P29355,14936.521579735147
P29356,15020.020585843724
P29357,15032.243036691889
P29358,15084.596712244007
P29359,15180.31816920075
P29360,14846.07857789475
P29361,15180.31816920075
P29364,14846.07857789475
P29365,15034.547364073285
P29368,14494.053525993066
P29369,14875.410461999849
P29370,14154.343947971178
P29371,14396.912425211547
P29376,14514.538260545312
P29381,12247.026562162071
P29383,14666.908281614144
P29389,10783.15214369185
P29390,10775.592595678543
P29579,11341.620648215006
P29580,15370.31403007821
P29581,15273.071168276785
P29583,15370.31403007821
P29584,15370.31403007821
P29585,15370.31403007821
P29628,13899.306985720556
P29632,10871.514409159094
P29653,10963.400452421494
P29654,10963.400452421494
P29657,10682.47694992807
P29710,15600.452156409008
P29726,173247.25871910263
P29727,167854.02857444738
P29728,15670.68806882383
P29748,15108.691025926953
P29750,15410.94478679801
P29751,15410.94478679801
P29786,15580.37933385881
P29787,15481.908124426982
P29788,15481.806363407077
P29789,15482.761020815975
P29790,15481.908124426982
P29791,13562.41366169631
P29882,15477.366136993842
P29887,15698.029543238716
P29915,26944.666633681274
P30021,14537.657443100812
P30022,14440.414581299387
P30044,12898.048697439597
P30051,13301.072427923944
P30054,282616.32910676603
P30329,11357.672938354955
P30336,11216.317147898539
P30446,12507.929370564969
P30580,15620.5037503349
P30581,15507.57298141906
P30582,16139.732262354775
P30584,15806.668209132038
P30585,16056.112902155457
P30761,11553.83263931448
P30768,13149.951743261596
P30836,13974.8610042157
P30964,30656.606831937555
P31127,13671.226801302055
P31152,13126.336018902384
P31154,12676.705103915223
P31177,13125.170957056627
P31266,13662.877051589125
P31308,15679.485285896455
P31309,13571.724910721501
P31310,14672.127888031782
P31312,15602.436782678647
P31313,15435.009920401455
P31314,15993.092094790989
P31331,13860.207568197317
P31332,145458.35935083928
P31333,13547.64362823539
P31340,143919.9926430509
P31341,167189.90764387517
P31342,13068.053734541416
P31343,13439.350658079773
P31346,13070.62833602032
P31349,152483.35116372298
P31351,14829.480180476421
P31352,15803.341809071397
P31355,13547.64362823539
P31356,13358.474379930336
P31396,13505.001237277093
P31433,14243.920010875683
P31438,15928.674588500966
P31440,15543.421969724479
P31441,15248.696234080684
P31442,14929.427905538492
P31443,15248.696234080684
P31473,12376.55478219191
P31477,13737.990995713137
P31493,16428.988058846742
P31501,12046.528198572363
P31502,11503.868259864303
P31505,11503.868259864303
P31574,31416.44821598501
P31578,31357.158369517118
P31610,31070.89269380211
P31611,27511.968156921437
P31623,16432.229171757626
P31627,15765.767504287018
P31629,16079.90934433468
P31632,17265.769361205887
P31633,17626.768543440834
P31634,18060.264152969154
P31637,31557.487152692793
P31640,15607.5485396604
P31642,28834.64199521801
P31644,31599.134747239677
P31647,15570.304554065619
P31680,31522.236883573274
P31683,31146.240618151907
P31684,31557.487152692793
P31690,31103.156248238272
P31830,11532.633670274849
P31832,11535.689312909684
P31833,11528.129764896374
P31835,11637.436080089585
P31836,11422.20615793965
P31837,11552.224078579322
P31838,11454.981216777896
P31839,11316.074093948524
P31840,11554.708137266847
P31841,11659.510547081583
P31844,11087.70059364184
P31846,11401.448474146371
P31847,11304.205612344946
P31849,11457.465275465422
P31850,11457.465275465422
P31853,11195.095847979297
P31854,11263.460040817758
P31855,11295.113902514013
P31858,11190.31149269928
P31860,13445.579586517177
P31869,13755.073944128495
P31873,15903.96293992116
P31874,16344.122659130519
P31876,15731.440575796965
P31877,15634.299475015445
P31878,16196.296517912322
P31879,13685.412086984437
P31881,12735.676912889701
P31883,15953.567803557637
P31885,14966.096516963327
P31887,14290.418210341777
P31888,14578.427967316837
P31891,13358.474379930336
P31894,168102.3711578398
P31895,168102.3711578398
P31896,13328.442196283437
P31928,14530.317681595126
P31976,13358.474379930336
P32014,32388.663176729737
P32065,14971.958390408652
P32126,13795.26879709469
P32564,29536.869398705647
P32570,28408.305792855954
P32581,14878.484332079932
P32625,13966.19304959243
P32901,13788.871646106594
P32918,13403.859659524507
P33013,15271.485068586871
P33017,13904.8339601217
P33089,14586.240635043587
P33191,14369.601132764437
P33395,14200.974078163314
P33532,14663.508842071651
P33533,14982.777170613843
P33534,14747.007848180228
P33681,12758.1957278077
P33682,12738.927089211307
P33683,12758.1957278077
P33704,12986.076724346636
P33943,35971.220678325524
P33945,35638.955405438246
P33971,16715.012454612184
P34002,13795.504723065114
P34078,12084.579866265729
P34082,13454.799524955368
P34083,13454.799524955368
P34087,13454.799524955368
P34088,14247.872140338623
P34090,11393.839238017938
P34091,11510.71030701201
P34094,11389.335332639463
P34095,11455.492965819145
P34096,11236.221658429136
P34100,11129.169513939321
P34101,11129.169513939321
P34102,14574.804297800538
P34103,14354.538544996069
P34104,12649.923266787724
P34105,14197.774014195738
P34106,14609.214089331794
P34107,14286.794540825476
P34108,14809.300379212758
P34109,14930.694964164228
P34110,14403.856420943366
P34112,14923.559390757404
P34113,14687.790068323788
P34115,12193.122431173186
P34117,15084.596712244007
P34119,12974.499067404746
P34120,15844.16051027555
P34124,15662.628007466461
P34125,14957.072563166343
P34126,15454.29786208715
P34127,15588.742981558138
P34128,12784.748781685152
P34130,14458.766086889758
P34133,16096.335871671272
P34134,16662.75737555367
P34135,14369.844489894045
P34137,14597.64335369872
P34138,14369.844489894045
P34140,14483.268650614396
P34149,14992.0547957556
P34150,15080.976392751312
P34151,15609.347572001501
P34152,15238.284015561014
P34156,15321.783021669591
P34157,15321.783021669591
P34158,15061.904438337277
P34161,15145.403444445854
P34164,12784.714289114916
P34165,14978.31094006275
P34166,14894.811933954174
P34167,15070.123942123084
P34168,15242.544545227374
P34173,15475.826348725293
P34179,15004.07482162594
P34180,15061.904438337277
P34181,15642.97343564819
P34182,14972.982841341563
P34183,14875.739979540138
P34184,14875.739979540138
P34185,14959.238985648715
P34186,10994.468433789512
P34188,11000.478805352832
P34191,10994.468433789512
P34193,11381.153071588493
P34194,11274.19213372383
P34196,11274.100927098678
P34197,11280.111298661997
P34198,11274.100927098678
P34201,10856.77398476704
P34205,10944.649762576439
P34208,11155.882156206202
P34209,11139.628377791394
P34210,11042.385515989969
P34211,11042.385515989969
P34212,11195.645179110448
P34213,11160.386061584677
P34214,11541.273734470547
P34216,11072.205385160449
P34217,11226.727968457055
P34219,11072.205385160449
P34220,11117.605334546848
P34222,11084.549825807064
P34223,11213.715175244592
P34224,11031.69535299819
P34228,11055.95160674564
P34229,11055.95160674564
P34233,11160.386061584677
P34235,11072.205385160449
P34236,11055.95160674564
P34237,11072.205385160449
P34238,11055.95160674564
P34255,11168.701237703857
P34256,13405.104722529508
P34260,12478.854180067512
P34261,11618.684220567602
P34262,14597.603030268861
P34263,14286.794540825476
P34265,14885.612787243925
P34266,14190.69288127835
P34268,14433.421595633034
P34271,13975.186485151313
P34272,14342.430310929
P34273,14076.55184594033
P34274,14285.346463124173
P34277,14022.298155824703
P34282,13554.14281222923
P34283,13776.85257212215
P34284,13936.617221474131
P34285,14224.62697844919
P34287,14495.255850651594
P34446,16096.335871671272
P34447,14483.268650614396
P34448,14400.986531639905
P34449,14369.844489894045
P34450,14797.729643579683
P34468,14838.30317680626
P34469,15232.759663653973
P34474,15135.618562872452
P34476,15135.618562872452
P34477,15651.207796047414
P34478,14945.868277152858
P34479,14987.543430363592
P34480,15232.861424673878
P34481,14895.036006445423
P34483,14986.37830931512
P34484,15075.588294434416
P34485,14945.868277152858
P34486,14741.060315004834
P34487,14986.37830931512
P34488,14945.868277152858
P34489,15609.53264283668
P34490,15521.609175742584
P34491,15075.588294434416
P34492,15363.152844766326
P34493,15075.588294434416
P34495,14927.513161925555
P34496,15848.81206686651
P34498,15859.508972376103
P34499,15837.598007371007
P34500,16435.36477326118
P34502,16435.36477326118
P34503,153798.45643175583
P34504,15890.247006364683
P34505,16038.322138873544
P34507,16665.733421565827
P34508,15183.90935756851
P34509,16138.035621578787
P34510,16138.035621578787
P34511,15750.330861450908
P34512,15737.90300421819
P34513,15260.142961523534
P34514,15837.598007371007
P34518,16012.183603625717
P34530,14382.405667564632
P34531,14851.686070665506
P34532,14382.405667564632
P34533,15055.534105977194
P34534,15246.186098855482
P34715,13805.350833309387
P34717,185739.51258201673
P34729,13523.070773377716
P34800,16886.297575907556
P34801,17270.980144245153
P34802,17513.70885859984
P34803,16797.375978911845
P34807,101650.67198674341
P34855,14534.436640234479
P34858,143594.2914123023
P34888,14531.929767850743
P34890,14279.13313755003
P34893,13281.266324264614
P34895,15192.873572785555
P34909,16164.62561812142
P34910,16355.55910457781
P34911,17225.699101624778
P34912,16643.56886155287
P34956,16222.505606118662
P34957,16222.505606118662
P34961,15934.495849143601
P34962,16055.833024627973
P34967,16163.826576037722
P34969,15993.400393366084
P34970,15500.806100414455
P34971,15355.320247861197
P34972,16408.6700649158
P34973,16082.321990361797
P34974,16557.97919592627
P34976,16544.057364842447
P34977,16610.95762456136
P34978,16269.969438951208
P34979,16819.77986469499
P34988,16643.56886155287
P34989,16289.041393365243
P34990,16289.041393365243
P34991,16266.637507582096
P34993,18119.07830531862
P34994,163576.9841726179
P34995,16289.041393365243
P34996,16265.671874215644
P34997,165581.67717719745
P34998,16586.571495957724
P34999,171526.2040663337
P35000,16289.041393365243
P35001,16289.041393365243
P35003,16289.041393365243
P35005,16376.96486045934
P35008,16674.294012141734
P35039,16021.31951327181
P35080,16412.123360135356
P35085,16500.046827229453
P35087,16700.133117110418
P35091,16351.971694720594
P35093,16257.31811287477
P35094,16169.39464578067
P35095,16412.123360135356
P35096,16310.29654150986
P35097,16412.123360135356
P35100,16500.046827229453
P35102,16920.38643948018
P35310,16842.048422081083
P35315,16459.662720837914
P35324,14545.117470211015
P35326,15744.573168299283
P35329,15013.297739131398
P35331,32998.020772548225
P35347,17247.06118722866
P35349,18741.72520112502
P35352,28789.72553384707
P35354,33244.1555531676
P35374,11623.88576134285
P35645,14012.039658549927
P35948,10934.440930521361
P35950,11031.69535299819
P35954,13121.323766967631
P35957,13319.647062874385
P35959,11375.250414698494
P35960,13591.10060724503
P35961,13879.11036422009
P35964,11233.305583549065
P35966,11671.257706121649
P35967,11287.554354500706
P35969,11117.188341763282
P35970,11157.536433861034
P35978,14927.513161925555
P35987,14895.036006445423
P35988,15406.011198713855
P35989,15423.538985187528
P35990,15520.781846988953
P35991,13991.04376794299
P35994,15183.90935756851
P35997,15343.306085815471
P36003,15904.662723786674
P36004,16300.200732845547
P36006,176628.82200903288
P36010,16429.91288011928
P36019,11556.257313716838
P36020,10934.440930521361
P36021,11538.17337159721
P36082,13415.37971765875
P36084,14130.099856679653
P36086,13796.750778314381
P36091,13186.458204906054
P36094,14632.681747645162
P36095,14604.29106221521
P36097,13668.415936228575
P36098,13987.68426477077
P36099,14311.20087281273
P36120,15230.911048938218
P36123,15576.424494099121
P36125,15169.232698462833
P36129,15546.08714303483
P36130,15488.501027005024
P36132,15266.373799244353
P36136,15731.22974135971
P36138,14956.198355687122
P36139,15012.931185326286
P36140,14407.19658637017
P36143,15884.890985507125
P36144,13416.485864904345
P36146,14887.902430792594
P36154,13251.928742887376
P36158,14276.735787581227
P36159,13982.01005193743
P36160,14373.978649382652
P36161,13949.5328964573
P36162,13866.033890348723
P36163,13986.358795412134
P36164,13485.665479154419
P36166,14092.943564671674
P36167,15327.494722789215
P36169,14663.483807632794
P36170,13748.20097805745
P36172,15127.40843290825
P36174,13856.729035594908
P36177,13507.860758623834
P36178,11451.454903902106
P36185,11296.365077076805
P36189,11374.154073455782
P36195,11390.997540117647
P36201,11437.686763055977
P36202,11542.489172870713
P36204,11205.922075236409
P36206,11390.997540117647
P36207,11286.195130302911
P36209,13748.20097805745
P36213,14092.943564671674
P36214,13804.933807696614
P36217,14716.743323048186
P36219,14309.833174057672
P36220,11205.922075236409
P36223,11205.922075236409
P36227,11189.668296821601
P36228,11342.927959942077
P36229,11568.859026292364
P36230,11598.392943161569
P36231,13680.72041603164
P36233,11499.600904910152
P36251,11706.294600078161
P36252,10872.957450581098
P36254,11508.711981903261
P36256,11451.979152264095
P36257,11632.93217471111
P36260,11737.615823864313
P36261,11280.111298661997
P36262,11433.370961782473
P36263,11432.99751670131
P36264,11433.370961782473
P36265,11433.370961782473
P36266,11433.370961782473
P36267,10910.346616838413
P36271,11433.370961782473
P36274,11356.381019669554
P36279,11528.129764896374
P36280,11393.607938878231
P36284,11532.163000033894
P36339,17273.245985913985
P36465,31097.925518381773
P36467,31540.740522617423
P36522,15793.746721000036
P36526,13154.920870201726
P36530,15912.903566357067
P36531,15769.754168336995
P36532,13154.920870201726
P36533,16172.764992202194
P36534,14873.573557057765
P36536,14854.50160264373
P36537,15565.48690668494
P36539,15648.985912793518
P36540,15379.322447887802
P36541,15273.071168276785
P36543,15462.82145399638
P36544,15648.985912793518
P36545,15462.82145399638
P36546,15648.985912793518
P36548,14490.757721750198
P36551,14450.247689587939
P36553,14940.975775526178
P36554,15319.889137020358
P36556,15565.48690668494
P36557,15103.668666658043
P36558,14774.570750074592
P36559,14466.101158737947
P36561,15187.16767276662
P36562,14997.417387047026
P36564,14997.417387047026
P36568,15633.942429064444
P36569,15187.16767276662
P36571,15211.261986449566
P36572,14346.454411153374
P36573,15067.520925182047
P36574,14346.454411153374
P36576,15103.668666658043
P36580,13357.2267008244
P36581,15067.520925182047
P36584,15348.51752114956
P36586,15067.520925182047
P36588,15067.520925182047
P36590,15834.028718945408
P36592,15067.520925182047
P36593,15362.246660825842
P36594,15067.520925182047
P36595,15343.174706411806
P36596,13246.820917265397
P36599,15343.174706411806
P36601,14360.198266846222
P36602,14346.454411153374
P36603,15081.264780874895
P36604,14984.02191907347
P36605,14984.02191907347
P36606,15362.246660825842
P36726,12009.621860206013
P36766,12992.323167489612
P36815,13553.629184734464
P36818,13587.33280168821
P36834,13387.349028306708
P36885,15092.098558015994
P37189,14711.007309212115
P37226,14463.26367209854
P37227,14463.26367209854
P37228,14379.764665989962
P37232,166260.49912900248
P37233,14629.36325772325
P37235,165623.95250255737
P37236,14161.37736818651
P37238,164396.74022120066
P37242,13785.290489881205
P37246,14102.39784262517
P37247,163373.268093961
P37248,14629.36325772325
P37251,14382.405667564632
P37252,168124.75020727486
P37258,14433.33969929197
P37259,14463.26367209854
P37260,14826.542387040547
P37261,14433.33969929197
P37262,14678.467254531686
P37268,15055.534105977194
P37269,14678.467254531686
P37271,15591.313998613934
P37273,14835.97175453027
P37274,15443.238866105074
P37276,15591.313998613934
P37278,15240.093112411923
P37281,15591.313998613934
P37282,16069.812035402234
P37284,15055.534105977194
P37285,15591.313998613934
P37287,15811.021566853697
P37289,16577.87448565924
P37293,15492.979626231734
P37300,184209.5856175574
P37301,186828.41724909318
P37307,15599.53935766119
P37308,16325.130609538212
P37309,16300.775868113336
P37312,15978.338685223745
P37315,17045.738175720035
P37316,16324.671661691364
P37320,16897.663043211174
P37324,16031.223392168258
P37327,15328.372642067821
P37332,16001.740838978183
P37333,15724.067086164492
P37335,15445.775013392873
P37337,14582.024357828084
P37338,14365.622243304437
P37364,16601.795784048227
P37383,174957.27022189437
P37385,15932.42909106639
P37387,15715.376779255876
P37390,15420.834980321926
P37391,15323.5921185205
P37394,16665.503544846877
P37397,163735.9382941076
P37399,165145.39806282087
P37401,12954.089739313788
P37405,168985.39818147523
P37407,166057.69300241204
P37409,14462.3437599079
P37412,14452.422608832174
P37413,14462.3437599079
P37414,14249.79568910419
P37415,15051.77236054647
P37417,14249.79568910419
P37418,14629.36325772325
P37512,12960.15293813023
P37519,13169.277212165813
P37524,13258.49801970131
P37535,128125.0309214129
P37537,13011.334833777191
P37538,12954.089739313788
P37541,12119.8905892299
P37542,14940.841796696204
P37543,13439.350658079773
P37544,12285.208841901542
P37558,14230.3266211671
P37560,13328.442196283437
P37568,218054.5381913334
P37570,13258.49801970131
P37573,13258.49801970131
P37574,13266.520073967238
P37575,13258.49801970131
P37579,14057.783319334276
P37580,261398.45514055766
P37581,14559.484860689421
P37582,14495.280962779705
P37583,167575.93841276196
P37587,16152.125600336687
P37592,16124.225724589442
P37595,16706.597660643074
P37597,14930.389430771924
P37599,14678.467254531686
P37600,166057.69300241204
P37602,15443.238866105074
P37603,166057.69300241204
P37607,14249.79568910419
P37608,168124.75020727486
P37610,14285.26456678311
P37611,14610.094619126856
P37614,13549.187879985366
P37617,14638.607247937298
P37620,14582.024357828084
P37624,15585.3503850371
P37627,14582.024357828084
P37631,14276.601716674697
P37632,15376.191802990186
P37634,15293.909684015694
P37636,16153.404661362136
P37640,16341.875886056281
P37643,16609.653286236113
P37652,191609.46225407388
P37655,15196.096117384674
P37659,15245.56904937619
P37688,15724.23079922954
P37701,13804.335896996468
P37740,15574.653479527507
P37744,14582.024357828084
P37745,14582.024357828084
P37752,14321.1214370254
P37753,13523.800113949905
P37762,15921.736902893374
P37763,15323.5921185205
P37764,14271.24345666697
P37766,16546.187601220823
P37776,178127.41090865014
P37779,178810.22038338965
P37786,190130.6048330025
P37788,180968.20643528926
P37789,185730.5026512514
P37791,182573.8584849706
P37793,15913.817371884084
P37797,181894.7298541424
P37807,15032.612968965725
P37812,15913.817371884084
P37813,15913.817371884084
P37841,14555.745171725972
P37844,14570.018245338299
P37845,15032.612968965725
P37848,15995.3884849085
P37852,15118.743203426939
P37862,13523.070773377716
P37868,13982.300171569623
P37869,13563.600673997642
P37871,13906.48441804454
P37872,14001.568810166016
P37889,11348.955696660141
P37904,12710.212165116003
P38035,216706.79755613493
P38144,188067.1829533335
P38166,14353.227665994558
P38167,13553.629184734464
P38206,14003.970804254626
P38235,13865.84706509501
P38239,13306.51741131883
P38349,12563.072094068924
P38350,12540.876814599513
P38352,12669.211656685315
P38389,13284.126187481756
P38392,12407.518325569637
P38393,12563.072094068924
P38918,14564.45422533227
P38925,227643.72644555455
P38926,233588.2533346908
P38939,14647.988430795293
P39206,14357.722467269301
P39451,233588.2533346908
P39531,34178.82761145501
P39536,35058.00461136679
P39606,12797.525943012486
P39665,12258.193802790354
P39668,12834.918570222882
P39670,12380.728211166523
P39672,13305.124156066882
P39674,12657.982981285757
P39676,15463.313799270945
P39677,15751.323556246005
P39678,15463.313799270945
P39682,14312.88352905722
P39683,15162.89032892916
P39690,16289.041393365243
P39691,12974.356561133112
P39693,14855.808617540064
P39694,14953.05147934149
P39695,14620.159649197189
P39700,14293.811574643185
P39701,14704.034797025644
P39707,15793.994959062222
P39708,15839.276001682598
P39709,14587.000433290952
P39710,15194.278518808207
P39714,15360.332758251147
P39717,11280.111298661997
P39719,11517.200230803344
P39722,11280.111298661997
P39724,13326.94404698494
P39725,11447.911578373205
P39726,14957.881011931613
P39728,12531.9972976613
P39730,15270.433361805071
P39731,14760.398138089244
P39737,15795.582738394121
P39738,15795.582738394121
P39739,16038.311452748807
P39740,15507.57298141906
P39741,14838.23426434704
P39742,14921.733270455617
P39743,15507.57298141906
P39745,15750.301695773745
P39746,15254.74545469066
P39750,13556.927558984582
P39751,15061.576629101202
P39752,14185.302218890914
P39754,15157.502592889234
P39755,15254.74545469066
P39756,15542.755211665719
P39757,15838.225162867842
P39758,15595.496448513157
P39759,15750.301695773745
P39760,11685.136406880505
P39761,11356.381019669554
P39762,11524.603452020583
P39763,14351.929299477644
P39766,14416.579146226812
P39769,11536.983564130422
P39771,13915.844409993722
P39772,11593.716393769586
P39773,11433.370961782473
P39776,11661.74446208916
P39778,14512.505110014841
P39779,15245.426059983329
P39783,11948.707572374322
P39785,14386.969133610608
P39788,11136.596130049344
P39789,11016.343112272598
P39790,12405.330936801156
P39801,13591.219353885506
P39808,11415.924133864399
P39814,13143.004409375626
P39816,14247.034509144407
P39823,14346.957177603781
P39825,13879.949633978773
P39832,13139.805777293244
P39846,11184.216472469663
P39853,11268.061699885253
P39856,11265.577641197724
P39929,30153.477800090117
P39936,34080.18917641465
P39938,35973.490465202136
P39946,33001.42683881291
P39950,28808.93702277428
P39975,31515.282821938254
P39977,32358.167035798037
P39979,32663.162290727905
P39981,32111.586118390747
P39983,33476.463396962565
P39985,33188.4536399875
P39986,32886.43507916493
P39989,15543.872497396096
P40003,32969.934085273504
P40004,32956.14579619253
P40006,15543.872497396096
P40013,14777.528416697782
P40014,16815.988477233375
P40015,16728.065010139275
P40016,15543.872497396096
P40110,14868.321693358204
P40119,16044.822905414367
P40123,16579.989877630418
P40125,15589.153540016472
P40141,161554.65895667826
P40147,15896.747772905506
P40149,13824.171543735214
P40154,16616.58284325892
P40189,14023.162544156849
P40192,13780.433829802163
P40193,15125.181629163273
P40195,14777.878691517808
P40204,14427.808302987982
P40205,14904.914658986705
P40208,14607.34181483083
P40214,12024.437722208133
P40215,14694.522914550933
P40216,15158.594985867958
P40217,15759.170795672346
P40227,14246.12232461358
P40235,15532.214534343682
P40242,15169.46845814837
P40250,14866.315418985427
P40260,15500.662649290838
P40263,14979.070544222255
P40266,16227.399954354289
P40267,152628.12445984618
P40272,16637.62200829888
P40279,15675.251524084217
P40286,15222.207162056115
P40288,16136.488852777926
P40290,15379.019410826462
P40296,16489.54687579002
P40327,15389.406113848761
P40340,14869.447440387241
P40354,15565.785996080576
P40356,14894.865156320824
P40367,17679.212240831876
P40372,17931.02383450757
P40378,15042.940288829685
P40388,17591.28877373778
P40389,17568.82702955966
P40623,16417.736306225393
P40654,15140.05984342827
P40661,14596.547409858244
P40676,17894.61458141515
P40681,19301.639747523608
P40683,164575.32438840283
P40696,18228.974195633753
P40704,15205.347963920996
P40712,16489.54687579002
P40715,16637.62200829888
P40728,18030.320138760013
P40790,16217.750130040682
P40920,11476.870771893891
P40921,11272.591585270156
P40922,11539.745368036298
P40924,11515.927854807389
P40925,11500.96508557684
P40926,11368.262450632494
P40928,11268.48240008667
P40977,14456.746495336427
P41092,35627.4113638509
P41127,15645.640581748014
P41166,13891.414177346487
P41233,31659.176930339694
P41236,31511.101797830834
P41237,30770.60686613809
P41238,31583.90797237275
P41242,15406.787787556092
P41244,15553.696219247508
P41332,16155.272508944952
P41333,16282.30847641385
P41346,17407.93683624066
P41355,17046.93765400571
P41433,17525.728614314925
P41511,16417.79176309663
P41524,15507.055038776545
P41625,14723.264214153452
P41730,11653.500175518264
P41738,14057.180369343629
P41740,11642.77853425055
P41742,11192.795551386806
P41744,11192.795551386806
P41752,11464.856210118021
P41754,11562.267685280158
P41755,11659.510547081583
P41757,11457.465275465422
P41759,11457.465275465422
P41760,11789.667015676536
P41761,11659.260403401631
P41762,11559.783626592629
P41765,10934.440930521361
P41767,11454.981216777896
P41770,11659.260403401631
P41771,11430.886903094948
P41796,11297.597961201542
P41797,11562.267685280158
P41798,11192.795551386806
P41799,11297.597961201542
P41800,11297.597961201542
P41801,11192.795551386806
P41803,11192.795551386806
P41804,11421.169051693489
P41805,11192.795551386806
P41811,11524.858015991236
P41814,11530.613823583899
P41815,11430.886903094948
P41817,11433.370961782473
P41818,11635.416233398635
P41819,11528.129764896374
P41821,11639.92013877711
P41822,11535.117728962374
P41823,11530.613823583899
P41827,11478.384899323208
P41828,11862.67628818833
P41839,11642.458439358494
P41841,11763.49122926906
P41844,11537.656029543758
P41855,11540.711672178593
P41857,11438.393321051386
P41858,11552.224078579322
P41861,11657.026488394054
P41863,11533.152124165286
P41874,11046.159452040814
P41877,11453.79785236804
P41889,11412.30104705026
P41891,11487.288857458889
P41892,11589.6072085861
P41895,11744.024554660036
P41900,11521.863921366681
P41901,11540.711672178593
P41928,11061.122221271364
P41931,11063.606279958893
P41934,11523.21060236666
P41936,11430.886903094948
P41938,11433.370961782473
P41948,11063.606279958893
P41952,11389.222642067001
P41954,11516.617358495649
P41959,11715.252706107163
P41961,11364.836090325358
P41962,11469.842029540814
P41974,11528.129764896374
P42054,13413.180714031689
P42061,13155.203140703527
P42064,13413.180714031689
P42102,27280.2762053533
P42120,26893.880615558082
P42129,28416.54849196002
P42190,30241.347675086174
P42296,13871.488099004911
P42297,14070.060984349964
P42298,159302.24618037778
P42299,14016.782925991403
P42301,158896.72134886152
P42302,14462.3437599079
P42303,13493.379988302606
P42304,14016.782925991403
P42305,12954.089739313788
P42315,14559.403155316402
P42318,13573.666917209115
P42323,15200.809767439563
P42324,15475.915423835326
P42325,14849.342254538165
P42326,15200.809767439563
P42334,14426.26265914583
P42336,15192.770452909193
P42339,13902.85972145703
P42343,14278.615902634345
P42345,14904.5825319918
P42347,14821.287118599086
P42353,14000.444566474407
P42382,12430.139208255518
P42385,14163.524419438107
P42395,13782.647998020946
P42396,13922.67339332534
P42486,10866.197313924331
P42571,10927.44675317072
P42688,25512.137734853397
P42745,16308.102577532853
P42797,18691.82097574504
P42818,18512.001792072013
P42820,17856.08059950901
P42821,17063.396165293743
P42826,17755.455657981198
P42827,17747.06646743358
P42838,17328.22046221656
P42846,17705.407668338034
P42848,17127.974829799503
P42850,17368.14826571803
P42851,18205.304433915095
P42854,17836.287274969076
P42856,16838.683118601235
P43126,176409.39988272238
P43212,179274.00645328203
P43476,30849.927442291144
P43491,30148.32881631995
P43495,31039.677728010738
P43546,14935.399105952058
P43627,99564.31046000136
P43846,13259.377490331215
P43866,13593.73916542482
P43933,108841.78121604859
P43962,33276.858859486005
P43987,34261.071951203056
