pipe_id,predicted_cost
P01002,1551.8962
P01054,1398.1056
P01066,1265.5265
P01078,10287.303
P01112,1545.7853
P01140,4614.7344
P01148,1639.0962
P01161,7359.7725
P01166,2912.1611
P01238,2214.5017
P01317,4138.807
P01350,1534.0482
P01380,8782.434
P01452,4080.771
P01571,1770.396
P01689,7826.323
P01720,3284.361
P01767,3514.4194
P01803,2281.7795
P01805,19764.422
P01813,2284.848
P01815,3948.7114
P01836,805.23224
P01838,3625.5024
P01846,4112.322
P01922,13891.872
P01959,1405.5969
P01978,3719.3955
P01986,14127.458
P02000,8350.418
P02031,3607.4148
P02032,4856.107
P02062,7740.889
P02085,1702.1962
P02099,2183.9167
P02155,3821.249
P02191,6315.203
P02227,10092.235
P02245,1037.0293
P02246,1254.2941
P02316,4646.475
P02318,2589.1975
P02364,8457.134
P02365,2482.066
P02410,1342.5481
P02412,6189.4937
P02432,1254.193
P02545,7545.6553
P02600,6184.047
P02649,3074.3872
P02663,2510.0718
P02665,1554.4583
P02666,1606.2131
P02667,2344.509
P02670,3119.2327
P02674,1178.4359
P02707,1087.5164
P02708,1303.8264
P02717,1476.6252
P02728,8003.3433
P02764,1730.4609
P02864,2520.0203
P02878,4753.87
P02908,567.82733
P02912,4711.934
P02914,1324.9603
P03008,8753.841
P03057,1715.4727
P03076,1462.9963
P03259,5005.6978
P03314,5158.1826
P03349,7246.615
P03371,9025.867
P03387,2661.724
P03388,2513.2864
P03402,6678.319
P03412,3960.7231
P03485,40679.16
P03490,4292.095
P03493,767.0953
P03591,1135.6515
P03655,1346.6077
P03702,4451.8325
P03704,6954.375
P03791,3695.4314
P03798,3605.12
P03881,10920.6875
P03884,10992.908
P03917,46349.31
P03986,7231.7627
P03988,2408.4097
P04074,15982.645
P04076,11837.116
P04147,14907.018
P04152,2957.4102
P04184,2163.8372
P04186,1902.3379
P04221,10041.588
P04224,2106.3647
P04249,887.57196
P04262,3230.3894
P04289,8951.367
P04293,5708.981
P04305,3099.0222
P04306,3672.0806
P04308,3416.5972
P04311,8308.043
P04416,11058.358
P04417,5317.0713
P04467,7620.8403
P04495,1866.449
P04496,5039.4106
P04521,5524.117
P04535,1992.2947
P04581,3230.26
P04600,4220.1875
P04698,1276.9856
P04701,4118.5913
P04707,2572.23
P04752,3211.4773
P04754,5307.3174
P04801,1304.6946
P04860,1355.6339
P04861,1983.07
P04862,1267.079
P04865,6369.4546
P04868,5360.1416
P04869,6908.229
P04986,3666.9805
P05007,1247.0151
P05036,1100.4083
P05040,17630.729
P05042,6540.1587
P05043,1436.8601
P05047,4457.956
P05055,1555.295
P05060,389.71634
P05103,1599.3855
P05106,3506.6702
P05128,12736.587
P05134,2804.8123
P05139,4240.226
P05140,8402.221
P05163,102249.61
P05168,21205.05
P05229,982.33954
P05323,3592.826
P05402,2655.064
P05432,3876.6672
P05435,1616.2896
P05447,2309.1772
P05448,728.9236
P05458,2980.9873
P05476,1931.2512
P05486,1043.8276
P05504,4061.536
P05551,4667.6514
P05560,25725.656
P05575,16699.025
P05576,17622.324
P05594,3699.1243
P05608,4927.6714
P05758,3705.0466
P05769,4081.7288
P05800,2561.3718
P05828,3123.5981
P05834,16914.71
P05924,4274.4404
P05925,12375.012
P05970,7198.6333
P05978,1692.0664
P06017,6258.5
P06030,9141.153
P06072,4151.8125
P06077,4617.0903
P06124,8037.86
P06182,5171.9478
P06184,2198.0793
P06189,3356.6948
P06193,2124.454
P06200,12664.55
P06235,7645.937
P06245,1880.8838
P06287,2621.839
P06292,46711.992
P06302,39223.016
P06312,1482.6024
P06314,5336.226
P06315,1742.3668
P06331,1312.1259
P06370,2023.09
P06425,8811.607
P06437,6298.1675
P06454,5496.308
P06764,5389.6104
P06802,6932.692
P07084,4218.533
P07090,4039.2578
P07131,3674.5266
P07177,10200.436
P07302,13014.112
P07333,16243.163
P07468,3748.389
P07632,2596.8442
P07949,5836.752
P08016,2002.596
P08140,2028.2959
P08142,5184.2266
P08275,3634.9946
P08337,21785.174
P08398,2397.4856
P08496,5294.853
P08497,77520.26
P08525,8394.883
P08540,5070.172
P08551,6283.8022
P08940,6599.35
P08942,99591.53
P09041,6289.091
P09042,1305.8002
P09096,2785.292
P09568,3346.9617
P09724,3282.2688
P09725,3299.18
P09897,3280.0652
P09898,2987.2874
P09900,3217.5674
P09901,3149.258
P09902,3273.3945
P09904,3154.183
P09922,1914.7267
P09924,2797.7822
P09925,3806.1187
P09929,2835.2302
P09932,5859.8013
P09939,3403.2668
P09941,2680.6484
P09942,2883.3157
P09943,4027.7498
P10039,5582.7397
P10058,1801.1953
P10059,3218.5437
P10064,3226.478
P10077,22270.191
P10219,20861.057
P10438,2639.9988
P10451,3354.4958
P10490,15169.595
P10724,21749.115
P10787,3058.6602
P10815,1635.299
P10818,2316.4702
P10819,2382.0532
P10820,2421.8408
P10822,1968.5283
P10823,2422.2625
P10828,2199.1104
P10829,2402.4944
P10830,4803.587
P10831,2898.0957
P10833,2161.3982
P10843,31337.719
P10868,2724.4685
P10977,2607.701
P10979,87092.1
P10980,52056.37
P11003,1415.358
P11218,13737.245
P11352,4917.595
P11353,1930.8275
P11401,12152.571
P11418,3222.9158
P11581,22806.602
P11624,2471.1272
P11634,2761.7693
P11647,2213.5122
P11694,38353.914
P11769,2736.81
P11775,3510.1309
P11818,1976.1774
P11819,3102.14
P11822,2387.6392
P11823,2277.1428
P11838,2119.6536
P11900,4185.8364
P11902,5381.3145
P11948,1769.034
P12004,3143.696
P12005,4009.17
P12011,3318.9377
P12012,3569.0334
P12013,19818.84
P12025,3029.6284
P12041,71154.76
P12045,2256.1882
P12134,2839.824
P12139,26257.824
P12142,17608.564
P12144,255033.94
P12147,29540.166
P12249,2532.848
P12253,2105.2898
P12254,2347.9272
P12256,4154.007
P12257,2274.7422
P12262,2710.5605
P12266,3599.7524
P12300,2608.7747
P12302,2586.7334
P12320,2419.0708
P12340,1543.0903
P12347,2724.5894
P12349,2244.808
P12367,4082.9983
P12368,2656.569
P12374,4294.4175
P12403,2784.5176
P12404,2285.8662
P12405,3205.9888
P12556,3200.8577
P12654,16404.86
P12656,35909.457
P12675,2529.466
P12680,22205.04
P12681,20384.299
P12692,23533.465
P12988,1577.6864
P13007,21529.12
P13008,24984.834
P13049,1744.4712
P13296,3190.1973
P13439,2339.766
P13498,1879.5687
P13507,19311.436
P13509,24863.96
P13511,4444.263
P13512,18522.732
P13513,5782.242
P13514,2974.0493
P13518,3117.8403
P13521,36545.06
P13532,22059.922
P13533,21603.268
P13536,28927.541
P13547,2184.347
P13550,3192.3772
P13551,2748.6963
P13613,2032.7821
P13706,67541.93
P13709,17934.574
P13743,2604.223
P13775,2325.3818
P13783,15215.876
P13786,2253.0454
P13787,2468.0242
P13788,2158.2927
P13789,3496.359
P13790,2331.9905
P13839,8663.999
P13855,22150.215
P13858,12886.61
P13881,2875.5059
P13911,2161.8066
P13912,2692.2778
P13913,2855.4775
P13914,2537.3865
P13919,3348.2263
P13946,2497.213
P13947,2972.122
P13949,2561.3523
P13951,2941.5068
P13953,5608.487
P13955,2437.8562
P13966,4599.3843
P13967,2521.4607
P14005,2693.8555
P14006,21016.62
P14057,2440.5615
P14074,3598.9695
P14075,2774.5142
P14076,2482.671
P14078,2454.289
P14081,2463.2712
P14124,1645.6049
P14125,1715.3589
P14126,1974.029
P14143,2651.786
P14183,2029.6201
P14184,4206.9
P14292,3012.1152
P14336,1739.4954
P14337,2707.3972
P14355,2433.1113
P14362,3066.7651
P14363,6744.6187
P14369,4088.0022
P14372,3371.1355
P14376,2776.1833
P14377,2595.1155
P14378,3207.1482
P14390,3806.2568
P14391,1786.2678
P14394,3002.1807
P14395,3418.6086
P14415,2324.2317
P14417,3962.711
P14418,2884.606
P14420,4582.476
P14443,1886.9381
P14480,3886.3274
P14486,4084.0498
P14489,2932.1953
P14525,3632.5923
P14601,1808.5061
P14611,3224.758
P14613,5508.9365
P14618,2168.4575
P14636,2508.1533
P14675,2753.4888
P14677,2304.8257
P14680,1930.1063
P14681,2273.3157
P14686,2548.4736
P14687,3868.0605
P14740,4053.8914
P14741,2090.9204
P14778,1811.2952
P14779,3308.7615
P14789,3124.349
P14817,2390.0698
P14847,2313.6694
P14848,3698.1787
P14858,3596.7695
P14859,2729.8555
P14866,4731.337
P14868,2201.1257
P14869,4124.17
P14870,4254.082
P14872,2102.1594
P14873,2284.8325
P14895,2703.0022
P14900,2091.092
P14903,5916.712
P14905,2668.0955
P14907,6801.884
P14908,5322.6636
P14909,6281.13
P14910,5126.276
P14912,3333.6262
P14914,3542.7483
P14915,3106.2532
P14917,4037.7053
P14919,3212.6477
P14954,3228.92
P14993,3706.39
P15013,73536.25
P15016,3547.96
P15024,2032.2051
P15044,4083.5786
P15079,29197.225
P15187,3605.354
P15242,25548.904
P15245,20255.56
P15257,19206.795
P15447,6492.9697
P15457,2412.9785
P15464,15457.703
P15465,15872.452
P15467,1770.1915
P15468,2601.3447
P15469,2712.3533
P15470,2548.6682
P15471,13853.607
P15481,2791.0603
P15482,2206.361
P15484,2626.9468
P15485,1782.5015
P15489,2769.0046
P15490,1470.4141
P15491,2066.7874
P15492,2950.6255
P15501,3353.4526
P15513,3463.6562
P15514,2375.3142
P15515,5549.5303
P15516,2240.3706
P15517,2078.5918
P15518,2093.797
P15524,2022.5862
P15526,2730.0508
P15528,3071.0015
P15530,2347.2283
P15531,3663.9768
P15535,3294.302
P15540,2238.1838
P15664,1960.2662
P15730,1724.8378
P15804,1823.2817
P15810,3168.0913
P15834,4102.1587
P15835,2383.366
P15837,4710.6895
P15838,3901.0322
P15839,4494.1323
P15840,2680.4565
P15848,2645.9382
P15885,21275.89
P15943,2024.3276
P15944,23354.662
P15945,2397.5828
P15979,2031.5323
P16166,6099.078
P16237,2697.3079
P16238,2484.4172
P16240,2862.6785
P16241,3688.1028
P16246,2460.8882
P16248,2060.2468
P16250,2046.1243
P16264,2485.6904
P16278,1560.299
P16300,2410.2544
P16311,2801.6619
P16316,3153.3647
P16363,2999.172
P16398,1384.6113
P16399,2873.6548
P16424,3718.803
P16426,3208.4885
P16433,2634.074
P16541,2939.6035
P16557,3028.6055
P16692,2439.691
P16823,3035.6692
P16824,8013.502
P16826,3441.6907
P16840,1854.9849
P16895,22209.762
P16924,13950.451
P17055,16161.388
P17060,37339.65
P17123,3496.8892
P17168,25757.031
P17169,24029.498
P17172,16102.308
P17183,2385.0142
P17238,19044.11
P17498,1199.0282
P17552,2511.0696
P17600,1987.3499
P17675,10783.784
P17678,12677.033
P17693,2998.2852
P17694,3344.2266
P17729,2631.704
P17749,1676.0216
P17753,3058.7302
P17761,4132.566
P17812,1591.8286
P17874,2770.795
P17880,3293.5447
P17889,3024.67
P17931,2661.333
P17932,3775.71
P17935,8031.6064
P17936,2304.5442
P17938,3600.3499
P17939,4678.5103
P17940,2287.2144
P17941,3186.365
P17942,3193.4707
P17943,4858.711
P17944,4983.82
P17945,3355.52
P17946,2834.2878
P17948,4260.5513
P17950,4489.2866
P17952,3106.413
P17953,2480.714
P17954,7293.9634
P18057,4239.6562
P18305,2067.6414
P18351,2172.8523
P18376,1796.2334
P18377,1216.6089
P18378,1502.9858
P18414,2871.2969
P18415,2313.506
P18454,1708.4905
P18455,1731.7305
P18456,1749.4889
P18457,2031.3647
P18595,1458.5667
P18657,2798.2695
P18658,5987.519
P18659,3438.9963
P18662,2429.6309
P18691,1790.1411
P18711,2365.5803
P18779,5596.0146
P18798,19927.045
P18807,5019.4727
P18816,2851.4976
P18818,3124.6025
P18822,3015.5166
P18842,19814.059
P18843,33189.402
P18868,3384.6082
P18896,2270.4502
P18929,23951.523
P18934,18907.021
P18939,16271.584
P18944,2214.0613
P18945,2382.359
P18946,2042.3793
P18950,3737.3884
P18986,17784.512
P18988,17974.746
P18990,22956.785
P18991,21497.932
P18992,20134.49
P18993,18613.295
P19024,2477.9133
P19026,1448.9343
P19102,3723.1123
P19103,3138.1409
P19104,4152.882
P19106,2280.1506
P19129,1423.8146
P19133,1388.0195
P19165,3097.0154
P19167,1902.1064
P19177,2015.9229
P19178,2088.694
P19180,1710.9172
P19181,1913.0985
P19183,1747.8036
P19184,2218.0945
P19189,1912.3959
P19191,2300.5437
P19192,2674.6797
P19300,16463.855
P19306,21960.4
P19309,22349.129
P19316,22764.965
P19321,3552.0237
P19322,20329.162
P19323,18753.975
P19325,16709.684
P19333,20892.516
P19338,34061.918
P19340,27788.043
P19341,24850.969
P19349,31067.428
P19350,16721.656
P19352,28140.666
P19353,29535.969
P19355,31065.709
P19361,28461.18
P19364,20553.57
P19423,3204.353
P19445,1115.2395
P19468,2343.182
P19494,2598.335
P19499,1743.5186
P19515,4625.055
P20039,3189.89
P20108,2503.6765
P20112,2291.256
P20116,2660.9128
P20161,3027.1091
P20162,2930.46
P20163,3135.8694
P20165,1834.5712
P20169,2968.3801
P20170,1979.99
P20178,3429.5251
P20179,3017.888
P20199,2901.785
P20205,2588.0999
P20275,2562.4167
P20276,2211.8179
P20281,6757.581
P20284,2360.3467
P20285,3793.215
P20287,2760.385
P20293,3834.4565
P20295,2344.6646
P20296,5099.7007
P20298,3334.9333
P20300,3037.7869
P20301,2454.3992
P20302,4680.028
P20303,3738.4868
P20304,2667.477
P20305,2134.102
P20319,3619.6658
P20320,2402.7969
P20321,2398.8618
P20323,2903.3523
P20324,2783.0916
P20326,5163.622
P20327,2551.079
P20328,2332.154
P20329,2344.2273
P20332,5064.8647
P20333,2044.4459
P20335,1866.3982
P20337,2112.2917
P20338,2089.6628
P20339,2690.7874
P20340,1702.508
P20341,4232.431
P20342,3173.0425
P20343,2139.112
P20344,2110.7908
P20345,2460.7825
P20347,3081.5225
P20422,3792.5894
P20444,3109.6035
P20534,2726.307
P20535,1681.1088
P20536,2125.8877
P20545,2509.363
P20549,2396.59
P20571,3718.4023
P20572,2914.8433
P20574,5642.7485
P20577,3560.7222
P20578,2557.0234
P20580,4341.5786
P20582,3488.7825
P20584,3173.3787
P20585,4566.336
P20589,1957.1488
P20590,2655.0515
P20592,2305.3315
P20610,4560.481
P20625,1982.5411
P20626,2317.5347
P20657,21514.67
P20658,19654.29
P20699,2738.406
P20700,4048.4927
P20701,2699.3853
P20702,2174.4368
P20704,3620.1387
P20706,2530.0151
P20707,1536.2428
P20709,2532.6282
P20711,2123.0845
P20712,2123.5828
P20713,2162.864
P20714,2345.752
P20715,2556.8477
P20716,2136.5063
P20717,2013.104
P20722,2501.4536
P20723,2583.9746
P20791,15175.325
P20807,1901.3235
P20808,1971.9846
P20839,132436.0
P20841,128460.17
P20862,5881.1914
P20892,1879.7839
P20897,1662.7599
P20898,3384.0366
P20899,2983.485
P20917,96390.695
P20925,1356.7095
P20945,2571.0732
P20959,2635.6301
P20960,2030.5431
P20961,4395.4165
P20962,126149.47
P20966,60489.84
P20967,72954.305
P20969,3253.5447
P21039,2128.575
P21040,1993.5107
P21041,2011.4144
P21044,2422.629
P21046,1686.0095
P21047,1616.0859
P21142,2231.6824
P21143,3145.034
P21181,2323.0735
P21195,2420.9734
P21313,2430.8782
P21314,2704.204
P21315,3535.8572
P21329,1732.7644
P21372,27260.146
P21376,1594.8864
P21449,3736.0303
P21450,3182.9624
P21453,3517.438
P21454,2063.0264
P21455,4004.0447
P21456,2883.6333
P21460,3481.515
P21462,2743.1897
P21463,87030.664
P21465,90456.97
P21467,3212.3015
P21469,3058.666
P21472,2180.1462
P21501,62376.94
P21513,58723.246
P21550,3409.5645
P21551,3846.1829
P21556,5165.4204
P21583,15845.499
P21584,2280.1821
P21586,2424.9956
P21587,2581.9355
P21612,2548.864
P21623,5440.85
P21625,3252.8618
P21626,2514.693
P21630,2281.4062
P21632,1973.7814
P21636,2018.6984
P21637,2397.665
P21638,4095.758
P21639,2413.3804
P21648,4479.73
P21691,3533.635
P21692,1909.7336
P21694,4134.4546
P21696,3601.0713
P21697,3102.329
P21708,2652.1362
P21711,2361.5483
P21713,20554.197
P21728,2852.673
P21729,5051.3604
P21732,3394.6125
P21735,6241.7603
P21736,5825.789
P21737,4054.3167
P21742,3312.8452
P21750,2567.1821
P21759,2957.4978
P21760,2229.3901
P21762,1632.928
P21763,2172.9622
P21765,2138.059
P21767,2524.1697
P21768,2532.668
P21807,19419.777
P21808,19348.307
P21814,19173.174
P21816,3704.2056
P21817,2881.8389
P21819,3814.333
P21822,2919.3726
P21825,2000.9332
P21827,2770.9297
P21828,2905.34
P21829,4509.7163
P21831,3672.2383
P21833,2712.3674
P21869,2321.5479
P21886,4761.422
P21938,3501.0415
P21940,1895.0531
P21942,2253.542
P21944,1959.7155
P21946,2643.4668
P21947,3380.9165
P21950,2727.9106
P21952,2727.9106
P21966,2060.5732
P21967,2143.2847
P21970,2684.198
P21971,2528.1704
P21973,1965.5994
P21977,3610.7612
P21983,4245.986
P21984,4995.5234
P21985,4543.625
P21986,4543.625
P22017,2147.223
P22032,2686.628
P22036,2490.545
P22052,2268.1572
P22053,1844.6222
P22077,2200.9565
P22082,2278.3076
P22083,2497.637
P22084,3783.0718
P22086,2228.0337
P22087,2038.8055
P22362,2696.3545
P22365,2685.4863
P22366,2336.1414
P22465,3548.2747
P22474,3782.094
P22476,3901.7915
P22701,4469.3286
P22738,3076.3264
P22827,43899.965
P22894,22464.59
P22895,21858.37
P22908,2794.8892
P22910,3293.1458
P22912,180041.0
P22914,108100.62
P22916,16802.965
P22917,19323.799
P22918,22356.633
P22919,23196.633
P22920,18755.566
P22922,19818.217
P22926,23792.154
P22972,3215.6895
P22981,2284.4348
P22998,3465.0344
P22999,3145.364
P23000,2896.1707
P23002,3530.9058
P23003,3076.4087
P23007,3159.0435
P23042,2483.3271
P23044,5157.5234
P23047,2323.1023
P23064,2246.8662
P23091,2414.343
P23121,2226.8499
P23149,27648.598
P23201,3027.4067
P23206,26877.588
P23212,17737.438
P23220,26534.184
P23259,5815.9946
P23274,27089.406
P23314,1974.6045
P23319,90336.36
P23320,114806.43
P23321,122893.66
P23322,84315.18
P23323,93829.07
P23324,107488.44
P23460,1733.2266
P23619,2480.1697
P23620,2632.5251
P23621,3541.3628
P23623,2526.461
P23625,2650.7778
P23626,2053.5593
P23627,2015.068
P23628,2180.655
P23630,3707.1643
P23631,2053.534
P23634,3136.5994
P23635,1990.1099
P23638,3671.7654
P23639,2425.3682
P23641,3314.9224
P23737,2954.2688
P23779,3129.086
P23895,2308.6277
P23933,890.65466
P23952,2331.937
P24047,1652.0084
P24070,2972.8665
P24080,105516.12
P24082,2584.9006
P24128,1334.8955
P24161,2684.7307
P24162,3275.85
P24163,6507.8564
P24164,2869.3347
P24166,3438.734
P24169,2643.3418
P24171,5459.0186
P24229,3105.142
P24253,2686.037
P24266,4027.9072
P24272,2575.115
P24317,2362.0203
P24339,1679.6119
P24341,2938.235
P24346,2632.0417
P24382,1430.272
P24419,2528.3079
P24429,2683.586
P24433,2205.5234
P24473,2163.952
P24481,43120.74
P24515,3404.5525
P24601,2751.921
P24606,3605.808
P24609,2929.6956
P24709,2037.9226
P24805,1967.5321
P24830,3807.437
P24963,2538.7124
P24967,29919.986
P24968,23298.422
P24973,3711.9626
P24975,4096.305
P25021,3607.2668
P25058,2366.2585
P25280,29416.27
P25281,23361.322
P25332,3719.6865
P25334,1798.7239
P25350,39849.824
P25472,1989.8241
P25481,2695.6243
P25579,27423.695
P25581,25512.064
P25606,2206.278
P25668,1058.1761
P25877,2902.9602
P25878,16368.007
P25941,4278.2915
P25944,4408.866
P25946,18244.855
P25983,3192.1091
P26003,2536.963
P26006,2845.553
P26008,3025.0334
P26009,2820.2393
P26010,2144.644
P26011,2520.7537
P26012,2683.389
P26013,2828.2131
P26014,2813.8752
P26015,4592.4224
P26016,2472.8052
P26017,3470.933
P26019,3266.4321
P26020,2789.2568
P26021,3934.4202
P26023,3399.0974
P26024,2258.3635
P26026,5058.9307
P26028,2365.9414
P26029,2582.9272
P26030,3662.5127
P26031,2380.588
P26179,2823.0063
P26250,1963.529
P26257,2150.7659
P26271,1940.0713
P26293,2150.495
P26335,5903.397
P26468,1395.2904
P26472,1370.2158
P26517,4044.2546
P26525,3815.5632
P26542,1444.235
P26686,2560.9858
P26748,1878.053
P26749,2125.1343
P26750,5843.342
P26751,2217.8171
P26753,2199.0642
P26755,3695.2446
P26756,2628.3354
P26757,2422.259
P26773,3599.3574
P26802,3064.3643
P26819,4591.0254
P26820,4198.8374
P26821,2474.7297
P26822,2311.6262
P26845,2417.5698
P26846,3235.1726
P26919,1749.5682
P26936,2692.2085
P26953,2802.6643
P26961,2021.8549
P26963,1817.8348
P26974,2043.1862
P27043,1625.492
P27057,2453.9473
P27066,2220.2288
P27072,2425.7825
P27074,1902.3569
P27127,2772.298
P27182,4227.069
P27194,3835.1697
P27198,2104.7756
P27209,2542.587
P27217,2003.1836
P27222,2274.3982
P27255,3641.8667
P27256,3978.0232
P27284,4704.071
P27445,3395.6006
P27631,11798.58
P27632,2761.992
P27633,2495.0266
P27634,2821.8528
P27635,23487.656
P27636,34546.07
P27637,2373.3433
P27639,87669.1
P27651,2377.9807
P27657,2659.2888
P27658,2494.071
P27660,3243.8381
P27661,2545.3342
P27791,1241.8461
P27806,2418.0486
P27811,2492.1492
P27816,2362.071
P27819,2977.4019
P27820,2894.8875
P27821,2755.064
P27823,7519.066
P27829,3413.5935
P27833,4631.1387
P27834,3558.1145
P27835,2468.2031
P27836,5714.9854
P27838,3983.0088
P27867,2289.5537
P27891,1322.2563
P27892,1713.4252
P27930,924.0575
P28007,2776.296
P28019,1681.5941
P28029,1331.4138
P28050,1283.1584
P28062,1279.1625
P28100,1996.9728
P28113,2203.6135
P28205,3009.6536
P28206,2645.6997
P28222,2859.0266
P28476,3456.8564
P28478,2754.2217
P28484,2279.3784
P28485,2972.5798
P28492,4341.8228
P28494,4339.55
P28495,4346.5137
P28496,4063.8845
P28497,2006.4048
P28498,1621.8995
P28499,1821.124
P28502,1782.988
P28503,2659.3699
P28504,2657.8645
P28506,2612.6416
P28507,1666.6256
P28509,2500.4133
P28511,1771.6482
P28512,2348.4604
P28513,2738.7117
P28515,2926.6687
P28516,3016.7654
P28517,2780.2002
P28518,2586.636
P28521,2583.4927
P28523,2700.3538
P28527,2153.5935
P28531,2201.9048
P28532,2180.3992
P28533,2063.2144
P28534,2045.2976
P28536,2035.1332
P28537,1825.9961
P28540,3911.9172
P28542,4024.2356
P28543,2290.442
P28544,4686.9478
P28545,3952.9211
P28546,3065.3584
P28547,2724.757
P28548,3021.8147
P28549,3893.2104
P28550,3065.3584
P28551,3393.8452
P28554,3412.9585
P28555,2658.3008
P28559,5224.227
P28562,2491.417
P28564,2260.091
P28567,2296.7268
P28568,2584.8303
P28570,2353.5688
P28573,2542.365
P28575,2153.3232
P28576,2725.3499
P28577,2567.306
P28579,2601.84
P28580,2532.6946
P28581,4409.699
P28584,2516.492
P28585,2523.6821
P28586,2719.2192
P28587,4367.127
P28588,2571.8682
P28590,2288.3418
P28591,2403.3655
P28592,1952.4392
P28593,4076.3357
P28594,4881.0034
P28595,3567.1582
P28597,102488.016
P28598,96755.59
P28599,3631.5251
P28657,41526.71
P28690,76209.016
P28693,23457.57
P28694,88351.57
P28696,2692.5476
P28697,3480.7244
P28698,3312.9053
P28699,18766.355
P28700,1911.9535
P28706,1856.9417
P28823,2601.7778
P28848,1637.1875
P28881,2944.8257
P28889,3141.169
P28944,2426.6284
P29112,21834.451
P29116,3128.3994
P29117,40159.812
P29123,20762.607
P29127,26083.959
P29128,20470.486
P29129,49218.383
P29130,3086.0854
P29131,19099.295
P29137,25937.03
P29141,49050.676
P29151,20669.61
P29155,3180.0942
P29176,3862.4524
P29180,3238.554
P29190,3287.1633
P29192,2977.808
P29324,2664.3586
P29325,1671.4131
P29327,2315.73
P29404,2950.3428
P29424,3244.2744
P29440,2546.9302
P29455,3084.0576
P29483,3567.0015
P29485,2837.502
P29526,2103.7004
P29553,3047.2085
P29591,4224.5576
P29593,2835.7036
P29596,2469.839
P29599,3676.6865
P29602,6139.1694
P29603,3363.7246
P29607,2402.2766
P29608,5186.957
P29639,3070.2546
P29641,6251.6807
P29644,4017.125
P29645,4069.3154
P29648,2935.6294
P29658,4002.143
P29660,3309.1025
P29662,2830.7007
P29663,2873.541
P29665,3123.5625
P29667,2923.394
P29670,2470.459
P29672,4573.4893
P29675,2766.6848
P29677,3153.1392
P29678,4644.893
P29680,4644.893
P29688,4126.7236
P29689,4106.0146
P29691,6848.5337
P29719,3116.9333
P29749,2128.8054
P29781,2637.1443
P29843,4927.2485
P29844,2044.8966
P29845,1989.714
P29846,1788.3699
P29847,2067.7925
P29848,1483.276
P29849,2539.8242
P29850,2174.5808
P29852,2454.2632
P29854,2150.6377
P29855,3489.032
P29864,2232.224
P29866,2406.4045
P30025,2591.0151
P30027,55911.24
P30028,2951.342
P30030,2671.5505
P30032,2451.903
P30098,3085.3347
P30106,2601.104
P30111,2973.9216
P30120,3474.3286
P30148,3214.8828
P30159,3798.788
P30172,82839.766
P30188,3243.8474
P30398,5391.379
P30401,5065.227
P30407,3595.267
P30415,2292.9028
P30417,2316.7996
P30421,2339.582
P30430,3615.2107
P30436,3291.0635
P30444,3973.8286
P30447,3067.2158
P30450,3121.927
P30453,6301.725
P30457,3768.5745
P30461,4276.986
P30465,3027.9324
P30521,2404.0432
P30530,2897.779
P30548,2459.0046
P30550,2853.1821
P30570,3699.1243
P30573,3481.8337
P30575,3688.2153
P30576,2462.0518
P30577,3784.66
P30578,7777.1665
P30628,3032.925
P30629,2684.4016
P30636,2969.0486
P30637,2824.6458
P30644,2040.4384
P30645,2105.4895
P30665,2963.9446
P30667,3587.3704
P30668,1478.5635
P30669,3769.6997
P30670,2541.0386
P30672,3990.1924
P30673,4989.985
P30674,3981.2197
P30675,2410.8684
P30676,2267.7095
P30677,3135.4834
P30678,2311.6096
P30680,1868.3315
P30682,4407.5796
P30683,3099.306
P30688,4729.09
P30690,3126.5408
P30693,2738.3616
P30695,3295.5876
P30696,2803.012
P30697,2279.475
P30698,4204.0156
P30699,3523.8494
P30701,3626.9
P30702,3368.4
P30703,3956.0408
P30704,2877.8647
P30705,5046.169
P30707,3652.5376
P30710,2742.4268
P30711,2916.853
P30712,3086.5771
P30713,3341.637
P30714,2531.657
P30718,2420.1016
P30720,2838.4995
P30747,3662.8237
P30769,3206.8298
P30770,3798.3967
P31073,4893.357
P31079,2341.1829
P31080,2469.607
P31081,4091.5874
P31082,80135.5
P31190,1316.6959
P31227,2590.559
P31228,3118.84
P31231,2261.916
P31233,7065.6377
P31236,5030.8325
P31242,2291.4058
P31243,3317.1082
P31244,3149.886
P31245,3183.7944
P31246,2169.2117
P31247,1703.2068
P31385,3036.5208
P31387,2898.0322
P31388,3110.7783
P31390,3298.324
P31393,3196.0276
P31394,3094.8062
P31395,2756.1143
P31398,3023.7004
P31402,3309.9392
P31403,115968.805
P31404,128666.766
P31467,4004.3733
P31510,36256.504
P31511,21212.678
P31514,23064.537
P31581,3704.4954
P31583,2815.8408
P31588,1776.4956
P31589,5077.916
P31590,2402.742
P31593,3100.8616
P31596,3926.1606
P31599,3462.5925
P31600,3926.1606
P31602,2136.8538
P31603,3025.1172
P31604,2429.6226
P31607,4439.8774
P31613,3331.8457
P31615,2341.3875
P31616,3540.5454
P31620,2141.2754
P31621,3377.7153
P31624,2596.355
P31626,2467.605
P31645,4084.798
P31650,2431.8303
P31670,24940.172
P31695,3010.2366
P31697,3187.9004
P31705,3615.397
P31706,2796.2866
P31717,4682.9927
P31779,21778.027
P31781,24616.943
P31782,20559.883
P31786,2844.0442
P31788,2868.4917
P31789,22538.758
P31790,4481.897
P31792,3169.8386
P31795,2913.16
P31797,3504.0352
P31989,3531.0303
P31997,3661.9292
P32001,80886.58
P32003,4206.045
P32004,2290.7698
P32006,2747.3276
P32009,3124.2688
P32020,20478.357
P32022,19069.045
P32023,3174.8713
P32108,4310.6865
P32109,3171.472
P32111,3212.3933
P32134,17012.576
P32135,17181.816
P32137,19848.936
P32138,17201.574
P32140,16112.339
P32143,16510.258
P32144,16177.596
P32145,27948.814
P32147,16174.788
P32162,39584.375
P32166,3321.0566
P32169,1572.6089
P32170,8140.5273
P32172,17382.256
P32177,20922.824
P32180,3599.6047
P32181,4749.175
P32183,18841.84
P32185,22238.78
P32189,22094.979
P32190,28297.406
P32194,20123.145
P32200,3350.904
P32209,4092.169
P32210,3785.1475
P32211,2779.9734
P32214,4054.8506
P32215,3040.4485
P32216,3523.026
P32217,4474.904
P32218,2932.0093
P32223,135045.52
P32224,3147.1047
P32225,4256.5176
P32232,22865.863
P32234,25620.373
P32240,5215.0264
P32241,4114.684
P32244,24251.139
P32249,6338.316
P32253,3225.9363
P32259,29956.963
P32327,2164.693
P32354,107710.29
P32360,2515.8462
P32544,3686.9
P32585,2525.1138
P32683,3478.9253
P32689,2743.0798
P32921,879.2926
P32995,3455.9827
P33019,1668.169
P33043,23025.152
P33047,21003.977
P33048,22612.91
P33049,20556.57
P33050,18070.951
P33056,20364.305
P33057,2231.2798
P33079,19735.17
P33081,16115.566
P33084,18690.033
P33284,2895.143
P33286,3319.8118
P33289,2768.8567
P33294,2953.1982
P33296,4930.5444
P33298,4046.3499
P33299,3082.7075
P33305,3716.0796
P33309,3368.9656
P33310,4336.02
P33313,33220.184
P33426,1195.69
P33466,1802.9183
P33651,2169.2583
P33929,21162.059
P33962,2786.4602
P33963,22053.926
P34022,26710.9
P34025,19303.941
P34034,25046.506
P34037,29059.271
P34382,2513.037
P34383,2209.3904
P34417,138817.06
P34538,5989.7065
P34539,2433.007
P34573,3724.8032
P34574,3314.8179
P34575,3499.2952
P34580,2469.8625
P34581,3954.4373
P34583,2926.1536
P34613,5166.943
P34614,2866.2158
P34640,2390.811
P34689,2638.7285
P34709,3753.7993
P34710,3316.8835
P34711,2588.5393
P34745,2611.1787
P34750,2100.4382
P34751,2552.821
P34842,85629.734
P34843,2631.9526
P34845,2218.685
P34846,3667.715
P34847,2969.645
P34850,3318.9028
P34851,107155.695
P34852,2096.6309
P34853,79659.12
P34869,4323.877
P34873,4887.773
P34874,4170.5835
P34926,148328.19
P34928,5769.791
P34929,3706.998
P34930,5932.213
P34931,6412.9927
P34932,3899.3357
P34933,3521.43
P34934,4012.5483
P34935,3505.8474
P34937,1922.4658
P34939,2378.3494
P34940,2333.553
P34941,2623.279
P34944,2883.639
P34945,1817.273
P34946,2471.6152
P34947,3839.8481
P34948,3000.6602
P35026,4356.6504
P35291,3092.41
P35417,2961.055
P35461,5732.166
P35667,23027.48
P35782,3469.2349
P35807,2394.0557
P35878,3522.448
P35880,3375.1416
P35881,3161.8413
P35882,4986.635
P35883,3952.744
P35885,2461.8545
P35886,2412.043
P35887,2696.8254
P35888,2920.732
P35890,2034.1033
P35891,2286.1836
P35893,3962.5295
P35894,4537.397
P35897,2845.7783
P35912,3293.353
P35913,2529.3152
P36011,3080.9492
P36061,2540.4373
P36062,1926.8264
P36102,4503.634
P36107,3081.4578
P36111,3069.1477
P36112,2508.0576
P36113,3692.6477
P36114,4183.122
P36126,3463.3027
P36234,2903.2317
P36235,3958.3813
P36237,3134.948
P36238,3780.5142
P36240,3591.2737
P36242,2343.9812
P36373,2946.8027
P36374,2698.9565
P36377,3473.2349
P36578,2461.8992
P36591,3261.5903
P36712,22009.213
P36927,2294.5813
P36950,2420.4329
P36966,2432.493
P37024,3078.4902
P37127,2363.1418
P37142,1788.1267
P37143,2883.3486
P37146,2006.3771
P37155,2712.8708
P37156,2395.7305
P37158,3179.2236
P37257,52506.258
P37374,3790.4446
P37457,3252.6199
P37569,2074.1284
P37685,2073.6128
P37699,2636.5342
P37702,2819.0032
P37726,3534.2588
P37824,2561.752
P37863,4221.1055
P37864,2571.7637
P38165,1360.8326
P38262,2486.6272
P38277,3351.47
P38279,2941.403
P38287,88556.22
P38294,1717.3856
P38296,1901.0006
P38318,2994.1804
P38461,4516.208
P38463,2952.2334
P38623,46815.105
P38627,46815.105
P38628,41576.64
P38907,3105.1836
P38946,3911.4172
P38951,3504.3428
P38954,4480.5034
P38972,2692.1829
P38976,3825.3557
P38983,2713.5142
P39002,3973.4077
P39093,3821.4495
P39312,2124.6821
P39419,4198.0444
P39423,3789.3237
P39442,3459.3074
P39446,4157.083
P39504,2466.7437
P39538,23087.227
P39542,23490.793
P39544,26215.512
P39545,21902.484
P39547,28830.428
P39548,19877.996
P39561,29638.877
P39570,19727.322
P39575,2971.4146
P39576,4821.058
P39577,2935.5862
P39578,3510.6096
P39579,2400.8218
P39583,2880.349
P39584,3046.1418
P39590,2963.3452
P39591,2909.802
P39593,2739.587
P39596,4861.1865
P39597,3080.964
P39599,2691.9016
P39602,2145.1475
P39603,3294.1794
P39604,2272.0234
P39625,2630.267
P39630,1787.0776
P39631,2511.8555
P39634,2406.2966
P39635,2094.9253
P39636,2663.0195
P39640,2188.0588
P39641,3807.7893
P39642,4077.0396
P39643,2625.2568
P39767,97210.47
P39821,4094.6719
P39935,21023.275
P39956,3238.6868
P39959,3953.389
P39965,29696.06
P39966,3938.2124
P39967,27483.68
P39972,26561.123
P40029,20188.926
P40057,4341.061
P40231,2897.8896
P40453,2587.1025
P40484,3817.868
P40855,3142.2688
P40856,2832.7375
P40857,3061.302
P41061,25674.16
P41201,2228.8586
P41218,1928.2914
P41480,2562.1013
P41745,3681.2769
P41747,3670.7708
P41763,6145.919
P41777,2962.804
P41852,4743.072
P41854,4580.405
P41856,4250.3867
P41864,4574.0435
P41865,4026.244
P41943,4195.4663
P41944,4043.3904
P41945,3455.3232
P42113,94271.35
P42172,41382.523
P42174,48430.082
P42176,27417.916
P42276,3190.8547
P42293,3225.6963
P42311,2778.4502
P42375,3577.2346
P42386,3121.4504
P42407,2444.5476
P42422,3060.327
P42424,3242.0037
P42428,2941.2263
P42724,1473.7048
P42908,3379.172
P42974,2303.8694
P42975,3719.4558
P42977,2590.627
P43038,16283.212
P43076,33822.73
P43113,2885.6738
P43144,2444.514
P43171,2558.1091
P43175,4105.5957
P43179,5016.0503
P43348,53555.56
P43551,93797.13
P43555,4080.5957
P43557,2887.0754
P43576,124683.81
P43577,173567.11
P43578,89962.29
P43596,71135.01
P43597,77304.61
P43600,116158.19
P43625,118858.06
P43626,88337.664
P43628,5539.371
P43657,3219.0073
P43664,6764.791
P43665,8624.367
P43670,5843.102
P43675,24748.014
P43746,5472.1875
P43749,107855.84
P43753,4954.6025
P43755,71705.73
P43760,144252.14
P43765,25425.473
P43766,33097.99
P43768,25069.4
P43771,26380.166
P43772,9997.361
P43773,8762.604
P43780,2758.6897
P43787,3300.669
P43790,4674.919
P43794,2495.8706
P43845,3504.8977
P43907,1299.8046
P43993,4757.4355
P44005,45710.293
P44008,16981.518
P44009,21193.83
P44014,7131.931
P44036,2301.5208
P01003,1392.0616
P01005,4670.867
P01011,19430.096
P01032,3577.2244
P01057,4183.625
P01062,3488.7092
P01064,1385.1149
P01065,1198.4692
P01114,4663.0854
P01115,3519.1262
P01193,6288.713
P01205,6071.93
P01249,1192.5402
P01261,2926.5876
P01277,5420.839
P01331,3424.729
P01386,4366.7437
P01401,3471.92
P01407,1251.3383
P01558,954.3458
P01572,5055.6216
P01595,4042.4995
P01603,2489.546
P01645,1446.2625
P01650,1716.736
P01761,2461.2756
P01857,4960.5137
P01874,3489.375
P01945,7772.3984
P01985,4833.5273
P02005,1044.1759
P02009,2828.6313
P02087,1456.2523
P02144,1608.6244
P02146,2639.267
P02162,3382.4487
P02263,2671.4792
P02274,2065.1199
P02319,1305.5647
P02347,2255.5964
P02404,1824.3364
P02428,5401.1797
P02504,1962.6459
P02526,3782.7397
P02533,2109.2566
P02611,1809.1499
P02650,1839.4047
P02683,3472.6519
P02697,2263.7793
P02700,9368.268
P02712,1900.365
P02733,850.85516
P02745,5916.475
P02845,5236.2554
P02862,2134.6958
P02920,2483.012
P02937,3020.244
P02977,3654.6948
P02998,4351.8115
P03024,2074.941
P03058,2497.4426
P03080,1109.9634
P03088,2244.7236
P03195,2397.8435
P03217,2407.168
P03218,2866.2937
P03226,23348.248
P03260,4495.7188
P03278,4483.941
P03335,2231.581
P03394,2242.8032
P03398,2272.78
P03415,1652.4586
P03451,1480.4724
P03477,2255.1929
P03491,5244.588
P03619,1336.8749
P03623,3743.6042
P03652,2820.0415
P03665,2122.5405
P03738,3462.4338
P03774,3161.612
P03834,3070.2898
P03854,1409.551
P03888,4515.4414
P03895,2337.254
P03906,2250.7402
P03919,2727.195
P03939,2599.1704
P03943,3456.83
P03946,3166.07
P03949,2902.9104
P03965,23836.988
P04003,2482.4744
P04047,4008.405
P04077,8330.603
P04078,6368.252
P04082,5049.26
P04124,2645.1873
P04131,2502.6353
P04144,2311.2249
P04165,2572.3196
P04247,2541.8276
P04252,5581.6533
P04259,2585.231
P04327,2251.163
P04337,2869.4895
P04400,3500.988
P04410,3833.875
P04433,2071.2312
P04451,4518.3843
P04481,4257.1304
P04536,2038.9631
P04559,1286.5491
P04583,2553.6055
P04635,2288.534
P04705,3629.243
P04764,1561.4436
P04864,1425.8577
P04962,6678.5034
P04969,5406.86
P05102,2112.702
P05126,2891.3408
P05278,1631.808
P05313,2116.8271
P05329,1541.6406
P05342,2046.9648
P05446,1734.2274
P05449,1561.7804
P05450,4426.4556
P05457,2426.2476
P05559,5093.3613
P05588,2856.648
P05609,1786.6207
P05618,1950.4897
P05669,2693.01
P05759,2882.012
P05760,3391.3953
P05764,2869.406
P05765,3991.148
P05767,3350.2776
P05787,3146.4624
P05799,2450.28
P05814,5155.079
P05829,2213.6335
P05950,3484.5017
P05979,2202.9683
P05991,1998.284
P06014,1773.6154
P06025,2573.6855
P06050,6390.4062
P06062,2397.61
P06177,4474.648
P06199,725.0053
P06213,1600.9873
P06282,3521.0203
P06300,2097.0552
P06395,7462.807
P06396,11069.428
P06397,2520.6382
P06921,859.7195
P07079,1118.6923
P07098,3021.2554
P07102,1090.4165
P07265,3227.4692
P07266,2449.1548
P07287,2190.4963
P07409,693.21674
P07541,4181.072
P07603,4875.6567
P07611,3496.012
P07612,4473.103
P07621,9554.491
P07954,7964.856
P08111,2576.5073
P08139,2207.716
P08154,3611.0403
P08185,5269.515
P08236,2184.6243
P08840,3101.69
P08848,3130.8655
P08878,10827.543
P09113,10100.594
P09155,5466.918
P09207,4633.587
P09254,11366.117
P09305,3722.022
P09307,15647.788
P09599,1868.4554
P09742,3014.136
P09743,2655.7734
P09812,1439.066
P09813,1595.8074
P09864,2347.523
P09866,3025.9253
P09867,2682.74
P09868,1273.701
P09869,835.30066
P09871,4133.5435
P09872,3624.192
P09873,2815.1384
P09874,2012.9781
P09876,1951.0732
P09877,1912.9315
P09878,1076.571
P09879,3398.8965
P09880,3369.181
P09881,2691.4214
P09882,1419.3518
P09883,2169.275
P09884,2304.3772
P09885,1573.0059
P09886,2218.579
P09888,2597.5034
P09889,1786.8662
P09890,1312.9188
P09892,1872.9733
P09893,2041.8951
P09894,1467.2931
P09895,3289.1428
P09896,795.79224
P09899,9380.911
P09903,1495.6494
P09905,10297.61
P09923,2394.0488
P09926,3012.8108
P09927,1935.086
P09931,1947.5867
P09934,2757.716
P09936,4649.4546
P09938,3914.7432
P09944,1549.7673
P09945,1789.3257
P10182,1557.6515
P10316,21014.615
P10543,996.6863
P10545,1261.2947
P10546,1189.7417
P10547,1194.5931
P10549,1408.6184
P10550,3172.4675
P10551,1828.677
P10552,1553.6655
P10553,2122.099
P10555,2127.1194
P10566,2669.1023
P10572,2898.657
P10608,923.45123
P10679,3793.5156
P10827,1532.1763
P10876,5919.636
P10896,60819.617
P10898,7801.1855
P10974,2715.7673
P10975,1362.5364
P10976,1268.0819
P10978,160379.72
P11038,2236.4248
P11042,1033.7909
P11043,1565.3107
P11044,2015.8141
P11045,2642.2275
P11046,1368.4176
P11050,2023.0021
P11052,1858.6213
P11053,1626.589
P11054,1910.0398
P11062,1804.0214
P11063,937.55664
P11064,1726.823
P11066,1908.7617
P11067,2870.4395
P11068,2644.8164
P11072,1623.3597
P11073,1033.2858
P11148,1267.1273
P11193,1221.8776
P11216,6747.205
P11237,2486.6677
P11354,1675.7025
P11355,2316.427
P11358,2376.3625
P11528,3127.8384
P11616,2331.59
P11617,4061.7878
P11618,6005.0034
P11620,1779.8093
P11621,1960.7732
P11821,1232.0013
P11899,1285.1543
P11906,4175.5195
P11997,1274.3953
P12110,6485.041
P12177,2525.9934
P12228,2501.0073
P12248,1945.8129
P12255,1786.4911
P12258,2251.1577
P12265,4085.2656
P12341,4765.7656
P12343,4150.3315
P12344,2077.6985
P12345,2670.4434
P12375,2804.2197
P12461,2909.5007
P12493,2419.822
P12494,1943.1244
P12497,4562.996
P12499,1380.3813
P12500,2354.7964
P12501,3878.2466
P12525,1605.6829
P12527,3734.427
P12529,3452.918
P12632,2871.8186
P12653,9254.76
P12668,10984.137
P12713,2446.4736
P12941,4952.1743
P13195,1751.9121
P13390,1594.5569
P13434,995.5851
P13604,3641.5437
P13610,4782.3506
P13643,1559.498
P13671,4674.509
P13693,4694.6396
P13702,1974.9607
P13745,5020.531
P13856,14638.063
P13920,2414.9534
P13921,3755.207
P13925,3203.0266
P13927,2495.636
P13928,2449.6514
P13929,2372.6948
P13931,2173.492
P14013,3512.891
P14080,2744.7107
P14082,2055.001
P14121,51101.32
P14223,1332.673
P14275,4869.893
P14341,3515.3215
P14364,3445.347
P14375,5336.725
P14392,2326.6191
P14434,2724.9636
P14435,1250.0878
P14436,1120.6213
P14440,1504.8452
P14442,723.29645
P14446,1050.6329
P14448,2493.1968
P14451,7493.063
P14452,1296.1587
P14455,2131.9165
P14458,1091.2146
P14459,2473.612
P14463,1306.4323
P14466,3247.2874
P14468,1712.0703
P14469,2101.609
P14473,1767.1368
P14476,2198.4707
P14477,2809.515
P14479,1656.1439
P14481,4599.2046
P14487,2188.2905
P14488,1610.5813
P14550,4016.2397
P14552,1308.0298
P14553,1018.32324
P14556,8375.209
P14559,2315.679
P14560,1436.034
P14562,3023.2043
P14563,3109.0398
P14575,1228.2987
P14576,1481.507
P14577,1320.2854
P14584,722.517
P14585,1153.8838
P14608,895.77094
P14609,2427.3914
P14610,1193.3173
P14616,2018.1726
P14635,5446.427
P14637,4470.7056
P14638,1601.7689
P14640,2174.0488
P14657,3239.0823
P14661,1521.1483
P14662,1673.5629
P14663,940.28925
P14664,988.8613
P14665,2663.5708
P14666,1993.2227
P14669,1130.2131
P14672,3506.764
P14674,1331.356
P14679,1777.6216
P14742,3895.3464
P14753,2229.7625
P14780,4011.0366
P14786,2635.2969
P14787,3107.504
P14808,2005.6565
P14809,2032.8461
P14810,1237.9799
P14814,1943.4406
P14860,1735.7357
P14865,1875.0431
P14871,1207.814
P14901,2477.189
P14918,2760.206
P14923,6733.5176
P14926,2709.259
P14947,3402.3384
P14952,6436.365
P14953,2017.6364
P14955,3391.8386
P14957,1310.3707
P14959,3276.0845
P14960,6583.419
P14961,3839.2073
P14962,2302.3015
P14963,3957.1392
P14964,2020.0375
P14965,1906.0162
P14966,1626.0729
P14967,2715.9473
P14971,2822.1812
P14972,1976.6046
P14973,4204.4287
P14974,2307.9966
P14975,1653.3948
P14977,2564.46
P14980,1800.1206
P14985,1284.548
P14988,2269.1204
P14989,4358.263
P14991,1794.6992
P14992,2582.1758
P14994,2084.4805
P14995,2330.7415
P14996,1569.2411
P14997,2460.3083
P14998,1870.0768
P15000,2755.5254
P15001,2762.4834
P15002,5010.2163
P15004,5654.494
P15006,2098.7043
P15008,1387.501
P15009,1791.2142
P15011,1509.0422
P15014,3154.46
P15015,3598.7876
P15017,3252.6416
P15070,2169.5293
P15071,2044.1914
P15072,2675.804
P15073,2248.1282
P15083,41287.402
P15133,2169.1516
P15148,1593.2747
P15151,2996.738
P15153,2395.8677
P15178,1798.548
P15179,2683.7063
P15181,1815.4089
P15234,5955.3667
P15236,2006.3187
P15237,2500.3215
P15243,10336.606
P15256,22793.99
P15258,2885.6147
P15260,2070.415
P15261,1792.4264
P15263,4243.593
P15264,3506.5732
P15265,1667.1401
P15267,4036.0571
P15269,5204.1787
P15270,1664.4521
P15272,2453.8816
P15279,2188.276
P15280,1776.833
P15282,1515.6342
P15302,2047.3224
P15305,1333.318
P15307,2416.764
P15308,2539.0635
P15325,4726.5283
P15341,3570.968
P15343,2980.74
P15344,3139.689
P15345,1448.4912
P15347,1904.2267
P15364,2993.4094
P15366,2911.7527
P15413,727.3364
P15416,1203.3677
P15417,890.19305
P15422,1130.0875
P15423,2132.7974
P15424,1258.0647
P15431,1494.5165
P15433,1273.1243
P15434,2024.9719
P15443,2386.4788
P15444,4655.051
P15483,2293.2014
P15487,1396.6487
P15488,1847.7526
P15511,3368.1396
P15512,2781.1816
P15519,3292.709
P15520,1957.2852
P15521,2109.9812
P15522,3824.8704
P15523,1260.6628
P15536,2094.8433
P15537,1384.9827
P15541,2162.9404
P15542,5759.921
P15544,2215.4634
P15545,4726.0596
P15546,1947.0999
P15547,2906.8774
P15548,2419.125
P15556,1587.8612
P15586,1707.1779
P15587,2300.9333
P15588,2442.7314
P15836,7809.501
P15876,809.5487
P15880,2534.9983
P15881,3114.095
P15883,9924.985
P15948,2297.8062
P15949,1273.1152
P15951,1922.319
P15952,2293.2988
P15956,1392.0975
P15964,2540.337
P15966,1817.7239
P15968,1901.9976
P15971,2047.8381
P15974,2830.0945
P15976,3142.7065
P15978,4660.6353
P15981,2559.9
P16058,2365.9133
P16059,1984.0105
P16061,138447.14
P16069,1946.1006
P16071,1905.3944
P16072,739.54724
P16073,2190.7034
P16085,2877.6726
P16148,3947.2163
P16150,1757.0735
P16152,1542.3153
P16153,5191.4067
P16239,1731.6354
P16242,1281.3588
P16370,3389.5098
P16379,4723.9004
P16389,2374.6785
P16391,3896.2385
P16408,1508.2727
P16422,1828.8889
P16434,3050.4749
P16436,3663.8372
P16467,4705.6235
P16468,1405.379
P16469,2471.8452
P16472,2462.8682
P16476,2855.1807
P16477,3052.9087
P16478,3992.0007
P16480,2444.4333
P16483,6496.4824
P16484,2707.5923
P16485,2966.881
P16523,2354.282
P16568,3824.4106
P16606,1751.1783
P16607,1937.1367
P16608,1155.6622
P16659,3024.1765
P16667,2330.845
P16670,3995.3914
P16676,2333.0276
P16677,2076.2617
P16689,2033.2719
P16822,1988.45
P16825,3650.1829
P16827,2023.4277
P16897,3314.0908
P17012,2915.5232
P17042,1247.7496
P17124,4707.5405
P17185,3966.8257
P17219,4384.7505
P17221,2706.0068
P17222,2168.089
P17225,2932.9912
P17235,5438.4375
P17490,1795.9669
P17494,1659.4993
P17646,1865.9219
P17686,2903.5073
P17688,4285.304
P17690,2181.2302
P17691,3237.6797
P17692,1346.841
P17695,1761.8861
P17697,2772.4463
P17698,2331.212
P17771,2451.1907
P17772,1234.6328
P17773,1681.0872
P17876,2298.1143
P17877,7865.8667
P17879,2627.3953
P17882,2792.8528
P17884,2253.741
P17886,1789.9336
P17888,1625.6758
P17890,714.7503
P17892,1279.6649
P17901,3035.8691
P17910,3094.1833
P18090,3042.8105
P18208,5120.763
P18280,4192.9136
P18313,1094.6698
P18318,1224.1691
P18320,1759.033
P18321,1682.0555
P18323,2065.182
P18327,1428.1373
P18329,493.3712
P18330,1506.2014
P18335,1268.7181
P18419,1050.4163
P18420,1620.4137
P18422,2148.4197
P18424,1593.9612
P18425,3609.1943
P18448,2913.424
P18449,2492.4192
P18450,2243.0664
P18572,2202.2495
P18573,2859.013
P18575,2175.9414
P18583,1693.5525
P18653,8603.827
P18699,2982.1733
P18767,2267.2388
P18808,5235.9307
P18809,4645.2744
P18817,40641.355
P18869,1350.9559
P18949,1728.14
P18994,9179.518
P19016,5632.2466
P19019,1280.4724
P19020,1376.1873
P19065,2343.839
P19157,1218.5793
P19176,1353.3885
P19179,2224.773
P19182,3469.4333
P19185,1697.1877
P19188,2873.8645
P19190,1131.826
P19198,2221.5159
P19220,2436.374
P19233,2818.7974
P19236,3787.9214
P19294,1708.3837
P19312,18444.215
P19403,93885.64
P19525,10636.213
P19528,6284.024
P19610,2734.9883
P20081,2213.9504
P20082,4961.4316
P20167,1137.4882
P20168,2562.8713
P20171,2476.5486
P20172,7236.9517
P20177,2195.78
P20193,4097.3135
P20194,2134.816
P20195,3546.126
P20196,2542.388
P20197,2075.244
P20200,4433.6094
P20201,4367.931
P20203,1825.4247
P20204,2709.3442
P20206,3583.6626
P20208,2419.8892
P20209,2772.8708
P20211,4019.1794
P20224,1752.3542
P20226,2286.2195
P20227,3624.8074
P20231,2228.2239
P20232,3572.8591
P20233,9866.676
P20235,1778.6575
P20238,1500.4529
P20278,1851.9924
P20279,2839.5613
P20282,2172.1328
P20290,3535.685
P20297,4924.683
P20306,3419.2805
P20322,3862.9202
P20325,5447.819
P20331,3762.0981
P20348,2711.308
P20354,777.381
P20356,1897.5854
P20359,923.0171
P20360,1596.5636
P20361,879.77124
P20365,1644.4526
P20366,2029.1051
P20370,1865.3691
P20371,1424.6016
P20376,2111.8625
P20377,1087.3507
P20426,2737.903
P20463,1503.8387
P20575,2984.96
P20581,1904.1621
P20583,2175.3757
P20587,2838.7583
P20591,8112.299
P20631,2327.1707
P20650,9153.149
P20675,3275.119
P20698,2210.435
P20703,3259.469
P20721,1161.357
P20758,3558.1484
P20779,3642.6208
P20810,1438.615
P20820,2990.3926
P20821,1794.5092
P20822,1727.628
P20824,1230.5018
P20842,3808.6357
P20863,22473.484
P20864,3354.8125
P21043,1535.6616
P21045,1299.3661
P21052,1625.5369
P21055,3003.2205
P21125,2369.2507
P21411,2940.3691
P21416,3462.15
P21447,1651.4994
P21448,1417.9296
P21461,74363.29
P21466,3026.7454
P21468,2358.0103
P21503,101735.445
P21549,2676.8943
P21585,2526.2188
P21622,2956.4963
P21634,3574.4238
P21640,3734.4055
P21721,4329.886
P21725,4196.7354
P21726,5596.5645
P21727,3694.473
P21734,2994.8032
P21741,2097.6255
P21764,846.5624
P21769,1740.9965
P21806,3855.7817
P21904,1672.9752
P21906,1428.9827
P21909,2537.6335
P21913,1375.5254
P21914,1192.5339
P21917,1191.7864
P21919,938.3697
P21920,4289.492
P21925,808.15045
P21937,2766.4631
P21943,3996.5234
P21945,2142.463
P21951,7881.2393
P21953,5800.283
P21954,5143.7964
P21965,3002.364
P21968,4168.038
P21972,4181.251
P21976,4314.4956
P21978,3890.263
P21980,3206.9553
P22010,1399.7571
P22011,2430.194
P22012,1847.5525
P22014,1835.1603
P22015,3901.49
P22018,3009.915
P22020,1423.6027
P22021,3601.906
P22024,3333.4863
P22027,8952.485
P22028,1854.3318
P22029,1819.3706
P22030,1488.7407
P22031,3585.109
P22033,4188.1367
P22037,2084.1523
P22038,3657.164
P22085,2516.2783
P22744,1876.9288
P23001,3354.8254
P23142,1228.11
P23258,2768.66
P23277,36526.03
P23454,2864.443
P23596,4042.1255
P23622,2709.1982
P23632,4879.709
P23636,1844.3599
P23637,1087.6782
P23728,1176.2087
P23730,1641.4065
P23731,2510.6143
P23732,3239.9539
P23734,2572.1355
P23740,1578.3588
P23744,3932.1013
P23747,4859.4106
P23748,5296.712
P23843,3424.6277
P23870,1170.4735
P23981,2995.4263
P24129,2997.2556
P24130,2356.0256
P24131,2997.2556
P24152,3286.0754
P24227,2732.6658
P24243,1759.4938
P24244,1692.9409
P24245,1649.995
P24247,1872.7758
P24248,1166.3505
P24249,3221.2744
P24250,3366.7903
P24251,1512.0269
P24252,3236.5186
P24254,3754.1182
P24255,2415.957
P24256,1573.0231
P24258,1953.1492
P24259,1530.5016
P24261,3186.216
P24263,6860.3086
P24264,5564.4727
P24265,1379.3601
P24268,3798.8425
P24269,3300.927
P24270,3314.8054
P24271,2545.8674
P24273,4132.2466
P24274,2480.7424
P24275,5087.166
P24372,1187.8303
P24380,3502.7585
P24383,3759.3538
P24420,2390.55
P24454,4330.638
P24466,9231.09
P24732,187185.75
P25331,4678.2334
P25333,5344.3867
P25509,1444.135
P25510,2875.9421
P25511,1164.0072
P25553,2437.6436
P25558,4031.5784
P25563,7673.319
P25576,9099.608
P25689,2785.3665
P25951,1078.6257
P26022,6296.161
P26202,3259.9104
P26522,5621.6357
P26524,2106.8572
P26537,1968.3893
P26538,1817.1334
P26539,1892.4122
P26541,2039.6996
P26605,1629.9879
P26640,16296.899
P26679,1616.2502
P26688,2764.8972
P26731,2105.599
P26736,3462.8535
P26754,8012.432
P26758,1189.4641
P26798,2124.815
P26855,6254.4004
P26929,3056.219
P27290,3497.266
P27291,2924.309
P27292,3037.0945
P27293,2350.1033
P27294,2339.506
P27297,3651.4646
P27298,2239.6077
P27301,2331.8281
P27302,2219.2449
P27305,4628.6743
P27397,3362.8967
P27419,3268.951
P27440,948.118
P27441,3142.9434
P27443,1900.2045
P27499,1146.2396
P27501,2847.8914
P27502,1771.8866
P27503,804.8698
P27506,3223.6384
P27507,2716.6677
P27509,2698.4185
P27510,2503.9978
P27512,4005.271
P27515,2130.3293
P27520,1245.8196
P27522,1697.8843
P27539,2377.0645
P27540,1886.903
P27542,2783.4553
P27543,1930.3458
P27546,1338.1373
P27548,1519.6902
P27549,2703.1233
P27551,2713.7808
P27554,1306.9192
P27557,1266.3228
P27558,1642.2368
P27559,1232.0825
P27562,2416.5461
P27563,1288.5367
P27564,2296.5164
P27575,2514.9294
P27576,2352.2524
P27579,1035.5149
P27583,1634.7927
P27584,3183.7458
P27585,1494.647
P27589,1641.5067
P27597,2730.4924
P27599,1869.1606
P27601,2383.6868
P27602,2178.377
P27604,3054.951
P27605,2681.1765
P27606,3406.245
P27610,3142.182
P27611,2048.2231
P27613,3289.2275
P27614,2439.6292
P27615,1624.1987
P27617,4055.8562
P27618,3042.0847
P27622,1384.5004
P27625,1487.5719
P27626,2348.4436
P27629,3147.243
P27630,1532.9945
P27652,1997.391
P27683,4147.8022
P27809,1631.896
P27824,3861.4834
P27826,1201.5491
P27830,1024.0792
P27831,1410.1901
P27832,1268.924
P27837,7454.498
P28449,2680.6318
P28450,1771.5164
P28452,2084.924
P28454,2676.1768
P28455,4029.4675
P28456,2467.5403
P28457,4243.8115
P28458,2273.7473
P28460,4076.958
P28470,4516.0356
P28471,1302.0109
P28474,2060.5378
P28475,3143.447
P28479,4838.048
P28481,5890.0386
P28486,1711.0405
P28487,4422.927
P28490,4107.6367
P28491,6294.9365
P28500,2439.486
P28508,1687.6722
P28514,1474.746
P28520,2357.6704
P28522,1869.1232
P28524,3216.4011
P28528,1703.4417
P28530,2379.355
P28553,2726.892
P28556,2496.9924
P28557,1348.8798
P28558,2226.529
P28560,2569.7244
P28563,1895.1136
P28574,4147.731
P28583,1392.6277
P28596,2407.4424
P28644,1758.7594
P28691,4030.1018
P28703,4179.7876
P28715,4616.544
P28717,3200.1494
P28718,2922.117
P28719,1495.9034
P28733,5135.1587
P28734,1363.5991
P28744,1785.1049
P28745,960.3913
P28746,1477.237
P28812,2659.3738
P28813,3253.256
P28815,1744.5345
P28820,1850.2323
P28821,1375.1245
P28822,4431.838
P28824,2452.4048
P28826,4980.232
P28828,2298.396
P28829,2017.2928
P28830,2238.6814
P28831,1466.4021
P28846,1981.864
P28847,4632.0444
P28850,5157.8384
P28851,4478.4014
P28852,2499.9412
P28853,1623.7122
P28855,3944.5251
P28856,2308.0562
P28858,2317.4373
P28860,1547.2751
P28956,1397.6566
P28960,8089.212
P28964,2428.6794
P28966,1896.7599
P28967,3161.983
P28968,3009.3608
P28969,3794.2793
P29036,3304.4023
P29044,1045.77
P29046,2179.0608
P29049,2922.3247
P29052,1913.9758
P29060,1088.4126
P29061,1533.0582
P29068,1314.6323
P29069,3796.3428
P29070,3521.0503
P29071,1613.0446
P29072,2160.5674
P29075,1175.3563
P29076,1209.2529
P29077,650.7624
P29078,558.54004
P29079,2386.5142
P29080,2810.724
P29081,2342.6118
P29082,1896.95
P29084,1626.3126
P29086,1260.2959
P29088,1437.8319
P29089,1719.6035
P29090,1585.9207
P29092,971.99896
P29093,4269.8438
P29094,2024.4204
P29095,3412.291
P29098,2619.9524
P29099,6157.255
P29102,2417.811
P29103,2245.922
P29108,2551.5415
P29111,10097.068
P29154,2295.6235
P29156,1629.2329
P29157,1910.2812
P29158,1835.7452
P29160,2146.728
P29161,1640.1523
P29162,1812.7043
P29163,1270.6746
P29164,1877.296
P29165,1722.5991
P29166,2144.6104
P29167,1491.0028
P29168,1713.238
P29169,2457.9082
P29170,2572.1577
P29171,2250.5405
P29174,2276.4065
P29175,3516.0425
P29177,1335.2256
P29178,1725.5859
P29179,1956.683
P29182,6819.833
P29185,2149.816
P29186,4757.5356
P29187,2742.508
P29188,2982.4607
P29189,2639.4763
P29191,1520.6658
P29194,2088.9482
P29195,1604.6398
P29222,3551.258
P29223,1721.3618
P29226,2215.7192
P29227,2093.5334
P29228,1519.6155
P29229,2238.9004
P29326,3655.964
P29338,2933.8992
P29339,5994.9595
P29340,4793.3984
P29342,2398.9773
P29343,1960.3616
P29347,2990.7405
P29391,3727.4084
P29395,1781.3062
P29396,1274.7396
P29397,1945.707
P29398,2269.023
P29399,299804.56
P29402,1689.4358
P29405,3788.0696
P29406,1597.6884
P29407,1103.7025
P29408,1685.9556
P29409,2705.1821
P29410,1487.9915
P29425,1722.8186
P29427,2321.3452
P29428,4019.5935
P29429,51105.85
P29430,2555.2273
P29431,2040.4305
P29433,3627.412
P29434,3221.929
P29435,3184.1013
P29436,4841.843
P29437,2290.3413
P29438,2088.739
P29441,1361.3353
P29442,149270.17
P29445,2553.279
P29450,2987.2134
P29458,3317.159
P29459,2759.3635
P29460,2421.5576
P29473,4751.2046
P29474,2472.574
P29475,199552.64
P29477,5652.731
P29478,1975.8616
P29481,2906.718
P29486,7619.881
P29487,2386.7622
P29489,6805.524
P29491,3375.2288
P29492,1007.0566
P29493,1414.8766
P29494,3268.6672
P29497,8345.514
P29498,167458.33
P29499,6943.9424
P29502,3874.7078
P29503,4717.196
P29506,4030.1633
P29509,2576.6216
P29510,1529.9977
P29511,1481.3005
P29512,1720.9725
P29514,1481.3005
P29515,1282.5187
P29517,2760.3496
P29518,2168.3882
P29519,2405.539
P29522,2141.015
P29523,2882.734
P29528,2352.7786
P29529,2744.0312
P29531,1599.0657
P29532,3078.4226
P29533,1775.3611
P29534,2722.46
P29536,2618.8904
P29537,2122.7776
P29538,6302.5786
P29539,3713.521
P29540,3719.321
P29542,1619.7651
P29544,2851.2827
P29546,3069.862
P29547,1996.7231
P29548,1816.2501
P29549,1509.3994
P29550,2008.1659
P29551,1944.1973
P29554,2315.8933
P29556,2582.4282
P29557,4197.536
P29559,2237.0054
P29562,3746.7231
P29563,3807.07
P29564,2476.3076
P29566,1438.1571
P29567,2604.9534
P29568,2115.2766
P29590,1295.3419
P29598,1912.3129
P29600,2219.246
P29604,2328.913
P29647,693.788
P29659,5736.4707
P29671,3974.2568
P29673,2997.759
P29676,2102.2917
P29690,1412.3989
P29698,2549.1436
P29699,1855.5646
P29701,1085.7307
P29756,3240.0867
P29794,3506.7437
P29795,2921.246
P29796,2953.2756
P29820,2011.2014
P29822,2955.808
P29842,2408.189
P29851,3733.6719
P29853,3229.191
P29856,2651.4531
P29862,4128.9683
P29925,21397.967
P30010,2654.3928
P30024,4186.4873
P30034,1564.5878
P30035,1874.1594
P30042,1876.311
P30046,946.2521
P30050,1825.868
P30052,1965.7223
P30053,2046.7344
P30085,2151.7727
P30086,3012.8652
P30089,3921.6577
P30090,1792.0562
P30092,2267.7224
P30093,2427.631
P30094,2200.6836
P30095,2364.2434
P30097,3489.901
P30100,2183.1187
P30101,3612.0015
P30103,2337.8682
P30104,1938.3829
P30105,1850.8988
P30107,1590.8119
P30108,2292.1199
P30109,1132.9734
P30112,1689.6268
P30114,1788.3732
P30116,1137.7255
P30117,5737.9756
P30118,1323.8582
P30121,1991.03
P30133,1325.9003
P30134,1340.6742
P30135,2264.6284
P30136,1583.3129
P30138,1009.3
P30146,3923.0308
P30149,1352.8881
P30150,3803.9265
P30152,1740.8403
P30154,1433.917
P30155,2851.9385
P30156,1012.72235
P30158,2347.9329
P30160,2090.6492
P30161,1756.284
P30162,1971.8915
P30164,1785.1764
P30166,4068.671
P30167,2129.4514
P30168,111535.01
P30169,3406.414
P30170,3049.2034
P30173,1911.4081
P30174,2590.7258
P30175,5269.344
P30176,4495.0283
P30178,2041.7373
P30180,1919.7739
P30181,1404.8486
P30182,2311.6516
P30185,1560.1895
P30186,1413.475
P30187,1301.9182
P30189,2070.176
P30191,3104.603
P30192,3980.9956
P30193,2204.8281
P30195,2472.9644
P30198,1937.0461
P30199,2157.0256
P30200,2159.98
P30201,1682.4664
P30203,2649.1572
P30204,3182.3157
P30205,2240.4614
P30207,4551.737
P30249,1058.5475
P30250,1999.5391
P30269,1174.6688
P30270,1178.9248
P30271,1574.341
P30273,682.03625
P30274,949.1332
P30275,1497.6675
P30277,3528.138
P30278,4672.231
P30285,10053.586
P30287,850.11176
P30288,910.2175
P30289,1368.556
P30290,1005.3732
P30292,892.9578
P30399,3071.9216
P30400,3143.3633
P30402,15011.797
P30403,1707.1827
P30404,2241.3464
P30405,2125.8167
P30406,3941.1174
P30408,2006.6901
P30409,9705.032
P30410,2537.5293
P30411,2544.7139
P30412,4663.0854
P30414,2400.4116
P30416,2529.722
P30418,2888.333
P30420,3225.8164
P30424,4445.9634
P30425,4430.697
P30426,1847.6476
P30429,4400.954
P30431,7069.467
P30432,4101.2354
P30433,2528.7434
P30434,2498.645
P30437,2026.293
P30438,2232.5288
P30439,1589.8748
P30440,1382.8246
P30441,1980.2649
P30442,3038.613
P30443,1841.9531
P30445,7298.5703
P30449,3528.7776
P30451,1768.504
P30452,3038.0479
P30454,1840.5748
P30455,1923.0464
P30458,2857.3975
P30459,2269.706
P30460,2591.5466
P30463,1420.9388
P30464,680.9288
P30468,569.46497
P30473,2592.6804
P30478,2448.8428
P30479,1940.6971
P30482,2031.012
P30483,4337.832
P30484,4114.409
P30489,4155.6714
P30495,525.8361
P30496,466.38303
P30497,867.6834
P30499,919.8361
P30502,1291.6562
P30503,2505.9468
P30505,2532.8564
P30514,6402.6147
P30515,2862.2703
P30516,4243.443
P30517,2568.504
P30518,4333.849
P30519,3209.027
P30520,2603.2715
P30522,3441.9468
P30523,1370.7194
P30525,1370.7194
P30527,1791.0792
P30528,1793.79
P30531,2615.3362
P30532,2837.1487
P30533,3914.8625
P30534,1693.723
P30537,2816.6536
P30545,1597.7821
P30571,2288.6943
P30639,3738.1694
P30643,1586.1234
P30666,3674.7263
P30679,1640.8701
P30681,2385.9358
P30684,2253.011
P30691,1678.0364
P30692,1615.7128
P30706,2431.8176
P30709,2666.2773
P30715,3280.788
P30717,1872.4658
P30758,3254.656
P30842,1986.7764
P30870,6121.318
P30872,7203.8467
P30912,3197.5068
P31067,3048.7815
P31077,1777.3112
P31123,3240.065
P31229,1817.7186
P31230,3182.4888
P31232,4533.6113
P31329,4133.9854
P31345,1674.7946
P31347,2127.0066
P31461,3480.7046
P31464,3907.0505
P31466,2738.0403
P31513,15688.853
P31591,2019.9199
P31598,4083.707
P31614,4111.557
P31618,2160.9487
P31652,3641.6897
P31691,5982.3813
P31692,14948.248
P31713,2335.9775
P31720,1959.4369
P31721,1909.9741
P31785,9047.174
P31806,2389.0896
P31851,3088.8599
P31998,27159.615
P32151,4820.9106
P32196,8700.211
P32219,1698.1135
P32229,3335.2485
P32250,36485.16
P32255,17386.916
P32320,2989.5225
P32955,2096.72
P33551,2631.2747
P33588,2804.692
P33754,3691.306
P33890,1273.7441
P33891,1236.3987
P33939,10955.25
P34122,2487.064
P34204,2295.2854
P34300,1693.6455
P34301,4931.918
P34303,4365.8525
P34304,2370.1765
P34305,6410.192
P34306,1795.4237
P34307,4635.6646
P34309,3426.6865
P34310,2231.8506
P34312,4087.858
P34313,2836.28
P34315,4285.116
P34317,1271.3733
P34318,2206.6265
P34319,2388.8103
P34320,2478.2185
P34321,3044.2476
P34324,1782.624
P34326,4345.465
P34327,2956.3018
P34332,4214.089
P34333,2208.7908
P34334,3279.596
P34335,1899.193
P34337,2479.1335
P34338,2571.8877
P34339,2296.4692
P34340,4781.215
P34341,2966.2627
P34342,2177.208
P34344,3044.8809
P34345,1080.1652
P34347,1990.881
P34348,1771.6161
P34350,3005.2354
P34351,2738.8096
P34352,1376.1346
P34373,2761.4478
P34374,3777.5652
P34375,2683.321
P34381,4934.1245
P34388,2508.8533
P34389,3210.7605
P34390,2692.9355
P34392,1214.8539
P34451,3633.3965
P34470,2292.3176
P34473,1872.2228
P34475,1920.6625
P34545,5160.274
P34548,3201.203
P34578,2810.2468
P34664,3065.7678
P34722,4741.715
P34892,3681.01
P34894,2862.9583
P35464,76878.336
P35694,1931.5895
P36063,1131.7299
P36072,1652.5154
P36075,1982.0417
P36077,1398.3164
P36105,3368.9783
P36106,10306.512
P36115,3596.049
P36119,4897.4194
P36327,1978.4594
P36414,2965.7888
P36415,2573.4265
P36416,2276.6506
P36419,3053.098
P36421,1769.2704
P36422,3422.1326
P36423,1725.5209
P36425,2974.164
P36454,2163.345
P36619,2122.97
P36772,1426.2952
P36829,1330.9304
P36835,1197.5768
P36838,1228.5654
P36863,1155.6765
P36896,3805.9446
P36898,15493.953
P36899,3745.6619
P37112,4258.3203
P37115,4511.003
P37118,5359.4766
P37141,3008.207
P37145,2856.893
P37157,4202.4756
P37421,2423.1292
P37422,1864.4208
P37423,2014.5028
P37425,1798.9426
P37426,1852.7852
P37427,2385.3965
P37428,3826.6257
P37697,880.37244
P38347,1597.6571
P38411,1494.2592
P38454,2779.398
P38456,2072.3984
P38457,76014.984
P38458,2566.1108
P38459,2424.4197
P38460,3058.3713
P38462,2266.1057
P38467,1242.5189
P38468,5006.0127
P38472,3377.5059
P38537,2413.4055
P38567,3545.7742
P38709,2368.7307
P38711,1812.1267
P38712,1786.325
P38713,3054.2922
P38714,2112.2122
P38715,2958.2822
P38718,2597.5603
P38720,2588.3555
P38722,1523.5709
P38723,2403.807
P38727,1260.5143
P38729,1166.39
P38733,1137.1582
P38734,1511.8645
P38735,1088.4541
P38737,3190.5444
P38740,1198.9292
P38741,1436.8656
P38744,3502.558
P38745,77901.71
P38753,2593.7764
P38754,2139.2703
P38755,3142.4338
P38757,2746.8127
P38759,2418.4465
P38762,1031.5422
P38766,2076.4094
P38767,3695.382
P38768,2672.5945
P38770,4192.938
P38778,2066.1604
P38779,1730.1539
P38780,3584.1172
P38783,3677.3213
P38853,3105.7642
P38854,2710.3616
P38855,3572.784
P38903,2978.4104
P38906,3173.2273
P38929,3313.2751
P38930,138547.39
P38932,3869.186
P38933,4511.5063
P38936,1675.5059
P38937,2374.3025
P38942,2281.4976
P38943,2097.3132
P38944,1517.5815
P38945,6526.785
P38947,1777.9447
P38949,2631.8308
P38950,32087.719
P38952,4184.1396
P38953,2643.4944
P38955,4442.4487
P38956,9891.946
P38958,1964.6047
P38959,2212.6453
P38962,2189.601
P38963,2009.9401
P38965,1544.8319
P38969,2317.3433
P38971,1696.1265
P38973,2212.7625
P38975,8446.349
P38977,173995.52
P38978,5973.982
P38981,1869.6494
P38982,2616.569
P38985,1292.8113
P38989,4881.5015
P38990,1661.3357
P39001,2485.5066
P39059,1027.5133
P39157,2258.703
P39310,3646.379
P39311,2420.6697
P39313,187294.67
P39314,2987.7976
P39316,1677.1079
P39317,86340.61
P39318,124633.88
P39319,260458.69
P39420,2485.0063
P39421,4036.3652
P39422,3392.4695
P39424,4757.2676
P39425,2471.7532
P39426,2509.4924
P39427,1913.6407
P39428,2499.3054
P39429,1439.4005
P39432,2614.0688
P39433,3495.1116
P39434,287252.94
P39435,2806.1973
P39436,109947.37
P39440,67306.78
P39443,2228.9607
P39444,157674.61
P39447,2632.8079
P39448,4654.287
P39461,2212.0776
P39463,4560.107
P39464,87700.05
P39467,2980.4329
P39468,2206.5422
P39469,4570.977
P39470,3920.2961
P39472,191563.17
P39473,1768.526
P39474,3572.5352
P39475,1854.669
P39476,1870.1356
P39477,1068.1588
P39478,2099.689
P39479,1812.9595
P39480,1884.0145
P39481,8567.518
P39482,2053.7847
P39496,3853.0022
P39498,3460.3206
P39499,1809.932
P39500,1810.3016
P39502,3351.4666
P39506,2363.2861
P39507,3826.3374
P39509,3251.3542
P39511,2023.8313
P39587,2179.0732
P39595,3915.6282
P39605,1963.7211
P39826,1741.362
P39991,1895.7576
P39993,2767.3118
P40009,2800.8281
P40042,14176.5205
P40102,2165.7942
P40452,5645.995
P40455,4291.69
P40456,5422.6284
P40458,1954.2275
P40503,3206.1753
P40509,1864.668
P40526,3410.5435
P40527,4623.886
P40528,2976.807
P40530,3835.993
P40531,7436.595
P40532,2824.0488
P40533,3298.0408
P40534,2622.3118
P40537,1759.4526
P40538,5594.5737
P40539,1518.011
P40541,2560.4775
P40552,1744.205
P40553,1145.3156
P40567,2867.987
P40568,1477.12
P40569,1678.5048
P40571,2328.7522
P40573,2298.6943
P40574,5334.562
P40575,1226.2114
P40576,2735.753
P40578,2533.9429
P40579,963.7418
P40692,3549.1921
P40794,1350.7361
P40841,2048.3052
P40883,4211.1797
P41060,14350.976
P41457,2812.909
P41471,2327.6404
P41549,15346.592
P41550,42560.434
P41579,34426.484
P41806,3777.7742
P41899,4126.535
P42005,26034.03
P42049,1773.7
P42265,1667.125
P42266,4492.0796
P42269,2957.1013
P42270,1197.0619
P42271,3209.7559
P42272,2510.2383
P42273,4726.2896
P42274,5853.299
P42275,2422.859
P42277,2924.8083
P42278,2795.9507
P42279,4206.1055
P42280,4377.4077
P42281,1802.1993
P42283,1209.2523
P42284,2388.9312
P42285,1437.2633
P42286,2048.7517
P42287,1884.7247
P42288,1933.1677
P42289,1594.4092
P42290,2361.4763
P42291,1491.2042
P42292,1898.4982
P42294,1626.7085
P42295,2845.382
P42308,1179.8738
P42313,1816.0387
P42355,2152.9155
P42356,1942.6082
P42357,1660.1257
P42358,5370.6226
P42359,1203.2925
P42360,4889.3677
P42361,5987.051
P42364,2097.8455
P42366,6287.3096
P42367,1177.7438
P42368,3747.3057
P42369,2521.8323
P42370,3802.5515
P42372,997.623
P42376,3591.6128
P42377,2191.7288
P42378,3997.0955
P42380,4626.613
P42381,3718.4944
P42384,10916.189
P42387,5766.8086
P42389,7205.7983
P42390,2882.661
P42391,6500.542
P42392,2488.7788
P42402,2351.9526
P42404,1824.4418
P42405,2875.3906
P42406,2155.856
P42408,4881.995
P42409,1679.3851
P42410,3911.4583
P42411,1844.616
P42412,3589.931
P42413,2934.4353
P42414,1727.7435
P42416,4035.6646
P42417,3054.0708
P42419,3112.9634
P42420,3563.9065
P42421,2852.3887
P42427,2235.049
P42429,4356.559
P42431,2821.2942
P42433,1872.3835
P42438,2534.8013
P42440,2051.0107
P42441,2860.4343
P42447,2853.212
P42451,3398.436
P42452,2267.2485
P42453,2344.9912
P42457,2484.1116
P42462,3090.8643
P42465,2953.5671
P42466,3439.0095
P42468,2363.6694
P42469,1666.5643
P42471,1549.7526
P42472,2451.2224
P42473,2439.0347
P42475,2508.1794
P42479,5236.79
P42483,1555.2454
P42484,3334.8284
P42485,4041.6436
P42492,2490.3845
P42494,2051.5305
P42495,3138.557
P42496,6140.0127
P42497,1877.0604
P42498,2373.1306
P42499,4819.7427
P42500,1849.738
P42501,2911.6055
P42502,3832.339
P42504,3356.759
P42505,2829.9297
P42506,2300.4583
P42509,2224.3696
P42510,2932.854
P42515,1914.039
P42518,2336.0466
P42519,1787.6166
P42520,1786.451
P42522,2130.056
P42525,2064.381
P42526,3343.1357
P42527,2860.2476
P42529,2457.6091
P42534,1640.2611
P42535,2343.296
P42539,1205.2297
P42541,3195.29
P42542,1447.9542
P42544,3231.3264
P42546,3689.968
P42547,2045.4733
P42548,2947.5027
P42549,3271.8835
P42551,3542.9238
P42552,3315.9248
P42555,3221.5356
P42557,2728.9453
P42563,6098.572
P42564,1913.8015
P42565,2670.5923
P42566,2494.9731
P42567,2481.527
P42568,2641.1135
P42569,2163.9705
P42572,2131.1182
P42573,6286.5
P42574,6135.634
P42626,2935.3774
P42812,1340.4177
P42853,2528.3489
P42913,2036.153
P43183,1964.3357
P43184,46879.484
P43213,34625.168
P43536,5005.664
P43540,2480.5342
P43595,8395.059
P43745,4945.8247
P43779,4724.676
P43821,2823.4602
P43887,5096.326
P43888,1185.138
P43908,1717.2709
P43981,2634.6633
P43995,5337.6313
P01015,3028.1143
P01017,2133.3916
P01070,2304.4375
P01074,1674.0428
P01084,2632.102
P01107,1982.9819
P01184,2098.0718
P01188,3030.166
P01236,1813.6887
P01252,4956.399
P01302,2492.048
P01341,4779.309
P01371,852.02496
P01413,275.14996
P01414,276.65173
P01416,2052.7424
P01435,1976.4056
P01442,4106.6494
P01479,5647.1475
P01484,1106.9047
P01517,2938.3684
P01537,6571.8125
P01546,4398.2056
P01548,6120.9907
P01579,1531.8875
P01598,3277.1409
P01666,3513.377
P01686,2184.7544
P01705,2748.8757
P01708,3864.1365
P01727,1981.3525
P01742,2872.286
P01745,2493.8723
P01746,2671.8489
P01769,4454.0073
P01797,6514.5825
P01823,4238.811
P01826,2944.6274
P01840,14901.189
P01842,5597.3867
P01852,1225.3766
P01913,3237.0527
P01927,4958.0303
P01937,5088.952
P01940,904.6102
P01951,6677.72
P01960,2068.6873
P01976,7480.531
P01990,1209.7782
P02066,3626.6924
P02088,1555.1971
P02158,6011.984
P02211,3417.2166
P02212,2991.8848
P02230,2259.9746
P02248,1721.6083
P02290,6317.4023
P02296,1963.0522
P02328,217.4555
P02368,4372.5166
P02413,2476.8474
P02414,2657.635
P02415,3545.6997
P02429,1317.0391
P02491,1612.3774
P02531,2412.4675
P02595,3610.2996
P02681,4184.044
P02694,2420.099
P02696,2309.6753
P02698,4723.8105
P02704,1804.0077
P02711,2541.6096
P02766,2448.1477
P02784,2024.3721
P02785,3975.823
P02836,4358.3296
P02840,1247.2145
P02847,1649.3464
P02853,1843.0527
P02865,4647.065
P02881,1857.3528
P02927,595.6594
P02947,3933.3918
P02994,2283.3137
P02996,3227.965
P03040,2355.8481
P03214,2422.7166
P03215,3188.588
P03285,2739.6785
P03334,3254.504
P03341,2336.8916
P03368,2379.8735
P03489,2493.801
P03494,2834.8286
P03505,2647.327
P03520,2726.5657
P03523,4220.397
P03576,2465.8035
P03598,2210.9287
P03611,2786.4814
P03629,4540.501
P03644,3170.3618
P03647,12579.344
P03649,4182.811
P03651,3403.348
P03660,3954.3845
P03666,2374.9775
P03668,2439.5513
P03797,2909.466
P03878,16590.127
P03887,1603.546
P03892,2379.5002
P03903,1941.1313
P03914,2983.3003
P03915,5023.266
P03925,1996.9556
P03947,3182.2974
P03966,3463.534
P03975,4133.733
P03987,3360.3538
P03989,3220.0117
P04050,5273.3716
P04054,1801.4686
P04072,7993.3115
P04109,754.3542
P04122,3136.5903
P04126,2604.0576
P04137,6761.0884
P04154,3836.2456
P04188,4604.2085
P04211,3250.858
P04216,2015.8123
P04218,1864.321
P04220,2001.1719
P04263,3020.9844
P04276,2737.2983
P04338,2191.9683
P04347,752.5763
P04355,2787.1594
P04360,883.08655
P04384,2759.5398
P04412,2630.0977
P04428,1410.0576
P04498,3733.6255
P04501,4299.1104
P04538,2759.057
P04544,3384.3337
P04553,1865.0194
P04694,9029.011
P04742,2117.8252
P04744,1418.955
P04749,856.25104
P04832,8019.9707
P04884,3383.5137
P05053,3691.665
P05054,2140.29
P05067,5135.952
P05117,817.16864
P05154,4217.141
P05157,7489.648
P05158,6690.2476
P05203,3121.1526
P05227,5075.156
P05231,2452.3896
P05233,4349.9106
P05260,4739.549
P05262,2407.6848
P05272,2499.2864
P05275,4097.907
P05279,3168.6172
P05328,1327.4722
P05339,3509.19
P05340,1710.0547
P05346,893.2294
P05399,4395.7896
P05429,2606.6587
P05430,1783.5052
P05462,2342.0532
P05468,4540.163
P05533,2392.074
P05591,3057.6946
P05633,3123.1006
P05656,1891.6829
P05668,1418.8513
P05717,1071.4768
P05740,1627.3271
P05783,2992.4414
P05798,1962.9277
P05903,1379.8822
P05927,4004.3503
P05942,3075.6956
P05952,2785.2642
P05960,4052.6658
P05961,15305.24
P05973,1678.5441
P05974,1995.0464
P06015,2195.1223
P06018,3130.1309
P06024,3696.3022
P06040,3029.2122
P06056,2905.2473
P06074,1549.7134
P06082,816.29944
P06102,4982.056
P06148,10250.33
P06229,5430.9673
P06307,3786.6245
P06338,2993.9893
P06342,3671.9546
P06349,9307.634
P06350,3110.624
P06377,2293.743
P06409,3498.7544
P06723,1672.5387
P06859,1484.3734
P06905,1899.0516
P07031,14046.765
P07060,2560.557
P07080,1820.8556
P07094,2731.7366
P07153,9149.056
P07157,2683.5002
P07336,4524.858
P07358,1980.3319
P07484,2311.3064
P07622,2697.5022
P07652,9975.512
P07719,3097.3435
P08043,10391.299
P08149,1570.2185
P08197,4132.1797
P08198,3967.7605
P08210,2367.3674
P08262,8177.601
P08274,6328.493
P08276,4056.99
P08304,2499.1077
P08361,4130.9106
P08377,7245.143
P08391,21425.617
P08393,11191.477
P08410,3597.5999
P08451,1258.78
P08485,2835.2952
P08521,3030.3743
P08756,14890.833
P08794,1172.7352
P08813,2364.1362
P08827,2381.818
P08846,3536.245
P09218,2777.4377
P09360,3202.8096
P09394,6412.5586
P09476,4814.5137
P09605,5188.011
P09619,5061.3633
P09639,23849.77
P09703,1867.5286
P09814,2186.9766
P09816,1422.2128
P09817,2814.9075
P09967,5147.8804
P09990,2767.7976
P09991,4647.229
P10000,6542.91
P10025,3506.7705
P10031,4844.3647
P10038,4820.6807
P10121,140278.86
P10210,15845.137
P10212,20127.482
P10222,12510.75
P10251,5670.0107
P10256,6106.7617
P10330,2491.0344
P10416,2633.6191
P10418,2227.8103
P10419,4220.8843
P10422,3997.1145
P10424,2737.6653
P10427,4891.985
P10429,6530.422
P10433,4236.2803
P10436,2955.45
P10439,147900.62
P10440,83133.55
P10441,2682.7349
P10442,64923.87
P10450,4140.8247
P10492,4468.3564
P10548,1728.9548
P10554,1757.538
P10573,1053.1492
P10626,1833.1564
P10627,3997.637
P10631,2861.8455
P10633,1689.6752
P10635,4908.8076
P10638,2653.7434
P10665,2927.822
P10668,4500.915
P10669,3322.3748
P10677,4076.3591
P10683,7923.0845
P10686,2502.455
P10688,8059.1626
P10689,4181.1753
P10696,2193.211
P10698,51819.16
P10700,3166.656
P10701,4681.041
P10702,3345.4104
P10710,4757.54
P10713,4196.1387
P10727,14103.67
P10728,4122.8403
P10729,8898.157
P10733,13572.723
P10737,4182.464
P10739,3048.8105
P10740,2618.7642
P10741,3442.7876
P10746,9636.262
P10765,3488.127
P10766,2604.5632
P10770,3043.574
P10771,1749.1008
P10772,3153.2444
P10776,1812.5339
P10781,3200.537
P10904,1847.9967
P10910,3347.1055
P10995,3614.09
P11034,2679.278
P11035,2024.373
P11036,5120.8022
P11039,1301.0525
P11040,2316.7266
P11041,1757.4868
P11047,3114.2615
P11048,2945.2205
P11058,4698.918
P11059,1738.5088
P11061,2175.0996
P11069,2470.9055
P11074,4940.695
P11109,3712.717
P11130,3319.1118
P11132,1628.1566
P11146,1894.7802
P11234,1913.6846
P11238,3818.5308
P11239,1541.8959
P11245,3193.7053
P11253,2126.9905
P11254,3191.0344
P11294,4595.043
P11295,4295.3145
P11298,2748.5337
P11310,2777.1953
P11311,2451.0984
P11313,89149.375
P11315,3164.1013
P11317,3040.8691
P11319,3457.1829
P11320,3198.7546
P11321,3384.8826
P11363,1841.7474
P11430,2800.08
P11495,1340.996
P11534,1193.2456
P11757,1702.9655
P11758,1874.501
P11773,2977.071
P11778,2805.397
P11781,3370.965
P11784,3911.5776
P11785,3652.311
P11795,7764.618
P11817,2425.0488
P11855,3046.7346
P11857,5381.6685
P11858,3423.3015
P11859,108409.73
P11861,2975.9097
P11866,5790.543
P11867,4149.528
P12038,2631.2207
P12040,2006.5388
P12105,25120.33
P12114,10669.02
P12120,3678.1143
P12175,4684.4316
P12235,4024.2356
P12319,2689.7888
P12387,1364.1406
P12388,3051.5225
P12442,197358.53
P12443,160145.88
P12446,41644.42
P12447,42051.06
P12448,100623.18
P12449,1996.146
P12451,3188.9224
P12454,3850.1438
P12455,3546.4102
P12456,1872.807
P12458,6189.9897
P12467,4245.237
P12470,2637.3743
P12471,3894.7334
P12474,2574.6716
P12475,3746.0012
P12476,77627.38
P12477,2621.7065
P12479,1725.2451
P12480,2966.5288
P12481,4238.7017
P12485,2080.7507
P12486,2442.1372
P12489,4513.8135
P12490,3336.8906
P12491,3367.603
P12492,1477.1622
P12521,6665.095
P12524,3367.0024
P12526,3665.4905
P12528,3219.2131
P12554,2979.4292
P12629,1449.3962
P12696,2958.6519
P12722,2039.1644
P12746,1880.227
P12893,1326.9364
P12934,2839.2131
P13095,2911.0735
P13100,3169.8083
P13303,2151.472
P13335,17506.352
P13475,2574.2603
P13626,4171.021
P13653,2595.8645
P13655,2857.7832
P13669,2073.886
P13756,4023.6714
P13778,11088.977
P13779,14602.534
P13780,8185.881
P13784,39368.99
P13785,3517.7637
P13791,16568.006
P13810,8663.3545
P13891,2743.8362
P13892,3962.9187
P13894,3008.4365
P13895,3209.465
P13900,4430.4683
P13917,6824.765
P13922,1589.0277
P13930,2012.2993
P13935,2757.7751
P13965,4141.2397
P14015,4324.046
P14016,6410.9746
P14017,4871.4727
P14100,3463.273
P14305,1167.1345
P14342,2307.377
P14358,3480.9402
P14444,2129.23
P14445,1645.0271
P14449,2017.0619
P14454,1135.9117
P14456,1320.3466
P14465,4037.717
P14472,1877.7072
P14474,1977.7751
P14551,3043.2024
P14557,1630.2391
P14558,4616.302
P14561,48185.22
P14574,1774.1113
P14579,4482.9873
P14583,2371.587
P14604,1907.4736
P14617,2383.0967
P14658,3097.8843
P14660,2331.0928
P14668,1681.0519
P14670,1266.4847
P14671,1981.4452
P14704,2994.3518
P14744,5288.458
P14836,3900.0498
P14949,2292.0935
P14968,907.06805
P15054,1612.4935
P15062,2588.4937
P15075,2656.919
P15076,1385.5717
P15077,1382.1366
P15089,2351.9438
P15092,2772.5784
P15113,2606.7036
P15130,3242.0159
P15164,2419.1619
P15173,3996.5388
P15193,2007.458
P15194,2508.0862
P15259,2587.8652
P15262,3467.1074
P15266,5884.0923
P15271,1172.7822
P15275,2531.0073
P15281,6442.47
P15301,1235.9922
P15303,1556.1732
P15304,2328.138
P15312,3529.2017
P15315,2792.8994
P15316,3742.6472
P15318,3129.1694
P15322,4468.3223
P15323,1534.7057
P15329,2767.4583
P15330,2813.6887
P15331,125223.875
P15332,3435.006
P15334,1932.8071
P15336,187304.33
P15408,1056.414
P15415,2798.67
P15420,1629.8673
P15421,1845.7031
P15425,4179.7197
P15435,2417.225
P15437,941.6264
P15445,2678.5942
P15448,2658.4973
P15508,39369.51
P15510,18681.213
P15533,3906.9907
P15538,3824.637
P15704,3291.7292
P15729,2382.259
P15745,31698.936
P15789,2196.8174
P15830,2807.1587
P15857,3248.8645
P15860,3044.6892
P15942,2801.8142
P15946,5207.774
P15950,2305.4546
P15965,1434.83
P15969,2724.271
P15973,1558.1615
P16079,3206.7258
P16155,115442.34
P16156,130478.04
P16157,68907.87
P16160,2851.2976
P16182,3665.3857
P16213,1416.844
P16228,1098.4626
P16355,2349.3713
P16371,5281.134
P16381,7328.6567
P16382,1693.4111
P16383,3388.4783
P16384,1952.6665
P16387,2554.9202
P16388,2533.4534
P16390,2896.577
P16429,3497.3696
P16446,5723.5938
P16470,6171.331
P16471,3589.5542
P16473,1922.5043
P16475,2461.1218
P16479,3021.0796
P16481,2661.0234
P16513,831.6808
P16514,3236.21
P16561,1512.13
P16597,7133.081
P16598,1038.9729
P16615,3564.9094
P16628,6310.248
P16675,2153.2627
P16884,2299.4192
P16892,5176.5776
P17003,3565.8652
P17008,8098.1206
P17151,1880.3993
P17152,1225.0872
P17180,6542.205
P17220,2776.7888
P17224,1620.1516
P17226,4592.8823
P17266,5560.5464
P17318,3758.7908
P17441,6607.4062
P17443,2764.429
P17450,2885.2788
P17497,2568.9658
P17506,4197.2397
P17515,2408.6763
P17528,2159.0002
P17529,1331.9711
P17904,2513.5454
P17933,3875.4768
P18187,6059.745
P18265,1688.1925
P18314,1671.1962
P18322,2793.2085
P18325,709.2724
P18334,1230.6592
P18354,2791.5142
P18421,1386.8438
P18435,3047.7783
P18505,2682.534
P18588,4773.218
P18593,2790.5063
P18618,1748.1923
P18766,3242.3687
P18847,3220.8625
P18871,2565.9517
P19146,4821.509
P19147,3628.5334
P19263,2985.8286
P19285,1813.7217
P19372,4444.2505
P19374,1660.7627
P19429,3376.649
P19688,175571.88
P19689,2761.004
P19692,1844.1135
P19705,2192.7024
P19707,1896.2242
P19708,2806.512
P19712,2796.2866
P20126,6015.7466
P20128,3465.4607
P20133,2842.1794
P20134,3843.9565
P20250,5248.226
P20357,2985.3813
P20367,3261.4565
P20369,2904.211
P20375,3353.5903
P20419,1329.0073
P20902,1424.6035
P20980,3980.1602
P21063,1639.5076
P21093,1385.066
P21099,2837.028
P21153,4932.8306
P21188,1649.322
P21190,2711.3015
P21191,2668.5957
P21286,2475.4124
P21377,3321.9626
P21380,5265.626
P21399,4146.481
P21645,3011.4487
P21647,2742.1782
P21774,2586.4941
P21838,4463.628
P21870,2042.8743
P21899,1615.4391
P21900,4771.433
P21901,1641.2834
P21902,4976.9077
P21903,1992.2291
P21905,1203.2103
P21912,2339.4814
P21916,2141.8445
P21918,1613.2662
P21922,4355.1006
P21923,2955.2878
P21926,1465.2137
P21927,1617.9121
P21957,2860.47
P22034,4124.4297
P22656,3024.4304
P22658,2978.2385
P22673,3345.3657
P22679,5023.6733
P22680,3906.2903
P22681,4587.6587
P22683,2785.6401
P22684,4366.8813
P22687,8370.25
P22688,4996.2236
P22897,11777.432
P23151,4284.5767
P23154,2294.5244
P23156,2580.1565
P23241,3100.684
P23261,3329.9836
P23328,1648.448
P23444,4465.344
P23521,3292.0308
P23550,6290.5786
P23720,3466.8164
P23733,4333.1836
P23839,12321.202
P23861,3324.0518
P23931,3729.6528
P24016,5100.4985
P24132,5714.2
P24351,2616.307
P24493,2819.4282
P24551,4390.597
P24747,5158.675
P24748,1880.0063
P24758,2302.2576
P24789,2480.7698
P24831,1536.0316
P24870,3462.8633
P24906,2481.4988
P24911,5110.082
P24922,4327.1035
P24957,4407.2056
P25015,12836.011
P25074,5212.828
P25148,1469.3284
P25154,1882.1315
P25191,2126.7297
P25225,2432.327
P25279,3240.912
P25419,2315.4194
P25423,3060.6042
P25425,2787.1448
P25426,3055.2366
P25485,5123.1816
P25487,1939.122
P25502,1265.5162
P25691,4031.1245
P25693,4241.011
P25979,3818.986
P26047,2853.2896
P26383,3533.3958
P26393,2155.9517
P26439,4302.429
P26461,2491.3694
P26540,154604.1
P26574,1497.7711
P26684,2468.712
P26726,2345.2136
P26729,3255.566
P26732,2441.8706
P26734,3066.6365
P26778,3323.053
P26807,1558.3771
P26863,2382.1204
P26973,2858.9285
P27048,1279.961
P27153,3607.7175
P27174,4500.254
P27212,4453.0728
P27218,4883.8584
P27229,1928.5084
P27241,3415.3914
P27242,1968.9595
P27295,2480.4573
P27296,3218.9858
P27299,2439.0764
P27340,2504.8018
P27410,2529.8245
P27414,3274.2815
P27416,4880.0723
P27504,1927.7882
P27508,1231.979
P27516,2775.9768
P27517,2923.97
P27518,2432.769
P27519,1941.676
P27523,2897.8635
P27545,2484.8179
P27547,807.57806
P27553,3424.7551
P27555,1248.0034
P27560,1925.8339
P27561,1984.4081
P27566,3220.9395
P27577,1080.3059
P27580,1215.018
P27586,1029.0991
P27587,2724.379
P27590,2134.201
P27598,5071.0283
P27600,2439.4907
P27607,2174.8516
P27609,2799.089
P27620,1979.6688
P27627,3924.7002
P27628,3472.9102
P27645,7956.982
P27648,1591.0138
P27649,2390.9844
P27723,3676.0515
P27734,5046.405
P27801,2212.6284
P28236,32067.467
P28239,5839.1685
P28241,6579.596
P28242,14802.264
P28246,2345.3313
P28253,3192.3193
P28254,5332.354
P28257,5390.685
P28302,3024.4563
P28303,3562.0474
P28304,2828.6328
P28389,11013.425
P28416,3030.6287
P28472,2063.8198
P28488,2900.2046
P28526,3481.9897
P28541,5671.1577
P28707,17329.668
P28714,3691.4678
P28732,1257.2845
P28740,4070.6042
P28776,2709.7334
P28859,2137.6155
P28862,3401.8806
P28877,4516.1865
P28878,3935.2346
P28882,4833.9883
P28883,2613.3433
P28884,2406.7788
P28885,149910.0
P28886,83089.875
P28894,2335.2869
P28895,2752.874
P28898,3543.377
P28900,3543.377
P28902,2291.9775
P28905,3474.355
P28908,110177.45
P28912,2690.9119
P28919,7639.945
P28931,3007.8425
P28935,3312.7314
P28937,3254.1965
P28945,2208.6274
P28946,2201.5635
P28947,2416.176
P28948,4391.4434
P28951,3451.7817
P28952,2069.935
P28953,2537.066
P28955,2506.743
P28961,1960.0193
P28963,2345.5964
P29034,2734.0583
P29041,1956.8146
P29043,3292.6902
P29047,2588.032
P29064,1054.8304
P29066,1690.4058
P29073,2325.026
P29083,3565.8245
P29087,6833.468
P29101,1443.6287
P29104,4053.6902
P29106,2103.4404
P29107,2331.5122
P29173,3362.6082
P29193,1850.7292
P29211,2707.8325
P29214,2064.4382
P29217,2434.3408
P29244,1483.0347
P29256,2969.5825
P29269,5381.1704
P29293,1472.5514
P29295,2086.4832
P29344,1282.1246
P29345,1314.2596
P29393,7285.536
P29432,6782.5195
P29446,2993.4722
P29476,2787.0623
P29482,2355.6233
P29490,6080.218
P29496,1996.646
P29505,3159.8904
P29524,1066.3175
P29530,1493.5099
P29605,4849.247
P29733,2948.7178
P29770,2065.6064
P29778,3523.137
P29793,3722.8992
P29918,30203.646
P29982,2626.5295
P30033,1451.4773
P30036,802.3296
P30038,1892.3851
P30039,2880.5222
P30040,1345.2839
P30043,3629.16
P30047,2555.3296
P30048,3769.6243
P30049,1865.2517
P30096,3934.8855
P30261,1754.8827
P30286,4822.7783
P30301,3265.2668
P30331,2979.5146
P30462,1712.9012
P30469,1792.0844
P30471,2257.422
P30474,1349.1077
P30475,4008.9482
P30480,1326.547
P30481,1230.5153
P30485,1900.6224
P30487,2845.6562
P30491,1080.0059
P30492,4047.9558
P30493,1209.163
P30494,2332.52
P30500,3000.955
P30501,4656.103
P30506,3504.4363
P30653,3583.0576
P30746,2382.7012
P30776,2464.6135
P30809,4977.4727
P30871,5944.606
P30880,4118.6777
P31178,4563.771
P31338,2625.6938
P31339,3610.365
P31367,2062.2646
P31370,3193.6716
P31444,2610.738
P31462,2778.8638
P31465,1834.0111
P31503,9632.1
P31612,108543.484
P31636,9640.013
P31638,17461.08
P31643,1538.3391
P31648,3317.0735
P31715,3988.21
P31770,4186.3438
P31810,2398.1238
P31815,2524.5273
P31816,4260.73
P31818,2393.1514
P31848,5487.1885
P31880,2523.9421
P31918,12903.151
P31930,2704.315
P32231,13471.678
P32310,8022.6025
P32367,4639.274
P32444,917.6477
P32686,1270.637
P32687,103613.086
P32783,5615.028
P32925,4008.9863
P33324,4268.0234
P33542,5117.2964
P33584,3175.456
P33807,3726.1216
P33832,2887.0205
P33850,3046.4673
P33856,53479.05
P33927,36016.02
P33935,14017.402
P33936,12399.503
P33942,7578.668
P33973,49213.926
P33974,23272.549
P33976,1439.7281
P33982,7356.3687
P34142,3045.8657
P34143,5935.071
P34145,2039.357
P34146,2524.7488
P34147,2042.7632
P34148,2424.6716
P34190,1932.5388
P34192,2022.7319
P34227,4285.6313
P34259,3848.0178
P34280,1811.4655
P34281,6884.0957
P34288,2994.1863
P34391,1648.0745
P34393,1686.8093
P34394,3587.3052
P34396,2514.1091
P34397,3184.241
P34398,4478.1533
P34400,2979.5173
P34401,3023.5476
P34402,3529.9592
P34403,2861.3582
P34404,3019.2559
P34406,94589.98
P34407,101277.945
P34408,3886.209
P34410,3901.825
P34414,2312.76
P34418,68018.08
P34419,1753.92
P34421,2616.5815
P34422,2270.749
P34425,2720.113
P34426,3501.018
P34430,2769.9346
P34432,4082.4258
P34433,2931.977
P34435,1404.3527
P34436,2301.6965
P34437,6120.4595
P34438,2411.646
P34440,1928.5443
P34442,2566.024
P34443,3868.6582
P34452,6251.55
P34454,2602.0188
P34455,2045.5592
P34456,2775.5374
P34458,97995.8
P34459,112554.93
P34462,2744.5273
P34463,118576.266
P34464,3415.3752
P34465,3619.0615
P34466,2452.5112
P34471,4810.832
P34515,2592.7856
P34516,3239.3079
P34521,1946.2928
P34522,2844.5964
P34527,2364.7488
P34528,2539.4124
P34529,2210.1062
P34562,1931.7323
P34629,3517.4883
P34723,2087.665
P34760,11297.337
P34854,6242.79
P34856,2895.4883
P34857,3146.1501
P34870,5808.976
P34879,3167.8735
P34889,2143.7583
P34891,6888.4507
P34896,3872.9082
P34898,2457.56
P34899,3277.5378
P34901,5828.229
P34902,1823.5488
P34959,3379.5396
P35002,3458.9048
P35040,3028.3628
P35078,3542.1804
P35081,2418.3567
P35098,3863.1636
P35167,4454.9463
P35169,3262.502
P35171,4159.717
P35238,25499.416
P35275,68301.29
P35309,2414.9868
P35312,2818.8647
P35313,3925.8684
P35317,4762.866
P35318,4104.899
P35321,2901.1677
P35323,8293.618
P35325,2340.7988
P35327,2161.3406
P35328,2548.4592
P35330,5653.421
P35334,3713.8965
P35335,2916.3523
P35336,2659.6858
P35337,2407.1968
P35338,4070.282
P35340,4189.168
P35342,4110.9175
P35343,2061.167
P35344,3795.872
P35345,3114.098
P35346,14200.947
P35348,2607.3215
P35350,10698.969
P35353,10594.187
P35355,8886.317
P35356,11954.874
P35357,8589.724
P35358,11644.695
P35359,9277.039
P35360,13319.911
P35361,9172.175
P35362,3358.6296
P35363,17787.176
P35512,7812.0566
P35513,3670.827
P35514,25340.623
P35515,9095.816
P35516,7323.5347
P35518,11623.025
P35644,7723.4624
P35972,1977.744
P35973,156703.36
P35974,137420.7
P35976,3635.7576
P35998,211089.3
P35999,2204.6567
P36005,2151.28
P36007,2513.3943
P36008,2402.2732
P36009,1867.1758
P36013,109752.41
P36017,2560.7732
P36039,6183.7993
P36100,6064.961
P36165,4691.1924
P36183,3201.3098
P36184,3661.105
P36199,3106.422
P36232,3182.091
P36250,3777.0933
P36268,3797.3062
P36281,2934.378
P36370,2292.3887
P36371,2407.1714
P36412,2361.7275
P36418,1656.6805
P36527,2210.4592
P36529,2364.5232
P36567,3437.2908
P36636,2865.1523
P36671,6646.152
P36707,12553.156
P36708,18704.816
P36710,13883.554
P36724,3331.7473
P36770,1838.5922
P36840,3104.446
P37038,6154.924
P37059,2496.515
P37114,1324.2252
P37124,2594.2961
P37131,2268.1755
P37270,6944.174
P37286,2083.842
P37290,2397.147
P37291,2106.84
P37292,6001.43
P37295,2386.6655
P37297,3012.578
P37298,2748.122
P37299,71637.164
P37302,6351.273
P37303,2589.6138
P37304,2662.0898
P37305,3146.4084
P37306,3459.5945
P37314,100731.87
P37317,121933.445
P37319,2333.0186
P37322,4099.9014
P37323,2375.0117
P37326,2878.746
P37328,188778.95
P37329,1350.0228
P37330,3443.428
P37360,2311.5645
P37362,58326.574
P37363,2772.9766
P37366,3509.2102
P37369,135645.84
P37371,1926.8043
P37372,5537.67
P37375,2704.4104
P37376,99753.414
P37377,2975.261
P37378,42435.805
P37379,2982.9045
P37381,62947.047
P37460,3053.6018
P37513,4801.4707
P37562,2158.4143
P37563,131545.92
P37564,2874.3623
P37566,4260.901
P37584,82683.484
P37585,3440.568
P37586,2653.9321
P37588,2379.977
P37589,4331.303
P37590,3027.9438
P37591,2566.4216
P37593,2259.329
P37615,1902.9298
P37616,2973.3047
P37618,2384.7297
P37619,2831.1165
P37635,86803.04
P37637,2389.9775
P37638,2697.0442
P37641,3434.3638
P37642,1755.0543
P37644,5178.128
P37645,124904.34
P37648,179127.31
P37650,104916.766
P37651,58898.07
P37653,76618.49
P37654,106462.32
P37657,2045.7572
P37658,2342.7693
P37660,4100.821
P37661,3232.5073
P37676,2679.847
P37677,2338.4304
P37680,1439.904
P37681,2429.8672
P37682,4562.9307
P37683,2615.8914
P37684,2712.81
P37687,2604.7334
P37689,2740.766
P37757,2739.0957
P37765,2926.0056
P37768,128122.24
P37770,63643.22
P37771,4077.4246
P37772,74666.8
P37773,167950.12
P37774,2853.7551
P37775,110328.02
P37778,199759.05
P37782,102220.164
P37784,112912.516
P37787,87041.2
P37790,68807.52
P37792,3093.9414
P37794,85968.41
P37795,98519.62
P37796,111169.27
P37798,45170.027
P37799,3086.8098
P37801,4346.7954
P37802,3092.28
P37803,1657.8643
P37809,4748.9663
P37810,82998.0
P37811,2316.605
P37814,133003.8
P37815,92948.95
P37816,127387.93
P37827,1634.455
P37828,4865.552
P37842,4945.136
P37843,2755.4385
P37849,1270.1884
P37853,3323.278
P37909,1260.3169
P37952,2614.5479
P38217,78918.234
P38238,4827.284
P38329,4305.6934
P38333,2243.1704
P38361,3207.5154
P38364,3279.6836
P38377,1491.3964
P38404,1512.7478
P38469,3099.9773
P38470,3830.7786
P38473,1879.8745
P38474,2113.6707
P38478,2026.9204
P38504,2825.3223
P38576,1852.2902
P38580,2662.7908
P38644,3234.4875
P38706,1906.1754
P38707,2930.7102
P38721,2286.189
P38732,5385.895
P38736,3997.6064
P38738,1808.7545
P38746,2462.665
P38748,1429.9158
P38749,4278.3975
P38750,3101.5747
P38751,3726.4985
P38756,2707.0513
P38758,1784.3811
P38765,2671.7073
P38769,1690.5171
P38776,1379.5938
P38777,1409.1609
P38782,1296.2175
P38797,4141.524
P38845,2243.426
P38961,4553.4565
P38986,3608.5505
P38987,5261.1475
P39061,5017.8926
P39141,45660.664
P39146,2416.4988
P39153,5850.932
P39161,3393.1558
P39162,3778.924
P39285,3747.102
P39445,2015.2583
P39535,10703.725
P39600,2018.215
P39620,3503.8713
P39633,1455.5847
P39645,1255.765
P39646,1569.6598
P39647,1363.7814
P39748,2626.938
P39753,2134.421
P39764,51827.266
P39777,3441.8745
P39781,2203.9385
P39786,2584.6428
P39787,1712.8105
P39797,1914.1238
P39798,3217.147
P39806,4333.0884
P39809,5428.9683
P39812,3596.1794
P39813,2150.4695
P39818,3250.7122
P39820,2743.6934
P39824,2092.1199
P39834,2836.2312
P39835,2454.516
P39836,1183.4666
P39841,2799.1226
P39844,2374.7397
P39863,5049.1685
P39928,2146.3196
P39937,18240.957
P39940,9459.924
P39943,2124.6914
P39944,3190.2886
P39945,5603.1504
P39949,10119.513
P39951,9353.269
P39968,12655.24
P39976,6788.577
P39978,7357.695
P39980,12684.254
P39982,6082.7524
P39984,11830.469
P39988,7719.3896
P39990,8817.669
P39992,3644.0908
P39994,4164.8945
P39996,3913.4587
P39997,2447.6785
P39998,3213.972
P40000,3221.935
P40002,5123.5776
P40007,6129.199
P40008,9352.778
P40010,5782.3193
P40012,4401.4873
P40018,6003.1763
P40019,11204.453
P40103,4927.5493
P40104,1742.9097
P40105,2221.481
P40107,4065.0708
P40108,5472.3804
P40109,2435.0261
P40112,4157.5312
P40114,3558.2876
P40116,3087.5283
P40117,3212.7488
P40118,6096.908
P40122,1869.3452
P40124,4754.659
P40126,4040.5063
P40127,10981.057
P40131,2252.8208
P40132,2289.189
P40134,3743.415
P40135,4320.0884
P40137,254589.95
P40138,2668.9177
P40140,2426.0127
P40142,5995.8516
P40143,2152.5005
P40144,1842.2915
P40145,3086.8804
P40146,6468.9785
P40148,2887.8757
P40150,1516.9581
P40158,3914.885
P40159,7023.2876
P40160,3890.6821
P40161,8985.463
P40162,87187.26
P40163,167736.92
P40165,3726.0933
P40166,2532.3816
P40167,4731.3145
P40170,4148.503
P40171,3654.7612
P40172,4575.2827
P40173,5626.061
P40174,5495.1865
P40177,1947.2439
P40178,4009.5676
P40179,4001.0398
P40181,1456.0084
P40182,7773.6143
P40183,2729.1733
P40190,3157.0007
P40196,4547.553
P40198,3388.3167
P40199,2103.9001
P40201,2406.509
P40203,2501.666
P40206,1925.8761
P40218,2848.4158
P40219,2097.4712
P40220,1816.1002
P40221,3060.1196
P40223,1583.6968
P40224,2121.2134
P40226,2536.9243
P40228,2909.9087
P40229,2786.5544
P40230,3796.1074
P40232,7465.306
P40234,1967.6776
P40236,6492.877
P40237,4084.9812
P40238,3216.616
P40240,72680.83
P40241,4676.5293
P40243,3056.0876
P40244,2612.8186
P40245,1554.5813
P40246,58104.938
P40248,2079.9875
P40249,59369.25
P40251,4488.696
P40252,56126.164
P40253,2732.1052
P40254,2495.2576
P40255,3363.7278
P40256,4917.97
P40257,2697.182
P40258,2445.1797
P40259,2595.092
P40261,92054.875
P40262,1899.0635
P40264,5939.12
P40265,2234.255
P40268,1885.8896
P40271,2837.9797
P40273,1989.2004
P40274,123092.48
P40275,111255.71
P40276,7943.4087
P40277,4878.504
P40278,32787.836
P40281,5429.0303
P40282,2594.259
P40283,76827.54
P40284,2922.0864
P40285,2556.4856
P40289,1873.7625
P40291,2747.4287
P40293,1934.8655
P40294,2334.7266
P40295,2522.3738
P40297,1443.5426
P40298,3004.252
P40324,2270.8445
P40325,3033.4546
P40326,3480.9038
P40328,3371.9846
P40329,3456.5762
P40331,4736.819
P40332,3552.3252
P40333,2529.2332
P40334,4621.545
P40335,3711.297
P40336,5129.641
P40339,1870.7308
P40341,2978.8054
P40343,2491.8198
P40345,4575.981
P40346,2608.0269
P40348,1343.7113
P40349,3260.9868
P40352,1756.5463
P40358,2481.3354
P40361,3001.525
P40363,3932.075
P40365,3121.8762
P40366,1922.717
P40368,2340.082
P40370,1196.408
P40371,1621.4485
P40373,1361.288
P40374,2598.418
P40375,1301.0146
P40376,4656.1606
P40377,2792.4958
P40379,3547.75
P40381,1381.5906
P40383,1611.9581
P40384,1340.0454
P40385,2534.6174
P40386,4204.4443
P40387,2843.2195
P40556,4258.816
P40563,3677.1318
P40601,3908.6384
P40618,1563.288
P40627,3063.5984
P40657,6575.8506
P40658,3028.4897
P40659,8588.086
P40660,4780.157
P40662,3434.8552
P40667,3586.8433
P40668,3510.1074
P40669,3564.1545
P40672,7681.843
P40673,3154.6104
P40674,3225.724
P40675,3405.7285
P40677,4116.333
P40688,2153.609
P40690,2094.3416
P40693,3765.8862
P40694,6858.6533
P40697,3821.1726
P40698,3097.1248
P40700,4497.4346
P40701,3833.074
P40702,4283.9106
P40703,3151.906
P40705,4948.713
P40706,9791.649
P40707,104753.7
P40708,296493.5
P40709,5107.027
P40711,4171.8647
P40714,10006.07
P40716,6407.6123
P40719,3909.3022
P40720,5780.1963
P40721,4499.3354
P40724,2242.369
P40726,2433.541
P40727,2804.0283
P40729,6562.598
P40730,3010.7305
P40731,78225.11
P40732,1322.3094
P40733,102448.53
P40747,4971.0527
P40749,1205.0745
P40757,2441.9707
P40758,3352.6018
P40759,2140.2634
P40760,3044.0212
P40763,4164.4575
P40775,1621.6272
P40776,3228.2947
P40808,16696.78
P40864,2792.902
P40880,4911.946
P40881,3992.0884
P40890,2720.662
P40914,2497.7048
P40915,2776.2378
P40929,2296.3762
P40955,4699.084
P40966,9213.313
P40967,24372.102
P40968,15135.648
P40978,4400.459
P41086,17329.271
P41090,14476.554
P41156,2081.0596
P41185,1965.0593
P41232,55517.41
P41234,14041.581
P41235,14515.569
P41240,1957.1152
P41241,2581.5586
P41243,2594.1477
P41246,2821.223
P41249,3392.7576
P41262,3588.3594
P41330,2452.6096
P41331,1884.011
P41334,11333.328
P41335,16690.188
P41336,2776.255
P41338,2311.9019
P41340,2411.24
P41343,2305.0225
P41344,2468.0325
P41345,6083.716
P41347,46124.203
P41348,3932.0376
P41354,4396.792
P41356,311195.56
P41357,1692.4531
P41359,2655.1501
P41360,2188.681
P41361,3304.9128
P41362,319158.62
P41374,4263.572
P41375,4699.9043
P41377,3878.2764
P41382,13748.045
P41408,2491.405
P41429,3057.365
P41434,1797.8933
P41437,2616.9673
P41439,1530.8346
P41442,3914.041
P41470,2361.6372
P41535,3941.0986
P41593,3220.1467
P41596,3809.4858
P41613,1895.5026
P41715,1341.2521
P41741,5426.0225
P41756,5629.148
P41764,2536.047
P41769,4055.7905
P41812,4886.356
P41816,4355.4453
P41830,1361.9155
P41849,4804.875
P41851,3155.691
P41866,2591.591
P41872,5273.2207
P41873,2297.9038
P41875,3761.6282
P41876,2234.337
P41878,2380.2166
P41890,4694.259
P41893,3177.5288
P41925,8683.267
P41926,3025.5444
P41929,1493.4694
P41930,2631.6853
P41932,4742.172
P41935,1836.8229
P41937,1275.8959
P41939,2904.4714
P41940,3861.5312
P41941,2611.5938
P41947,3814.5479
P41949,1689.897
P41950,2632.9673
P41951,2084.6067
P41953,4152.2007
P41963,3616.4905
P41965,1518.3406
P41967,2789.3672
P41968,4228.8315
P41971,2550.3623
P41973,4630.5024
P41977,2706.212
P42030,10180.511
P42046,5136.54
P42100,29750.686
P42104,2368.4133
P42235,24182.566
P42300,2113.0747
P42329,2796.1787
P42354,959.7392
P42418,3484.6047
P42430,2031.8319
P42432,41014.684
P42434,4193.1216
P42437,2863.2424
P42439,2824.4072
P42444,2980.3389
P42445,4531.687
P42446,2879.0964
P42448,3739.9062
P42458,2867.6765
P42459,2347.1265
P42460,3658.319
P42461,2834.9504
P42463,5978.4395
P42470,3621.282
P42480,2426.7476
P42488,2513.874
P42489,3218.0676
P42491,4549.5405
P42493,2278.4946
P42503,1229.1302
P42508,2351.6116
P42514,2587.58
P42521,3729.1833
P42523,4286.0645
P42528,4080.1094
P42530,1680.6204
P42531,6075.284
P42533,1535.1825
P42536,1695.9354
P42537,2275.1775
P42538,2952.732
P42545,1927.9207
P42554,2722.008
P42556,1617.128
P42558,1862.3076
P42559,3867.3374
P42560,4489.6504
P42562,2341.651
P42570,3055.0967
P42575,2739.617
P42578,2160.3386
P42586,2696.2324
P42706,2187.3657
P42721,13814.816
P42793,4576.094
P42794,1569.7526
P42796,123107.85
P42822,3253.9946
P42824,5302.6064
P42855,2048.1467
P42869,1754.6458
P43033,2720.5764
P43065,30373.354
P43090,9313.939
P43132,4374.4067
P43186,2563.231
P43187,64680.99
P43391,4155.0493
P43480,3615.666
P43517,30142.9
P43639,1622.2664
P43710,7296.002
P43804,23034.201
P43808,8049.429
P43824,1181.7424
P43849,6552.2217
P43850,3133.1213
P43906,2420.7424
P43909,2204.7312
P43916,8725.982
P43943,2956.4456
P43946,2342.0051
P43979,4116.317
P43989,1710.7303
P44020,1982.9686
P44024,1518.9551
P44027,4141.0537
P01033,2501.3965
P01063,2768.7642
P01079,2495.0803
P01106,3647.9167
P01156,3674.2986
P01162,2995.089
P01197,2588.4185
P01206,4119.8447
P01239,3385.832
P01303,5051.818
P01314,2889.2783
P01315,1719.3032
P01332,2183.83
P01379,4195.7905
P01443,2855.0144
P01463,3212.522
P01502,5567.7114
P01510,2511.5378
P01576,3160.8853
P01623,3614.1348
P01626,2848.7214
P01637,2274.4514
P01638,3882.311
P01648,1797.6283
P01664,6489.558
P01667,2714.2922
P01718,1233.3167
P01741,3822.981
P01749,3436.7334
P01753,2109.5283
P01757,2532.046
P01766,3458.5483
P01770,2703.1465
P01776,2755.5254
P01812,3516.8308
P01816,2284.475
P01841,16846.707
P01844,5418.466
P01859,2064.6755
P01860,20384.648
P01879,2353.2827
P01889,2461.7065
P01918,6914.353
P01923,4145.093
P01934,1409.8813
P01962,2743.4802
P01981,5370.2075
P01999,2929.177
P02025,2727.8118
P02037,2364.4565
P02040,3435.881
P02053,1522.98
P02075,11371.094
P02077,810.6146
P02095,11769.594
P02124,4166.8096
P02152,4803.83
P02159,4214.121
P02165,6209.694
P02178,3756.6257
P02206,2408.8335
P02228,3070.3132
P02232,19080.578
P02241,1611.456
P02284,9687.517
P02285,13060.891
P02408,2346.017
P02423,2946.034
P02435,4451.7476
P02442,5696.6934
P02459,2274.6338
P02508,2132.2583
P02521,4947.2734
P02535,2446.8706
P02536,3075.5312
P02541,5278.615
P02546,2531.4397
P02580,11430.572
P02586,4845.9224
P02685,2610.4739
P02689,3643.024
P02805,2231.9773
P02808,2330.189
P02812,6805.5825
P02852,2179.8843
P02863,2836.8713
P02886,28459.361
P02887,53128.188
P02888,3681.7756
P02913,2497.0864
P02921,3162.2756
P02923,1234.4696
P02978,24727.04
P02982,4782.1636
P03028,2802.893
P03068,2553.0122
P03070,2110.7253
P03157,3030.886
P03178,13987.955
P03201,4462.2314
P03213,3968.7295
P03225,2194.4668
P03332,8234.949
P03337,3344.6794
P03343,5068.939
P03352,3647.3079
P03369,2900.7732
P03439,3140.0994
P03444,2047.2041
P03452,6295.0684
P03458,2781.922
P03459,7660.434
P03461,5059.162
P03462,2207.9805
P03463,2282.4666
P03578,3357.2073
P03602,3815.2683
P03628,4340.6924
P03631,3484.0132
P03654,3862.5298
P03675,2502.8262
P03684,2630.3447
P03696,3380.1875
P03724,6914.6763
P03751,3527.327
P03772,3774.7124
P03786,4992.0317
P03808,1960.543
P03809,2895.255
P03815,4769.172
P03908,3395.5164
P03923,4655.0684
P03933,2729.7004
P03934,4742.47
P03935,4306.6377
P03979,2929.1714
P04044,4991.741
P04051,8520.335
P04070,4798.257
P04101,3717.3984
P04108,2828.4033
P04127,17953.09
P04133,4522.8604
P04143,2253.6658
P04161,3871.272
P04164,3901.97
P04169,3173.8599
P04213,5171.09
P04251,3210.0283
P04273,3902.7444
P04285,21146.787
P04291,25195.045
P04329,3372.4543
P04334,5828.8013
P04386,46328.273
P04387,2047.207
P04393,3434.649
P04394,3406.8657
P04396,3078.5842
P04398,2882.3723
P04403,7221.927
P04408,3226.555
P04421,3838.5261
P04434,3755.275
P04466,2736.2905
P04525,2186.285
P04531,2714.9253
P04560,1133.7128
P04564,8140.535
P04567,4778.8896
P04570,2405.7961
P04598,2690.922
P04599,2548.5552
P04689,16052.657
P04690,3112.215
P04691,3910.4397
P04697,2036.9943
P04700,1422.5765
P04736,2573.6892
P04758,3578.2925
P04771,4452.7754
P04830,2431.6228
P04831,3330.3174
P04834,7246.878
P04836,6889.2324
P04873,4129.5786
P04900,2729.0327
P04901,3114.3801
P04909,4185.7085
P04924,4031.1052
P04960,6779.3047
P04964,3553.4878
P04966,1599.7701
P04970,30681.115
P05039,2566.3887
P05049,5616.3726
P05059,2336.06
P05081,2158.4553
P05097,2498.9133
P05098,3665.7598
P05099,4707.3477
P05107,1561.893
P05109,10275.144
P05112,1768.245
P05113,2578.8435
P05114,2587.5195
P05136,11863.598
P05138,16190.392
P05141,3600.264
P05142,8870.998
P05143,18924.467
P05148,3713.6487
P05149,2852.8691
P05156,3407.1746
P05258,2337.556
P05283,1589.174
P05284,1655.4581
P05286,1361.7596
P05288,4894.323
P05291,2785.0889
P05292,2499.7336
P05302,2707.954
P05362,4119.0864
P05392,2525.2957
P05394,2893.0972
P05408,3225.3394
P05441,3223.663
P05443,2606.072
P05455,3174.417
P05460,4374.327
P05537,2877.413
P05556,6362.047
P05558,9320.924
P05704,1797.8427
P05705,2122.9417
P05712,2484.288
P05716,1173.2838
P05762,3711.5378
P05768,3031.4353
P05797,2350.2144
P05801,2343.8035
P05805,4132.479
P05812,1483.4366
P05838,5020.181
P05864,18049.68
P05907,2431.8687
P05944,2627.913
P05949,18208.576
P05951,2917.0562
P05968,5210.626
P05977,5217.549
P06069,6078.0083
P06079,4497.992
P06086,3926.198
P06087,2495.186
P06088,2060.873
P06145,6385.989
P06151,3777.695
P06159,3122.7698
P06170,5688.2065
P06171,2458.9836
P06187,4673.247
P06201,2708.4695
P06230,22863.115
P06236,3034.812
P06273,3339.6038
P06343,12159.423
P06344,17672.293
P06352,3140.324
P06376,47053.996
P06378,30605.219
P06379,4422.2603
P06380,20662.986
P06383,81233.99
P06385,4516.988
P06386,2026.1595
P06387,3379.5007
P06388,3046.6272
P06399,4507.119
P06402,27920.389
P06403,77935.59
P06404,25206.654
P06405,23019.992
P06408,16108.344
P06411,2256.2861
P06413,4731.441
P06416,5217.4097
P06418,2235.3198
P06420,2922.3457
P06421,2185.7239
P06423,3662.7363
P06428,5629.69
P06430,3884.8042
P06447,3306.19
P06448,2978.6135
P06573,2216.125
P06870,2186.7168
P07133,20893.611
P07139,28961.854
P07154,36715.43
P07158,41033.504
P07159,28440.016
P07160,42397.656
P07257,5185.5127
P07259,6104.1353
P07293,12966.797
P07294,21563.828
P07298,3150.496
P07299,4433.7324
P07506,2513.477
P07544,46725.45
P07546,21828.809
P07547,4277.194
P07555,61959.49
P07556,3462.969
P07559,32707.945
P07568,28688.953
P07573,14289.161
P07576,24278.7
P07578,22734.59
P07580,3678.1738
P07583,3844.701
P07589,84505.805
P07590,35253.06
P07595,37218.66
P07598,4153.559
P07599,79912.58
P07600,45089.586
P07601,21788.375
P07617,4192.526
P07619,43626.71
P07623,40714.44
P07625,21604.111
P07627,20444.11
P07633,13838.751
P07640,5198.7905
P07641,23649.81
P07645,55284.246
P07646,16472.871
P07655,4210.441
P07656,24131.006
P07657,4019.1028
P07683,38731.305
P07684,54859.09
P07692,3187.8975
P07694,2759.8596
P07696,2938.3445
P07698,4668.729
P07702,5534.523
P07708,52135.72
P07709,63829.523
P07776,4070.0957
P07777,4829.8354
P07778,3386.0903
P07780,59060.57
P07783,3990.832
P07784,35195.043
P07790,1917.8954
P07994,3622.398
P07996,3668.8943
P07997,2700.52
P07998,3509.6487
P08000,15052.024
P08005,4528.874
P08006,21585.145
P08009,15074.867
P08012,23466.453
P08014,13711.236
P08171,22837.574
P08172,12714.0
P08181,52522.734
P08187,51378.688
P08188,4189.1597
P08189,39402.906
P08191,5548.0645
P08194,4523.05
P08196,4555.681
P08200,24448.064
P08201,58205.1
P08203,4055.9956
P08217,2211.0024
P08222,2368.715
P08225,7639.6973
P08241,76380.15
P08242,4209.3525
P08243,2794.3718
P08281,8147.5806
P08320,5075.921
P08322,47114.93
P08338,18276.709
P08340,25017.143
P08344,2252.9358
P08346,3804.1006
P08348,2070.025
P08350,3158.4346
P08353,29053.312
P08356,28365.361
P08357,2142.5383
P08359,30687.318
P08363,4650.8965
P08364,5242.2773
P08365,4003.8652
P08367,4802.208
P08368,32367.719
P08369,4365.973
P08374,56648.164
P08379,20725.828
P08380,19332.168
P08383,3358.6199
P08387,25609.453
P08388,18020.627
P08390,19466.71
P08392,28675.986
P08396,2978.6135
P08399,30459.16
P08400,3673.4507
P08401,2840.984
P08404,25419.508
P08405,4367.2144
P08406,5259.0303
P08408,3876.453
P08411,33494.7
P08412,26986.596
P08446,34663.89
P08448,28574.785
P08450,23626.928
P08463,3145.934
P08476,3252.1763
P08481,4929.74
P08489,2396.2483
P08501,2717.6917
P08502,3233.4849
P08524,1965.5122
P08526,2956.942
P08527,5256.9487
P08587,2922.0056
P08593,33503.93
P08602,3222.4731
P08604,37574.668
P08609,17701.729
P08615,40391.47
P08616,52252.844
P08617,46557.797
P08620,54046.074
P08624,3610.992
P08625,3104.7273
P08626,16324.013
P08633,3195.421
P08639,2669.3672
P08641,48969.812
P08644,37012.58
P08648,27576.73
P08650,2746.3096
P08655,2829.9053
P08656,40481.05
P08657,2187.1936
P08659,3413.7725
P08660,2300.3088
P08749,3439.7312
P08785,3790.3757
P08789,1546.059
P08792,4269.677
P08793,21738.227
P08796,4695.096
P08797,2501.8953
P08801,2959.4973
P08803,2805.508
P08804,3302.9934
P08805,1854.047
P08807,1557.2748
P08809,2763.8806
P08810,3402.8835
P08812,2374.691
P08815,4091.685
P08816,3188.01
P08817,4663.873
P08820,3670.214
P08821,3221.2898
P08822,3090.1392
P08828,4356.9287
P08829,2692.9624
P08830,5326.625
P08831,4786.7275
P08832,26354.39
P08834,23776.934
P08835,39144.8
P08837,34149.316
P08842,4376.072
P08843,4530.6626
P08844,1549.0939
P08847,55276.496
P08849,20345.047
P08850,3753.957
P08851,3978.3457
P08852,4341.2515
P08853,4141.8125
P08856,6304.268
P08859,3811.0708
P08998,4077.4014
P08999,4346.4556
P09002,3948.4065
P09004,2366.8376
P09009,4973.875
P09030,1218.4694
P09031,2243.1008
P09033,3766.7378
P09034,2826.2847
P09036,2109.128
P09037,3381.3003
P09038,4206.1694
P09040,2083.6912
P09053,3669.0273
P09055,30850.797
P09056,29094.96
P09058,19314.033
P09060,43573.74
P09061,4963.8745
P09074,8006.061
P09077,6855.9126
P09078,4066.8823
P09080,4287.1357
P09082,3002.152
P09085,3303.6963
P09088,6231.8433
P09089,2404.6248
P09094,7908.732
P09097,7272.5396
P09099,3655.8596
P09101,7309.738
P09104,4819.2646
P09107,37690.88
P09112,23943.78
P09114,26267.193
P09115,58477.066
P09116,34858.56
P09120,2851.5984
P09121,7564.369
P09126,22483.666
P09138,24410.576
P09141,28095.133
P09145,38867.773
P09146,25808.398
P09173,1999.7461
P09194,3510.1309
P09196,4417.138
P09197,19889.242
P09202,4592.046
P09203,13415.365
P09210,2978.5369
P09346,3486.1143
P09353,2661.903
P09359,3701.002
P09362,2520.0972
P09368,18354.318
P09373,3859.3108
P09375,7385.1577
P09377,2404.595
P09378,3509.0728
P09379,2264.6099
P09382,3310.097
P09384,5620.5527
P09385,2597.2915
P09386,3512.2979
P09388,5432.7188
P09389,5143.1587
P09390,4404.587
P09391,23264.027
P09393,37042.523
P09395,29361.893
P09396,24330.438
P09398,38412.117
P09399,5614.921
P09400,62496.805
P09401,37717.13
P09449,31646.287
P09450,10939.661
P09452,9021.393
P09453,4933.0566
P09454,1727.0001
P09455,31732.812
P09457,2305.4546
P09458,3977.048
P09460,4496.4565
P09461,2689.5054
P09464,5862.4565
P09465,7192.1753
P09473,27970.254
P09474,29040.516
P09477,42925.43
P09479,14398.576
P09482,19993.252
P09484,49267.977
P09487,3026.061
P09488,3630.5173
P09489,22503.982
P09493,2819.5115
P09495,1217.6329
P09496,3190.2856
P09500,3394.888
P09501,5276.1235
P09505,2856.088
P09506,2804.162
P09507,3674.0427
P09509,3667.1028
P09510,3471.9
P09519,2530.592
P09522,2904.833
P09524,3643.514
P09526,4355.6943
P09527,4333.0186
P09529,3034.76
P09530,3410.781
P09533,3642.5444
P09534,4003.869
P09538,2806.587
P09541,3259.6523
P09542,2801.4548
P09543,4449.697
P09546,4665.911
P09565,1765.9257
P09567,52797.348
P09570,4484.6426
P09571,2447.0784
P09590,2356.9653
P09591,4319.5566
P09592,2757.9172
P09593,2443.594
P09595,39636.543
P09596,17285.018
P09597,17315.855
P09602,19834.742
P09603,5080.9536
P09604,4021.657
P09606,3076.027
P09609,5199.3955
P09612,18457.115
P09614,26791.98
P09615,4616.76
P09616,20141.809
P09617,28952.85
P09620,27249.879
P09621,4044.8718
P09624,4191.546
P09824,3751.988
P09906,4680.157
P09909,2828.8096
P09910,2125.4263
P09911,2723.368
P09912,3721.8552
P09913,3165.0613
P09914,3127.6982
P09915,2613.2385
P09916,3111.2058
P09918,2231.7036
P09919,2635.5583
P09920,5156.746
P09928,1586.4838
P09992,1911.5513
P09997,3593.868
P09998,1919.6997
P10012,2638.8076
P10014,2855.035
P10017,4418.617
P10018,6003.474
P10019,2869.0967
P10020,5221.3975
P10023,1681.1176
P10028,3387.9224
P10029,3817.806
P10030,2349.0654
P10036,1650.9298
P10037,3191.1409
P10040,1726.7538
P10156,3230.8394
P10176,3007.3433
P10213,29082.283
P10215,29158.102
P10216,21936.518
P10220,33837.086
P10221,21126.064
P10366,2046.8408
P10393,3082.3135
P10394,3145.421
P10404,2799.2441
P10405,2540.1938
P10426,1389.9224
P10431,2047.1816
P10432,3092.165
P10434,3826.779
P10435,2031.1108
P10437,1779.4867
P10449,2535.436
P10531,2678.9688
P10628,2396.2402
P10629,1622.0281
P10630,1109.1024
P10632,2049.0107
P10637,1102.7563
P10666,62225.785
P10670,3391.049
P10673,6415.556
P10680,2128.5273
P10681,2260.3328
P10682,2023.5542
P10684,1457.0968
P10685,1853.8196
P10690,3574.0522
P10691,2674.9233
P10692,4114.7583
P10704,2745.542
P10715,3059.419
P10734,18027.572
P10735,2828.0176
P10736,4755.027
P10744,36214.445
P10745,17131.99
P10767,3631.0645
P10775,3962.1138
P10777,2951.98
P10778,3787.3867
P10780,2599.669
P10782,3178.4868
P10783,5639.4233
P10784,3791.3738
P10785,2793.7402
P10786,3527.0579
P10791,3462.0474
P10793,3497.9167
P10797,2616.8186
P11065,1851.6063
P11086,1943.4545
P11117,14694.826
P11171,1961.7574
P11233,5569.3154
P11236,4382.931
P11241,2550.2007
P11246,3588.7737
P11248,3584.9517
P11249,6214.3506
P11252,3669.157
P11255,3978.008
P11256,4859.5034
P11259,3985.9622
P11260,3266.5164
P11263,4579.876
P11287,2584.5073
P11290,4427.811
P11292,284020.62
P11293,105016.375
P11297,1888.7988
P11318,5034.865
P11323,3961.5996
P11326,3704.3328
P11328,2891.712
P11330,2906.8318
P11331,2135.3618
P11333,2422.905
P11336,2373.64
P11337,2720.3025
P11338,3943.039
P11422,3201.0378
P11507,2696.6401
P11508,2396.9595
P11513,2413.932
P11518,2469.423
P11520,2207.7815
P11568,38866.844
P11588,8447.46
P11683,3188.028
P11702,2807.5215
P11765,2618.693
P11766,2519.8723
P11774,2839.6223
P11777,2300.8972
P11779,3826.3157
P11780,1920.1935
P11782,4035.391
P11783,3065.803
P11787,3515.013
P11788,4955.789
P11789,2877.3774
P11790,1875.2998
P11792,3747.1414
P11794,5484.9224
P11796,7157.95
P11797,4040.3755
P11799,4197.704
P11800,4506.3667
P11802,4307.583
P11806,4807.057
P11807,3821.6719
P11810,2234.1482
P11812,8846.613
P11814,3981.326
P11815,4182.552
P11824,3846.3552
P11825,3839.2073
P11828,5592.1836
P11829,2190.673
P11830,3306.1301
P11846,2520.9182
P11847,3604.8555
P11854,2539.9673
P11865,2263.6238
P11868,2691.8835
P11870,3283.65
P11871,2415.7415
P12023,25545.762
P12101,8389.824
P12102,9287.521
P12104,3327.2085
P12107,13100.714
P12108,6157.5547
P12109,19098.604
P12116,2989.1887
P12136,20301.416
P12171,3286.5017
P12180,2596.272
P12212,1771.4141
P12213,2808.431
P12214,2327.9812
P12215,2558.4534
P12216,3905.2097
P12218,2247.6875
P12230,2317.738
P12233,2961.0435
P12236,2911.118
P12237,2992.9438
P12238,3072.2646
P12240,2628.56
P12242,2096.3948
P12243,1818.18
P12244,145519.19
P12318,10721.595
P12382,3148.6003
P12439,3293.2651
P12440,114987.23
P12444,2073.791
P12445,83565.09
P12450,2038.4856
P12453,3900.7903
P12459,2669.878
P12462,4360.683
P12463,4581.1606
P12466,2269.8901
P12469,1660.1819
P12473,2941.02
P12478,1188.626
P12482,3734.9543
P12488,3917.1973
P12498,2426.1643
P12510,2475.7866
P12513,2065.4685
P12520,2740.8655
P12522,4675.071
P12523,1816.2017
P12531,5131.8584
P12534,3342.8613
P12535,3687.8672
P12537,7609.604
P12540,2414.321
P12542,3500.4636
P12553,2921.5332
P12555,3408.0166
P12557,2592.3774
P12564,5530.3433
P12566,4100.946
P12571,5563.8994
P12572,4458.041
P12573,3515.2544
P12575,3138.6138
P12576,2262.4644
P12577,2234.869
P12578,2745.588
P12647,1959.7697
P12650,3959.5972
P12671,41007.84
P12719,2398.3823
P12784,2891.8843
P12828,1680.315
P12926,2538.3176
P13011,3384.0496
P13013,2753.0042
P13041,5961.226
P13050,2963.478
P13055,3535.9246
P13059,2793.2285
P13094,1598.2389
P13097,3744.29
P13098,5050.387
P13193,37305.406
P13222,2467.7346
P13227,3530.104
P13459,2503.366
P13531,30131.518
P13647,4000.8147
P13654,3492.139
P13664,2281.7947
P13666,1972.4033
P13667,2151.8157
P13668,2908.5974
P13670,2363.913
P13672,2335.8584
P13673,2312.7988
P13674,2323.5898
P13686,3007.5527
P13687,2697.6848
P13688,3105.8413
P13689,2491.6797
P13690,7449.4443
P13692,2345.6836
P13695,2817.5393
P13697,2258.733
P13782,22725.57
P13792,21983.766
P13867,3525.803
P13868,4398.474
P13889,3650.0193
P13890,1794.6975
P13901,3551.668
P13909,3589.965
P13910,5956.849
P13915,2261.9624
P13932,3790.7844
P13933,3822.609
P13934,3358.133
P13948,1589.6328
P14010,93153.234
P14011,149407.33
P14012,1906.5083
P14014,375936.53
P14018,3318.9282
P14020,2488.336
P14021,3148.8616
P14025,2223.645
P14026,2271.501
P14027,2508.4417
P14029,2754.9248
P14030,5368.707
P14089,2772.9727
P14092,1892.358
P14123,16928.46
P14142,3445.0872
P14410,2753.624
P14411,4081.748
P14414,3205.7747
P14682,6886.0137
P14684,2590.7517
P14737,11668.6875
P14745,1940.6166
P14785,3781.9387
P14813,3722.4695
P14816,1810.1954
P14821,2893.6506
P14840,1758.4941
P14853,2975.5237
P14854,8339.482
P14856,5076.584
P14876,3104.4075
P14878,3224.8933
P14880,3433.8562
P14887,2940.672
P14890,3034.7861
P14893,3404.0493
P14898,6091.3223
P14906,3057.7617
P14920,2711.885
P14921,3394.3958
P14922,2013.0511
P14925,1579.8536
P14927,3213.411
P14929,4988.124
P15034,2169.342
P15035,2318.981
P15037,3102.4624
P15038,3566.3552
P15040,2925.485
P15050,1758.0026
P15051,2624.6296
P15175,2878.7312
P15176,2146.8223
P15177,2442.6091
P15183,2296.4692
P15188,4073.2612
P15191,1900.0513
P15192,2813.827
P15196,1774.9554
P15197,2752.7007
P15203,3452.539
P15204,2199.379
P15205,2764.4172
P15206,2594.3606
P15209,5448.339
P15210,5307.606
P15213,4787.7
P15216,104796.766
P15218,5112.9785
P15221,75639.02
P15222,3287.5303
P15226,3803.5347
P15228,3958.3247
P15229,3325.1206
P15233,2140.3574
P15235,1526.4094
P15240,2269.2244
P15313,3759.3933
P15314,1724.5653
P15320,2031.169
P15324,3835.2283
P15326,2143.7253
P15333,2010.4196
P15335,3153.6987
P15337,2742.7815
P15338,182953.53
P15355,4190.1987
P15377,2348.7024
P15414,2291.607
P15446,31461.125
P15551,2555.31
P15707,2233.4268
P15708,2165.72
P15709,3786.61
P15722,27760.178
P15723,24259.166
P15724,26463.979
P15798,24003.318
P15824,1642.8771
P15856,2208.7485
P15858,3121.9478
P15859,3389.5356
P15886,3153.3315
P15890,3098.3896
P15891,4005.6836
P15897,3701.634
P15898,4716.08
P15907,4976.8174
P15909,3613.118
P15910,5949.961
P15924,2328.94
P15925,4058.364
P15926,1691.0858
P15927,2651.949
P15970,1694.7512
P16070,1406.6558
P16090,1665.1631
P16097,2460.9187
P16158,2359.7104
P16161,3277.7036
P16162,7345.0176
P16163,3355.9329
P16164,2601.8276
P16169,3158.4016
P16170,5099.3066
P16171,4485.0234
P16173,3387.816
P16175,3663.4526
P16176,1594.9099
P16177,2760.0256
P16178,3064.256
P16179,2412.4663
P16181,2425.536
P16183,3238.7795
P16185,3056.455
P16186,2449.1465
P16187,4353.9746
P16188,3877.5623
P16190,3954.3542
P16193,2068.85
P16314,3056.1577
P16315,2547.386
P16392,3135.0198
P16415,1827.4873
P16491,66643.016
P16493,72479.195
P16494,47736.06
P16495,54965.03
P16496,2728.4197
P16498,2309.9836
P16500,1959.6846
P16501,3597.4934
P16503,2903.5212
P16504,5485.2207
P16506,1954.2396
P16507,2158.9333
P16516,3781.329
P16517,2271.4307
P16519,2308.8909
P16520,5485.315
P16521,2841.7307
P16522,2987.142
P16524,4458.3384
P16525,3050.987
P16526,2674.737
P16528,3380.0166
P16529,3173.43
P16530,1603.667
P16534,261769.03
P16540,3590.592
P16542,3309.7148
P16544,4221.001
P16545,5339.154
P16546,3484.2856
P16548,2740.638
P16550,4491.467
P16552,3265.4197
P16558,110374.43
P16565,2521.9995
P16566,2943.983
P16569,3164.4695
P16570,2208.934
P16571,91644.75
P16573,2632.2815
P16574,2397.195
P16611,2703.3916
P16643,4434.735
P16660,4379.066
P16661,2387.4592
P16687,44183.816
P16734,3395.513
P16735,3010.3372
P16736,4526.4424
P16744,2209.8499
P16750,1982.9308
P16751,1251.705
P16752,2154.609
P16753,1670.4253
P16756,1710.2155
P16757,1868.1086
P16758,3591.38
P16762,9206.742
P16763,3243.8413
P16787,4665.1323
P16788,3347.0032
P16789,1638.8483
P16832,2113.9983
P16834,4421.5728
P16867,80724.83
P16893,2702.9248
P17133,3825.6404
P17136,2796.9136
P17137,2801.2825
P17147,4692.9517
P17148,3729.2224
P17149,2251.3242
P17150,2484.0012
P17154,2626.596
P17246,3344.9731
P17248,2646.3635
P17249,2455.7727
P17255,3543.495
P17256,4563.1226
P17257,4227.96
P17258,3175.8772
P17261,3082.3193
P17262,2881.9172
P17264,2367.661
P17265,3054.0505
P17278,3312.956
P17287,4721.567
P17306,2996.3694
P17308,2431.2122
P17309,1903.49
P17313,1762.4553
P17314,2213.4255
P17315,2161.1519
P17317,1925.6593
P17319,1972.3778
P17323,2056.4397
P17324,1454.1775
P17325,2180.5708
P17415,3832.9058
P17422,3064.2825
P17424,3080.203
P17442,2009.6486
P17444,4214.8853
P17447,2314.548
P17448,4995.3374
P17479,2913.7437
P17482,2881.9846
P17483,5920.596
P17486,3168.9194
P17501,2897.5593
P17502,3470.6714
P17503,2468.017
P17504,3851.8813
P17508,2681.2725
P17518,1498.1951
P17521,4494.9
P17523,2128.779
P17527,3996.3176
P17530,2808.9495
P17539,1868.8049
P17540,6081.633
P17542,3234.1914
P17562,19255.105
P17660,4183.561
P17829,3269.241
P17855,1125.6665
P17856,1670.7091
P17857,1849.3365
P17927,5662.8276
P17934,4539.912
P17964,4311.414
P17974,2881.7495
P17993,3041.7307
P18049,4316.1543
P18051,6276.4824
P18053,3510.5962
P18054,6614.904
P18061,8163.2935
P18063,2497.7288
P18065,2093.905
P18123,3801.42
P18127,3155.2183
P18128,12315.34
P18156,2810.4854
P18157,3869.2747
P18159,2023.2183
P18161,1947.8524
P18191,2149.0603
P18194,3569.7214
P18195,2025.3496
P18211,2717.8083
P18217,4579.4917
P18225,2725.9531
P18227,2668.336
P18231,3174.8804
P18253,3101.835
P18258,1274.002
P18259,3756.0525
P18261,5114.003
P18262,2612.5293
P18279,2995.1775
P18281,2692.3203
P18296,5378.338
P18300,3289.058
P18434,1235.7174
P18460,2688.4316
P18519,5590.9785
P18522,2477.6096
P18557,2027.8209
P18558,2036.4764
P18650,4257.5854
P18651,2958.5093
P18654,2060.468
P18655,2117.5725
P18656,2257.2573
P18731,3275.5906
P18735,3028.3337
P18739,4364.8076
P18749,3347.8813
P18752,3539.3467
P18755,5597.5415
P18769,4927.991
P18771,3931.7676
P18796,1841.3644
P19035,2642.7368
P19037,2624.1113
P19038,1836.7239
P19041,2018.316
P19052,29422.498
P19124,2224.689
P19250,2426.3992
P19252,2162.7969
P19253,2034.7351
P19265,2178.6106
P19282,1963.9796
P19573,2155.6812
P19574,2961.6523
P19590,3240.1702
P19599,2341.8218
P19630,2250.8958
P19680,63495.35
P19684,44034.48
P19685,1899.1124
P19686,3527.8284
P19696,3719.4558
P19697,54144.508
P19699,3304.4307
P19701,82559.94
P19703,2282.7832
P19715,3003.232
P19720,2084.574
P19773,5475.8057
P19812,2009.5018
P19813,2397.1116
P19814,4410.692
P19851,1767.5643
P19856,2388.7295
P19860,2437.296
P19861,69630.04
P19864,2804.0244
P19865,2936.0847
P19866,3088.6802
P19867,1812.5227
P19868,2628.3455
P19891,2629.4592
P19894,2734.319
P19897,2233.6123
P19899,2289.4358
P19905,3623.7874
P19906,3326.9482
P19907,3546.6604
P19908,3133.3066
P19911,2549.0146
P19913,3413.753
P19915,1134.1587
P19916,4035.8416
P19920,1338.0416
P19925,2356.4426
P19926,2453.2788
P19928,3205.0928
P19938,4090.0735
P19941,12350.298
P19954,4274.457
P19955,5004.7476
P19979,7253.724
P20002,4385.1855
P20004,4371.349
P20007,4189.855
P20010,6021.4473
P20022,4333.3613
P20026,7130.0405
P20036,3925.9995
P20040,4380.921
P20041,3465.2656
P20042,5607.364
P20047,4121.448
P20048,3803.3276
P20049,3494.7815
P20050,3238.8196
P20053,2755.323
P20066,3696.7712
P20068,4900.078
P20129,2760.8762
P20136,2684.614
P20141,2023.4277
P20142,2412.5596
P20144,3107.2964
P20212,3872.7493
P20213,2841.5288
P20215,4020.414
P20218,4072.119
P20219,3569.8848
P20220,3067.6665
P20221,3647.221
P20243,2614.7874
P20244,2725.8179
P20247,2607.584
P20251,3208.822
P20260,2168.3994
P20267,3243.702
P20269,1765.294
P20270,2562.0916
P20272,2645.1216
P20274,2362.2458
P20307,67304.85
P20311,2083.2488
P20312,2571.5527
P20315,1845.358
P20318,4027.4539
P20368,2118.9175
P20387,1436.993
P20436,3420.4387
P20527,2145.8486
P20546,2749.3008
P20665,2243.3245
P20666,5166.519
P20695,955.531
P20725,4528.1484
P20726,4000.4026
P20766,4669.682
P20786,2336.0232
P20848,2060.124
P20849,3346.7095
P20855,2072.174
P21016,2004.8883
P21021,3341.4268
P21059,16328.996
P21112,1976.4047
P21118,3878.55
P21123,1353.6146
P21145,3034.0623
P21150,2130.9097
P21151,4421.708
P21160,2696.689
P21168,1863.4008
P21169,1546.2936
P21172,1798.1636
P21174,3456.2793
P21179,2339.129
P21183,1960.9415
P21185,4262.8604
P21186,6830.47
P21193,2346.3193
P21231,2358.044
P21243,2461.4858
P21247,2219.1157
P21249,3743.9363
P21253,1959.4817
P21256,2371.6128
P21283,8608.892
P21308,8096.3364
P21364,7192.189
P21379,2080.3616
P21381,2142.6223
P21384,2587.7727
P21388,1730.5658
P21392,2143.7795
P21393,56417.895
P21680,3749.7659
P21715,2853.3604
P21921,2571.3552
P21930,2189.1028
P21959,2224.566
P21960,4602.825
P21961,2052.4692
P21962,5708.0884
P21963,80341.88
P21979,2590.3218
P21988,2318.5144
P21989,1837.4723
P21990,6254.1084
P21991,6712.3247
P21992,1702.8053
P21993,2136.4624
P22000,1994.8855
P22001,2207.6194
P22003,2290.2146
P22004,4788.445
P22005,6496.2095
P22006,4133.583
P22007,4483.265
P22009,6180.9214
P22013,3319.4094
P22066,1482.7834
P22067,1880.4899
P22070,2988.7212
P22103,5457.4253
P22104,5426.6177
P22109,1755.8408
P22117,2359.2625
P22119,2553.196
P22122,2869.7305
P22124,3324.9778
P22126,3098.5166
P22128,2501.011
P22139,3822.4922
P22141,4234.713
P22143,5584.5347
P22145,7261.8647
P22148,3067.1602
P22149,3085.3406
P22161,3515.5059
P22163,5100.0513
P22164,4448.093
P22168,3165.2244
P22193,4581.082
P22202,3968.9114
P22205,3453.0398
P22227,3740.8804
P22259,4273.9556
P22264,6690.0625
P22265,8030.2275
P22289,2998.986
P22291,4544.2188
P22293,4355.84
P22315,6737.2505
P22318,10894.918
P22321,7214.993
P22323,5546.022
P22324,4123.5757
P22327,2865.1086
P22331,3688.2998
P22334,2259.4885
P22338,6322.719
P22339,444506.7
P22342,5226.0415
P22343,112511.36
P22346,2976.6763
P22350,2812.7385
P22351,4385.7837
P22352,2217.5918
P22354,2660.578
P22355,4813.9263
P22356,4629.16
P22357,7717.9316
P22358,6348.7593
P22359,2775.0515
P22360,3061.6145
P22361,3071.239
P22364,5849.9556
P22368,7279.3125
P22369,6993.341
P22372,2956.8672
P22373,5572.031
P22375,2330.35
P22380,7454.9673
P22383,2323.2795
P22384,5262.779
P22388,2728.4197
P22389,3643.8337
P22390,3305.0674
P22391,3778.1455
P22392,3426.0818
P22393,3622.3357
P22394,3055.7903
P22395,4276.3125
P22401,5439.1895
P22403,2927.575
P22437,3911.2903
P22443,4136.9756
P22452,3800.0784
P22455,3324.3022
P22457,3729.4253
P22458,4434.109
P22460,4612.6616
P22467,3132.9302
P22468,2529.7942
P22470,3818.3376
P22471,4333.498
P22472,3285.806
P22480,3096.3123
P22484,2500.1401
P22485,2451.3042
P22488,2550.7212
P22489,2989.2144
P22491,121140.18
P22521,3081.249
P22540,7368.5664
P22543,7146.224
P22555,4101.877
P22557,3681.2979
P22564,5001.8125
P22654,2438.9565
P22655,2029.2202
P22659,5836.9966
P22660,2724.3281
P22661,3602.6072
P22675,149331.53
P22682,2324.4346
P22689,3263.5852
P22698,5006.2705
P23013,2367.5886
P23099,2410.6245
P23100,1533.2257
P23104,1498.8228
P23107,1673.4878
P23110,2179.5505
P23327,5426.359
P23329,3016.4746
P23346,3316.6177
P23351,2418.8237
P23361,2184.1562
P23364,3683.3247
P23366,4558.002
P23367,3001.671
P23376,4078.6655
P23385,5609.814
P23387,3832.427
P23390,3031.0623
P23396,3338.4
P23399,5438.0947
P23408,3937.1006
P23418,3274.519
P23456,2299.982
P23545,5143.0166
P23549,3292.373
P23560,2505.8345
P23750,7061.4136
P23757,3738.501
P23758,5201.037
P23759,3413.0269
P23783,2313.1992
P23784,3309.4338
P23785,4283.473
P23797,2442.9668
P23800,2583.2573
P23802,2376.8467
P23806,2371.3777
P23807,2316.7498
P23808,3353.3535
P23814,6331.772
P23819,5574.7207
P23820,3228.9907
P23822,4742.009
P23857,2360.3071
P23864,2523.4111
P23865,1323.5701
P23866,1543.9506
P23883,1519.0457
P23884,1537.835
P23886,3224.1458
P23890,2404.6936
P23904,2144.4587
P23905,3995.1208
P23910,1742.5896
P23911,1885.339
P23913,4502.4395
P23962,1785.8707
P23965,2364.6777
P23966,2586.4817
P23967,2752.5432
P23972,6792.4956
P23978,3339.333
P23982,2784.9905
P23983,3224.9302
P23984,2420.3105
P23986,2265.8093
P23993,2435.1028
P24000,4275.5293
P24002,3063.955
P24012,3157.9917
P24014,3920.225
P24027,4105.204
P24030,3499.2886
P24196,4067.0256
P24197,5199.415
P24213,3353.9678
P24214,4080.9382
P24216,3305.49
P24278,1617.3927
P24530,3136.2883
P24539,3527.1284
P24750,2884.4946
P24754,2041.7139
P24757,2331.6746
P24759,2055.1921
P24760,2331.6746
P24764,2046.1985
P24765,3227.7773
P24766,4359.4355
P24768,4181.3867
P24769,4213.5225
P24776,7081.547
P24792,3483.4814
P24795,3395.8435
P24807,2609.875
P24809,4598.4805
P24810,2592.2612
P24813,4193.442
P24819,74668.37
P24823,4508.5723
P24826,3591.9658
P24837,2526.014
P24838,2285.1455
P24839,1913.0292
P24842,4000.5972
P24843,3685.0012
P24844,3402.835
P24891,5396.73
P24893,3304.0808
P24894,4253.4937
P24896,3776.0845
P24897,6698.3887
P24899,2330.9626
P24901,2503.6
P24902,2833.5537
P24905,2397.8503
P24907,4121.9243
P24908,2310.4026
P24909,2978.4714
P24919,190209.5
P24921,2483.0322
P24923,2045.1366
P24934,3609.3767
P24945,6476.7827
P24948,2108.82
P24949,123194.18
P24951,3057.9834
P24952,1759.9664
P24953,2097.7134
P24954,1805.2922
P24956,2543.5574
P24961,2465.7766
P24962,2423.1743
P25145,1776.3346
P25149,2128.5515
P25150,1439.5942
P25151,2970.5898
P25152,2370.483
P25153,1749.8212
P25155,1724.5596
P25156,1711.0985
P25157,3309.254
P25158,3183.6
P25159,2400.807
P25160,2106.2993
P25163,1935.1619
P25164,3764.428
P25166,1953.8761
P25167,2530.761
P25168,2300.072
P25188,6888.457
P25190,2846.3716
P25192,2777.4934
P25194,5893.5176
P25196,2011.5708
P25211,2478.3792
P25214,2394.3071
P25216,2455.3381
P25217,1647.2859
P25235,1834.3926
P25237,2680.6907
P25241,3285.1038
P25242,3550.8447
P25244,4579.186
P25246,3158.6516
P25252,3515.355
P25253,5507.3813
P25254,3873.4182
P25255,6120.384
P25256,4101.5444
P25259,2302.6553
P25264,2643.7693
P25266,2496.498
P25267,2380.1462
P25268,2453.9636
P25270,2294.472
P25271,2003.4636
P25272,2106.1626
P25379,3056.28
P25380,3466.9224
P25383,3466.9224
P25410,5161.8447
P25411,3081.008
P25412,6532.235
P25413,6989.346
P25414,4031.2014
P25416,3303.148
P25417,2164.2935
P25421,2670.5083
P25427,2445.6196
P25428,2857.3865
P25429,1889.7489
P25432,2414.4224
P25433,2860.5654
P25435,4006.4785
P25436,4412.3667
P25439,2534.0059
P25441,2560.253
P25443,3401.3713
P25445,3396.067
P25453,2897.7212
P25454,2593.1108
P25462,2172.851
P25463,2350.793
P25464,2771.5525
P25465,3902.5286
P25470,3366.5496
P25476,6406.2617
P25478,3395.6653
P25479,4016.1018
P25674,2180.5166
P25676,5039.6895
P25725,2428.4373
P25742,3286.1538
P25921,3257.5945
P25923,2558.4326
P25925,2537.349
P25947,2316.3132
P25985,3033.686
P25986,4195.47
P25987,3205.4077
P25989,2276.742
P25990,2568.777
P25993,3481.8867
P25994,2818.0662
P25995,3560.077
P25999,2248.6453
P26116,1656.0206
P26132,4870.358
P26134,2844.8298
P26135,3944.1226
P26136,6788.2856
P26137,4085.016
P26167,4032.4397
P26168,2181.7048
P26169,2534.4507
P26172,4684.235
P26178,1931.172
P26181,3510.4421
P26182,3393.1816
P26196,4805.2646
P26373,2035.91
P26377,2253.324
P26378,3401.368
P26392,2752.4658
P26394,2095.971
P26398,2125.8147
P26399,1974.4585
P26407,3539.9678
P26408,3539.9678
P26413,2547.7712
P26414,3043.9602
P26415,3749.6873
P26420,2811.4749
P26423,5921.551
P26429,3229.3542
P26431,3634.5334
P26433,2605.725
P26446,2601.2083
P26479,81783.414
P26610,2183.4678
P26611,3285.8184
P26612,3303.4944
P26616,2976.1084
P26617,3521.0637
P26621,4063.5046
P26622,2791.3997
P26623,1998.0125
P26624,2632.5818
P26625,1919.2758
P26626,2995.1062
P26627,2906.5684
P26628,3495.7817
P26629,3475.9563
P26631,2694.7744
P26632,2584.0376
P26633,5104.962
P26634,2163.61
P26637,3357.3962
P26638,2180.2732
P26643,4372.8965
P26644,4866.926
P26645,2258.6296
P26646,101774.164
P26648,153563.28
P26651,3537.7363
P26652,4832.4624
P26654,2694.5122
P26655,6950.9595
P26659,3724.3057
P26662,3499.245
P26663,4113.9185
P26667,1775.7516
P26671,2774.9006
P26675,3224.195
P26677,2675.8396
P26678,6472.6943
P26680,4014.5928
P26681,1973.6477
P26685,2602.73
P26687,2674.6145
P26689,3718.6362
P26694,3163.389
P26697,92648.76
P26698,2682.3906
P26699,3258.356
P26700,3290.8218
P26704,3069.098
P26707,3075.722
P26708,109693.805
P26711,64657.492
P26712,2853.7034
P26714,3627.0486
P26715,3408.4685
P26718,2009.8729
P26719,90093.99
P26720,156847.64
P26721,98766.375
P26722,80571.84
P26723,101952.33
P26724,123383.48
P26728,1759.1302
P26809,2197.965
P26858,2521.8914
P26859,4748.024
P26860,121113.15
P26892,3690.9644
P27251,2683.9277
P27253,2678.6045
P27257,3026.0898
P27261,2441.9404
P27263,1987.5925
P27264,1872.8339
P27265,1936.6904
P27266,2196.15
P27267,2356.9631
P27271,2795.2825
P27277,2809.9531
P27279,3174.3748
P27280,2795.9106
P27281,7644.8433
P27282,4572.307
P27283,2703.0847
P27285,4256.7246
P27286,2647.7095
P27287,3350.5845
P27288,2703.7605
P27289,6363.1636
P27446,3657.185
P27667,1948.412
P27668,1809.8862
P27671,2889.3335
P27672,5592.941
P27675,2781.8943
P27676,3704.771
P27680,3654.3323
P27682,3992.2942
P27685,205099.72
P27688,3422.3123
P27693,3048.869
P27695,199389.8
P27703,8255.042
P27704,4806.117
P27705,3404.7249
P27707,6564.677
P27708,4113.405
P27711,4133.6147
P27716,2704.306
P27718,2529.2415
P27724,4420.6914
P27728,3149.093
P27738,3920.9583
P27740,2829.4072
P27741,3573.2305
P27748,6036.5947
P27972,4276.749
P28235,5957.8833
P28237,114086.73
P28243,3154.5532
P28245,3482.5312
P28252,2572.4988
P28258,3233.6023
P28403,1877.3542
P28419,2813.0928
P28465,2491.782
P28466,2799.4736
P28467,3917.6047
P28468,5351.166
P28538,4994.032
P28763,2714.524
P28764,2597.5183
P28767,3356.49
P28773,5988.7583
P28861,2051.269
P28863,3041.0518
P28865,74667.3
P28867,2343.3496
P28868,2558.7988
P28870,81588.66
P28871,2960.4236
P28873,2510.7114
P28876,2937.3818
P28880,2353.8586
P28888,3442.5479
P28890,6184.0527
P28891,5413.3516
P28892,2163.8867
P28893,2941.128
P28896,2058.6797
P28899,2431.2712
P28901,1545.8177
P28911,2372.68
P28915,1768.1134
P28925,3277.6848
P28926,3076.0713
P28927,3296.7039
P28928,7480.809
P28929,2972.9656
P28933,2489.781
P28936,4279.7446
P28941,3525.5002
P28943,3005.132
P29184,2432.3547
P29196,38499.918
P29198,2449.5906
P29199,2947.9907
P29200,3983.0962
P29202,3858.7732
P29203,4876.438
P29208,2923.9617
P29209,4807.089
P29210,4394.666
P29213,2097.2532
P29215,3304.8403
P29216,3455.5276
P29219,1452.5735
P29221,3028.4436
P29231,3719.7788
P29233,2660.9053
P29235,2217.1138
P29307,3011.7446
P29346,2108.683
P29353,2905.702
P29355,2944.3987
P29356,2455.4424
P29357,2566.1633
P29358,2791.3186
P29359,3565.9946
P29360,3040.7937
P29361,3731.8381
P29364,3095.1782
P29365,2438.8962
P29368,3121.6917
P29369,3301.1255
P29370,3290.8625
P29371,2596.3215
P29376,3194.918
P29381,4289.95
P29383,2031.133
P29389,3728.0664
P29390,4174.775
P29579,3179.2751
P29580,2477.7527
P29581,1722.5432
P29583,1643.7639
P29584,2676.2073
P29585,1667.9772
P29628,3696.9265
P29632,2481.3472
P29653,3815.1772
P29654,4703.2227
P29657,3726.2212
P29710,5054.2183
P29726,47309.758
P29727,78461.96
P29728,2825.2979
P29748,3392.861
P29750,4249.5474
P29751,2901.014
P29786,2154.1484
P29787,1491.1132
P29788,1514.5895
P29789,2116.0396
P29790,2416.3315
P29791,5241.0376
P29882,2213.6177
P29887,1716.5107
P29915,14161.115
P30021,2684.0442
P30022,3051.1355
P30044,2610.296
P30051,2743.013
P30054,62561.867
P30329,2635.8853
P30336,2983.9976
P30446,2768.1924
P30580,3686.9314
P30581,3511.189
P30582,2771.7427
P30584,3687.8037
P30585,2840.3755
P30761,3565.243
P30768,2097.8967
P30836,2536.1172
P30964,22667.625
P31127,3810.0273
P31152,5511.827
P31154,2344.5337
P31177,2919.573
P31266,2594.2764
P31308,2712.233
P31309,3629.603
P31310,2698.201
P31312,3046.2202
P31313,2644.3862
P31314,3314.5461
P31331,4334.668
P31332,120503.1
P31333,3169.0435
P31340,120215.22
P31341,257683.62
P31342,4061.3848
P31343,3598.355
P31346,3977.0747
P31349,157136.45
P31351,2317.0007
P31352,3159.1187
P31355,3036.428
P31356,3314.3438
P31396,4265.077
P31433,2815.9512
P31438,3690.1052
P31440,3911.712
P31441,3838.4895
P31442,2596.6943
P31443,5326.371
P31473,5196.857
P31477,3732.828
P31493,2766.838
P31501,4143.8555
P31502,3294.0757
P31505,5959.685
P31574,25860.904
P31578,15498.047
P31610,17408.768
P31611,30001.709
P31623,2210.8042
P31627,3750.789
P31629,2020.6082
P31632,3398.4912
P31633,2965.155
P31634,2549.9597
P31637,14917.912
P31640,1988.3342
P31642,11068.13
P31644,18319.691
P31647,3776.823
P31680,12600.417
P31683,11311.407
P31684,14190.888
P31690,11314.137
P31830,3267.791
P31832,3641.9363
P31833,2857.8403
P31835,3679.367
P31836,4194.97
P31837,3448.339
P31838,3952.4688
P31839,2797.0244
P31840,2542.9788
P31841,2559.9634
P31844,1864.0782
P31846,4010.2754
P31847,2015.695
P31849,3016.9727
P31850,3191.7651
P31853,1912.1232
P31854,2894.6377
P31855,1871.0807
P31858,3279.2268
P31860,2053.0676
P31869,3095.8516
P31873,3192.63
P31874,3809.6423
P31876,2711.0986
P31877,2727.3123
P31878,3177.0044
P31879,3393.104
P31881,3724.9097
P31883,3749.9805
P31885,3522.999
P31887,3789.2983
P31888,2909.8435
P31891,3587.2915
P31894,228665.12
P31895,163036.22
P31896,2202.7139
P31928,2191.3933
P31976,2497.8074
P32014,18427.125
P32065,2344.102
P32126,2285.4148
P32564,8349.446
P32570,9548.169
P32581,2125.2034
P32625,4793.01
P32901,3313.626
P32918,2618.151
P33013,3076.9429
P33017,3178.5535
P33089,1884.0388
P33191,3053.9514
P33395,2284.3552
P33532,3141.3547
P33533,2453.5398
P33534,1929.7786
P33681,3850.8123
P33682,4390.1616
P33683,4105.7446
P33704,3188.308
P33943,36040.348
P33945,34416.57
P33971,2829.151
P34002,2831.7593
P34078,5005.0244
P34082,3352.199
P34083,6389.4375
P34087,3666.239
P34088,5170.8975
P34090,4124.0713
P34091,4777.2627
P34094,5952.5723
P34095,4575.13
P34096,3913.298
P34100,3836.6956
P34101,4913.0283
P34102,3195.2625
P34103,2224.029
P34104,5289.3813
P34105,2459.0212
P34106,2797.1191
P34107,1789.8918
P34108,2316.7808
P34109,8521.473
P34110,3630.396
P34112,3235.2776
P34113,4184.998
P34115,3924.472
P34117,3273.4539
P34119,5457.0923
P34120,2095.8518
P34124,2708.0547
P34125,3966.75
P34126,2679.995
P34127,3216.1619
P34128,5289.462
P34130,2558.5107
P34133,2119.409
P34134,1403.2407
P34135,2682.324
P34137,4289.2344
P34138,2424.2427
P34140,2520.5154
P34149,3872.3948
P34150,2059.0647
P34151,2446.7527
P34152,1845.2322
P34156,2416.3904
P34157,3020.0278
P34158,1902.9507
P34161,3104.218
P34164,4663.882
P34165,3887.9888
P34166,1918.4078
P34167,5495.684
P34168,2666.3613
P34173,4784.623
P34179,4016.8567
P34180,1861.4993
P34181,3065.7327
P34182,2027.0393
P34183,2404.5627
P34184,2765.0305
P34185,2864.1235
P34186,3237.8774
P34188,3275.6343
P34191,2679.8225
P34193,2738.2595
P34194,2759.5847
P34196,3155.9016
P34197,2830.6965
P34198,2629.6648
P34201,2537.734
P34205,2451.5989
P34208,4022.9539
P34209,3343.4832
P34210,3674.2708
P34211,4445.2
P34212,5793.8804
P34213,2726.8245
P34214,5906.9624
P34216,5563.1616
P34217,4195.1504
P34219,2661.5833
P34220,2598.8716
P34222,4429.526
P34223,4037.4243
P34224,3814.0967
P34228,2025.1854
P34229,3940.8582
P34233,6037.608
P34235,5172.634
P34236,5355.5215
P34237,3248.5515
P34238,3828.4368
P34255,2064.2776
P34256,5169.2993
P34260,2731.666
P34261,2120.0298
P34262,3003.0745
P34263,2525.6306
P34265,3103.6672
P34266,2337.5193
P34268,2681.6282
P34271,1569.0929
P34272,3985.2283
P34273,4399.4014
P34274,2766.322
P34277,2441.4617
P34282,1868.5437
P34283,5579.4604
P34284,2317.361
P34285,2076.8315
P34287,3450.1785
P34446,3259.2046
P34447,3662.2122
P34448,2978.7073
P34449,2960.7344
P34450,3106.0693
P34468,2423.1003
P34469,3112.7942
P34474,2407.3875
P34476,3738.1873
P34477,2558.507
P34478,3039.384
P34479,2581.6387
P34480,2344.5796
P34481,2207.9172
P34483,2539.8765
P34484,1849.6241
P34485,3295.0469
P34486,2363.807
P34487,3435.4878
P34488,2166.126
P34489,2401.1343
P34490,4315.331
P34491,2676.2317
P34492,2304.7861
P34493,1863.9867
P34495,1941.5278
P34496,2190.6072
P34498,3149.036
P34499,2320.123
P34500,2084.8655
P34502,2130.804
P34503,52772.78
P34504,2462.8765
P34505,3109.4285
P34507,2421.484
P34508,2476.0771
P34509,2383.556
P34510,2320.0532
P34511,2302.8079
P34512,2513.0144
P34513,2592.9983
P34514,2028.9647
P34518,1916.9604
P34530,4980.303
P34531,5020.2676
P34532,1671.8262
P34533,3400.32
P34534,2210.976
P34715,2900.7761
P34717,8571.891
P34729,4479.756
P34800,2805.5615
P34801,4033.2786
P34802,3536.4812
P34803,2398.2358
P34807,59317.918
P34855,2698.8523
P34858,159457.19
P34888,3841.1633
P34890,4406.037
P34893,4923.091
P34895,4846.2925
P34909,2052.7444
P34910,4232.8916
P34911,3926.3555
P34912,3148.1948
P34956,2955.2314
P34957,3774.5718
P34961,3742.6724
P34962,4594.245
P34967,2815.2607
P34969,2867.0718
P34970,4251.952
P34971,3624.9802
P34972,3497.2095
P34973,3196.0093
P34974,3117.6948
P34976,3825.7717
P34977,3553.5896
P34978,3327.5354
P34979,3282.6008
P34988,2832.6362
P34989,3576.2349
P34990,3837.2483
P34991,2271.204
P34993,3304.8435
P34994,142766.78
P34995,2865.684
P34996,2794.4731
P34997,46797.203
P34998,2669.4282
P34999,75857.48
P35000,3219.7905
P35001,4037.952
P35003,2533.1272
P35005,2763.7764
P35008,3345.0083
P35039,3321.0376
P35080,3682.3586
P35085,4665.27
P35087,4085.0903
P35091,2758.6423
P35093,4854.0044
P35094,2921.4578
P35095,1952.3274
P35096,2857.0908
P35097,3766.6694
P35100,2694.3938
P35102,3111.0752
P35310,3253.2654
P35315,2346.2825
P35324,2128.779
P35326,4655.939
P35329,4597.143
P35331,46892.008
P35347,3864.8665
P35349,2881.6973
P35352,19940.96
P35354,20087.709
P35374,2233.7656
P35645,2987.8972
P35948,1779.3229
P35950,2963.741
P35954,1799.9574
P35957,1753.562
P35959,2760.8013
P35960,2439.2988
P35961,2529.9583
P35964,1553.2786
P35966,3378.5918
P35967,3494.798
P35969,2372.9924
P35970,1952.239
P35978,2546.4795
P35987,3713.893
P35988,2310.3926
P35989,3162.0312
P35990,2875.7583
P35991,7155.8613
P35994,3501.3254
P35997,2897.4075
P36003,4522.045
P36004,4640.3804
P36006,70368.37
P36010,2367.102
P36019,3320.122
P36020,2807.0676
P36021,3802.283
P36082,3132.903
P36084,3145.076
P36086,2700.2405
P36091,3290.3447
P36094,1917.362
P36095,1932.0604
P36097,2084.4048
P36098,2808.6387
P36099,2799.9197
P36120,2234.1301
P36123,7252.2437
P36125,2126.474
P36129,3092.0764
P36130,2519.6704
P36132,2738.287
P36136,2634.8293
P36138,6473.3794
P36139,2661.5298
P36140,2079.049
P36143,3089.1045
P36144,4440.945
P36146,2044.4226
P36154,1761.4432
P36158,2910.3545
P36159,3062.9526
P36160,3109.034
P36161,3163.6697
P36162,2248.2515
P36163,3251.1836
P36164,4280.9775
P36166,3304.0303
P36167,3497.0527
P36169,3633.9128
P36170,3013.8572
P36172,5139.162
P36174,2221.0127
P36177,2817.152
P36178,2521.3477
P36185,1807.6218
P36189,2836.0444
P36195,2198.608
P36201,1903.6144
P36202,2059.5383
P36204,1675.9648
P36206,2576.571
P36207,2075.6597
P36209,5333.3765
P36213,4397.597
P36214,4941.8022
P36217,4714.9375
P36219,3226.5857
P36220,1279.9055
P36223,2579.5042
P36227,1714.5659
P36228,2673.3174
P36229,6084.2383
P36230,3395.6653
P36231,3920.5205
P36233,4430.9546
P36251,6368.416
P36252,1662.7424
P36254,4019.164
P36256,4489.9976
P36257,2229.8232
P36260,4676.1724
P36261,2096.2559
P36262,2483.7417
P36263,2387.5913
P36264,3085.3052
P36265,4024.804
P36266,2988.3276
P36267,1907.1187
P36271,2567.258
P36274,2496.1172
P36279,2525.962
P36280,4741.4434
P36284,2964.5823
P36339,3084.0105
P36465,18678.416
P36467,44154.246
P36522,2506.8674
P36526,4278.165
P36530,1509.274
P36531,2187.4001
P36532,6749.793
P36533,5464.353
P36534,3294.9746
P36536,3420.6965
P36537,3947.691
P36539,3563.971
P36540,2122.1516
P36541,3059.5386
P36543,2301.691
P36544,2470.7122
P36545,3426.51
P36546,2454.193
P36548,2674.4348
P36551,3725.752
P36553,3005.763
P36554,2791.2905
P36556,3681.8914
P36557,2811.7527
P36558,3262.1162
P36559,5048.807
P36561,3216.88
P36562,3390.2825
P36564,3761.5383
P36568,2672.7449
P36569,3372.2097
P36571,2454.5513
P36572,2851.2976
P36573,2512.0916
P36574,2622.976
P36576,2761.776
P36580,2510.237
P36581,2109.2214
P36584,1901.8207
P36586,2137.3433
P36588,1495.4817
P36590,1930.4692
P36592,1644.0996
P36593,3230.7039
P36594,1979.8899
P36595,2043.9594
P36596,7760.0723
P36599,2563.3262
P36601,1957.0331
P36602,1880.716
P36603,1997.7465
P36604,3789.4575
P36605,2965.837
P36606,2348.2476
P36726,4345.6885
P36766,4110.392
P36815,3427.3142
P36818,4004.6138
P36834,2915.6914
P36885,3954.4863
P37189,3647.193
P37226,4779.14
P37227,4343.7324
P37228,4140.7734
P37232,235705.62
P37233,3568.5127
P37235,206619.66
P37236,2870.7969
P37238,251347.34
P37242,3080.3027
P37246,5160.107
P37247,96540.01
P37248,4074.8389
P37251,3657.3733
P37252,96930.7
P37258,7052.0376
P37259,4379.208
P37260,3746.6875
P37261,4311.9736
P37262,3098.5078
P37268,3434.5112
P37269,3154.2974
P37271,2799.4978
P37273,2655.9875
P37274,3470.8733
P37276,3219.0288
P37278,7785.954
P37281,2130.8782
P37282,2798.355
P37284,2740.8733
P37285,2430.5002
P37287,1891.0756
P37289,2278.9163
P37293,1745.059
P37300,58017.617
P37301,72536.73
P37307,2770.8162
P37308,2428.2402
P37309,4958.4746
P37312,3491.4893
P37315,2408.4521
P37316,1749.3838
P37320,1812.6213
P37324,1479.6185
P37327,2877.42
P37332,4157.658
P37333,5074.3716
P37335,3230.1428
P37337,2487.1802
P37338,5261.6797
P37364,1594.0251
P37383,65530.38
P37385,2882.7407
P37387,3692.5244
P37390,2519.7449
P37391,2681.192
P37394,2238.7957
P37397,126234.8
P37399,76029.99
P37401,2253.4163
P37405,106287.52
P37407,126826.56
P37409,3247.9502
P37412,2870.6243
P37413,3830.7896
P37414,3559.4216
P37415,5519.9033
P37417,2242.186
P37418,3846.7664
P37512,4785.189
P37519,4852.87
P37524,3974.6853
P37535,339600.44
P37537,5029.403
P37538,3037.2422
P37541,3458.2976
P37542,2421.4434
P37543,2970.1633
P37544,3453.2307
P37558,1829.4309
P37560,3766.533
P37568,349276.94
P37570,3259.6587
P37573,2883.2002
P37574,2414.0586
P37575,2503.1128
P37579,2796.7856
P37580,105258.72
P37581,4247.043
P37582,2280.0332
P37583,183388.5
P37587,3038.442
P37592,2375.4172
P37595,2495.7336
P37597,3470.8105
P37599,3525.517
P37600,114128.62
P37602,2847.5845
P37603,157205.1
P37607,2772.2068
P37608,80738.53
P37610,2320.63
P37611,3381.1228
P37614,3259.6523
P37617,3033.6108
P37620,1803.5774
P37624,2025.658
P37627,2984.5557
P37631,2540.2617
P37632,3805.3455
P37634,3294.3586
P37636,5208.7227
P37640,3177.6772
P37643,3441.7136
P37652,127627.85
P37655,2617.5828
P37659,2618.0823
P37688,2597.159
P37701,4346.883
P37740,3076.5408
P37744,2605.0676
P37745,3013.4949
P37752,3889.131
P37753,5842.8286
P37762,3160.5325
P37763,4746.892
P37764,3356.1025
P37766,3283.1738
P37776,75830.49
P37779,132824.95
P37786,117575.65
P37788,79301.195
P37789,81417.734
P37791,100574.34
P37793,4085.098
P37797,69511.21
P37807,4607.2793
P37812,1675.1981
P37813,2968.5034
P37841,3274.8032
P37844,2362.568
P37845,2675.1187
P37848,5627.4297
P37852,2801.8745
P37862,3681.9302
P37868,3521.7424
P37869,3693.0422
P37871,4473.483
P37872,3947.653
P37889,3365.217
P37904,2579.0994
P38035,37705.37
P38144,102574.84
P38166,2415.7231
P38167,2725.81
P38206,2230.1167
P38235,2490.312
P38239,1773.9039
P38349,2068.4229
P38350,4410.919
P38352,4493.648
P38389,3312.7727
P38392,4032.1628
P38393,2525.4426
P38918,5087.205
P38925,74776.47
P38926,40257.79
P38939,4883.4575
P39206,2983.9976
P39451,50198.676
P39531,27702.785
P39536,19693.26
P39606,4621.3687
P39665,5770.903
P39668,3416.0725
P39670,4732.0454
P39672,2878.451
P39674,1926.6471
P39676,2917.9565
P39677,2989.8904
P39678,3108.5298
P39682,2294.3054
P39683,3194.8328
P39690,3477.137
P39691,2754.9995
P39693,3290.6335
P39694,3957.3733
P39695,2681.8674
P39700,2144.5786
P39701,3109.3127
P39707,2954.4578
P39708,3925.0635
P39709,3841.9292
P39710,4264.833
P39714,2413.5046
P39717,2488.7551
P39719,2393.8423
P39722,2353.8945
P39724,2294.6372
P39725,5250.129
P39726,3262.524
P39728,4638.1943
P39730,3006.9932
P39731,3046.162
P39737,4720.09
P39738,4719.473
P39739,3031.1838
P39740,4048.8557
P39741,4270.9966
P39742,4854.8057
P39743,3627.9968
P39745,3481.797
P39746,3055.254
P39750,4110.8784
P39751,3322.191
P39752,3406.5603
P39754,3706.008
P39755,3377.4092
P39756,3233.528
P39757,3186.4653
P39758,2974.1614
P39759,3037.0393
P39760,2881.2231
P39761,2406.2725
P39762,3010.9976
P39763,2226.2625
P39766,2255.4458
P39769,3627.9968
P39771,2066.467
P39772,3741.6548
P39773,3011.1643
P39776,3047.0457
P39778,4012.2766
P39779,4488.3403
P39783,2539.7854
P39785,2146.3472
P39788,3442.413
P39789,3252.322
P39790,4487.959
P39801,3764.1768
P39808,1999.8864
P39814,3267.2083
P39816,3093.6729
P39823,2443.5706
P39825,1851.6019
P39832,2301.8843
P39846,2789.1038
P39853,3772.448
P39856,3906.5771
P39929,11590.06
P39936,48836.707
P39938,31424.24
P39946,24684.275
P39950,19650.334
P39975,37472.746
P39977,12981.881
P39979,26877.254
P39981,13935.118
P39983,19424.316
P39985,18528.828
P39986,17033.617
P39989,2699.885
P40003,14578.516
P40004,25522.797
P40006,2558.9148
P40013,3313.882
P40014,3877.6733
P40015,5183.119
P40016,2718.7356
P40110,3372.953
P40119,2805.7195
P40123,3341.2131
P40125,2736.2515
P40141,120153.09
P40147,1970.7628
P40149,2285.9578
P40154,4175.735
P40189,3169.391
P40192,3132.993
P40193,2795.3398
P40195,2344.9185
P40204,2291.6125
P40205,2440.947
P40208,2817.8684
P40214,4791.5654
P40215,1899.6053
P40216,1751.8744
P40217,1535.4557
P40227,2029.7189
P40235,4374.9697
P40242,1573.0929
P40250,2987.199
P40260,3827.3193
P40263,4563.571
P40266,1820.4343
P40267,28928.533
P40272,3625.243
P40279,1675.0638
P40286,2151.6619
P40288,2177.716
P40290,2202.9766
P40296,2381.5818
P40327,2276.0544
P40340,2267.3826
P40354,2415.541
P40356,2508.6008
P40367,2548.4226
P40372,2991.0571
P40378,3147.7083
P40388,1671.7911
P40389,2082.2292
P40623,2403.7874
P40654,3599.2612
P40661,2235.8008
P40676,2356.528
P40681,2271.0654
P40683,115477.25
P40696,1571.0481
P40704,1988.913
P40712,3190.666
P40715,2996.4436
P40728,2718.5994
P40790,2884.4739
P40920,2871.0586
P40921,1682.5034
P40922,3366.023
P40924,4816.085
P40925,3250.4238
P40926,2466.1716
P40928,2113.8613
P40977,2434.5173
P41092,26281.8
P41127,3260.9338
P41166,3652.757
P41233,22401.156
P41236,31981.797
P41237,20755.44
P41238,22476.312
P41242,4281.8477
P41244,2556.7842
P41332,3326.9673
P41333,4644.6143
P41346,2471.9653
P41355,4721.932
P41433,2167.965
P41511,3571.3052
P41524,3201.8901
P41625,4149.1836
P41730,2609.0422
P41738,2620.5361
P41740,2146.5613
P41742,2218.9846
P41744,1607.3025
P41752,2361.6892
P41754,2285.8574
P41755,4351.392
P41757,2006.6796
P41759,2967.3325
P41760,5722.72
P41761,3746.8054
P41762,2204.1865
P41765,1932.4098
P41767,3441.543
P41770,4155.9727
P41771,2449.7786
P41796,2215.7983
P41797,1870.92
P41798,2097.6804
P41799,2164.3225
P41800,1860.646
P41801,2370.9172
P41803,2072.1038
P41804,2348.5376
P41805,2086.933
P41811,4685.5845
P41814,3116.2407
P41815,3829.7554
P41817,2862.9106
P41818,2276.0513
P41819,1946.8853
P41821,3630.1606
P41822,2578.9001
P41823,2380.1257
P41827,2518.5647
P41828,4890.1094
P41839,2087.2788
P41841,3426.0654
P41844,3339.76
P41855,3584.025
P41857,2934.1008
P41858,1413.5465
P41861,2228.057
P41863,2918.7583
P41874,2335.2566
P41877,4497.8633
P41889,2483.6458
P41891,3025.6426
P41892,3537.399
P41895,2650.1433
P41900,2215.1917
P41901,3062.6926
P41928,2126.5876
P41931,2444.5408
P41934,3900.1765
P41936,3653.7712
P41938,3401.5918
P41948,2797.6274
P41952,1892.9757
P41954,3517.7737
P41959,6098.793
P41961,2705.15
P41962,2856.8523
P41974,2123.0732
P42054,2608.2957
P42061,2321.9133
P42064,2512.2712
P42102,7528.316
P42120,5406.53
P42129,5090.7583
P42190,8571.776
P42296,4057.9307
P42297,6149.1733
P42298,88270.97
P42299,2736.434
P42301,85495.42
P42302,2368.1433
P42303,2633.1833
P42304,3599.536
P42305,2490.3655
P42315,2329.9756
P42318,2785.3066
P42323,2598.3325
P42324,2618.2932
P42325,2143.1753
P42326,2532.8323
P42334,3456.774
P42336,4608.8486
P42339,2555.982
P42343,4445.9463
P42345,2115.7993
P42347,5240.5728
P42353,2676.8062
P42382,5332.415
P42385,2390.9912
P42395,2107.5408
P42396,2015.1997
P42486,2906.4795
P42571,2286.25
P42688,12027.635
P42745,1805.3
P42797,3250.5696
P42818,1628.605
P42820,3095.958
P42821,5155.7725
P42826,2146.5334
P42827,2465.3577
P42838,2874.0237
P42846,1552.8369
P42848,2139.7734
P42850,2645.186
P42851,2885.4055
P42854,1985.3541
P42856,1965.1437
P43126,112781.55
P43212,114341.06
P43476,17770.389
P43491,36093.25
P43495,23990.867
P43546,3968.8203
P43627,128418.16
P43846,3603.9924
P43866,3593.388
P43933,36160.54
P43962,4591.7876
P43987,2862.5554
