pipe_id,predicted_cost
P01002,6198.9475268792385
P01054,2174.3767951374484
P01066,4233.634805111548
P01078,33779.54539430258
P01112,2303.068994911282
P01140,18555.939189281286
P01148,2936.044102166166
P01161,13153.600754372068
P01166,30025.685056609407
P01238,3400.284597631874
P01317,23417.785876812726
P01350,9563.757779973137
P01380,43505.53042443225
P01452,7262.489769519286
P01571,3342.6244889354252
P01689,59751.51874625346
P01720,11499.964662027942
P01767,6783.834185927784
P01803,5784.398328756472
P01805,41440.79654506872
P01813,11147.130014484068
P01815,7417.717510111292
P01836,2052.345677578714
P01838,7277.303905348266
P01846,6974.164906291461
P01922,27427.859674709864
P01959,2572.8027541989577
P01978,17238.55674402083
P01986,38977.7532972312
P02000,37883.92084191188
P02031,4277.874541817604
P02032,7871.396700546769
P02062,7166.1250522638375
P02085,6311.824956850329
P02099,5255.5485899671685
P02155,7427.692357649574
P02191,47561.15991219988
P02227,28784.36769275859
P02245,1805.0325447384266
P02246,1996.0226849477908
P02316,23712.21348793929
P02318,6015.535375203544
P02364,7949.770167067835
P02365,5579.471020160102
P02410,2687.110101567693
P02412,21070.6017131363
P02432,4414.727714344322
P02545,28568.865323348356
P02600,16547.463496934364
P02649,13580.469302371934
P02663,4076.549874556359
P02665,2872.0826844078656
P02666,2611.4154180205824
P02667,3989.863016665783
P02670,6031.741029665225
P02674,2593.7992782610954
P02707,2767.288041965571
P02708,2780.45349734031
P02717,2969.454603259152
P02728,33202.70541203853
P02764,2458.0112906164773
P02864,3997.372369633326
P02878,20459.52249845831
P02908,1789.3358188807674
P02912,7568.783174405825
P02914,2635.925537810329
P03008,30512.897812522522
P03057,3779.60052464989
P03076,4308.02385757129
P03259,14889.740938673574
P03314,9777.45854682099
P03349,28609.12439207308
P03371,11600.519665803467
P03387,3920.246752864027
P03388,3830.578956313617
P03402,38965.641411056626
P03412,7967.309337910254
P03485,122858.21559968407
P03490,7744.266891010729
P03493,2155.279933116936
P03591,12399.107588976532
P03655,2808.462523865568
P03702,6913.2094618364235
P03704,13172.719727722153
P03791,21788.798873364234
P03798,23566.304780258193
P03881,33067.25761987336
P03884,25092.695989229473
P03917,102754.96722177537
P03986,7667.673433421793
P03988,5138.770183462515
P04074,38408.578258950605
P04076,41888.712364856474
P04147,66080.39294482773
P04152,14379.15029654908
P04184,4283.677771116097
P04186,5125.602105142671
P04221,38772.957093039266
P04224,4911.051244707709
P04249,2210.998107587446
P04262,4077.957244924087
P04289,30943.05891023062
P04293,23173.905885562497
P04305,7989.732238302674
P04306,8066.941517326395
P04308,8383.603462385407
P04311,43237.88045583947
P04416,32824.74792330019
P04417,12471.824030437538
P04467,30793.406339666843
P04495,11366.238497409951
P04496,4717.688861998665
P04521,10576.401122349722
P04535,4260.742157266707
P04581,4598.877112296485
P04600,8498.948036794789
P04698,2248.8540205448426
P04701,8243.181889508565
P04707,5261.911055287772
P04752,9762.679572256493
P04754,18800.125752388976
P04801,2847.90447481277
P04860,2374.93455472778
P04861,5312.382557162111
P04862,2610.6407671182096
P04865,7215.241840406943
P04868,22234.872709653184
P04869,27283.74785313094
P04986,5995.584215728637
P05007,2433.740960926834
P05036,2223.943942382639
P05040,52334.38464653879
P05042,47625.00445014698
P05043,8346.504679873839
P05047,7951.396736888782
P05055,3418.009469353287
P05060,1517.4369075351237
P05103,3128.8116589188808
P05106,7356.124648423781
P05128,26340.612520107472
P05134,6560.728410711413
P05139,8932.206790963244
P05140,24214.740532248205
P05163,238050.65337690283
P05168,108119.2002092171
P05229,2229.9756456015025
P05323,18988.62527565867
P05402,4963.223260975019
P05432,21949.422638660282
P05435,3879.188283939539
P05447,4754.613638267293
P05448,2000.5087207853612
P05458,5385.1148792146305
P05476,4441.194577362457
P05486,3270.3808258720683
P05504,9558.793275783268
P05551,8429.222602029591
P05560,46049.021076267585
P05575,31419.100421366405
P05576,32280.25662524835
P05594,8401.526248506509
P05608,7862.686362385125
P05758,17790.094947508587
P05769,11796.672285449611
P05800,7926.150256845962
P05828,5378.445696516503
P05834,11432.609735627946
P05924,31197.093310397533
P05925,75423.4002792776
P05970,29756.273883155987
P05978,2644.812219702914
P06017,22300.977538376264
P06030,23397.333390451113
P06072,15730.409587649345
P06077,6013.2746773524195
P06124,27700.54697884715
P06182,9472.374847558467
P06184,3189.417464487804
P06189,7931.548184091431
P06193,3194.662370990983
P06200,42509.58772467224
P06235,13880.077744435064
P06245,11019.787503066227
P06287,6482.859644863144
P06292,85630.2532253366
P06302,115316.7378892209
P06312,6124.066091511715
P06314,64937.206031818925
P06315,6229.989912388781
P06331,6492.30091972455
P06370,3635.576048467336
P06425,12680.952692094505
P06437,12316.922991870684
P06454,12957.421061862136
P06764,11234.552052437151
P06802,14444.820172715303
P07084,10189.462446012047
P07090,10312.059187348852
P07131,8047.299741369103
P07177,17496.295206712603
P07302,38318.73173225753
P07333,37699.1892151648
P07468,10506.26239113535
P07632,8861.534050104308
P07949,10798.727917787626
P08016,24921.22508398755
P08140,6839.179895226729
P08142,11591.997687413555
P08275,8728.191729818163
P08337,49807.68816170985
P08398,6237.294481862255
P08496,10812.226371957626
P08497,172236.28836742823
P08525,14999.360037734545
P08540,11616.695315747318
P08551,14586.665398844452
P08940,14946.948061635949
P08942,214943.38148619857
P09041,15970.559309433207
P09042,4484.083403247646
P09096,6422.012222274991
P09568,6745.593782604323
P09724,5265.701006937381
P09725,5300.194828888272
P09897,8126.575464176203
P09898,7055.24943044023
P09900,6892.894565679934
P09901,6093.773920224933
P09902,6533.259767637151
P09904,7236.298096356426
P09922,4445.029583914905
P09924,5870.0074700597615
P09925,7321.375097430625
P09929,5920.174450064595
P09932,7321.515905418732
P09939,5995.066438697945
P09941,6285.550530344108
P09942,6584.535413102143
P09943,7394.487776133378
P10039,6895.126716272689
P10058,4462.203332830562
P10059,5701.831931898144
P10064,6073.775713727372
P10077,36100.368554929235
P10219,35922.78620411964
P10438,6555.932643470229
P10451,6290.362581483221
P10490,29663.419911250105
P10724,34160.631327974246
P10787,6781.985659554728
P10815,5931.692174379532
P10818,6749.9360889473965
P10819,6168.321793182739
P10820,6969.49351323887
P10822,6766.871743752761
P10823,7187.480831431071
P10828,6167.806058880523
P10829,6036.0481637889825
P10830,9267.491042668154
P10831,6059.558090445086
P10833,6768.013253923001
P10843,32851.41892207343
P10868,6097.084287683447
P10977,6097.128597042153
P10979,157922.02551828203
P10980,141222.1806104404
P11003,4881.529042498635
P11218,31140.297044194598
P11352,9902.73045293706
P11353,5683.185862380005
P11401,34998.24872755557
P11418,6320.681738001474
P11581,36942.379405350424
P11624,5778.002601293942
P11634,5549.791258594483
P11647,5027.0244008736545
P11694,162312.9359766918
P11769,5633.04233447005
P11775,7543.707656260107
P11818,6407.631485542891
P11819,6285.09802288021
P11822,6101.542156615894
P11823,5522.446900676283
P11838,5243.262265586846
P11900,13467.0680811619
P11902,10583.04211110924
P11948,4793.318173505365
P12004,5137.224604441285
P12005,5346.058998032829
P12011,5721.199268794769
P12012,6501.913063276489
P12013,35236.02258670807
P12025,5165.106046180761
P12041,186265.2490613487
P12045,5063.544932698312
P12134,5321.289562913716
P12139,41346.719753938036
P12142,34503.66887767319
P12144,226539.79820856277
P12147,32707.86782586287
P12249,6150.477658792209
P12253,5725.091336940887
P12254,6026.387467210691
P12256,7760.113655403689
P12257,5721.5075013021815
P12262,6099.742195860943
P12266,6426.145786595062
P12300,7214.755499489806
P12302,6277.614434743303
P12320,6062.6486237349245
P12340,5769.877820432894
P12347,6956.571660733624
P12349,6116.754706197441
P12367,6883.310233993993
P12368,6277.614434743303
P12374,8418.908576197307
P12403,6369.865354318639
P12404,6329.35266389085
P12405,6338.178783008071
P12556,7027.840295942608
P12654,38159.05894467932
P12656,43452.98729534638
P12675,6310.112540343864
P12680,34431.324684466694
P12681,33416.09763128316
P12692,34207.33394673661
P12988,4632.60119043006
P13007,36956.077153660466
P13008,37675.19681425804
P13049,4112.633412627438
P13296,5628.326635791282
P13439,6174.667740996669
P13498,3707.3514338755767
P13507,35293.44119557292
P13509,35452.38468857628
P13511,8764.692769673773
P13512,39303.48442265504
P13513,7201.735327337118
P13514,5754.2829505927375
P13518,5907.547147425019
P13521,44820.96883770851
P13532,36930.51120775159
P13533,33841.02252114907
P13536,42518.44226490696
P13547,6851.924526628217
P13550,5634.921795689141
P13551,5762.929293997141
P13613,6928.97598510176
P13706,140462.5005039055
P13709,41341.59223559474
P13743,5433.325919705503
P13775,4800.495721022892
P13783,37228.951656792044
P13786,5586.144654892277
P13787,6666.379902060442
P13788,5526.722854625755
P13789,7095.323590653131
P13790,6209.881077649697
P13839,4983.605179224131
P13855,32841.705022382994
P13858,38940.033914988904
P13881,5970.221072170335
P13911,5153.489698495249
P13912,6103.081047633987
P13913,6138.989213615961
P13914,6091.994818564067
P13919,7221.763514211255
P13946,6631.199499733506
P13947,6766.547249103577
P13949,5978.281933975881
P13951,6349.718794408816
P13953,9337.209192857894
P13955,5721.5075013021815
P13966,5838.621343404229
P13967,5950.588034070799
P14005,5326.877965846654
P14006,33324.49473874723
P14057,6028.885742916864
P14074,6667.088813204971
P14075,6951.62417120616
P14076,6280.318503095329
P14078,7139.175982483449
P14081,5820.6178495842705
P14124,3446.791629723461
P14125,3561.520774213166
P14126,3633.576325717217
P14143,6816.831925681701
P14183,5975.543892536905
P14184,7223.069281817735
P14292,6112.968952090882
P14336,5057.284950011229
P14337,5894.892178119869
P14355,4902.389919028924
P14362,6603.895421907327
P14363,9452.944620937773
P14369,5887.850753865246
P14372,6494.328231144847
P14376,7229.098918373956
P14377,6973.308952390337
P14378,6424.976619976656
P14390,6284.374411848569
P14391,5693.138760026177
P14394,6045.7297032252745
P14395,7533.060002541786
P14415,5520.91850096632
P14417,7985.500502732921
P14418,7488.092518336309
P14420,10248.729186071068
P14443,5988.705139483672
P14480,7632.380967295235
P14486,5956.346934661157
P14489,6456.202664309662
P14525,6825.6483524333025
P14601,5859.017112208458
P14611,6681.221405107645
P14613,8380.794454197203
P14618,6435.046764047162
P14636,7257.284119168805
P14675,6323.677866458934
P14677,6435.786018758421
P14680,6214.599666498896
P14681,6091.403046227791
P14686,5834.607213174297
P14687,7008.547247027248
P14740,7305.411861361505
P14741,6838.9216700016295
P14778,6588.798285519224
P14779,8874.411934961412
P14789,5711.174784437966
P14817,6185.450939875012
P14847,5881.043237523479
P14848,7522.651540087035
P14858,7826.726679389508
P14859,6143.2967509184455
P14866,7364.5167718631565
P14868,6240.300464719525
P14869,7775.644720203696
P14870,7601.826684197892
P14872,5939.548111260249
P14873,5825.1313525614405
P14895,6474.248738445976
P14900,5876.661661888115
P14903,7651.392417595457
P14905,6785.425694407896
P14907,6398.772374697187
P14908,7191.927616731872
P14909,8044.9419085062045
P14910,7283.697181521815
P14912,6234.708295668266
P14914,8554.917566648282
P14915,6121.388931903284
P14917,6343.965491007626
P14919,7272.2912182021555
P14954,6771.121839324598
P14993,6400.47878376469
P15013,171381.35516784125
P15016,6778.1229052604485
P15024,4856.7715093320485
P15044,8066.354959332423
P15079,40605.40023121631
P15187,7801.524018429986
P15242,40916.04719269932
P15245,32798.63257916695
P15257,34210.7843166309
P15447,6954.489451861624
P15457,4128.676612415577
P15464,38659.36956035864
P15465,35121.025282038725
P15467,4943.916114652424
P15468,6141.169114654201
P15469,6309.165337141863
P15470,6521.311274787179
P15471,33785.18275933424
P15481,7622.714084583726
P15482,5971.712553297549
P15484,5820.519195258266
P15485,5188.982470425165
P15489,6369.384563564281
P15490,6013.783810696011
P15491,5120.906360009447
P15492,6650.2068273733075
P15501,6548.107876482372
P15513,9666.805685772255
P15514,5367.128700125992
P15515,11194.109313469691
P15516,5657.583781746983
P15517,6067.9096086605305
P15518,5849.191606734013
P15524,5742.229065896929
P15526,6546.8244685183245
P15528,6339.948810552564
P15530,5921.8967660866265
P15531,6665.276124001311
P15535,5792.999723531634
P15540,6406.231696650311
P15664,5487.142346640448
P15730,5227.577423475701
P15804,4594.761833268719
P15810,4985.4623694208185
P15834,6652.755251973
P15835,5826.589159567002
P15837,8838.184771507342
P15838,6588.9367734913485
P15839,9005.675384192235
P15840,6236.615772632645
P15848,4837.675458088125
P15885,34621.06592131656
P15943,6118.825033406155
P15944,42296.324344680696
P15945,6117.793000781365
P15979,5514.328499650078
P16166,7802.050978666979
P16237,5795.753647018663
P16238,5791.4674993050485
P16240,6095.750961462372
P16241,8431.317544303472
P16246,5908.170757337701
P16248,4938.450891532678
P16250,4936.010016596777
P16264,5240.019692698597
P16278,4939.7370703422275
P16300,4685.377110114011
P16311,4984.18511250854
P16316,5316.995533054409
P16363,6581.229820002195
P16398,4248.350843440489
P16399,6163.325350171133
P16424,6299.792250837286
P16426,5795.1534142658265
P16433,4801.719883089593
P16541,7400.040502676024
P16557,7840.2956640934735
P16692,5359.526264177846
P16823,6221.67857480138
P16824,8432.300960122935
P16826,6376.584893206352
P16840,3878.663364901729
P16895,45652.67227484728
P16924,37087.277574420106
P17055,29794.305705372903
P17060,48414.62015033882
P17123,7132.169157998206
P17168,37565.0652649997
P17169,34642.3656767714
P17172,35106.89826741139
P17183,5776.983696333979
P17238,36571.203265740405
P17498,2694.4209301490396
P17552,4850.374999587709
P17600,4571.025807927935
P17675,35141.43577210425
P17678,33305.15494980745
P17693,5838.333701851572
P17694,6154.698877472167
P17729,5253.385547281122
P17749,4453.571426087473
P17753,5263.799784818791
P17761,6416.534687563436
P17812,4786.500301389333
P17874,6667.874389726354
P17880,6904.367916627362
P17889,6083.677671064418
P17931,6138.77431584489
P17932,7961.706237513415
P17935,9455.413668754332
P17936,5851.247616227019
P17938,7336.613825731626
P17939,6133.209745457152
P17940,6435.798743905378
P17941,6295.8043249966395
P17942,7380.581985115937
P17943,7182.753118015593
P17944,9807.527089082054
P17945,8541.811964176626
P17946,6201.455446755529
P17948,7249.217356321107
P17950,7602.845417933423
P17952,6954.574704470095
P17953,7345.471511883011
P17954,8252.072850903165
P18057,5424.273114625593
P18305,5596.105012475022
P18351,6029.822632087182
P18376,3839.3649304179507
P18377,4259.141755738295
P18378,3965.282142882874
P18414,6445.241671868801
P18415,7330.280020488087
P18454,4812.022692509599
P18455,5998.452179000229
P18456,6014.798300501909
P18457,5199.4815591524975
P18595,3779.5520795824123
P18657,6722.743119190714
P18658,7000.712365859841
P18659,7076.055186956402
P18662,6791.980112888375
P18691,4741.78081191271
P18711,6783.64199585086
P18779,5567.54389656743
P18798,33979.73048785582
P18807,6432.578498372201
P18816,6738.838255454126
P18818,6979.365288611809
P18822,5209.366473228757
P18842,35942.11719370252
P18843,42426.57277039742
P18868,6942.707153041602
P18896,4822.489269548953
P18929,40738.91893966524
P18934,35585.67437210097
P18939,33513.60989576188
P18944,6163.134926258402
P18945,6133.553444356332
P18946,6198.133772738143
P18950,6628.706622217379
P18986,35845.45375293283
P18988,29669.67985189463
P18990,34558.107881185126
P18991,33793.95480573601
P18992,32982.997893977205
P18993,33569.2481978351
P19024,5809.767341046916
P19026,4257.148981221916
P19102,6905.387244508043
P19103,6217.639828461783
P19104,5843.331420866831
P19106,4185.265922099954
P19129,3447.6717118560337
P19133,3778.7980397035094
P19165,9008.82229048399
P19167,6296.40095754398
P19177,4979.356337272293
P19178,6077.361823106672
P19180,5203.686082885217
P19181,5784.892188976469
P19183,5240.065234550091
P19184,5914.474604497115
P19189,5256.094386736553
P19191,5791.014939749587
P19192,6101.178506560407
P19300,31828.720214415294
P19306,37480.75789665221
P19309,40093.959904354575
P19316,35514.65078929903
P19321,5908.144628894296
P19322,37801.84752453251
P19323,33509.42273122466
P19325,36798.36049078319
P19333,34801.916899298645
P19338,48206.55558251248
P19340,45386.99168395654
P19341,38766.74920749881
P19349,42924.9073969813
P19350,30481.829964255525
P19352,41945.4901345403
P19353,40911.5482022805
P19355,37484.949879764325
P19361,45114.49197359164
P19364,38008.89251667937
P19423,5300.618311363002
P19445,3617.267955690351
P19468,5376.003372703873
P19494,5729.402263171827
P19499,5084.571456578217
P19515,7532.381301214673
P20039,7124.108505646732
P20108,5612.478895695443
P20112,5946.19031042765
P20116,6045.80083086474
P20161,5852.034053864112
P20162,6644.722882575269
P20163,7162.930564243871
P20165,6083.001087370226
P20169,6985.705344883549
P20170,6363.847177284484
P20178,6874.254172787036
P20179,7377.637456474752
P20199,6373.564312092507
P20205,6735.334178295675
P20275,5932.205192731555
P20276,5458.992052262073
P20281,20095.62416090132
P20284,6832.05421534955
P20285,7261.381488434717
P20287,6041.008140730976
P20293,6979.280661769736
P20295,6419.4818966614175
P20296,9460.479740243945
P20298,7158.946349780941
P20300,6791.488799543933
P20301,6202.623519370398
P20302,9179.679407443982
P20303,7319.896551459758
P20304,7964.566813404554
P20305,6604.587257924933
P20319,6581.28767480802
P20320,5489.912142807161
P20321,6556.858850993547
P20323,6738.037024230947
P20324,6566.105577089582
P20326,6994.9399310306835
P20327,5983.688279770264
P20328,5940.800775960969
P20329,7263.665400232627
P20332,7143.11221395239
P20333,6416.4003245604645
P20335,5990.321072377469
P20337,5636.233293491259
P20338,5879.138878931035
P20339,6162.8284873019775
P20340,5299.4673812764695
P20341,7206.35058315594
P20342,7279.851924847101
P20343,5773.349119076274
P20344,5910.060441821829
P20345,6869.70122988684
P20347,7301.770670520932
P20422,5644.735397670399
P20444,6386.938183413933
P20534,5265.425711353191
P20535,5180.217953811165
P20536,6040.233028893889
P20545,6723.783939157862
P20549,6103.294371778315
P20571,7261.381488434717
P20572,6823.3837100694645
P20574,6795.361100506168
P20577,7568.307864979898
P20578,6085.03445851032
P20580,6891.627285185874
P20582,7522.071842474013
P20584,7076.968252414822
P20585,9956.937572892493
P20589,6045.870853839008
P20590,6254.289382050096
P20592,5259.386977540353
P20610,6407.795349724432
P20625,6083.343738362525
P20626,6154.923449865927
P20657,35856.805129352455
P20658,32938.81811867131
P20699,6931.00873296911
P20700,7697.628190834422
P20701,5277.787920508601
P20702,6002.611113375008
P20704,6262.8125702180105
P20706,6370.434397295641
P20707,4967.46681797199
P20709,6354.172289357669
P20711,6034.992516948
P20712,5845.619250837856
P20713,5981.623113428114
P20714,6216.805907313877
P20715,6753.342407377696
P20716,6002.611113375008
P20717,6066.785985797416
P20722,6182.658763130543
P20723,6216.805907313877
P20791,32849.93483331562
P20807,5343.426580809505
P20808,6223.3967449804595
P20839,192736.3887523211
P20841,222898.64763320307
P20862,8270.991184371685
P20892,5320.825541471113
P20897,4740.283815770932
P20898,6940.141030616162
P20899,6220.588567418949
P20917,237327.41048977326
P20925,3396.0197609276483
P20945,4465.373449397628
P20959,6398.202068135072
P20960,6084.056664682825
P20961,6885.012518408682
P20962,191210.49257934408
P20966,163637.55962594712
P20967,183385.3300341268
P20969,6839.218354215359
P21039,6241.489012712449
P21040,6872.819128267004
P21041,6141.601876577882
P21044,6137.9484478256445
P21046,5556.742769474084
P21047,5707.354667099115
P21142,6716.773697807438
P21143,6395.4550289891395
P21181,6492.4974423979875
P21195,6678.3765657197255
P21313,7054.727754696681
P21314,7008.857213018869
P21315,7548.064427341177
P21329,2563.811944492253
P21372,100906.30376707447
P21376,4871.020347591943
P21449,7171.321324131363
P21450,6557.851087635893
P21453,6499.096276490476
P21454,5934.3745117458875
P21455,9164.914171765153
P21456,6354.911824379777
P21460,8036.824406408249
P21462,7169.553744958042
P21463,153876.65741830147
P21465,183651.138479206
P21467,7209.679352179661
P21469,6622.179031175176
P21472,5229.15746444168
P21501,153794.43339924037
P21513,130812.09296862625
P21550,7381.990528257166
P21551,8431.169771560408
P21556,10335.430815807102
P21583,40064.56935905678
P21584,6285.170521826461
P21586,6363.334968907525
P21587,6427.143394870386
P21612,5314.50478438153
P21623,9655.039854669592
P21625,6904.610188693821
P21626,6706.8286236509275
P21630,5159.989678944802
P21632,5686.5327203019815
P21636,6162.166690690502
P21637,6340.192690432598
P21638,6871.46781073052
P21639,6440.419569839392
P21648,6710.955638046643
P21691,7332.004976670389
P21692,6235.3241790722095
P21694,7738.969371384075
P21696,8032.0514719129
P21697,7383.514035592004
P21708,5060.808736089039
P21711,4798.76397201345
P21713,95571.23975950685
P21728,7451.784152805261
P21729,8634.17312532113
P21732,7700.953734737834
P21735,9600.66656617403
P21736,9655.821358597546
P21737,8986.832244143692
P21742,7197.26841535404
P21750,7138.866259301982
P21759,6501.164708381184
P21760,6085.481468602828
P21762,5051.574631591525
P21763,6088.011490814639
P21765,6079.897568861773
P21767,6060.806558835486
P21768,6050.204472493728
P21807,32184.880884871833
P21808,39195.47388618909
P21814,37580.2919189764
P21816,6173.822337298689
P21817,5726.1020371092945
P21819,6279.97713281494
P21822,6086.858027752813
P21825,5223.577073658843
P21827,5660.823961080344
P21828,6079.372767893731
P21829,5658.334201935054
P21831,6118.03792242531
P21833,5653.86252679067
P21869,4999.516420482864
P21886,8334.68450864167
P21938,7219.241147877703
P21940,6869.70122988684
P21942,6890.420230694459
P21944,5767.882128971077
P21946,6275.130986631999
P21947,7543.890209614337
P21950,6995.84017558782
P21952,6995.84017558782
P21966,6036.395246406153
P21967,6583.532017492041
P21970,7075.1913152327315
P21971,7074.508669252043
P21973,6192.104533576222
P21977,7571.614167002477
P21983,7311.183059336401
P21984,7626.631250853502
P21985,8985.959554328983
P21986,9092.467451089062
P22017,5815.9676336356915
P22032,6329.736076842191
P22036,6417.9375977785585
P22052,6412.591386622227
P22053,5892.72586843828
P22077,5405.3392344258
P22082,6509.71501630612
P22083,6898.963182416329
P22084,8893.089281411476
P22086,6490.725902741532
P22087,6490.725902741532
P22362,5975.369775378618
P22365,6152.097934660227
P22366,6041.6504014397515
P22465,6379.129821469273
P22474,7667.149418831623
P22476,7595.251245606151
P22701,5300.536952007622
P22738,6199.885229244659
P22827,143725.80619714392
P22894,41581.34662576757
P22895,38544.086823936974
P22908,6103.532047872158
P22910,5891.600348089896
P22912,175935.44256331402
P22914,142187.2981108389
P22916,33157.470734995375
P22917,33249.19286312844
P22918,38882.558871245834
P22919,40274.85568475271
P22920,34338.996793064005
P22922,41500.65323603574
P22926,39624.485365464505
P22972,6576.066929830131
P22981,5316.439766736298
P22998,8045.792206138483
P22999,7987.190023102021
P23000,7230.067898688369
P23002,9409.365080967631
P23003,7586.7263807969575
P23007,5014.902585927876
P23042,7077.333443025196
P23044,7603.800928492058
P23047,6041.008140730976
P23064,4872.380941726908
P23091,5218.073736091945
P23121,5136.835285530823
P23149,34763.09715271799
P23201,5990.409259170952
P23206,33271.94045355145
P23212,39078.27675973412
P23220,40035.81040488916
P23259,7921.298281386638
P23274,38196.70422705612
P23314,6096.284729874023
P23319,179032.1010510024
P23320,196706.53592121563
P23321,195996.39285517947
P23322,171610.03976032525
P23323,163840.31088219828
P23324,197163.598447114
P23460,4660.679764107255
P23619,6200.188156759638
P23620,6200.188156759638
P23621,7758.586405285198
P23623,6287.453749398895
P23625,6330.393498967436
P23626,6264.667002185987
P23627,5853.472588132218
P23628,6238.799953499
P23630,6792.581785836411
P23631,6284.844526930065
P23634,7162.253984265191
P23635,6306.935772680019
P23638,8613.053273199574
P23639,6254.611165547157
P23641,7503.825237079625
P23737,6137.882849208345
P23779,7046.896046854337
P23895,6193.563118128863
P23933,2453.265738552099
P23952,4526.704813079089
P24047,4235.969189559162
P24070,5209.783857258756
P24080,160741.2251785959
P24082,4793.685601649636
P24128,3571.4306964332836
P24161,6971.619858693105
P24162,7116.73175581315
P24163,9960.73457808874
P24164,7737.64848116506
P24166,6503.312021754838
P24169,6543.367748410664
P24171,8726.530368249218
P24229,5996.470684909745
P24253,6469.4908680731005
P24266,8677.969995690884
P24272,6479.85804365661
P24317,5754.127241406596
P24339,4882.101965460098
P24341,5344.465557783592
P24346,4715.009984781339
P24382,4161.713789953033
P24419,5246.960948430269
P24429,5268.455229002305
P24433,4855.8641983744
P24473,5377.700544727201
P24481,142178.98208390677
P24515,6257.5655262249
P24601,5654.0750499711385
P24606,6442.241118768495
P24609,5441.482334698179
P24709,5346.082143230153
P24805,5962.0038736872975
P24830,8537.13052052176
P24963,6092.53861512494
P24967,45017.12791454982
P24968,39496.73323495631
P24973,7517.768169374007
P24975,6514.877178104999
P25021,6339.000260290434
P25058,5675.202529452748
P25280,41869.72368973803
P25281,35556.77111078217
P25332,6551.498357452554
P25334,6021.529346786256
P25350,44783.76800375054
P25472,5740.238622270723
P25481,6510.392160128464
P25579,34885.193496695996
P25581,34511.14158341444
P25606,6357.0961632420285
P25668,3229.1487076645326
P25877,5315.004455996019
P25878,33966.04784898403
P25941,6156.174923435003
P25944,6358.741972786693
P25946,41884.32174321462
P25983,7392.322895727979
P26003,6396.490048058317
P26006,7489.687313723769
P26008,6590.782276894553
P26009,6024.3406817845025
P26010,6260.099755662585
P26011,7930.830677342715
P26012,7664.916499130901
P26013,6499.232103916059
P26014,6446.019368393575
P26015,7550.802071447644
P26016,6345.452113095752
P26017,8017.6376911679945
P26019,10615.402096768381
P26020,7567.059603509875
P26021,7285.959083835324
P26023,7620.60076118991
P26024,6120.4233880067195
P26026,7665.158942585604
P26028,6091.998854391855
P26029,6088.160079269362
P26030,7661.263660569498
P26031,6005.908331933633
P26179,4824.851851990633
P26250,5225.4239866719545
P26257,4768.5197006998305
P26271,4518.1061140075535
P26293,5268.290255286101
P26335,7606.611367878997
P26468,3677.184786272201
P26472,3377.4206048842775
P26517,6980.941487172889
P26525,6709.14661493052
P26542,5340.864785360125
P26686,5933.957038047928
P26748,5257.5252852690255
P26749,6432.493357180853
P26750,8426.424693270195
P26751,5534.809329813086
P26753,5534.812395191701
P26755,7012.002008589384
P26756,6035.659896893618
P26757,6172.214152525738
P26773,6693.225248454133
P26802,6126.42209772331
P26819,7490.417576530802
P26820,7195.452263880456
P26821,5093.686446798365
P26822,5106.392650850889
P26845,5219.184406105167
P26846,6749.855786434814
P26919,3932.0519800528104
P26936,5647.9260291272585
P26953,5599.616846851959
P26961,5073.321062459967
P26963,5042.325306040626
P26974,4737.558710051285
P27043,4941.054150944922
P27057,4685.0177430763515
P27066,5228.623006659846
P27072,5118.454749806366
P27074,5278.322798542178
P27127,5680.787929337899
P27182,7121.631952829846
P27194,7501.639934524125
P27198,5047.731020826914
P27209,5290.937454186759
P27217,5063.601357661437
P27222,4831.374486978725
P27255,8097.898799382379
P27256,10745.78279682279
P27284,8179.300078630031
P27445,6508.2072361122055
P27631,35915.8969980302
P27632,7107.214078121297
P27633,6634.729781540849
P27634,6548.361488267925
P27635,42076.16946719043
P27636,53937.661889363946
P27637,6652.593486717625
P27639,189956.8372629071
P27651,5833.12091066131
P27657,5578.126776184224
P27658,4941.075245096699
P27660,5611.302985890685
P27661,5646.966228577564
P27791,4405.955890678903
P27806,5255.67037902728
P27811,5560.459335307503
P27816,5715.079734838367
P27819,6623.355684724489
P27820,6652.310104015557
P27821,6624.826042673094
P27823,9386.198239508467
P27829,6475.020797396798
P27833,6545.013747858772
P27834,6443.099655140957
P27835,6686.419572054336
P27836,7653.079754343282
P27838,6492.802071434624
P27867,4886.0837673871165
P27891,3866.3421571526687
P27892,4740.5859360261875
P27930,3668.090375027682
P28007,5638.524220017793
P28019,4373.02028437783
P28029,3801.549765905912
P28050,3807.5983003461283
P28062,3839.882497592858
P28100,4179.892227909168
P28113,5223.902787795688
P28205,7372.69062359068
P28206,6506.958431623637
P28222,7016.1933374190685
P28476,6829.798402819615
P28478,7332.0698967409035
P28484,6445.870283839329
P28485,6994.649846075111
P28492,7782.8667990015565
P28494,7163.808570772261
P28495,7878.569228705169
P28496,10008.567941515468
P28497,6441.421715354681
P28498,5246.275267313829
P28499,6458.681346443455
P28502,5241.432327437384
P28503,6473.370169853752
P28504,6930.053377844412
P28506,6313.784304072879
P28507,5198.120526550392
P28509,6355.2639345330435
P28511,5753.803627972629
P28512,4970.511674823531
P28513,6262.337954357017
P28515,6015.249558036362
P28516,5290.331642016216
P28517,5846.611158535156
P28518,5928.7085569871515
P28521,6000.194732886652
P28523,5846.611158535156
P28527,5768.195128282701
P28531,5768.195128282701
P28532,5934.572099402558
P28533,5901.061259938186
P28534,5227.185804890515
P28536,5742.229065896929
P28537,4791.396289353257
P28540,8608.199753218916
P28542,8541.195995401573
P28543,6365.203165423484
P28544,6720.577791050845
P28545,7880.597636203726
P28546,6437.827905820845
P28547,6452.469310095359
P28548,6437.827905820845
P28549,9227.063805429538
P28550,6345.082827818837
P28551,6742.212556983025
P28554,6489.344418296575
P28555,6343.249449825151
P28559,9212.979789466912
P28562,5625.165027383722
P28564,6435.130877018527
P28567,6176.281789013604
P28568,6173.705850856919
P28570,6133.347408113829
P28573,6050.950395046594
P28575,5387.504641271718
P28576,5627.91113390157
P28577,6101.00949846049
P28579,6681.84044786387
P28580,6277.312417369281
P28581,9008.149848554336
P28584,6659.497407025274
P28585,6379.662545535346
P28586,6881.623025026953
P28587,8614.26652461358
P28588,6294.21393773311
P28590,6190.187557155682
P28591,6211.800027693992
P28592,5451.2361368174215
P28593,8488.32685673582
P28594,10034.35148014023
P28595,8635.427973945505
P28597,221748.86527144787
P28598,236655.35584228352
P28599,8570.476037593304
P28657,156018.2260458461
P28690,221116.18263514724
P28693,46245.040676010736
P28694,229370.63753494024
P28696,7120.176352786737
P28697,7593.39693705782
P28698,6781.896678972146
P28699,40662.838853914276
P28700,5163.503703595528
P28706,5049.323035446186
P28823,6703.517267157631
P28848,3508.3117966486143
P28881,7030.114206623819
P28889,7329.128788461134
P28944,5776.638755321531
P29112,42185.18167364887
P29116,5361.194939577131
P29117,43929.92604592532
P29123,34703.03471727087
P29127,40630.808428151715
P29128,34525.31439944296
P29129,39471.60188409952
P29130,5332.635939162585
P29131,39960.27636289437
P29137,40195.59624426087
P29141,47619.61616997285
P29151,35003.82257255733
P29155,6051.698550160479
P29176,6620.010427550939
P29180,6568.590399316134
P29190,6030.579180578884
P29192,6264.953350161952
P29324,7001.076036366601
P29325,5988.887560220058
P29327,6571.482680855884
P29404,6245.973590028165
P29424,8079.337737666267
P29440,6074.075654187845
P29455,6324.623747779452
P29483,7319.823311735961
P29485,6606.223338753423
P29526,6234.480442764931
P29553,6615.320505287264
P29591,6629.251529052765
P29593,7130.989029863785
P29596,6344.673707871597
P29599,6464.509628667361
P29602,9264.53778665565
P29603,6884.763523840094
P29607,6367.643926165576
P29608,7580.086289133288
P29639,5834.106973265042
P29641,7490.000629198326
P29644,6635.0759565631
P29645,8050.842518807054
P29648,6457.369392669868
P29658,6717.779951904461
P29660,6532.657368246558
P29662,6508.303089324803
P29663,7788.970312690497
P29665,6532.657368246558
P29667,6425.602518960322
P29670,6369.54128782441
P29672,7573.349379791455
P29675,6513.097711908839
P29677,6080.492599454335
P29678,7582.770439646748
P29680,7582.770439646748
P29688,8027.163552864863
P29689,7026.716094982593
P29691,9855.980809792236
P29719,6590.782276894553
P29749,5897.846561978987
P29781,6399.587904245757
P29843,7066.274555944483
P29844,5719.835691886308
P29845,6894.4740372158
P29846,6927.582423913227
P29847,6878.829828156737
P29848,5254.0944202498595
P29849,7098.88144487958
P29850,6936.469495385315
P29852,6733.078468837677
P29854,6959.374368906169
P29855,7593.67735330079
P29864,7302.644186821765
P29866,6835.139047435399
P30025,6704.9167128144945
P30027,180753.2207959046
P30028,6738.845061714132
P30030,6859.153508864617
P30032,6749.00816916483
P30098,6995.26307714307
P30106,6588.091649593312
P30111,6788.1237371252655
P30120,7006.743197875783
P30148,6686.107837553019
P30159,7525.851093917572
P30172,157814.5591510015
P30188,6646.5077583297425
P30398,7316.1961935078325
P30401,6723.92282066981
P30407,7649.331341645615
P30415,6269.527836126144
P30417,6652.9165910830125
P30421,6215.394515291955
P30430,7757.175321099114
P30436,6206.000914916297
P30444,6881.468494447737
P30447,6826.806777417648
P30450,6099.022493948359
P30453,7874.399757928816
P30457,6578.935959855012
P30461,7643.801050523931
P30465,7257.1145389201965
P30521,6111.304641729336
P30530,6702.467269158046
P30548,5989.518353494865
P30550,6730.412512646625
P30570,7860.643329693591
P30573,7878.494831702726
P30575,7647.435142258884
P30576,6488.745083523354
P30577,7272.516957359524
P30578,9088.684425943571
P30628,6741.76166663841
P30629,6793.868985274983
P30636,7120.895593918129
P30637,6586.033359120968
P30644,6524.191524768096
P30645,6507.863143352706
P30665,6479.519952267507
P30667,7815.015944885055
P30668,5481.451702545134
P30669,7571.859981252497
P30670,7064.480875129342
P30672,6891.627285185874
P30673,10298.765935226595
P30674,7773.147929764188
P30675,6439.6936514289
P30676,5853.963748043939
P30677,7315.76097055105
P30678,6255.888968939826
P30680,5855.584330617332
P30682,7874.261656749226
P30683,7328.692454814006
P30688,7650.539249519018
P30690,7120.468714229763
P30693,7119.446281551636
P30695,6351.39336990508
P30696,6788.070359506226
P30697,5766.7347834695
P30698,7257.411564467544
P30699,8467.595269457539
P30701,7007.283907111984
P30702,7268.444814825714
P30703,7157.615270359214
P30704,6837.842009482979
P30705,7108.458102775636
P30707,7760.189626667322
P30710,7615.752494430308
P30711,7068.860830749054
P30712,7706.968214737801
P30713,7154.498445191642
P30714,6993.431134680258
P30718,7634.011819020675
P30720,7014.523250241605
P30747,4505.523466850118
P30769,4820.06849226263
P30770,4897.734775971502
P31073,6584.242875922691
P31079,6425.381907324876
P31080,7090.688495932549
P31081,7684.034253491903
P31082,153473.35982313514
P31190,3355.456283939871
P31227,7400.88331124602
P31228,9123.426140642465
P31231,6868.526007427179
P31233,17420.231938987632
P31236,15682.613574081945
P31242,6723.163492430767
P31243,6518.274663167323
P31244,6723.163492430767
P31245,6985.141377881804
P31246,6432.2853419843395
P31247,6587.528233052007
P31385,4962.491260057431
P31387,5141.555827779464
P31388,5045.5364419214975
P31390,5010.108857909582
P31393,5689.398428159315
P31394,5011.784895802333
P31395,5694.232614131125
P31398,5732.160040223008
P31402,6180.311911109234
P31403,178925.32193132647
P31404,194222.41757367566
P31467,7154.032251647688
P31510,44442.04328661755
P31511,51181.45091013084
P31514,39571.014050615
P31581,6747.029082690992
P31583,4993.4505601614965
P31588,6183.2346818622045
P31589,8790.104230992345
P31590,6748.803212011851
P31593,7095.323590653131
P31596,7106.265424665177
P31599,7033.956939319634
P31600,7106.265424665177
P31602,6432.493357180853
P31603,6743.262203394278
P31604,5972.980954835742
P31607,6769.066499179415
P31613,7178.579714226778
P31615,6278.10269883638
P31616,10282.85636805535
P31620,6052.011436164649
P31621,7126.119303397192
P31624,5777.822782181403
P31626,5777.822782181403
P31645,6889.950070379498
P31650,4693.988862936905
P31670,44075.63737684671
P31695,4994.797390398418
P31697,5660.561994350264
P31705,6067.959237970578
P31706,5660.041202169901
P31717,7123.19000320037
P31779,51803.18834569803
P31781,39613.63638939552
P31782,36510.866249855004
P31786,5201.182652574292
P31788,5270.306089049872
P31789,39203.31081137247
P31790,6157.336565527025
P31792,6634.893954588766
P31795,5283.818637870356
P31797,6261.736795512671
P31989,7566.986289774321
P31997,7589.118063413365
P32001,152721.30506687693
P32003,8496.075813338226
P32004,7684.469943270537
P32006,6700.2913111369735
P32009,7897.6108832461705
P32020,38147.50474125692
P32022,32892.68913270864
P32023,6158.545097485817
P32108,6259.38404110951
P32109,4974.364762149388
P32111,6051.32285718633
P32134,33707.47856378845
P32135,34335.35802764831
P32137,40337.177933849336
P32138,34335.35802764831
P32140,33782.125969033936
P32143,33756.922522345536
P32144,33398.69475748015
P32145,37294.26119237116
P32147,33475.666931866035
P32162,43263.41789273864
P32166,5893.55801746351
P32169,4036.2885044911272
P32170,24556.79910310004
P32172,33409.96518252715
P32177,35027.90423007139
P32180,6039.708746705786
P32181,6167.529027570093
P32183,34288.39409478833
P32185,39115.758525314086
P32189,36736.756747415566
P32190,41392.616981966516
P32194,34153.7671765346
P32200,5982.903646307915
P32209,6276.105745190313
P32210,5881.524253809997
P32211,5209.774275603617
P32214,5873.773062428435
P32215,5341.746563045019
P32216,5914.135289518404
P32217,6629.410467820704
P32218,5120.246189766879
P32223,156621.46114171526
P32224,5324.043450951387
P32225,6219.24056084653
P32232,34909.34929095577
P32234,34841.306527836896
P32240,6895.154346780171
P32241,6465.514958925965
P32244,34716.62649377141
P32249,6052.1170286917295
P32253,5322.960389137608
P32259,42398.29476096842
P32327,4848.099512330944
P32354,170767.6043002339
P32360,4946.928335980578
P32544,6347.4131512411095
P32585,7330.991265636554
P32683,6660.687826786417
P32689,6009.494469131775
P32921,3991.898721418839
P32995,3797.6324111994063
P33019,3679.825015117127
P33043,38728.5863927623
P33047,34265.633006805634
P33048,38901.51929851499
P33049,38681.25866120475
P33050,32768.5332758439
P33056,38995.12373436843
P33057,6269.642250775372
P33079,35774.5786654618
P33081,33143.54035233393
P33084,38377.52626863162
P33284,5219.6884630000195
P33286,6086.933722980252
P33289,5254.663615825515
P33294,5848.78636601497
P33296,6292.881880853306
P33298,6372.768292135907
P33299,5844.6596202601
P33305,6113.548192178495
P33309,6221.916133188862
P33310,5935.975192288547
P33313,44734.24304192862
P33426,3101.0630923327085
P33466,5767.2989519225275
P33651,4075.0215835235404
P33929,33557.43865414105
P33962,5023.390614522524
P33963,34448.16699440284
P34022,40336.65401499886
P34025,32564.31921733764
P34034,35573.88469029948
P34037,34493.046807789
P34382,5791.155194443157
P34383,5918.2600690684085
P34417,203342.2040356507
P34538,8397.34004377933
P34539,7336.381283861684
P34573,8267.282551329043
P34574,7195.490502729069
P34575,8218.3456301213
P34580,7246.435283910613
P34581,7599.743536609539
P34583,6541.0232209940505
P34613,7669.8723580326
P34614,6652.736361803642
P34640,6732.39663992616
P34689,6566.817925264538
P34709,8096.649540210935
P34710,7525.713326638624
P34711,6415.5537746768305
P34745,6608.114987309226
P34750,6377.205541753643
P34751,7516.957214629089
P34842,191173.94587408882
P34843,6747.464058828889
P34845,6063.628032768561
P34846,6878.524616500369
P34847,6838.229669319353
P34850,7443.743066719742
P34851,189497.23618587325
P34852,5545.488733378753
P34853,154881.89245448625
P34869,7142.455858332162
P34873,9220.292644643832
P34874,8000.213929237701
P34926,212500.56638219085
P34928,8219.746925787475
P34929,7219.009453372537
P34930,8207.269830043053
P34931,8737.813024408426
P34932,7953.576269572697
P34933,7483.526060506968
P34934,7949.217343103315
P34935,7123.175830108217
P34937,5506.8072293989735
P34939,6221.5757537759455
P34940,6221.5757537759455
P34941,6140.427896965016
P34944,6991.596409035263
P34945,5486.926188102917
P34946,6063.3918812775355
P34947,7440.109435234903
P34948,6252.750499802304
P35026,8235.145004832786
P35291,6895.6914524138
P35417,5890.301025164028
P35461,11378.580743138164
P35667,39217.01723732071
P35782,6597.857004787377
P35807,4751.909469719175
P35878,8129.378431192003
P35880,7209.616048791014
P35881,6259.658283650161
P35882,10453.319029248503
P35883,7289.495603220401
P35885,7294.590378651522
P35886,7910.49361676514
P35887,6758.600272850096
P35888,6822.9509306694945
P35890,5545.427095894492
P35891,6474.584971677807
P35893,8658.324104678677
P35894,8608.577561628566
P35897,7670.207845823612
P35912,6880.084067242201
P35913,7027.46070964931
P36011,5677.314677505444
P36061,5119.82682510236
P36062,5416.030934668232
P36102,7626.678862436184
P36107,6838.787813931138
P36111,6838.787813931138
P36112,5981.945272384531
P36113,6531.569042974904
P36114,6494.807916017587
P36126,6045.772851268181
P36234,5970.221072170335
P36235,6181.354559810677
P36237,5970.221072170335
P36238,7801.956013307684
P36240,5796.668804274135
P36242,5914.279589405035
P36373,5776.214512282277
P36374,5904.062138362487
P36377,5908.703974136739
P36578,5764.226451143382
P36591,6998.609579987106
P36712,35063.1507718256
P36927,4467.502156799206
P36950,5632.330335869212
P36966,4857.92545913368
P37024,6799.866727238629
P37127,6447.551061212886
P37142,5102.448349166841
P37143,7610.898033616466
P37146,5911.643042833176
P37155,7617.111255612004
P37156,6563.697102611792
P37158,6773.686821430492
P37257,127858.97813051648
P37374,7692.22728776274
P37457,6454.2954669685305
P37569,5565.792040452949
P37685,5811.092262394183
P37699,6355.868892650069
P37702,6461.613240779654
P37726,6994.982984585293
P37824,6679.546796302839
P37863,7502.313806443463
P37864,6894.0482987705
P38165,3869.937494454559
P38262,5730.795472787036
P38277,5939.133987128519
P38279,6032.626937137897
P38287,177292.7437630753
P38294,4862.255076850989
P38296,4776.557458195803
P38318,5521.926175671628
P38461,7512.35356454308
P38463,6210.346609724729
P38623,43997.189249070034
P38627,44085.20432063674
P38628,41266.26805902834
P38907,6083.533998637479
P38946,7038.332255132966
P38951,6908.675247242912
P38954,7676.44309871338
P38972,6621.936470227376
P38976,8008.1613117286915
P38983,7293.417441805307
P39002,8097.373006305792
P39093,8861.131003711262
P39312,5823.769472570896
P39419,6558.213259588712
P39423,6492.622290840619
P39442,6397.436286775681
P39446,6899.140407201372
P39504,6261.150670545805
P39538,34786.4608639723
P39542,43424.795123597796
P39544,41940.77775994183
P39545,39521.44619975664
P39547,39882.22411276666
P39548,34835.44097531594
P39561,41654.17147422428
P39570,33551.4692065758
P39575,7197.26841535404
P39576,9101.492525358672
P39577,7141.943919031236
P39578,7835.15739059967
P39579,7126.105965923474
P39583,7128.013619686709
P39584,6625.327304200736
P39590,7318.98493156115
P39591,7337.601282096013
P39593,7514.669927617338
P39596,9618.973652091378
P39597,8173.808728351971
P39599,7208.5943557014025
P39602,6211.802491740352
P39603,7084.148549605496
P39604,6130.170211181713
P39625,7210.758702342091
P39630,6293.648898158788
P39631,6587.572591346477
P39634,6500.073524927842
P39635,6433.080629310558
P39636,6684.1912197721185
P39640,6388.938306721775
P39641,7456.433265364499
P39642,8939.782598769969
P39643,7135.833320365231
P39767,168371.37476370603
P39821,6327.896969705715
P39935,34669.05178506127
P39956,5391.03763281642
P39959,6030.189315264975
P39965,34510.38044363325
P39966,6358.197934415599
P39967,41529.028979553885
P39972,34506.63719607396
P40029,33502.68736998267
P40057,6623.789060765468
P40231,5533.922435203449
P40453,6655.974181862761
P40484,6051.966765271297
P40855,6252.054608974702
P40856,6223.85391336903
P40857,6165.514952614619
P41061,41312.95283475191
P41201,5844.439020381952
P41218,5015.7982399579705
P41480,5610.306663556359
P41745,7741.517258580818
P41747,7749.782144022685
P41763,8186.643619877925
P41777,10760.291051922699
P41852,8035.99092179974
P41854,7802.672865744219
P41856,7689.943380315872
P41864,7672.045077956203
P41865,10197.792063053177
P41943,7787.996022188252
P41944,7785.860559882898
P41945,7745.474781036674
P42113,221362.96993662347
P42172,42770.16455029104
P42174,59310.802463840504
P42176,42941.92717802037
P42276,6692.053611928227
P42293,6196.235907527378
P42311,5973.039975234097
P42375,6310.769852095815
P42386,6327.351667765228
P42407,6119.903173519855
P42422,7646.344672757535
P42424,6565.4294791560715
P42428,7066.283617488351
P42724,4617.951756271648
P42908,5807.179074418099
P42974,5591.705731864079
P42975,5757.747841087446
P42977,4727.481485107807
P43038,33365.82167711601
P43076,42957.37123892607
P43113,6309.253165114703
P43144,5730.570769787987
P43171,5674.107778008231
P43175,6344.065352093092
P43179,7537.76637524014
P43348,196916.29782962278
P43551,119639.95360834005
P43555,9285.260386772758
P43557,7274.5956973536195
P43576,215111.12462979156
P43577,202033.99285927587
P43578,158606.01161536665
P43596,144088.7683615209
P43597,149624.5650079634
P43600,201799.24800109994
P43625,217630.6968199252
P43626,170570.97698977037
P43628,10860.19848901323
P43657,24858.55666050282
P43664,21574.351056004525
P43665,22375.53344145151
P43670,12235.472607402575
P43675,48521.36106656191
P43746,10882.13926684969
P43749,182484.48677539357
P43753,10505.364421218092
P43755,158512.41469927967
P43760,215382.4441790094
P43765,50104.9070219748
P43766,51903.645916334026
P43768,44172.77236420556
P43771,45056.006273710904
P43772,16273.785798660037
P43773,16659.0176927339
P43780,4049.0595698096968
P43787,6436.123289948117
P43790,7003.345463029144
P43794,6396.364658837924
P43845,6461.461739019449
P43907,3132.004794898988
P43993,7280.519180355373
P44005,162884.03453484934
P44008,58146.5072397178
P44009,62637.87265778726
P44014,22681.343283279362
P44036,3453.710139267789
P01003,2330.9874931564004
P01005,13829.463664338055
P01011,16830.732577902138
P01032,4172.85437065755
P01057,4079.143652686792
P01062,7141.112759693012
P01064,2864.078070109016
P01065,4419.824111566666
P01114,9448.86474763031
P01115,5087.58617943147
P01193,7314.270787823906
P01205,10118.616274105578
P01249,4700.577582176014
P01261,11340.026112443427
P01277,11726.749688908536
P01331,7039.715095982517
P01386,4810.146990481078
P01401,3086.305387362916
P01407,5648.904486512084
P01558,2133.6939083913094
P01572,3295.348301212697
P01595,4999.048780075306
P01603,3390.41980732539
P01645,4386.078369910134
P01650,1525.807243726516
P01761,5533.057909144451
P01857,9087.572259691518
P01874,5098.127055827081
P01945,7114.5922484587
P01985,10107.981486695924
P02005,2523.562139163027
P02009,2311.8872370127187
P02087,1719.3731983581094
P02144,2844.8875762048738
P02146,5513.922142208337
P02162,6576.849893428556
P02263,3709.8818241967897
P02274,5545.584170570531
P02319,4797.586417382158
P02347,2552.9056339638378
P02404,3553.0170216408956
P02428,5001.9955947642975
P02504,2805.369575860124
P02526,3417.3600224297934
P02533,5828.2687162109505
P02611,2535.996405170778
P02650,6319.44356249041
P02683,5737.100953239415
P02697,3614.418931400449
P02700,13603.734713406851
P02712,5692.942255705622
P02733,1916.6656762738896
P02745,11260.8758993556
P02845,12421.102971966975
P02862,2983.6574370973008
P02920,11308.068029846783
P02937,4443.991923323404
P02977,5871.841908841348
P02998,3915.826471087442
P03024,3185.802163931954
P03058,3360.846488713725
P03080,2193.875167399894
P03088,4431.394853890069
P03195,4719.43245882486
P03217,3290.0569732245804
P03218,3726.798699465971
P03226,16344.331748393148
P03260,11614.64527572801
P03278,5445.705309097079
P03335,5881.533586644859
P03394,5875.910845195967
P03398,13950.271004848524
P03415,4493.420239538462
P03451,2968.863516542237
P03477,4873.373044766022
P03491,4434.399937005962
P03619,2676.112769957714
P03623,3828.046176878752
P03652,3263.7889772761337
P03665,3250.6336149387253
P03738,9766.360143217582
P03774,5277.941112426507
P03834,2783.252784401863
P03854,9331.72189599602
P03888,6184.337136762912
P03895,4056.0521073934674
P03906,5954.112186165399
P03919,2456.3560672574104
P03939,4940.255333892727
P03943,5924.012251190711
P03946,4426.687626577722
P03949,3917.61974685402
P03965,96660.89399798795
P04003,4071.536563772202
P04047,12102.256766062203
P04077,15444.317891450513
P04078,9733.680517930818
P04082,13341.390704971584
P04124,3985.8841460843328
P04131,6298.498535243903
P04144,6140.085639347003
P04165,6884.455489560925
P04247,3101.520060442219
P04252,2867.510970734266
P04259,3953.3302987291418
P04327,5790.347544482918
P04337,5621.824882096502
P04400,4623.72176469526
P04410,7798.177896968798
P04433,2812.152482952092
P04451,5836.872056987451
P04481,19778.97444432165
P04536,2807.4764531268706
P04559,1427.1115797945558
P04583,4346.292262338011
P04635,2619.832095066955
P04705,3459.276031828175
P04764,3969.081059399893
P04864,3542.6886102507115
P04962,14259.983903828488
P04969,9976.813653449766
P05102,5453.263782984304
P05126,3762.49053204491
P05278,4489.869624661237
P05313,7332.864377700581
P05329,3683.282789145076
P05342,4455.171042544061
P05446,3427.7366392008967
P05449,2367.0008016149345
P05450,15204.546052469666
P05457,4731.4262331978625
P05559,13668.105627198545
P05588,3832.9277650536474
P05609,4100.230417712624
P05618,4032.927959287939
P05669,4581.613391649856
P05759,5556.775292631481
P05760,6200.622930115707
P05764,6162.140311128044
P05765,6079.636378904548
P05767,8295.251794491507
P05787,3305.916256521771
P05799,4697.2070283938765
P05814,27744.927097910284
P05829,3502.445135239785
P05950,4585.121633403686
P05979,6360.336747230546
P05991,2826.1447173065308
P06014,5095.534071760109
P06025,7451.5019200649485
P06050,9057.302730977868
P06062,4732.002430819864
P06177,19043.256420367365
P06199,1411.0312497953294
P06213,5930.420625805028
P06282,3682.050977949773
P06300,3200.4896482193526
P06395,12628.864071861435
P06396,13468.028269250239
P06397,5237.734604706199
P06921,3331.5558545841864
P07079,2772.3693449911348
P07098,5246.205883481549
P07102,3879.867021202193
P07265,6097.068679914137
P07266,6584.59452583733
P07287,4331.006890746667
P07409,2569.8937853389825
P07541,10435.5150226796
P07603,31320.399188169107
P07611,6111.721756775783
P07612,5506.696887197878
P07621,9922.49541097448
P07954,10686.164369881495
P08111,4880.991274635582
P08139,4063.1405502427256
P08154,4461.608715440606
P08185,27924.082651447592
P08236,4627.525250876925
P08840,4009.9573553255955
P08848,4287.234495313058
P08878,35644.81568280863
P09113,11636.191724453716
P09155,10235.483848681177
P09207,7742.607598319651
P09254,20083.093986636024
P09305,4808.982817128065
P09307,23964.7950312729
P09599,3962.1907504782394
P09742,4334.998118127066
P09743,5046.814166257115
P09812,4910.117426588458
P09813,5040.86069322887
P09864,5370.714143538067
P09866,4718.044375918309
P09867,4645.047149350561
P09868,3730.5469358306345
P09869,3667.234994346465
P09871,5152.60704672824
P09872,5725.968055595742
P09873,5852.948845382209
P09874,4785.419281512778
P09876,5360.802309703935
P09877,4059.6277623387055
P09878,3250.682498129483
P09879,5204.772507283074
P09880,5189.634382191418
P09881,5284.417561392707
P09882,3548.4171190573497
P09883,5761.766100861202
P09884,4627.319290050628
P09885,3762.7458382392106
P09886,4409.219041578118
P09888,5649.771145030756
P09889,3189.470898938421
P09890,3541.2804560548657
P09892,4252.194093986928
P09893,1940.9162907190052
P09894,3419.0684442537863
P09895,4518.694278329648
P09896,2344.009329321114
P09899,5335.454956551583
P09903,3819.5745050422347
P09905,6939.600112203972
P09923,5335.740438643817
P09926,4296.19352347629
P09927,4084.4771745733046
P09931,4755.138540436638
P09934,6299.09677995637
P09936,6370.081907434914
P09938,6253.901799840323
P09944,3841.2131224552836
P09945,4176.848892231674
P10182,3731.626467651408
P10316,43430.43603068071
P10543,2380.945602556147
P10545,4478.011207593746
P10546,4703.698242375534
P10547,4385.918140773538
P10549,4988.80628905663
P10550,4906.220660342701
P10551,4303.418084193006
P10552,4204.532418119297
P10553,4674.995304904811
P10555,4740.118564079365
P10566,4550.872015850935
P10572,4442.373749723061
P10608,2979.0909723689388
P10679,5261.907172975941
P10827,3686.3860461293675
P10876,6135.737314779501
P10896,115310.50287399875
P10898,17666.707421793828
P10974,4985.743230413421
P10975,4378.058351281664
P10976,4560.28426105431
P10978,145005.0787913494
P11038,3987.171796361624
P11042,3708.960333413543
P11043,4104.11819462372
P11044,4437.946643453936
P11045,4262.537033679618
P11046,3847.8225404182294
P11050,3815.6869402999687
P11052,3802.8935524912154
P11053,3735.079428614281
P11054,4192.1201032638855
P11062,3748.5265987756134
P11063,1676.0627978878128
P11064,3838.8951462948753
P11066,4245.694021888952
P11067,5219.068463756894
P11068,3871.4993856901533
P11072,4049.3567770190475
P11073,1677.730312783282
P11148,4118.157703562012
P11193,3601.664878804335
P11216,14049.694007729137
P11237,5403.36911648292
P11354,4742.85199579271
P11355,5065.229819272425
P11358,5065.5154725906805
P11528,5272.685149283837
P11616,4771.474447152694
P11617,6261.188141962002
P11618,13871.534244515657
P11620,4932.963779942701
P11621,4247.289309933759
P11821,4074.5345777544408
P11899,4297.65535801584
P11906,3152.257250464263
P11997,3432.519620459543
P12110,33562.280756760505
P12177,3374.55321352736
P12228,5233.427590076476
P12248,4904.079417709119
P12255,3218.1173463993796
P12258,4715.534645369244
P12265,6934.3145727842775
P12341,5581.8141085896
P12343,4660.777438102893
P12344,4513.485396639211
P12345,3853.909306611485
P12375,4541.933130352284
P12461,5221.9523693809315
P12493,4897.310222648695
P12494,4478.267132199603
P12497,6087.438964998407
P12499,4444.675924207171
P12500,5612.276321052248
P12501,5996.572099505042
P12525,4561.070226652315
P12527,5515.186413992839
P12529,5123.560476296222
P12632,5163.753751507682
P12653,63790.47248102214
P12668,35913.19898688004
P12713,4913.902798670287
P12941,5745.858268865867
P13195,5227.787395933693
P13390,4050.8553721075205
P13434,3215.763028488856
P13604,5427.163768058613
P13610,5607.141310138935
P13643,3945.975312894724
P13671,5365.593689642544
P13693,8929.340827361253
P13702,5261.413746482098
P13745,5630.851206690678
P13856,24022.475418168608
P13920,5140.83096302972
P13921,5806.26082810564
P13925,4854.054540767566
P13927,4433.459916003386
P13928,4227.975660464099
P13929,5005.549499374204
P13931,4962.648972131606
P14013,5500.56338980023
P14080,4256.288836141926
P14082,4334.954778999988
P14121,96148.46396958335
P14223,3330.3242231771046
P14275,4819.283032872755
P14341,6841.2691003091595
P14364,4455.376353560173
P14375,4906.346757323279
P14392,4564.272664795001
P14434,4967.2616907541415
P14435,3213.786542139291
P14436,4498.013258646432
P14440,3107.6217430570264
P14442,2992.9809604030447
P14446,4012.7724421477005
P14448,4023.3829318210996
P14451,4793.572605824908
P14452,3326.5012094970107
P14455,4124.494668813149
P14458,3520.2524458974995
P14459,4175.566408764215
P14463,3780.771361555612
P14466,4877.996849233195
P14468,4381.77557198054
P14469,3759.6630906124615
P14473,4172.858465775108
P14476,4388.190103196307
P14477,5342.264789607048
P14479,4139.701805203213
P14481,5351.329140392788
P14487,5763.346038842426
P14488,5533.4191473063975
P14550,4932.002414290251
P14552,3697.017702642441
P14553,3687.425089030928
P14556,4698.591187748882
P14559,3861.011207058624
P14560,3577.2513831907286
P14562,4214.049272108608
P14563,4806.833920731019
P14575,3504.6605013285966
P14576,2601.0530045942764
P14577,3648.823070850878
P14584,3537.3896132922027
P14585,4720.53269322526
P14608,3757.1585210139538
P14609,4605.036997969251
P14610,4224.472561275622
P14616,4073.8502834358715
P14635,5331.903502297153
P14637,4635.06703482652
P14638,4661.046754201272
P14640,5701.687553038575
P14657,4531.882424030749
P14661,3874.51180307509
P14662,3941.1759446170104
P14663,3661.9176629186477
P14664,3709.0219211400963
P14665,5214.628332604464
P14666,4023.056617627146
P14669,3881.231607828636
P14672,4648.416585279716
P14674,4202.874653284243
P14679,4287.769841845247
P14742,7827.960166821658
P14753,5783.935013915055
P14780,7155.775121917549
P14786,4268.037333552843
P14787,4364.956615148976
P14808,4375.996420265655
P14809,4301.7327812940075
P14810,4100.475857934376
P14814,4775.32015224948
P14860,4822.83750849415
P14865,5191.265998183857
P14871,4337.941678685639
P14901,4861.574843144494
P14918,4086.077059631119
P14923,6331.41338488315
P14926,5375.819797481097
P14947,5458.515694822621
P14952,5655.465051962211
P14953,4406.275733790251
P14955,5645.591452793736
P14957,7213.230962408894
P14959,4709.153310280599
P14960,8014.823820321836
P14961,4809.450435802126
P14962,4200.202762150377
P14963,5454.8854763447225
P14964,4798.649108585606
P14965,3535.5623590602413
P14966,3917.170067858594
P14967,8762.246086862693
P14971,4538.4398035320655
P14972,3993.8939659103307
P14973,4658.038332857639
P14974,4640.407314821674
P14975,4408.871789279298
P14977,4555.963475873507
P14980,3841.276299632745
P14985,3501.541939537444
P14988,4061.630286631975
P14989,5442.212963008736
P14991,3694.437282780395
P14992,4352.733521546319
P14994,4867.242138627286
P14995,4490.359753524542
P14996,4505.893727401798
P14997,5940.228172420175
P14998,6165.8242034882505
P15000,6690.651058523244
P15001,7766.811558960601
P15002,6705.924563117699
P15004,10796.780685357591
P15006,4053.321641719248
P15008,3732.1465506832606
P15009,4326.234313542766
P15011,3272.9724077741325
P15014,5618.746017419107
P15015,4852.469590414109
P15017,5944.2130298117045
P15070,4611.862122337537
P15071,4629.308137032397
P15072,5005.218756650818
P15073,5279.578862510863
P15083,54005.76860741836
P15133,3681.1222496799714
P15148,2471.216094500655
P15151,5149.637493526465
P15153,5207.075300293518
P15178,4064.4529777159883
P15179,4596.080050309425
P15181,3947.4110205816073
P15234,5468.06229358955
P15236,4427.442032051359
P15237,4300.30628166264
P15243,29151.45683590022
P15256,36235.083875802105
P15258,5701.381717283458
P15260,5555.227639860704
P15261,4811.5571788616035
P15263,5637.882848793433
P15264,6117.117885281636
P15265,5207.855843238306
P15267,7282.841224177709
P15269,6949.719232824862
P15270,4281.213329495131
P15272,3620.8679740582975
P15279,4140.040732446957
P15280,4745.468969572995
P15282,4427.118956982672
P15302,5099.464462089983
P15305,5065.166532398137
P15307,4916.401160244464
P15308,5056.284042359473
P15325,5367.4758022348415
P15341,4569.737378848201
P15343,3948.6964737740773
P15344,3871.658031875152
P15345,3742.422839520613
P15347,4346.0902250959825
P15364,7135.108945235334
P15366,5796.8460821819845
P15413,3118.130846778451
P15416,3577.940204102953
P15417,3591.1286146412267
P15422,3745.7792782177958
P15423,4039.0799451953876
P15424,4197.31079967985
P15431,1816.784459093892
P15433,2406.323182961104
P15434,3786.0911573068834
P15443,4325.01774498477
P15444,5148.805119655808
P15483,4494.735473763286
P15487,4488.590625032644
P15488,3080.662454923696
P15511,4259.094733966952
P15512,4511.7189657290255
P15519,4459.42372138466
P15520,4165.1461311595995
P15521,4437.38358817287
P15522,3943.2882685867708
P15523,3909.6986859534886
P15536,4443.4114138812965
P15537,4143.6288052940845
P15541,5097.366504597298
P15542,5157.861606679096
P15544,3934.4901861045896
P15545,7295.463757747688
P15546,4314.976553189601
P15547,6663.344558195492
P15548,5421.015748416582
P15556,3763.428783677014
P15586,4088.6987251005976
P15587,3787.0524775404892
P15588,4633.260867604838
P15836,12414.03958258119
P15876,2015.2438925511963
P15880,4014.393569373534
P15881,5148.672548139151
P15883,31568.404892591156
P15948,5318.72613819096
P15949,3906.553088889217
P15951,4423.742216945529
P15952,6535.728424290875
P15956,4159.650505875703
P15964,6021.11683711229
P15966,5794.560060919731
P15968,5131.002182485222
P15971,4545.088447828979
P15974,4573.200590276087
P15976,6459.2289147432075
P15978,5838.939488558729
P15981,4380.796101564573
P16058,4944.712606926378
P16059,4796.123177461717
P16061,122780.57906627965
P16069,4052.9237658705424
P16071,3916.3106371059234
P16072,2156.483892659746
P16073,5237.62902949325
P16085,4041.9468992203124
P16148,3765.2954308168983
P16150,3959.144588470925
P16152,3842.2402573116487
P16153,6491.275034010088
P16239,4067.087938481193
P16242,3620.213461691727
P16370,6435.142475720214
P16379,5348.300017757231
P16389,4197.336726690669
P16391,6762.716846155121
P16408,4969.486926206234
P16422,4878.47808226641
P16434,5407.034381535842
P16436,4564.16266480045
P16467,3783.7972232566913
P16468,4865.687751851167
P16469,4863.0294715179225
P16472,4043.235785390001
P16476,5133.749618088844
P16477,4990.50170286745
P16478,5354.931879074173
P16480,5025.686233021639
P16483,4793.299641642213
P16484,4874.264956149789
P16485,4018.669055009828
P16523,4749.907091456069
P16568,3877.8323107408255
P16606,3582.738664488274
P16607,3229.3724867601304
P16608,3935.697646873876
P16659,4689.6056464433495
P16667,5340.212976971744
P16670,6755.223797530745
P16676,4588.016481102776
P16677,4840.438801149136
P16689,5682.3700458159865
P16822,4761.783390199204
P16825,6331.358252820735
P16827,4303.3783888997
P16897,4132.675319975709
P17012,4294.390818153925
P17042,3920.4356439467124
P17124,6986.271834728364
P17185,4509.775351585887
P17219,6041.7476905181775
P17221,4345.008945122555
P17222,4239.3068449478815
P17225,3624.45797636767
P17235,5113.691214168944
P17490,3419.4853705077967
P17494,2847.125702364519
P17646,3941.775303258609
P17686,5987.152517747001
P17688,5212.22326828557
P17690,5123.709275210099
P17691,5617.57780913595
P17692,4288.16344791239
P17695,4046.9671255229614
P17697,4606.0639288886405
P17698,4932.120114048088
P17771,3033.456611692785
P17772,2895.378360452368
P17773,2604.7356185834956
P17876,4377.512621963526
P17877,6742.190899107032
P17879,5346.74961985892
P17882,6135.359684900315
P17884,5991.599876534592
P17886,4720.692814986473
P17888,4201.436637305402
P17890,4145.203848097911
P17892,3976.3203213611573
P17901,5505.385537584279
P17910,4608.559247675955
P18090,6385.68568269899
P18208,4226.086993001653
P18280,5451.518657206746
P18313,4046.027870148172
P18318,4133.549579495968
P18320,5110.606440412926
P18321,5005.101553847557
P18323,4372.068795075248
P18327,4105.142849553892
P18329,1797.3497508424198
P18330,3788.5947600945447
P18335,3672.573863484466
P18419,3520.3757645486726
P18420,4122.043997347983
P18422,3834.861393913052
P18424,3631.692502226884
P18425,5567.01527270357
P18448,4522.284612980159
P18449,5295.381669970754
P18450,4755.235744053008
P18572,4855.19342529456
P18573,4837.658897397602
P18575,4574.304690458469
P18583,4030.975707481466
P18653,5331.628571492054
P18699,4766.389599880462
P18767,5212.174207004311
P18808,6606.232937963344
P18809,7421.394547546993
P18817,127306.46255909144
P18869,4000.989313624161
P18949,4394.18221800106
P18994,31568.65673960111
P19016,6154.1219314230475
P19019,4286.513397267796
P19020,3876.1718857278365
P19065,4253.184622029962
P19157,2823.117382039991
P19176,4409.399038750368
P19179,5080.224831955339
P19182,4326.097151733814
P19185,4117.084559000388
P19188,3560.253396510963
P19190,2953.143519296256
P19198,4586.823765373272
P19220,4821.427696332211
P19233,5175.416091026653
P19236,5582.196572181753
P19294,4209.248952997859
P19312,31940.126573441856
P19403,126080.37938237723
P19525,6723.484714163518
P19528,5609.623288241255
P19610,4787.108761606009
P20081,4529.117902917907
P20082,5132.726421586705
P20167,3782.4779757764477
P20168,5525.962123641701
P20171,4710.892138015763
P20172,8722.432588406415
P20177,6916.554902453944
P20193,10085.878426699792
P20194,4693.318029229488
P20195,4541.041487590729
P20196,3735.9842085546156
P20197,4331.301571765688
P20200,5224.131840603054
P20201,4656.229902949618
P20203,3823.897190685005
P20204,4899.427642771547
P20206,6876.57867383862
P20208,4566.413325765272
P20209,4275.661252241677
P20211,5762.430091590886
P20224,4283.996949830124
P20226,5004.058774157647
P20227,5263.3077477950455
P20231,6259.600385489364
P20232,4537.5705190570725
P20233,5010.958790360225
P20235,4027.8588574639975
P20238,4132.6280520751
P20278,6236.678387678495
P20279,4387.82380876796
P20282,3708.045187102902
P20290,4775.368323544061
P20297,4637.69718836237
P20306,6587.359731841911
P20322,3596.5921632755026
P20325,4128.082996995384
P20331,5933.065437788733
P20348,4846.529754907239
P20354,3689.739351802703
P20356,4665.204266324233
P20359,3355.059071882694
P20360,3412.8133985732084
P20361,2961.312250670322
P20365,4568.085880016908
P20366,4113.255769112425
P20370,3744.1740332622176
P20371,3537.712796095905
P20376,4199.233396792492
P20377,4113.983183218016
P20426,5098.200540945797
P20463,4407.8719311211025
P20575,3982.9212705594605
P20581,4901.25906060403
P20583,4350.450611234275
P20587,4959.714001496854
P20591,4752.460121813325
P20631,4067.8835961680074
P20650,21078.244730247912
P20675,5151.268033468832
P20698,4790.117860628968
P20703,4511.0861165368115
P20721,4619.175704978971
P20758,4878.498311854055
P20779,5295.40843025945
P20810,4389.99848259661
P20820,4592.371385819474
P20821,3557.2455372797044
P20822,4463.119851746375
P20824,3843.541089770369
P20842,5244.947315013425
P20863,23425.516670118523
P20864,4832.646597302554
P21043,3818.952947892797
P21045,3008.501007637252
P21052,3343.0972800523464
P21055,5172.720312319456
P21125,3800.3714100756115
P21411,2937.071121047197
P21416,3732.74219092487
P21447,5302.143770970126
P21448,3953.0223854789656
P21461,134289.9561100717
P21466,5312.530333346109
P21468,4953.112473114468
P21503,123402.04177093817
P21549,6353.232767315384
P21585,4336.607855230262
P21622,5067.121036021828
P21634,4902.159129850333
P21640,4896.556593989961
P21721,5393.151942052047
P21725,7136.802830557586
P21726,9505.674890679653
P21727,6189.274246166117
P21734,6213.936229524749
P21741,4150.282825150916
P21764,4191.607401642547
P21769,4102.570014746225
P21806,4230.626775033587
P21904,3999.1594682302525
P21906,4549.754984711666
P21909,4060.9512498330337
P21913,3504.59533302482
P21914,3420.200627653172
P21917,3434.874476440372
P21919,3878.773752907193
P21920,5601.527103152317
P21925,3373.531977820502
P21937,4149.240352161409
P21943,4581.482788193955
P21945,4430.1920595630445
P21951,6195.225886928965
P21953,6070.488348901179
P21954,4565.912722606672
P21965,4959.221039902251
P21968,5171.483011873874
P21972,5394.357330155846
P21976,5280.722386449458
P21978,4302.293019263443
P21980,6129.147517395677
P22010,4059.722138661663
P22011,6087.963352093823
P22012,4676.373541223413
P22014,4138.57359998539
P22015,6716.667464251135
P22018,5393.328079010339
P22020,3819.4317523978298
P22021,4835.125255155962
P22024,4200.688169268344
P22027,10620.581507576508
P22028,3816.835728962826
P22029,3871.5120862980775
P22030,3705.948273952558
P22031,4428.868921998474
P22033,5084.147372754036
P22037,4422.536276441366
P22038,3902.1257248066245
P22085,4666.186230120596
P22744,4074.78237462819
P23001,6241.871897203016
P23142,4478.433141291134
P23258,8110.99654162313
P23277,34660.178357315075
P23454,5323.181701063323
P23596,3190.4848574961875
P23622,4649.063333579555
P23632,6523.720492991725
P23636,4504.299863320447
P23637,4176.717129653968
P23728,5053.171468155769
P23730,4028.7779368031006
P23731,5808.542710399316
P23732,5385.925021477982
P23734,5184.393903291638
P23740,2751.925579444439
P23744,5397.026035184288
P23747,6619.090462842177
P23748,4201.069249255519
P23843,7148.474068025945
P23870,3040.7916011372963
P23981,6100.551199459064
P24129,3629.766006397538
P24130,3581.7797158473763
P24131,3629.766006397538
P24152,5028.442414400619
P24227,5019.450794900483
P24243,4162.602150646806
P24244,4104.571132464495
P24245,4106.41165835503
P24247,4102.528560094485
P24248,3900.4107252377157
P24249,6657.677983750658
P24250,6079.785981265364
P24251,5016.151516070233
P24252,5743.117603735392
P24254,4615.779667041217
P24255,8538.469506327763
P24256,4058.99003293025
P24258,5026.029506788487
P24259,4586.453856318905
P24261,4752.482839416701
P24263,7266.805014174102
P24264,6946.192250903852
P24265,4220.334514063763
P24268,6283.120021313164
P24269,6456.524936291332
P24270,5668.129278934284
P24271,5610.424530756356
P24273,5503.367231833712
P24274,6129.968220859602
P24275,6112.456644694713
P24372,3199.243716557217
P24380,6182.254290436529
P24383,4430.374793062679
P24420,4847.622281266699
P24454,5834.281310234421
P24466,31662.82335507599
P24732,123279.60211538333
P25331,4561.139428598394
P25333,6339.89514219703
P25509,2761.0708674671296
P25510,12869.317360845132
P25511,2639.1919447412447
P25553,3582.24989949833
P25558,5102.222751155402
P25563,16749.107359292422
P25576,22508.475201938614
P25689,5810.428913587871
P25951,4394.264312232815
P26022,6973.970042217537
P26202,4025.0349323893906
P26522,5397.460202508839
P26524,4781.988726950791
P26537,4190.241420996898
P26538,4107.285623355695
P26539,4012.1910743072267
P26541,3876.7041871031124
P26605,2666.1512505952132
P26640,11726.3827477509
P26679,5102.234976641644
P26688,7603.89962214972
P26731,4479.979162878652
P26736,5072.189300005104
P26754,7276.405871518212
P26758,4530.504080823831
P26798,4638.366615561232
P26855,6402.0308724449915
P26929,3711.1361636942356
P27290,4542.844015908692
P27291,4458.201546276889
P27292,4435.988834548278
P27293,4126.936104269041
P27294,4481.687037771766
P27297,5541.220606037557
P27298,4661.178622596552
P27301,4451.4509261345665
P27302,4191.407733234014
P27305,4492.5839437671575
P27397,4188.022987123299
P27419,4977.006255340657
P27440,3976.618656887606
P27441,7211.622360182441
P27443,4387.612247051292
P27499,4027.107195434056
P27501,6348.43899315254
P27502,4488.142257229174
P27503,4437.067930864561
P27506,5108.959515435351
P27507,5707.242773042985
P27509,5233.957292979061
P27510,5379.765246967163
P27512,6034.965237585145
P27515,5700.40961760284
P27520,4189.221295434899
P27522,4750.304304104784
P27539,4857.918645320597
P27540,5780.010739462555
P27542,6077.362439504264
P27543,5147.941233956515
P27546,4435.591811449749
P27548,4478.739806858918
P27549,5291.380731917358
P27551,5614.314914345737
P27554,5585.354299080293
P27557,4531.779698075719
P27558,4848.052707834159
P27559,4424.814450107256
P27562,4867.059381171575
P27563,4456.225048734841
P27564,4453.825349143758
P27575,4784.55226202302
P27576,4823.204430985584
P27579,3712.278575474008
P27583,4620.911001248056
P27584,9022.542593645649
P27585,4565.56254981047
P27589,3873.8449536360763
P27597,4558.951631163057
P27599,4675.212038450213
P27601,5015.677676834828
P27602,4552.632298775184
P27604,4550.72157027565
P27605,4619.221295456797
P27606,5040.427648274912
P27610,5948.0809485580685
P27611,4708.390804850972
P27613,5071.341189890091
P27614,5344.809069016423
P27615,5813.21691630502
P27617,6546.0585208278135
P27618,5300.0170130868855
P27622,4635.848695796193
P27625,4494.006809115483
P27626,3972.4473006886806
P27629,5928.288202338421
P27630,4979.082984989706
P27652,4425.916543054574
P27683,6260.527375067291
P27809,3824.8945293769184
P27824,6991.920666479347
P27826,3999.457757224234
P27830,4000.4237654297335
P27831,4031.395013258449
P27832,3901.9828731478415
P27837,5624.183896858379
P28449,3885.5603898503614
P28450,4006.346843331957
P28452,3719.332251620676
P28454,5006.975708192906
P28455,6500.1134673847455
P28456,4394.0808193220055
P28457,6205.00432145403
P28458,4141.660167937057
P28460,4829.9152188051785
P28470,4465.799660323148
P28471,3632.7483990159967
P28474,4288.26550210123
P28475,5167.316413236433
P28479,6177.8173945760545
P28481,6418.364298415672
P28486,4250.674502866713
P28487,8505.563627445687
P28490,5741.005871436977
P28491,5674.246163269028
P28500,4566.053641265763
P28508,5307.896858037415
P28514,4109.555991325278
P28520,4777.848727471247
P28522,4483.479029775434
P28524,4474.966842595609
P28528,4793.557116636076
P28530,3920.7179939917423
P28553,4330.829538614236
P28556,4367.594197315621
P28557,4777.402558484668
P28558,4594.552839486438
P28560,4741.67137505213
P28563,4523.296985306253
P28574,6841.8389960074455
P28583,4026.867596301468
P28596,6231.575646470363
P28644,4513.080446438301
P28691,6407.658188224765
P28703,4318.019925877027
P28715,4693.82407730988
P28717,4676.393657227593
P28718,4284.155718674533
P28719,3753.383419953348
P28733,4247.782625817766
P28734,3766.129965020619
P28744,3670.5809321703473
P28745,3721.432851505357
P28746,4275.283123184559
P28812,5077.472470134599
P28813,5389.685943899034
P28815,3731.0783627044943
P28820,3721.239267597588
P28821,3767.025657847198
P28822,6658.697726695264
P28824,5235.975482776752
P28826,6417.534681328719
P28828,4200.800374878593
P28829,5201.59654742546
P28830,5076.035113317205
P28831,4030.114230569416
P28846,4345.957931261839
P28847,5616.519680751297
P28850,4878.914520145887
P28851,4837.740804510072
P28852,5651.802010573878
P28853,3656.212630736553
P28855,5697.016781322428
P28856,4551.332131958637
P28858,4279.368435785328
P28860,4330.422118335902
P28956,5445.45418314551
P28960,14366.369703291246
P28964,5270.14944393564
P28966,4986.916255165788
P28967,5001.023621904753
P28968,4766.189634371222
P28969,5886.974104276552
P29036,4158.802711873044
P29044,4229.668105693625
P29046,4950.200678372616
P29049,4009.571621631608
P29052,4411.118848615255
P29060,4794.733872240784
P29061,4095.9212311798265
P29068,3866.761635632765
P29069,5918.112549007712
P29070,5885.854529508615
P29071,4076.123492642187
P29072,4821.8464489589105
P29075,3952.0704126959495
P29076,3952.0704126959495
P29077,3461.3308977358893
P29078,3707.1368397899946
P29079,5375.114297957811
P29080,6206.700022495763
P29081,5281.26548888217
P29082,4198.252337132874
P29084,4331.138444964636
P29086,3941.185618077169
P29088,3777.836179160986
P29089,3791.9767848837664
P29090,4277.2055871590255
P29092,3555.564051265157
P29093,6162.701851799168
P29094,4588.392151650175
P29095,6747.140323518811
P29098,5348.1889023711
P29099,14467.27521007333
P29102,5497.432358435812
P29103,5389.322048610762
P29108,5212.657625512047
P29111,38801.85641906928
P29154,5079.617928834464
P29156,4425.313322276106
P29157,4662.007478090458
P29158,4461.670760666813
P29160,5421.820785519212
P29161,4281.47603705886
P29162,4588.140937828629
P29163,4274.344480166472
P29164,4770.864534238197
P29165,4281.47603705886
P29166,4781.253044210592
P29167,4267.51649880165
P29168,4152.881175969541
P29169,4342.945580502521
P29170,4455.062518606353
P29171,4434.840508198487
P29174,4700.814575671575
P29175,5049.443520881822
P29177,4305.192101068814
P29178,4332.630074877009
P29179,4156.264020117468
P29182,6203.802465957037
P29185,4125.3961563989415
P29186,5887.210909855127
P29187,4376.867595262412
P29188,3973.146883049008
P29189,3863.3547912285085
P29191,4490.203455981803
P29194,4669.4373377337815
P29195,3848.2292018994235
P29222,5033.083274621815
P29223,4333.158822243385
P29226,4356.020099411218
P29227,4110.385334266686
P29228,4381.812320788811
P29229,4546.7398434512115
P29326,4962.810791229238
P29338,5665.277658043143
P29339,6002.535575182428
P29340,5971.277141314483
P29342,4688.564084032959
P29343,4404.666202133543
P29347,4862.412200572021
P29391,5218.946636235746
P29395,4247.6449062968195
P29396,4061.1300454862817
P29397,4627.838707603377
P29398,5026.496145023955
P29399,342822.36836422817
P29402,4218.036275575918
P29405,9975.269081672805
P29406,3725.94779209477
P29407,4938.689755727691
P29408,4117.540463611353
P29409,4345.385640506967
P29410,4699.161188593301
P29425,3899.2744854195093
P29427,6100.981234429086
P29428,6309.919128709654
P29429,232626.39714447295
P29430,6158.991586800815
P29431,5766.536061282909
P29433,4982.7456098000575
P29434,4912.978134982124
P29435,4753.328615467793
P29436,6172.132676369685
P29437,4867.3453483988615
P29438,5280.0950875639455
P29441,4699.72526147451
P29442,141417.92885000154
P29445,4587.423875301889
P29450,5807.148255762365
P29458,4257.322419763807
P29459,5029.176511559743
P29460,4138.180370550274
P29473,5524.895365210572
P29474,5278.540537514212
P29475,95755.4573313781
P29477,6516.470403453301
P29478,4840.648975605642
P29481,5431.883885892527
P29486,11731.395893795356
P29487,5162.638377052063
P29489,7619.250723341592
P29491,5513.321156592591
P29492,4501.285345266594
P29493,3894.8245108648757
P29494,7162.776664909372
P29497,14885.842184469766
P29498,219387.92896226363
P29499,5291.280167741267
P29502,5054.719232661046
P29503,5121.293770738436
P29506,4549.9860073926775
P29509,5535.055332615501
P29510,3210.906934998189
P29511,3297.8600624381975
P29512,5210.555642322344
P29514,3297.8600624381975
P29515,2121.195321024111
P29517,4741.058125710455
P29518,4849.7420823632865
P29519,4809.619016643375
P29522,4256.916490934951
P29523,5271.590610118329
P29528,5119.192241337575
P29529,5009.414548637618
P29531,4145.501664980787
P29532,6488.659610360271
P29533,3624.3080261266646
P29534,5700.566493251785
P29536,5553.257460696052
P29537,4059.903330624563
P29538,7563.086194458554
P29539,4550.694076387878
P29540,7312.514964358153
P29542,3814.6773184560566
P29544,4986.545606232623
P29546,4592.059097577838
P29547,4420.581163656029
P29548,4322.582439538196
P29549,4192.059001472798
P29550,4471.961322368887
P29551,5174.143307019275
P29554,5416.569211800863
P29556,6520.401796430791
P29557,8189.710834420832
P29559,5442.818119546735
P29562,4531.213517363118
P29563,6494.1488926780185
P29564,5453.177396488113
P29566,4026.0160822729936
P29567,4413.335530637955
P29568,5077.068217327663
P29590,4020.4258690848433
P29598,4054.194430062993
P29600,6467.78140206603
P29604,6070.103112329465
P29647,4107.063058420922
P29659,4979.297160033141
P29671,5427.046363592836
P29673,4686.005861528896
P29676,5379.800397434716
P29690,4923.315593047885
P29698,5442.139172464324
P29699,5015.89493886469
P29701,4561.576037468248
P29756,4831.927157630528
P29794,5457.20450655638
P29795,5607.8443086834395
P29796,5736.676846697127
P29820,4842.658069181197
P29822,4744.506696881735
P29842,5216.570805082154
P29851,5106.501750617547
P29853,5158.608095016349
P29856,4511.80917693766
P29862,7504.456943633201
P29925,31964.79034709951
P30010,4863.237196024723
P30024,5020.441797118614
P30034,4566.737018614316
P30035,4614.749747462456
P30042,4475.082525901931
P30046,4090.8801234411717
P30050,4187.8886700952535
P30052,3909.644095270214
P30053,4223.202726550997
P30085,4484.709139671333
P30086,4580.368358121508
P30089,4165.198031045398
P30090,4132.525300816667
P30092,4545.668341854129
P30093,4482.099105900016
P30094,5731.746659503877
P30095,4297.574593858594
P30097,4542.951024046077
P30100,5835.13922248354
P30101,4648.757872095363
P30103,4761.453047967333
P30104,5785.5989845118065
P30105,4487.719582860555
P30107,4274.642080600792
P30108,4658.975347518291
P30109,3877.10658547163
P30112,3747.307097130226
P30114,5384.559577015165
P30116,4187.177238511057
P30117,7253.001061822601
P30118,4162.830213445711
P30121,4312.715788260321
P30133,4591.017858370586
P30134,4925.842830313899
P30135,5152.757330495737
P30136,4376.247190049292
P30138,4296.720885053017
P30146,5431.09611430489
P30149,4997.638030063777
P30150,7151.769800446023
P30152,4809.616290777817
P30154,4483.956600620134
P30155,6260.2841014244605
P30156,4338.585183652545
P30158,5818.081847143766
P30160,4148.41605177844
P30161,5052.100734569543
P30162,5088.14299717763
P30164,4727.06730415256
P30166,5549.436937405686
P30167,4693.8190241059365
P30168,151123.84102555862
P30169,5696.17032597897
P30170,5947.223920938045
P30173,4722.776138370033
P30174,7013.1933275193405
P30175,7993.312945312075
P30176,5735.751818190772
P30178,5584.369436306187
P30180,4893.192563105231
P30181,4578.30333957156
P30182,5092.725081134834
P30185,4203.889289369696
P30186,4792.830431116684
P30187,4326.238665900482
P30189,4584.693658481915
P30191,5036.7028760360035
P30192,12987.43197742376
P30193,6096.929965879333
P30195,4583.189306281247
P30198,4406.59039045157
P30199,4187.533262099417
P30200,4755.681530184072
P30201,4752.4440876004965
P30203,4392.302731625987
P30204,4561.424811187604
P30205,4737.195186050086
P30207,9080.405349795796
P30249,3564.0503246644776
P30250,4437.437134773178
P30269,4369.415786149216
P30270,4062.3417561424208
P30271,4247.811934529617
P30273,4055.100481870566
P30274,4019.4472895149584
P30275,4837.853330386515
P30277,5597.560710035991
P30278,6476.2225388083025
P30285,12538.97280460852
P30287,3972.261784535698
P30288,3566.5024186063133
P30289,3513.441943014968
P30290,3699.5876718698964
P30292,3719.8439977352746
P30399,4405.133906756952
P30400,5005.692858737585
P30402,13219.400816210393
P30403,4374.226559044872
P30404,4897.304487176024
P30405,4062.307097941245
P30406,4682.767319838659
P30408,3963.7759026147
P30409,6609.5893701552295
P30410,5101.649115341631
P30411,5532.7398779577115
P30412,5118.680893722829
P30414,4185.411585796282
P30416,5144.008108972612
P30418,5789.38801912417
P30420,4462.780693660878
P30424,6858.017052344013
P30425,7644.1399987062305
P30426,4771.993348209366
P30429,5961.699241384144
P30431,8260.061694763675
P30432,5721.245041304099
P30433,5516.40996701441
P30434,6078.855329669033
P30437,4919.810198676782
P30438,4507.077192149785
P30439,5073.002039754679
P30440,5044.183181950523
P30441,5133.28843907388
P30442,5046.635591747255
P30443,4654.962286189798
P30445,8174.189999349185
P30449,5725.329199769582
P30451,4391.510364642985
P30452,4586.765534466833
P30454,3892.466810903255
P30455,4447.201639026247
P30458,5475.221076566241
P30459,4332.539313649619
P30460,4341.244991255765
P30463,3924.9716192024684
P30464,3627.2336106355983
P30468,3621.288071943535
P30473,4824.199385239799
P30478,4423.143695666291
P30479,4391.8930920295925
P30482,4927.598732049758
P30483,4982.330509495761
P30484,5158.84840940465
P30489,4988.099725845675
P30495,3413.1062690261556
P30496,3447.588904240628
P30497,3772.2286549862583
P30499,3754.220418944289
P30502,4410.160320915866
P30503,5431.121127660633
P30505,4826.69999370482
P30514,6856.66847816352
P30515,5809.97656841851
P30516,4466.754766223169
P30517,4723.744620859709
P30518,6309.03023625439
P30519,5761.384189693206
P30520,4493.163185934233
P30522,5260.577222836087
P30523,4283.132601607175
P30525,4283.132601607175
P30527,4671.493195738126
P30528,4649.141336149587
P30531,5159.281257594201
P30532,5803.229252112958
P30533,4892.324180548882
P30534,4290.719066462687
P30537,4778.445654885214
P30545,5853.393894019917
P30571,5030.377482176031
P30639,5488.438509695707
P30643,4504.938244712111
P30666,4623.712110142727
P30679,4787.166877956531
P30681,4689.463957648362
P30684,4680.673948237191
P30691,4463.118858010262
P30692,4477.4574012986495
P30706,4508.731127047925
P30709,6308.595616933158
P30715,4790.640005852074
P30717,4392.4263737854035
P30758,4609.484234580075
P30842,5114.290366004343
P30870,5658.02811191157
P30872,5785.957430878877
P30912,4713.577201244751
P31067,5476.52024938786
P31077,3602.580843424623
P31123,6103.085681162756
P31229,5140.956602105784
P31230,4243.678340442785
P31232,5201.936353827041
P31329,6740.774334805708
P31345,4173.715388485447
P31347,4736.073537571238
P31461,5123.375015751271
P31464,6579.114516964437
P31466,5235.153651367996
P31513,31686.251962549984
P31591,5117.512555708859
P31598,5481.319487143992
P31614,5942.9486688654315
P31618,4719.1049774114035
P31652,5860.734499600062
P31691,29213.439001379902
P31692,35630.98259026808
P31713,5158.50294687453
P31720,3856.7173286847055
P31721,4928.36580174055
P31785,32264.92892886108
P31806,3442.456452573576
P31851,5417.122345773334
P31998,116981.20300250902
P32151,4106.335852537942
P32196,33334.11453715649
P32219,4772.8232275998635
P32229,5057.9122622030545
P32250,38128.66606886052
P32255,35390.0129376186
P32320,4737.053454045481
P32955,3794.568431945148
P33551,4561.772692469591
P33588,4552.248337167059
P33754,3729.779163133036
P33890,3750.345435901704
P33891,3248.2911466674773
P33939,36868.17021750083
P34122,5146.4184577690085
P34204,4603.012714085859
P34300,5499.685062067122
P34301,5970.601404315281
P34303,5035.831506677213
P34304,4701.214252740302
P34305,5159.422071283732
P34306,5388.344637083358
P34307,5882.796668252793
P34309,5767.323702768575
P34310,5293.258535764451
P34312,5840.764664034579
P34313,5412.205337431732
P34315,6113.581713808297
P34317,4989.764343744189
P34318,5019.864703205492
P34319,5453.376544401328
P34320,5217.566195719313
P34321,4750.429358841057
P34324,6160.081704531353
P34326,5908.310933023089
P34327,5196.751764770735
P34332,6879.389267802644
P34333,4525.94438025226
P34334,5965.500474404041
P34335,5252.460680329558
P34337,4896.964040820542
P34338,5147.737404215947
P34339,4473.924629216922
P34340,6255.485971275014
P34341,4382.619618911011
P34342,5594.03119995443
P34344,5615.895902943878
P34345,4383.27345067015
P34347,4596.945308117339
P34348,4575.457548518981
P34350,5281.587713369808
P34351,4902.607000478114
P34352,4483.445624628738
P34373,6313.589814510816
P34374,7728.30815296088
P34375,5267.893065858712
P34381,11845.440706309435
P34388,5637.65889406728
P34389,5487.233888431624
P34390,5457.696808626709
P34392,4238.958116417456
P34451,7699.98406720797
P34470,5259.891406161097
P34473,5858.024419998045
P34475,5688.38050998369
P34545,8780.931249167137
P34548,4848.5737982733945
P34578,4213.50435211036
P34664,4916.390431832227
P34722,5280.190462695746
P34892,5446.409629031002
P34894,4536.263298410475
P35464,114109.49883170119
P35694,4360.322288780764
P36063,4003.017142614251
P36072,2648.407267741171
P36075,3930.4282071094062
P36077,2668.4993135509853
P36105,4451.870482487252
P36106,6848.926558712732
P36115,6427.062312113612
P36119,6126.420234185375
P36327,4810.735217796738
P36414,6216.283699350665
P36415,4996.846891726499
P36416,5007.049256765158
P36419,6220.969820890433
P36421,4516.560442629747
P36422,7138.476254565791
P36423,4715.446327923911
P36425,5216.884320431564
P36454,3481.0500559531674
P36619,4602.646834466255
P36772,4085.804752387715
P36829,3783.254884000553
P36835,3852.847113376473
P36838,3911.1047230154454
P36863,3109.2842970996485
P36896,4689.800946465729
P36898,77748.39946399673
P36899,4153.59506714582
P37112,5559.9321614578685
P37115,6479.046130634402
P37118,5902.650263319757
P37141,5231.133176523838
P37145,5251.637413793502
P37157,5341.645325571526
P37421,4869.475176943974
P37422,4734.4871980093
P37423,4399.5098611101375
P37425,4566.777312479505
P37426,4742.355216034893
P37427,4756.198728244054
P37428,5620.472510859364
P37697,4462.936558993447
P38347,3650.810247313192
P38411,2315.087448115969
P38454,5563.285724686792
P38456,5090.958671329557
P38457,149962.41632345025
P38458,5128.717107815433
P38459,5475.406034124071
P38460,7805.31256433839
P38462,5110.030499996784
P38467,3695.4503387732857
P38468,5269.195276345843
P38472,4818.625855067404
P38537,4426.95004529439
P38567,5129.58116399674
P38709,4234.427098689879
P38711,3893.173297411699
P38712,3754.1696789044304
P38713,4795.88248596688
P38714,3739.8640948074412
P38715,4270.613895064562
P38718,4092.089156848166
P38720,3696.8287771427244
P38722,3694.0155611973305
P38723,4147.0100215016
P38727,3569.612083557564
P38729,3451.042034985209
P38733,3060.763631513738
P38734,3674.5682905499984
P38735,3086.4136598525124
P38737,5188.896385638312
P38740,4490.413981805757
P38741,4380.728699339074
P38744,4258.040311307883
P38745,114340.35420591247
P38753,4328.931274334867
P38754,4305.395122086629
P38755,4651.304948495185
P38757,3643.122071869135
P38759,3287.1804947652045
P38762,3513.685957602629
P38766,4215.268246233578
P38767,6097.668366664729
P38768,4618.4904787653795
P38770,4609.989074246685
P38778,3985.7833256573876
P38779,3984.0076475657293
P38780,5498.456056332063
P38783,4239.990534907249
P38853,7968.3478574059545
P38854,4808.410729291226
P38855,4804.783854000455
P38903,4918.673522935831
P38906,5395.07930322914
P38929,4789.53299615969
P38930,141832.55870633986
P38932,4901.409235103648
P38933,5036.560867207428
P38936,4824.198366720254
P38937,5502.614995110519
P38942,5955.186958355451
P38943,7161.323980378054
P38944,5959.507559115832
P38945,6412.056772614135
P38947,5445.55221963651
P38949,5383.909124654927
P38950,101127.09348396563
P38952,5410.404791461178
P38953,5779.254139742022
P38955,5857.163276136592
P38956,6222.463914861288
P38958,5011.43624321098
P38959,4549.4579034134085
P38962,5159.020904364607
P38963,4730.5482100240115
P38965,4056.4181265952493
P38969,4308.10276106419
P38971,3734.3115298387984
P38973,5048.268293975383
P38975,9621.775058286235
P38977,107583.83470104451
P38978,6376.2879678093705
P38981,4219.1172817382785
P38982,5321.85985381386
P38985,3672.8102187287573
P38989,9871.899094072334
P38990,3956.4940881093385
P39001,5083.426852468113
P39059,3036.1891350174205
P39157,4484.249914497226
P39310,4534.4742957459175
P39311,4659.375696249817
P39313,154670.60923206786
P39314,5983.4241725469155
P39316,3890.903983226206
P39317,156792.12292967568
P39318,130984.2606164763
P39319,366220.60006717127
P39420,4704.373878003022
P39421,5639.8463937677025
P39422,5347.280672513662
P39424,5340.927801978008
P39425,5136.930635414595
P39426,4712.10346591042
P39427,4667.064000525581
P39428,4620.49825478983
P39429,4289.279706779034
P39432,4613.109034742342
P39433,5326.883182234785
P39434,151818.735682481
P39435,5332.552497645046
P39436,140904.71845825252
P39440,149386.88638620116
P39443,4495.302895096745
P39444,143928.5640480861
P39447,5241.35988544782
P39448,6064.822000130074
P39461,5084.230221850148
P39463,5812.484702893888
P39464,134080.21178050738
P39467,4481.49235661967
P39468,4271.899395614172
P39469,7414.942591117719
P39470,7307.753587348194
P39472,149738.88971912203
P39473,4001.6786506442336
P39474,4871.529636640209
P39475,4841.5816357660615
P39476,3953.7433663482993
P39477,4542.173493021589
P39478,4459.689718010638
P39479,4599.375351378784
P39480,4380.710891186867
P39481,12842.379012243877
P39482,3877.5023678090893
P39496,4539.434940944491
P39498,4952.013654272732
P39499,4607.276720911771
P39500,4749.113133373935
P39502,5923.263881773597
P39506,4290.964921568454
P39507,4736.628993421239
P39509,4428.292904282408
P39511,4787.523841561276
P39587,4212.774532869041
P39595,4949.920340302451
P39605,4849.888564151166
P39826,4807.085722488128
P39991,4317.795566560171
P39993,4789.66290305042
P40009,4923.041926975033
P40042,27875.561438467397
P40102,5074.353589407915
P40452,4966.360233523258
P40455,4925.1539734524395
P40456,4786.202286291493
P40458,4420.061033617955
P40503,4364.740050277875
P40509,4140.168588053333
P40526,5119.196020692439
P40527,5127.912435297748
P40528,4748.515644720141
P40530,5042.2504183598285
P40531,14977.287609844072
P40532,5331.330329821152
P40533,5220.967167036691
P40534,4955.173446434987
P40537,4597.302573838414
P40538,13431.298795089438
P40539,5180.8318922227145
P40541,4430.749737911862
P40552,4140.168588053333
P40553,3587.1012364612234
P40567,4318.87820726804
P40568,3995.7636315888712
P40569,3972.6307008425333
P40571,4915.347782409969
P40573,5074.982248749857
P40574,4822.552637445644
P40575,3772.430031936367
P40576,4928.127496607781
P40578,5185.738787027666
P40579,4164.513967062867
P40692,4828.757091920153
P40794,3445.2812372296926
P40841,3841.1523646020523
P40883,4422.152505003911
P41060,32450.795582566127
P41457,5614.202636760861
P41471,4992.785679123372
P41549,71876.97300524107
P41550,86446.50645863278
P41579,85322.32623955014
P41806,12092.465739057463
P41899,5647.803930223139
P42005,70258.8595404636
P42049,5180.585838626466
P42265,4059.0199674796586
P42266,5183.667123228034
P42269,7259.083049540542
P42270,4649.171919877144
P42271,5531.594975971659
P42272,4672.018172618423
P42273,5732.573435747991
P42274,5815.68995317805
P42275,4142.06138131015
P42277,4721.711526853091
P42278,4617.996571657791
P42279,5576.8620241987555
P42280,5671.4587415646765
P42281,4559.215099269689
P42283,4525.99258446617
P42284,6125.8339215239685
P42285,3943.0817694588573
P42286,4465.032738923113
P42287,4527.003334831535
P42288,4572.676460661786
P42289,4160.703974586278
P42290,5195.616087197447
P42291,4888.538613521703
P42292,4165.391586148663
P42294,3931.862797083136
P42295,4432.34163797952
P42308,3781.5977224581334
P42313,4253.950523761087
P42355,4252.7930745685335
P42356,6845.106942446593
P42357,4474.675184076544
P42358,6950.713158099134
P42359,4231.141875875575
P42360,6474.733017167004
P42361,5972.653166036826
P42364,4346.337745303436
P42366,7070.273792890215
P42367,4295.320107408209
P42368,5274.295430904843
P42369,4559.020258939383
P42370,5575.961148153534
P42372,4465.351717646571
P42376,4507.402587124804
P42377,4650.364090488543
P42378,4659.542678394606
P42380,5904.954611864469
P42381,5111.090615956626
P42384,8251.342082001906
P42387,6524.007123509139
P42389,7076.887390953916
P42390,5528.198233548624
P42391,5756.908308441518
P42392,4200.240730754878
P42402,4537.511495267974
P42404,4317.467291829918
P42405,4592.389945963979
P42406,4498.189004552914
P42408,4524.82680017732
P42409,3719.264544947848
P42410,6052.302813042516
P42411,4299.10455689402
P42412,5770.834708220313
P42413,4146.173634876447
P42414,4561.393426719857
P42416,4614.513766493402
P42417,5195.512374676669
P42419,4583.165497915806
P42420,4848.521435734636
P42421,4558.082351519896
P42427,5202.738417086489
P42429,6463.927660640726
P42431,4449.588354432632
P42433,3613.2148179631545
P42438,4198.891517771061
P42440,4172.32145421329
P42441,4617.548913135195
P42447,5325.759885936071
P42451,5225.76631063681
P42452,3866.223120490927
P42453,3873.9509547816256
P42457,3873.9509547816256
P42462,4298.0378454887805
P42465,4247.249011639935
P42466,4432.629458759336
P42468,4619.342431453539
P42469,4005.219804968443
P42471,3861.9785681745248
P42472,4537.279169046803
P42473,4609.3663006792185
P42475,4469.264865952824
P42479,5379.252318162782
P42483,4356.87440894893
P42484,5103.681425533881
P42485,5234.1023310798655
P42492,5916.11013732796
P42494,4666.686829109414
P42495,4623.112838720069
P42496,8200.623666528028
P42497,5539.662103787122
P42498,4561.889965341652
P42499,5256.701425798083
P42500,5703.222192658659
P42501,5181.04628421868
P42502,6483.003049419344
P42504,5511.328268389072
P42505,4728.71725893051
P42506,5041.781072549496
P42509,4696.810201639987
P42510,5525.1904570058805
P42515,3943.972296778929
P42518,5370.519997141557
P42519,5372.022714890127
P42520,5112.381304630527
P42522,5260.423553036917
P42525,4520.194762993499
P42526,5996.429346365236
P42527,5099.5145907761225
P42529,5020.415139416527
P42534,4842.114803647139
P42535,5226.891301015075
P42539,5406.75149015909
P42541,5680.086252137006
P42542,4425.15669539014
P42544,5367.711503505269
P42546,5352.098693347082
P42547,4665.079422258613
P42548,5053.822347448555
P42549,5456.502945842049
P42551,5205.170087874722
P42552,6264.084953553552
P42555,5360.166624446046
P42557,4956.339397004574
P42563,8788.450247099223
P42564,5067.600399891561
P42565,4813.671843480873
P42566,4817.554715871687
P42567,5088.869696124709
P42568,4813.671843480873
P42569,4858.762568135949
P42572,4841.788471331013
P42573,6341.303381413239
P42574,6067.955270387251
P42626,6316.52399518169
P42812,4799.207876553866
P42853,5728.873281663812
P42913,3126.315158912917
P43183,3646.213584462221
P43184,63258.8449232221
P43213,111922.59261285327
P43536,4256.218274591007
P43540,4160.044641587801
P43595,34308.84111339781
P43745,9871.69397456212
P43779,9410.749348193847
P43821,4784.800174068694
P43887,15969.935662563636
P43888,4475.352627107586
P43908,3353.1508544385874
P43981,6014.94708305328
P43995,12415.968139317694
P01015,5914.518572450266
P01017,5913.2471354371
P01070,6963.285255260364
P01074,7688.557695616578
P01084,7316.386407020842
P01107,6011.972700745009
P01184,4350.841109252107
P01188,8920.353365724102
P01236,10447.936963635517
P01252,6175.912323687341
P01302,6872.756295210563
P01341,6828.21204521088
P01371,6760.2980090776955
P01413,4096.3089613135235
P01414,4073.284807606531
P01416,4391.598614529824
P01435,11541.366088496015
P01442,9585.29442737079
P01479,11205.811371410175
P01484,4616.454042169764
P01517,7749.414788219683
P01537,24861.542294827548
P01546,7074.763408380291
P01548,4399.663091940086
P01579,8585.745795122863
P01598,10847.49251339353
P01666,8451.510878662013
P01686,6226.933446236579
P01705,6093.679559523273
P01708,6441.65165543382
P01727,5503.855395802919
P01742,5542.418133977738
P01745,5981.953189021866
P01746,6814.1009888699855
P01769,6186.401628238234
P01797,44476.68581523239
P01823,5298.432837365072
P01826,5514.129719477614
P01840,22810.48418521504
P01842,21162.305434571314
P01852,10684.636753965946
P01913,14480.120272597705
P01927,5794.18801677961
P01937,6645.986012084597
P01940,9227.795108855162
P01951,8083.623407999693
P01960,20385.099399689632
P01976,30878.083154174605
P01990,6906.192219009679
P02066,6046.041038835912
P02088,5035.786742775263
P02158,10831.460381979392
P02211,6004.43682648718
P02212,10422.200670265478
P02230,6923.819491557934
P02248,6792.524364408126
P02290,17597.528238168965
P02296,6653.91884384083
P02328,4117.0395071105795
P02368,5847.083510667344
P02413,7494.463858951591
P02414,7025.458910794113
P02415,5958.276612404042
P02429,4992.974285865878
P02491,5054.075998129739
P02531,6917.494621742871
P02595,6839.960882550031
P02681,19788.722551530205
P02694,5800.240896144672
P02696,5811.357146679337
P02698,6487.763783849262
P02704,7916.1209625498495
P02711,11232.000574547812
P02766,7183.897624713563
P02784,7519.273599209532
P02785,6261.289184744051
P02836,8709.162948126614
P02840,9859.829055937962
P02847,10214.650388225089
P02853,5879.995475610684
P02865,6278.906747746185
P02881,5501.8841154538295
P02927,4199.901580080399
P02947,5475.27450740474
P02994,5962.594761810389
P02996,5427.178377008772
P03040,4968.222471654395
P03214,6199.588932078032
P03215,7204.129885012081
P03285,7016.433169887043
P03334,6683.946153083347
P03341,8100.468220446017
P03368,8570.390364831359
P03489,6883.151132151967
P03494,5450.587316026065
P03505,5429.899363487504
P03520,5671.096769767221
P03523,6948.578340961504
P03576,10288.57313043037
P03598,8449.105852728959
P03611,8735.28581508017
P03629,7142.923684990704
P03644,6864.664213138108
P03647,78740.56458333004
P03649,6995.973117689268
P03651,5956.736923895029
P03660,6188.402943585883
P03666,5934.430929814462
P03668,5959.810463704675
P03797,10742.832201381947
P03878,27873.432761331227
P03887,4976.170654497094
P03892,7388.951304599062
P03903,7320.287263808791
P03914,5554.679459087616
P03915,6991.006671669265
P03925,7358.377539848206
P03947,5827.507048551257
P03966,8607.328440364465
P03975,7885.142020384802
P03987,20486.006293071983
P03989,20627.528608702312
P04050,17087.34892770841
P04054,10958.478395323984
P04072,5814.277380396948
P04109,5608.298634174256
P04122,9868.387412479733
P04126,27563.649573371145
P04137,32982.12395324105
P04154,6946.5234982631955
P04188,5857.168563269323
P04211,6804.064333960764
P04216,7288.271942188594
P04218,7288.271942188594
P04220,7240.4980148174
P04263,5217.139295570277
P04276,7367.761790324657
P04338,10141.793580421932
P04347,3341.0724421526306
P04355,7470.546268532918
P04360,6855.553595768219
P04384,76237.92431343585
P04412,7630.115047689813
P04428,5883.530389011726
P04498,6661.491793011933
P04501,5801.782130620055
P04538,5792.574315601374
P04544,5734.818854663129
P04553,10386.005164081365
P04694,21166.261330576355
P04742,4969.833060185998
P04744,8627.16296898547
P04749,4058.9391362953243
P04832,20873.006785107245
P04884,9340.261242919161
P05053,4635.844065173077
P05054,4637.41889814313
P05067,5967.40809908176
P05117,3577.8776851754337
P05154,6181.180793074433
P05157,5856.197650894924
P05158,42314.4023962087
P05203,5363.026870716826
P05227,28589.476295557946
P05231,5954.8728009893275
P05233,4620.089351355757
P05260,7475.482052011284
P05262,5476.479210423919
P05272,7207.415426868032
P05275,7166.187459071035
P05279,9717.434673395179
P05328,8786.697541435864
P05339,6463.046061006774
P05340,6370.994021915425
P05346,6084.870231370193
P05399,5559.138704004998
P05429,5344.96616456426
P05430,5316.4949971161805
P05462,5816.504698993699
P05468,39906.502812378414
P05533,4452.676954194086
P05591,6190.468866763367
P05633,10575.214651634033
P05656,4450.42668674712
P05668,6929.1693692194885
P05717,4070.023151219062
P05740,3812.5256857935783
P05783,6378.97297637573
P05798,6679.061259508484
P05903,5907.517274828199
P05927,31168.331112896132
P05942,6932.453582371366
P05952,8644.548114063375
P05960,7127.267874089667
P05961,37194.782193548774
P05973,9515.887327856235
P05974,11423.021760452979
P06015,6107.635170685044
P06018,10719.613270570704
P06024,6118.309403275868
P06040,7496.997355661962
P06056,6748.781630631909
P06074,6957.734161688403
P06082,8626.053595785204
P06102,7562.983615129771
P06148,45726.630666903206
P06229,20103.13701433846
P06307,5790.904206206136
P06338,6043.029852419139
P06342,19729.895657737336
P06349,6657.259166499939
P06350,5673.762773644611
P06377,59888.97947291178
P06409,8695.383031169928
P06723,9486.351795977185
P06859,8269.474293162843
P06905,8176.346853522289
P07031,134993.26296495894
P07060,4850.74246886337
P07080,8069.454078180366
P07094,7884.247371309667
P07153,19807.415484026165
P07157,19711.193352270926
P07336,27689.284299832714
P07358,8354.826676971392
P07484,8224.653025621148
P07622,66008.9151517156
P07652,19778.591207240715
P07719,7722.52201146578
P08043,27382.87641605818
P08149,7695.281267895952
P08197,7840.461285827957
P08198,53533.85421177742
P08210,8442.063896748696
P08262,7715.617100995812
P08274,8136.227987203722
P08276,8263.14688792158
P08304,29009.30819863273
P08361,55711.03950360514
P08377,59821.781290805826
P08391,23593.40023384011
P08393,61613.316909924724
P08410,16949.76227545998
P08451,7240.7202901057935
P08485,7176.089026789476
P08521,8278.309148227178
P08756,122712.66823541957
P08794,6932.352308126561
P08813,7006.571429362307
P08827,7570.784551483358
P08846,6853.1764234571365
P09218,9110.342387980907
P09360,6943.38312174373
P09394,19856.894025432975
P09476,6858.522133845001
P09605,8264.209026843713
P09619,7473.96303616688
P09639,146416.3617815147
P09703,5830.957942472129
P09814,5665.185011887344
P09816,5956.198386239628
P09817,5966.8826142972475
P09967,5620.135725974067
P09990,6238.828264446922
P09991,6308.848378410058
P10000,151023.95098630092
P10025,6117.549955079784
P10031,7366.293192851021
P10038,8457.66244660878
P10121,149714.45353971887
P10210,25767.13442530713
P10212,25632.47997686453
P10222,25632.47997686453
P10251,7262.0508710840795
P10256,6664.031345890232
P10330,5733.758747324529
P10416,5972.7408952504065
P10418,5941.976739940311
P10419,5972.761381150444
P10422,6814.797446731693
P10424,5994.23761275724
P10427,6362.368881635235
P10429,6331.868003940121
P10433,6112.555430054692
P10436,7123.90701214626
P10439,157318.65687957467
P10440,126517.10890958365
P10441,6121.572926340818
P10442,128023.80874375635
P10450,7191.406903805259
P10492,31856.487337174036
P10548,6103.841336514031
P10554,5612.740101270436
P10573,5733.468468140398
P10626,5979.779201470519
P10627,6509.153637495023
P10631,6072.592132083428
P10633,5976.139275420667
P10635,6307.323557732966
P10638,6030.253936191465
P10665,5940.078875392362
P10668,6032.083329806663
P10669,6984.809397992363
P10677,8468.53439629204
P10683,7708.500380607152
P10686,6086.492544334605
P10688,6488.204264609165
P10689,7260.07736145388
P10696,6111.303511676983
P10698,126326.26826321246
P10700,6304.764661503927
P10701,6311.229155007495
P10702,6030.744963604844
P10710,7140.532583402655
P10713,5998.252423592644
P10727,27040.60390968823
P10728,6108.75423764563
P10729,25229.19007571553
P10733,26010.090154878846
P10737,7100.898248479228
P10739,5967.2836987735545
P10740,6245.4780305155155
P10741,5961.640237809514
P10746,25587.138716256013
P10765,6238.753113952264
P10766,6081.446214469675
P10770,6184.456492668645
P10771,6005.470453938468
P10772,6114.064282024157
P10776,5953.946548051672
P10781,6385.035681212895
P10904,6235.775340921027
P10910,5949.206372225979
P10995,5715.623297555147
P11034,7158.672452419715
P11035,5701.326490112517
P11036,5705.3922322786575
P11039,5706.986105547927
P11040,5682.893260768176
P11041,5741.9287121341595
P11047,5728.790502112182
P11048,5705.3922322786575
P11058,7442.512956969421
P11059,5728.790502112182
P11061,5678.212537414408
P11069,6247.6853173302
P11074,5943.930289447594
P11109,29877.62796594598
P11130,7734.991867572204
P11132,5709.642922077161
P11146,5689.4180813045905
P11234,6502.622481972996
P11238,7248.549155118912
P11239,6115.67971155046
P11245,5959.242101719608
P11253,5959.242101719608
P11254,6001.878855506678
P11294,7454.316651794973
P11295,6067.626966581318
P11298,5974.577171688244
P11310,5949.860641788726
P11311,5949.860641788726
P11313,146874.35092944693
P11315,6057.9008203527665
P11317,6057.9008203527665
P11319,6049.523614937805
P11320,5944.412556445233
P11321,5944.412556445233
P11363,5903.430800846528
P11430,5579.665690138441
P11495,6125.950776050459
P11534,6256.078212090711
P11757,5922.4417338909625
P11758,5670.628455127489
P11773,5964.474999908151
P11778,6117.549955079784
P11781,6329.403764234718
P11784,6635.23810434621
P11785,6202.851092772969
P11795,6088.222542615935
P11817,6093.425941951828
P11855,6135.824618626681
P11857,5857.241553070341
P11858,6067.626966581318
P11859,166324.74937630634
P11861,6105.738007116896
P11866,6649.439844089375
P11867,7833.254473629754
P12038,5677.310810210153
P12040,5665.185011887344
P12105,27362.225632310023
P12114,7738.125635379404
P12120,6508.813709999081
P12175,5906.678921921876
P12235,6106.329441985831
P12319,5728.189119903261
P12387,5668.596004341189
P12388,6167.732940937829
P12442,169383.11377545004
P12443,171421.15008666954
P12446,147181.7188060571
P12447,169908.00782487873
P12448,187282.02654749507
P12449,6047.291327330507
P12451,6082.763843543138
P12454,5993.364661171163
P12455,5973.687397018339
P12456,5946.540783527452
P12458,6345.137028690424
P12467,6519.479405944099
P12470,6052.053103760668
P12471,6052.3459769840065
P12474,5959.242101719608
P12475,5917.834197145224
P12476,169071.81739387065
P12477,6057.9008203527665
P12479,6372.181011592756
P12480,5959.242101719608
P12481,5974.577171688244
P12485,5785.032267613853
P12486,5949.860641788726
P12489,6086.707008899338
P12490,7284.643268720103
P12491,6668.784152919797
P12492,5695.677377546391
P12521,6067.626966581318
P12524,5887.147391384648
P12526,5930.3261851108355
P12528,5998.529977393161
P12554,6082.763843543138
P12629,6025.257357097792
P12696,5937.77909231143
P12722,5657.171893616397
P12746,5122.273080646025
P12893,5624.595238364036
P12934,5786.56532490167
P13095,6051.264134129081
P13100,5570.473463053176
P13303,5678.8343619968555
P13335,29710.860955604665
P13475,6035.483779718923
P13626,6926.687919236085
P13653,6110.349517351482
P13655,5896.007492442849
P13669,6098.718298527496
P13756,5455.627059447272
P13778,22994.304792722985
P13779,25478.43189008106
P13780,25083.20742631616
P13784,79105.34010954495
P13785,7292.273756122834
P13791,28014.550541919285
P13810,31512.000050585353
P13891,5958.136045658292
P13892,6553.297236350507
P13894,5965.501260585741
P13895,6085.654619463238
P13900,6150.728237237857
P13917,7480.619099655054
P13922,5707.447647292351
P13930,5695.677377546391
P13935,6169.470909622316
P13965,7379.736066421388
P14015,6694.952656924206
P14016,7390.783467094997
P14017,6228.556917105974
P14100,5846.247863232183
P14305,8466.788549294151
P14342,5456.5288404443545
P14358,6618.12735266578
P14444,5718.341758874523
P14445,5659.143755794964
P14449,5717.505358728407
P14454,5705.3922322786575
P14456,5766.572874580515
P14465,5728.790502112182
P14472,5909.916618716131
P14474,6202.479601722559
P14551,5732.875826038825
P14557,5732.875826038825
P14558,5745.14648464399
P14561,175800.533479714
P14574,5635.245256014184
P14579,5560.529951363542
P14583,5987.349584799892
P14604,6117.447006015011
P14617,5663.720402800653
P14658,5705.3922322786575
P14660,5833.711687484272
P14668,5633.3095552838195
P14670,5801.404564977601
P14671,5612.740101270436
P14704,5850.063060420835
P14744,7157.0601688376955
P14836,6786.9805533087965
P14949,6257.696696016723
P14968,6100.4399623143045
P15054,5663.182555060368
P15062,7223.529146255758
P15075,5612.740101270436
P15076,5617.537188470052
P15077,5604.1358609699555
P15089,5677.688584235587
P15092,5603.718301471066
P15113,5600.624337486343
P15130,5766.429634705491
P15164,5700.745297388537
P15173,5752.318436386069
P15193,5993.802313006344
P15194,6065.796765840472
P15259,5655.022492012031
P15262,5698.259054809301
P15266,5751.68879058433
P15271,5604.1358609699555
P15275,7127.915178505726
P15281,5753.083778652398
P15301,5711.938836956146
P15303,5695.677377546391
P15304,5931.951220258694
P15312,6082.763843543138
P15315,6050.702104285784
P15316,5993.364661171163
P15318,6122.638624004681
P15322,7074.373036990331
P15323,6042.525558707414
P15329,5959.242101719608
P15330,5951.434975840864
P15331,180481.7187147168
P15332,5985.572427287798
P15334,6050.702104285784
P15336,161850.3203776017
P15408,6465.205414722475
P15415,5583.3342335075495
P15420,5667.926487580613
P15421,6123.981210428822
P15425,5684.967901195264
P15435,6208.472641924569
P15437,5728.790502112182
P15445,5954.816653122727
P15448,5785.199611433013
P15508,29830.9139587424
P15510,31541.36231877594
P15533,5638.654934062648
P15538,5766.3355867228265
P15704,5908.816820897892
P15729,5690.359721083272
P15745,152732.89927401528
P15789,5319.908917516131
P15830,5622.570699088198
P15857,6205.284105436514
P15860,4965.339008280798
P15942,5627.192016089243
P15946,7536.537903776822
P15950,5625.860458586361
P15965,5635.289811731188
P15969,5719.468957553827
P15973,6103.841336514031
P16079,6175.650995324281
P16155,168364.88372810648
P16156,171421.15008666954
P16157,162970.28989643065
P16160,5909.837171391181
P16182,6098.718298527496
P16213,29155.056928083923
P16228,5554.109352682645
P16355,5333.45865234175
P16371,6055.935345061855
P16381,6848.249120107077
P16382,5833.718782289004
P16383,6252.659437895841
P16384,6050.702104285784
P16387,6886.947984796905
P16388,6042.632261908862
P16390,6258.240024022748
P16429,6725.188232820309
P16446,6855.100167728636
P16470,5631.659502993114
P16471,5692.049625549265
P16473,6102.053485255085
P16475,7227.711048343793
P16479,5627.646294591615
P16481,5695.677377546391
P16513,6042.525558707414
P16514,6262.634159079152
P16561,6027.876754902936
P16597,5747.235818600959
P16598,5657.741440798214
P16615,5629.55460476409
P16628,5774.130218280175
P16675,5668.090439595947
P16884,5692.815140250108
P16892,6400.3981136488765
P17003,6600.420476629484
P17008,5852.729585223176
P17151,6082.763843543138
P17152,6086.707008899338
P17180,6128.994859019804
P17220,6126.706081106284
P17224,5668.090439595947
P17226,8097.1475357219415
P17266,6128.140888866806
P17318,7690.8616939162775
P17441,7669.401681259375
P17443,5969.817437389275
P17450,5938.350931332499
P17497,5830.535399142493
P17506,5825.642349104775
P17515,7336.8915013919095
P17528,6072.480988008635
P17529,6076.743411875024
P17904,5806.171160304563
P17933,9660.66123589174
P18187,5662.413526854331
P18265,5703.415684497231
P18314,6009.5697617004735
P18322,5617.537188470052
P18325,5633.255467475195
P18334,5674.166160484129
P18354,6213.5123190935055
P18421,5728.790502112182
P18435,6208.472641924569
P18505,6113.48287526027
P18588,5993.496920999763
P18593,5501.360932883553
P18618,5956.198386239628
P18766,6273.050572594128
P18847,5378.90868958543
P18871,5653.483161141505
P19146,5698.495794090326
P19147,5620.426072788165
P19263,7022.659732513513
P19285,5528.185346028845
P19372,7103.151499380038
P19374,5583.0082036733365
P19429,5525.771212672225
P19688,162165.62200751822
P19689,6057.9008203527665
P19692,5993.364661171163
P19705,5945.416001661477
P19707,5945.416001661477
P19708,6091.172223667318
P19712,6078.589154591218
P20126,7421.533216294098
P20128,5974.577171688244
P20133,5998.529977393161
P20134,5945.416001661477
P20250,6930.487963068773
P20357,5650.9909555400445
P20367,5705.606776912083
P20369,5650.1594318619855
P20375,5690.366215015223
P20419,5807.664016762115
P20902,5595.441553205866
P20980,5416.671221374888
P21063,6011.090995722479
P21093,6070.972090747084
P21099,5587.779884191701
P21153,5703.24863587437
P21188,5855.001258151
P21190,6067.626966581318
P21191,5989.48195606893
P21286,6211.827141025952
P21377,5670.628455127489
P21380,6351.271235443889
P21399,5777.872979068647
P21645,5588.423161907988
P21647,5575.091277145692
P21774,5987.1733074427675
P21838,6106.757489283094
P21870,5794.243407789194
P21899,6205.080097750596
P21900,5722.7626789792
P21901,5741.052418007056
P21902,5705.1377597597175
P21903,5725.660032182291
P21905,5683.597379990124
P21912,7371.695394394533
P21916,6098.10437896253
P21918,5686.3111787223415
P21922,7734.645319253953
P21923,7285.187555295423
P21926,5727.310444095102
P21927,5745.887721205565
P21957,6408.527895694693
P22034,5777.776040289841
P22656,5741.460957324782
P22658,6175.633259560137
P22673,6043.981459848797
P22679,5896.57438377174
P22680,7308.794827878673
P22681,5846.4394630783845
P22683,5938.350931332499
P22684,5874.430401030549
P22687,8000.308621721613
P22688,5950.684560451374
P22897,31766.875020211235
P23151,6150.82228521733
P23154,5971.12754541589
P23156,6159.62869117862
P23241,5562.175134902551
P23261,5413.487122913267
P23328,6095.625746032079
P23444,7202.626611302246
P23521,6547.549027414415
P23550,6215.731677098157
P23720,6411.6305556119405
P23733,7419.411029378123
P23839,6414.2735987622955
P23861,6423.883990174271
P23931,5816.881885609542
P24016,6553.021183324697
P24132,5896.761722379111
P24351,5772.242225912916
P24493,5717.809463842403
P24551,5647.61726824924
P24747,6655.466707685055
P24748,6149.453377345222
P24758,6445.219472133909
P24789,6015.679706865503
P24831,6032.253136179927
P24870,6567.137458905444
P24906,6284.223700783831
P24911,6284.223700783831
P24922,5915.814209943226
P24957,6373.779763287756
P25015,30074.427937135697
P25074,6162.635303688627
P25148,5992.578240375557
P25154,6240.6744631176725
P25191,6246.661245846918
P25225,6782.238673684831
P25279,6347.890380922559
P25419,5914.214125046267
P25423,5954.961579858379
P25425,5930.3261851108355
P25426,5969.817437389275
P25485,6993.658857690488
P25487,6658.705991627503
P25502,5945.304564394689
P25691,6653.290352000774
P25693,6623.649099047118
P25979,6419.359644771954
P26047,6117.549955079784
P26383,6644.909551781604
P26393,6362.058060404669
P26439,5731.366606924124
P26461,5455.7609956016995
P26540,169564.04058178782
P26574,5852.855500748532
P26684,6454.122056389357
P26726,5859.864918270462
P26729,5615.8917552422035
P26732,5719.468957553827
P26734,5807.168616166873
P26778,6459.688832855238
P26807,6030.671925072992
P26863,5874.430401030549
P26973,5508.232124416227
P27048,5647.2943942848415
P27153,5791.795841404313
P27174,5525.733968765458
P27212,5738.693091676449
P27218,5961.245472902374
P27229,5682.154072221166
P27241,6910.387917941651
P27242,5682.154072221166
P27295,5885.788443317304
P27296,5909.945194174052
P27299,5751.742768716921
P27340,6278.625066827384
P27410,6261.918241859432
P27414,6330.46102847032
P27416,6598.422016369262
P27504,5611.900987049366
P27508,6151.971204810596
P27516,7284.542426485937
P27517,7422.501901260077
P27518,7836.229273774048
P27519,5731.710925076183
P27523,7836.229273774048
P27545,5707.868430405646
P27547,5682.358010835782
P27553,5719.842301598894
P27555,5682.358010835782
P27560,6169.3954659317715
P27561,5965.298205054006
P27566,6194.358050696396
P27577,5629.561019085123
P27580,6116.90587194378
P27586,5616.131012360083
P27587,5651.848881672337
P27590,5887.476627723557
P27598,7505.307867666822
P27600,7587.12939866236
P27607,5899.343807313584
P27609,5940.220267142941
P27620,5763.513817910026
P27627,5771.130636606273
P27628,5719.842301598894
P27645,31090.204011772432
P27648,5773.386035175604
P27649,5778.964537866436
P27723,5908.3704574890835
P27734,6242.932351604817
P27801,5696.077030852985
P28236,110798.21124284375
P28239,6946.476816573797
P28241,25246.32578262827
P28242,25381.99863464011
P28246,6029.126528917172
P28253,6047.7521733425365
P28254,6010.395113125163
P28257,6083.263357797705
P28302,5493.083009016578
P28303,5471.421123176193
P28304,5493.083009016578
P28389,7405.581284886607
P28416,6046.343321520474
P28472,5754.54664559039
P28488,7335.738702857767
P28526,5643.193916021594
P28541,5735.167204868464
P28707,31053.83986152488
P28714,5740.480774926475
P28732,5864.03892212518
P28740,6928.577715063704
P28776,6894.870006208441
P28859,5750.501941828358
P28862,7497.963580768138
P28877,6321.235940634091
P28878,6321.235940634091
P28882,7464.33728961091
P28883,6034.46661961569
P28884,6223.202770582659
P28885,150086.41402547294
P28886,136779.6092739827
P28894,5931.89535121128
P28895,5954.961579858379
P28898,5954.961579858379
P28900,5954.961579858379
P28902,6052.3459769840065
P28905,7150.461115569506
P28908,168343.8276629252
P28912,6037.691654322197
P28919,7497.963580768138
P28931,5938.611537303317
P28935,5969.241985668204
P28937,7417.160116845065
P28945,5927.017224706413
P28946,6023.944710862572
P28947,6012.7769061993085
P28948,6702.241395778471
P28951,6067.444738823468
P28952,6023.944710862572
P28953,5914.214125046267
P28955,5670.900087631398
P28961,6110.62773809874
P28963,5654.851403949259
P29034,6198.318618590356
P29041,5823.69522879345
P29043,7077.073583965039
P29047,6205.056255044368
P29064,5849.819779402359
P29066,5747.416901803333
P29073,5644.784917381624
P29083,8985.291629920279
P29087,8937.877641709596
P29101,6116.90587194378
P29104,5629.561019085123
P29106,5705.904227132048
P29107,5666.57735224799
P29173,6050.077278945387
P29193,5754.701401706112
P29211,6065.796765840472
P29214,5927.017224706413
P29217,5741.460957324782
P29244,5930.176767569128
P29256,5603.66195355022
P29269,6147.967212517818
P29293,5863.952943769223
P29295,30100.237303902315
P29344,5629.561019085123
P29345,5616.131012360083
P29393,7000.352510508587
P29432,5790.454565830506
P29446,7239.873833042576
P29476,6567.385237164304
P29482,6043.8678685178265
P29490,5642.96035812574
P29496,6567.385237164304
P29505,6543.394845254829
P29524,6176.091292735877
P29530,5634.675557739839
P29605,5673.2484348359985
P29733,6396.030559119698
P29770,6622.1562735076495
P29778,7116.166792762181
P29793,6336.442702350654
P29918,169775.70674154136
P29982,5848.036189242127
P30033,5890.709651609979
P30036,5629.561019085123
P30038,5966.90544981322
P30039,5637.179966079932
P30040,5649.149965959094
P30043,5745.14648464399
P30047,5729.061047869147
P30048,5729.061047869147
P30049,5745.14648464399
P30096,6338.678594976057
P30261,5893.9324171368935
P30286,6322.17753739782
P30301,6749.3748936094635
P30331,6805.579862844487
P30462,5741.052418007056
P30469,5772.863586610511
P30471,5741.052418007056
P30474,5729.061047869147
P30475,5745.14648464399
P30480,6483.331598961203
P30481,6049.693778786683
P30485,5925.441953680516
P30487,6337.000192117148
P30491,5741.052418007056
P30492,7362.677269616938
P30493,5674.434127022207
P30494,5689.694619790876
P30500,5762.292508631148
P30501,5758.186225639319
P30506,7229.719631412551
P30653,7745.761408535672
P30746,5448.597539443269
P30776,6191.016222632511
P30809,5749.116430084252
P30871,6611.893411145317
P30880,5628.6954228310315
P31178,6014.19791399223
P31338,6634.3169025329225
P31339,7763.144078689957
P31367,5493.083009016578
P31370,5651.395484714953
P31444,6147.3395659791295
P31462,5893.028121658699
P31465,5799.992211206402
P31503,6213.206249890858
P31612,183055.4274244655
P31636,23780.53371930021
P31638,27154.727239765045
P31643,6115.890084862734
P31648,6152.6771180883725
P31715,6594.0718781037085
P31770,6271.25301261605
P31810,5671.70406242308
P31815,6200.51233134553
P31816,7347.226439059897
P31818,6200.51233134553
P31848,6408.676319287348
P31880,6247.427054050636
P31918,162585.35277179666
P31930,5671.86590913025
P32231,33502.52714512418
P32310,30238.25715614206
P32367,5723.596991559598
P32444,5701.769177521968
P32686,5798.609869397464
P32687,150847.4633830248
P32783,5798.642124116469
P32925,7147.91883906873
P33324,5454.528977672413
P33542,5840.186892775981
P33584,5380.408335413671
P33807,5385.859005361396
P33832,5723.7470600814395
P33850,6835.930004386137
P33856,190568.94927691514
P33927,27618.91388569401
P33935,25372.995102445337
P33936,25587.138716256013
P33942,22933.394300855816
P33973,131602.58726315293
P33974,27546.651239936717
P33976,5992.578240375557
P33982,9631.304236545287
P34142,5969.817437389275
P34143,7325.223188860289
P34145,5954.961579858379
P34146,6115.67971155046
P34147,5741.460957324782
P34148,5973.687397018339
P34190,6205.414267929235
P34192,6151.474193383894
P34227,6271.955857754675
P34259,6479.986005911929
P34280,6160.220413609517
P34281,6615.868533179993
P34288,6342.832860850749
P34391,6115.67971155046
P34393,6091.563072355834
P34394,5954.961579858379
P34396,5874.430401030549
P34397,5898.404871343879
P34398,6145.184116931468
P34400,6115.67971155046
P34401,5890.434096843654
P34402,6115.67971155046
P34403,6271.391821515478
P34404,7437.5988109606715
P34406,165186.22116259576
P34407,150575.65688584975
P34408,6049.8213786097485
P34410,6130.599468364515
P34414,5823.90361810826
P34418,133384.03101956067
P34419,5838.6186146877035
P34421,5969.817437389275
P34422,6263.951953180885
P34425,6263.951953180885
P34426,6112.989990382897
P34430,6231.385307686721
P34432,6519.479405944099
P34433,5945.416001661477
P34435,6115.67971155046
P34436,6115.67971155046
P34437,6145.184116931468
P34438,5969.817437389275
P34440,6030.861539098896
P34442,6071.377975167858
P34443,6071.377975167858
P34452,8632.283097395346
P34454,6027.112757146796
P34455,6218.282947523944
P34456,6334.238443310471
P34458,147548.53440051907
P34459,133526.83458505914
P34462,6130.083457743339
P34463,165174.8813513978
P34464,7549.122887390792
P34465,7579.009092488364
P34466,6697.75096810686
P34471,6242.932351604817
P34515,6077.031098941974
P34516,5973.687397018339
P34521,5950.684560451374
P34522,5823.90361810826
P34527,5741.460957324782
P34528,5939.67684920669
P34529,5887.147391384648
P34562,7335.937917481338
P34629,5800.221330838066
P34723,5860.269394626717
P34760,85093.71088368986
P34854,6665.808988967738
P34856,6639.5233185471
P34857,6660.215088263693
P34870,7338.227524254029
P34879,6169.009416577465
P34889,6108.864187903382
P34891,6583.728939061139
P34896,6138.335717936646
P34898,6108.864187903382
P34899,6108.864187903382
P34901,6625.817437762675
P34902,6117.041759970045
P34959,7375.494099628738
P35002,5755.648209423873
P35040,6854.183854103642
P35078,6488.891849072091
P35081,6380.47889074064
P35098,8272.987346710896
P35167,6037.879248330321
P35169,6037.879248330321
P35171,6008.8899538347605
P35238,96235.81609541815
P35275,123135.82194678429
P35309,6080.307909896668
P35312,6080.174105441351
P35313,7257.082989787014
P35317,6091.955585840769
P35318,6102.191711103222
P35321,6099.091641585832
P35323,6476.817830000665
P35325,5963.702771648713
P35327,6980.236430016651
P35328,7315.369811563665
P35330,25832.69287274404
P35334,6158.0880344588395
P35335,6085.290726335757
P35336,6080.307909896668
P35337,6152.424604169685
P35338,6532.293786621114
P35340,7259.500056893698
P35342,6116.194664999581
P35343,6087.472952378286
P35344,6070.773713713361
P35345,6109.382537243162
P35346,26354.108772383268
P35348,6154.630900915231
P35350,24893.22191559647
P35353,25496.383402063027
P35355,25496.383402063027
P35356,22819.602443656273
P35357,25545.81343380983
P35358,25140.945208835376
P35359,24893.8171684823
P35360,26949.062604608724
P35361,25963.522814801418
P35362,6107.128165211619
P35363,26010.090154878846
P35512,25851.02932204865
P35513,6105.843358028913
P35514,25894.673461218314
P35515,25186.147682330557
P35516,25820.36547007465
P35518,23806.096144233517
P35644,29242.41464747918
P35972,6335.39428281349
P35973,164405.39889910867
P35974,166689.88988821468
P35976,6021.788786091439
P35998,164834.5825717511
P35999,6011.325034010756
P36005,5983.3638114202995
P36007,5995.123369080204
P36008,6238.193535456937
P36009,6152.056370653671
P36013,142238.9335859359
P36017,6023.208192529533
P36039,6113.831297651276
P36100,5644.125130707092
P36165,6391.925401249661
P36183,6198.870724228407
P36184,6258.632431378978
P36199,6117.549955079784
P36232,6192.572990644148
P36250,6334.819770764862
P36268,6607.2013138489665
P36281,6704.81273414771
P36370,5704.863488265271
P36371,6566.739984425029
P36412,5826.599803219877
P36418,5655.022492012031
P36527,6352.988403409922
P36529,6023.208192529533
P36567,6263.322143486331
P36636,5929.335460542947
P36671,32807.28282165585
P36707,30351.245750621005
P36708,30351.245750621005
P36710,30351.245750621005
P36724,6920.163023806345
P36770,5553.392633787062
P36840,5709.307919228012
P37038,30871.791057368493
P37059,6247.114275638501
P37114,6315.184661711585
P37124,5823.200487756397
P37131,5844.507228188879
P37270,6680.873051116229
P37286,5954.961579858379
P37290,5954.961579858379
P37291,5917.133846776167
P37292,7343.5130363258
P37295,6047.291327330507
P37297,6052.3459769840065
P37298,6057.9008203527665
P37299,163978.32969252628
P37302,5875.130529300939
P37303,5850.087679613637
P37304,6026.8114398245525
P37305,6059.534555186844
P37306,6059.534555186844
P37314,166497.73568001195
P37317,159795.22993866506
P37319,5741.460957324782
P37322,5741.460957324782
P37323,5939.67684920669
P37326,6075.375355945397
P37328,173061.93687306278
P37329,6240.169810278998
P37330,6475.699365987432
P37360,5702.3010610691745
P37362,147496.69404267587
P37363,5935.876307004329
P37366,5954.961579858379
P37369,178120.85830315246
P37371,5926.317847532935
P37372,8749.447806093685
P37375,6038.458644853879
P37376,164673.99825107196
P37377,6252.87008207923
P37378,132858.12500211972
P37379,6013.753102383971
P37381,147496.69404267587
P37460,7384.025731858513
P37513,6175.867934197576
P37562,6030.861539098896
P37563,167546.423813842
P37564,6052.3459769840065
P37566,7533.70453049465
P37584,171308.89412285993
P37585,5954.961579858379
P37586,5938.350931332499
P37588,5882.507497121012
P37589,5945.416001661477
P37590,5939.67684920669
P37591,5874.430401030549
P37593,5934.052632320932
P37615,6027.307775228178
P37616,6052.3459769840065
P37618,6020.572160380519
P37619,5891.151191169022
P37635,170775.18753222158
P37637,6959.095337870319
P37638,6754.119406997553
P37641,5954.961579858379
P37642,5787.929045339175
P37644,7196.0608469251665
P37645,169433.63806885466
P37648,180528.81370524823
P37650,171787.99840095016
P37651,161060.70361694164
P37653,168725.19154478476
P37654,158931.83944386998
P37657,6002.626659417835
P37658,6062.9888565566525
P37660,6125.140110289318
P37661,6052.3459769840065
P37676,6074.651247379319
P37677,6034.46661961569
P37680,5834.212730869804
P37681,6031.099561483454
P37682,5887.268323612357
P37683,6246.661245846918
P37684,6042.632261908862
P37687,5969.329886475167
P37689,6049.336563401097
P37757,6255.296789545867
P37765,5874.430401030549
P37768,149008.07442046716
P37770,164794.451628868
P37771,5945.416001661477
P37772,166366.53371150917
P37773,205322.57439427436
P37774,5930.3261851108355
P37775,156754.4423331655
P37778,183040.0166163938
P37782,147188.66839000033
P37784,156148.67524903818
P37787,162335.95786553549
P37790,169211.70118692156
P37792,5914.903802281405
P37794,161060.70361694164
P37795,163456.20470560927
P37796,164809.23046845858
P37798,169747.59010126648
P37799,5954.961579858379
P37801,7273.446841003928
P37802,5938.350931332499
P37803,6882.939976012212
P37809,7486.398283866673
P37810,157498.93363020747
P37811,6043.917114567294
P37814,167079.14891102866
P37815,167079.14891102866
P37816,166853.4044131552
P37827,6653.882493401054
P37828,6653.882493401054
P37842,6050.107862928597
P37843,5948.027841952213
P37849,5856.8147775217885
P37853,5949.6794543029655
P37909,5860.468961379147
P37952,31518.04519573689
P38217,151365.83946511077
P38238,6209.547410988964
P38329,6572.105093115504
P38333,6261.848959289589
P38361,5685.992118543749
P38364,5681.220350030733
P38377,5679.137488326971
P38404,5642.42890556505
P38469,6338.443964891859
P38470,6821.506285210049
P38473,5728.790502112182
P38474,6228.238663930678
P38478,5821.710055411577
P38504,5819.371843488941
P38576,5972.111952233946
P38580,6185.695385019834
P38644,7397.875408163605
P38706,5701.326490112517
P38707,5675.845303593602
P38721,5761.099415311642
P38732,6162.143831669526
P38736,7393.8056337394955
P38738,5729.061047869147
P38746,5764.615236851969
P38748,5866.726905050637
P38749,7569.877616492421
P38750,5994.50889557492
P38751,5741.052418007056
P38756,5745.14648464399
P38758,5741.052418007056
P38765,6215.755225866906
P38769,5643.696753126694
P38776,5913.148242902265
P38777,5893.9324171368935
P38782,5775.253141519585
P38797,6287.385020047204
P38845,6059.240683547474
P38961,5878.79592530768
P38986,5641.315552849791
P38987,5651.807963167319
P39061,6561.7034243978815
P39141,157611.81706616978
P39146,5608.509405199872
P39153,6818.382213083729
P39161,5586.392420043917
P39162,5606.498848923186
P39285,6315.520863490074
P39445,5937.916402366432
P39535,27908.48235107022
P39600,5972.921179272286
P39620,6206.302103494154
P39633,5806.322657050097
P39645,5666.517770188726
P39646,5666.517770188726
P39647,5666.517770188726
P39748,6160.220413609517
P39753,6137.190220773148
P39764,110713.83863036297
P39777,6489.04756446609
P39781,6019.168501317955
P39786,6124.868802389488
P39787,6124.868802389488
P39797,5707.934465115869
P39798,6248.617889747279
P39806,6148.88729487933
P39809,7272.329002994292
P39812,6162.91241132497
P39813,6013.408297026752
P39818,6266.36687699569
P39820,6013.408297026752
P39824,6236.905865263838
P39834,6116.062875605415
P39835,6110.9302488295225
P39836,5882.397834650755
P39841,6805.996274292922
P39844,6620.750828786163
P39863,6633.625203651691
P39928,5985.5248719784095
P39937,25131.15078772009
P39940,25599.07896166499
P39943,6081.7655012783625
P39944,6105.843358028913
P39945,6088.132294961091
P39949,26364.37604275842
P39951,26114.819205276915
P39968,25496.383402063027
P39976,25483.432201314412
P39978,25404.95916109696
P39980,26521.07691361651
P39982,25637.744543848934
P39984,25958.061337159543
P39988,26051.475935832736
P39990,6096.806611641283
P39992,5985.166965148691
P39994,6008.862448829822
P39996,5974.400458812438
P39997,7087.317847848321
P39998,6008.862448829822
P40000,6037.851610652297
P40002,6057.661595533662
P40007,5998.782853144763
P40008,6517.354590157765
P40010,6250.387901051183
P40012,6008.862448829822
P40018,6037.851610652297
P40019,23661.31902452686
P40103,6669.834911671935
P40104,5987.313292038687
P40105,5987.313292038687
P40107,6258.845672529847
P40108,7190.598241066085
P40109,5985.166965148691
P40112,6096.806611641283
P40114,6008.862448829822
P40116,6417.247173107714
P40117,7210.377340398879
P40118,7117.187176472059
P40122,6083.946463359266
P40124,6195.206672267015
P40126,6070.825256261354
P40127,25814.934104699543
P40131,6105.843358028913
P40132,6076.78557092378
P40134,6074.607175444731
P40135,6091.680309576189
P40137,127615.83984121493
P40138,7241.666897651124
P40140,6113.994767910773
P40142,6074.203139108127
P40143,6143.9080670491685
P40144,5987.340698420786
P40145,5987.340698420786
P40146,6517.384422350545
P40148,6008.8899538347605
P40150,5963.730069973849
P40158,7234.581957475239
P40159,22879.26192460922
P40160,6085.675492581159
P40161,26089.49318256704
P40162,116024.4520465738
P40163,116092.67929886145
P40165,7237.176259339934
P40166,6063.495280758701
P40167,7263.2230921437285
P40170,6335.233415612678
P40171,7240.805000695871
P40172,6621.43134571326
P40173,6767.911308887806
P40174,6725.141531280457
P40177,6092.48217653779
P40178,6360.176995252184
P40179,6360.176995252184
P40181,6066.61657671141
P40182,6547.614680596465
P40183,6179.666230081395
P40190,6090.527044167581
P40196,6230.741545285625
P40198,6119.910123186924
P40199,6066.509576064572
P40201,6090.527044167581
P40203,6092.503073069624
P40206,6173.04107743435
P40218,6163.503128613437
P40219,6135.751402442505
P40220,6182.213686127837
P40221,6376.364836089146
P40223,6135.751402442505
P40224,6610.165718465075
P40226,6154.659073050571
P40228,6294.943649020423
P40229,6267.212226731795
P40230,6267.212226731795
P40232,6136.193519309596
P40234,6125.206175986696
P40236,6134.1288195310535
P40237,6169.51201260596
P40238,6134.1288195310535
P40240,122750.98595914956
P40241,6183.669423894919
P40243,6001.789916835126
P40244,6235.191579226628
P40245,5956.683384507904
P40246,126505.25798321278
P40248,5980.266119543007
P40249,126099.06054546646
P40251,6087.525524500717
P40252,128599.92588665002
P40253,6008.8899538347605
P40254,5987.340698420786
P40255,6005.837276230862
P40256,6663.300656121664
P40257,5998.740845640686
P40258,6157.597852108444
P40259,6154.659073050571
P40261,126371.99599770622
P40262,5987.313292038687
P40264,6509.683653961771
P40265,5980.134516265046
P40268,5987.340698420786
P40271,6096.834519135398
P40273,5985.194361707813
P40274,134666.66593369847
P40275,140158.4211653324
P40276,6338.222280733493
P40277,7262.2558636269305
P40278,88992.55399782045
P40281,5974.427806097087
P40282,6005.837276230862
P40283,126826.31875312379
P40284,6264.349353191723
P40285,5992.5987943043065
P40289,5992.578240375557
P40291,6014.146343269154
P40293,6011.090995722479
P40294,5992.578240375557
P40295,5995.944361690259
P40297,5992.578240375557
P40298,6005.837276230862
P40324,5992.578240375557
P40325,6014.146343269154
P40326,5992.5987943043065
P40328,5979.654054136107
P40329,5979.654054136107
P40331,6490.152076339181
P40332,6504.890456973971
P40333,6014.146343269154
P40334,6490.152076339181
P40335,5992.5987943043065
P40336,6490.152076339181
P40339,6011.090995722479
P40341,6550.24142649767
P40343,5992.578240375557
P40345,5981.468099848181
P40346,5985.5248719784095
P40348,5992.578240375557
P40349,6014.146343269154
P40352,5992.578240375557
P40358,6030.253936191465
P40361,6089.134763987561
P40363,6490.997396479695
P40365,6020.470053803508
P40366,6007.992880470104
P40368,6139.461952210894
P40370,6116.649474389348
P40371,6097.811677673001
P40373,6095.625746032079
P40374,6637.633477396686
P40375,6097.811677673001
P40376,6369.866250464221
P40377,6369.866250464221
P40379,6369.866250464221
P40381,5977.635574943779
P40383,5979.779201470519
P40384,5979.779201470519
P40385,6242.522827811631
P40386,6509.153637495023
P40387,6089.134763987561
P40556,7440.175991677264
P40563,5737.146988357769
P40601,6019.0108107283395
P40618,5918.713245901395
P40627,6783.964153643601
P40657,6415.330352554677
P40658,5988.887031971052
P40659,6993.444612490078
P40660,6680.675669093923
P40662,6007.067593076819
P40667,5983.403217492376
P40668,5972.615895191999
P40669,6007.067593076819
P40672,6420.812266182219
P40673,5972.615895191999
P40674,5985.5248719784095
P40675,5985.5248719784095
P40677,5985.54540171886
P40688,6058.1448263354805
P40690,6111.212518460802
P40693,5991.192377697853
P40694,6321.953607572317
P40697,6068.960368054658
P40698,6170.226904113848
P40700,7315.403295988565
P40701,7156.084474032756
P40702,6008.8899538347605
P40703,6003.8100796347235
P40705,6243.031136846029
P40706,6340.355665577425
P40707,128420.79809771398
P40708,149302.44930781718
P40709,6096.834519135398
P40711,6037.879248330321
P40714,6345.720246407062
P40716,6499.205226406368
P40719,7292.093557085252
P40720,5972.615895191999
P40721,5972.615895191999
P40724,6059.413818671537
P40726,6094.985491212855
P40727,6196.946061152759
P40729,6331.868003940121
P40730,5965.501260585741
P40731,122876.0244746031
P40732,6090.577697849911
P40733,124380.27380836391
P40747,7147.263847291228
P40749,6014.146343269154
P40757,7097.899872513752
P40758,6340.934019658692
P40759,6474.654303132072
P40760,6381.260722027331
P40763,6523.085552865444
P40775,6011.090995722479
P40776,6098.005890096237
P40808,153116.9562106466
P40864,7260.9624670084495
P40880,7734.89177773438
P40881,7346.478215844132
P40890,6951.0962312010115
P40914,5852.536703900043
P40915,5846.935935876169
P40929,6130.643827346164
P40955,8543.305386006714
P40966,24957.59495876742
P40967,26816.184561457834
P40968,25848.343065621866
P40978,6097.318150976956
P41086,32207.41639254282
P41090,33322.63254992228
P41156,5892.370696212269
P41185,5928.221581399564
P41232,129214.96467617314
P41234,26007.323170427117
P41235,26151.517035394838
P41240,6122.079283052911
P41241,6088.499733810716
P41243,6156.781349707296
P41246,6242.440856530331
P41249,7189.390225340314
P41262,6386.929820756657
P41330,6290.383815110266
P41331,6039.1411343941745
P41334,26743.199579395925
P41335,25624.843456068942
P41336,6029.900867161967
P41338,6006.122433912103
P41340,7238.050058550014
P41343,6006.122433912103
P41344,6101.227450408401
P41345,7261.6630796795625
P41347,135137.47166868625
P41348,7277.9830551658415
P41354,6284.591390555637
P41356,147855.034322565
P41357,6011.972602394926
P41359,5978.996888663291
P41360,6030.545262370571
P41361,6213.636744965031
P41362,147250.11920246022
P41374,29485.36418383728
P41375,29415.03334683123
P41377,29485.36418383728
P41382,25636.427815255003
P41408,6013.744799976538
P41429,7054.999319532964
P41434,6673.28398945164
P41437,6014.146343269154
P41439,6160.042955544576
P41442,6139.522848650702
P41470,5892.892003968877
P41535,6176.541075574451
P41593,5707.721861998101
P41596,5747.069140762873
P41613,5765.052080584212
P41715,5650.107154274258
P41741,6649.439844089375
P41756,6649.439844089375
P41764,6111.771870509125
P41769,7210.600805419176
P41812,7812.414634962762
P41816,6649.439844089375
P41830,6219.709607172892
P41849,6121.45286821439
P41851,6150.985120983618
P41866,6013.408297026752
P41872,6627.551050103736
P41873,7234.473947987404
P41875,7332.612911201239
P41876,6122.740959452314
P41878,6196.407709130458
P41890,6597.296024187612
P41893,6588.4277989370285
P41925,6501.027298259999
P41926,6534.015951257502
P41929,6000.468018202823
P41930,5986.15332459212
P41932,6606.521602784189
P41935,6105.839981837449
P41937,6143.790172208615
P41939,6103.696534455452
P41940,6183.022790442325
P41941,6588.4277989370285
P41947,5977.933939686984
P41949,6037.7633877351145
P41950,6053.28732927133
P41951,6024.22406916433
P41953,7332.612911201239
P41963,7442.18274954428
P41965,6130.013134369848
P41967,6130.013134369848
P41968,6358.913742195582
P41971,6124.868802389488
P41973,6114.5063249722125
P41977,5786.901638326398
P42030,6539.394790073887
P42046,6033.568281211809
P42100,176495.7053072372
P42104,29170.793853463
P42235,155359.00731600364
P42300,6117.271753163449
P42329,6556.313744592543
P42354,6257.696696016723
P42418,5756.379260369571
P42430,5833.711687484272
P42432,173745.67219128762
P42434,5705.3922322786575
P42437,5856.096635348498
P42439,5740.480774926475
P42444,7421.306322552913
P42445,7450.68658196873
P42446,5752.4666297081685
P42448,8142.162428463464
P42458,5826.207000162253
P42459,5860.915756572099
P42460,7509.968865957741
P42461,5874.931019498875
P42463,6331.01845195175
P42470,8014.593895707842
P42480,5745.14648464399
P42488,6243.741959532531
P42489,5790.909558152488
P42491,10039.19015120634
P42493,5740.410739699242
P42503,5795.753265780662
P42508,5651.848881672337
P42514,5705.904227132048
P42521,6628.67751073989
P42523,5877.861091870732
P42528,5654.851403949259
P42530,5655.022492012031
P42531,7330.259375340082
P42533,5641.531754615309
P42536,5655.022492012031
P42537,5690.117282607132
P42538,5655.022492012031
P42545,6190.7064267471815
P42554,5867.115391731003
P42556,5817.7635457419865
P42558,5763.871153776948
P42559,5790.909558152488
P42560,5807.168616166873
P42562,5790.909558152488
P42570,5932.012345679521
P42575,5865.69155402989
P42578,5875.899486745019
P42586,6024.363403275809
P42706,5682.154072221166
P42721,28663.692123117115
P42793,7881.365897291755
P42794,6065.283756106216
P42796,147741.71462195736
P42822,6151.545901823733
P42824,6116.265730729058
P42855,6111.212518460802
P42869,5922.4417338909625
P43033,5788.656597403349
P43065,152101.90176469253
P43090,32288.171792419427
P43132,6950.178129042041
P43186,5634.429821238953
P43187,152101.90176469253
P43391,6103.406703922996
P43480,5927.713731281292
P43517,149279.14615336925
P43639,45430.70176884334
P43710,29877.030478703444
P43804,53405.59338472859
P43808,5752.986788189207
P43824,6641.480396447242
P43849,6771.32330374065
P43850,6777.360472147906
P43906,5935.137071763978
P43909,4725.17808606548
P43916,34786.044743795304
P43943,5820.273690482227
P43946,5548.640538180254
P43979,5847.810030247844
P43989,9626.519792116056
P44020,6737.837066944674
P44024,6716.879734174186
P44027,5918.126992243299
P01033,6194.211613914497
P01063,10412.807994489292
P01079,6270.842081041981
P01106,12880.897387790723
P01156,11420.863827748066
P01162,6361.2850683293145
P01197,5800.541238477824
P01206,6527.695858545768
P01239,6089.326443304884
P01303,8236.021861920342
P01314,12587.835884017228
P01315,10613.560908562702
P01332,10239.028607721735
P01379,6989.0381300424315
P01443,10807.816625879273
P01463,6785.009904144683
P01502,26257.841627022008
P01510,6885.134515433965
P01576,7086.00266590799
P01623,10767.563815794305
P01626,10181.165745285809
P01637,5872.235265733358
P01638,9130.598756864598
P01648,6936.308720365205
P01664,21379.506061040756
P01667,8388.106741506275
P01718,5959.478300999528
P01741,39374.2538781317
P01749,7574.309350471076
P01753,6953.290381874676
P01757,6559.214396993266
P01766,6322.0814392822995
P01770,6588.005494487622
P01776,6702.279308706771
P01812,9054.853146898398
P01816,5909.449881835028
P01841,26026.167934439192
P01844,8867.618767917966
P01859,6201.274508280278
P01860,73679.04516982067
P01879,6125.095196326664
P01889,5027.902685794946
P01918,22729.477926833984
P01923,10069.01965486587
P01934,5748.213597187929
P01962,8129.788717235729
P01981,21686.83638841425
P01999,6535.756485797082
P02025,6912.048289841794
P02037,6566.606773737805
P02040,7287.480029936778
P02053,5904.037912937512
P02075,26332.90263457269
P02077,10144.908046620634
P02095,61240.32460465038
P02124,11057.60814532934
P02152,22776.984969449662
P02159,12570.06859231779
P02165,25221.94660589695
P02178,10915.736486645179
P02206,5937.203333101148
P02228,8843.852056809406
P02232,16875.240809586314
P02241,6577.838128713362
P02284,28824.011363870934
P02285,27079.37130830275
P02408,6212.936567060789
P02423,6919.4860107646155
P02435,20665.70528247974
P02442,24535.445830859266
P02459,7056.622061898325
P02508,5938.146384169416
P02521,6789.96511908925
P02535,6402.063946429965
P02536,7009.173277816455
P02541,16024.842831262666
P02546,10904.000226538774
P02580,26781.571606485875
P02586,3753.115654974475
P02685,6661.629320397656
P02689,7353.174352617676
P02805,5649.791654473065
P02808,7034.419069137766
P02812,8226.888685300637
P02852,6464.530840347776
P02863,6649.5130308928565
P02886,73007.02109343742
P02887,101844.06188738382
P02888,3753.115654974475
P02913,6301.439092064874
P02921,6637.335873171323
P02923,5908.064156330531
P02978,70615.78150348914
P02982,6896.538236101085
P03028,6853.550576557501
P03068,6840.102062457354
P03070,7711.013951199777
P03157,7909.476328439012
P03178,26390.002765748537
P03201,6398.566192359446
P03213,7015.144164844501
P03225,4489.183601317679
P03332,25866.249710149605
P03337,7666.3539017227195
P03343,8334.02053281884
P03352,7464.547677845456
P03369,8246.358318061853
P03439,6369.095537431889
P03444,10412.807994489292
P03452,8366.035987261123
P03458,7068.176432588264
P03459,7880.005710750589
P03461,7977.590186741801
P03462,7075.375706220317
P03463,6335.216344060742
P03578,6848.667509719696
P03602,10310.882990826609
P03628,7434.385741861287
P03631,6901.4198202129965
P03654,7035.243052410364
P03675,6870.504463003442
P03684,8507.116875227042
P03696,8394.72160247338
P03724,8921.385215765544
P03751,7078.816651854346
P03772,7545.751243121576
P03786,10404.142981564593
P03808,7490.811651786748
P03809,8010.995259829138
P03815,10049.724651579003
P03908,6592.4253519797485
P03923,9242.980018430035
P03933,6739.889432053764
P03934,7166.634913035135
P03935,6523.619649011051
P03979,6652.623664629274
P04044,9054.853146898398
P04051,25380.76323877421
P04070,7404.974170538528
P04101,8832.607680305318
P04108,4408.797975821054
P04127,26781.926337748646
P04133,10767.563815794305
P04143,10966.470475809863
P04161,10907.790543208219
P04164,11273.06498445611
P04169,11389.745764498266
P04213,8400.852245626376
P04251,6888.991930274211
P04273,11514.82435742886
P04285,24963.790967576064
P04291,26575.272201629945
P04329,8441.172299972126
P04334,6632.648135769226
P04386,93779.47130938395
P04387,6776.046199391154
P04393,8238.776954148312
P04394,8199.799594910019
P04396,8155.670457623229
P04398,6661.567208879803
P04403,16387.005713950224
P04408,8372.141961939516
P04421,9149.371425859079
P04434,7452.84276595231
P04466,11052.277364171408
P04525,7072.34867288669
P04531,8192.070436045307
P04560,6440.600315543329
P04564,24117.355910446197
P04567,10035.565930737655
P04570,10466.835177638046
P04598,6041.491424749486
P04599,5892.20846231705
P04689,26065.831544551907
P04690,10041.78836161407
P04691,8263.34747267291
P04697,6548.785711725453
P04700,6518.979151991526
P04736,6781.936410229175
P04758,9085.817278873472
P04771,6661.672399977003
P04830,8076.82590701285
P04831,8500.68891691013
P04834,26879.30563352356
P04836,26879.30563352356
P04873,8228.595561560853
P04900,8129.788717235729
P04901,8162.189772171388
P04909,7859.28213540627
P04924,3699.7460331226607
P04960,25954.779240524942
P04964,7357.573284225968
P04966,7039.2032806467705
P04970,78605.203534074
P05039,6652.190715588461
P05049,8400.852245626376
P05059,5733.954086955554
P05081,10649.06913746876
P05097,8011.310566191618
P05098,8234.459110897165
P05099,8471.017397457617
P05107,6936.308720365205
P05109,25759.65285720977
P05112,7344.597669365941
P05113,7061.285935359554
P05114,6936.308720365205
P05136,23645.54970891425
P05138,25940.47738468158
P05141,8701.732224462556
P05142,25501.930708968735
P05143,25501.930708968735
P05148,7976.072723861477
P05149,7666.006843446237
P05156,6984.056455165208
P05258,6175.908713012069
P05283,5923.94220831189
P05284,6909.905217220272
P05286,5912.873556256612
P05288,21150.873794311243
P05291,6832.254363498976
P05292,6811.0298130746205
P05302,4120.8702782752125
P05362,11484.227458205953
P05392,8123.72951409894
P05394,8356.369942830097
P05408,5891.709827849353
P05441,6633.453712658845
P05443,8618.398654872017
P05455,6817.044767091448
P05460,6731.011142394263
P05537,5587.878906644939
P05556,26002.00493922773
P05558,26802.95535224948
P05704,6935.770210026322
P05705,7006.545327247901
P05712,6591.4529936312965
P05716,5801.101887995946
P05762,11484.227458205953
P05768,11410.771860180035
P05797,6920.089708189012
P05801,6897.620825914854
P05805,6161.048735836148
P05812,6687.547395626467
P05838,7187.2917079799145
P05864,24810.901611889956
P05907,28129.616418676695
P05944,7516.629766892283
P05949,44228.80971047907
P05951,8219.133995281225
P05968,10540.946547334883
P05977,10872.7200088318
P06069,8467.506327593735
P06079,8490.74312454493
P06086,8492.82043919541
P06087,7534.039553692769
P06088,7534.039553692769
P06145,33746.54066259103
P06151,6982.415996350223
P06159,11233.885056150613
P06170,25239.927819430046
P06171,7671.527683495821
P06187,7327.836806845476
P06201,7817.835187762089
P06230,26383.96978232451
P06236,7575.60408563562
P06273,6562.314828334005
P06343,25605.263619519133
P06344,26365.176346026168
P06352,6956.622330512335
P06376,94140.92719403455
P06378,26595.020405131538
P06379,8141.742638513259
P06380,26426.135587972563
P06383,86678.8074196008
P06385,8368.692541032313
P06386,8526.490525646173
P06387,8322.450047992439
P06388,8181.640024621777
P06399,8457.745992912402
P06402,27306.38656903608
P06403,91504.37021205785
P06404,19782.142201620405
P06405,19782.142201620405
P06408,24765.641301819895
P06411,8420.865834991078
P06413,8295.637751893502
P06416,8168.6399536847275
P06418,8384.205193479045
P06420,8401.22103684902
P06421,8384.205193479045
P06423,8439.904281379127
P06428,8295.637751893502
P06430,8168.6399536847275
P06447,8862.325425654017
P06448,9978.56043176938
P06573,10306.514815847213
P06870,9582.468506500118
P07133,26218.808915931848
P07139,25929.953896507966
P07154,96266.1206073482
P07158,94002.20601349653
P07159,26542.39878339646
P07160,91679.42339964755
P07257,36592.106318256585
P07259,36592.106318256585
P07293,26676.937499869116
P07294,26563.450388010337
P07298,8375.615800829559
P07299,8285.789474147965
P07506,9900.473650152055
P07544,86798.42527747231
P07546,91369.53408367459
P07547,8158.942424908486
P07555,85147.67902261033
P07556,7832.417010564264
P07559,87601.07977562507
P07568,26394.766040564053
P07573,83241.10090134374
P07576,26307.86193678342
P07578,27835.48611032702
P07580,8082.6302024636
P07583,8366.416519311839
P07589,89193.38783418364
P07590,94002.20601349653
P07595,28280.36386025218
P07598,8157.046561113187
P07599,82606.08188367117
P07600,82606.08188367117
P07601,94002.20601349653
P07617,8141.742638513259
P07619,91788.37925960813
P07623,87984.04292707122
P07625,91369.53408367459
P07627,26712.992394128705
P07633,26712.992394128705
P07640,7930.689966652399
P07641,28533.1533125532
P07645,100861.22597222765
P07646,101636.57634409225
P07655,8583.332716988598
P07656,28218.44509424804
P07657,8581.934876700749
P07683,82516.44829291325
P07684,78664.37618494972
P07692,7973.259395914245
P07694,7973.259395914245
P07696,8018.292207011014
P07698,8289.797172862925
P07702,8009.952169056687
P07708,84451.54800742326
P07709,89799.29255732118
P07776,7655.870180151412
P07777,7785.107060168523
P07778,8048.4910099009985
P07780,77949.84843098412
P07783,7853.189688770598
P07784,78181.65748082833
P07790,7817.810785478989
P07994,8181.214336710272
P07996,8122.239490534299
P07997,8033.709920730592
P07998,8033.709920730592
P08000,24148.708285429566
P08005,7782.976055781994
P08006,25475.523993781873
P08009,24841.81099854651
P08012,24070.88461048046
P08014,24841.81099854651
P08171,24291.358680271347
P08172,26164.89745294421
P08181,78040.41618956195
P08187,77121.11149019079
P08188,7879.798473962094
P08189,77927.81880469613
P08191,7817.7286566985285
P08194,7754.600736853356
P08196,7868.137824913268
P08200,92027.58792156538
P08201,85980.23001245921
P08203,7869.419414257743
P08217,9231.222696738283
P08222,8236.808459247244
P08225,8027.064055741074
P08241,85605.78103940548
P08242,8181.640024621777
P08243,8238.150091301239
P08281,36197.163819966605
P08320,8056.387205619899
P08322,92049.98869020469
P08338,78304.29661546204
P08340,82804.21358100386
P08344,7634.542335744674
P08346,8058.8735682062015
P08348,7854.546280975786
P08350,7634.542335744674
P08353,80560.51803764525
P08356,24916.107455023266
P08357,7854.546280975786
P08359,80066.59633015959
P08363,7878.472551614642
P08364,7664.969842261918
P08365,7821.358602958391
P08367,7933.354762872893
P08368,25529.94067131431
P08369,7818.555097476288
P08374,78304.29661546204
P08379,24320.687314388688
P08380,24320.687314388688
P08383,6981.9519902118955
P08387,23686.072771417545
P08388,24320.687314388688
P08390,24499.331705278186
P08392,25047.632969766364
P08396,7609.4034569355945
P08399,85012.06902540683
P08400,7854.546280975786
P08401,7641.584669801812
P08404,78726.4949246009
P08405,7668.268896784611
P08406,7957.592261284465
P08408,7854.546280975786
P08411,24448.006447282572
P08412,25165.327104909407
P08446,86367.81502312345
P08448,78726.4949246009
P08450,80560.51803764525
P08463,8123.034456336233
P08476,8010.810101525291
P08481,7996.233019048768
P08489,8008.188141558855
P08501,7459.471834480632
P08502,7253.958091201591
P08524,9436.939573276288
P08526,7837.881647226228
P08527,7808.046743725738
P08587,8624.935567162998
P08593,97318.02132728207
P08602,8401.22103684902
P08604,92441.008806982
P08609,29249.035491532533
P08615,101050.79203959105
P08616,91088.06827955038
P08617,111428.86608337835
P08620,82508.02559744209
P08624,8111.200162721773
P08625,8186.042492736596
P08626,26426.135587972563
P08633,8159.463774399054
P08639,8226.72739819686
P08641,100751.78446576645
P08644,81845.38854770236
P08648,84502.20538258702
P08650,7974.113398772375
P08655,7863.559939160873
P08656,82071.2792338601
P08657,8157.708670824619
P08659,7839.076249644271
P08660,8157.708670824619
P08749,7879.385223989261
P08785,7466.457450823621
P08789,7484.1154553302795
P08792,8118.8445274056785
P08793,77265.05987371257
P08796,8126.447547682629
P08797,8144.8276109437775
P08801,7484.1154553302795
P08803,7615.763064055542
P08804,8393.186765002041
P08805,7640.922950081069
P08807,7640.922950081069
P08809,7640.922950081069
P08810,7340.638545617612
P08812,8290.870230881568
P08815,7545.19920031569
P08816,7487.803257191407
P08817,8504.11461789818
P08820,8122.845050569126
P08821,7713.222848422253
P08822,7543.842827101769
P08828,8206.010171604124
P08829,7684.390306723507
P08830,7817.7286566985285
P08831,7868.137824913268
P08832,81544.13520143257
P08834,86801.52820843749
P08835,97730.99785371094
P08837,81932.44250415228
P08842,8339.267010650066
P08843,7469.379885950583
P08844,7284.886148876558
P08847,81932.44250415228
P08849,89181.55171123969
P08850,7662.213938665364
P08851,7876.488647535152
P08852,7869.119457445979
P08853,7986.5730774966505
P08856,8036.378376385351
P08859,8014.839278252871
P08998,8231.836726130747
P08999,7972.265671291616
P09002,7832.967986340175
P09004,7985.506489849835
P09009,8041.097240848963
P09030,7232.300057959263
P09031,7863.4205803782415
P09033,8047.290531550774
P09034,7466.457450823621
P09036,7491.922494338098
P09037,7388.48880125654
P09038,7203.038104245268
P09040,7096.101109830303
P09053,7433.856900441409
P09055,73068.76048261962
P09056,75387.44393191944
P09058,73276.10062152185
P09060,78271.57390809924
P09061,8337.29412217907
P09074,8051.500842611487
P09077,8280.821769060396
P09078,8280.821769060396
P09080,8231.870116946999
P09082,8521.378526819533
P09085,8543.672155308112
P09088,8127.201478738135
P09089,8379.178490842301
P09094,8215.919945263513
P09097,8215.919945263513
P09099,8380.543309669678
P09101,8386.224521609613
P09104,8136.861285589043
P09107,82761.33821970873
P09112,26595.020405131538
P09114,93513.95174986996
P09115,85096.6347035408
P09116,91733.3540212145
P09120,8396.184133676585
P09121,8290.664143031061
P09126,91369.53408367459
P09138,93570.04504848538
P09141,94002.20601349653
P09145,26426.135587972563
P09146,26339.128204658464
P09173,9670.78174140525
P09194,8753.23558773907
P09196,8278.11565461915
P09197,26712.992394128705
P09202,8643.228847072021
P09203,26762.843458320713
P09210,8735.506858521947
P09346,7709.424040468492
P09353,7892.460325161523
P09359,7709.424040468492
P09362,7833.677261801898
P09368,24952.700553025345
P09373,7609.4034569355945
P09375,8058.7928649538
P09377,7817.281790684873
P09378,7847.197617411934
P09379,7634.542335744674
P09382,8266.569647214652
P09384,7886.94427904428
P09385,7649.9067850231
P09386,7634.542335744674
P09388,8089.225516804568
P09389,7860.73846823754
P09390,7860.73846823754
P09391,80485.15478841003
P09393,26181.757486798688
P09395,25694.665738075422
P09396,25610.06660961743
P09398,80919.11162057197
P09399,7926.65649592107
P09400,82804.21358100386
P09401,25596.867641079334
P09449,24677.691572057658
P09450,23842.04571774599
P09452,23764.640769988193
P09453,7665.294215199998
P09454,7529.628212844315
P09455,25927.886895441676
P09457,7670.451063125635
P09458,7175.857397253348
P09460,7612.299096271992
P09461,7422.225269153909
P09464,7777.483344112267
P09465,7776.695549527087
P09473,24223.700115468215
P09474,23868.67548402959
P09477,25799.965220606657
P09479,24298.275858801164
P09482,24218.27413474508
P09484,75927.81613573077
P09487,7257.322396269199
P09488,7898.82868310037
P09489,85014.58358650198
P09493,8137.207396585555
P09495,7281.298271938558
P09496,8353.892394199906
P09500,7751.200726534272
P09501,8334.315636870037
P09505,7699.785129896026
P09506,7757.410984365774
P09507,7757.410984365774
P09509,8069.66557694497
P09510,7709.424040468492
P09519,7892.460325161523
P09522,8371.694700254353
P09524,7952.7311247810285
P09526,7459.471834480632
P09527,8352.802739166174
P09529,8137.207396585555
P09530,7484.1154553302795
P09533,7459.471834480632
P09534,8118.8445274056785
P09538,7916.693990762555
P09541,7281.298271938558
P09542,7281.298271938558
P09543,7989.873207654242
P09546,7257.322396269199
P09565,7529.628212844315
P09567,74923.14964275235
P09570,7325.475037495662
P09571,7654.915145998725
P09590,7529.281332615022
P09591,7637.095693364193
P09592,7917.195575257526
P09593,7771.8432995514895
P09595,86972.41014416669
P09596,24426.530758900357
P09597,24426.530758900357
P09602,23686.395959486606
P09603,7717.121733463122
P09604,7875.506095850353
P09606,7529.628212844315
P09609,7886.184218618707
P09612,23764.640769988193
P09614,24373.763799547363
P09615,8140.490943195149
P09616,25674.085674019352
P09617,24770.820934395808
P09620,24099.26395933506
P09621,8129.628273968945
P09624,7470.1365528560855
P09824,5942.320073589874
P09906,7837.755773263069
P09909,5972.52918702637
P09910,5915.820302616531
P09911,6534.534055309443
P09912,5841.549225681469
P09913,5915.820302616531
P09914,5915.820302616531
P09915,6032.9309940808025
P09916,6032.9309940808025
P09918,6130.308871697758
P09919,6032.9309940808025
P09920,5972.52918702637
P09928,5892.721711171827
P09992,5795.387450244408
P09997,6042.609569308624
P09998,5781.3177261800665
P10012,5871.758279543554
P10014,6137.095132515303
P10017,7576.796931689824
P10018,8501.884999749249
P10019,6095.781647866553
P10020,9420.820277046869
P10023,5797.978443441204
P10028,5822.661170668092
P10029,5822.661170668092
P10030,5822.661170668092
P10036,5822.661170668092
P10037,7358.505008765565
P10040,5797.978443441204
P10156,5951.895120263346
P10176,6063.2631173497275
P10213,35616.83333822436
P10215,35240.04609436583
P10216,35616.83333822436
P10220,35240.04609436583
P10221,35616.83333822436
P10366,6045.874760657167
P10393,6033.760550863032
P10394,6210.043701062759
P10404,6008.9913181077945
P10405,5997.539769999587
P10426,5800.155138791167
P10431,5997.539769999587
P10432,5997.539769999587
P10434,7140.995889941662
P10435,5986.366726352161
P10437,5997.539769999587
P10449,6920.718958569978
P10531,5956.919633192544
P10628,5997.539769999587
P10629,5833.858179829716
P10630,5778.33856844193
P10632,5795.338822418631
P10637,5753.579740098111
P10666,159634.06660782368
P10670,5997.539769999587
P10673,6011.725468713008
P10680,5777.5024261740045
P10681,5997.539769999587
P10682,5833.858179829716
P10684,5997.539769999587
P10685,5777.5024261740045
P10690,5844.023203693487
P10691,7433.460045279775
P10692,7710.277729079983
P10704,6011.725468713008
P10715,5777.5024261740045
P10734,34827.088477454854
P10735,7114.6516316924
P10736,6011.725468713008
P10744,36579.33147402978
P10745,35958.998491207676
P10767,7521.785892846525
P10775,5972.234486437331
P10777,5826.532640578907
P10778,5972.234486437331
P10780,6553.106150750353
P10782,5884.399077302398
P10783,7801.3158858765255
P10784,5979.813210067749
P10785,6390.28489109144
P10786,7662.02168042094
P10791,5912.433262487659
P10793,6465.670042942048
P10797,5965.637897713064
P11065,6038.109928140995
P11086,5822.661170668092
P11117,35595.86996812655
P11171,5863.1974622661355
P11233,7630.691354640815
P11236,7629.018547570982
P11241,5855.964465306209
P11246,5841.549225681469
P11248,5863.1974622661355
P11249,7777.306730782295
P11252,6116.6565485652
P11255,7610.239443419691
P11256,7777.306730782295
P11259,5874.99756244316
P11260,5843.427303068337
P11263,5854.411644224341
P11287,5841.549225681469
P11290,5867.970345094178
P11292,199083.38533039734
P11293,176745.63699920248
P11297,5855.964465306209
P11318,6195.275879800877
P11323,5874.99756244316
P11326,5841.549225681469
P11328,5841.549225681469
P11330,5841.549225681469
P11331,5841.549225681469
P11333,6117.047392051982
P11336,5841.549225681469
P11337,5846.304488963559
P11338,5886.186114004223
P11422,5947.654377646302
P11507,5972.52918702637
P11508,5841.549225681469
P11513,5841.549225681469
P11518,5980.957532710675
P11520,5841.549225681469
P11568,35523.6783858914
P11588,35588.00260224684
P11683,5951.895120263346
P11702,6182.42838724262
P11765,5949.118686103333
P11766,7322.336322279129
P11774,7555.873863271315
P11777,5827.765020254971
P11779,5852.574530838219
P11780,5972.833252014642
P11782,6390.28489109144
P11783,5859.583313994033
P11787,5852.574530838219
P11788,5859.583313994033
P11789,6007.022719679479
P11790,6290.670872573439
P11792,5829.634137033018
P11794,8862.849766997451
P11796,5884.399077302398
P11797,6250.463524460385
P11799,5852.574530838219
P11800,6223.650047670371
P11802,5884.399077302398
P11806,5884.399077302398
P11807,5852.574530838219
P11810,5852.574530838219
P11812,8350.889972380162
P11814,7808.252792540119
P11815,6049.1445716357775
P11824,5922.904813158678
P11825,5852.574530838219
P11828,7624.602392578242
P11829,6175.820832928686
P11830,5864.453012649093
P11846,5992.172752884761
P11847,5854.323085031899
P11854,5996.959216898796
P11865,5834.478950201612
P11868,5949.118686103333
P11870,5851.238224968179
P11871,5853.485695803452
P12023,37049.62143145534
P12101,34724.94014420872
P12102,34771.418585136445
P12104,5969.793384008416
P12107,34719.91606991303
P12108,34719.91606991303
P12109,37002.16476923176
P12116,7127.693013763845
P12136,35316.459696355916
P12171,6230.128947030289
P12180,5975.973722156432
P12212,5827.765020254971
P12213,5864.453012649093
P12214,5846.304488963559
P12215,5852.574530838219
P12216,7662.02168042094
P12218,5824.002489692112
P12230,6228.998826298559
P12233,7303.537656564202
P12236,5852.574530838219
P12237,5827.765020254971
P12238,5852.574530838219
P12240,5852.574530838219
P12242,6711.264793998506
P12243,5827.765020254971
P12244,192555.8645098105
P12318,181568.80556601577
P12382,6031.8521633015835
P12439,5853.305764678634
P12440,173366.0100730981
P12444,5865.206825435386
P12445,184555.02813952888
P12450,5855.964465306209
P12453,8224.098284950307
P12459,5897.676074572989
P12462,7642.468098212489
P12463,5863.1974622661355
P12466,5841.549225681469
P12469,5855.964465306209
P12473,5855.964465306209
P12478,5855.964465306209
P12482,6195.275879800877
P12488,5903.89716258033
P12498,5874.4994843236545
P12510,5879.341055953163
P12513,5797.978443441204
P12520,5855.964465306209
P12522,5855.964465306209
P12523,5855.964465306209
P12531,7305.908293354955
P12534,6232.113312559169
P12535,6098.221039612751
P12537,7439.045527826396
P12540,6214.748019454174
P12542,6232.113312559169
P12553,5855.964465306209
P12555,5855.964465306209
P12557,5866.288626340752
P12564,6130.308871697758
P12566,5866.288626340752
P12571,5863.1974622661355
P12572,5841.549225681469
P12573,5822.661170668092
P12575,5822.661170668092
P12576,5852.574530838219
P12577,5846.304488963559
P12578,5852.574530838219
P12647,5963.873700318746
P12650,5777.5024261740045
P12671,166003.39994401688
P12719,5893.734905943994
P12784,5641.944156678678
P12828,5770.179185344996
P12926,5958.879910757311
P13011,6625.179985050695
P13013,5899.418767490226
P13041,36221.5483690252
P13050,5890.632724088729
P13055,6110.704586089174
P13059,5867.99546461943
P13094,5549.5121261611785
P13097,5958.824978005783
P13098,5927.445829711244
P13193,140658.2375226391
P13222,5909.373186773513
P13227,6168.0386536586475
P13459,5909.373186773513
P13531,35835.5791263218
P13647,5843.427303068337
P13654,6099.1492688521375
P13664,5829.634137033018
P13666,5797.978443441204
P13667,5822.661170668092
P13668,5822.661170668092
P13670,5959.916144446126
P13672,5859.583313994033
P13673,6075.972729543526
P13674,5822.661170668092
P13686,6117.047392051982
P13687,5841.549225681469
P13688,5841.549225681469
P13689,5871.064025073831
P13690,5958.502281861576
P13692,5863.1974622661355
P13695,5841.549225681469
P13697,6117.047392051982
P13782,37548.65458427503
P13792,35222.885773704154
P13867,6200.0298085863205
P13868,6098.221039612751
P13889,7134.28429462251
P13890,5777.5024261740045
P13901,6111.441711256617
P13909,6343.736286054794
P13910,6098.221039612751
P13915,5925.116595723525
P13932,5895.800928960764
P13933,5837.010641911752
P13934,5837.010641911752
P13948,5969.858114113789
P14010,162766.21959474354
P14011,173680.24112611916
P14012,6500.123734022762
P14014,198612.20155370169
P14018,7357.053494837887
P14020,5877.3606165028195
P14021,5886.186114004223
P14025,6130.308871697758
P14026,6130.308871697758
P14027,5846.304488963559
P14029,6024.600729559745
P14030,6130.308871697758
P14089,5936.67627408282
P14092,5925.492561891427
P14123,153102.81271544832
P14142,5925.492561891427
P14410,6035.971465899312
P14411,5852.574530838219
P14414,5891.600146904555
P14682,9194.087225265363
P14684,6346.151726707384
P14737,36017.532425058926
P14745,5855.964465306209
P14785,5887.862304521456
P14813,6107.872713388947
P14816,5841.549225681469
P14821,5909.482515189926
P14840,6111.441711256617
P14853,6111.441711256617
P14854,6258.521719402391
P14856,6258.521719402391
P14876,6161.622111062637
P14878,6111.441711256617
P14880,6214.748019454174
P14887,6098.221039612751
P14890,6111.441711256617
P14893,6262.640094572853
P14898,6098.221039612751
P14906,6200.772603671909
P14920,6130.308871697758
P14921,5841.549225681469
P14922,5866.288626340752
P14925,5961.277945276093
P14927,6109.730702703756
P14929,6098.221039612751
P15034,5852.574530838219
P15035,5852.574530838219
P15037,5883.759450233928
P15038,5852.574530838219
P15040,5852.574530838219
P15050,5797.978443441204
P15051,5878.606570166781
P15175,5841.549225681469
P15176,5841.549225681469
P15177,5841.549225681469
P15183,5972.52918702637
P15188,7103.957883905967
P15191,6024.600729559745
P15192,5841.549225681469
P15196,5841.549225681469
P15197,5841.549225681469
P15203,5852.574530838219
P15204,5852.574530838219
P15205,5864.453012649093
P15206,5859.583313994033
P15209,5852.574530838219
P15210,5852.574530838219
P15213,6106.877967649973
P15216,174816.5657671762
P15218,7945.473497549072
P15221,176745.63699920248
P15222,5841.549225681469
P15226,5841.549225681469
P15228,5841.549225681469
P15229,5841.549225681469
P15233,5841.549225681469
P15235,5863.1974622661355
P15240,5841.549225681469
P15313,5908.377153172595
P15314,5865.206825435386
P15320,5855.964465306209
P15324,7610.239443419691
P15326,5841.549225681469
P15333,6217.619631219028
P15335,5980.104303490398
P15337,6116.6565485652
P15338,178157.00043023404
P15355,5841.549225681469
P15377,6159.722743672665
P15414,5772.735279578133
P15446,35616.83333822436
P15551,7620.843203523808
P15707,5799.987763354487
P15708,5834.5353158033795
P15709,5983.9306282079615
P15722,35616.83333822436
P15723,34971.20695851652
P15724,35240.04609436583
P15798,44092.22951660025
P15824,5847.386135040051
P15856,5795.338822418631
P15858,5997.539769999587
P15859,7371.847266262552
P15886,6147.616415550362
P15890,6111.441711256617
P15891,6291.992142074195
P15897,6259.462656746602
P15898,6098.221039612751
P15907,6200.0298085863205
P15909,6244.76198094432
P15910,6227.361448975068
P15924,5852.784105150649
P15925,5979.681598006399
P15926,5852.574530838219
P15927,5859.583313994033
P15970,6087.099112818177
P16070,5926.754403727206
P16090,6371.964752643423
P16097,6105.190156505889
P16158,5865.206825435386
P16161,5852.574530838219
P16162,5881.298371788981
P16163,5863.786031999976
P16164,5852.574530838219
P16169,5852.574530838219
P16170,5852.574530838219
P16171,6116.6565485652
P16173,5852.574530838219
P16175,5852.574530838219
P16176,5859.583313994033
P16177,5859.583313994033
P16178,6160.821682449628
P16179,5859.583313994033
P16181,5881.298371788981
P16183,5852.574530838219
P16185,5852.574530838219
P16186,5852.574530838219
P16187,5837.096747360241
P16188,5852.574530838219
P16190,5852.574530838219
P16193,5863.1974622661355
P16314,5825.429449285305
P16315,5841.0854562627155
P16392,6092.379522749604
P16415,7289.627528654883
P16491,177400.5314409101
P16493,178613.38912210613
P16494,177400.5314409101
P16495,177400.5314409101
P16496,5866.288626340752
P16498,5904.675872994882
P16500,5863.1974622661355
P16501,6085.9401217609
P16503,5841.549225681469
P16504,6106.877967649973
P16506,5841.549225681469
P16507,5841.549225681469
P16516,5846.304488963559
P16517,5841.549225681469
P16519,5827.765020254971
P16520,5841.549225681469
P16521,5841.549225681469
P16522,5841.549225681469
P16524,5888.354716072461
P16525,5841.549225681469
P16526,5897.676074572989
P16528,5841.549225681469
P16529,6119.272499736228
P16530,6130.308871697758
P16534,178772.22299452714
P16540,5843.427303068337
P16542,5841.549225681469
P16544,5853.305764678634
P16545,5846.304488963559
P16546,5979.681598006399
P16548,5841.549225681469
P16550,6698.6221314242275
P16552,6189.2097098860495
P16558,176745.63699920248
P16565,5841.549225681469
P16566,5889.289395967917
P16569,5841.549225681469
P16570,5841.549225681469
P16571,176745.63699920248
P16573,5841.549225681469
P16574,5841.549225681469
P16611,5792.047733562191
P16643,5879.580434729858
P16660,7842.1311045428
P16661,5852.574530838219
P16687,37516.78656525402
P16734,6013.287972186028
P16735,6013.287972186028
P16736,6013.287972186028
P16744,6025.714901134279
P16750,5863.1974622661355
P16751,5841.549225681469
P16752,5841.549225681469
P16753,5866.288626340752
P16756,5841.549225681469
P16757,6222.190451388712
P16758,5841.549225681469
P16762,6208.613601927166
P16763,5841.549225681469
P16787,5863.1974622661355
P16788,6192.67993710645
P16789,5841.549225681469
P16832,6111.441711256617
P16834,6355.027297155004
P16867,187928.88937194683
P16893,5866.288626340752
P17133,5866.288626340752
P17136,5841.549225681469
P17137,6103.185208631909
P17147,5995.104016776667
P17148,5878.954954429273
P17149,6200.954563057128
P17150,5865.206825435386
P17154,5866.288626340752
P17246,5841.549225681469
P17248,5841.549225681469
P17249,5841.549225681469
P17255,5904.675872994882
P17256,6086.057870655963
P17257,5863.1974622661355
P17258,6019.554195201673
P17261,5961.277945276093
P17262,6019.25940038039
P17264,5859.583313994033
P17265,6107.187229954107
P17278,5841.549225681469
P17287,6412.994761253171
P17306,6103.185208631909
P17308,5834.478950201612
P17309,5874.141228600456
P17313,5808.861504107385
P17314,5763.604909276392
P17315,5971.841878325627
P17317,5770.507164569326
P17319,5927.997130696472
P17323,5971.841878325627
P17324,5878.094559589464
P17325,6609.243771561928
P17415,5940.5932039184345
P17422,5841.549225681469
P17424,6372.9235295624185
P17442,5855.964465306209
P17444,5848.960010000438
P17447,6130.308871697758
P17448,6158.741590799138
P17479,5980.957532710675
P17482,5841.549225681469
P17483,5841.549225681469
P17486,6250.640219954041
P17501,5970.59571965484
P17502,6130.308871697758
P17503,5863.1974622661355
P17504,6106.877967649973
P17508,6031.8521633015835
P17518,5841.549225681469
P17521,5897.676074572989
P17523,5866.288626340752
P17527,7692.476153698604
P17530,5919.532276423608
P17539,5961.277945276093
P17540,8209.094515489645
P17542,5866.288626340752
P17562,35271.685113246516
P17660,5995.561430613135
P17829,5825.429449285305
P17855,5778.33856844193
P17856,5990.395572894031
P17857,5844.023203693487
P17927,6014.908934291983
P17934,5889.613777800401
P17964,7617.881632213369
P17974,5867.99546461943
P17993,5883.765849336914
P18049,6232.113312559169
P18051,6035.377674082701
P18053,6244.76198094432
P18054,6041.863155643502
P18061,6156.813623846631
P18063,5904.675872994882
P18065,7200.274635539271
P18123,6013.287972186028
P18127,6322.225489700739
P18128,63331.420148792495
P18156,6130.308871697758
P18157,5841.549225681469
P18159,5841.549225681469
P18161,5904.675872994882
P18191,5863.1974622661355
P18194,7103.957883905967
P18195,5902.2822075657305
P18211,5904.675872994882
P18217,7410.300283478095
P18225,5909.482515189926
P18227,5841.549225681469
P18231,5841.549225681469
P18253,5866.288626340752
P18258,5841.549225681469
P18259,6186.591394051895
P18261,7289.7794381852755
P18262,5863.1974622661355
P18279,5866.288626340752
P18281,5866.288626340752
P18296,6180.136743201973
P18300,6004.419994429647
P18434,6006.614988713776
P18460,6256.704901212048
P18519,7548.16772608116
P18522,5841.549225681469
P18557,5841.549225681469
P18558,5841.549225681469
P18650,7810.242807010407
P18651,6122.976322693561
P18654,5866.288626340752
P18655,5878.954954429273
P18656,5961.277945276093
P18731,6111.441711256617
P18735,6214.748019454174
P18739,6246.784217138366
P18749,6200.0298085863205
P18752,6187.471730014875
P18755,6188.479601474777
P18769,6187.471730014875
P18771,6187.471730014875
P18796,5997.539769999587
P19035,6081.298581073384
P19037,5852.574530838219
P19038,5922.904813158678
P19041,5852.574530838219
P19052,35876.88501184615
P19124,5868.694486434156
P19250,5823.63850977588
P19252,5823.63850977588
P19253,5823.63850977588
P19265,5870.202244019004
P19282,5702.008148786445
P19573,5863.1974622661355
P19574,5841.549225681469
P19590,7407.256941293454
P19599,5869.595626182708
P19630,5907.753465029573
P19680,145523.64114637798
P19684,173002.03977688908
P19685,5904.675872994882
P19686,6698.6221314242275
P19696,6103.185208631909
P19697,123955.22666106554
P19699,5863.1974622661355
P19701,177400.5314409101
P19703,5863.1974622661355
P19715,5947.2774600208795
P19720,6203.040554497345
P19773,6208.613601927166
P19812,6238.912581807828
P19813,6130.308871697758
P19814,6025.714901134279
P19851,5961.277945276093
P19856,6085.9401217609
P19860,5841.549225681469
P19861,176745.63699920248
P19864,5841.549225681469
P19865,6238.912581807828
P19866,5841.549225681469
P19867,5841.549225681469
P19868,5841.549225681469
P19891,5909.482515189926
P19894,6024.145826378049
P19897,5841.549225681469
P19899,5902.2822075657305
P19905,5841.549225681469
P19906,7103.957883905967
P19907,6025.714901134279
P19908,6119.272499736228
P19911,5841.549225681469
P19913,5841.549225681469
P19915,5841.549225681469
P19916,5841.549225681469
P19920,5984.651089194181
P19925,5857.248547579958
P19926,6119.272499736228
P19928,5897.676074572989
P19938,6111.441711256617
P19941,8469.326120387497
P19954,6244.76198094432
P19955,6103.611017081028
P19979,8052.348467513897
P20002,6214.748019454174
P20004,6111.441711256617
P20007,6200.0298085863205
P20010,6098.221039612751
P20022,6187.471730014875
P20026,6035.377674082701
P20036,7394.953431914804
P20040,6255.6236928633225
P20041,6200.0298085863205
P20042,6030.527168612408
P20047,6232.113312559169
P20048,6233.128454469511
P20049,6214.748019454174
P20050,6116.416640608636
P20053,6232.113312559169
P20066,6244.76198094432
P20068,6233.128454469511
P20129,5859.22294651481
P20136,5841.549225681469
P20141,5872.473724924087
P20142,5863.1974622661355
P20144,5977.389251032859
P20212,5841.549225681469
P20213,5841.549225681469
P20215,5841.549225681469
P20218,5841.549225681469
P20219,5841.549225681469
P20220,5841.549225681469
P20221,5841.549225681469
P20243,6125.4335721093385
P20244,5852.574530838219
P20247,5863.1974622661355
P20251,5972.52918702637
P20260,5852.574530838219
P20267,6116.6565485652
P20269,5852.574530838219
P20270,5990.534517724927
P20272,5866.288626340752
P20274,5857.248547579958
P20307,176745.63699920248
P20311,5863.1974622661355
P20312,5909.482515189926
P20315,5841.549225681469
P20318,7289.7794381852755
P20368,5761.860352981348
P20387,5823.63850977588
P20436,7289.627528654883
P20527,6133.155554276797
P20546,6116.71297081522
P20665,5824.002489692112
P20666,6372.874344689112
P20695,5854.9953890283105
P20725,5983.06942108062
P20726,5871.082908490192
P20766,5909.373186773513
P20786,5836.866724847114
P20848,5931.603920649331
P20849,6323.198095256784
P20855,5866.288626340752
P21016,5966.015978763125
P21021,5958.879910757311
P21059,34959.9688152988
P21112,6057.615421893293
P21118,6424.189420380516
P21123,6191.44873709724
P21145,6122.31933391886
P21150,5863.1974622661355
P21151,6046.927221835561
P21160,5866.288626340752
P21168,6122.976322693561
P21169,5947.2774600208795
P21172,6014.363483205335
P21174,6222.190451388712
P21179,6109.730702703756
P21183,5841.549225681469
P21185,6726.990679086018
P21186,7642.468098212489
P21193,6122.976322693561
P21231,5824.21104104569
P21243,6024.637360549323
P21247,6013.287972186028
P21249,5824.002489692112
P21253,5866.288626340752
P21256,6122.976322693561
P21283,7810.242807010407
P21308,5866.288626340752
P21364,35077.37958996965
P21379,5795.338822418631
P21381,5782.205561629307
P21384,5795.338822418631
P21388,5927.997130696472
P21392,6016.0021671226505
P21393,151210.38460958502
P21680,6047.4249798402725
P21715,5896.211933305404
P21921,7007.763762061187
P21930,5731.866533241552
P21959,5863.1974622661355
P21960,7103.957883905967
P21961,5863.1974622661355
P21962,7103.957883905967
P21963,176745.63699920248
P21979,5859.583313994033
P21988,5841.549225681469
P21989,5863.1974622661355
P21990,7861.3485431355875
P21991,7789.915283021158
P21992,6035.971465899312
P21993,6048.222109565439
P22000,6046.927221835561
P22001,5956.895772182813
P22003,6175.820832928686
P22004,5863.1974622661355
P22005,5841.549225681469
P22006,5841.549225681469
P22007,5843.427303068337
P22009,5841.549225681469
P22013,5841.549225681469
P22066,5897.676074572989
P22067,5944.931205109917
P22070,6175.820832928686
P22103,6098.221039612751
P22104,6187.471730014875
P22109,6030.527168612408
P22117,6232.113312559169
P22119,6244.76198094432
P22122,6233.128454469511
P22124,6098.221039612751
P22126,6187.471730014875
P22128,6200.0298085863205
P22139,6232.113312559169
P22141,6232.113312559169
P22143,8060.881604511931
P22145,8060.881604511931
P22148,6111.441711256617
P22149,5988.534933309846
P22161,6232.113312559169
P22163,6259.462656746602
P22164,6188.479601474777
P22168,6192.106778807613
P22193,6265.9831127742345
P22202,5961.277945276093
P22205,6111.441711256617
P22227,6014.363483205335
P22259,6444.057592028951
P22264,6422.655716559396
P22265,6468.993838379702
P22289,6187.471730014875
P22291,6244.76198094432
P22293,6098.221039612751
P22315,7628.980732887
P22318,7628.980732887
P22321,6293.017036014751
P22323,6287.194629387445
P22324,6170.161300777213
P22327,6281.973956258968
P22331,6259.600425725236
P22334,5952.11877573851
P22338,7610.239443419691
P22339,204738.070489008
P22342,7493.942550875526
P22343,178443.56566077567
P22346,5897.676074572989
P22350,5897.676074572989
P22351,6027.962262520247
P22352,5897.676074572989
P22354,5897.676074572989
P22355,5897.676074572989
P22356,5897.676074572989
P22357,7610.239443419691
P22358,7628.911793736262
P22359,5897.676074572989
P22360,5897.676074572989
P22361,5970.985353586081
P22364,5863.1974622661355
P22368,5841.549225681469
P22369,5841.549225681469
P22372,5952.11877573851
P22373,5841.549225681469
P22375,5863.1974622661355
P22380,7324.868053230864
P22383,5841.549225681469
P22384,7307.665616745633
P22388,5841.549225681469
P22389,5863.1974622661355
P22390,5841.549225681469
P22391,5863.1974622661355
P22392,5863.1974622661355
P22393,5841.549225681469
P22394,5866.288626340752
P22395,6025.714901134279
P22401,5863.1974622661355
P22403,6130.308871697758
P22437,5935.441144013354
P22443,6214.748019454174
P22452,7091.653685908008
P22455,5866.288626340752
P22457,5866.288626340752
P22458,6222.190451388712
P22460,5904.675872994882
P22467,6119.272499736228
P22468,5841.549225681469
P22470,6161.825481495125
P22471,6004.419994429647
P22472,5961.409152343029
P22480,5961.409152343029
P22484,5919.532276423608
P22485,5897.676074572989
P22488,5961.409152343029
P22489,5922.6531359774035
P22491,180753.35589622715
P22521,5913.52621308146
P22540,7610.239443419691
P22543,5841.549225681469
P22555,5919.532276423608
P22557,5919.532276423608
P22564,7103.957883905967
P22654,6200.954563057128
P22655,5855.964465306209
P22659,7806.127476287678
P22660,5919.532276423608
P22661,5919.532276423608
P22675,175031.47211736738
P22682,5871.702521921064
P22689,7638.4411591107455
P22698,6611.4303576190705
P23013,5924.164753321214
P23099,5852.574530838219
P23100,5852.574530838219
P23104,5965.637897713064
P23107,5852.574530838219
P23110,5881.298371788981
P23327,5857.36740322884
P23329,5956.1015440946385
P23346,6170.161300777213
P23351,6173.360082342299
P23361,6111.441711256617
P23364,6023.255500697912
P23366,7564.701764587722
P23367,6382.400697474058
P23376,6293.017036014751
P23385,6014.363483205335
P23387,6942.1434408715
P23390,6187.471730014875
P23396,6114.610055902078
P23399,6111.441711256617
P23408,6259.462656746602
P23418,6089.122963871921
P23456,5950.388100433754
P23545,6142.074681280259
P23549,5872.473724924087
P23560,6006.614988713776
P23750,7610.239443419691
P23757,5863.1974622661355
P23758,6122.131023759003
P23759,5841.549225681469
P23783,6451.142003865285
P23784,5922.6531359774035
P23785,5919.532276423608
P23797,5959.24674829274
P23800,5863.1974622661355
P23802,5904.675872994882
P23806,5841.549225681469
P23807,5866.288626340752
P23808,6122.31933391886
P23814,5863.1974622661355
P23819,6089.266509984866
P23820,6287.548562971314
P23822,7966.826205173242
P23857,5863.1974622661355
P23864,5866.288626340752
P23865,5878.954954429273
P23866,5868.258865150253
P23883,5863.1974622661355
P23884,5863.1974622661355
P23886,5841.549225681469
P23890,5866.288626340752
P23904,5863.1974622661355
P23905,7103.957883905967
P23910,5863.1974622661355
P23911,5863.1974622661355
P23913,5841.549225681469
P23962,5897.676074572989
P23965,5841.549225681469
P23966,5841.549225681469
P23967,5841.549225681469
P23972,6232.113312559169
P23978,6222.190451388712
P23982,6122.976322693561
P23983,6121.322235746818
P23984,5904.675872994882
P23986,5866.288626340752
P23993,6111.441711256617
P24000,6114.610055902078
P24002,6111.441711256617
P24012,6244.76198094432
P24014,6147.616415550362
P24027,6440.446446631345
P24030,6427.401485860713
P24196,6099.320758571338
P24197,6110.704586089174
P24213,6188.843587218124
P24214,6314.588423135127
P24216,6151.221992636482
P24278,5804.759235785659
P24530,5927.445829711244
P24539,6159.997186426895
P24750,5878.954954429273
P24754,5961.277945276093
P24757,5866.288626340752
P24759,5961.277945276093
P24760,5863.1974622661355
P24764,5857.248547579958
P24765,5863.1974622661355
P24766,7320.651153026273
P24768,5866.288626340752
P24769,5866.288626340752
P24776,6106.877967649973
P24792,6076.006707464893
P24795,5897.676074572989
P24807,7348.186906185181
P24809,7289.7794381852755
P24810,5841.549225681469
P24813,7289.7794381852755
P24819,176745.63699920248
P24823,5841.549225681469
P24826,5863.1974622661355
P24837,5841.549225681469
P24838,5841.549225681469
P24839,5841.549225681469
P24842,5841.549225681469
P24843,7510.188588494304
P24844,5897.676074572989
P24891,7382.374312181932
P24893,5841.549225681469
P24894,5863.1974622661355
P24896,5863.1974622661355
P24897,7382.374312181932
P24899,5841.549225681469
P24901,5841.549225681469
P24902,5863.1974622661355
P24905,5841.549225681469
P24907,7382.374312181932
P24908,5841.549225681469
P24909,6130.308871697758
P24919,186970.1593795061
P24921,5865.206825435386
P24923,5863.1974622661355
P24934,6170.161300777213
P24945,7487.075285418519
P24948,5866.288626340752
P24949,180348.6133667829
P24951,5866.288626340752
P24952,6098.221039612751
P24953,5947.2774600208795
P24954,5857.248547579958
P24956,5857.248547579958
P24961,5841.549225681469
P24962,5841.549225681469
P25145,5787.624566974504
P25149,5971.841878325627
P25150,5922.505394909188
P25151,5753.579740098111
P25152,5752.747179884199
P25153,5752.747179884199
P25155,5752.747179884199
P25156,5764.325028950978
P25157,5971.841878325627
P25158,7106.0376620199195
P25159,7097.538220379979
P25160,5960.7167002715505
P25163,5822.661170668092
P25164,7565.573219974782
P25166,5797.978443441204
P25167,5822.661170668092
P25168,6097.744591982359
P25188,8449.960536468556
P25190,5921.560942677626
P25192,5912.2297951834935
P25194,7610.239443419691
P25196,5922.6531359774035
P25211,5947.2774600208795
P25214,5863.1974622661355
P25216,6122.131023759003
P25217,5904.675872994882
P25235,5863.1974622661355
P25237,5863.1974622661355
P25241,5913.52621308146
P25242,7791.984947772357
P25244,7664.821538420687
P25246,5897.676074572989
P25252,5995.104016776667
P25253,6981.044927463057
P25254,6130.308871697758
P25255,5863.1974622661355
P25256,5947.2774600208795
P25259,6133.746079149595
P25264,5947.2774600208795
P25266,5841.549225681469
P25267,5841.549225681469
P25268,5841.549225681469
P25270,5841.549225681469
P25271,5863.1974622661355
P25272,5841.549225681469
P25379,5857.248547579958
P25380,5863.1974622661355
P25383,5863.1974622661355
P25410,7692.476153698604
P25411,5913.52621308146
P25412,7630.691354640815
P25413,8213.992529933652
P25414,5878.954954429273
P25416,5866.288626340752
P25417,5947.2774600208795
P25421,5855.964465306209
P25427,5863.1974622661355
P25428,5857.248547579958
P25429,5855.964465306209
P25432,5870.852871957258
P25433,5841.549225681469
P25435,5866.288626340752
P25436,5863.1974622661355
P25439,5866.288626340752
P25441,5863.1974622661355
P25443,5857.248547579958
P25445,5904.675872994882
P25453,6565.000390730371
P25454,5878.954954429273
P25462,5947.2774600208795
P25463,5904.675872994882
P25464,5977.389251032859
P25465,7320.651153026273
P25470,6180.136743201973
P25476,8219.471850102464
P25478,7035.382641742408
P25479,6973.962016310115
P25674,5867.99546461943
P25676,6098.327405400362
P25725,5867.99546461943
P25742,5879.805219469372
P25921,5918.903702285878
P25923,5925.99190473961
P25925,5925.99190473961
P25947,6122.976322693561
P25985,6203.040554497345
P25986,6302.411779133425
P25987,6127.866252377976
P25989,6111.441711256617
P25990,6103.185208631909
P25993,6111.441711256617
P25994,6896.44723613117
P25995,7228.26811544741
P25999,6896.44723613117
P26116,5774.955668294824
P26132,7777.306730782295
P26134,5897.676074572989
P26135,6161.825481495125
P26136,7777.306730782295
P26137,5841.549225681469
P26167,6281.973956258968
P26168,6281.973956258968
P26169,5913.52621308146
P26172,5919.532276423608
P26178,5841.549225681469
P26181,6189.2097098860495
P26182,5897.676074572989
P26196,6013.287972186028
P26373,5852.574530838219
P26377,5852.574530838219
P26378,5852.574530838219
P26392,5852.574530838219
P26394,5852.574530838219
P26398,5852.574530838219
P26399,5827.765020254971
P26407,5863.1974622661355
P26408,5863.1974622661355
P26413,5961.277945276093
P26414,5878.954954429273
P26415,6024.145826378049
P26420,5979.681598006399
P26423,5979.681598006399
P26429,5846.304488963559
P26431,5852.574530838219
P26433,5852.574530838219
P26446,5867.99546461943
P26479,170718.88310069274
P26610,5841.549225681469
P26611,5841.549225681469
P26612,5841.549225681469
P26616,5841.549225681469
P26617,6106.877967649973
P26621,5972.52918702637
P26622,5841.549225681469
P26623,5841.549225681469
P26624,5841.549225681469
P26625,5841.549225681469
P26626,6130.308871697758
P26627,5863.1974622661355
P26628,5841.549225681469
P26629,6032.9309940808025
P26631,5841.549225681469
P26632,5841.549225681469
P26633,7610.239443419691
P26634,5841.549225681469
P26637,5841.549225681469
P26638,5853.305764678634
P26643,5897.676074572989
P26644,5919.532276423608
P26645,5897.676074572989
P26646,178443.56566077567
P26648,178443.56566077567
P26651,5897.676074572989
P26652,7675.059751946347
P26654,5897.676074572989
P26655,7777.306730782295
P26659,6189.2097098860495
P26662,5897.676074572989
P26663,5897.676074572989
P26667,6029.914303878373
P26671,5841.549225681469
P26675,5841.549225681469
P26677,5841.549225681469
P26678,7289.7794381852755
P26680,7322.749730211449
P26681,5841.549225681469
P26685,5841.549225681469
P26687,5853.305764678634
P26689,7824.0543540154395
P26694,6024.600729559745
P26697,164920.0607445521
P26698,5958.502281861576
P26699,7493.539417668367
P26700,5863.1974622661355
P26704,6050.115234427961
P26707,5841.549225681469
P26708,175532.8300099882
P26711,177400.5314409101
P26712,5904.675872994882
P26714,6208.613601927166
P26715,6208.613601927166
P26718,6302.772606836578
P26719,177400.5314409101
P26720,182215.6806623573
P26721,178422.35638585678
P26722,182958.65613377996
P26723,182958.65613377996
P26724,170132.05881325112
P26728,5874.4994843236545
P26809,5717.809643695285
P26858,5841.549225681469
P26859,6106.877967649973
P26860,178443.56566077567
P26892,5932.271004422648
P27251,6035.971465899312
P27253,6075.031229964925
P27257,5908.807295078094
P27261,5965.637897713064
P27263,5827.765020254971
P27264,5827.765020254971
P27265,5859.583313994033
P27266,5864.453012649093
P27267,5852.574530838219
P27271,5852.574530838219
P27277,5852.574530838219
P27279,5827.765020254971
P27280,5864.453012649093
P27281,8547.342743046354
P27282,5979.813210067749
P27283,5908.807295078094
P27285,5937.807073572267
P27286,6119.582389617001
P27287,6091.036209942294
P27288,6107.187229954107
P27289,6175.426234777213
P27446,6200.2604058408015
P27667,5859.583313994033
P27668,5852.574530838219
P27671,6200.0298085863205
P27672,7439.045527826396
P27675,6200.0298085863205
P27676,6187.471730014875
P27680,6187.471730014875
P27682,6233.128454469511
P27685,203332.91492749617
P27688,6098.221039612751
P27693,6170.161300777213
P27695,148446.42668731362
P27703,8237.840521744358
P27704,6170.161300777213
P27705,6293.017036014751
P27707,8254.559351711361
P27708,6246.921707112752
P27711,6156.813623846631
P27716,6274.460028092826
P27718,6170.161300777213
P27724,6156.813623846631
P27728,6173.360082342299
P27738,6232.113312559169
P27740,6098.221039612751
P27741,6232.113312559169
P27748,7230.321158909112
P27972,5936.973781814662
P28235,8012.729072602803
P28237,203476.31739073698
P28243,7205.794536473349
P28245,7114.823100668312
P28252,5760.406741894227
P28258,5760.406741894227
P28403,5987.373071628178
P28419,6916.773907510746
P28465,6935.031028822082
P28466,6912.707941369788
P28467,7064.789155591413
P28468,8096.549635909686
P28538,6075.575922071932
P28763,6031.8521633015835
P28764,6031.8521633015835
P28767,6024.637360549323
P28773,7394.200703511954
P28861,6556.9017785723345
P28863,6556.9017785723345
P28865,179592.00773995437
P28867,5897.676074572989
P28868,5897.676074572989
P28870,125146.02063373521
P28871,5897.676074572989
P28873,5897.676074572989
P28876,5897.676074572989
P28880,5897.676074572989
P28888,5912.2297951834935
P28890,6175.426234777213
P28891,5912.2297951834935
P28892,5933.478483462674
P28893,5912.2297951834935
P28896,5855.964465306209
P28899,6026.010012062899
P28901,5912.2297951834935
P28911,6078.549994027213
P28915,6063.586923908956
P28925,5919.532276423608
P28926,5897.676074572989
P28927,5897.676074572989
P28928,7984.207269232696
P28929,5897.676074572989
P28933,5912.2297951834935
P28936,7721.131448354954
P28941,6137.581958646791
P28943,6116.6565485652
P29184,5841.549225681469
P29196,144311.53695661534
P29198,6204.786571133226
P29199,6197.364952830408
P29200,5859.583313994033
P29202,5852.574530838219
P29203,7624.602392578242
P29208,5841.549225681469
P29209,5841.549225681469
P29210,6117.047392051982
P29213,5841.549225681469
P29215,5841.549225681469
P29216,5841.549225681469
P29219,5841.549225681469
P29221,7098.158312771293
P29231,5897.676074572989
P29233,5897.676074572989
P29235,5897.676074572989
P29307,6161.155917256226
P29346,6057.88272162541
P29353,7510.188588494304
P29355,5863.1974622661355
P29356,5973.275405711256
P29357,5863.1974622661355
P29358,5866.288626340752
P29359,5841.549225681469
P29360,5863.1974622661355
P29361,5841.549225681469
P29364,5841.549225681469
P29365,5852.574530838219
P29368,5864.453012649093
P29369,5852.574530838219
P29370,6116.6565485652
P29371,5853.305764678634
P29376,7303.537656564202
P29381,8353.403351200315
P29383,5852.574530838219
P29389,6527.420345376697
P29390,6845.591211504948
P29579,6232.113312559169
P29580,5841.549225681469
P29581,5866.288626340752
P29583,5863.1974622661355
P29584,5841.549225681469
P29585,5841.549225681469
P29628,6111.441711256617
P29632,6315.203102071301
P29653,6203.040554497345
P29654,6368.369583073978
P29657,6111.441711256617
P29710,6111.441711256617
P29726,173002.03977688908
P29727,175390.07883665938
P29728,6121.322235746818
P29748,5922.6531359774035
P29750,6288.847736288226
P29751,6485.423712147693
P29786,5841.549225681469
P29787,5897.676074572989
P29788,5972.660641690354
P29789,5897.676074572989
P29790,5897.676074572989
P29791,7806.127476287678
P29882,5895.394847024153
P29887,6379.074082327477
P29915,36333.355837128634
P30021,5851.51806432856
P30022,6019.02615658941
P30044,5779.648467128819
P30051,6046.597281551829
P30054,170746.99298729637
P30329,6250.936919585767
P30336,6064.327553151886
P30446,5980.927277665353
P30580,6204.786571133226
P30581,6197.364952830408
P30582,6197.364952830408
P30584,6227.780701040651
P30585,6197.364952830408
P30761,5980.0304396313895
P30768,5793.462229259009
P30836,6494.7151339579805
P30964,36474.46254846714
P31127,7386.270004520587
P31152,7064.540892635515
P31154,5930.316146833984
P31177,5975.251391751641
P31266,6013.287972186028
P31308,6009.930824571934
P31309,5841.549225681469
P31310,5874.99756244316
P31312,5874.99756244316
P31313,5900.205438370756
P31314,5841.549225681469
P31331,7023.16269057313
P31332,152416.34750519332
P31333,7190.765322774525
P31340,145920.4470875542
P31341,202475.8996341507
P31342,5846.304488963559
P31343,5846.304488963559
P31346,5846.304488963559
P31349,194067.03976326203
P31351,5958.502281861576
P31352,5841.549225681469
P31355,5872.473724924087
P31356,5872.473724924087
P31396,5888.052731668771
P31433,7408.4229660559395
P31438,5815.754089963363
P31440,5890.117724893952
P31441,6058.730598965323
P31442,5829.907605711107
P31443,5970.731778964155
P31473,6170.161300777213
P31477,6244.76198094432
P31493,6627.687573710249
P31501,6187.471730014875
P31502,6200.0298085863205
P31505,6200.0298085863205
P31574,35303.30197459756
P31578,35251.01167027355
P31610,35156.54099797513
P31611,37587.389374870996
P31623,5899.182919766078
P31627,6007.442103959451
P31629,5785.00529689248
P31632,5909.159124206863
P31633,6007.442103959451
P31634,5781.951227670484
P31637,37519.655036208555
P31640,5789.739872286477
P31642,35373.529992248434
P31644,35268.92482088769
P31647,7443.145596130848
P31680,34877.48612538988
P31683,34924.461471105176
P31684,35036.93566593137
P31690,34830.865909627195
P31830,7117.365443820327
P31832,7152.295689563412
P31833,7117.365443820327
P31835,7125.888625605531
P31836,7439.719690707444
P31837,5822.661170668092
P31838,7358.505008765565
P31839,5892.632046090275
P31840,5822.661170668092
P31841,5829.634137033018
P31844,5822.661170668092
P31846,7568.679993256904
P31847,5809.647308106373
P31849,5822.661170668092
P31850,5878.606570166781
P31853,5822.661170668092
P31854,7266.209479627883
P31855,5854.323085031899
P31858,7231.938459230914
P31860,5866.288626340752
P31869,5956.8613715774445
P31873,6139.73144305447
P31874,5915.88340858884
P31876,5920.799888337226
P31877,5883.759450233928
P31878,5879.960774663779
P31879,6045.353161293406
P31881,7805.90301831959
P31883,6558.354610834753
P31885,6008.716599846977
P31887,5984.930117335482
P31888,5992.611363844549
P31891,5867.970345094178
P31894,178772.22299452714
P31895,179131.95541381865
P31896,6049.278869538009
P31928,5845.756561116349
P31976,5854.411644224341
P32014,38456.1854990594
P32065,5778.5369735889035
P32126,6061.8548855709105
P32564,35646.00117206359
P32570,36175.599576821995
P32581,5990.893215330682
P32625,5927.445829711244
P32901,5897.017635640037
P32918,5855.641415909028
P33013,5890.632724088729
P33017,5712.957253520341
P33089,5903.569056600693
P33191,5847.386135040051
P33395,5953.932900585927
P33532,5730.197654810242
P33533,5820.4989379823855
P33534,5782.330786666172
P33681,5616.635079390466
P33682,5616.635079390466
P33683,5616.635079390466
P33704,5616.635079390466
P33943,35240.04609436583
P33945,35683.29988766136
P33971,6007.442103959451
P34002,5907.753465029573
P34078,7570.988286889974
P34082,6262.12802055888
P34083,6275.703976977825
P34087,6343.736286054794
P34088,6320.569346707104
P34090,6289.3142663295375
P34091,7657.667446623065
P34094,6289.3142663295375
P34095,6394.312781345244
P34096,6409.492124936108
P34100,6176.191611024179
P34101,6289.3142663295375
P34102,5922.904813158678
P34103,5859.583313994033
P34104,5979.681598006399
P34105,6404.13864034544
P34106,6032.9309940808025
P34107,6404.13864034544
P34108,6032.9309940808025
P34109,6037.135424983856
P34110,7592.282403780692
P34112,7484.979206394292
P34113,5922.6531359774035
P34115,8077.2065888347415
P34117,7116.062663122051
P34119,7765.941209670108
P34120,6281.973956258968
P34124,6923.827880871214
P34125,6771.009143854443
P34126,6917.737458563679
P34127,7021.419158582783
P34128,8262.809773642273
P34130,5841.549225681469
P34133,5841.549225681469
P34134,6130.308871697758
P34135,5841.549225681469
P34137,7193.941076866408
P34138,5904.675872994882
P34140,5904.675872994882
P34149,7548.5490187234755
P34150,6111.441711256617
P34151,6214.748019454174
P34152,6111.441711256617
P34156,6111.441711256617
P34157,6258.521719402391
P34158,6208.090036343338
P34161,6111.441711256617
P34164,7835.575149317843
P34165,6454.637288143994
P34166,6203.040554497345
P34167,7861.955725044273
P34168,6214.748019454174
P34173,6246.784217138366
P34179,6302.411779133425
P34180,6111.441711256617
P34181,6214.748019454174
P34182,6203.040554497345
P34183,6215.52449633533
P34184,6208.090036343338
P34185,6203.040554497345
P34186,6098.221039612751
P34188,6098.221039612751
P34191,6111.441711256617
P34193,6232.113312559169
P34194,6215.52449633533
P34196,6114.610055902078
P34197,6111.441711256617
P34198,6111.441711256617
P34201,6111.441711256617
P34205,6030.527168612408
P34208,6202.829389001235
P34209,6219.499494946278
P34210,6117.9794652759665
P34211,6111.441711256617
P34212,6214.748019454174
P34213,6302.9491516553435
P34214,7555.653797815736
P34216,7488.049313944508
P34217,7172.154648934314
P34219,6098.221039612751
P34220,6200.0298085863205
P34222,6114.610055902078
P34223,6214.748019454174
P34224,6896.44723613117
P34228,6030.527168612408
P34229,6098.221039612751
P34233,7007.906535685189
P34235,7007.906535685189
P34236,7144.443076527477
P34237,6111.441711256617
P34238,6208.090036343338
P34255,6005.120897439838
P34256,6134.441887696029
P34260,5923.826925706258
P34261,5853.485695803452
P34262,6279.793982281709
P34263,5853.485695803452
P34265,5875.178160261809
P34266,6393.203418686651
P34268,5853.485695803452
P34271,6371.406637348152
P34272,5935.146752943536
P34273,7248.441189685361
P34274,6149.054277070334
P34277,6269.296827931377
P34282,5822.661170668092
P34283,5949.118686103333
P34284,5822.661170668092
P34285,5854.323085031899
P34287,7472.172887178009
P34446,7134.042765174002
P34447,7134.042765174002
P34448,7103.957883905967
P34449,7116.062663122051
P34450,6995.396784271963
P34468,6014.363483205335
P34469,6135.403522684967
P34474,6111.441711256617
P34476,6258.521719402391
P34477,6222.190451388712
P34478,6024.145826378049
P34479,6103.185208631909
P34480,6014.363483205335
P34481,5857.248547579958
P34483,6014.363483205335
P34484,6026.467763826813
P34485,6103.185208631909
P34486,6019.25940038039
P34487,6122.131023759003
P34488,5904.675872994882
P34489,6222.190451388712
P34490,6109.730702703756
P34491,5863.1974622661355
P34492,6025.714901134279
P34493,5904.675872994882
P34495,5966.1306560185485
P34496,6109.730702703756
P34498,6109.730702703756
P34499,6109.730702703756
P34500,6222.190451388712
P34502,6130.308871697758
P34503,144311.53695661534
P34504,6025.714901134279
P34505,6025.714901134279
P34507,6025.714901134279
P34508,5841.549225681469
P34509,6130.308871697758
P34510,6130.308871697758
P34511,6130.308871697758
P34512,6222.190451388712
P34513,6109.730702703756
P34514,5972.52918702637
P34518,6130.308871697758
P34530,7672.431793553867
P34531,6130.308871697758
P34532,5889.289395967917
P34533,5889.289395967917
P34534,5972.52918702637
P34715,6322.225489700739
P34717,196610.4537649633
P34729,6025.390088634515
P34800,5922.904813158678
P34801,7194.295892323393
P34802,6003.478610118253
P34803,5884.399077302398
P34807,48212.74641713336
P34855,6888.628100197499
P34858,200283.8486284947
P34888,5843.137503641828
P34890,5852.493841761501
P34893,5998.84477792389
P34895,5825.154022100019
P34909,6012.031705660506
P34910,6541.590768231984
P34911,6294.803777812488
P34912,6044.7231843286645
P34956,7113.8972992979625
P34957,7074.678615801329
P34961,7431.288491608103
P34962,7171.9536778677175
P34967,7501.273600346109
P34969,5884.399077302398
P34970,7485.046845059442
P34971,6265.233780210934
P34972,5979.681598006399
P34973,5979.681598006399
P34974,5881.298371788981
P34976,5922.904813158678
P34977,5884.399077302398
P34978,6378.380309678404
P34979,5852.574530838219
P34988,6631.853270738678
P34989,6758.215555909274
P34990,6773.200882039277
P34991,6553.106150750353
P34993,6755.046930497549
P34994,183810.7642874871
P34995,5852.574530838219
P34996,6032.9309940808025
P34997,152625.5683683347
P34998,5881.298371788981
P34999,177438.5138864486
P35000,5852.574530838219
P35001,6133.486996013863
P35003,5852.574530838219
P35005,5979.681598006399
P35008,5965.637897713064
P35039,7117.365443820327
P35080,6404.13864034544
P35085,6032.9309940808025
P35087,5884.399077302398
P35091,5979.681598006399
P35093,5965.637897713064
P35094,6133.486996013863
P35095,5852.574530838219
P35096,5979.681598006399
P35097,6360.162131674219
P35100,5979.681598006399
P35102,5951.895120263346
P35310,6001.723989517262
P35315,5997.106117704734
P35324,5986.366726352161
P35326,8098.313302775176
P35329,7403.07403803655
P35331,36026.10355609957
P35347,6200.108723511649
P35349,5967.387259971811
P35352,35574.78182007256
P35354,34827.088477454854
P35374,5980.211462268417
P35645,6384.554373754089
P35948,5797.978443441204
P35950,7235.408486227071
P35954,5979.6648416256885
P35957,6401.015947644687
P35959,5851.238224968179
P35960,5822.661170668092
P35961,6002.09596326045
P35964,5822.661170668092
P35966,6002.09596326045
P35967,7266.209479627883
P35969,5834.478950201612
P35970,6097.744591982359
P35978,7289.7794381852755
P35987,7289.7794381852755
P35988,7148.169126759855
P35989,7103.957883905967
P35990,7130.283688491192
P35991,9536.259301883725
P35994,7289.7794381852755
P35997,7289.7794381852755
P36003,6848.792413489219
P36004,6724.208359200317
P36006,179592.00773995437
P36010,6437.626632424253
P36019,6173.073311506436
P36020,6139.553017080634
P36021,6173.073311506436
P36082,6924.510712853567
P36084,6910.485444412022
P36086,6910.485444412022
P36091,5832.509064542856
P36094,5908.807295078094
P36095,5893.180823214126
P36097,5883.759450233928
P36098,5908.807295078094
P36099,5908.807295078094
P36120,6010.384654509972
P36123,5979.813210067749
P36125,5893.180823214126
P36129,5859.583313994033
P36130,5852.574530838219
P36132,6129.0709240300475
P36136,5852.574530838219
P36138,6049.1445716357775
P36139,5852.574530838219
P36140,5852.574530838219
P36143,6491.175628445143
P36144,7966.826205173242
P36146,6625.062818058266
P36154,6433.900039497652
P36158,5863.786031999976
P36159,5837.096747360241
P36160,5852.784105150649
P36161,5839.493822293088
P36162,5827.765020254971
P36163,5852.574530838219
P36164,6434.130426886455
P36166,6441.604873316471
P36167,5881.298371788981
P36169,6117.652886870653
P36170,5852.574530838219
P36172,5965.637897713064
P36174,5852.574530838219
P36177,5827.765020254971
P36178,6165.689619694544
P36185,5828.672323382153
P36189,5883.5573868062675
P36195,5890.603267314793
P36201,6433.900039497652
P36202,5859.583313994033
P36204,5827.765020254971
P36206,5852.574530838219
P36207,5852.574530838219
P36209,5852.574530838219
P36213,5859.583313994033
P36214,5852.574530838219
P36217,5859.583313994033
P36219,5859.583313994033
P36220,5837.096747360241
P36223,6106.009096486468
P36227,5883.759450233928
P36228,5908.807295078094
P36229,7976.318931521079
P36230,6009.113663442824
P36231,6189.217932548635
P36233,6252.705218405428
P36251,8199.7117747335
P36252,5852.784105150649
P36254,7633.7329150172045
P36256,7624.602392578242
P36257,5859.583313994033
P36260,7752.160672141292
P36261,5889.867931159934
P36262,5878.606570166781
P36263,5864.734936114658
P36264,5822.661170668092
P36265,6064.497819762334
P36266,5822.661170668092
P36267,5797.978443441204
P36271,5822.661170668092
P36274,5802.698244370659
P36279,5878.606570166781
P36280,7731.660080319796
P36284,5915.88340858884
P36339,7083.805371057658
P36465,35523.6783858914
P36467,35523.6783858914
P36522,6298.242422495954
P36526,7777.306730782295
P36530,6437.626632424253
P36531,6421.779798059728
P36532,9175.965842572949
P36533,7044.780197839072
P36534,6955.2700518032525
P36536,6955.2700518032525
P36537,6955.2700518032525
P36539,7272.360765132278
P36540,5863.1974622661355
P36541,5841.549225681469
P36543,5863.1974622661355
P36544,5995.104016776667
P36545,5841.549225681469
P36546,5841.549225681469
P36548,7103.957883905967
P36551,7138.152188399361
P36553,7103.957883905967
P36554,7103.957883905967
P36556,7308.7219556031
P36557,7103.957883905967
P36558,7273.488359705015
P36559,7130.283688491192
P36561,5878.0949466435395
P36562,5841.549225681469
P36564,5863.1974622661355
P36568,6130.308871697758
P36569,5863.1974622661355
P36571,5841.549225681469
P36572,5841.549225681469
P36573,5841.549225681469
P36574,5841.549225681469
P36576,6095.6823575364
P36580,6095.6823575364
P36581,5863.1974622661355
P36584,5863.1974622661355
P36586,5841.549225681469
P36588,5841.549225681469
P36590,6117.047392051982
P36592,5841.549225681469
P36593,5900.205438370756
P36594,5863.1974622661355
P36595,5866.288626340752
P36596,8911.513410280675
P36599,6698.6221314242275
P36601,5897.676074572989
P36602,5897.676074572989
P36603,5897.676074572989
P36604,6020.580868766925
P36605,5919.532276423608
P36606,5897.676074572989
P36726,6274.751002753102
P36766,7193.800015574214
P36815,6978.617156907624
P36818,6978.617156907624
P36834,5898.532643262607
P36885,6073.629077862515
P37189,6412.994761253171
P37226,6120.451309825812
P37227,6120.451309825812
P37228,6120.451309825812
P37232,196531.75644287263
P37233,6088.971015448183
P37235,196691.71487271896
P37236,5888.354716072461
P37238,194827.81949626337
P37242,5841.549225681469
P37246,6032.9309940808025
P37247,177101.29146615416
P37248,5841.549225681469
P37251,5889.289395967917
P37252,176745.63699920248
P37258,7382.374312181932
P37259,5841.549225681469
P37260,5841.549225681469
P37261,5841.549225681469
P37262,6051.849642706974
P37268,5841.549225681469
P37269,5841.549225681469
P37271,5841.549225681469
P37273,6107.872713388947
P37274,5871.064025073831
P37276,5874.99756244316
P37278,7610.239443419691
P37281,5841.549225681469
P37282,6372.9235295624185
P37284,5841.549225681469
P37285,5841.549225681469
P37287,5855.964465306209
P37289,5855.964465306209
P37293,5905.158051098575
P37300,173366.0100730981
P37301,175198.0483319477
P37307,5912.2297951834935
P37308,5905.158051098575
P37309,6255.8196648589
P37312,6037.562191217013
P37315,5855.964465306209
P37316,5855.964465306209
P37320,5855.964465306209
P37324,5859.22294651481
P37327,5912.2297951834935
P37332,5855.964465306209
P37333,5871.702521921064
P37335,6222.190451388712
P37337,5866.288626340752
P37338,7610.239443419691
P37364,5855.964465306209
P37383,177461.317951893
P37385,7671.016978979343
P37387,6106.877967649973
P37390,5841.549225681469
P37391,5841.549225681469
P37394,5841.549225681469
P37397,173680.24112611916
P37399,176745.63699920248
P37401,5897.676074572989
P37405,176745.63699920248
P37407,176745.63699920248
P37409,5841.549225681469
P37412,5874.26361918215
P37413,5846.304488963559
P37414,5841.549225681469
P37415,6032.9309940808025
P37417,5827.765020254971
P37418,5827.765020254971
P37512,7961.463611103139
P37519,6955.2700518032525
P37524,6955.2700518032525
P37535,199053.69981813233
P37537,7779.807054085511
P37538,6095.6823575364
P37541,6063.586923908956
P37542,6133.051435003418
P37543,6063.586923908956
P37544,6133.051435003418
P37558,6503.426824741478
P37560,6421.779798059728
P37568,197266.73411321308
P37570,5899.0346908071815
P37573,5872.473724924087
P37574,5899.0346908071815
P37575,5884.292491053155
P37579,6011.337229205009
P37580,177681.15350593394
P37581,5917.346875427237
P37582,5990.045811352384
P37583,176745.63699920248
P37587,6026.010012062899
P37592,5841.549225681469
P37595,5841.549225681469
P37597,5889.289395967917
P37599,5841.549225681469
P37600,176745.63699920248
P37602,5841.549225681469
P37603,178191.98789180693
P37607,5846.304488963559
P37608,177101.29146615416
P37610,5841.549225681469
P37611,5846.304488963559
P37614,7796.49803770463
P37617,5921.560942677626
P37620,5866.288626340752
P37624,5863.1974622661355
P37627,5857.248547579958
P37631,5868.258865150253
P37632,5866.288626340752
P37634,5866.288626340752
P37636,7839.244566483872
P37640,5997.827114297228
P37643,6116.6565485652
P37652,197681.62108809664
P37655,5912.2297951834935
P37659,5921.560942677626
P37688,5912.2297951834935
P37701,6514.287205346929
P37740,5866.288626340752
P37744,5857.248547579958
P37745,5863.1974622661355
P37752,5841.549225681469
P37753,7984.207269232696
P37762,6974.593399862371
P37763,5841.549225681469
P37764,6009.930824571934
P37766,6974.593399862371
P37776,173366.0100730981
P37779,173366.0100730981
P37786,205406.30120426154
P37788,173366.0100730981
P37789,208412.81758999397
P37791,181622.39640170682
P37793,7282.818996157193
P37797,173366.0100730981
P37807,6439.038238449006
P37812,5928.119040516039
P37813,5928.119040516039
P37841,6024.600729559745
P37844,6048.999539878751
P37845,6046.927221835561
P37848,7648.414058601338
P37852,5855.964465306209
P37862,6013.287972186028
P37868,6322.225489700739
P37869,7249.752204201125
P37871,6322.225489700739
P37872,6322.225489700739
P37889,7902.486739856935
P37904,6107.286205087213
P38035,137401.47437687026
P38144,166572.4521125575
P38166,5491.435023256285
P38167,5913.6390284509625
P38206,6007.092667894025
P38235,6183.9275830989845
P38239,5951.071912284508
P38349,5841.549225681469
P38350,7658.96885023472
P38352,6121.322235746818
P38389,6018.1830140003685
P38392,5922.6531359774035
P38393,5897.676074572989
P38918,6013.287972186028
P38925,191940.16430317695
P38926,160656.82138655861
P38939,7601.774341316826
P39206,5959.6244243622195
P39451,164146.22876833388
P39531,35268.92482088769
P39536,36026.10355609957
P39606,7880.667855781431
P39665,7791.984947772357
P39668,7765.271377118037
P39670,7791.984947772357
P39672,6020.008751711649
P39674,6010.384654509972
P39676,5908.807295078094
P39677,5915.88340858884
P39678,5908.807295078094
P39682,5906.828708463095
P39683,6043.199839553629
P39690,7791.984947772357
P39691,5852.574530838219
P39693,5852.574530838219
P39694,5852.574530838219
P39695,5990.534517724927
P39700,5827.765020254971
P39701,5859.583313994033
P39707,5908.807295078094
P39708,6090.896365025047
P39709,6030.221289887761
P39710,5908.807295078094
P39714,5908.807295078094
P39717,5893.180823214126
P39719,5915.88340858884
P39722,6187.9598697893725
P39724,5909.8740552196
P39725,8132.033797798635
P39726,6020.008751711649
P39728,7791.984947772357
P39730,6065.595246598984
P39731,6010.384654509972
P39737,6043.199839553629
P39738,6035.971465899312
P39739,6043.199839553629
P39740,5908.807295078094
P39741,7598.462592532288
P39742,5966.43423483733
P39743,5908.807295078094
P39745,5908.807295078094
P39746,5852.574530838219
P39750,5852.574530838219
P39751,5859.583313994033
P39752,5852.574530838219
P39754,7303.537656564202
P39755,5852.574530838219
P39756,5859.583313994033
P39757,5884.399077302398
P39758,5884.399077302398
P39759,6390.28489109144
P39760,6035.971465899312
P39761,6010.384654509972
P39762,6035.971465899312
P39763,5859.583313994033
P39766,5859.583313994033
P39769,5859.583313994033
P39771,5852.574530838219
P39772,7633.7329150172045
P39773,6238.449344190339
P39776,5979.813210067749
P39778,7818.655231360247
P39779,7622.5771813678575
P39783,8268.35544681684
P39785,5817.217799346869
P39788,5917.785380570788
P39789,5893.180823214126
P39790,6088.549608002332
P39801,7578.542267293457
P39808,7933.934945986236
P39814,6922.404591839818
P39816,5832.851741069767
P39823,5884.828533148743
P39825,5965.370209919894
P39832,6012.105763119008
P39846,5968.88179428081
P39853,5968.88179428081
P39856,5968.88179428081
P39929,34830.865909627195
P39936,36026.10355609957
P39938,37924.89748244591
P39946,35860.8648644276
P39950,38184.916297897915
P39975,35209.057211496765
P39977,34724.94014420872
P39979,35209.057211496765
P39981,34789.7824566606
P39983,36589.105761978906
P39985,34864.854407663646
P39986,34719.91606991303
P39989,5927.997130696472
P40003,34719.91606991303
P40004,35508.517399345576
P40006,5927.997130696472
P40013,5800.155138791167
P40014,5786.073841990728
P40015,6011.725468713008
P40016,5899.418767490226
P40110,5899.418767490226
P40119,5997.539769999587
P40123,7728.513810985678
P40125,5786.073841990728
P40141,184158.0397338748
P40147,5997.539769999587
P40149,6011.725468713008
P40154,6055.16515272818
P40189,5801.624097809949
P40192,5986.366726352161
P40193,5986.366726352161
P40195,5997.539769999587
P40204,6029.28992415469
P40205,6018.0577418048815
P40208,6637.555015804057
P40214,7780.9649640191565
P40215,5937.846156884036
P40216,5937.846156884036
P40217,5968.986570346897
P40227,5976.942519272037
P40235,5983.424717114194
P40242,5899.418767490226
P40250,5801.624097809949
P40260,6185.478576085384
P40263,7136.615381584882
P40266,5795.338822418631
P40267,169797.259908691
P40272,5997.539769999587
P40279,5777.5024261740045
P40286,5997.539769999587
P40288,5899.418767490226
P40290,5846.230160274466
P40296,5812.529871701076
P40327,5776.765513686527
P40340,5976.942519272037
P40354,5801.624097809949
P40356,5997.539769999587
P40367,5795.338822418631
P40372,5930.581174798005
P40378,5997.539769999587
P40388,5997.539769999587
P40389,5997.539769999587
P40623,5987.549242484712
P40654,7081.650112279679
P40661,5997.539769999587
P40676,5997.539769999587
P40681,5795.338822418631
P40683,158714.01597467653
P40696,5997.539769999587
P40704,5795.338822418631
P40712,5997.539769999587
P40715,5997.539769999587
P40728,5997.539769999587
P40790,6091.733891001264
P40920,6002.09596326045
P40921,5822.661170668092
P40922,6102.138096635547
P40924,5935.146752943536
P40925,7356.550467828428
P40926,5854.323085031899
P40928,5844.239421863204
P40977,5986.366726352161
P41092,35683.29988766136
P41127,6092.379522749604
P41166,5951.895120263346
P41233,34967.37587913176
P41236,34967.37587913176
P41237,35841.60344657789
P41238,34873.66531278502
P41242,5935.377915834279
P41244,5796.855201996887
P41332,6007.442103959451
P41333,7708.620488275558
P41346,5781.951227670484
P41355,5778.919109706675
P41433,5997.539769999587
P41511,5963.128655956733
P41524,6027.633223205297
P41625,7056.972561590251
P41730,5885.646522810191
P41738,5851.238224968179
P41740,6359.537219085006
P41742,6113.608673220606
P41744,5822.661170668092
P41752,5992.172752884761
P41754,5829.634137033018
P41755,7281.379768869002
P41757,6371.406637348152
P41759,6018.226685018083
P41760,8336.745961360068
P41761,7845.314347058188
P41762,5854.323085031899
P41765,5797.978443441204
P41767,7266.209479627883
P41770,7353.52448547456
P41771,5822.661170668092
P41796,5854.323085031899
P41797,5851.238224968179
P41798,5822.661170668092
P41799,5851.238224968179
P41800,5892.632046090275
P41801,6371.406637348152
P41803,6113.608673220606
P41804,5935.146752943536
P41805,5822.661170668092
P41811,8043.869081354595
P41814,5822.661170668092
P41815,7178.913474930056
P41817,5965.107054361617
P41818,5935.146752943536
P41819,6357.6236845261365
P41821,5935.146752943536
P41822,5822.661170668092
P41823,6263.406689938722
P41827,6345.779938766529
P41828,8202.415542314446
P41839,6012.31233213602
P41841,6037.774803623668
P41844,6571.058976290049
P41855,6033.870233257731
P41857,6405.135661549456
P41858,5822.661170668092
P41861,5851.238224968179
P41863,5822.661170668092
P41874,6142.885673775286
P41877,7750.435792037127
P41889,5849.024120960758
P41891,5890.243262217902
P41892,5846.666664799264
P41895,5949.249625591207
P41900,6818.985469596959
P41901,6555.063964687006
P41928,5831.508384335164
P41931,5831.508384335164
P41934,5885.646522810191
P41936,5946.83789370312
P41938,5946.83789370312
P41948,5837.010641911752
P41952,5815.8780426284875
P41954,5881.160438908265
P41959,6058.6814868117
P41961,6040.034736953503
P41962,6057.430350916195
P41974,5946.83789370312
P42054,5943.785756542672
P42061,5959.759794861302
P42064,5943.785756542672
P42102,36152.15325177077
P42120,36066.785958336906
P42129,36487.491960479005
P42190,35876.88501184615
P42296,6024.600729559745
P42297,7610.239443419691
P42298,171225.0211349002
P42299,5841.549225681469
P42301,176745.63699920248
P42302,5841.549225681469
P42303,5841.549225681469
P42304,5841.549225681469
P42305,5841.549225681469
P42315,5841.549225681469
P42318,5963.284561046922
P42323,5927.82712715982
P42324,6025.714901134279
P42325,5841.549225681469
P42326,6106.877967649973
P42334,5841.549225681469
P42336,6117.047392051982
P42339,5843.427303068337
P42343,5897.676074572989
P42345,5972.660641690354
P42347,6165.55371525536
P42353,5897.676074572989
P42382,8269.53570605104
P42385,6832.731619124879
P42395,5841.549225681469
P42396,5841.549225681469
P42486,6145.828493586562
P42571,6161.629229882011
P42688,39201.5764972578
P42745,5696.099514900424
P42797,6645.632891891443
P42818,5851.021747909429
P42820,5851.021747909429
P42821,6055.16515272818
P42826,6043.884774472482
P42827,5857.36740322884
P42838,6203.434637610503
P42846,5778.33856844193
P42848,5777.5024261740045
P42850,5795.338822418631
P42851,7710.277729079983
P42854,5927.997130696472
P42856,5778.33856844193
P43126,167520.10192497785
P43212,166234.10450717926
P43476,36387.1423880408
P43491,36873.3607885936
P43495,36719.688258900664
P43546,6930.209626779045
P43627,165144.03925517766
P43846,7150.624312257484
P43866,7483.472528629947
P43933,90997.7617151697
P43962,8400.852245626376
P43987,10541.96155414359
