pipe_id,predicted_cost
P01002,23481.834
P01054,23678.69
P01066,23678.69
P01078,104318.86
P01112,23678.69
P01140,98435.53
P01148,19999.57
P01161,21520.93
P01166,116334.64
P01238,12360.453
P01317,48823.15
P01350,46770.44
P01380,132145.47
P01452,19267.527
P01571,24393.666
P01689,143425.28
P01720,42927.977
P01767,21520.93
P01803,19999.57
P01805,110911.41
P01813,100593.58
P01815,16768.422
P01836,23678.69
P01838,15263.869
P01846,24753.654
P01922,43511.516
P01959,14613.856
P01978,45715.44
P01986,100639.45
P02000,129926.336
P02031,19332.518
P02032,21585.92
P02062,22500.252
P02085,80985.39
P02099,23678.69
P02155,21765.709
P02191,136317.64
P02227,104318.86
P02245,15408.188
P02246,15408.188
P02316,48482.727
P02318,24019.111
P02364,76118.5
P02365,74597.14
P02410,12360.453
P02412,47236.8
P02432,21180.508
P02545,45131.902
P02600,98435.53
P02649,42927.977
P02663,75508.97
P02665,21180.508
P02666,21180.508
P02667,21180.508
P02670,23107.28
P02674,21180.508
P02707,73010.79
P02708,73010.79
P02717,19999.57
P02728,45131.902
P02764,20244.35
P02864,19999.57
P02878,46653.26
P02908,15794.794
P02912,20853.877
P02914,14613.856
P03008,46653.26
P03057,23678.69
P03076,41407.574
P03259,42927.977
P03314,36202.633
P03349,46653.26
P03371,21765.709
P03387,74597.14
P03388,73010.79
P03402,138580.58
P03412,33998.707
P03485,126559.18
P03490,15365.049
P03493,15794.794
P03591,47611.36
P03655,21180.508
P03702,137567.25
P03704,137567.25
P03791,46653.26
P03798,58065.38
P03881,101311.05
P03884,101311.05
P03917,456928.38
P03986,40740.51
P03988,19999.57
P04074,82019.28
P04076,46430.42
P04147,128003.805
P04152,44108.914
P04184,23678.69
P04186,23678.69
P04221,115730.98
P04224,21180.508
P04249,15794.794
P04262,74418.734
P04289,46430.42
P04293,48482.727
P04305,16053.445
P04306,20463.096
P04308,16509.771
P04311,164855.8
P04416,102160.81
P04417,99616.47
P04467,45131.902
P04495,100593.58
P04496,17746.168
P04521,21520.93
P04535,21180.508
P04581,13010.469
P04600,75858.32
P04698,15794.794
P04701,24019.111
P04707,24393.666
P04752,44108.914
P04754,46653.26
P04801,21180.508
P04860,12360.453
P04861,12461.633
P04862,12461.633
P04865,22500.252
P04868,46653.26
P04869,46653.26
P04986,79804.45
P05007,15278.563
P05036,23678.69
P05040,1.2713908e+06
P05042,161011.62
P05043,44108.914
P05047,19999.57
P05055,80985.39
P05060,18927.105
P05103,22766.857
P05106,21180.508
P05128,43511.516
P05134,41407.574
P05139,21520.93
P05140,43511.516
P05163,117904.93
P05168,132145.47
P05229,21180.508
P05323,46312.84
P05402,24753.654
P05432,48974.367
P05435,16135.217
P05447,21765.709
P05448,21425.287
P05458,23107.28
P05476,24019.111
P05486,24393.666
P05504,21520.93
P05551,41407.574
P05560,45715.44
P05575,43511.516
P05576,43511.516
P05594,14613.856
P05608,82302.63
P05758,44108.914
P05769,42927.977
P05800,23107.28
P05828,74418.734
P05834,20853.877
P05924,124988.89
P05925,124988.89
P05970,46653.26
P05978,14613.856
P06017,48974.367
P06030,45131.902
P06072,98435.53
P06077,77226.79
P06124,47236.8
P06182,23107.28
P06184,23678.69
P06189,23678.69
P06193,23678.69
P06200,58648.918
P06235,21520.93
P06245,44108.914
P06287,23107.28
P06292,449820.75
P06302,152088.53
P06312,21895.484
P06314,136268.7
P06315,21895.484
P06331,23678.69
P06370,19999.57
P06425,22497.752
P06437,43905.746
P06454,22497.752
P06764,22766.857
P06802,17033.469
P07084,20010.02
P07090,20010.02
P07131,13066.961
P07177,34666.496
P07302,41991.957
P07333,41991.957
P07468,14389.212
P07632,15263.869
P07949,21180.508
P08016,58648.918
P08140,41407.574
P08142,19885.168
P08275,20010.02
P08337,44301.047
P08398,19999.57
P08496,20797.0
P08497,139756.62
P08525,21180.508
P08540,21044.395
P08551,16393.867
P08940,15365.049
P08942,129926.336
P09041,21180.508
P09042,21895.484
P09096,14414.098
P09568,21180.508
P09724,14742.958
P09725,14742.958
P09897,22234.973
P09898,22234.973
P09900,22234.973
P09901,22234.973
P09902,22234.973
P09904,22234.973
P09922,21323.14
P09924,21323.14
P09925,22844.5
P09929,21323.14
P09932,21323.14
P09939,21323.14
P09941,21323.14
P09942,21323.14
P09943,21323.14
P10039,22844.5
P10058,16044.924
P10059,16044.924
P10064,19371.828
P10077,84714.836
P10219,42927.977
P10438,14613.856
P10451,14844.138
P10490,52139.273
P10724,43163.844
P10787,22497.752
P10815,15872.437
P10818,14351.076
P10819,14351.076
P10820,14351.076
P10822,14351.076
P10823,15872.437
P10828,14351.076
P10829,14351.076
P10830,15066.054
P10831,22234.973
P10833,14351.076
P10843,43163.844
P10868,21323.14
P10977,19736.791
P10979,128932.8
P10980,137587.05
P11003,19736.791
P11218,82510.914
P11352,15066.054
P11353,14351.076
P11401,84714.836
P11418,16044.924
P11581,44171.945
P11624,14742.958
P11634,27895.422
P11647,27895.422
P11694,132457.27
P11769,28682.402
P11775,23107.28
P11818,22234.973
P11819,22234.973
P11822,22234.973
P11823,22234.973
P11838,22497.752
P11900,17131.729
P11902,46063.79
P11948,11958.539
P12004,16044.924
P12005,16044.924
P12011,16044.924
P12012,20114.154
P12013,43163.844
P12025,21181.91
P12041,116507.516
P12045,15761.647
P12134,16044.924
P12139,49889.87
P12142,43163.844
P12144,1.2540749e+06
P12147,43163.844
P12249,14613.856
P12253,14613.856
P12254,15328.834
P12256,13948.908
P12257,14613.856
P12262,15328.834
P12266,15328.834
P12300,16135.217
P12302,15328.834
P12320,14351.076
P12340,16135.217
P12347,14613.856
P12349,14613.856
P12367,15328.834
P12368,15328.834
P12374,14613.856
P12403,14351.076
P12404,15066.054
P12405,15066.054
P12556,23756.332
P12654,45367.77
P12656,46082.75
P12675,17850.469
P12680,43163.844
P12681,43163.844
P12692,43163.844
P12988,21944.666
P13007,45367.77
P13008,45367.77
P13049,20250.79
P13296,17002.18
P13439,15794.794
P13498,14742.958
P13507,43163.844
P13509,43163.844
P13511,16044.924
P13512,45367.77
P13513,16975.81
P13514,16759.9
P13518,16044.924
P13521,49549.45
P13532,45367.77
P13533,43163.844
P13536,49549.45
P13547,14742.958
P13550,21181.91
P13551,21181.91
P13613,14452.256
P13706,132169.72
P13709,45367.77
P13743,21181.91
P13775,21181.91
P13783,42927.977
P13786,22497.752
P13787,24019.111
P13788,22497.752
P13789,15328.834
P13790,15328.834
P13839,14382.963
P13855,43163.844
P13858,45367.77
P13881,21032.834
P13911,24393.014
P13912,24393.014
P13913,24393.014
P13914,24393.014
P13919,21258.15
P13946,14613.856
P13947,16135.217
P13949,15328.834
P13951,14613.856
P13953,16135.217
P13955,14613.856
P13966,16759.9
P13967,19371.828
P14005,16044.924
P14006,43163.844
P14057,20577.145
P14074,43055.973
P14075,21647.979
P14076,21647.979
P14078,23169.338
P14081,21647.979
P14124,13739.395
P14125,13638.215
P14126,20839.924
P14143,13638.215
P14183,14351.076
P14184,15066.054
P14292,14742.958
P14336,20547.994
P14337,21495.037
P14355,16476.623
P14362,24655.793
P14363,26177.152
P14369,25370.77
P14372,22234.973
P14376,23756.332
P14377,23756.332
P14378,22234.973
P14390,22362.955
P14391,20638.115
P14394,22362.955
P14395,21647.979
P14415,22234.973
P14417,23756.332
P14418,22234.973
P14420,23756.332
P14443,14351.076
P14480,19736.791
P14486,21323.14
P14489,21323.14
P14525,15872.437
P14601,14351.076
P14611,14351.076
P14613,19736.791
P14618,19736.791
P14636,21323.14
P14675,24655.793
P14677,24655.793
P14680,16771.898
P14681,18293.258
P14686,15328.834
P14687,15328.834
P14740,46063.79
P14741,24655.793
P14778,21647.979
P14779,24655.793
P14789,20839.924
P14817,22234.973
P14847,20439.531
P14848,23756.332
P14858,23756.332
P14859,22234.973
P14866,23756.332
P14868,22234.973
P14869,22234.973
P14870,43642.97
P14872,22234.973
P14873,22234.973
P14895,23756.332
P14900,22234.973
P14903,45801.008
P14905,22234.973
P14907,22949.95
P14908,22949.95
P14909,22949.95
P14910,22949.95
P14912,22949.95
P14914,22234.973
P14915,25107.99
P14917,22234.973
P14919,23756.332
P14954,22949.95
P14993,21323.14
P15013,124356.1
P15016,22234.973
P15024,42731.14
P15044,43642.97
P15079,46082.75
P15187,23756.332
P15242,46234.51
P15245,43163.844
P15257,43163.844
P15447,15457.936
P15457,16476.623
P15464,51472.83
P15465,49951.47
P15467,23044.965
P15468,24655.793
P15469,23169.338
P15470,13764.084
P15471,44739.73
P15481,21647.979
P15482,23169.338
P15484,13764.084
P15485,21647.979
P15489,23903.88
P15490,13764.084
P15491,11958.539
P15492,22362.955
P15501,13893.186
P15513,13764.084
P15514,21647.979
P15515,21647.979
P15516,20314.1
P15517,21835.459
P15518,21835.459
P15524,21835.459
P15526,21647.979
P15528,21029.076
P15530,20314.1
P15531,21029.076
P15535,22362.955
P15540,22234.973
P15664,12808.311
P15730,13638.215
P15804,11958.539
P15810,12889.428
P15834,25107.99
P15835,24393.014
P15837,21647.979
P15838,22362.955
P15839,20314.1
P15840,20314.1
P15848,13638.215
P15885,43163.844
P15943,16771.898
P15944,49951.47
P15945,16771.898
P15979,19736.791
P16166,43642.97
P16237,15285.441
P16238,15285.441
P16240,13764.084
P16241,23903.88
P16246,21835.459
P16248,15761.647
P16250,15761.647
P16264,15761.647
P16278,12889.428
P16300,15761.647
P16311,12889.428
P16316,12673.517
P16363,15066.054
P16398,16044.924
P16399,16044.924
P16424,18366.459
P16426,16759.9
P16433,16044.924
P16541,23756.332
P16557,43642.97
P16692,11958.539
P16823,14452.256
P16824,22949.95
P16826,22949.95
P16840,13375.436
P16895,49314.79
P16924,50007.05
P17055,43163.844
P17060,45367.77
P17123,15328.834
P17168,45367.77
P17169,43163.844
P17172,43878.824
P17183,23626.887
P17238,48029.297
P17498,20577.145
P17552,11958.539
P17600,16476.623
P17675,46950.727
P17678,46950.727
P17693,21323.14
P17694,19736.791
P17729,12059.719
P17749,11958.539
P17753,12889.428
P17761,21495.037
P17812,15761.647
P17874,21323.14
P17880,21323.14
P17889,19736.791
P17931,22234.973
P17932,23756.332
P17935,22949.95
P17936,22234.973
P17938,21225.11
P17939,25107.99
P17940,24393.014
P17941,24393.014
P17942,24393.014
P17943,25107.99
P17944,25914.373
P17945,72859.875
P17946,25107.99
P17948,22949.95
P17950,22949.95
P17952,24393.014
P17953,25914.373
P17954,25107.99
P18057,20577.145
P18305,22234.973
P18351,15872.437
P18376,20250.79
P18377,20250.79
P18378,20250.79
P18414,20314.1
P18415,20314.1
P18454,11958.539
P18455,15285.441
P18456,13764.084
P18457,11958.539
P18595,20250.79
P18657,24019.111
P18658,23212.729
P18659,24019.111
P18662,22497.752
P18691,15761.647
P18711,16251.424
P18779,16759.9
P18798,43878.824
P18807,21944.666
P18816,22949.95
P18818,22949.95
P18822,15761.647
P18842,48029.297
P18843,52210.977
P18868,22234.973
P18896,16476.623
P18929,52210.977
P18934,48029.297
P18939,45768.33
P18944,21647.979
P18945,21647.979
P18946,21647.979
P18950,22362.955
P18986,45367.77
P18988,43163.844
P18990,43163.844
P18991,45367.77
P18992,43163.844
P18993,45367.77
P19024,16044.924
P19026,16759.9
P19102,22497.752
P19103,22497.752
P19104,23212.729
P19106,20250.79
P19129,20250.79
P19133,20250.79
P19165,21647.979
P19167,21647.979
P19177,15761.647
P19178,49579.312
P19180,20314.1
P19181,20314.1
P19183,21835.459
P19184,20314.1
P19189,20314.1
P19191,21835.459
P19192,20314.1
P19300,45825.37
P19306,48744.277
P19309,48029.297
P19316,46540.35
P19321,16975.81
P19322,48029.297
P19323,48029.297
P19325,48029.297
P19333,45825.37
P19338,48029.297
P19340,50776.203
P19341,48029.297
P19349,52210.977
P19350,45825.37
P19352,48029.297
P19353,48029.297
P19355,48029.297
P19361,48029.297
P19364,48029.297
P19423,15761.647
P19445,21584.67
P19468,15110.259
P19494,20103.342
P19499,20818.318
P19515,12889.428
P20039,43642.97
P20108,22234.973
P20112,22234.973
P20116,22234.973
P20161,15066.054
P20162,15066.054
P20163,14351.076
P20165,14351.076
P20169,22234.973
P20170,22234.973
P20178,22234.973
P20179,22234.973
P20199,22234.973
P20205,22234.973
P20275,21647.979
P20276,20881.854
P20281,21647.979
P20284,22497.752
P20285,22497.752
P20287,22497.752
P20293,25370.77
P20295,22362.955
P20296,43055.973
P20298,43055.973
P20300,22497.752
P20301,24655.793
P20302,22497.752
P20303,22362.955
P20304,21647.979
P20305,21647.979
P20319,25107.99
P20320,24393.014
P20321,21385.201
P20323,22906.56
P20324,21385.201
P20326,22100.178
P20327,21385.201
P20328,20619.072
P20329,22906.56
P20332,25107.99
P20333,24393.014
P20335,24393.014
P20337,20619.072
P20338,21385.201
P20339,22100.178
P20340,16842.85
P20341,22100.178
P20342,21385.201
P20343,21385.201
P20344,20717.406
P20345,21385.201
P20347,21385.201
P20422,16975.81
P20444,14742.958
P20534,21029.076
P20535,20314.1
P20536,20314.1
P20545,14351.076
P20549,19736.791
P20571,22234.973
P20572,22234.973
P20574,22949.95
P20577,22234.973
P20578,22234.973
P20580,22949.95
P20582,22234.973
P20584,22234.973
P20585,22234.973
P20589,14351.076
P20590,15066.054
P20592,22362.955
P20610,13523.288
P20625,14613.856
P20626,15328.834
P20657,48029.297
P20658,45825.37
P20699,15285.441
P20700,13764.084
P20701,12997.957
P20702,13764.084
P20704,11958.539
P20706,13764.084
P20707,13764.084
P20709,13764.084
P20711,15285.441
P20712,15285.441
P20713,15285.441
P20714,15285.441
P20715,13764.084
P20716,13764.084
P20717,13764.084
P20722,13764.084
P20723,15285.441
P20791,46950.727
P20807,13764.084
P20808,15285.441
P20839,143157.28
P20841,165060.14
P20862,22949.95
P20892,13764.084
P20897,15761.647
P20898,22949.95
P20899,22234.973
P20917,114986.16
P20925,12889.428
P20945,11958.539
P20959,14351.076
P20960,14351.076
P20961,15066.054
P20962,143157.28
P20966,143157.28
P20967,138580.58
P20969,22234.973
P21039,15328.834
P21040,14613.856
P21041,14613.856
P21044,15328.834
P21046,14613.856
P21047,14613.856
P21142,24393.014
P21143,25107.99
P21181,24393.014
P21195,22234.973
P21313,24393.014
P21314,24393.014
P21315,25107.99
P21329,20314.1
P21372,142604.2
P21376,14742.958
P21449,22234.973
P21450,22949.95
P21453,22949.95
P21454,18559.365
P21455,70701.83
P21456,22234.973
P21460,14351.076
P21462,14351.076
P21463,134503.03
P21465,144678.64
P21467,14351.076
P21469,15066.054
P21472,11958.539
P21501,135014.56
P21513,136872.98
P21550,22234.973
P21551,43642.97
P21556,23756.332
P21583,48465.016
P21584,15285.441
P21586,15285.441
P21587,21647.979
P21612,21323.14
P21623,15285.441
P21625,12059.719
P21626,13764.084
P21630,12059.719
P21632,13764.084
P21636,17101.877
P21637,15285.441
P21638,14479.062
P21639,13764.084
P21648,19132.586
P21691,15328.834
P21692,14613.856
P21694,24753.654
P21696,15328.834
P21697,16135.217
P21708,14742.958
P21711,14742.958
P21713,136169.08
P21728,24393.014
P21729,22949.95
P21732,22234.973
P21735,22949.95
P21736,22949.95
P21737,22234.973
P21742,22234.973
P21750,21258.15
P21759,21029.076
P21760,20314.1
P21762,20314.1
P21763,20314.1
P21765,20314.1
P21767,20314.1
P21768,20314.1
P21807,45825.37
P21808,48029.297
P21814,48029.297
P21816,16044.924
P21817,16044.924
P21819,16146.104
P21822,16044.924
P21825,16759.9
P21827,16044.924
P21828,16044.924
P21829,16759.9
P21831,16146.104
P21833,16044.924
P21869,16044.924
P21886,14742.958
P21938,22100.178
P21940,21385.201
P21942,21385.201
P21944,19850.664
P21946,23626.887
P21947,24393.014
P21950,21385.201
P21952,21385.201
P21966,21385.201
P21967,21647.979
P21970,24655.793
P21971,21647.979
P21973,21647.979
P21977,26177.152
P21983,24019.111
P21984,23212.729
P21985,21647.979
P21986,21647.979
P22017,22234.973
P22032,22234.973
P22036,22234.973
P22052,14351.076
P22053,14351.076
P22077,15761.647
P22082,20314.1
P22083,20314.1
P22084,20314.1
P22086,20314.1
P22087,20314.1
P22362,14351.076
P22365,14351.076
P22366,14351.076
P22465,22234.973
P22474,23756.332
P22476,23756.332
P22701,12549.496
P22738,14715.036
P22827,125096.19
P22894,48029.297
P22895,48029.297
P22908,16044.924
P22910,16044.924
P22912,138028.23
P22914,132169.72
P22916,46540.35
P22917,45825.37
P22918,48029.297
P22919,48029.297
P22920,45825.37
P22922,48029.297
P22926,48029.297
P22972,14742.958
P22981,14742.958
P22998,21835.459
P22999,21835.459
P23000,21029.076
P23002,20314.1
P23003,20314.1
P23007,15761.647
P23042,22497.752
P23044,23212.729
P23047,22497.752
P23064,15761.647
P23091,15761.647
P23121,16044.924
P23149,43163.844
P23201,12952.217
P23206,45825.37
P23212,44792.688
P23220,48029.297
P23259,19761.014
P23274,48029.297
P23314,22234.973
P23319,138580.58
P23320,138580.58
P23321,138580.58
P23322,138580.58
P23323,138580.58
P23324,138580.58
P23460,21323.14
P23619,23169.338
P23620,23169.338
P23621,23169.338
P23623,21647.979
P23625,23169.338
P23626,13764.084
P23627,13764.084
P23628,13764.084
P23630,14479.062
P23631,13764.084
P23634,21647.979
P23635,13764.084
P23638,23169.338
P23639,23169.338
P23641,21647.979
P23737,22234.973
P23779,43642.97
P23895,13375.436
P23933,13375.436
P23952,13893.186
P24047,15761.647
P24070,12448.316
P24080,157309.12
P24082,11958.539
P24128,20250.79
P24161,24393.014
P24162,24393.014
P24163,25107.99
P24164,24393.014
P24166,25107.99
P24169,24393.014
P24171,23756.332
P24229,19736.791
P24253,21323.14
P24266,21323.14
P24272,21323.14
P24317,20314.1
P24339,15761.647
P24341,15761.647
P24346,12673.517
P24382,19761.014
P24419,12889.428
P24429,15761.647
P24433,15761.647
P24473,11958.539
P24481,110433.71
P24515,19761.014
P24601,11958.539
P24606,15761.647
P24609,15761.647
P24709,11958.539
P24805,20577.145
P24830,23756.332
P24963,14742.958
P24967,47972.254
P24968,47972.254
P24973,26915.3
P24975,21181.91
P25021,14742.958
P25058,15457.936
P25280,46540.35
P25281,45825.37
P25332,25107.99
P25334,24393.014
P25350,49549.45
P25472,17692.623
P25481,14613.856
P25579,43163.844
P25581,43163.844
P25606,22828.916
P25668,20250.79
P25877,16044.924
P25878,45825.37
P25941,16759.9
P25944,16044.924
P25946,47793.43
P25983,23756.332
P26003,22234.973
P26006,23756.332
P26008,22949.95
P26009,21468.846
P26010,22234.973
P26011,43642.97
P26012,23756.332
P26013,22234.973
P26014,22949.95
P26015,22949.95
P26016,22234.973
P26017,43642.97
P26019,43642.97
P26020,23756.332
P26021,22234.973
P26023,22234.973
P26024,14351.076
P26026,22949.95
P26028,22234.973
P26029,22234.973
P26030,23756.332
P26031,14452.256
P26179,14351.076
P26250,11958.539
P26257,11958.539
P26271,11958.539
P26293,12889.428
P26335,15872.437
P26468,20250.79
P26472,20250.79
P26517,14351.076
P26525,19736.791
P26542,13523.288
P26686,22234.973
P26748,14613.856
P26749,15328.834
P26750,15328.834
P26751,14613.856
P26753,14613.856
P26755,15328.834
P26756,15328.834
P26757,15328.834
P26773,21968.89
P26802,14742.958
P26819,21968.89
P26820,21181.91
P26821,21181.91
P26822,21181.91
P26845,16044.924
P26846,19132.586
P26919,19761.014
P26936,16476.623
P26953,12102.445
P26961,11958.539
P26963,11958.539
P26974,15761.647
P27043,12059.719
P27057,11958.539
P27066,11958.539
P27072,11958.539
P27074,12059.719
P27127,15761.647
P27182,15761.647
P27194,15761.647
P27198,15761.647
P27209,16548.627
P27217,11958.539
P27222,12673.517
P27255,43642.97
P27256,43642.97
P27284,43642.97
P27445,14351.076
P27631,47747.543
P27632,18293.258
P27633,16771.898
P27634,18293.258
P27635,51472.83
P27636,62884.945
P27637,16771.898
P27639,152088.53
P27651,23212.729
P27657,21181.91
P27658,21181.91
P27660,21181.91
P27661,21181.91
P27791,13638.215
P27806,13638.215
P27811,14613.856
P27816,19547.97
P27819,20314.1
P27820,49579.312
P27821,20314.1
P27823,21647.979
P27829,24393.014
P27833,25107.99
P27834,24393.014
P27835,24393.014
P27836,25107.99
P27838,24393.014
P27867,16251.424
P27891,17038.404
P27892,16251.424
P27930,17038.404
P28007,21984.812
P28019,16251.424
P28029,16251.424
P28050,16251.424
P28062,16251.424
P28100,16251.424
P28113,12549.496
P28205,14613.856
P28206,14613.856
P28222,14613.856
P28476,22234.973
P28478,22234.973
P28484,22234.973
P28485,22234.973
P28492,23169.338
P28494,21647.979
P28495,21647.979
P28496,21647.979
P28497,21647.979
P28498,21647.979
P28499,21647.979
P28502,13764.084
P28503,21647.979
P28504,14479.062
P28506,23169.338
P28507,17095.53
P28509,21647.979
P28511,20314.1
P28512,20314.1
P28513,21835.459
P28515,21647.979
P28516,20881.854
P28517,23169.338
P28518,21835.459
P28521,20314.1
P28523,21835.459
P28527,21835.459
P28531,21835.459
P28532,20314.1
P28533,20314.1
P28534,20314.1
P28536,21835.459
P28537,15761.647
P28540,43029.293
P28542,13764.084
P28543,13764.084
P28544,43055.973
P28545,21647.979
P28546,21647.979
P28547,21647.979
P28548,21647.979
P28549,43055.973
P28550,21647.979
P28551,21647.979
P28554,21647.979
P28555,21647.979
P28559,21029.076
P28562,20881.854
P28564,13764.084
P28567,21647.979
P28568,50913.19
P28570,21835.459
P28573,23169.338
P28575,21647.979
P28576,21647.979
P28577,23169.338
P28579,23169.338
P28580,21647.979
P28581,23169.338
P28584,43055.973
P28585,23169.338
P28586,21647.979
P28587,21647.979
P28588,21647.979
P28590,23169.338
P28591,23169.338
P28592,21647.979
P28593,21647.979
P28594,43055.973
P28595,21647.979
P28597,141425.42
P28598,142946.78
P28599,43029.293
P28657,116868.83
P28690,141425.42
P28693,48465.016
P28694,142946.78
P28696,23169.338
P28697,23169.338
P28698,43055.973
P28699,76208.87
P28700,25072.959
P28706,15761.647
P28823,21323.14
P28848,20577.145
P28881,22234.973
P28889,22234.973
P28944,22234.973
P29112,45367.77
P29116,16044.924
P29117,48114.676
P29123,43163.844
P29127,45367.77
P29128,43163.844
P29129,43878.824
P29130,16044.924
P29131,45367.77
P29137,45367.77
P29141,49549.45
P29151,43163.844
P29155,21323.14
P29176,22234.973
P29180,22234.973
P29190,22234.973
P29192,22234.973
P29324,15066.054
P29325,12656.813
P29327,14351.076
P29404,14351.076
P29424,14351.076
P29440,16780.791
P29455,14351.076
P29483,14351.076
P29485,14452.256
P29526,14351.076
P29553,22234.973
P29591,22949.95
P29593,22234.973
P29596,22234.973
P29599,22949.95
P29602,22949.95
P29603,22949.95
P29607,24393.014
P29608,22949.95
P29639,22234.973
P29641,22949.95
P29644,22949.95
P29645,70701.83
P29648,22234.973
P29658,22949.95
P29660,22949.95
P29662,22234.973
P29663,23756.332
P29665,22949.95
P29667,22234.973
P29670,22234.973
P29672,22949.95
P29675,22234.973
P29677,22234.973
P29678,22234.973
P29680,22234.973
P29688,21468.846
P29689,22949.95
P29691,22949.95
P29719,22949.95
P29749,17692.623
P29781,22234.973
P29843,23169.338
P29844,21647.979
P29845,21647.979
P29846,21647.979
P29847,21647.979
P29848,17105.63
P29849,21647.979
P29850,21647.979
P29852,22362.955
P29854,21647.979
P29855,22362.955
P29864,24655.793
P29866,24655.793
P30025,13764.084
P30027,141425.42
P30028,13764.084
P30030,13764.084
P30032,53921.008
P30098,19736.791
P30106,19736.791
P30111,21323.14
P30120,21323.14
P30148,19736.791
P30159,14351.076
P30172,124356.1
P30188,19736.791
P30398,21323.14
P30401,22038.117
P30407,22844.5
P30415,19736.791
P30417,19736.791
P30421,19736.791
P30430,19736.791
P30436,19736.791
P30444,21323.14
P30447,19736.791
P30450,19736.791
P30453,19736.791
P30457,19736.791
P30461,22844.5
P30465,14351.076
P30521,19736.791
P30530,19736.791
P30548,19736.791
P30550,19736.791
P30570,23756.332
P30573,23756.332
P30575,22234.973
P30576,22234.973
P30577,22234.973
P30578,22949.95
P30628,17105.63
P30629,17105.63
P30636,21647.979
P30637,21647.979
P30644,21647.979
P30645,21647.979
P30665,22949.95
P30667,43642.97
P30668,17692.623
P30669,22949.95
P30670,22234.973
P30672,22949.95
P30673,24019.111
P30674,24019.111
P30675,22497.752
P30676,17955.402
P30677,22497.752
P30678,22497.752
P30680,17692.623
P30682,22949.95
P30683,22234.973
P30688,23212.729
P30690,24655.793
P30693,24655.793
P30695,25370.77
P30696,26177.152
P30697,24655.793
P30698,25370.77
P30699,24655.793
P30701,24655.793
P30702,25370.77
P30703,25370.77
P30704,24655.793
P30705,25370.77
P30707,46063.79
P30710,26177.152
P30711,24655.793
P30712,26177.152
P30713,24655.793
P30714,24655.793
P30718,26177.152
P30720,24655.793
P30747,19761.014
P30769,19761.014
P30770,19761.014
P31073,14353.192
P31079,14351.076
P31080,14351.076
P31081,15872.437
P31082,143157.28
P31190,20839.924
P31227,21647.979
P31228,21647.979
P31231,23169.338
P31233,21647.979
P31236,21647.979
P31242,21647.979
P31243,23169.338
P31244,21647.979
P31245,21647.979
P31246,22362.955
P31247,21647.979
P31385,16044.924
P31387,16044.924
P31388,16044.924
P31390,16044.924
P31393,16044.924
P31394,16044.924
P31395,16044.924
P31398,16044.924
P31402,17951.648
P31403,138580.58
P31404,138580.58
P31467,25107.99
P31510,48368.51
P31511,45367.77
P31514,45367.77
P31581,12909.49
P31583,16044.924
P31588,14613.856
P31589,15328.834
P31590,14613.856
P31593,15328.834
P31596,15328.834
P31599,14715.036
P31600,15328.834
P31602,15328.834
P31603,14613.856
P31604,14613.856
P31607,23212.729
P31613,15328.834
P31615,15328.834
P31616,24753.654
P31620,15328.834
P31621,15328.834
P31624,22497.752
P31626,22497.752
P31645,21896.887
P31650,21181.91
P31670,49889.87
P31695,21181.91
P31697,21181.91
P31705,21181.91
P31706,21944.666
P31717,21944.666
P31779,45367.77
P31781,45367.77
P31782,46082.75
P31786,16044.924
P31788,16044.924
P31789,45367.77
P31790,16975.81
P31792,19371.828
P31795,16044.924
P31797,16975.81
P31989,15066.054
P31997,15066.054
P32001,138580.58
P32003,43642.97
P32004,15872.437
P32006,15066.054
P32009,15872.437
P32020,45367.77
P32022,43163.844
P32023,16044.924
P32108,19132.586
P32109,21181.91
P32111,21181.91
P32134,43878.824
P32135,43163.844
P32137,45367.77
P32138,43163.844
P32140,43163.844
P32143,43163.844
P32144,43163.844
P32145,43878.824
P32147,43163.844
P32162,49549.45
P32166,21181.91
P32169,21944.666
P32170,79849.39
P32172,43163.844
P32177,43163.844
P32180,21181.91
P32181,21968.89
P32183,43163.844
P32185,45367.77
P32189,43163.844
P32190,45367.77
P32194,43163.844
P32200,16044.924
P32209,20114.154
P32210,16044.924
P32211,16044.924
P32214,16975.81
P32215,16044.924
P32216,16044.924
P32217,16044.924
P32218,16044.924
P32223,183129.23
P32224,16044.924
P32225,16759.9
P32232,43163.844
P32234,43163.844
P32240,19031.406
P32241,16044.924
P32244,43163.844
P32249,16759.9
P32253,16044.924
P32259,46082.75
P32327,14742.958
P32354,155776.56
P32360,14966.353
P32544,14742.958
P32585,20890.322
P32683,17831.887
P32689,17002.18
P32921,21094.893
P32995,20965.766
P33019,20250.79
P33043,45367.77
P33047,43163.844
P33048,45367.77
P33049,45367.77
P33050,43163.844
P33056,45367.77
P33057,15794.794
P33079,43163.844
P33081,43163.844
P33084,45367.77
P33284,16759.9
P33286,44034.652
P33289,16146.104
P33294,16044.924
P33296,16759.9
P33298,16188.83
P33299,16044.924
P33305,16188.83
P33309,16044.924
P33310,16975.81
P33313,52210.977
P33426,21584.67
P33466,18293.258
P33651,16251.424
P33929,43163.844
P33962,16044.924
P33963,43163.844
P34022,45367.77
P34025,43163.844
P34034,43163.844
P34037,43163.844
P34382,19736.791
P34383,19736.791
P34417,165060.14
P34538,15328.834
P34539,16135.217
P34573,14351.076
P34574,14351.076
P34575,14351.076
P34580,14351.076
P34581,15066.054
P34583,15066.054
P34613,16135.217
P34614,15328.834
P34640,14613.856
P34689,13638.215
P34709,19941.666
P34710,15872.437
P34711,14351.076
P34745,14613.856
P34750,14613.856
P34751,14613.856
P34842,140101.94
P34843,14613.856
P34845,14613.856
P34846,15328.834
P34847,14613.856
P34850,20204.445
P34851,134503.03
P34852,14613.856
P34853,143157.28
P34869,14613.856
P34873,20204.445
P34874,14715.036
P34926,140101.94
P34928,15328.834
P34929,15328.834
P34930,15328.834
P34931,24753.654
P34932,16135.217
P34933,15328.834
P34934,16135.217
P34935,16135.217
P34937,14613.856
P34939,15328.834
P34940,15328.834
P34941,15328.834
P34944,16135.217
P34945,14613.856
P34946,14613.856
P34947,24753.654
P34948,15328.834
P35026,20204.445
P35291,21032.834
P35417,14742.958
P35461,15761.647
P35667,83865.07
P35782,19761.014
P35807,11958.539
P35878,15285.441
P35880,24655.793
P35881,25370.77
P35882,26177.152
P35883,26177.152
P35885,18293.258
P35886,26177.152
P35887,16771.898
P35888,24655.793
P35890,16771.898
P35891,16771.898
P35893,16771.898
P35894,53921.008
P35897,26911.695
P35912,17486.875
P35913,26911.695
P36011,22234.973
P36061,21896.887
P36062,22497.752
P36102,22949.95
P36107,22234.973
P36111,22234.973
P36112,22234.973
P36113,22949.95
P36114,22949.95
P36126,22234.973
P36234,21032.834
P36235,21747.81
P36237,21032.834
P36238,28682.402
P36240,27895.422
P36242,21605.547
P36373,14742.958
P36374,14742.958
P36377,14844.138
P36578,17692.623
P36591,22234.973
P36712,50074.55
P36927,16044.924
P36950,12808.311
P36966,14966.353
P37024,21944.666
P37127,14351.076
P37142,13739.395
P37143,15872.437
P37146,14452.256
P37155,15872.437
P37156,14351.076
P37158,15066.054
P37257,138580.58
P37374,22234.973
P37457,14090.413
P37569,22234.973
P37685,22234.973
P37699,14351.076
P37702,15066.054
P37726,22234.973
P37824,22234.973
P37863,15066.054
P37864,14351.076
P38165,21584.67
P38262,15067.532
P38277,16044.924
P38279,16044.924
P38287,132169.72
P38294,12808.311
P38296,12808.311
P38318,22234.973
P38461,21323.14
P38463,21323.14
P38623,47090.85
P38627,47090.85
P38628,44886.926
P38907,21323.14
P38946,14351.076
P38951,19736.791
P38954,15872.437
P38972,19736.791
P38976,14351.076
P38983,14351.076
P39002,14452.256
P39093,12909.49
P39312,14351.076
P39419,19736.791
P39423,19736.791
P39442,19736.791
P39446,19736.791
P39504,14351.076
P39538,43163.844
P39542,48368.51
P39544,45367.77
P39545,45367.77
P39547,45367.77
P39548,43163.844
P39561,45367.77
P39570,43163.844
P39575,22234.973
P39576,22234.973
P39577,22234.973
P39578,23756.332
P39579,22234.973
P39583,22234.973
P39584,15066.054
P39590,14351.076
P39591,14351.076
P39593,14351.076
P39596,22234.973
P39597,22234.973
P39599,23756.332
P39602,22234.973
P39603,22949.95
P39604,22234.973
P39625,22234.973
P39630,14351.076
P39631,15066.054
P39634,14351.076
P39635,14351.076
P39636,15066.054
P39640,14351.076
P39641,15066.054
P39642,14351.076
P39643,15066.054
P39767,144678.64
P39821,23212.729
P39935,43163.844
P39956,21181.91
P39959,21968.89
P39965,45333.73
P39966,21181.91
P39967,47537.656
P39972,45333.73
P40029,43163.844
P40057,16044.924
P40231,14715.036
P40453,19736.791
P40484,20643.068
P40855,21605.547
P40856,21605.547
P40857,21605.547
P41061,43106.8
P41201,14613.856
P41218,21032.834
P41480,14613.856
P41745,22844.5
P41747,22844.5
P41763,22038.117
P41777,41144.797
P41852,23107.28
P41854,23107.28
P41856,23107.28
P41864,42993.918
P41865,42993.918
P41943,24019.111
P41944,24019.111
P41945,24019.111
P42113,131592.39
P42172,84714.836
P42174,84714.836
P42176,84714.836
P42276,21323.14
P42293,21323.14
P42311,22234.973
P42375,22234.973
P42386,22234.973
P42407,22234.973
P42422,23756.332
P42424,22234.973
P42428,22234.973
P42724,21032.834
P42908,14742.958
P42974,12808.311
P42975,16044.924
P42977,12808.311
P43038,84714.836
P43076,84714.836
P43113,17101.877
P43144,16901.0
P43171,12808.311
P43175,16188.83
P43179,14742.958
P43348,131592.39
P43551,147661.73
P43555,17748.445
P43557,21180.508
P43576,123491.22
P43577,123491.22
P43578,127593.02
P43596,122022.79
P43597,122022.79
P43600,117515.58
P43625,118160.28
P43626,128457.91
P43628,16135.217
P43657,47236.8
P43664,44692.453
P43665,44692.453
P43670,17033.469
P43675,42097.12
P43746,17033.469
P43749,130584.25
P43753,17033.469
P43755,122022.79
P43760,1.2408841e+06
P43765,39927.234
P43766,42846.14
P43768,39927.234
P43771,39927.234
P43772,18660.277
P43773,22497.752
P43780,15263.869
P43787,12360.453
P43790,19999.57
P43794,19999.57
P43845,16135.217
P43907,21180.508
P43993,73010.79
P44005,124316.36
P44008,124316.36
P44009,124316.36
P44014,45846.883
P44036,22766.857
P01003,19490.418
P01005,20854.02
P01011,36550.324
P01032,19357.137
P01057,20854.02
P01062,42829.0
P01064,18549.035
P01065,39052.125
P01114,129487.23
P01115,17559.914
P01193,10026.893
P01205,61666.87
P01249,19603.371
P01261,38609.58
P01277,63450.574
P01331,40602.75
P01386,19603.371
P01401,12322.356
P01407,40106.46
P01558,56735.54
P01572,12220.397
P01595,19603.371
P01603,12042.387
P01645,39052.125
P01650,19603.371
P01761,21011.168
P01857,61666.87
P01874,18549.035
P01945,63450.574
P01985,61953.69
P02005,14390.099
P02009,12529.732
P02087,12755.312
P02144,58307.55
P02146,17906.562
P02162,38609.58
P02263,21908.355
P02274,19603.371
P02319,39677.42
P02347,22041.637
P02404,24974.092
P02428,10434.834
P02504,55927.438
P02526,18549.035
P02533,40106.46
P02611,20544.754
P02650,40106.46
P02683,40106.46
P02697,20854.02
P02700,36550.324
P02712,42228.64
P02733,14680.524
P02745,36550.324
P02845,62396.24
P02862,19736.652
P02920,56414.37
P02937,15254.93
P02977,12915.241
P02998,63450.574
P03024,12353.677
P03058,24748.078
P03080,14213.259
P03088,12507.259
P03195,12220.397
P03217,19603.371
P03218,19603.371
P03226,36550.324
P03260,173437.0
P03278,18706.184
P03335,15734.855
P03394,18039.84
P03398,135306.58
P03415,19760.52
P03451,22443.094
P03477,18979.639
P03491,36550.324
P03619,20987.3
P03623,12507.259
P03652,19603.371
P03665,12353.677
P03738,129487.23
P03774,12915.241
P03834,16852.23
P03854,135306.58
P03888,102313.48
P03895,58782.973
P03906,170553.11
P03919,11687.921
P03939,15264.244
P03943,14863.174
P03946,12220.397
P03949,9841.949
P03965,135390.73
P04003,20854.02
P04047,104987.9
P04077,36550.324
P04078,36550.324
P04082,38543.496
P04124,36550.324
P04131,19760.52
P04144,39052.125
P04165,40106.46
P04247,20854.02
P04252,20854.02
P04259,20987.3
P04327,19136.787
P04337,40106.46
P04400,19603.371
P04410,104987.9
P04433,63450.574
P04451,26367.496
P04481,135306.58
P04536,18549.035
P04559,19603.371
P04583,39052.125
P04635,12042.387
P04705,12322.356
P04764,21419.11
P04864,9841.949
P04962,36550.324
P04969,1.0173961e+06
P05102,20854.02
P05126,19603.371
P05278,40106.46
P05313,40106.46
P05329,39052.125
P05342,21011.168
P05446,58232.42
P05449,18466.96
P05450,20854.02
P05457,20854.02
P05559,36550.324
P05588,17749.414
P05609,17882.695
P05618,24974.092
P05669,21011.168
P05759,40106.46
P05760,40106.46
P05764,40106.46
P05765,40106.46
P05767,40106.46
P05787,19603.371
P05799,20854.02
P05814,130623.91
P05829,9739.99
P05950,18979.639
P05979,40106.46
P05991,14346.535
P06014,37801.477
P06025,43883.336
P06050,61953.69
P06062,9739.99
P06177,133013.05
P06199,14680.524
P06213,39548.414
P06282,20854.02
P06300,11687.921
P06395,41890.164
P06396,41890.164
P06397,12377.544
P06921,20903.719
P07079,21011.168
P07098,20854.02
P07102,21011.168
P07265,20854.02
P07266,20854.02
P07287,12686.879
P07409,21011.168
P07541,12479.503
P07603,133013.05
P07611,12915.241
P07612,12915.241
P07621,44012.344
P07954,18706.184
P08111,12479.503
P08139,21311.66
P08154,20746.57
P08185,158476.5
P08236,12609.259
P08840,18706.184
P08848,22600.238
P08878,39923.656
P09113,37222.562
P09155,12507.3
P09207,12322.356
P09254,39052.125
P09305,22600.238
P09307,42922.75
P09599,18839.46
P09742,12220.397
P09743,12220.397
P09812,25694.96
P09813,21934.188
P09864,18979.639
P09866,19112.92
P09867,19112.92
P09868,22873.693
P09869,18979.639
P09871,19112.92
P09872,22873.693
P09873,19112.92
P09874,18979.639
P09876,19112.92
P09877,22873.693
P09878,18979.639
P09879,19112.92
P09880,18979.639
P09881,19112.92
P09882,11596.665
P09883,19112.92
P09884,11729.944
P09885,11596.665
P09886,22873.693
P09888,22873.693
P09889,18979.639
P09890,11596.665
P09892,13544.597
P09893,11596.665
P09894,11729.944
P09895,11729.944
P09896,11596.665
P09899,19787.74
P09903,19787.74
P09905,19787.74
P09923,19787.74
P09926,19921.021
P09927,19787.74
P09931,19787.74
P09934,19787.74
P09936,19787.74
P09938,19787.74
P09944,19787.74
P09945,19787.74
P10182,20544.754
P10316,40925.062
P10543,18979.639
P10545,18979.639
P10546,18979.639
P10547,18979.639
P10549,18979.639
P10550,18979.639
P10551,18979.639
P10552,18979.639
P10553,18979.639
P10555,18979.639
P10566,21177.174
P10572,19112.92
P10608,21800.906
P10679,19736.652
P10827,13544.597
P10876,26315.941
P10896,176371.25
P10898,22873.693
P10974,18979.639
P10975,18979.639
P10976,27124.043
P10978,172496.66
P11038,11596.665
P11042,11596.665
P11043,11596.665
P11044,11596.665
P11045,11698.624
P11046,11596.665
P11050,11596.665
P11052,11596.665
P11053,11596.665
P11054,11596.665
P11062,11596.665
P11063,11596.665
P11064,11596.665
P11066,11596.665
P11067,11596.665
P11068,11596.665
P11072,11596.665
P11073,11596.665
P11148,11596.665
P11193,17982.092
P11216,42708.766
P11237,19921.021
P11354,13544.597
P11355,13544.597
P11358,11596.665
P11528,11596.665
P11616,18979.639
P11617,18979.639
P11618,22873.693
P11620,18979.639
P11621,18979.639
P11821,19921.021
P11899,12625.178
P11906,11858.734
P11997,12353.677
P12110,42918.242
P12177,20544.754
P12228,11596.665
P12248,12529.732
P12255,13544.597
P12258,14168.329
P12265,12220.397
P12341,11698.624
P12343,11596.665
P12344,11596.665
P12345,11729.944
P12375,13544.597
P12461,19787.74
P12493,18979.639
P12494,18979.639
P12497,18979.639
P12499,18979.639
P12500,18979.639
P12501,18979.639
P12525,19787.74
P12527,19787.74
P12529,19787.74
P12632,19603.371
P12653,43650.32
P12668,45643.5
P12713,14088.042
P12941,12322.356
P13195,19357.137
P13390,14088.042
P13434,12315.843
P13604,12220.397
P13610,19787.74
P13643,11782.157
P13671,19787.74
P13693,19787.74
P13702,11725.455
P13745,20411.473
P13856,45772.5
P13920,18979.639
P13921,18979.639
P13925,18979.639
P13927,18979.639
P13928,18979.639
P13929,18979.639
P13931,18979.639
P14013,19787.74
P14080,14518.643
P14082,14651.92
P14121,136198.83
P14223,14088.042
P14275,12529.732
P14341,15142.375
P14364,19787.74
P14375,19787.74
P14392,14518.643
P14434,18979.639
P14435,19112.92
P14436,18979.639
P14440,11596.665
P14442,11596.665
P14446,11596.665
P14448,11698.624
P14451,11698.624
P14452,11596.665
P14455,11596.665
P14458,11596.665
P14459,11596.665
P14463,11596.665
P14466,11596.665
P14468,11596.665
P14469,11596.665
P14473,11596.665
P14476,11596.665
P14477,19787.74
P14479,23681.795
P14481,19787.74
P14487,19787.74
P14488,19787.74
P14550,11698.624
P14552,11596.665
P14553,11596.665
P14556,13544.597
P14559,11596.665
P14560,11596.665
P14562,11596.665
P14563,11596.665
P14575,11596.665
P14576,11596.665
P14577,18979.639
P14584,11596.665
P14585,11596.665
P14608,18979.639
P14609,18979.639
P14610,18979.639
P14616,19112.92
P14635,21284.623
P14637,19787.74
P14638,19787.74
P14640,19787.74
P14657,11596.665
P14661,11596.665
P14662,11596.665
P14663,11596.665
P14664,11596.665
P14665,11596.665
P14666,11596.665
P14669,18979.639
P14672,18979.639
P14674,18979.639
P14679,11725.455
P14742,21417.904
P14753,12220.397
P14780,14518.643
P14786,14651.92
P14787,14651.92
P14808,23681.795
P14809,19787.74
P14810,19787.74
P14814,19787.74
P14860,23681.795
P14865,19787.74
P14871,19787.74
P14901,19787.74
P14918,19787.74
P14923,19787.74
P14926,19787.74
P14947,19787.74
P14952,21284.623
P14953,19787.74
P14955,11698.624
P14957,11884.116
P14959,11782.157
P14960,12069.02
P14961,11884.116
P14962,11884.116
P14963,11884.116
P14964,11884.116
P14965,11915.437
P14966,12069.02
P14967,12069.02
P14971,19700.58
P14972,19700.58
P14973,19700.58
P14974,11884.116
P14975,11782.157
P14977,19700.58
P14980,11782.157
P14985,27124.043
P14988,27124.043
P14989,27124.043
P14991,19731.9
P14992,19598.621
P14994,27124.043
P14995,27124.043
P14996,19700.58
P14997,19598.621
P14998,19700.58
P15000,11884.116
P15001,11782.157
P15002,11884.116
P15004,11782.157
P15006,27124.043
P15008,27257.324
P15009,27124.043
P15011,27124.043
P15014,19700.58
P15015,19787.74
P15017,19787.74
P15070,18979.639
P15071,18979.639
P15072,18979.639
P15073,18979.639
P15083,131516.16
P15133,17982.092
P15148,14088.042
P15151,14088.042
P15153,14088.042
P15178,19921.021
P15179,19787.74
P15181,19787.74
P15234,19921.021
P15236,19787.74
P15237,23681.795
P15243,43650.32
P15256,41334.836
P15258,18979.639
P15260,18979.639
P15261,18979.639
P15263,18979.639
P15264,18979.639
P15265,18979.639
P15267,18979.639
P15269,18979.639
P15270,18979.639
P15272,19112.92
P15279,11596.665
P15280,11596.665
P15282,11596.665
P15302,18979.639
P15305,18979.639
P15307,18979.639
P15308,18979.639
P15325,19787.74
P15341,19787.74
P15343,19787.74
P15344,23681.795
P15345,19787.74
P15347,19787.74
P15364,19787.74
P15366,18979.639
P15413,11596.665
P15416,11596.665
P15417,11596.665
P15422,11596.665
P15423,11596.665
P15424,11596.665
P15431,18979.639
P15433,11596.665
P15434,11596.665
P15443,11596.665
P15444,11883.526
P15483,15142.375
P15487,15142.375
P15488,19036.428
P15511,11725.455
P15512,15142.375
P15519,15142.375
P15520,15142.375
P15521,15142.375
P15522,15142.375
P15523,15275.652
P15536,19787.74
P15537,19787.74
P15541,19921.021
P15542,19787.74
P15544,19921.021
P15545,19787.74
P15546,19787.74
P15547,21284.623
P15548,20411.473
P15556,19112.92
P15586,18979.639
P15587,11596.665
P15588,11596.665
P15836,23681.795
P15876,11782.157
P15880,19921.021
P15881,19787.74
P15883,42595.984
P15948,11596.665
P15949,11596.665
P15951,18979.639
P15952,18979.639
P15956,18979.639
P15964,18979.639
P15966,18979.639
P15968,18979.639
P15971,18979.639
P15974,18979.639
P15976,18979.639
P15978,18979.639
P15981,18979.639
P16058,18979.639
P16059,11596.665
P16061,171688.56
P16069,26315.941
P16071,26449.223
P16072,26315.941
P16073,26315.941
P16085,19907.957
P16148,11596.665
P16150,11596.665
P16152,11596.665
P16153,11596.665
P16239,11725.455
P16242,15142.375
P16370,13544.597
P16379,11698.624
P16389,99063.34
P16391,12220.397
P16408,15047.617
P16422,15047.617
P16434,12322.356
P16436,12353.677
P16467,18979.639
P16468,18979.639
P16469,18979.639
P16472,18979.639
P16476,18979.639
P16477,18979.639
P16478,18979.639
P16480,18979.639
P16483,19112.92
P16484,18979.639
P16485,18979.639
P16523,19787.74
P16568,12091.492
P16606,27257.324
P16607,27257.324
P16608,27124.043
P16659,12315.843
P16667,11596.665
P16670,11698.624
P16676,18979.639
P16677,18979.639
P16689,12315.843
P16822,12220.397
P16825,19787.74
P16827,19787.74
P16897,14945.658
P17012,14088.042
P17042,14088.042
P17124,11698.624
P17185,19921.021
P17219,18979.639
P17221,18979.639
P17222,18979.639
P17225,19112.92
P17235,12220.397
P17490,12069.02
P17494,11782.157
P17646,14088.042
P17686,11827.414
P17688,14088.042
P17690,19787.74
P17691,19787.74
P17692,19787.74
P17695,19921.021
P17697,12220.397
P17698,12220.397
P17771,19112.92
P17772,22873.693
P17773,19112.92
P17876,23681.795
P17877,21284.623
P17879,19787.74
P17882,19787.74
P17884,19787.74
P17886,19787.74
P17888,23681.795
P17890,19787.74
P17892,19921.021
P17901,21284.623
P17910,11725.455
P18090,12322.356
P18208,11782.157
P18280,19307.58
P18313,11596.665
P18318,11596.665
P18320,18979.639
P18321,18979.639
P18323,18979.639
P18327,11596.665
P18329,11596.665
P18330,11596.665
P18335,11596.665
P18419,11596.665
P18420,11596.665
P18422,11596.665
P18424,11596.665
P18425,11883.526
P18448,15142.375
P18449,15142.375
P18450,15142.375
P18572,19787.74
P18573,19921.021
P18575,19921.021
P18583,19787.74
P18653,19787.74
P18699,27124.043
P18767,19787.74
P18808,19787.74
P18809,21284.623
P18817,131516.16
P18869,23681.795
P18949,14651.92
P18994,56271.188
P19016,14168.329
P19019,12529.732
P19020,15078.9375
P19065,15142.375
P19157,15142.375
P19176,15142.375
P19179,15142.375
P19182,15142.375
P19185,15275.652
P19188,15142.375
P19190,19036.428
P19198,12315.843
P19220,12220.397
P19233,12220.397
P19236,12417.802
P19294,12353.677
P19312,43118.54
P19403,136198.83
P19525,12220.397
P19528,12220.397
P19610,12220.397
P20081,19787.74
P20082,19787.74
P20167,23681.795
P20168,19787.74
P20171,19787.74
P20172,19787.74
P20177,19787.74
P20193,19787.74
P20194,19787.74
P20195,19787.74
P20196,19921.021
P20197,19787.74
P20200,19787.74
P20201,19787.74
P20203,19787.74
P20204,19787.74
P20206,19787.74
P20208,19787.74
P20209,19921.021
P20211,19787.74
P20224,19787.74
P20226,19787.74
P20227,19787.74
P20231,19787.74
P20232,19787.74
P20233,19787.74
P20235,19787.74
P20238,19921.021
P20278,14651.92
P20279,14518.643
P20282,19787.74
P20290,23681.795
P20297,14518.643
P20306,16015.526
P20322,18412.695
P20325,14651.92
P20331,23681.795
P20348,18979.639
P20354,11596.665
P20356,11596.665
P20359,11596.665
P20360,11596.665
P20361,11596.665
P20365,11596.665
P20366,11596.665
P20370,11596.665
P20371,11596.665
P20376,11596.665
P20377,11596.665
P20426,12220.397
P20463,12529.732
P20575,23681.795
P20581,19787.74
P20583,19787.74
P20587,19787.74
P20591,14518.643
P20631,12220.397
P20650,47556.203
P20675,12220.397
P20698,11725.455
P20703,11827.414
P20721,11725.455
P20758,12315.843
P20779,18979.639
P20810,11596.665
P20820,13544.597
P20821,18979.639
P20822,18979.639
P20824,18979.639
P20842,11883.526
P20863,25178.678
P20864,19921.021
P21043,11596.665
P21045,11698.624
P21052,27257.324
P21055,18979.639
P21125,14651.92
P21411,12220.397
P21416,12220.397
P21447,19787.74
P21448,19787.74
P21461,131516.16
P21466,23681.795
P21468,11596.665
P21503,126247.07
P21549,25178.678
P21585,19036.428
P21622,12012.316
P21634,11725.455
P21640,11725.455
P21721,12220.397
P21725,21284.623
P21726,21417.904
P21727,21417.904
P21734,19921.021
P21741,23681.795
P21764,15275.652
P21769,15142.375
P21806,15078.9375
P21904,11596.665
P21906,11596.665
P21909,11596.665
P21913,11596.665
P21914,11596.665
P21917,11596.665
P21919,11596.665
P21920,11698.624
P21925,11596.665
P21937,14651.92
P21943,14651.92
P21945,19787.74
P21951,14518.643
P21953,14518.643
P21954,14518.643
P21965,14518.643
P21968,19787.74
P21972,14651.92
P21976,14651.92
P21978,14518.643
P21980,21284.623
P22010,19787.74
P22011,19787.74
P22012,19787.74
P22014,19787.74
P22015,19787.74
P22018,19921.021
P22020,19787.74
P22021,19787.74
P22024,19787.74
P22027,19787.74
P22028,19787.74
P22029,19787.74
P22030,19787.74
P22031,19787.74
P22033,19787.74
P22037,19787.74
P22038,19921.021
P22085,15275.652
P22744,95206.9
P23001,15142.375
P23142,22082.398
P23258,16639.258
P23277,42064.203
P23454,21417.904
P23596,12220.397
P23622,15142.375
P23632,15275.652
P23636,15142.375
P23637,12034.79
P23728,11596.665
P23730,13945.669
P23731,11596.665
P23732,11596.665
P23734,18979.639
P23740,11782.157
P23744,11782.157
P23747,11782.157
P23748,11782.157
P23843,19307.58
P23870,11782.157
P23981,19787.74
P24129,14088.042
P24130,14088.042
P24131,14088.042
P24152,14088.042
P24227,19787.74
P24243,22873.693
P24244,19112.92
P24245,19921.021
P24247,19921.021
P24248,19921.021
P24249,19787.74
P24250,19787.74
P24251,19787.74
P24252,19787.74
P24254,19787.74
P24255,19787.74
P24256,19921.021
P24258,19921.021
P24259,19787.74
P24261,19787.74
P24263,19787.74
P24264,19787.74
P24265,19787.74
P24268,19787.74
P24269,19787.74
P24270,19787.74
P24271,19787.74
P24273,19787.74
P24274,19787.74
P24275,19787.74
P24372,19112.92
P24380,16639.258
P24383,15142.375
P24420,11827.414
P24454,19787.74
P24466,40393.28
P24732,126247.07
P25331,19787.74
P25333,19921.021
P25509,12220.397
P25510,40393.28
P25511,12220.397
P25553,12315.843
P25558,12315.843
P25563,40393.28
P25576,42386.453
P25689,14088.042
P25951,19787.74
P26022,11883.526
P26202,24305.527
P26522,27124.043
P26524,19598.621
P26537,19598.621
P26538,19598.621
P26539,19907.957
P26541,19112.92
P26605,11782.157
P26640,11782.157
P26679,19787.74
P26688,19787.74
P26731,18979.639
P26736,18979.639
P26754,12353.677
P26758,14168.329
P26798,19357.137
P26855,16893.592
P26929,19036.428
P27290,11596.665
P27291,11596.665
P27292,11596.665
P27293,11596.665
P27294,11596.665
P27297,11596.665
P27298,11596.665
P27301,11596.665
P27302,11596.665
P27305,11698.624
P27397,26315.941
P27419,28571.398
P27440,19598.621
P27441,19885.484
P27443,19598.621
P27499,18979.639
P27501,18979.639
P27502,18979.639
P27503,18979.639
P27506,18979.639
P27507,18979.639
P27509,18979.639
P27510,18979.639
P27512,18979.639
P27515,18979.639
P27520,18979.639
P27522,18979.639
P27539,18979.639
P27540,18979.639
P27542,18979.639
P27543,18979.639
P27546,18979.639
P27548,18979.639
P27549,18979.639
P27551,18979.639
P27554,18979.639
P27557,18979.639
P27558,18979.639
P27559,18979.639
P27562,18979.639
P27563,18979.639
P27564,18979.639
P27575,18979.639
P27576,46401.867
P27579,18979.639
P27583,18979.639
P27584,18979.639
P27585,18979.639
P27589,18979.639
P27597,11596.665
P27599,11596.665
P27601,11596.665
P27602,18979.639
P27604,18979.639
P27605,18979.639
P27606,18979.639
P27610,18979.639
P27611,18979.639
P27613,18979.639
P27614,18979.639
P27615,18979.639
P27617,18979.639
P27618,18979.639
P27622,11596.665
P27625,18979.639
P27626,18979.639
P27629,18979.639
P27630,18979.639
P27652,20411.473
P27683,19787.74
P27809,14263.774
P27824,16639.258
P27826,19921.021
P27830,23681.795
P27831,23681.795
P27832,23681.795
P27837,19921.021
P28449,19112.92
P28450,22873.693
P28452,19112.92
P28454,18979.639
P28455,18979.639
P28456,18979.639
P28457,18979.639
P28458,11596.665
P28460,18979.639
P28470,19787.74
P28471,19787.74
P28474,19787.74
P28475,19787.74
P28479,21284.623
P28481,21284.623
P28486,19787.74
P28487,19787.74
P28490,19787.74
P28491,11698.624
P28500,15142.375
P28508,15142.375
P28514,15142.375
P28520,15142.375
P28522,15275.652
P28524,15142.375
P28528,15275.652
P28530,15142.375
P28553,19036.428
P28556,19036.428
P28557,15142.375
P28558,19036.428
P28560,15275.652
P28563,11858.734
P28574,15142.375
P28583,15142.375
P28596,15275.652
P28644,15142.375
P28691,11827.414
P28703,15275.652
P28715,11596.665
P28717,11596.665
P28718,11596.665
P28719,11596.665
P28733,11596.665
P28734,18979.639
P28744,13544.597
P28745,11596.665
P28746,11596.665
P28812,19787.74
P28813,19787.74
P28815,19921.021
P28820,19921.021
P28821,23681.795
P28822,19787.74
P28824,19787.74
P28826,19787.74
P28828,19787.74
P28829,19787.74
P28830,19787.74
P28831,19787.74
P28846,19787.74
P28847,19787.74
P28850,19787.74
P28851,19787.74
P28852,19787.74
P28853,19787.74
P28855,19787.74
P28856,19787.74
P28858,19787.74
P28860,19787.74
P28956,18979.639
P28960,22873.693
P28964,18979.639
P28966,18979.639
P28967,18979.639
P28968,18979.639
P28969,18979.639
P29036,18979.639
P29044,11596.665
P29046,11596.665
P29049,13544.597
P29052,11596.665
P29060,18979.639
P29061,18979.639
P29068,11596.665
P29069,11698.624
P29070,11883.526
P29071,11596.665
P29072,18979.639
P29075,18979.639
P29076,18979.639
P29077,18979.639
P29078,18979.639
P29079,18979.639
P29080,18979.639
P29081,18979.639
P29082,11596.665
P29084,11596.665
P29086,18979.639
P29088,11596.665
P29089,11596.665
P29090,11596.665
P29092,11596.665
P29093,11596.665
P29094,18979.639
P29095,11596.665
P29098,11596.665
P29099,54109.387
P29102,18979.639
P29103,18979.639
P29108,18979.639
P29111,41334.836
P29154,19787.74
P29156,19921.021
P29157,19787.74
P29158,19921.021
P29160,19787.74
P29161,19787.74
P29162,19787.74
P29163,19787.74
P29164,19787.74
P29165,19787.74
P29166,19787.74
P29167,19787.74
P29168,19787.74
P29169,23681.795
P29170,19787.74
P29171,19787.74
P29174,23681.795
P29175,19787.74
P29177,19787.74
P29178,19787.74
P29179,19787.74
P29182,19787.74
P29185,19921.021
P29186,19787.74
P29187,19787.74
P29188,19787.74
P29189,19787.74
P29191,19787.74
P29194,19787.74
P29195,19787.74
P29222,19787.74
P29223,19921.021
P29226,19787.74
P29227,19787.74
P29228,19787.74
P29229,19787.74
P29326,13544.597
P29338,18979.639
P29339,18979.639
P29340,18979.639
P29342,18979.639
P29343,18979.639
P29347,18979.639
P29391,27124.043
P29395,19787.74
P29396,19598.621
P29397,19598.621
P29398,19700.58
P29399,609137.7
P29402,19907.957
P29405,19885.484
P29406,19598.621
P29407,19598.621
P29408,19731.9
P29409,19598.621
P29410,19598.621
P29425,11782.157
P29427,11782.157
P29428,11884.116
P29429,387302.62
P29430,19598.621
P29431,11782.157
P29433,27124.043
P29434,27124.043
P29435,19731.9
P29436,27124.043
P29437,27124.043
P29438,27124.043
P29441,27124.043
P29442,172496.66
P29445,27257.324
P29450,19598.621
P29458,11782.157
P29459,11884.116
P29460,11782.157
P29473,11915.437
P29474,11915.437
P29475,374803.5
P29477,19700.58
P29478,11782.157
P29481,27124.043
P29486,11782.157
P29487,19700.58
P29489,19885.484
P29491,19700.58
P29492,27124.043
P29493,19907.957
P29494,19700.58
P29497,27124.043
P29498,202816.36
P29499,27124.043
P29502,27124.043
P29503,27124.043
P29506,27124.043
P29509,27124.043
P29510,11782.157
P29511,11884.116
P29512,11782.157
P29514,11884.116
P29515,12091.492
P29517,11782.157
P29518,19598.621
P29519,27124.043
P29522,27124.043
P29523,27124.043
P29528,19598.621
P29529,19700.58
P29531,19598.621
P29532,19700.58
P29533,11915.437
P29534,11782.157
P29536,11915.437
P29537,11884.116
P29538,12069.02
P29539,11884.116
P29540,11884.116
P29542,19787.74
P29544,19787.74
P29546,11698.624
P29547,11782.157
P29548,19921.021
P29549,19787.74
P29550,19787.74
P29551,19787.74
P29554,19787.74
P29556,19787.74
P29557,19787.74
P29559,19787.74
P29562,19787.74
P29563,19787.74
P29564,19787.74
P29566,19787.74
P29567,19787.74
P29568,21284.623
P29590,19921.021
P29598,23681.795
P29600,19787.74
P29604,23681.795
P29647,19787.74
P29659,19787.74
P29671,19787.74
P29673,19787.74
P29676,19787.74
P29690,19921.021
P29698,25178.678
P29699,23681.795
P29701,19921.021
P29756,19787.74
P29794,19787.74
P29795,19787.74
P29796,19787.74
P29820,18979.639
P29822,18979.639
P29842,14651.92
P29851,14518.643
P29853,14518.643
P29856,19921.021
P29862,19787.74
P29925,40393.28
P30010,12322.356
P30024,11725.455
P30034,18979.639
P30035,18979.639
P30042,11596.665
P30046,11596.665
P30050,11596.665
P30052,11596.665
P30053,11596.665
P30085,19112.92
P30086,18979.639
P30089,18979.639
P30090,18979.639
P30092,18979.639
P30093,18979.639
P30094,18979.639
P30095,19112.92
P30097,19787.74
P30100,21284.623
P30101,19787.74
P30103,19787.74
P30104,21284.623
P30105,19787.74
P30107,19787.74
P30108,19787.74
P30109,19787.74
P30112,19921.021
P30114,19787.74
P30116,19787.74
P30117,19787.74
P30118,19787.74
P30121,19787.74
P30133,19787.74
P30134,19787.74
P30135,19787.74
P30136,19112.92
P30138,18979.639
P30146,18979.639
P30149,18979.639
P30150,11698.624
P30152,18979.639
P30154,19598.621
P30155,19700.58
P30156,19598.621
P30158,19700.58
P30160,11782.157
P30161,19598.621
P30162,19598.621
P30164,19598.621
P30166,19598.621
P30167,19598.621
P30168,664393.5
P30169,19598.621
P30170,19700.58
P30173,19700.58
P30174,11884.116
P30175,12069.02
P30176,11884.116
P30178,19787.74
P30180,18979.639
P30181,18979.639
P30182,19787.74
P30185,19787.74
P30186,11596.665
P30187,19787.74
P30189,19787.74
P30191,19787.74
P30192,19885.484
P30193,27124.043
P30195,27257.324
P30198,19598.621
P30199,19598.621
P30200,19598.621
P30201,19598.621
P30203,29379.5
P30204,19700.58
P30205,19598.621
P30207,19885.484
P30249,11596.665
P30250,11596.665
P30269,11596.665
P30270,11596.665
P30271,11596.665
P30273,11596.665
P30274,11596.665
P30275,11596.665
P30277,11596.665
P30278,11883.526
P30285,13544.597
P30287,11596.665
P30288,11596.665
P30289,11596.665
P30290,11596.665
P30292,11596.665
P30399,19787.74
P30400,19787.74
P30402,19787.74
P30403,19787.74
P30404,19787.74
P30405,23681.795
P30406,19787.74
P30408,19787.74
P30409,19787.74
P30410,19787.74
P30411,19787.74
P30412,19787.74
P30414,19787.74
P30416,19787.74
P30418,19787.74
P30420,19787.74
P30424,21284.623
P30425,19787.74
P30426,19787.74
P30429,21284.623
P30431,19787.74
P30432,21284.623
P30433,18979.639
P30434,19112.92
P30437,18979.639
P30438,19921.021
P30439,19787.74
P30440,19787.74
P30441,19787.74
P30442,19787.74
P30443,23681.795
P30445,19787.74
P30449,19787.74
P30451,19787.74
P30452,19787.74
P30454,19787.74
P30455,19787.74
P30458,19787.74
P30459,19787.74
P30460,19787.74
P30463,11596.665
P30464,11596.665
P30468,11596.665
P30473,11596.665
P30478,11596.665
P30479,11596.665
P30482,11596.665
P30483,11698.624
P30484,11596.665
P30489,11596.665
P30495,11596.665
P30496,11596.665
P30497,11596.665
P30499,11596.665
P30502,11596.665
P30503,11596.665
P30505,11596.665
P30514,18979.639
P30515,18979.639
P30516,19787.74
P30517,19787.74
P30518,19787.74
P30519,19787.74
P30520,19787.74
P30522,18979.639
P30523,18979.639
P30525,18979.639
P30527,18979.639
P30528,18979.639
P30531,18979.639
P30532,18979.639
P30533,18979.639
P30534,18979.639
P30537,18979.639
P30545,18979.639
P30571,19787.74
P30639,15142.375
P30643,14651.92
P30666,19787.74
P30679,23681.795
P30681,19787.74
P30684,19787.74
P30691,23681.795
P30692,19787.74
P30706,19921.021
P30709,19787.74
P30715,19787.74
P30717,23681.795
P30758,15275.652
P30842,12220.397
P30870,12322.356
P30872,12322.356
P30912,12322.356
P31067,11729.944
P31077,11596.665
P31123,11782.157
P31229,14651.92
P31230,14518.643
P31232,14651.92
P31329,19787.74
P31345,19787.74
P31347,19787.74
P31461,19112.92
P31464,18979.639
P31466,18979.639
P31513,43328.008
P31591,12529.732
P31598,12507.259
P31614,12507.259
P31618,12220.397
P31652,23136.734
P31691,43457.016
P31692,41334.836
P31713,19357.137
P31720,19357.137
P31721,19490.418
P31785,41334.836
P31806,19307.58
P31851,19787.74
P31998,176669.45
P32151,12220.397
P32196,41334.836
P32219,15047.617
P32229,14945.658
P32250,43328.008
P32255,42831.72
P32320,12315.843
P32955,14088.042
P33551,14088.042
P33588,14088.042
P33754,14088.042
P33890,14088.042
P33891,14088.042
P33939,40925.062
P34122,19787.74
P34204,23681.795
P34300,18979.639
P34301,22873.693
P34303,22873.693
P34304,18979.639
P34305,18979.639
P34306,18979.639
P34307,22873.693
P34309,18979.639
P34310,18979.639
P34312,18979.639
P34313,18979.639
P34315,18979.639
P34317,18979.639
P34318,18979.639
P34319,18979.639
P34320,19112.92
P34321,22873.693
P34324,18979.639
P34326,18979.639
P34327,19112.92
P34332,18979.639
P34333,22873.693
P34334,18979.639
P34335,18979.639
P34337,18979.639
P34338,18979.639
P34339,18979.639
P34340,22873.693
P34341,18979.639
P34342,18979.639
P34344,18979.639
P34345,18979.639
P34347,22873.693
P34348,19112.92
P34350,18979.639
P34351,18979.639
P34352,18979.639
P34373,18979.639
P34374,18979.639
P34375,22873.693
P34381,18979.639
P34388,18979.639
P34389,22873.693
P34390,18979.639
P34392,19921.021
P34451,21441.771
P34470,19787.74
P34473,19787.74
P34475,19787.74
P34545,11883.526
P34548,11729.944
P34578,11729.944
P34664,11596.665
P34722,51013.46
P34892,11596.665
P34894,11596.665
P35464,126247.07
P35694,11725.455
P36063,23136.734
P36072,24305.527
P36075,24305.527
P36077,24305.527
P36105,19787.74
P36106,25178.678
P36115,21284.623
P36119,23681.795
P36327,21800.906
P36414,18979.639
P36415,18979.639
P36416,18979.639
P36419,18979.639
P36421,18979.639
P36422,18979.639
P36423,18979.639
P36425,18979.639
P36454,21800.906
P36619,20411.473
P36772,14088.042
P36829,14088.042
P36835,14088.042
P36838,14088.042
P36863,14221.319
P36896,12322.356
P36898,131516.16
P36899,12322.356
P37112,11883.526
P37115,11596.665
P37118,11596.665
P37141,11729.944
P37145,11596.665
P37157,11596.665
P37421,19440.861
P37422,27124.043
P37423,27124.043
P37425,27257.324
P37426,27124.043
P37427,27124.043
P37428,19307.58
P37697,11906.0
P38347,19307.58
P38411,19440.861
P38454,20804.463
P38456,11782.157
P38457,579670.25
P38458,11782.157
P38459,11884.116
P38460,20804.463
P38462,27124.043
P38467,13945.669
P38468,11596.665
P38472,11596.665
P38537,21177.174
P38567,21800.906
P38709,11596.665
P38711,11596.665
P38712,11596.665
P38713,11596.665
P38714,11596.665
P38715,11596.665
P38718,11596.665
P38720,11596.665
P38722,11596.665
P38723,11596.665
P38727,11596.665
P38729,11596.665
P38733,11596.665
P38734,11596.665
P38735,11596.665
P38737,11596.665
P38740,11596.665
P38741,11596.665
P38744,11596.665
P38745,130708.06
P38753,11596.665
P38754,11596.665
P38755,11596.665
P38757,11729.944
P38759,11596.665
P38762,11596.665
P38766,11596.665
P38767,11596.665
P38768,18979.639
P38770,11698.624
P38778,11596.665
P38779,11596.665
P38780,11883.526
P38783,11596.665
P38853,20804.463
P38854,19307.58
P38855,11782.157
P38903,27124.043
P38906,19307.58
P38929,19700.58
P38930,587486.75
P38932,19700.58
P38933,19700.58
P38936,19598.621
P38937,11782.157
P38942,11782.157
P38943,11782.157
P38944,11782.157
P38945,19700.58
P38947,11782.157
P38949,19700.58
P38950,172496.66
P38952,27124.043
P38953,27124.043
P38955,27124.043
P38956,27124.043
P38958,27124.043
P38959,27124.043
P38962,27124.043
P38963,27124.043
P38965,18979.639
P38969,18979.639
P38971,13544.597
P38973,19700.58
P38975,11596.665
P38977,172496.66
P38978,27124.043
P38981,26315.941
P38982,27124.043
P38985,19731.9
P38989,18979.639
P38990,11596.665
P39001,18979.639
P39059,11596.665
P39157,12220.397
P39310,19700.58
P39311,19598.621
P39313,171688.56
P39314,18979.639
P39316,19112.92
P39317,171688.56
P39318,171688.56
P39319,200511.39
P39420,19598.621
P39421,19731.9
P39422,19598.621
P39424,27124.043
P39425,27257.324
P39426,26315.941
P39427,11729.944
P39428,19112.92
P39429,18979.639
P39432,19598.621
P39433,26315.941
P39434,177179.34
P39435,27124.043
P39436,172496.66
P39440,172496.66
P39443,27124.043
P39444,172496.66
P39447,19598.621
P39448,11782.157
P39461,11782.157
P39463,11782.157
P39464,384116.84
P39467,19700.58
P39468,27124.043
P39469,19885.484
P39470,19885.484
P39472,172496.66
P39473,27257.324
P39474,27124.043
P39475,27124.043
P39476,27124.043
P39477,27124.043
P39478,27124.043
P39479,27124.043
P39480,27124.043
P39481,19598.621
P39482,19598.621
P39496,27124.043
P39498,19907.957
P39499,19731.9
P39500,27124.043
P39502,19700.58
P39506,27257.324
P39507,27124.043
P39509,27124.043
P39511,27124.043
P39587,11596.665
P39595,11906.0
P39605,11596.665
P39826,19787.74
P39991,20411.473
P39993,20411.473
P40009,20411.473
P40042,43650.32
P40102,19603.371
P40452,19112.92
P40455,18979.639
P40456,19112.92
P40458,18979.639
P40503,21177.174
P40509,21177.174
P40526,18979.639
P40527,19112.92
P40528,18979.639
P40530,18979.639
P40531,22873.693
P40532,18979.639
P40533,18979.639
P40534,19112.92
P40537,18979.639
P40538,22873.693
P40539,18979.639
P40541,19112.92
P40552,21177.174
P40553,21177.174
P40567,22873.693
P40568,18979.639
P40569,19112.92
P40571,18979.639
P40573,18979.639
P40574,22873.693
P40575,19112.92
P40576,18979.639
P40578,18979.639
P40579,19112.92
P40692,12220.397
P40794,24305.527
P40841,20411.473
P40883,19787.74
P41060,38609.58
P41457,12322.356
P41471,12220.397
P41549,136198.83
P41550,136198.83
P41579,136198.83
P41806,25178.678
P41899,19787.74
P42005,136198.83
P42049,61953.69
P42265,23681.795
P42266,19787.74
P42269,19787.74
P42270,19787.74
P42271,19787.74
P42272,19787.74
P42273,19787.74
P42274,21284.623
P42275,23681.795
P42277,19787.74
P42278,19787.74
P42279,19921.021
P42280,19787.74
P42281,19787.74
P42283,19787.74
P42284,19787.74
P42285,19787.74
P42286,19787.74
P42287,19787.74
P42288,19787.74
P42289,19787.74
P42290,19787.74
P42291,19787.74
P42292,23681.795
P42294,19787.74
P42295,23681.795
P42308,19787.74
P42313,19787.74
P42355,19787.74
P42356,19787.74
P42357,19787.74
P42358,19787.74
P42359,19787.74
P42360,19787.74
P42361,19787.74
P42364,19787.74
P42366,21284.623
P42367,19787.74
P42368,19921.021
P42369,19787.74
P42370,19787.74
P42372,19787.74
P42376,19787.74
P42377,19787.74
P42378,19787.74
P42380,19787.74
P42381,19787.74
P42384,21284.623
P42387,21284.623
P42389,21284.623
P42390,19787.74
P42391,19787.74
P42392,19787.74
P42402,19787.74
P42404,19921.021
P42405,19787.74
P42406,19921.021
P42408,19787.74
P42409,19921.021
P42410,19787.74
P42411,19787.74
P42412,19787.74
P42413,19787.74
P42414,19787.74
P42416,19787.74
P42417,19787.74
P42419,19787.74
P42420,19787.74
P42421,19787.74
P42427,19921.021
P42429,19787.74
P42431,11596.665
P42433,11596.665
P42438,11596.665
P42440,11596.665
P42441,11596.665
P42447,18979.639
P42451,11596.665
P42452,11596.665
P42453,11596.665
P42457,11596.665
P42462,11596.665
P42465,11596.665
P42466,11596.665
P42468,11596.665
P42469,11596.665
P42471,11596.665
P42472,11596.665
P42473,11596.665
P42475,11596.665
P42479,11596.665
P42483,11596.665
P42484,18979.639
P42485,18979.639
P42492,18979.639
P42494,18979.639
P42495,18979.639
P42496,18979.639
P42497,18979.639
P42498,18979.639
P42499,18979.639
P42500,18979.639
P42501,18979.639
P42502,18979.639
P42504,18979.639
P42505,18979.639
P42506,18979.639
P42509,19112.92
P42510,18979.639
P42515,22873.693
P42518,18979.639
P42519,18979.639
P42520,18979.639
P42522,18979.639
P42525,18979.639
P42526,18979.639
P42527,18979.639
P42529,18979.639
P42534,18979.639
P42535,18979.639
P42539,18979.639
P42541,18979.639
P42542,18979.639
P42544,18979.639
P42546,11596.665
P42547,11596.665
P42548,18979.639
P42549,18979.639
P42551,18979.639
P42552,18979.639
P42555,18979.639
P42557,18979.639
P42563,18979.639
P42564,18979.639
P42565,18979.639
P42566,18979.639
P42567,18979.639
P42568,18979.639
P42569,18979.639
P42572,18979.639
P42573,18979.639
P42574,18979.639
P42626,18979.639
P42812,21934.188
P42853,21934.188
P42913,12220.397
P43183,12220.397
P43184,131516.16
P43213,160338.95
P43536,12507.259
P43540,12220.397
P43595,38672.504
P43745,22065.504
P43779,104987.9
P43821,18549.035
P43887,159395.58
P43888,39052.125
P43908,14955.188
P43981,18314.504
P43995,57008.33
P01015,14713.854
P01017,14713.854
P01070,15583.022
P01074,27770.174
P01084,27770.174
P01107,14713.854
P01184,12336.729
P01188,32757.467
P01236,26293.494
P01252,15583.022
P01302,14713.854
P01341,28196.68
P01371,14713.854
P01413,14713.854
P01414,14713.854
P01416,15583.022
P01435,26293.494
P01442,32757.467
P01479,27770.174
P01484,13626.2
P01517,27770.174
P01537,132173.39
P01546,29737.703
P01548,12757.032
P01579,15583.022
P01598,27770.174
P01666,21353.178
P01686,12690.775
P01705,14713.854
P01708,14713.854
P01727,13635.146
P01742,14713.854
P01745,14713.854
P01746,14713.854
P01769,15156.517
P01797,132202.38
P01823,14713.854
P01826,11782.578
P01840,28409.955
P01842,28836.46
P01852,29311.197
P01913,28409.955
P01927,15583.022
P01937,12139.595
P01940,28196.68
P01951,34298.492
P01960,28409.955
P01976,29886.635
P01990,18019.643
P02066,11696.933
P02088,14713.854
P02158,27770.174
P02211,13635.146
P02212,27770.174
P02230,13635.146
P02248,13635.146
P02290,27086.916
P02296,28196.68
P02328,14713.854
P02368,13635.146
P02413,12690.775
P02414,12690.775
P02415,11696.933
P02429,11434.679
P02491,11434.679
P02531,13635.146
P02595,15156.517
P02681,28409.955
P02694,14713.854
P02696,14713.854
P02698,15156.517
P02704,22431.887
P02711,27770.174
P02766,27770.174
P02784,27770.174
P02785,11782.578
P02836,27770.174
P02840,27770.174
P02847,27770.174
P02853,14713.854
P02865,15156.517
P02881,13635.146
P02927,14713.854
P02947,14713.854
P02994,12002.017
P02996,14713.854
P03040,14713.854
P03214,15156.517
P03215,15156.517
P03285,15583.022
P03334,13143.156
P03341,21353.178
P03368,21353.178
P03489,18019.643
P03494,14713.854
P03505,11434.679
P03520,28196.68
P03523,15583.022
P03576,27770.174
P03598,27770.174
P03611,28196.68
P03629,12690.775
P03644,14713.854
P03647,100226.87
P03649,14713.854
P03651,11696.933
P03660,14713.854
P03666,11696.933
P03668,14713.854
P03797,27770.174
P03878,29886.635
P03887,11434.679
P03892,27770.174
P03903,27770.174
P03914,15583.022
P03915,28196.68
P03925,27770.174
P03947,11696.933
P03966,13143.156
P03975,13635.146
P03987,28409.955
P03989,28409.955
P04050,28409.955
P04054,29311.197
P04072,12880.902
P04109,15156.517
P04122,28261.023
P04126,28409.955
P04137,29886.635
P04154,12264.27
P04188,14713.854
P04211,28196.68
P04216,27770.174
P04218,27770.174
P04220,27770.174
P04263,11434.679
P04276,27770.174
P04338,29737.703
P04347,14713.854
P04355,27770.174
P04360,28196.68
P04384,105532.805
P04412,27770.174
P04428,15583.022
P04498,15583.022
P04501,14713.854
P04538,14713.854
P04544,14713.854
P04553,27770.174
P04694,28409.955
P04742,11696.933
P04744,27770.174
P04749,14713.854
P04832,28836.46
P04884,27770.174
P05053,15583.022
P05054,15583.022
P05067,15156.517
P05117,15156.517
P05154,12139.595
P05157,12139.595
P05158,126213.45
P05203,14713.854
P05227,135675.77
P05231,15583.022
P05233,12757.032
P05260,11932.906
P05262,11962.987
P05272,27770.174
P05275,27770.174
P05279,28196.68
P05328,27770.174
P05339,15583.022
P05340,15583.022
P05346,15583.022
P05399,15156.517
P05429,14713.854
P05430,14713.854
P05462,14713.854
P05468,138162.31
P05533,14713.854
P05591,11696.933
P05633,26293.494
P05656,13626.2
P05668,15583.022
P05717,13199.694
P05740,14713.854
P05783,14713.854
P05798,15583.022
P05903,15583.022
P05927,98288.8
P05942,13635.146
P05952,21353.178
P05960,12690.775
P05961,124929.38
P05973,27770.174
P05974,27770.174
P06015,11696.933
P06018,29311.197
P06024,11696.933
P06040,27770.174
P06056,28196.68
P06074,27960.92
P06082,27960.92
P06102,27770.174
P06148,137641.02
P06229,28409.955
P06307,12454.396
P06338,14713.854
P06342,28409.955
P06349,21353.178
P06350,13635.146
P06377,121825.81
P06409,15583.022
P06723,20721.146
P06859,15583.022
P06905,15583.022
P07031,131344.81
P07060,15156.517
P07080,15156.517
P07094,15583.022
P07153,29886.635
P07157,30313.14
P07336,29886.635
P07358,15156.517
P07484,15583.022
P07622,209283.44
P07652,30313.14
P07719,15583.022
P08043,30313.14
P08149,15583.022
P08197,12264.27
P08198,137620.06
P08210,15583.022
P08262,15583.022
P08274,12069.047
P08276,12069.047
P08304,30077.38
P08361,104704.23
P08377,92755.375
P08391,28409.955
P08393,98288.8
P08410,28836.46
P08451,15583.022
P08485,15156.517
P08521,12264.27
P08756,136812.42
P08794,15583.022
P08813,12690.775
P08827,18255.62
P08846,15156.517
P09218,12495.553
P09360,15156.517
P09394,28409.955
P09476,12264.27
P09605,12690.775
P09619,15583.022
P09639,136784.14
P09703,10763.77
P09814,13975.916
P09816,13975.916
P09817,13975.916
P09967,10763.77
P09990,11194.969
P09991,10958.993
P10000,136784.14
P10025,12897.206
P10031,13635.146
P10038,21353.178
P10121,139214.0
P10210,29886.635
P10212,32306.568
P10222,31686.768
P10251,11501.709
P10256,12018.553
P10330,12897.206
P10416,11194.969
P10418,11194.969
P10419,11194.969
P10422,11696.933
P10424,11194.969
P10427,11280.614
P10429,11280.614
P10433,11932.906
P10436,11932.906
P10439,145981.67
P10440,142251.77
P10441,14713.854
P10442,148211.7
P10450,11932.906
P10492,30210.092
P10548,12897.206
P10554,12897.206
P10573,12897.206
P10626,13975.916
P10627,13975.916
P10631,14713.854
P10633,13975.916
P10635,13975.916
P10638,13975.916
P10665,13975.916
P10668,13975.916
P10669,14713.854
P10677,12500.244
P10683,14713.854
P10686,13975.916
P10688,14713.854
P10689,11932.906
P10696,11932.906
P10698,148211.7
P10700,14713.854
P10701,10958.993
P10702,11194.969
P10710,11932.906
P10713,13975.916
P10727,31686.768
P10728,13975.916
P10729,31686.768
P10733,29886.635
P10737,14713.854
P10739,13975.916
P10740,13975.916
P10741,13975.916
P10746,31686.768
P10765,12897.206
P10766,12897.206
P10770,13635.146
P10771,12897.206
P10772,12897.206
P10776,12897.206
P10781,13635.146
P10904,10958.993
P10910,10849.416
P10995,25651.389
P11034,11501.709
P11035,10763.77
P11036,10763.77
P11039,10763.77
P11040,26408.236
P11041,10763.77
P11047,10763.77
P11048,10763.77
P11058,11501.709
P11059,10763.77
P11061,10763.77
P11069,10849.416
P11074,11501.709
P11109,29886.635
P11130,13635.146
P11132,12897.206
P11146,10763.77
P11234,12897.206
P11238,13635.146
P11239,12897.206
P11245,12897.206
P11253,12897.206
P11254,12897.206
P11294,13635.146
P11295,12897.206
P11298,12897.206
P11310,12897.206
P11311,12897.206
P11313,137845.08
P11315,12897.206
P11317,17487.717
P11319,13635.146
P11320,12897.206
P11321,12897.206
P11363,11501.709
P11430,10763.77
P11495,13635.146
P11534,16846.889
P11757,13975.916
P11758,10763.77
P11773,12897.206
P11778,12897.206
P11781,12897.206
P11784,12897.206
P11785,12897.206
P11795,12897.206
P11817,12897.206
P11855,12897.206
P11857,12897.206
P11858,12897.206
P11859,137845.08
P11861,13635.146
P11866,12897.206
P11867,13635.146
P12038,13975.916
P12040,13975.916
P12105,29886.635
P12114,14713.854
P12120,14713.854
P12175,13975.916
P12235,10958.993
P12319,10763.77
P12387,10763.77
P12388,10849.416
P12442,133234.31
P12443,137845.08
P12446,137845.08
P12447,137845.08
P12448,161926.78
P12449,13635.146
P12451,17487.717
P12454,12897.206
P12455,12897.206
P12456,12897.206
P12458,12897.206
P12467,45005.227
P12470,12897.206
P12471,13635.146
P12474,12897.206
P12475,12897.206
P12476,137845.08
P12477,17487.717
P12479,13635.146
P12480,12897.206
P12481,12897.206
P12485,12897.206
P12486,12897.206
P12489,12897.206
P12490,13635.146
P12491,12897.206
P12492,12897.206
P12521,12897.206
P12524,12897.206
P12526,12897.206
P12528,12897.206
P12554,12897.206
P12629,13975.916
P12696,11932.906
P12722,13975.916
P12746,11194.969
P12893,13975.916
P12934,11501.709
P13095,13975.916
P13100,13975.916
P13303,13975.916
P13335,29886.635
P13475,10932.935
P13626,14886.904
P13653,10958.993
P13655,10763.77
P13669,12897.206
P13756,13975.916
P13778,31427.654
P13779,31686.768
P13780,29886.635
P13784,124486.72
P13785,11932.906
P13791,29886.635
P13810,29886.635
P13891,13975.916
P13892,14713.854
P13894,11194.969
P13895,11932.906
P13900,12897.206
P13917,13635.146
P13922,12897.206
P13930,12897.206
P13935,10849.416
P13965,14243.269
P14015,12897.206
P14016,13635.146
P14017,12897.206
P14100,14713.854
P14305,17824.42
P14342,13975.916
P14358,11585.227
P14444,10763.77
P14445,10763.77
P14449,10763.77
P14454,10763.77
P14456,10763.77
P14465,10763.77
P14472,10763.77
P14474,10849.416
P14551,10763.77
P14557,10763.77
P14558,10763.77
P14561,106593.74
P14574,10763.77
P14579,12897.206
P14583,12897.206
P14604,10849.416
P14617,10763.77
P14658,26408.236
P14660,11501.709
P14668,12897.206
P14670,12897.206
P14671,12897.206
P14704,10847.288
P14744,13635.146
P14836,12897.206
P14949,12897.206
P14968,10849.416
P15054,13975.916
P15062,14713.854
P15075,12897.206
P15076,12897.206
P15077,12897.206
P15089,10763.77
P15092,10763.77
P15113,13975.916
P15130,13975.916
P15164,13975.916
P15173,14713.854
P15193,12897.206
P15194,12897.206
P15259,12897.206
P15262,12897.206
P15266,12897.206
P15271,12897.206
P15275,13635.146
P15281,10763.77
P15301,12897.206
P15303,12897.206
P15304,13635.146
P15312,12897.206
P15315,12897.206
P15316,12897.206
P15318,13635.146
P15322,13635.146
P15323,20335.914
P15329,12897.206
P15330,12897.206
P15331,161926.78
P15332,17487.717
P15334,12897.206
P15336,133234.31
P15408,12897.206
P15415,12897.206
P15420,10763.77
P15421,10849.416
P15425,23560.04
P15435,10849.416
P15437,10763.77
P15445,10763.77
P15448,10763.77
P15508,31686.768
P15510,31686.768
P15533,13975.916
P15538,21755.098
P15704,11501.709
P15729,10763.77
P15745,140592.17
P15789,13975.916
P15830,13975.916
P15857,11194.969
P15860,13975.916
P15942,10763.77
P15946,13635.146
P15950,12897.206
P15965,12897.206
P15969,12897.206
P15973,12897.206
P16079,25651.389
P16155,167886.72
P16156,167886.72
P16157,167886.72
P16160,12897.206
P16182,12897.206
P16213,31686.768
P16228,13975.916
P16355,10847.288
P16371,10849.416
P16381,32400.46
P16382,12897.206
P16383,12897.206
P16384,12897.206
P16387,13635.146
P16388,13635.146
P16390,12897.206
P16429,14713.854
P16446,12897.206
P16470,12897.206
P16471,12897.206
P16473,12897.206
P16475,13635.146
P16479,12897.206
P16481,12897.206
P16513,20335.914
P16514,13635.146
P16561,10958.993
P16597,12897.206
P16598,10763.77
P16615,10847.288
P16628,10847.288
P16675,12897.206
P16884,25651.389
P16892,12897.206
P17003,14713.854
P17008,13975.916
P17151,12897.206
P17152,30092.48
P17180,10849.416
P17220,12897.206
P17224,12897.206
P17226,13635.146
P17266,12897.206
P17318,14713.854
P17441,13635.146
P17443,12897.206
P17450,12897.206
P17497,14886.904
P17506,14886.904
P17515,14886.904
P17528,25651.389
P17529,25651.389
P17904,13635.146
P17933,21353.178
P18187,10763.77
P18265,25651.389
P18314,10763.77
P18322,12897.206
P18325,10763.77
P18334,10763.77
P18354,12897.206
P18421,10763.77
P18435,10849.416
P18505,12897.206
P18588,13975.916
P18593,13975.916
P18618,13975.916
P18766,12897.206
P18847,13975.916
P18871,13975.916
P19146,14713.854
P19147,13975.916
P19263,11585.227
P19285,13975.916
P19372,11501.709
P19374,10763.77
P19429,14713.854
P19688,133234.31
P19689,12897.206
P19692,12897.206
P19705,12897.206
P19707,12897.206
P19708,13635.146
P19712,13635.146
P20126,13635.146
P20128,12897.206
P20133,12897.206
P20134,12897.206
P20250,12897.206
P20357,10763.77
P20367,10763.77
P20369,10763.77
P20375,10763.77
P20419,10763.77
P20902,10763.77
P20980,13975.916
P21063,13975.916
P21093,10849.416
P21099,10763.77
P21153,13975.916
P21188,35248.656
P21190,20335.914
P21191,12897.206
P21286,12897.206
P21377,10763.77
P21380,13975.916
P21399,10763.77
P21645,10763.77
P21647,10763.77
P21774,14713.854
P21838,10849.416
P21870,13812.07
P21899,10849.416
P21900,10763.77
P21901,10763.77
P21902,10763.77
P21903,10763.77
P21905,10763.77
P21912,11501.709
P21916,10849.416
P21918,10763.77
P21922,11501.709
P21923,11501.709
P21926,10763.77
P21927,10763.77
P21957,11362.306
P22034,12897.206
P22656,12897.206
P22658,12897.206
P22673,13635.146
P22679,12897.206
P22680,13635.146
P22681,12897.206
P22683,12897.206
P22684,12897.206
P22687,13635.146
P22688,12897.206
P22897,34090.46
P23151,11696.933
P23154,13812.07
P23156,11587.355
P23241,13975.916
P23261,13975.916
P23328,14713.854
P23444,15485.442
P23521,12897.206
P23550,15485.442
P23720,13635.146
P23733,13635.146
P23839,15485.442
P23861,11362.306
P23931,14886.904
P24016,13635.146
P24132,13975.916
P24351,11501.709
P24493,13975.916
P24551,13975.916
P24747,25651.389
P24748,25651.389
P24758,25651.389
P24789,14886.904
P24831,12897.206
P24870,25651.389
P24906,12897.206
P24911,12897.206
P24922,17487.717
P24957,13635.146
P25015,29886.635
P25074,11194.969
P25148,13975.916
P25154,13975.916
P25191,13635.146
P25225,13635.146
P25279,11501.709
P25419,12897.206
P25423,12897.206
P25425,12897.206
P25426,12897.206
P25485,11782.578
P25487,11696.933
P25502,11501.709
P25691,14713.854
P25693,14713.854
P25979,12897.206
P26047,12897.206
P26383,12897.206
P26393,13635.146
P26439,14713.854
P26461,13975.916
P26540,146423.16
P26574,11501.709
P26684,13635.146
P26726,13635.146
P26729,12897.206
P26732,12897.206
P26734,13635.146
P26778,14713.854
P26807,10849.416
P26863,12897.206
P26973,14713.854
P27048,14713.854
P27153,14713.854
P27174,13975.916
P27212,10847.288
P27218,10932.935
P27229,13975.916
P27241,14713.854
P27242,13975.916
P27295,11501.709
P27296,11501.709
P27299,10763.77
P27340,12897.206
P27410,29774.53
P27414,25878.236
P27416,29774.53
P27504,12897.206
P27508,13635.146
P27516,13635.146
P27517,13635.146
P27518,13635.146
P27519,12897.206
P27523,13635.146
P27545,12897.206
P27547,12897.206
P27553,12897.206
P27555,12897.206
P27560,12897.206
P27561,12897.206
P27566,12897.206
P27577,12897.206
P27580,12897.206
P27586,12897.206
P27587,12897.206
P27590,11501.709
P27598,11501.709
P27600,11501.709
P27607,13635.146
P27609,13635.146
P27620,10763.77
P27627,10763.77
P27628,12897.206
P27645,29886.635
P27648,11585.227
P27649,11585.227
P27723,13635.146
P27734,12897.206
P27801,10847.288
P28236,124486.72
P28239,11932.906
P28241,34873.92
P28242,29886.635
P28246,11194.969
P28253,11194.969
P28254,11194.969
P28257,11194.969
P28302,13975.916
P28303,13975.916
P28304,13975.916
P28389,11696.933
P28416,12897.206
P28472,12897.206
P28488,11501.709
P28526,14713.854
P28541,11585.227
P28707,29886.635
P28714,10763.77
P28732,11501.709
P28740,13635.146
P28776,14886.904
P28859,12897.206
P28862,13635.146
P28877,13635.146
P28878,13635.146
P28882,13635.146
P28883,13635.146
P28884,13635.146
P28885,133234.31
P28886,166810.22
P28894,12897.206
P28895,12897.206
P28898,12897.206
P28900,12897.206
P28902,13635.146
P28905,13635.146
P28908,163275.94
P28912,13635.146
P28919,13635.146
P28931,13635.146
P28935,13635.146
P28937,13635.146
P28945,12897.206
P28946,13635.146
P28947,13635.146
P28948,13635.146
P28951,13635.146
P28952,13635.146
P28953,12897.206
P28955,12897.206
P28961,12897.206
P28963,12897.206
P29034,13635.146
P29041,13635.146
P29043,11501.709
P29047,11587.355
P29064,11501.709
P29066,11501.709
P29073,13635.146
P29083,12521.427
P29087,12521.427
P29101,12897.206
P29104,12897.206
P29106,12897.206
P29107,12897.206
P29173,13635.146
P29193,12897.206
P29211,17487.717
P29214,12897.206
P29217,12897.206
P29244,13975.916
P29256,13975.916
P29269,13975.916
P29293,14713.854
P29295,29886.635
P29344,12897.206
P29345,12897.206
P29393,25651.389
P29432,29774.53
P29446,25878.236
P29476,14886.904
P29482,14886.904
P29490,21755.098
P29496,14886.904
P29505,14886.904
P29524,25651.389
P29530,10763.77
P29605,12897.206
P29733,12897.206
P29770,12897.206
P29778,12897.206
P29793,13635.146
P29918,126213.45
P29982,10847.288
P30033,12897.206
P30036,12897.206
P30038,10763.77
P30039,12897.206
P30040,12897.206
P30043,10763.77
P30047,10763.77
P30048,10763.77
P30049,10763.77
P30096,13635.146
P30261,11501.709
P30286,11587.355
P30301,11044.64
P30331,11782.578
P30462,10763.77
P30469,10763.77
P30471,10763.77
P30474,10763.77
P30475,10763.77
P30480,11587.355
P30481,11501.709
P30485,11501.709
P30487,11587.355
P30491,10763.77
P30492,13635.146
P30493,10763.77
P30494,10763.77
P30500,10763.77
P30501,10763.77
P30506,11501.709
P30653,11670.872
P30746,13975.916
P30776,11670.872
P30809,10763.77
P30871,11587.355
P30880,10763.77
P31178,11501.709
P31338,35248.656
P31339,13635.146
P31367,13975.916
P31370,11194.969
P31444,11932.906
P31462,13635.146
P31465,13635.146
P31503,12897.206
P31612,159789.34
P31636,31427.654
P31638,29886.635
P31643,14713.854
P31648,13975.916
P31715,14713.854
P31770,14713.854
P31810,25651.389
P31815,10849.416
P31816,14886.904
P31818,10849.416
P31848,12897.206
P31880,11696.933
P31918,189085.9
P31930,10763.77
P32231,34090.46
P32310,31686.768
P32367,11585.227
P32444,13975.916
P32686,11585.227
P32687,140592.17
P32783,10763.77
P32925,14713.854
P33324,11280.614
P33542,10847.288
P33584,36327.363
P33807,13975.916
P33832,14713.854
P33850,14713.854
P33856,142972.9
P33927,31686.768
P33935,31686.768
P33936,31686.768
P33942,31427.654
P33973,130824.21
P33974,29886.635
P33976,13975.916
P33982,31974.002
P34142,12897.206
P34143,13635.146
P34145,12897.206
P34146,12897.206
P34147,12897.206
P34148,12897.206
P34190,12897.206
P34192,12897.206
P34227,12897.206
P34259,13635.146
P34280,12897.206
P34281,12897.206
P34288,13635.146
P34391,12897.206
P34393,12897.206
P34394,12897.206
P34396,12897.206
P34397,12897.206
P34398,12897.206
P34400,12897.206
P34401,12897.206
P34402,12897.206
P34403,13635.146
P34404,13635.146
P34406,133234.31
P34407,133234.31
P34408,13635.146
P34410,13635.146
P34414,12897.206
P34418,166072.28
P34419,12897.206
P34421,12897.206
P34422,13635.146
P34425,13635.146
P34426,13635.146
P34430,12897.206
P34432,12897.206
P34433,12897.206
P34435,12897.206
P34436,12897.206
P34437,12897.206
P34438,12897.206
P34440,13635.146
P34442,13635.146
P34443,13635.146
P34452,14077.809
P34454,13635.146
P34455,13635.146
P34456,13635.146
P34458,135615.06
P34459,127274.39
P34462,13635.146
P34463,127274.39
P34464,13635.146
P34465,13635.146
P34466,13635.146
P34471,12897.206
P34515,12897.206
P34516,12897.206
P34521,12897.206
P34522,12897.206
P34527,12897.206
P34528,12897.206
P34529,12897.206
P34562,11501.709
P34629,11501.709
P34723,11501.709
P34760,166810.22
P34854,11932.906
P34856,11932.906
P34857,11932.906
P34870,12018.553
P34879,11696.933
P34889,11932.906
P34891,12018.553
P34896,11932.906
P34898,11932.906
P34899,11932.906
P34901,12018.553
P34902,11932.906
P34959,11782.578
P35002,11194.969
P35040,11696.933
P35078,10958.993
P35081,10958.993
P35098,12716.65
P35167,11194.969
P35169,11194.969
P35171,11194.969
P35238,136784.14
P35275,126213.45
P35309,11932.906
P35312,11932.906
P35313,11932.906
P35317,11932.906
P35318,11932.906
P35321,11932.906
P35323,11280.614
P35325,13975.916
P35327,14713.854
P35328,14713.854
P35330,29886.635
P35334,14713.854
P35335,14713.854
P35336,11932.906
P35337,14713.854
P35338,14713.854
P35340,14713.854
P35342,14713.854
P35343,14713.854
P35344,14713.854
P35345,14713.854
P35346,29886.635
P35348,14713.854
P35350,29886.635
P35353,29886.635
P35355,29886.635
P35356,31427.654
P35357,29886.635
P35358,29886.635
P35359,29886.635
P35360,29886.635
P35361,29886.635
P35362,14713.854
P35363,29886.635
P35512,29886.635
P35513,14713.854
P35514,29886.635
P35515,29886.635
P35516,29886.635
P35518,29886.635
P35644,29886.635
P35972,13635.146
P35973,133234.31
P35974,133234.31
P35976,13635.146
P35998,133234.31
P35999,13635.146
P36005,13635.146
P36007,13635.146
P36008,13635.146
P36009,13635.146
P36013,133234.31
P36017,13635.146
P36039,14713.854
P36100,12897.206
P36165,13635.146
P36183,13635.146
P36184,13635.146
P36199,12897.206
P36232,13635.146
P36250,12897.206
P36268,12897.206
P36281,13635.146
P36370,10763.77
P36371,11501.709
P36412,11501.709
P36418,12897.206
P36527,13635.146
P36529,13635.146
P36567,12897.206
P36636,12897.206
P36671,34873.92
P36707,36414.945
P36708,36414.945
P36710,36414.945
P36724,14713.854
P36770,11585.227
P36840,13975.916
P37038,29886.635
P37059,14713.854
P37114,11501.709
P37124,10763.77
P37131,11501.709
P37270,13635.146
P37286,12897.206
P37290,12897.206
P37291,12897.206
P37292,13635.146
P37295,13635.146
P37297,13635.146
P37298,12897.206
P37299,167886.72
P37302,12897.206
P37303,12897.206
P37304,12897.206
P37305,13635.146
P37306,13635.146
P37314,167886.72
P37317,133234.31
P37319,12897.206
P37322,12897.206
P37323,12897.206
P37326,13635.146
P37328,163275.94
P37329,13635.146
P37330,13635.146
P37360,12897.206
P37362,137845.08
P37363,12897.206
P37366,12897.206
P37369,163275.94
P37371,13635.146
P37372,14077.809
P37375,13635.146
P37376,157316.03
P37377,13635.146
P37378,137845.08
P37379,12897.206
P37381,137845.08
P37460,14886.904
P37513,13635.146
P37562,13635.146
P37563,163275.94
P37564,13635.146
P37566,13635.146
P37584,167886.72
P37585,12897.206
P37586,12897.206
P37588,12897.206
P37589,12897.206
P37590,12897.206
P37591,12897.206
P37593,12897.206
P37615,13635.146
P37616,13635.146
P37618,13635.146
P37619,13635.146
P37635,137845.08
P37637,13635.146
P37638,13635.146
P37641,12897.206
P37642,12897.206
P37644,13635.146
P37645,137845.08
P37648,163275.94
P37650,167886.72
P37651,137845.08
P37653,167886.72
P37654,163275.94
P37657,13635.146
P37658,13635.146
P37660,13635.146
P37661,13635.146
P37676,13635.146
P37677,13635.146
P37680,13635.146
P37681,13635.146
P37682,13635.146
P37683,13635.146
P37684,13635.146
P37687,13635.146
P37689,13635.146
P37757,13635.146
P37765,12897.206
P37768,163275.94
P37770,167886.72
P37771,12897.206
P37772,167886.72
P37773,140225.81
P37774,12897.206
P37775,163275.94
P37778,161926.78
P37782,137845.08
P37784,133234.31
P37787,137845.08
P37790,137845.08
P37792,12897.206
P37794,137845.08
P37795,161926.78
P37796,161926.78
P37798,137845.08
P37799,12897.206
P37801,13635.146
P37802,12897.206
P37803,13635.146
P37809,13635.146
P37810,127274.39
P37811,13635.146
P37814,163275.94
P37815,163275.94
P37816,163275.94
P37827,13635.146
P37828,13635.146
P37842,13635.146
P37843,13635.146
P37849,12897.206
P37853,12897.206
P37909,11501.709
P37952,29886.635
P38217,134632.23
P38238,14713.854
P38329,25651.389
P38333,25651.389
P38361,25651.389
P38364,25651.389
P38377,25651.389
P38404,25651.389
P38469,11501.709
P38470,11587.355
P38473,10763.77
P38474,10849.416
P38478,11501.709
P38504,14713.854
P38576,14713.854
P38580,14713.854
P38644,13635.146
P38706,26408.236
P38707,26408.236
P38721,10763.77
P38732,10849.416
P38736,11501.709
P38738,10763.77
P38746,10763.77
P38748,11501.709
P38749,11501.709
P38750,11501.709
P38751,10763.77
P38756,10763.77
P38758,10763.77
P38765,10849.416
P38769,12897.206
P38776,11501.709
P38777,11501.709
P38782,13635.146
P38797,11696.933
P38845,12897.206
P38961,25878.236
P38986,21755.098
P38987,10763.77
P39061,13635.146
P39141,130824.21
P39146,10763.77
P39153,11501.709
P39161,10763.77
P39162,10763.77
P39285,13635.146
P39445,25878.236
P39535,29886.635
P39600,13635.146
P39620,10849.416
P39633,11501.709
P39645,10763.77
P39646,10763.77
P39647,10763.77
P39748,12897.206
P39753,10958.993
P39764,135615.06
P39777,13635.146
P39781,12897.206
P39786,13635.146
P39787,13635.146
P39797,10763.77
P39798,12897.206
P39806,12897.206
P39809,13635.146
P39812,12897.206
P39813,12897.206
P39818,12897.206
P39820,12897.206
P39824,12897.206
P39834,13635.146
P39835,13635.146
P39836,13635.146
P39841,13635.146
P39844,13635.146
P39863,13635.146
P39928,11194.969
P39937,29886.635
P39940,29886.635
P39943,14713.854
P39944,14713.854
P39945,14713.854
P39949,29886.635
P39951,29886.635
P39968,29886.635
P39976,29886.635
P39978,29886.635
P39980,29886.635
P39982,29886.635
P39984,29886.635
P39988,29886.635
P39990,13975.916
P39992,13975.916
P39994,13975.916
P39996,13975.916
P39997,14713.854
P39998,13975.916
P40000,13975.916
P40002,13975.916
P40007,13975.916
P40008,13975.916
P40010,13975.916
P40012,13975.916
P40018,13975.916
P40019,31427.654
P40103,14713.854
P40104,13975.916
P40105,13975.916
P40107,13975.916
P40108,14713.854
P40109,13975.916
P40112,13975.916
P40114,13975.916
P40116,13975.916
P40117,14713.854
P40118,14713.854
P40122,14713.854
P40124,14713.854
P40126,14713.854
P40127,29886.635
P40131,14713.854
P40132,11932.906
P40134,11932.906
P40135,10958.993
P40137,142251.77
P40138,11696.933
P40140,11932.906
P40142,11932.906
P40143,11932.906
P40144,11194.969
P40145,11194.969
P40146,11280.614
P40148,11194.969
P40150,11194.969
P40158,11932.906
P40159,31427.654
P40160,11932.906
P40161,29886.635
P40162,132173.39
P40163,132173.39
P40165,11932.906
P40166,11932.906
P40167,11932.906
P40170,11932.906
P40171,11932.906
P40172,14713.854
P40173,11932.906
P40174,11932.906
P40177,11932.906
P40178,11932.906
P40179,11932.906
P40181,11932.906
P40182,14713.854
P40183,13975.916
P40190,13975.916
P40196,13975.916
P40198,13975.916
P40199,13975.916
P40201,13975.916
P40203,11932.906
P40206,14713.854
P40218,14713.854
P40219,14713.854
P40220,14713.854
P40221,14713.854
P40223,14713.854
P40224,14713.854
P40226,11932.906
P40228,11696.933
P40229,11696.933
P40230,11696.933
P40232,11932.906
P40234,11932.906
P40236,11932.906
P40237,11932.906
P40238,11932.906
P40240,143600.94
P40241,14713.854
P40243,11194.969
P40244,13975.916
P40245,11194.969
P40246,148211.7
P40248,11194.969
P40249,148211.7
P40251,11194.969
P40252,148211.7
P40253,11194.969
P40254,11194.969
P40255,11194.969
P40256,14713.854
P40257,11194.969
P40258,11932.906
P40259,11932.906
P40261,148211.7
P40262,13975.916
P40264,11280.614
P40265,11194.969
P40268,11194.969
P40271,10958.993
P40273,11194.969
P40274,142251.77
P40275,145981.67
P40276,11280.614
P40277,14713.854
P40278,143600.94
P40281,11194.969
P40282,11194.969
P40283,142251.77
P40284,13975.916
P40285,13975.916
P40289,13975.916
P40291,13975.916
P40293,13975.916
P40294,13975.916
P40295,13975.916
P40297,13975.916
P40298,11194.969
P40324,13975.916
P40325,13975.916
P40326,13975.916
P40328,13975.916
P40329,13975.916
P40331,13975.916
P40332,13975.916
P40333,13975.916
P40334,13975.916
P40335,13975.916
P40336,13975.916
P40339,13975.916
P40341,14713.854
P40343,13975.916
P40345,13975.916
P40346,11194.969
P40348,13975.916
P40349,13975.916
P40352,13975.916
P40358,13975.916
P40361,13975.916
P40363,13975.916
P40365,13975.916
P40366,13975.916
P40368,13975.916
P40370,14713.854
P40371,14713.854
P40373,14713.854
P40374,14713.854
P40375,14713.854
P40376,13975.916
P40377,13975.916
P40379,13975.916
P40381,13975.916
P40383,13975.916
P40384,13975.916
P40385,13975.916
P40386,13975.916
P40387,13975.916
P40556,13635.146
P40563,12897.206
P40601,13635.146
P40618,13635.146
P40627,14713.854
P40657,11194.969
P40658,11194.969
P40659,12018.553
P40660,11932.906
P40662,11194.969
P40667,11194.969
P40668,11194.969
P40669,11194.969
P40672,11280.614
P40673,11194.969
P40674,11194.969
P40675,11194.969
P40677,11194.969
P40688,11932.906
P40690,14713.854
P40693,11194.969
P40694,11280.614
P40697,11932.906
P40698,14713.854
P40700,11932.906
P40701,14713.854
P40702,11194.969
P40703,11194.969
P40705,11194.969
P40706,11280.614
P40707,148211.7
P40708,150592.44
P40709,10958.993
P40711,11194.969
P40714,11280.614
P40716,11280.614
P40719,11932.906
P40720,11194.969
P40721,11194.969
P40724,10958.993
P40726,10958.993
P40727,11696.933
P40729,11280.614
P40730,11194.969
P40731,143600.94
P40732,14713.854
P40733,143600.94
P40747,14713.854
P40749,13975.916
P40757,14713.854
P40758,14713.854
P40759,14713.854
P40760,14713.854
P40763,13975.916
P40775,13975.916
P40776,13975.916
P40808,143600.94
P40864,14713.854
P40880,13635.146
P40881,13635.146
P40890,13635.146
P40914,13635.146
P40915,13635.146
P40929,12897.206
P40955,15156.517
P40966,29886.635
P40967,29886.635
P40968,29886.635
P40978,13975.916
P41086,35631.484
P41090,34090.46
P41156,11501.709
P41185,11501.709
P41232,131562.14
P41234,29886.635
P41235,29886.635
P41240,11932.906
P41241,11932.906
P41243,11932.906
P41246,11696.933
P41249,11932.906
P41262,11932.906
P41330,13975.916
P41331,13975.916
P41334,29886.635
P41335,29886.635
P41336,11194.969
P41338,11194.969
P41340,11696.933
P41343,11194.969
P41344,10958.993
P41345,11932.906
P41347,130824.21
P41348,11932.906
P41354,11194.969
P41356,139164.88
P41357,11194.969
P41359,11194.969
P41360,11194.969
P41361,11194.969
P41362,139164.88
P41374,29886.635
P41375,29886.635
P41377,29886.635
P41382,30313.14
P41408,11501.709
P41429,14713.854
P41434,14713.854
P41437,13975.916
P41439,14713.854
P41442,11932.906
P41470,11501.709
P41535,10958.993
P41593,11585.227
P41596,11501.709
P41613,11501.709
P41715,10763.77
P41741,12897.206
P41756,12897.206
P41764,12897.206
P41769,13635.146
P41812,13635.146
P41816,12897.206
P41830,13635.146
P41849,13635.146
P41851,13635.146
P41866,12897.206
P41872,13635.146
P41873,13635.146
P41875,13635.146
P41876,13635.146
P41878,13635.146
P41890,13635.146
P41893,13635.146
P41925,12897.206
P41926,12897.206
P41929,12897.206
P41930,12897.206
P41932,13635.146
P41935,13635.146
P41937,13635.146
P41939,13635.146
P41940,13635.146
P41941,13635.146
P41947,12897.206
P41949,12897.206
P41950,12897.206
P41951,12897.206
P41953,13635.146
P41963,13635.146
P41965,13635.146
P41967,13635.146
P41968,13635.146
P41971,13635.146
P41973,13635.146
P41977,11501.709
P42030,12018.553
P42046,13975.916
P42100,139164.88
P42104,31686.768
P42235,132173.39
P42300,12897.206
P42329,12897.206
P42354,12897.206
P42418,12897.206
P42430,11501.709
P42432,100633.805
P42434,10763.77
P42437,11501.709
P42439,10763.77
P42444,13635.146
P42445,13635.146
P42446,13635.146
P42448,11501.709
P42458,11501.709
P42459,11501.709
P42460,11501.709
P42461,11501.709
P42463,11587.355
P42470,11587.355
P42480,10763.77
P42488,13635.146
P42489,13635.146
P42491,21353.178
P42493,13635.146
P42503,13635.146
P42508,12897.206
P42514,12897.206
P42521,13635.146
P42523,12897.206
P42528,12897.206
P42530,12897.206
P42531,13635.146
P42533,12897.206
P42536,12897.206
P42537,12897.206
P42538,12897.206
P42545,10849.416
P42554,13635.146
P42556,13635.146
P42558,13635.146
P42559,13635.146
P42560,13635.146
P42562,13635.146
P42570,13635.146
P42575,13635.146
P42578,13635.146
P42586,13635.146
P42706,13975.916
P42721,31427.654
P42793,14713.854
P42794,14713.854
P42796,145981.67
P42822,14713.854
P42824,14713.854
P42855,14713.854
P42869,13975.916
P43033,11932.906
P43065,165011.34
P43090,29886.635
P43132,11501.709
P43186,10763.77
P43187,130824.21
P43391,10849.416
P43480,11585.227
P43517,132173.39
P43639,124958.37
P43710,29886.635
P43804,103381.19
P43808,15156.517
P43824,12690.775
P43849,12264.27
P43850,12264.27
P43906,15583.022
P43909,15583.022
P43916,124958.37
P43943,15583.022
P43946,20911.893
P43979,20911.893
P43989,27770.174
P44020,28196.68
P44024,28196.68
P44027,14077.809
P01033,9259.704
P01063,30727.54
P01079,17333.246
P01106,32100.639
P01156,30727.54
P01162,5182.335
P01197,2787.0325
P01206,4767.719
P01239,2638.1077
P01303,7552.9272
P01314,32100.639
P01315,30727.54
P01332,30727.54
P01379,4767.719
P01443,25049.922
P01463,5476.0947
P01502,34127.035
P01510,7552.9272
P01576,7552.9272
P01623,30727.54
P01626,30727.54
P01637,2787.0325
P01638,30727.54
P01648,7552.9272
P01664,116746.5
P01667,8775.748
P01718,6140.8145
P01741,55732.97
P01749,7552.9272
P01753,7552.9272
P01757,7552.9272
P01766,9893.809
P01770,7552.9272
P01776,4767.719
P01812,30727.54
P01816,3006.089
P01841,34597.203
P01844,30727.54
P01859,7552.9272
P01860,118093.055
P01879,2419.051
P01889,4144.9863
P01918,34597.203
P01923,25268.979
P01934,7082.7593
P01962,13554.694
P01981,34597.203
P01999,2963.214
P02025,7552.9272
P02037,8862.668
P02040,7019.9414
P02053,7082.7593
P02075,34597.203
P02077,30727.54
P02095,153896.77
P02124,30727.54
P02152,35820.02
P02159,32100.639
P02165,107712.12
P02178,31142.158
P02206,2787.0325
P02228,30727.54
P02232,52108.117
P02241,4949.2246
P02284,36904.203
P02285,38597.184
P02408,8966.719
P02423,8775.748
P02435,34597.203
P02442,34597.203
P02459,7552.9272
P02508,8493.243
P02521,5108.1143
P02535,8305.58
P02536,7552.9272
P02541,52108.117
P02546,30946.596
P02580,34127.035
P02586,15454.138
P02685,8333.662
P02689,13544.737
P02805,2507.5496
P02808,7552.9272
P02812,13554.694
P02852,7712.508
P02863,4018.0674
P02886,118093.055
P02887,118093.055
P02888,15454.138
P02913,5701.876
P02921,4949.2246
P02923,7552.9272
P02978,142334.3
P02982,4767.719
P03028,5888.848
P03068,7552.9272
P03070,8775.748
P03157,7552.9272
P03178,34597.203
P03201,6571.415
P03213,7297.891
P03225,20530.074
P03332,154544.69
P03337,7059.144
P03343,7552.9272
P03352,7516.9487
P03369,8281.965
P03439,8771.159
P03444,30727.54
P03452,7059.144
P03458,7552.9272
P03459,7059.144
P03461,7059.144
P03462,7552.9272
P03463,2507.5496
P03578,8552.102
P03602,30257.371
P03628,4464.873
P03631,8552.102
P03654,4488.236
P03675,4120.2554
P03684,7552.9272
P03696,30727.54
P03724,8169.985
P03751,4120.2554
P03772,5177.7124
P03786,30727.54
P03808,7552.9272
P03809,7461.8867
P03815,30727.54
P03908,3182.2708
P03923,30727.54
P03933,8081.933
P03934,4856.438
P03935,4297.551
P03979,4949.2246
P04044,30727.54
P04051,34597.203
P04070,4488.236
P04101,30727.54
P04108,15687.79
P04127,34597.203
P04133,30727.54
P04143,30946.596
P04161,30727.54
P04164,30946.596
P04169,30727.54
P04213,30727.54
P04251,7297.891
P04273,30727.54
P04285,34597.203
P04291,34597.203
P04329,30727.54
P04334,4028.0222
P04386,103803.24
P04387,7552.9272
P04393,13554.694
P04394,7059.144
P04396,8775.748
P04398,6203.4346
P04403,453724.7
P04408,30946.596
P04421,30727.54
P04434,4958.656
P04466,30727.54
P04525,7552.9272
P04531,7552.9272
P04560,7552.9272
P04564,34597.203
P04567,25049.922
P04570,30727.54
P04598,2787.0325
P04599,2787.0325
P04689,34597.203
P04690,25268.979
P04691,8775.748
P04697,4297.551
P04700,8081.933
P04736,5711.0557
P04758,30727.54
P04771,8552.102
P04830,14777.516
P04831,7552.9272
P04834,34597.203
P04836,34597.203
P04873,7552.9272
P04900,8649.945
P04901,13922.675
P04909,7541.508
P04924,20881.09
P04960,34597.203
P04964,7552.9272
P04966,8775.748
P04970,132791.97
P05039,4767.719
P05049,30727.54
P05059,2507.5496
P05081,30727.54
P05097,7059.144
P05098,7059.144
P05099,7552.9272
P05107,8775.748
P05109,37374.37
P05112,7552.9272
P05113,7552.9272
P05114,7552.9272
P05136,37374.37
P05138,37374.37
P05141,7552.9272
P05142,34597.203
P05143,34597.203
P05148,7552.9272
P05149,7552.9272
P05156,4986.776
P05258,2787.0325
P05283,7552.9272
P05284,13554.694
P05286,7552.9272
P05288,34597.203
P05291,7552.9272
P05292,7552.9272
P05302,20530.074
P05362,30727.54
P05392,14777.516
P05394,7552.9272
P05408,5317.205
P05441,8552.102
P05443,30727.54
P05455,8552.102
P05460,8552.102
P05537,6571.415
P05556,34816.26
P05558,34597.203
P05704,7552.9272
P05705,7059.144
P05712,7552.9272
P05716,7450.7397
P05762,30727.54
P05768,30727.54
P05797,9332.836
P05801,8552.102
P05805,4126.5674
P05812,3331.1953
P05838,6203.4346
P05864,34597.203
P05907,391372.66
P05944,7552.9272
P05949,2.0685841e+06
P05951,14777.516
P05968,30727.54
P05977,30727.54
P06069,30946.596
P06079,30946.596
P06086,7552.9272
P06087,7552.9272
P06088,8775.748
P06145,135501.44
P06151,8552.102
P06159,30727.54
P06170,137224.33
P06171,7297.891
P06187,8552.102
P06201,25049.922
P06230,37374.37
P06236,7552.9272
P06273,4409.841
P06343,34597.203
P06344,34597.203
P06352,6203.4346
P06376,121152.19
P06378,40892.266
P06379,7906.832
P06380,40892.266
P06383,121152.19
P06385,7906.832
P06386,8976.613
P06387,8976.613
P06388,8976.613
P06399,7906.832
P06402,40892.266
P06403,121152.19
P06404,40892.266
P06405,40892.266
P06408,40892.266
P06411,12234.237
P06413,11740.454
P06416,12234.237
P06418,12234.237
P06420,12234.237
P06421,12234.237
P06423,12234.237
P06428,12234.237
P06430,12234.237
P06447,11835.854
P06448,12354.625
P06573,7218.187
P06870,12761.263
P07133,40892.266
P07139,40892.266
P07154,121152.19
P07158,121152.19
P07159,40892.266
P07160,121152.19
P07257,47535.89
P07259,47535.89
P07293,40892.266
P07294,40892.266
P07298,7906.832
P07299,7906.832
P07506,8079.6147
P07544,121152.19
P07546,121152.19
P07547,13908.595
P07555,121152.19
P07556,7715.8955
P07559,121152.19
P07568,40892.266
P07573,247551.02
P07576,40892.266
P07578,40892.266
P07580,7413.0483
P07583,7906.832
P07589,121152.19
P07590,121152.19
P07595,40892.266
P07598,7906.832
P07599,121152.19
P07600,121152.19
P07601,121152.19
P07617,7906.832
P07619,247551.02
P07623,121152.19
P07625,254046.56
P07627,40892.266
P07633,40892.266
P07640,7715.8955
P07641,40892.266
P07645,121152.19
P07646,121152.19
P07655,7804.6143
P07656,40892.266
P07657,7958.1997
P07683,247551.02
P07684,383602.84
P07692,8976.613
P07694,8976.613
P07696,7958.1997
P07698,8976.613
P07702,8976.613
P07708,121152.19
P07709,121152.19
P07776,8538.351
P07777,8538.351
P07778,8094.0825
P07780,115229.7
P07783,8538.351
P07784,92579.27
P07790,8538.351
P07994,8538.351
P07996,8538.351
P07997,9761.171
P07998,8538.351
P08000,35214.65
P08005,8538.351
P08006,35214.65
P08009,35214.65
P08012,35214.65
P08014,36437.46
P08171,35214.65
P08172,36437.46
P08181,91356.45
P08187,91356.45
P08188,8196.301
P08189,91356.45
P08191,8196.301
P08194,8196.301
P08196,8196.301
P08200,91356.45
P08201,91356.45
P08203,8196.301
P08217,13120.99
P08222,7906.832
P08225,7804.6143
P08241,121152.19
P08242,7906.832
P08243,7906.832
P08281,47535.89
P08320,7906.832
P08322,121152.19
P08338,100613.56
P08340,92579.27
P08344,7920.0776
P08346,8549.527
P08348,8538.351
P08350,8538.351
P08353,91356.45
P08356,35214.65
P08357,9761.171
P08359,91356.45
P08363,7920.0776
P08364,8196.301
P08365,7920.0776
P08367,8538.351
P08368,35214.65
P08369,8538.351
P08374,91356.45
P08379,35214.65
P08380,35214.65
P08383,8538.351
P08387,35214.65
P08388,36437.46
P08390,35214.65
P08392,35214.65
P08396,8538.351
P08399,91356.45
P08400,8538.351
P08401,8538.351
P08404,107380.71
P08405,8447.31
P08406,8549.527
P08408,8181.5464
P08411,35214.65
P08412,35214.65
P08446,91356.45
P08448,107380.71
P08450,91356.45
P08463,8447.31
P08476,12108.435
P08481,12602.218
P08489,7804.6143
P08501,8044.567
P08502,8538.351
P08524,7461.678
P08526,7920.0776
P08527,7920.0776
P08587,12602.218
P08593,137176.47
P08602,7906.832
P08604,121152.19
P08609,40892.266
P08615,121152.19
P08616,121152.19
P08617,121152.19
P08620,121152.19
P08624,8976.613
P08625,8976.613
P08626,40892.266
P08633,8976.613
P08639,8976.613
P08641,121152.19
P08644,121152.19
P08648,121152.19
P08650,12602.218
P08655,12602.218
P08656,121152.19
P08657,7906.832
P08659,12602.218
P08660,7906.832
P08749,12602.218
P08785,8538.351
P08789,9761.171
P08792,8538.351
P08793,91356.45
P08796,8538.351
P08797,8538.351
P08801,8538.351
P08803,8538.351
P08804,8538.351
P08805,9761.171
P08807,9761.171
P08809,8538.351
P08810,8094.0825
P08812,8196.301
P08815,8538.351
P08816,8538.351
P08817,8094.0825
P08820,8538.351
P08821,8538.351
P08822,8538.351
P08828,8538.351
P08829,8196.301
P08830,8196.301
P08831,8196.301
P08832,91356.45
P08834,91356.45
P08835,91356.45
P08837,92579.27
P08842,8538.351
P08843,8538.351
P08844,8196.301
P08847,91356.45
P08849,91356.45
P08850,8538.351
P08851,8538.351
P08852,8538.351
P08853,8538.351
P08856,8094.0825
P08859,8094.0825
P08998,12602.218
P08999,12602.218
P09002,12602.218
P09004,12602.218
P09009,12602.218
P09030,9761.171
P09031,8538.351
P09033,8538.351
P09034,8538.351
P09036,9319.085
P09037,8538.351
P09038,8538.351
P09040,9761.171
P09053,8196.301
P09055,91356.45
P09056,91356.45
P09058,106055.35
P09060,91356.45
P09061,7598.204
P09074,7906.832
P09077,8976.613
P09078,8976.613
P09080,8976.613
P09082,8976.613
P09085,8976.613
P09088,8976.613
P09089,7906.832
P09094,7906.832
P09097,7906.832
P09099,7906.832
P09101,7906.832
P09104,7906.832
P09107,121152.19
P09112,40892.266
P09114,121152.19
P09115,121152.19
P09116,121152.19
P09120,7906.832
P09121,7906.832
P09126,121152.19
P09138,121152.19
P09141,121152.19
P09145,40892.266
P09146,40892.266
P09173,7102.4453
P09194,7789.8604
P09196,7892.078
P09197,40892.266
P09202,7789.8604
P09203,40892.266
P09210,8311.427
P09346,8538.351
P09353,8538.351
P09359,8538.351
P09362,8538.351
P09368,35214.65
P09373,7676.586
P09375,8079.3286
P09377,7676.586
P09378,8181.5464
P09379,8899.407
P09382,8181.5464
P09384,8079.3286
P09385,8170.3696
P09386,8170.3696
P09388,8181.5464
P09389,8079.3286
P09390,8079.3286
P09391,107012.73
P09393,35214.65
P09395,36437.46
P09396,35214.65
P09398,107012.73
P09399,8181.5464
P09400,107012.73
P09401,35214.65
P09449,35214.65
P09450,36437.46
P09452,36437.46
P09453,8538.351
P09454,9761.171
P09455,35214.65
P09457,8538.351
P09458,8538.351
P09460,8538.351
P09461,9761.171
P09464,8196.301
P09465,8094.0825
P09473,35214.65
P09474,35214.65
P09477,35214.65
P09479,36437.46
P09482,35214.65
P09484,91356.45
P09487,8538.351
P09488,8538.351
P09489,91356.45
P09493,8538.351
P09495,9761.171
P09496,8538.351
P09500,8538.351
P09501,8538.351
P09505,8538.351
P09506,8538.351
P09507,8538.351
P09509,8538.351
P09510,9267.388
P09519,8538.351
P09522,8538.351
P09524,8538.351
P09526,8538.351
P09527,8538.351
P09529,8538.351
P09530,8538.351
P09533,8538.351
P09534,8538.351
P09538,8538.351
P09541,8538.351
P09542,8538.351
P09543,8538.351
P09546,8538.351
P09565,9761.171
P09567,91356.45
P09570,8538.351
P09571,8538.351
P09590,8044.567
P09591,8538.351
P09592,8538.351
P09593,8538.351
P09595,100613.56
P09596,35214.65
P09597,35214.65
P09602,35214.65
P09603,8196.301
P09604,8196.301
P09606,7702.5176
P09609,8538.351
P09612,35214.65
P09614,35214.65
P09615,8538.351
P09616,35214.65
P09617,35214.65
P09620,35214.65
P09621,8538.351
P09624,8538.351
P09824,7225.1396
P09906,8608.633
P09909,7504.358
P09910,9086.393
P09911,8138.4644
P09912,8867.335
P09913,9086.393
P09914,9086.393
P09915,7504.358
P09916,7504.358
P09918,8285.093
P09919,7504.358
P09920,7504.358
P09928,10253.8545
P09992,7753.9697
P09997,6344.7183
P09998,8315.646
P10012,13127.047
P10014,13127.047
P10017,13597.215
P10018,12393.281
P10019,12492.94
P10020,13597.215
P10023,11238.729
P10028,12492.94
P10029,12492.94
P10030,12711.998
P10036,12711.998
P10037,13346.1045
P10040,12461.55
P10156,5984.9907
P10176,8240.724
P10213,42316.957
P10215,42316.957
P10216,42316.957
P10220,42316.957
P10221,42316.957
P10366,6171.935
P10393,6056.696
P10394,5984.9907
P10404,10034.797
P10405,11238.729
P10426,6753.564
P10431,8056.478
P10432,8056.478
P10434,8608.704
P10435,7902.8926
P10437,11606.709
P10449,8608.704
P10531,8447.961
P10628,8797.055
P10629,9082.065
P10630,8815.941
P10632,9209.809
P10637,7593.12
P10666,226895.2
P10670,8797.055
P10673,8316.795
P10680,6352.971
P10681,11606.709
P10682,7058.7827
P10684,9235.315
P10685,8031.3813
P10690,8608.704
P10691,7240.319
P10692,8762.29
P10704,8316.795
P10715,6606.213
P10734,40422.098
P10735,11036.884
P10736,11606.709
P10744,40422.098
P10745,40422.098
P10767,16641.701
P10775,12492.94
P10777,12492.94
P10778,12492.94
P10780,13346.1045
P10782,13273.674
P10783,13597.215
P10784,8240.724
P10785,6397.226
P10786,13597.215
P10791,8240.724
P10793,6877.7466
P10797,11129.965
P11065,6138.5767
P11086,11457.786
P11117,56488.406
P11171,19663.697
P11233,9501.441
P11236,8657.235
P11241,8023.1284
P11246,8867.335
P11248,8867.335
P11249,9971.609
P11252,8023.1284
P11255,9501.441
P11256,9971.609
P11259,8867.335
P11260,8867.335
P11263,8867.335
P11287,8867.335
P11290,8867.335
P11292,174230.03
P11293,195920.05
P11297,17643.865
P11318,8023.1284
P11323,8867.335
P11326,8867.335
P11328,8867.335
P11330,8867.335
P11331,8867.335
P11333,7504.358
P11336,12492.94
P11337,12492.94
P11338,12711.998
P11422,6784.8965
P11507,7723.415
P11508,8867.335
P11513,8867.335
P11518,8867.335
P11520,8867.335
P11568,52979.797
P11588,58499.73
P11683,6056.696
P11702,7225.1396
P11765,11129.965
P11766,13127.047
P11774,13127.047
P11777,12492.94
P11779,12492.94
P11780,12492.94
P11782,11129.965
P11783,12492.94
P11787,12492.94
P11788,12492.94
P11789,11129.965
P11790,11129.965
P11792,12492.94
P11794,13597.215
P11796,13273.674
P11797,8919.199
P11799,9086.393
P11800,11764.069
P11802,13273.674
P11806,8867.335
P11807,9086.393
P11810,9086.393
P11812,8608.633
P11814,8608.633
P11815,7504.358
P11824,12492.94
P11825,12711.998
P11828,13127.047
P11829,8138.4644
P11830,9086.393
P11846,13127.047
P11847,13273.674
P11854,8023.1284
P11865,13346.1045
P11868,9875.754
P11870,11238.729
P11871,12091.893
P12023,40422.098
P12101,42316.957
P12102,42316.957
P12104,13714.085
P12107,42316.957
P12108,42316.957
P12109,40892.266
P12116,8608.704
P12136,42316.957
P12171,8476.303
P12180,7225.1396
P12212,7606.6167
P12213,7753.9697
P12214,7606.6167
P12215,7753.9697
P12216,8240.724
P12218,7753.9697
P12230,6171.935
P12233,8459.781
P12236,7753.9697
P12237,7534.9116
P12238,7753.9697
P12240,7753.9697
P12242,8459.781
P12243,7534.9116
P12244,199670.47
P12318,178499.0
P12382,6344.7183
P12439,8867.335
P12440,292772.38
P12444,8023.1284
P12445,182818.53
P12450,8803.863
P12453,9127.403
P12459,9501.441
P12462,9501.441
P12463,8867.335
P12466,8867.335
P12469,8023.1284
P12473,8023.1284
P12478,8023.1284
P12482,8023.1284
P12488,8023.1284
P12498,7225.1396
P12510,13127.047
P12513,12492.94
P12520,8023.1284
P12522,12808.054
P12523,8023.1284
P12531,13127.047
P12534,11129.965
P12535,11129.965
P12537,13127.047
P12540,11349.022
P12542,11129.965
P12553,8023.1284
P12555,8023.1284
P12557,8867.335
P12564,7504.358
P12566,8867.335
P12571,8867.335
P12572,8867.335
P12573,12711.998
P12575,12711.998
P12576,16862.715
P12577,12492.94
P12578,12711.998
P12647,7663.4004
P12650,6424.6763
P12671,178329.75
P12719,7773.666
P12784,6386.5107
P12828,7654.0
P12926,7003.4614
P13011,12291.095
P13013,12860.922
P13041,55880.25
P13050,6395.2593
P13055,6395.2593
P13059,6395.2593
P13094,2855.993
P13097,7029.3647
P13098,6395.2593
P13193,171527.73
P13222,6784.8965
P13227,7490.7075
P13459,6784.8965
P13531,44249.75
P13647,8867.335
P13654,7534.9116
P13664,12492.94
P13666,12492.94
P13667,12711.998
P13668,12492.94
P13670,12492.94
P13672,12492.94
P13673,13346.1045
P13674,12711.998
P13686,7504.358
P13687,8867.335
P13688,8867.335
P13689,8867.335
P13690,7723.415
P13692,8867.335
P13695,8867.335
P13697,7504.358
P13782,40422.098
P13792,43418.32
P13867,12492.94
P13868,11129.965
P13889,13495.027
P13890,11656.988
P13901,11129.965
P13909,11764.069
P13910,11129.965
P13915,11031.293
P13932,12492.94
P13933,12492.94
P13934,12492.94
P13948,5554.4937
P14010,140933.2
P14011,173595.92
P14012,11129.965
P14014,174700.2
P14018,9501.441
P14020,9086.393
P14021,9086.393
P14025,20750.701
P14026,15239.334
P14027,12492.94
P14029,9501.441
P14030,7504.358
P14089,6563.775
P14092,6344.7183
P14123,178499.0
P14142,6344.7183
P14410,8459.781
P14411,7534.9116
P14414,12492.94
P14682,9152.837
P14684,7050.53
P14737,60771.332
P14745,12173.846
P14785,11031.293
P14813,8867.335
P14816,8867.335
P14821,8867.335
P14840,15134.156
P14853,11129.965
P14854,11129.965
P14856,11129.965
P14876,11129.965
P14878,11129.965
P14880,11349.022
P14887,11129.965
P14890,11129.965
P14893,11764.069
P14898,11129.965
P14906,11031.293
P14920,7504.358
P14921,8867.335
P14922,8867.335
P14925,7504.358
P14927,7723.415
P14929,11129.965
P15034,9086.393
P15035,9086.393
P15037,9501.441
P15038,9086.393
P15040,9086.393
P15050,12492.94
P15051,13346.1045
P15175,8867.335
P15176,8867.335
P15177,8867.335
P15183,7723.415
P15188,9501.441
P15191,9501.441
P15192,8867.335
P15196,13018.05
P15197,8867.335
P15203,12711.998
P15204,12711.998
P15205,12711.998
P15206,12492.94
P15209,9086.393
P15210,9086.393
P15213,8867.335
P15216,169276.39
P15218,9971.609
P15221,191600.52
P15222,8867.335
P15226,8867.335
P15228,8867.335
P15229,8867.335
P15233,8867.335
P15235,8867.335
P15240,8867.335
P15313,8023.1284
P15314,8023.1284
P15320,8023.1284
P15324,9501.441
P15326,8867.335
P15333,8657.235
P15335,8023.1284
P15337,19648.611
P15338,168528.7
P15355,8867.335
P15377,40900.88
P15414,6204.0474
P15446,42316.957
P15551,12753.009
P15707,6344.7183
P15708,7050.53
P15709,7606.6167
P15722,42316.957
P15723,42316.957
P15724,42316.957
P15798,127804.8
P15824,6712.699
P15856,7902.8926
P15858,8316.795
P15859,9063.179
P15886,19129.838
P15890,7504.358
P15891,8138.4644
P15897,7504.358
P15898,7504.358
P15907,12492.94
P15909,12492.94
P15910,11349.022
P15924,12492.94
P15925,11129.965
P15926,12711.998
P15927,12492.94
P15970,7225.1396
P16070,14713.223
P16090,23995.076
P16097,14236.851
P16158,8023.1284
P16161,12711.998
P16162,12492.94
P16163,12492.94
P16164,12711.998
P16169,9086.393
P16170,9086.393
P16171,8867.335
P16173,8867.335
P16175,12711.998
P16176,12492.94
P16177,16497.133
P16178,11129.965
P16179,12492.94
P16181,12492.94
P16183,12492.94
P16185,12492.94
P16186,12711.998
P16187,12492.94
P16188,12492.94
P16190,9086.393
P16193,8867.335
P16314,6784.8965
P16315,6784.8965
P16392,8199.245
P16415,7888.6787
P16491,173642.23
P16493,173642.23
P16494,173642.23
P16495,173642.23
P16496,8867.335
P16498,8867.335
P16500,8867.335
P16501,8867.335
P16503,8867.335
P16504,8867.335
P16506,8867.335
P16507,8867.335
P16516,8867.335
P16517,8867.335
P16519,8867.335
P16520,8867.335
P16521,8867.335
P16522,8867.335
P16524,8867.335
P16525,8867.335
P16526,9501.441
P16528,8867.335
P16529,8867.335
P16530,7504.358
P16534,196554.16
P16540,8867.335
P16542,8867.335
P16544,8867.335
P16545,8867.335
P16546,7504.358
P16548,8867.335
P16550,9501.441
P16552,8138.4644
P16558,195920.05
P16565,7534.9116
P16566,7825.675
P16569,8867.335
P16570,8867.335
P16571,178237.14
P16573,7606.6167
P16574,7534.9116
P16611,6784.8965
P16643,10020.865
P16660,9501.441
P16661,9086.393
P16687,55880.25
P16734,6101.102
P16735,6029.397
P16736,6029.397
P16744,6075.6704
P16750,7219.5903
P16751,7219.5903
P16752,7219.5903
P16753,7219.5903
P16756,7219.5903
P16757,6637.3477
P16758,19663.697
P16762,11480.25
P16763,7219.5903
P16787,19663.697
P16788,21238.475
P16789,7219.5903
P16832,7504.358
P16834,9501.441
P16867,183728.02
P16893,8867.335
P17133,8867.335
P17136,8867.335
P17137,7723.415
P17147,8867.335
P17148,8867.335
P17149,8657.235
P17150,8023.1284
P17154,8867.335
P17246,8867.335
P17248,8867.335
P17249,8867.335
P17255,8867.335
P17256,9501.441
P17257,12492.94
P17258,8867.335
P17261,7504.358
P17262,7504.358
P17264,12492.94
P17265,13346.1045
P17278,8867.335
P17287,7723.415
P17306,7723.415
P17308,12711.998
P17309,8797.055
P17313,9450.046
P17314,8797.055
P17315,8797.055
P17317,9577.789
P17319,8797.055
P17323,8797.055
P17324,7593.12
P17325,9650.217
P17415,6784.4043
P17422,8867.335
P17424,7504.358
P17442,12173.846
P17444,8242.187
P17447,8285.093
P17448,9501.441
P17479,8867.335
P17482,8867.335
P17483,8867.335
P17486,7504.358
P17501,6075.6704
P17502,10117.274
P17503,7219.5903
P17504,17131.4
P17508,6101.102
P17518,7219.5903
P17521,11480.25
P17523,7219.5903
P17527,23852.65
P17530,23852.65
P17539,18300.72
P17540,72567.72
P17542,19663.697
P17562,42316.957
P17660,7029.3647
P17829,10638.308
P17855,8815.941
P17856,7593.12
P17857,9650.217
P17927,6395.2593
P17934,11250.351
P17964,10654.971
P17974,6395.2593
P17993,6395.2593
P18049,8138.4644
P18051,6171.935
P18053,8867.335
P18054,7504.358
P18061,8138.4644
P18063,8867.335
P18065,8357.522
P18123,6101.102
P18127,15787.622
P18128,449226.78
P18156,18300.72
P18157,23852.65
P18159,19663.697
P18161,19663.697
P18191,23667.887
P18194,11480.25
P18195,7219.5903
P18211,7219.5903
P18217,10587.442
P18225,8867.335
P18227,8867.335
P18231,8867.335
P18253,7219.5903
P18258,7219.5903
P18259,23852.65
P18261,11480.25
P18262,7219.5903
P18279,19663.697
P18281,19663.697
P18296,21238.475
P18300,10117.274
P18434,6243.64
P18460,22458.283
P18519,10760.225
P18522,7219.5903
P18557,8867.335
P18558,8867.335
P18650,13597.215
P18651,11129.965
P18654,8867.335
P18655,12492.94
P18656,11129.965
P18731,7504.358
P18735,11349.022
P18739,6325.521
P18749,12492.94
P18752,12492.94
P18755,12492.94
P18769,8867.335
P18771,12492.94
P18796,8797.055
P19035,13127.047
P19037,12711.998
P19038,12492.94
P19041,9086.393
P19052,57775.11
P19124,10618.507
P19250,7418.5103
P19252,8391.109
P19253,6712.699
P19265,7490.7075
P19282,6712.699
P19573,8867.335
P19574,8867.335
P19590,7888.6787
P19599,6712.699
P19630,7418.5103
P19680,122048.47
P19684,173642.23
P19685,8867.335
P19686,9501.441
P19696,7504.358
P19697,232835.11
P19699,8867.335
P19701,173642.23
P19703,8867.335
P19715,7504.358
P19720,7504.358
P19773,11480.25
P19812,6171.935
P19813,6171.935
P19814,6390.9917
P19851,5856.614
P19856,7219.5903
P19860,8867.335
P19861,183566.23
P19864,8867.335
P19865,7504.358
P19866,8867.335
P19867,12871.523
P19868,8867.335
P19891,7291.2954
P19894,7219.5903
P19897,7219.5903
P19899,7219.5903
P19905,8867.335
P19906,8240.724
P19907,6390.9917
P19908,7534.9116
P19911,8867.335
P19913,7534.9116
P19915,7534.9116
P19916,8867.335
P19920,6390.9917
P19925,7534.9116
P19926,8867.335
P19928,9501.441
P19938,11129.965
P19941,12234.237
P19954,7504.358
P19955,11129.965
P19979,8608.633
P20002,11349.022
P20004,11129.965
P20007,12492.94
P20010,11129.965
P20022,12492.94
P20026,11129.965
P20036,8138.4644
P20040,11764.069
P20041,12492.94
P20042,11129.965
P20047,7504.358
P20048,11129.965
P20049,11349.022
P20050,11129.965
P20053,11129.965
P20066,11129.965
P20068,12492.94
P20129,8242.187
P20136,8867.335
P20141,9501.441
P20142,8867.335
P20144,8867.335
P20212,8867.335
P20213,8867.335
P20215,8867.335
P20218,8867.335
P20219,8867.335
P20220,8867.335
P20221,8867.335
P20243,9501.441
P20244,9086.393
P20247,8867.335
P20251,7723.415
P20260,9086.393
P20267,8867.335
P20269,9086.393
P20270,8867.335
P20272,8867.335
P20274,8867.335
P20307,753687.2
P20311,7219.5903
P20312,7219.5903
P20315,7219.5903
P20318,11480.25
P20368,5984.9907
P20387,7493.433
P20436,7888.6787
P20527,12282.841
P20546,6393.0015
P20665,7753.9697
P20666,6325.521
P20695,6931.7563
P20725,7623.2812
P20726,5799.4736
P20766,6784.8965
P20786,8391.109
P20848,7534.9116
P20849,7050.53
P20855,19663.697
P21016,6712.699
P21021,6712.699
P21059,42316.957
P21112,3703.779
P21118,8138.4644
P21123,6952.669
P21145,16977.814
P21150,7219.5903
P21151,11480.25
P21160,7219.5903
P21168,5856.614
P21169,5856.614
P21172,5856.614
P21174,8285.093
P21179,7723.415
P21183,7606.6167
P21185,11480.25
P21186,11480.25
P21193,6147.3755
P21231,7534.9116
P21243,19038.55
P21247,18819.494
P21249,7753.9697
P21253,7219.5903
P21256,6075.6704
P21283,11950.418
P21308,7291.2954
P21364,52979.797
P21379,7974.597
P21381,10621.835
P21384,7974.597
P21388,7974.597
P21392,7418.5103
P21393,175223.02
P21680,7050.53
P21715,6539.9155
P21921,6980.271
P21930,6274.4595
P21959,7291.2954
P21960,11480.25
P21961,7291.2954
P21962,11480.25
P21963,753687.2
P21979,12492.94
P21988,8867.335
P21989,8867.335
P21990,9971.609
P21991,9389.367
P21992,9720.499
P21993,9720.499
P22000,9501.441
P22001,9501.441
P22003,8138.4644
P22004,8867.335
P22005,8867.335
P22006,8867.335
P22007,8867.335
P22009,8867.335
P22013,8867.335
P22066,9501.441
P22067,9501.441
P22070,8138.4644
P22103,11129.965
P22104,12492.94
P22109,11129.965
P22117,11129.965
P22119,11129.965
P22122,11129.965
P22124,11129.965
P22126,12492.94
P22128,12492.94
P22139,11764.069
P22141,11764.069
P22143,13127.047
P22145,13127.047
P22148,11764.069
P22149,11764.069
P22161,11764.069
P22163,11764.069
P22164,13127.047
P22168,11764.069
P22193,7504.358
P22202,7504.358
P22205,7504.358
P22227,11129.965
P22259,8138.4644
P22264,9501.441
P22265,8138.4644
P22289,12492.94
P22291,6243.64
P22293,11129.965
P22315,6877.7466
P22318,11764.069
P22321,11764.069
P22323,11983.127
P22324,11764.069
P22327,11764.069
P22331,13127.047
P22334,6243.64
P22338,11950.418
P22339,750312.0
P22342,10587.442
P22343,757876.2
P22346,11480.25
P22350,11480.25
P22351,11699.308
P22352,11480.25
P22354,11480.25
P22355,11480.25
P22356,11480.25
P22357,11950.418
P22358,10806.5
P22359,11480.25
P22360,11480.25
P22361,11480.25
P22364,7291.2954
P22368,7291.2954
P22369,7291.2954
P22372,5928.319
P22373,7291.2954
P22375,7291.2954
P22380,10336.332
P22383,7291.2954
P22384,10336.332
P22388,7291.2954
P22389,7291.2954
P22390,7291.2954
P22391,7291.2954
P22392,7291.2954
P22393,7291.2954
P22394,7291.2954
P22395,6147.3755
P22401,7606.6167
P22403,6243.64
P22437,9501.441
P22443,7723.415
P22452,8138.4644
P22455,8867.335
P22457,8867.335
P22458,7504.358
P22460,8867.335
P22467,8867.335
P22468,8867.335
P22470,8138.4644
P22471,8138.4644
P22472,9501.441
P22480,9501.441
P22484,9501.441
P22485,9501.441
P22488,9501.441
P22489,9501.441
P22491,192234.62
P22521,11480.25
P22540,11795.569
P22543,7608.6265
P22555,11480.25
P22557,23852.65
P22564,11480.25
P22654,8657.235
P22655,8023.1284
P22659,9971.609
P22660,9501.441
P22661,9501.441
P22675,293406.5
P22682,8023.1284
P22689,9501.441
P22698,8138.4644
P23013,10654.971
P23099,12711.998
P23100,9086.393
P23104,20750.701
P23107,12711.998
P23110,12492.94
P23327,9431.159
P23329,9431.159
P23346,11764.069
P23351,8138.4644
P23361,7504.358
P23364,11129.965
P23366,12234.237
P23367,13127.047
P23376,13127.047
P23385,11129.965
P23387,13127.047
P23390,13127.047
P23396,11129.965
P23399,11129.965
P23408,6243.64
P23418,11764.069
P23456,19663.697
P23545,10117.274
P23549,11480.25
P23560,7066.0967
P23750,11480.25
P23757,7291.2954
P23758,6147.3755
P23759,7291.2954
P23783,23852.65
P23784,23852.65
P23785,23852.65
P23797,5856.614
P23800,7219.5903
P23802,7219.5903
P23806,7291.2954
P23807,7291.2954
P23808,17049.521
P23814,7291.2954
P23819,11480.25
P23820,10336.332
P23822,11950.418
P23857,7219.5903
P23864,7219.5903
P23865,7219.5903
P23866,7219.5903
P23883,7219.5903
P23884,19663.697
P23886,19663.697
P23890,19663.697
P23904,7291.2954
P23905,11480.25
P23910,7219.5903
P23911,7219.5903
P23913,19663.697
P23962,9501.441
P23965,8867.335
P23966,8867.335
P23967,8867.335
P23972,7504.358
P23978,8285.093
P23982,7723.415
P23983,8867.335
P23984,8867.335
P23986,8867.335
P23993,7504.358
P24000,7504.358
P24002,11129.965
P24012,6243.64
P24014,7504.358
P24027,8138.4644
P24030,11764.069
P24196,6395.2593
P24197,6395.2593
P24213,8407.773
P24214,8407.773
P24216,8407.773
P24278,7593.12
P24530,6395.2593
P24539,10020.865
P24750,23852.65
P24754,18300.72
P24757,19663.697
P24759,18300.72
P24760,19663.697
P24764,7291.2954
P24765,7291.2954
P24766,11480.25
P24768,19663.697
P24769,19663.697
P24776,21392.06
P24792,10290.057
P24795,11480.25
P24807,11480.25
P24809,11480.25
P24810,7291.2954
P24813,11480.25
P24819,191600.52
P24823,8867.335
P24826,8867.335
P24837,12492.94
P24838,8867.335
P24839,12492.94
P24842,8867.335
P24843,8608.633
P24844,9501.441
P24891,9501.441
P24893,8867.335
P24894,8867.335
P24896,8867.335
P24897,9501.441
P24899,8867.335
P24901,8867.335
P24902,8867.335
P24905,8867.335
P24907,9501.441
P24908,8867.335
P24909,7504.358
P24919,192234.62
P24921,8023.1284
P24923,12871.523
P24934,8138.4644
P24945,8608.633
P24948,9501.441
P24949,184200.34
P24951,9501.441
P24952,8138.4644
P24953,8138.4644
P24954,9501.441
P24956,9501.441
P24961,9501.441
P24962,8867.335
P25145,8797.055
P25149,8797.055
P25150,8797.055
P25151,8815.941
P25152,7593.12
P25153,8815.941
P25155,8815.941
P25156,7593.12
P25157,8797.055
P25158,10211.894
P25159,9650.217
P25160,8797.055
P25163,13346.1045
P25164,13127.047
P25166,13127.047
P25167,13346.1045
P25168,13127.047
P25188,9127.403
P25190,8657.235
P25192,8657.235
P25194,9971.609
P25196,9501.441
P25211,7504.358
P25214,8867.335
P25216,7723.415
P25217,8867.335
P25235,8867.335
P25237,8867.335
P25241,9501.441
P25242,10190.667
P25244,8827.69
P25246,9501.441
P25252,8867.335
P25253,9501.441
P25254,7504.358
P25255,12492.94
P25256,8867.335
P25259,8867.335
P25264,7504.358
P25266,9501.441
P25267,9501.441
P25268,9501.441
P25270,9501.441
P25271,9501.441
P25272,9501.441
P25379,8867.335
P25380,8867.335
P25383,8867.335
P25410,9971.609
P25411,9501.441
P25412,9971.609
P25413,9971.609
P25414,8867.335
P25416,8867.335
P25417,7504.358
P25421,8023.1284
P25427,8867.335
P25428,8867.335
P25429,8023.1284
P25432,8867.335
P25433,8867.335
P25435,8867.335
P25436,8867.335
P25439,8867.335
P25441,8867.335
P25443,8867.335
P25445,8867.335
P25453,9501.441
P25454,8867.335
P25462,7504.358
P25463,8867.335
P25464,8867.335
P25465,9501.441
P25470,9501.441
P25476,9971.609
P25478,8357.522
P25479,9501.441
P25674,6395.2593
P25676,6395.2593
P25725,6395.2593
P25742,6395.2593
P25921,7418.5103
P25923,7418.5103
P25925,7418.5103
P25947,7504.358
P25985,7504.358
P25986,7504.358
P25987,7504.358
P25989,7504.358
P25990,7504.358
P25993,7504.358
P25994,8138.4644
P25995,8138.4644
P25999,8138.4644
P26116,3819.0906
P26132,11950.418
P26134,23852.65
P26135,10117.274
P26136,11950.418
P26137,7291.2954
P26167,10117.274
P26168,32110.406
P26169,23852.65
P26172,23852.65
P26178,7291.2954
P26181,10117.274
P26182,11480.25
P26196,6101.102
P26373,9086.393
P26377,9086.393
P26378,9086.393
P26392,9086.393
P26394,9086.393
P26398,9086.393
P26399,8867.335
P26407,8867.335
P26408,8867.335
P26413,7504.358
P26414,8867.335
P26415,8867.335
P26420,8285.093
P26423,8285.093
P26429,8867.335
P26431,9086.393
P26433,9086.393
P26446,6395.2593
P26479,180032.19
P26610,7606.6167
P26611,8867.335
P26612,7608.6265
P26616,7291.2954
P26617,17520.438
P26621,6464.7065
P26622,7608.6265
P26623,7608.6265
P26624,7608.6265
P26625,7608.6265
P26626,6245.65
P26627,16355.416
P26628,7606.6167
P26629,6243.64
P26631,7608.6265
P26632,7606.6167
P26633,11795.569
P26634,7606.6167
P26637,7606.6167
P26638,7606.6167
P26643,9501.441
P26644,9501.441
P26645,9501.441
P26646,192234.62
P26648,184200.34
P26651,9501.441
P26652,9389.367
P26654,9501.441
P26655,9971.609
P26659,8919.199
P26662,9501.441
P26663,9501.441
P26667,8138.4644
P26671,8867.335
P26675,8867.335
P26677,8867.335
P26678,9501.441
P26680,9501.441
P26681,8867.335
P26685,9501.441
P26687,9501.441
P26689,9389.367
P26694,9501.441
P26697,158616.12
P26698,7723.415
P26699,8827.69
P26700,8867.335
P26704,9501.441
P26707,8867.335
P26708,158341.47
P26711,191600.52
P26712,8867.335
P26714,9501.441
P26715,9501.441
P26718,8138.4644
P26719,173642.23
P26720,144842.77
P26721,174276.34
P26722,174276.34
P26723,174276.34
P26724,144372.6
P26728,7225.1396
P26809,8608.704
P26858,8867.335
P26859,8867.335
P26860,192234.62
P26892,10020.865
P27251,13346.1045
P27253,13346.1045
P27257,13127.047
P27261,11910.699
P27263,12492.94
P27264,12492.94
P27265,12492.94
P27266,12711.998
P27267,12711.998
P27271,12711.998
P27277,9086.393
P27279,8867.335
P27280,9086.393
P27281,13597.215
P27282,13907.78
P27283,13346.1045
P27285,13127.047
P27286,13346.1045
P27287,13127.047
P27288,13346.1045
P27289,8657.235
P27446,6734.677
P27667,13127.047
P27668,13346.1045
P27671,12492.94
P27672,13127.047
P27675,12492.94
P27676,12492.94
P27680,12492.94
P27682,11129.965
P27685,168624.22
P27688,7504.358
P27693,8138.4644
P27695,146262.31
P27703,13597.215
P27704,11764.069
P27705,13127.047
P27707,13597.215
P27708,13127.047
P27711,11764.069
P27716,8357.522
P27718,8138.4644
P27724,6877.7466
P27728,8138.4644
P27738,18983.312
P27740,11508.547
P27741,18983.312
P27748,10290.057
P27972,6611.621
P28235,8710.892
P28237,178595.88
P28243,8240.724
P28245,8240.724
P28252,7606.6167
P28258,7606.6167
P28403,7700.201
P28419,6877.7466
P28465,12282.841
P28466,13127.047
P28467,13127.047
P28468,13597.215
P28538,9652.885
P28763,6029.397
P28764,6029.397
P28767,6248.4536
P28773,10290.057
P28861,8657.235
P28863,8657.235
P28865,293406.5
P28867,9501.441
P28868,9501.441
P28870,233469.22
P28871,9501.441
P28873,9501.441
P28876,9501.441
P28880,9501.441
P28888,9437.97
P28890,8657.235
P28891,9437.97
P28892,8657.235
P28893,8657.235
P28896,8023.1284
P28899,8023.1284
P28901,8657.235
P28911,8657.235
P28915,9501.441
P28925,9501.441
P28926,9501.441
P28927,9501.441
P28928,9127.403
P28929,9501.441
P28933,9437.97
P28936,9127.403
P28941,8657.235
P28943,8023.1284
P29184,8867.335
P29196,170717.61
P29198,9501.441
P29199,13346.1045
P29200,12492.94
P29202,12711.998
P29203,13346.1045
P29208,8867.335
P29209,8867.335
P29210,7504.358
P29213,12871.523
P29215,8867.335
P29216,8867.335
P29219,8867.335
P29221,8138.4644
P29231,9501.441
P29233,9501.441
P29235,9501.441
P29307,6416.4233
P29346,7225.1396
P29353,8138.4644
P29355,8867.335
P29356,7504.358
P29357,8867.335
P29358,8867.335
P29359,8867.335
P29360,8867.335
P29361,8867.335
P29364,8867.335
P29365,9086.393
P29368,9086.393
P29369,9086.393
P29370,8867.335
P29371,8867.335
P29376,9501.441
P29381,8608.633
P29383,9086.393
P29389,22598.44
P29390,21235.463
P29579,11129.965
P29580,8867.335
P29581,8867.335
P29583,8867.335
P29584,8867.335
P29585,8867.335
P29628,11129.965
P29632,11129.965
P29653,11129.965
P29654,11764.069
P29657,11129.965
P29710,7504.358
P29726,173642.23
P29727,158066.11
P29728,8867.335
P29748,9501.441
P29750,8138.4644
P29751,8138.4644
P29786,8867.335
P29787,9501.441
P29788,9720.499
P29789,9501.441
P29790,9501.441
P29791,9971.609
P29882,7490.7075
P29887,7418.5103
P29915,58657.414
P30021,7606.6167
P30022,7606.6167
P30044,6056.696
P30051,6056.696
P30054,148343.52
P30329,7658.481
P30336,6877.7466
P30446,10034.797
P30580,8240.724
P30581,8240.724
P30582,8240.724
P30584,8240.724
P30585,8240.724
P30761,10654.971
P30768,10638.308
P30836,7418.5103
P30964,56099.31
P31127,22489.674
P31152,7204.1157
P31154,6416.4233
P31177,7050.53
P31266,18819.494
P31308,8867.335
P31309,8867.335
P31310,8867.335
P31312,8867.335
P31313,8867.335
P31314,8867.335
P31331,9501.441
P31332,159086.3
P31333,8240.724
P31340,237788.73
P31341,209594.47
P31342,8867.335
P31343,8867.335
P31346,8867.335
P31349,178871.25
P31351,9720.499
P31352,9501.441
P31355,9501.441
P31356,9501.441
P31396,9418.112
P31433,8710.892
P31438,8240.724
P31440,8240.724
P31441,8240.724
P31442,8459.781
P31443,8240.724
P31473,11764.069
P31477,11129.965
P31493,7859.244
P31501,12492.94
P31502,12492.94
P31505,12492.94
P31574,43199.26
P31578,43199.26
P31610,43199.26
P31611,43669.43
P31623,6416.4233
P31627,7760.203
P31629,7606.6167
P31632,7606.6167
P31633,7606.6167
P31634,7606.6167
P31637,40422.098
P31640,11648.735
P31642,40422.098
P31644,40422.098
P31647,12282.841
P31680,40422.098
P31683,40422.098
P31684,40422.098
P31690,40422.098
P31830,13127.047
P31832,13127.047
P31833,13346.1045
P31835,13127.047
P31836,13127.047
P31837,12711.998
P31838,13127.047
P31839,13273.674
P31840,12711.998
P31841,12492.94
P31844,13346.1045
P31846,13127.047
P31847,12492.94
P31849,12492.94
P31850,13346.1045
P31853,12711.998
P31854,13346.1045
P31855,12492.94
P31858,11764.069
P31860,12492.94
P31869,7050.53
P31873,8240.724
P31874,8240.724
P31876,8459.781
P31877,8240.724
P31878,8459.781
P31879,7050.53
P31881,8710.892
P31883,6877.7466
P31885,8240.724
P31887,8240.724
P31888,8240.724
P31891,12492.94
P31894,196554.16
P31895,178871.25
P31896,13127.047
P31928,7291.2954
P31976,9501.441
P32014,44030.69
P32065,7576.213
P32126,6801.0684
P32564,55880.25
P32570,55880.25
P32581,7992.724
P32625,6395.2593
P32901,7029.3647
P32918,8391.109
P33013,6395.2593
P33017,7239.4653
P33089,7418.5103
P33191,12016.716
P33395,8407.773
P33532,12650.822
P33533,12650.822
P33534,7490.7075
P33681,6167.454
P33682,6167.454
P33683,6167.454
P33704,10020.865
P33943,40422.098
P33945,40422.098
P33971,12860.922
P34002,7418.5103
P34078,8827.69
P34082,8138.4644
P34083,6877.7466
P34087,8138.4644
P34088,8138.4644
P34090,11764.069
P34091,12234.237
P34094,11764.069
P34095,13127.047
P34096,11983.127
P34100,11764.069
P34101,11764.069
P34102,12492.94
P34103,12492.94
P34104,11910.699
P34105,11129.965
P34106,20750.701
P34107,11129.965
P34108,11129.965
P34109,8919.199
P34110,9971.609
P34112,8827.69
P34113,9501.441
P34115,8608.633
P34117,8138.4644
P34119,8608.633
P34120,8138.4644
P34124,8357.522
P34125,9501.441
P34126,8138.4644
P34127,8919.199
P34128,9971.609
P34130,8867.335
P34133,8867.335
P34134,17125.094
P34135,8867.335
P34137,8919.199
P34138,8867.335
P34140,8867.335
P34149,8138.4644
P34150,7504.358
P34151,7723.415
P34152,7504.358
P34156,7504.358
P34157,7504.358
P34158,7504.358
P34161,7504.358
P34164,8608.633
P34165,8138.4644
P34166,7504.358
P34167,8138.4644
P34168,7723.415
P34173,7504.358
P34179,7504.358
P34180,7504.358
P34181,7504.358
P34182,7504.358
P34183,7504.358
P34184,7504.358
P34185,7504.358
P34186,11129.965
P34188,11129.965
P34191,11129.965
P34193,11129.965
P34194,11129.965
P34196,11129.965
P34197,11129.965
P34198,11129.965
P34201,11129.965
P34205,11129.965
P34208,11764.069
P34209,11764.069
P34210,11129.965
P34211,11129.965
P34212,11349.022
P34213,11764.069
P34214,12453.295
P34216,11764.069
P34217,11764.069
P34219,11129.965
P34220,12492.94
P34222,11129.965
P34223,11349.022
P34224,11764.069
P34228,11129.965
P34229,11129.965
P34233,11764.069
P34235,11764.069
P34236,11764.069
P34237,11764.069
P34238,11764.069
P34255,13346.1045
P34256,11764.069
P34260,13127.047
P34261,13346.1045
P34262,11764.069
P34263,13346.1045
P34265,13127.047
P34266,11764.069
P34268,13346.1045
P34271,11129.965
P34272,11910.699
P34273,11764.069
P34274,11129.965
P34277,11764.069
P34282,12711.998
P34283,11910.699
P34284,12711.998
P34285,12492.94
P34287,13014.971
P34446,9501.441
P34447,9501.441
P34448,9501.441
P34449,8138.4644
P34450,8138.4644
P34468,7504.358
P34469,7723.415
P34474,7504.358
P34476,7504.358
P34477,8285.093
P34478,8867.335
P34479,7504.358
P34480,7504.358
P34481,8867.335
P34483,7504.358
P34484,7504.358
P34485,7504.358
P34486,7504.358
P34487,7723.415
P34488,8867.335
P34489,8285.093
P34490,7723.415
P34491,8867.335
P34492,7723.415
P34493,8867.335
P34495,7504.358
P34496,7723.415
P34498,7723.415
P34499,7504.358
P34500,7504.358
P34502,7504.358
P34503,143738.48
P34504,7723.415
P34505,7723.415
P34507,7723.415
P34508,8867.335
P34509,8285.093
P34510,8285.093
P34511,8285.093
P34512,7504.358
P34513,7504.358
P34514,7723.415
P34518,7504.358
P34530,9720.499
P34531,8285.093
P34532,9086.393
P34533,9086.393
P34534,7504.358
P34715,6570.0093
P34717,179133.11
P34729,6344.7183
P34800,7606.6167
P34801,6877.7466
P34802,6243.64
P34803,7606.6167
P34807,1.4953178e+06
P34855,8240.724
P34858,178595.88
P34888,8240.724
P34890,8240.724
P34893,8240.724
P34895,8240.724
P34909,8459.781
P34910,6877.7466
P34911,6877.7466
P34912,8240.724
P34956,6877.7466
P34957,8240.724
P34961,6877.7466
P34962,6877.7466
P34967,6877.7466
P34969,7606.6167
P34970,6877.7466
P34971,6243.64
P34972,6243.64
P34973,6243.64
P34974,7606.6167
P34976,8387.352
P34977,7606.6167
P34978,6243.64
P34979,7606.6167
P34988,8240.724
P34989,6877.7466
P34990,6877.7466
P34991,8459.781
P34993,6877.7466
P34994,164306.03
P34995,7825.675
P34996,6243.64
P34997,140023.73
P34998,7606.6167
P34999,163671.92
P35000,7606.6167
P35001,6243.64
P35003,7825.675
P35005,7024.374
P35008,6243.64
P35039,8459.781
P35080,6243.64
P35085,7024.374
P35087,7606.6167
P35091,7024.374
P35093,7024.374
P35094,6243.64
P35095,7825.675
P35096,7024.374
P35097,6243.64
P35100,7024.374
P35102,7225.1396
P35310,8608.704
P35315,7058.7827
P35324,8312.048
P35326,9078.872
P35329,13495.027
P35331,40422.098
P35347,13495.027
P35349,13495.027
P35352,40422.098
P35354,40422.098
P35374,6243.64
P35645,7418.5103
P35948,13127.047
P35950,13127.047
P35954,13127.047
P35957,12091.893
P35959,12492.94
P35960,12711.998
P35961,11129.965
P35964,12711.998
P35966,11129.965
P35967,13127.047
P35969,12711.998
P35970,12492.94
P35978,9501.441
P35987,9501.441
P35988,8138.4644
P35989,9501.441
P35990,9501.441
P35991,9971.609
P35994,9501.441
P35997,9501.441
P36003,8657.235
P36004,8657.235
P36006,187167.39
P36010,8657.235
P36019,13127.047
P36020,13127.047
P36021,13127.047
P36082,13346.1045
P36084,13346.1045
P36086,13346.1045
P36091,12492.94
P36094,9720.499
P36095,9501.441
P36097,13127.047
P36098,13346.1045
P36099,13346.1045
P36120,9501.441
P36123,10282.176
P36125,9501.441
P36129,7606.6167
P36130,7825.675
P36132,8867.335
P36136,9086.393
P36138,7504.358
P36139,9086.393
P36140,9086.393
P36143,9501.441
P36144,9971.609
P36146,8138.4644
P36154,9720.499
P36158,12492.94
P36159,12492.94
P36160,12492.94
P36161,12492.94
P36162,12492.94
P36163,12492.94
P36164,13127.047
P36166,13127.047
P36167,8867.335
P36169,8867.335
P36170,8867.335
P36172,8285.093
P36174,9086.393
P36177,8867.335
P36178,13127.047
P36185,13127.047
P36189,13346.1045
P36195,13127.047
P36201,13346.1045
P36202,12492.94
P36204,12492.94
P36206,12492.94
P36207,12492.94
P36209,12492.94
P36213,12492.94
P36214,12711.998
P36217,12492.94
P36219,12492.94
P36220,12492.94
P36223,13127.047
P36227,13127.047
P36228,13346.1045
P36229,12393.281
P36230,13127.047
P36231,13127.047
P36233,13127.047
P36251,13597.215
P36252,12492.94
P36254,13127.047
P36256,13127.047
P36257,12492.94
P36260,13816.272
P36261,13127.047
P36262,13346.1045
P36263,13346.1045
P36264,12711.998
P36265,11129.965
P36266,12711.998
P36267,12492.94
P36271,12492.94
P36274,12492.94
P36279,13346.1045
P36280,13597.215
P36284,13127.047
P36339,6690.8027
P36465,52979.797
P36467,52979.797
P36522,9501.441
P36526,9971.609
P36530,8657.235
P36531,9501.441
P36532,9971.609
P36533,8138.4644
P36534,9501.441
P36536,9501.441
P36537,9501.441
P36539,9501.441
P36540,8867.335
P36541,8867.335
P36543,8867.335
P36544,8867.335
P36545,8867.335
P36546,8867.335
P36548,9501.441
P36551,8357.522
P36553,9501.441
P36554,9501.441
P36556,9501.441
P36557,9501.441
P36558,9501.441
P36559,9501.441
P36561,8867.335
P36562,8867.335
P36564,8867.335
P36568,8285.093
P36569,8867.335
P36571,8867.335
P36572,8867.335
P36573,8867.335
P36574,8867.335
P36576,9501.441
P36580,9501.441
P36581,8867.335
P36584,8867.335
P36586,8867.335
P36588,8867.335
P36590,7504.358
P36592,8867.335
P36593,8867.335
P36594,8867.335
P36595,8867.335
P36596,9971.609
P36599,9501.441
P36601,9501.441
P36602,9501.441
P36603,9501.441
P36604,9501.441
P36605,9501.441
P36606,9501.441
P36726,10668.903
P36766,7343.4336
P36815,8626.831
P36818,8626.831
P36834,7773.666
P36885,7490.7075
P37189,11874.131
P37226,9501.441
P37227,9501.441
P37228,9501.441
P37232,188519.88
P37233,8867.335
P37235,178871.25
P37236,8867.335
P37238,174230.03
P37242,8867.335
P37246,7504.358
P37247,178237.14
P37248,8867.335
P37251,9086.393
P37252,178237.14
P37258,9501.441
P37259,8867.335
P37260,8867.335
P37261,8867.335
P37262,9501.441
P37268,9501.441
P37269,9501.441
P37271,8867.335
P37273,8867.335
P37274,9086.393
P37276,8867.335
P37278,9501.441
P37281,8867.335
P37282,7504.358
P37284,8867.335
P37285,8867.335
P37287,8023.1284
P37289,8803.863
P37293,8657.235
P37300,292772.38
P37301,178499.0
P37307,9437.97
P37308,8876.293
P37309,8657.235
P37312,8657.235
P37315,8023.1284
P37316,8023.1284
P37320,8023.1284
P37324,8242.187
P37327,9437.97
P37332,8803.863
P37333,8023.1284
P37335,7504.358
P37337,8867.335
P37338,9501.441
P37364,8023.1284
P37383,192742.53
P37385,8876.293
P37387,8867.335
P37390,8867.335
P37391,8867.335
P37394,8867.335
P37397,173595.92
P37399,195920.05
P37401,9501.441
P37405,178237.14
P37407,195920.05
P37409,8867.335
P37412,9086.393
P37413,8867.335
P37414,8867.335
P37415,7504.358
P37417,8867.335
P37418,8867.335
P37512,9971.609
P37519,9501.441
P37524,9501.441
P37535,197024.33
P37537,9971.609
P37538,9501.441
P37541,9501.441
P37542,13346.1045
P37543,9501.441
P37544,9720.499
P37558,9720.499
P37560,9501.441
P37568,174700.2
P37570,9501.441
P37573,9501.441
P37574,9501.441
P37575,9501.441
P37579,8138.4644
P37580,196554.16
P37581,9720.499
P37582,8138.4644
P37583,195920.05
P37587,8023.1284
P37592,8867.335
P37595,8867.335
P37597,9086.393
P37599,8867.335
P37600,195920.05
P37602,8867.335
P37603,187885.77
P37607,8867.335
P37608,178237.14
P37610,8867.335
P37611,8867.335
P37614,18748.14
P37617,8657.235
P37620,8867.335
P37624,8867.335
P37627,8867.335
P37631,8867.335
P37632,8867.335
P37634,8867.335
P37636,9127.403
P37640,8023.1284
P37643,8023.1284
P37652,179603.28
P37655,8657.235
P37659,8657.235
P37688,8657.235
P37701,6462.697
P37740,8867.335
P37744,8867.335
P37745,8867.335
P37752,8867.335
P37753,9127.403
P37762,8357.522
P37763,8867.335
P37764,8867.335
P37766,8357.522
P37776,297091.88
P37779,200776.81
P37786,178499.0
P37788,178499.0
P37789,179133.11
P37791,293406.5
P37793,8657.235
P37797,292772.38
P37807,9501.441
P37812,8657.235
P37813,8657.235
P37841,9501.441
P37844,8657.235
P37845,9501.441
P37848,9127.403
P37852,8023.1284
P37862,6416.4233
P37868,6416.4233
P37869,7050.53
P37871,6570.0093
P37872,6416.4233
P37889,12753.009
P37904,7050.53
P38035,215894.95
P38144,208494.78
P38166,5087.5635
P38167,8407.773
P38206,8407.773
P38235,8407.773
P38239,8626.831
P38349,19663.697
P38350,23852.65
P38352,29421.922
P38389,18819.494
P38392,23852.65
P38393,23852.65
P38918,10607.387
P38925,158770.2
P38926,577096.9
P38939,19842.139
P39206,6784.4043
P39451,577127.75
P39531,40422.098
P39536,40422.098
P39606,7520.6978
P39665,13597.215
P39668,13597.215
P39670,13816.272
P39672,13127.047
P39674,13127.047
P39676,13127.047
P39677,13127.047
P39678,13127.047
P39682,13346.1045
P39683,13127.047
P39690,8929.949
P39691,12711.998
P39693,12711.998
P39694,12492.94
P39695,12492.94
P39700,12492.94
P39701,12492.94
P39707,8459.781
P39708,6877.7466
P39709,13127.047
P39710,13127.047
P39714,8459.781
P39717,13127.047
P39719,13127.047
P39722,13127.047
P39724,11923.113
P39725,13597.215
P39726,13127.047
P39728,13816.272
P39730,13127.047
P39731,13127.047
P39737,8240.724
P39738,8240.724
P39739,8240.724
P39740,8459.781
P39741,8710.892
P39742,8240.724
P39743,8240.724
P39745,8459.781
P39746,7825.675
P39750,12492.94
P39751,12492.94
P39752,12492.94
P39754,8459.781
P39755,7825.675
P39756,7606.6167
P39757,8387.352
P39758,8387.352
P39759,6243.64
P39760,13346.1045
P39761,13127.047
P39762,13127.047
P39763,12492.94
P39766,7606.6167
P39769,12492.94
P39771,12492.94
P39772,13127.047
P39773,11764.069
P39776,13907.78
P39778,13127.047
P39779,7658.481
P39783,13597.215
P39785,12492.94
P39788,13127.047
P39789,16171.533
P39790,13127.047
P39801,14377.948
P39808,13597.215
P39814,13127.047
P39816,12492.94
P39823,12492.94
P39825,12492.94
P39832,12492.94
P39846,11289.008
P39853,11508.065
P39856,11289.008
P39929,42316.957
P39936,40422.098
P39938,40422.098
P39946,40422.098
P39950,40892.266
P39975,40422.098
P39977,40422.098
P39979,40422.098
P39981,40422.098
P39983,40422.098
P39985,40422.098
P39986,40422.098
P39989,12860.922
P40003,40422.098
P40004,40422.098
P40006,12860.922
P40013,13079.9795
P40014,13641.655
P40015,12860.922
P40016,12860.922
P40110,11606.709
P40119,7974.597
P40123,13495.027
P40125,13495.027
P40141,191050.6
P40147,7974.597
P40149,8128.183
P40154,8608.704
P40189,9414.11
P40192,9235.315
P40193,9235.315
P40195,8465.634
P40204,8608.704
P40205,8608.704
P40208,9869.422
P40214,9901.327
P40215,12475.646
P40216,8227.226
P40217,9431.159
P40227,8608.704
P40235,8608.704
P40242,7974.597
P40250,7974.597
P40260,8762.29
P40263,13021.549
P40266,7974.597
P40267,189162.28
P40272,8128.183
P40279,6424.6763
P40286,8797.055
P40288,8797.055
P40290,8797.055
P40296,11606.709
P40327,8797.055
P40340,10211.894
P40354,8797.055
P40356,8797.055
P40367,9577.789
P40372,9431.159
P40378,8797.055
P40388,8797.055
P40389,8797.055
P40623,7859.244
P40654,10048.217
P40661,8465.634
P40676,8128.183
P40681,11238.729
P40683,226527.22
P40696,8316.795
P40704,8755.332
P40712,8128.183
P40715,7974.597
P40728,8056.478
P40790,6690.8027
P40920,19496.49
P40921,11457.786
P40922,9875.754
P40924,10656.488
P40925,20130.594
P40926,11238.729
P40928,11238.729
P40977,9235.315
P41092,40422.098
P41127,6690.8027
P41166,6056.696
P41233,43199.26
P41236,43199.26
P41237,43199.26
P41238,43199.26
P41242,8240.724
P41244,8240.724
P41332,12492.94
P41333,13127.047
P41346,7606.6167
P41355,7534.9116
P41433,7944.067
P41511,7882.4585
P41524,6690.8027
P41625,7418.5103
P41730,11872.835
P41738,11238.729
P41740,9875.754
P41742,9875.754
P41744,11457.786
P41752,20130.594
P41754,12492.94
P41755,11764.069
P41757,11129.965
P41759,11129.965
P41760,10980.026
P41761,13123.736
P41762,12492.94
P41765,12492.94
P41767,13346.1045
P41770,13907.78
P41771,12492.94
P41796,11238.729
P41797,11238.729
P41798,11457.786
P41799,11238.729
P41800,11238.729
P41801,9875.754
P41803,9875.754
P41804,12019.463
P41805,11457.786
P41811,10980.026
P41814,12492.94
P41815,11764.069
P41817,11129.965
P41818,11129.965
P41819,11129.965
P41821,11129.965
P41822,12492.94
P41823,11129.965
P41827,11129.965
P41828,12234.237
P41839,13127.047
P41841,13907.78
P41844,11764.069
P41855,10509.858
P41857,11764.069
P41858,11457.786
P41861,11238.729
P41863,12492.94
P41874,13127.047
P41877,14377.948
P41889,12091.893
P41891,13127.047
P41892,13127.047
P41895,13907.78
P41900,13127.047
P41901,13127.047
P41928,12492.94
P41931,12492.94
P41934,13127.047
P41936,13127.047
P41938,13127.047
P41948,12492.94
P41952,13273.674
P41954,13127.047
P41959,11449.638
P41961,10668.903
P41962,13127.047
P41974,13127.047
P42054,6753.873
P42061,6753.873
P42064,6753.873
P42102,60552.273
P42120,55880.25
P42129,56350.418
P42190,55880.25
P42296,9501.441
P42297,9971.609
P42298,174230.03
P42299,8867.335
P42301,195920.05
P42302,12492.94
P42303,8867.335
P42304,8867.335
P42305,8867.335
P42315,8867.335
P42318,8867.335
P42323,9086.393
P42324,7504.358
P42325,8867.335
P42326,8867.335
P42334,8867.335
P42336,7504.358
P42339,8867.335
P42343,9501.441
P42345,9720.499
P42347,9501.441
P42353,9501.441
P42382,9971.609
P42385,8357.522
P42395,9501.441
P42396,9501.441
P42486,7859.244
P42571,7859.244
P42688,38744.457
P42745,9651.895
P42797,12240.815
P42818,9431.159
P42820,9431.159
P42821,9431.159
P42826,9063.179
P42827,9431.159
P42838,7859.244
P42846,8227.226
P42848,8227.226
P42850,10211.894
P42851,9431.159
P42854,9431.159
P42856,7859.244
P43126,187535.38
P43212,170893.64
P43476,55880.25
P43491,55880.25
P43495,55880.25
P43546,7418.5103
P43627,210061.06
P43846,4767.719
P43866,4856.438
P43933,459283.1
P43962,30727.54
P43987,30727.54
