"pipe_id","predicted_cost"
"P01002",1115.77760680458
"P01054",2242.7929421945
"P01066",797.957942961949
"P01078",3422.42749311921
"P01112",1696.94693223384
"P01140",6136.42643413026
"P01148",1890.61804132313
"P01161",4924.0044352502
"P01166",7404.28663495759
"P01238",1648.97254316595
"P01317",1614.55133695394
"P01350",1715.66277147004
"P01380",29053.1343654148
"P01452",908.248198519241
"P01571",1733.1677552796
"P01689",12343.0175510811
"P01720",2203.14680211553
"P01767",1701.38839524473
"P01803",3422.62243529466
"P01805",12435.8738868078
"P01813",3826.15182449117
"P01815",1746.26696966662
"P01836",1439.66304872066
"P01838",3269.94628598615
"P01846",3632.85430161385
"P01922",2878.46729071868
"P01959",2429.31656463185
"P01978",1246.78499255584
"P01986",10197.2683404149
"P02000",21318.4311602313
"P02031",1964.70533588888
"P02032",9757.48419365115
"P02062",1964.50464229542
"P02085",874.427505672879
"P02099",1494.44562168726
"P02155",1383.01066224682
"P02191",7185.65511766967
"P02227",3294.68354211131
"P02245",1516.99294267656
"P02246",979.477676404357
"P02316",1877.95137283261
"P02318",1254.34033760587
"P02364",4718.54777194274
"P02365",1449.18660620992
"P02410",1213.8463769408
"P02412",3570.38744696561
"P02432",1109.36534512122
"P02545",3833.88721495542
"P02600",4361.27164849844
"P02649",2502.95529733836
"P02663",4554.7299257631
"P02665",2034.34929046066
"P02666",2890.26918529501
"P02667",1773.56639851058
"P02670",2678.40278787174
"P02674",1085.98833212684
"P02707",1382.04019847122
"P02708",2082.36676430161
"P02717",2307.06911711996
"P02728",3405.66309721864
"P02764",1215.42767119074
"P02864",1830.28791304307
"P02878",1074.52363536185
"P02908",1409.77036025755
"P02912",1379.36854521577
"P02914",2332.72015243261
"P03008",5364.34020898809
"P03057",1579.9423097184
"P03076",1089.84473527241
"P03259",4704.14043848484
"P03314",5063.59055075167
"P03349",3379.33671179563
"P03371",2979.24334798158
"P03387",5153.49833930393
"P03388",2514.09996831251
"P03402",8303.95836446074
"P03412",3617.24441662853
"P03485",8249.05724084835
"P03490",1575.10540514141
"P03493",977.052437775226
"P03591",673.992238361374
"P03655",2149.52109612072
"P03702",3309.58305745325
"P03704",3309.58305745325
"P03791",2127.61641031086
"P03798",2551.90485332926
"P03881",6056.15551076304
"P03884",3873.5407134031
"P03917",21384.0368202816
"P03986",1882.1909664219
"P03988",2844.61601619136
"P04074",18313.4611917602
"P04076",2007.34571347683
"P04147",11675.7024791004
"P04152",2772.52474749011
"P04184",1508.39868040424
"P04186",1508.39868040424
"P04221",4336.06999585743
"P04224",1373.59663915763
"P04249",1103.09797410266
"P04262",1759.0714197885
"P04289",2944.99313281387
"P04293",2895.89248755567
"P04305",1586.60564574555
"P04306",1491.177935627
"P04308",1831.83135530534
"P04311",3297.05535923625
"P04416",3321.82222646153
"P04417",3436.29405417382
"P04467",3888.4048352272
"P04495",2783.48848859506
"P04496",4093.40481460065
"P04521",4199.17431618126
"P04535",1286.31051091295
"P04581",2272.14438738389
"P04600",1198.66593732466
"P04698",2542.76104746012
"P04701",4479.75771003966
"P04707",2425.69273004951
"P04752",1326.67579197039
"P04754",1381.79738940086
"P04801",1904.21347400494
"P04860",1578.88289778363
"P04861",1606.08097213627
"P04862",1229.84800326437
"P04865",1664.05139894694
"P04868",2394.59641670215
"P04869",2394.59641670215
"P04986",1133.301205119
"P05007",1260.80283364429
"P05036",885.454416283539
"P05040",9653.88932505749
"P05042",5252.34163868884
"P05043",1053.60709779011
"P05047",3537.73545906175
"P05055",1231.41105687009
"P05060",446.802155787907
"P05103",1842.43645082914
"P05106",1696.32246428767
"P05128",1632.29413137736
"P05134",2996.47267965586
"P05139",2472.7036136322
"P05140",11126.0449361388
"P05163",132765.639627851
"P05168",22449.7647827484
"P05229",771.183822083441
"P05323",1274.7478479187
"P05402",1569.05236213048
"P05432",1736.4025323618
"P05435",1315.61149766419
"P05447",515.464151285108
"P05448",515.464151285108
"P05458",1512.99753527417
"P05476",1225.94382774336
"P05486",1769.3413841192
"P05504",2762.27059282153
"P05551",2649.82072580838
"P05560",21185.788600509
"P05575",2126.06592810151
"P05576",2203.03501148387
"P05594",3677.90438630648
"P05608",1434.43735776597
"P05758",3675.69651840761
"P05769",5715.10576635125
"P05800",1429.27347311023
"P05828",1271.44268971303
"P05834",4882.6402247123
"P05924",9865.59897188611
"P05925",15197.8299666095
"P05970",4955.21233635169
"P05978",3135.10325073831
"P06017",5244.75842921533
"P06030",4844.73884107933
"P06072",6941.4541114507
"P06077",2512.22226069446
"P06124",3151.21279930195
"P06182",2116.4131464654
"P06184",1569.17967762324
"P06189",1615.97060257129
"P06193",1686.97766406024
"P06200",13308.2142082632
"P06235",7708.54209844617
"P06245",999.373135358266
"P06287",1799.38247409744
"P06292",7508.74442210556
"P06302",20502.0145221902
"P06312",932.271340436572
"P06314",6103.6473396188
"P06315",810.621987494674
"P06331",1090.95452334861
"P06370",3019.50268242891
"P06425",6123.88769154735
"P06437",7552.80365202287
"P06454",5021.45056019076
"P06764",4717.40679589487
"P06802",7544.58821504404
"P07084",5253.51064369145
"P07090",8026.58038176693
"P07131",3711.8174424431
"P07177",8879.05160027846
"P07302",5136.76684362575
"P07333",6781.72848919745
"P07468",3940.11601047544
"P07632",1791.20044340351
"P07949",4486.62814631973
"P08016",1113.13956471604
"P08140",2095.53957609596
"P08142",6607.83894358598
"P08275",6313.13321630057
"P08337",25731.2165892627
"P08398",4659.98342721641
"P08496",6735.1623586316
"P08497",49863.1645350848
"P08525",7913.9427540144
"P08540",5662.05037402351
"P08551",6031.78820386945
"P08940",4965.37458862961
"P08942",71470.8318804782
"P09041",6182.43975598443
"P09042",1477.77963819136
"P09096",1322.97976055576
"P09568",3243.58780026337
"P09724",2018.5891509713
"P09725",2739.66856736352
"P09897",2937.6861221574
"P09898",2668.25997048081
"P09900",2964.51821562169
"P09901",2368.75922639998
"P09902",3719.90049354598
"P09904",2801.45299655422
"P09922",2010.12396685894
"P09924",4045.75751745596
"P09925",2717.75336672519
"P09929",1929.2908633989
"P09932",2897.60777429762
"P09939",2698.7143907288
"P09941",2377.22078408936
"P09942",2160.67220698535
"P09943",2607.22988262882
"P10039",4082.82607127122
"P10058",1437.7819315055
"P10059",2446.43510043953
"P10064",2725.2382282442
"P10077",14045.3548851807
"P10219",21779.9690348336
"P10438",2605.05560839515
"P10451",4137.34199881758
"P10490",16009.5599965762
"P10724",16728.1654993568
"P10787",1589.95768558005
"P10815",1328.88288128041
"P10818",1699.92819581838
"P10819",2236.20245160055
"P10820",1757.07615493513
"P10822",1699.92819581838
"P10823",2101.0863956758
"P10828",2116.69495266581
"P10829",1840.51810784954
"P10830",4215.04750872647
"P10831",1828.2747704909
"P10833",1971.99638720178
"P10843",18347.1377147123
"P10868",2041.86329449806
"P10977",2509.5716799849
"P10979",109093.628818164
"P10980",132912.38487778
"P11003",2683.69733981209
"P11218",17773.4826678198
"P11352",3332.81110676556
"P11353",1516.63871031358
"P11401",11191.0728962666
"P11418",3446.9452482918
"P11581",21318.8354138527
"P11624",2062.94693979923
"P11634",3123.04684967524
"P11647",2398.43468505936
"P11694",61647.0348401325
"P11769",1996.51363545998
"P11775",2784.79301748115
"P11818",1671.03225210627
"P11819",2581.76549676792
"P11822",1751.8802878986
"P11823",1535.72895754859
"P11838",2381.43483438586
"P11900",4360.6029412857
"P11902",3704.69359839406
"P11948",2044.23332986795
"P12004",2350.41161910553
"P12005",2533.29274885913
"P12011",2987.43634468552
"P12012",2426.95395182757
"P12013",16122.8801804794
"P12025",2482.48304422954
"P12041",69829.5615433394
"P12045",1967.96864102092
"P12134",2955.88564744807
"P12139",24494.7820166443
"P12142",16158.2476732854
"P12144",84252.4838743769
"P12147",18347.1377147123
"P12249",2551.01688351051
"P12253",2219.17929571879
"P12254",1961.87293399118
"P12256",6082.89011433763
"P12257",1818.67319463764
"P12262",1916.48873514021
"P12266",2685.93135401651
"P12300",1977.37993757776
"P12302",1518.47929643402
"P12320",1758.45243883207
"P12340",1240.13494141423
"P12347",1684.41609660991
"P12349",1988.45468998056
"P12367",1279.46048431821
"P12368",1538.36756303928
"P12374",2709.46243254973
"P12403",1857.92981331144
"P12404",1293.50491895848
"P12405",2550.62036660974
"P12556",2164.0306931119
"P12654",13523.3852191349
"P12656",20502.642852807
"P12675",2239.38309327258
"P12680",18089.9314153339
"P12681",13625.2808225333
"P12692",17406.9911199684
"P12988",1890.48174850522
"P13007",13755.2352487699
"P13008",14829.7076599952
"P13049",1720.10239242381
"P13296",2567.71576331178
"P13439",2124.03039566939
"P13498",1301.17207791202
"P13507",18027.6115063397
"P13509",20086.803743135
"P13511",7202.39711060811
"P13512",21842.2637867083
"P13513",3364.01811953011
"P13514",2298.69680796341
"P13518",2486.69027049653
"P13521",27994.5678129192
"P13532",15123.6790126774
"P13533",15065.6282157534
"P13536",16942.2005829998
"P13547",2795.73539492024
"P13550",2317.1686331514
"P13551",2475.01155279655
"P13613",2036.67078026915
"P13706",83092.5370875896
"P13709",22838.0637902855
"P13743",2893.5640248577
"P13775",2742.92788619576
"P13783",19637.9014813734
"P13786",2550.5228372974
"P13787",2959.79150866698
"P13788",2337.06503135174
"P13789",2324.62819124128
"P13790",2390.59411767041
"P13839",3115.74381520673
"P13855",19535.0526236929
"P13858",13068.1822204797
"P13881",1896.99176979508
"P13911",1500.53958351344
"P13912",2117.03225077502
"P13913",1757.95018444514
"P13914",2043.09373402015
"P13919",2409.92168792001
"P13946",1874.14093273962
"P13947",2643.5552616095
"P13949",2315.09508806769
"P13951",1938.8007485185
"P13953",3348.79065904351
"P13955",2485.41914078877
"P13966",2419.7718449381
"P13967",1995.02490087288
"P14005",2383.61753543994
"P14006",24109.1472730129
"P14057",1878.21925192754
"P14074",1830.61630456496
"P14075",1557.51340819012
"P14076",1899.64475458864
"P14078",2389.49248405765
"P14081",1947.51838985166
"P14124",1676.05411189121
"P14125",1787.795699117
"P14126",1983.74147255871
"P14143",2220.80602722341
"P14183",1766.12746513546
"P14184",2470.66914486622
"P14292",2917.93311961932
"P14336",2277.03892918495
"P14337",3223.37484072733
"P14355",1760.43263139673
"P14362",2315.73436672465
"P14363",2868.97070732606
"P14369",3531.10488119127
"P14372",1778.12902189494
"P14376",2142.14832685215
"P14377",1952.03865637949
"P14378",2355.19788751777
"P14390",2198.67911853418
"P14391",2379.99139185965
"P14394",2102.64129202835
"P14395",2940.96234840191
"P14415",1759.44984041256
"P14417",2605.01199916686
"P14418",3591.42960138595
"P14420",4508.17582706068
"P14443",1457.90454147585
"P14480",2869.80657984584
"P14486",2698.7143907288
"P14489",1925.27967410529
"P14525",3116.0115015138
"P14601",2243.6917261421
"P14611",2980.45183244176
"P14613",3785.36525974102
"P14618",2602.77955586044
"P14636",1836.08179340974
"P14675",2287.3831108359
"P14677",2076.45045514014
"P14680",2338.23048342638
"P14681",1657.40439138582
"P14686",2092.95825466395
"P14687",2000.07335150449
"P14740",1690.30817566604
"P14741",1905.74986584507
"P14778",2117.06951554482
"P14779",3448.73458785238
"P14789",2949.78432041118
"P14817",2609.70473707327
"P14847",2524.93388142963
"P14848",2173.81860427566
"P14858",2738.88718432043
"P14859",2044.27984425325
"P14866",2134.74226255327
"P14868",1744.79784647271
"P14869",3853.03550440432
"P14870",2298.89190200873
"P14872",2048.19639414688
"P14873",2334.12727045315
"P14895",2340.85680565197
"P14900",1604.38556378706
"P14903",2457.68804648581
"P14905",2924.88444959777
"P14907",2818.01270374924
"P14908",1833.70272583291
"P14909",2532.06400999613
"P14910",2030.44157058455
"P14912",2072.83750614529
"P14914",3789.31940389416
"P14915",1996.56462937955
"P14917",2369.22386461713
"P14919",2396.46487075226
"P14954",2991.32028580595
"P14993",2854.35210572137
"P15013",104303.392307063
"P15016",2747.02312378912
"P15024",2519.76011850661
"P15044",2976.08381279416
"P15079",16736.6352945856
"P15187",2404.05548383597
"P15242",26619.6845485615
"P15245",18868.4981066237
"P15257",20836.1716173127
"P15447",3318.60271969429
"P15457",2514.4426749048
"P15464",15609.7175848373
"P15465",22544.7016971383
"P15467",2519.80886476741
"P15468",2025.73478638864
"P15469",1812.7023405968
"P15470",2119.826015227
"P15471",31169.9905979648
"P15481",2508.28288633085
"P15482",2680.58262384182
"P15484",3338.41060020565
"P15485",1673.59450937947
"P15489",2526.15083285138
"P15490",2397.28398690323
"P15491",2520.53834450492
"P15492",2611.06968437606
"P15501",5039.49118541453
"P15513",4259.1044520099
"P15514",2133.44630818002
"P15515",5884.6667533675
"P15516",2622.37386289889
"P15517",1875.7389793339
"P15518",2313.25138336595
"P15524",1971.32616707061
"P15526",2558.02038376961
"P15528",1940.31693553773
"P15530",1700.27757037833
"P15531",2895.48133364069
"P15535",1840.45945788872
"P15540",1979.15115806681
"P15664",2942.96987145672
"P15730",2069.02852796612
"P15804",1903.1165758975
"P15810",1933.92258331123
"P15834",2267.2541344658
"P15835",1752.34042806753
"P15837",3862.17376900646
"P15838",2286.19566451731
"P15839",4236.05506332593
"P15840",2455.08916238596
"P15848",3008.25502583284
"P15885",16230.9640045667
"P15943",2752.04385124966
"P15944",15829.6108839316
"P15945",2273.8474155583
"P15979",1824.24422850637
"P16166",3077.54176570478
"P16237",2413.42913535589
"P16238",2551.87810295406
"P16240",2674.03588206614
"P16241",2563.57596025524
"P16246",2778.72863802952
"P16248",2469.79622733419
"P16250",2153.51769845518
"P16264",2135.96802701845
"P16278",2284.64360246779
"P16300",2057.89531604476
"P16311",2114.52760538293
"P16316",1812.45386158443
"P16363",1341.42008702714
"P16398",2341.4977419242
"P16399",3926.05385401354
"P16424",1651.43910333562
"P16426",2333.1864913775
"P16433",2469.07596188027
"P16541",2291.96173190365
"P16557",2142.9786354704
"P16692",2134.35319536592
"P16823",2778.02666491191
"P16824",3418.47889831755
"P16826",1811.06426220347
"P16840",1769.24690786529
"P16895",27582.5285200257
"P16924",14110.8909190485
"P17055",14973.3896445222
"P17060",34492.5372075047
"P17123",1916.75856648268
"P17168",15687.577217743
"P17169",22048.121904048
"P17172",15587.7905202288
"P17183",2942.50761996653
"P17238",13298.9864263107
"P17498",997.302410476003
"P17552",3663.90202502886
"P17600",2838.50767523171
"P17675",8715.70331513393
"P17678",11325.61981009
"P17693",2702.28115017471
"P17694",2930.08619654753
"P17729",2090.65840820284
"P17749",1556.31164390602
"P17753",2537.64920210417
"P17761",3066.86824413003
"P17812",2463.70052908682
"P17874",2013.03255403468
"P17880",1972.30288024651
"P17889",2853.47110809796
"P17931",2283.84842740879
"P17932",2637.78684974296
"P17935",4207.92873838922
"P17936",2854.54738908028
"P17938",6044.81310692386
"P17939",1556.73067354448
"P17940",2010.54602012522
"P17941",3018.30754465293
"P17942",2085.81817747352
"P17943",1777.39891886751
"P17944",4883.79228903152
"P17945",2226.01949520444
"P17946",2151.50901034737
"P17948",2795.23572060203
"P17950",1599.51687366363
"P17952",1814.61948425961
"P17953",1627.703130175
"P17954",3451.34455700031
"P18057",2664.77384909865
"P18305",2785.22801393591
"P18351",2319.83809739796
"P18376",1340.23537116147
"P18377",1585.92816757514
"P18378",1552.48393204908
"P18414",2686.09333471179
"P18415",3589.93840855582
"P18454",2495.52287249464
"P18455",2560.17905162574
"P18456",2780.97511524751
"P18457",3021.17321586674
"P18595",1771.16646501697
"P18657",2493.79071027851
"P18658",2976.15001277632
"P18659",1951.63379090495
"P18662",2005.31793677801
"P18691",2985.37034014868
"P18711",3552.78552552993
"P18779",3009.18403074661
"P18798",18118.4386543674
"P18807",2318.12549685205
"P18816",2059.83086803495
"P18818",1897.86490910063
"P18822",2171.52627696123
"P18842",14327.0367846569
"P18843",14120.2642825349
"P18868",2030.44157058455
"P18896",1728.33079991993
"P18929",23150.8134889251
"P18934",15717.6814708671
"P18939",12575.1254086477
"P18944",2125.42754271502
"P18945",2088.7563179837
"P18946",2421.71979164187
"P18950",2366.02910563704
"P18986",11160.998488588
"P18988",16230.4003050886
"P18990",17334.4026744883
"P18991",15050.7829604651
"P18992",16871.8225269392
"P18993",18051.0563682271
"P19024",2647.28393641467
"P19026",2365.61719124803
"P19102",2935.52140114873
"P19103",2443.49533095216
"P19104",3923.48851254042
"P19106",3446.12337833505
"P19129",1215.72886300363
"P19133",1585.92816757514
"P19165",3577.49985308434
"P19167",1881.51040293674
"P19177",2063.80875341398
"P19178",2220.6232156208
"P19180",1757.09569536616
"P19181",2293.56686000031
"P19183",1282.39425105596
"P19184",1652.25619062714
"P19189",3095.0866173432
"P19191",1841.90667318795
"P19192",1984.0927230336
"P19300",8825.10265808318
"P19306",11176.0444081636
"P19309",22742.452727473
"P19316",18186.0940459838
"P19321",1987.78265235816
"P19322",19796.2574313029
"P19323",11231.605499377
"P19325",17224.1380109396
"P19333",15276.8207839633
"P19338",31090.8485324963
"P19340",27988.4282334347
"P19341",23841.6185058359
"P19349",12020.2114616709
"P19350",13563.3453901238
"P19352",26438.3833508917
"P19353",22531.2368953726
"P19355",20180.4053583816
"P19361",18970.2068729106
"P19364",15188.321445525
"P19423",2100.73065877446
"P19445",1323.12988743935
"P19468",2105.35959547242
"P19494",2577.91050754459
"P19499",2039.74664089853
"P19515",2990.11307649217
"P20039",1839.58869255391
"P20108",2334.34388060462
"P20112",2835.00412169959
"P20116",2835.00412169959
"P20161",2922.52623720153
"P20162",1799.29622248514
"P20163",3287.50123533463
"P20165",1680.69401723656
"P20169",2577.26190114389
"P20170",2236.98822441207
"P20178",2076.33113401935
"P20179",2372.44224158056
"P20199",2026.60181868892
"P20205",3434.91474837589
"P20275",1421.50948896535
"P20276",2737.57011178569
"P20281",5647.52349221389
"P20284",2216.85579533994
"P20285",2411.13656481224
"P20287",2470.6690439377
"P20293",2556.24876795127
"P20295",2429.06491761527
"P20296",3554.48589089136
"P20298",2270.24893642045
"P20300",2143.61249722535
"P20301",3575.56232454384
"P20302",3869.12921967551
"P20303",1973.76972299691
"P20304",2116.05383696195
"P20305",2719.63521556783
"P20319",1845.15882442897
"P20320",1852.68566439103
"P20321",2392.02494571693
"P20323",1787.19497478209
"P20324",1741.24950453311
"P20326",1801.12607797391
"P20327",2533.06820714919
"P20328",2774.25933510838
"P20329",2172.25521040408
"P20332",1849.87573567317
"P20333",1476.15241007237
"P20335",1669.65225411748
"P20337",3954.44137270969
"P20338",2342.50237278293
"P20339",2956.21557230965
"P20340",2347.01696350749
"P20341",1846.64803255658
"P20342",2213.02413706576
"P20343",2008.8148686733
"P20344",2505.7139726757
"P20345",1911.76187602112
"P20347",2476.25169871222
"P20422",2029.10874988633
"P20444",3942.45528633075
"P20534",1367.98668575932
"P20535",1443.67708114037
"P20536",2177.63758402488
"P20545",3251.25055639949
"P20549",3650.27822582626
"P20571",2420.03154504444
"P20572",2091.58298645386
"P20574",2851.43175972821
"P20577",2175.36455966621
"P20578",2673.7823526471
"P20580",2940.44687574375
"P20582",2176.06222370244
"P20584",1797.02594336193
"P20585",4076.33756466736
"P20589",2077.22571045502
"P20590",1963.50453299857
"P20592",1628.60201311572
"P20610",2557.53212032026
"P20625",1794.33582426433
"P20626",1557.21921069274
"P20657",19051.8364863926
"P20658",19213.9920843424
"P20699",2453.57297486002
"P20700",6249.50226170569
"P20701",3258.6747369874
"P20702",2332.47357015443
"P20704",3566.07466170268
"P20706",2184.83752631871
"P20707",2069.30165372284
"P20709",2239.78595379172
"P20711",1873.60539966583
"P20712",2579.14424780897
"P20713",2571.37512398641
"P20714",2803.23475372637
"P20715",2420.468481286
"P20716",1805.59268888432
"P20717",2579.47848155711
"P20722",2536.49119780463
"P20723",2437.13400404176
"P20791",12479.9823783056
"P20807",1906.76620814577
"P20808",2608.2842536095
"P20839",98557.6692669691
"P20841",86096.7726855049
"P20862",5240.33959976699
"P20892",2588.34441563761
"P20897",2192.65064062067
"P20898",2082.68134952228
"P20899",2012.90336311015
"P20917",84395.3526106744
"P20925",1295.45316067622
"P20945",2708.29800436744
"P20959",1458.30747801831
"P20960",1925.47425478672
"P20961",2748.53428278206
"P20962",102292.188800714
"P20966",75275.2640260221
"P20967",69562.3825791761
"P20969",2131.11792506665
"P21039",1956.91978493186
"P21040",2650.83555297449
"P21041",2005.43890040369
"P21044",1854.44268209705
"P21046",1438.35358772492
"P21047",1209.8288902775
"P21142",1564.07430115373
"P21143",1832.36033974446
"P21181",2011.04802722302
"P21195",1971.3348632066
"P21313",1507.64023114222
"P21314",1915.64874547529
"P21315",1825.67200576444
"P21329",2048.06527785814
"P21372",79110.6521274739
"P21376",2813.00642843108
"P21449",4318.60602296876
"P21450",2968.24285191339
"P21453",2968.24285191339
"P21454",2775.25561398795
"P21455",3213.77310161898
"P21456",2743.88111294165
"P21460",3052.78788924512
"P21462",2369.26375482096
"P21463",108275.013778555
"P21465",94841.2193964457
"P21467",2241.56920596993
"P21469",2464.56404709705
"P21472",2033.22301416416
"P21501",80739.6213668274
"P21513",57459.0337646208
"P21550",2369.43506961104
"P21551",1897.6940302253
"P21556",4064.11094115736
"P21583",15892.5732413343
"P21584",2236.04508528861
"P21586",2547.75056593933
"P21587",2644.58769958371
"P21612",2719.86769410323
"P21623",4755.99740072915
"P21625",4499.66700937319
"P21626",2779.65666564054
"P21630",2471.81772057701
"P21632",2056.02432591424
"P21636",2276.48335977226
"P21637",2549.01154214599
"P21638",2313.67410489999
"P21639",2962.3941092106
"P21648",1802.01468616088
"P21691",1544.47874461399
"P21692",1770.65019497832
"P21694",2037.16904533606
"P21696",2388.10953118248
"P21697",2005.76325165829
"P21708",2999.58080281674
"P21711",2999.58080281674
"P21713",46919.129301565
"P21728",2260.16827553266
"P21729",4255.92302318485
"P21732",3856.39497505224
"P21735",4829.50542975814
"P21736",4633.98740519191
"P21737",3987.42372811796
"P21742",2175.36455966621
"P21750",2681.19519850292
"P21759",2107.72360615683
"P21760",2107.72360615683
"P21762",1662.01905845155
"P21763",2354.85256144629
"P21765",1939.32102872749
"P21767",3819.97477089587
"P21768",3492.18285217571
"P21807",16364.8685660841
"P21808",19341.0405705039
"P21814",17014.0458865835
"P21816",3726.64639320977
"P21817",2488.33223751078
"P21819",2544.62227999044
"P21822",2488.33223751078
"P21825",2488.33223751078
"P21827",2488.33223751078
"P21828",2459.37141398017
"P21829",2488.33223751078
"P21831",2442.52209702529
"P21833",2459.37141398017
"P21869",2387.57072895067
"P21886",6945.66559731329
"P21938",1871.80327925928
"P21940",1636.13359877276
"P21942",1608.09949176794
"P21944",2419.07255540171
"P21946",3564.82502964136
"P21947",2336.13923802474
"P21950",1618.92595729293
"P21952",1618.92595729293
"P21966",3307.30522231115
"P21967",1846.0309289644
"P21970",1538.62682279544
"P21971",2719.50584505221
"P21973",2499.85420055125
"P21977",1636.61165393642
"P21983",1950.64348429758
"P21984",2210.78458335097
"P21985",4430.94789731005
"P21986",4430.94789731005
"P22017",2304.99522638372
"P22032",2307.14650373495
"P22036",2364.43611393122
"P22052",1799.29622248514
"P22053",1718.44260669027
"P22077",2203.47576347795
"P22082",2174.17803123012
"P22083",2639.99689081953
"P22084",3827.78409771134
"P22086",2504.89472227324
"P22087",2549.01164359891
"P22362",2674.61633659633
"P22365",2674.61633659633
"P22366",2674.61633659633
"P22465",5943.2224349592
"P22474",2833.12590679056
"P22476",2833.12590679056
"P22701",3002.57549315584
"P22738",2599.53090147812
"P22827",26233.8870524099
"P22894",20205.1312893926
"P22895",19120.8890592267
"P22908",2588.94915809337
"P22910",2755.39458430057
"P22912",83393.2894286436
"P22914",94140.9531779073
"P22916",13745.2091006533
"P22917",16742.3720338583
"P22918",15889.6655490064
"P22919",21542.8426694388
"P22920",19835.9409962178
"P22922",22995.7712491673
"P22926",17154.0556037661
"P22972",3791.80577052016
"P22981",1911.28458475271
"P22998",3707.09338242969
"P22999",3707.09338242969
"P23000",3040.19126392361
"P23002",4429.07180386228
"P23003",3464.89698312059
"P23007",1723.93012626882
"P23042",2223.56918039746
"P23044",2123.68559911966
"P23047",2437.2518791868
"P23064",2100.65432632111
"P23091",2201.27919305652
"P23121",2191.73045226817
"P23149",14964.809515597
"P23201",4704.905795921
"P23206",23365.8703098958
"P23212",10831.8771152888
"P23220",20530.7673614369
"P23259",2339.48894300042
"P23274",17000.7007903688
"P23314",2028.82061520739
"P23319",104302.683556121
"P23320",59787.5162404472
"P23321",91989.8168495927
"P23322",70257.1989399157
"P23323",73013.6586591153
"P23324",84117.9656527293
"P23460",1988.73225163484
"P23619",2885.38678045462
"P23620",2453.92582841781
"P23621",3138.09280111449
"P23623",2343.69918962659
"P23625",2108.12810221313
"P23626",2546.32090850625
"P23627",2849.04727582213
"P23628",2371.22576190497
"P23630",2540.77265004963
"P23631",2546.32090850625
"P23634",3206.4269289746
"P23635",2435.4751974172
"P23638",4057.66234054625
"P23639",2330.71587463861
"P23641",3084.60816487306
"P23737",2785.22801393591
"P23779",2747.44083009473
"P23895",1404.25628708134
"P23933",845.219506580028
"P23952",2284.12390022303
"P24047",1620.92796327067
"P24070",2218.09549496854
"P24080",117641.614353413
"P24082",2959.30918918408
"P24128",1256.41375431925
"P24161",1702.02451126079
"P24162",1634.11108425374
"P24163",3693.80922802806
"P24164",2650.96574546708
"P24166",1967.42808547417
"P24169",2252.98812609014
"P24171",4199.96922830614
"P24229",2014.04869531845
"P24253",1986.00073007357
"P24266",3096.58157855437
"P24272",1975.25782426187
"P24317",2469.0602610151
"P24339",3148.55375687727
"P24341",2741.11934436123
"P24346",2821.39089841003
"P24382",1405.30918033733
"P24419",2205.08996389627
"P24429",1944.68674808521
"P24433",2127.69689484015
"P24473",1913.65280487742
"P24481",51240.3520586974
"P24515",2884.50703083307
"P24601",2892.6787266723
"P24606",2888.24542945649
"P24609",2597.83983057544
"P24709",2474.74992621012
"P24805",2109.69236736504
"P24830",4800.55951022461
"P24963",2850.63044251725
"P24967",9248.67004579965
"P24968",11825.6246421394
"P24973",3437.72944445882
"P24975",4141.98709226851
"P25021",3447.27032769552
"P25058",5211.45551986028
"P25280",21269.9465517333
"P25281",23471.3051640843
"P25332",2044.41376183904
"P25334",1669.65225411748
"P25350",24115.0944090815
"P25472",1820.19387370004
"P25481",1791.32896475267
"P25579",22460.0948329058
"P25581",16030.1186265766
"P25606",2256.62549621639
"P25668",1168.37893811977
"P25877",2443.63884504954
"P25878",16090.5749296892
"P25941",2316.90435454928
"P25944",4296.5062081241
"P25946",20536.2874251273
"P25983",3468.64953495251
"P26003",2282.4047883952
"P26006",1635.55197049847
"P26008",1684.99986752298
"P26009",2250.58300437714
"P26010",1774.39049824483
"P26011",2060.85147824081
"P26012",2149.18767127993
"P26013",2092.82278880502
"P26014",2138.67039901349
"P26015",1708.70147801549
"P26016",2227.24407611374
"P26017",2097.19230447742
"P26019",2103.21031205313
"P26020",2193.36129057029
"P26021",2445.76788230256
"P26023",2445.76788230256
"P26024",2057.32368320921
"P26026",1760.46213652484
"P26028",2104.44362588975
"P26029",2104.44362588975
"P26030",1955.51929639692
"P26031",2012.4138675036
"P26179",2826.79018057933
"P26250",1990.30930658583
"P26257",2245.8059729626
"P26271",2159.02531331637
"P26293",2311.67403575088
"P26335",3835.87939538647
"P26468",1227.02149426408
"P26472",1214.02243734946
"P26517",2550.83318482618
"P26525",2080.0781492968
"P26542",2302.4560473584
"P26686",1950.86478788336
"P26748",1728.45078385251
"P26749",2277.44865013826
"P26750",4068.15798767456
"P26751",1902.53579314184
"P26753",1864.04801577609
"P26755",2254.7473131493
"P26756",1877.71884186828
"P26757",2648.60543266849
"P26773",3583.22395483481
"P26802",5695.07524351074
"P26819",3333.39983613722
"P26820",3333.39983613722
"P26821",2281.79292045902
"P26822",2324.46446070354
"P26845",2404.97745950344
"P26846",2367.78483978651
"P26919",1551.49222088856
"P26936",2089.95480394142
"P26953",2084.06644154172
"P26961",2786.40544065264
"P26963",1854.77498752071
"P26974",2729.07267212772
"P27043",1962.44104168947
"P27057",2277.93153976407
"P27066",1929.2337420872
"P27072",2062.16844133413
"P27074",2076.68594073344
"P27127",2883.95095813739
"P27182",3264.16172266746
"P27194",4180.02861592956
"P27198",1894.57223517235
"P27209",1933.32385692211
"P27217",2908.77357592548
"P27222",1881.51289455219
"P27255",2279.50086665654
"P27256",2279.50086665654
"P27284",2279.50086665654
"P27445",2584.18245796426
"P27631",25281.2554217059
"P27632",2161.43877475351
"P27633",2510.81400325746
"P27634",2332.0443878315
"P27635",20248.1706609028
"P27636",21630.3238629035
"P27637",2918.00436435741
"P27639",87117.7412613811
"P27651",2795.05805789164
"P27657",2280.58300711216
"P27658",1685.8082989759
"P27660",2280.58300711216
"P27661",2280.58300711216
"P27791",2425.21707204414
"P27806",1898.15671639776
"P27811",4097.80927050618
"P27816",2873.48560146347
"P27819",2749.6701027658
"P27820",2753.60247681411
"P27821",2749.6701027658
"P27823",4809.42040308003
"P27829",2223.36365014195
"P27833",3459.28081672097
"P27834",3303.91354684841
"P27835",3029.24268016685
"P27836",2937.37380445838
"P27838",3459.28081672097
"P27867",1607.17802982072
"P27891",1314.87794974307
"P27892",2024.29978241354
"P27930",1107.83844120141
"P28007",3029.42128738802
"P28019",1345.32856570546
"P28029",1584.45062389389
"P28050",1135.91922217699
"P28062",1178.9127443697
"P28100",1399.47616367808
"P28113",2837.70690099008
"P28205",1477.85124373938
"P28206",1790.56363259467
"P28222",3051.23018191686
"P28476",1885.43947843808
"P28478",2184.39283578519
"P28484",2240.81429741997
"P28485",2277.2540661937
"P28492",4093.79300153362
"P28494",4516.10488978489
"P28495",3950.35273469917
"P28496",5392.12879151169
"P28497",2382.88987519287
"P28498",1935.92443743379
"P28499",2382.88987519287
"P28502",1929.19291150444
"P28503",2192.51253123083
"P28504",2586.20210191795
"P28506",2265.32037079555
"P28507",2323.13579159306
"P28509",2669.78527951196
"P28511",1877.18624235872
"P28512",1998.9781001155
"P28513",2307.56679135564
"P28515",2689.93830601301
"P28516",2804.05706169432
"P28517",2611.90138369075
"P28518",2611.90138369075
"P28521",2137.20449382617
"P28523",2196.79074673503
"P28527",2361.67158610777
"P28531",2182.20643495486
"P28532",2432.23514437634
"P28533",2123.01559024922
"P28534",1998.9781001155
"P28536",2190.38384775064
"P28537",2335.61686398154
"P28540",4567.48899956677
"P28542",4696.7058249823
"P28543",2203.60620739693
"P28544",2555.24247780046
"P28545",3432.41680165175
"P28546",2463.9486903502
"P28547",2740.91218682186
"P28548",2463.9486903502
"P28549",2641.33021712428
"P28550",2463.9486903502
"P28551",2670.46631942317
"P28554",2670.46631942317
"P28555",2457.12313286566
"P28559",3746.75169476675
"P28562",2560.6705387049
"P28564",2291.65149892241
"P28567",2304.5766447668
"P28568",2649.14878320162
"P28570",1956.65912603163
"P28573",2421.7991128619
"P28575",1927.27353948216
"P28576",2183.08813330745
"P28577",2357.19007890553
"P28579",2111.9260561778
"P28580",2280.03162177557
"P28581",4252.64146790724
"P28584",2045.73461114281
"P28585",1863.26963866054
"P28586",1972.22428772401
"P28587",3786.1042939774
"P28588",2551.0440640327
"P28590",1812.7023405968
"P28591",2240.36162475778
"P28592",1946.13553293737
"P28593",3838.99873836626
"P28594",4808.03498250579
"P28595",3838.99873836626
"P28597",81633.1067188647
"P28598",83415.5314202334
"P28599",3720.72107352228
"P28657",85658.7117443187
"P28690",85441.3003591812
"P28693",22157.7308833667
"P28694",82313.8336492067
"P28696",2346.24757918799
"P28697",2803.48245134402
"P28698",2349.89022915734
"P28699",21640.5697029346
"P28700",2361.48507852298
"P28706",1935.8685517592
"P28823",1998.20605858228
"P28848",1196.18329962049
"P28881",3561.36132716987
"P28889",2160.06249897257
"P28944",2087.11541323574
"P29112",17941.6122388694
"P29116",2501.92273356248
"P29117",27638.0938016996
"P29123",17385.1429361741
"P29127",20755.3746253186
"P29128",19287.0227097725
"P29129",19636.9692682129
"P29130",2244.75215655529
"P29131",21523.6503251781
"P29137",19572.4690334654
"P29141",32340.3913905721
"P29151",18791.9216952326
"P29155",2224.72515872224
"P29176",2615.19183020705
"P29180",2249.88976782943
"P29190",2322.98683513426
"P29192",2380.66961205967
"P29324",2166.90299283901
"P29325",2262.99100034285
"P29327",1941.71216625784
"P29404",2468.9564686276
"P29424",3551.71775777017
"P29440",1975.83050068877
"P29455",2628.39487050756
"P29483",2483.76996854071
"P29485",2225.38872657976
"P29526",2572.04451557675
"P29553",2139.30102483622
"P29591",1744.49094109031
"P29593",1740.08633768313
"P29596",2192.75091477651
"P29599",2428.21285976957
"P29602",3214.49324501351
"P29603",1833.70272583291
"P29607",3660.62089841269
"P29608",2206.41558043255
"P29639",2668.33941603703
"P29641",2670.55000431134
"P29644",2467.93482026206
"P29645",2349.91759029663
"P29648",2561.73943745137
"P29658",2336.42929241661
"P29660",1764.24143053811
"P29662",1999.84123957987
"P29663",2232.15144892801
"P29665",1764.24143053811
"P29667",2165.11614860724
"P29670",2077.02545042092
"P29672",1729.83292760161
"P29675",2034.98962302232
"P29677",2778.02666491191
"P29678",1743.82571540127
"P29680",1743.82571540127
"P29688",6167.58454619039
"P29689",3004.88674646934
"P29691",3768.15485673831
"P29719",1684.99986752298
"P29749",2095.77864946374
"P29781",3059.56154682443
"P29843",3417.4889306498
"P29844",2542.68778738654
"P29845",2877.8359168827
"P29846",2732.17027979787
"P29847",3175.24472389893
"P29848",2679.02455387144
"P29849",2609.45041197182
"P29850",2732.17027979787
"P29852",2836.01424915079
"P29854",2732.17027979787
"P29855",2531.33414814816
"P29864",3050.37351807518
"P29866",2112.15951754134
"P30025",2964.12759842987
"P30027",81367.9442316315
"P30028",2830.99280267408
"P30030",2645.68881143904
"P30032",1383.39660802557
"P30098",2321.43374741807
"P30106",2017.53514868046
"P30111",1869.75968495224
"P30120",2606.0033637065
"P30148",2981.3828436933
"P30159",2991.4548692485
"P30172",113929.715257277
"P30188",2040.82592217848
"P30398",3514.18356929882
"P30401",2136.08188733411
"P30407",2104.93230179523
"P30415",2051.80805817925
"P30417",1957.24916969812
"P30421",2102.76001173616
"P30430",3243.34885488039
"P30436",2200.52494322251
"P30444",2474.7998236973
"P30447",2240.52441089155
"P30450",2218.02113072419
"P30453",2218.02113072419
"P30457",1936.4062248349
"P30461",2104.93230179523
"P30465",1720.29228753985
"P30521",2005.22247732072
"P30530",2364.03093394663
"P30548",2066.77176178507
"P30550",1913.05863011578
"P30570",2001.78135533521
"P30573",1841.36498335968
"P30575",1597.77017794949
"P30576",2010.54602012522
"P30577",1547.49053077454
"P30578",3870.88934195383
"P30628",4372.92783259043
"P30629",3973.87116302785
"P30636",2560.07591657379
"P30637",2553.4755508467
"P30644",1851.82533329906
"P30645",2035.02740411622
"P30665",2074.37354172494
"P30667",2251.56844114724
"P30668",2020.4321604246
"P30669",2322.5323065425
"P30670",1696.84150804523
"P30672",2297.97823590934
"P30673",4349.33141528807
"P30674",2563.81688370909
"P30675",2259.2217273489
"P30676",2792.10637447226
"P30677",2356.46864364363
"P30678",3147.0887515342
"P30680",2458.43388432349
"P30682",2297.97823590934
"P30683",2234.74169441205
"P30688",2152.65800915878
"P30690",2129.88853765644
"P30693",1953.53111263581
"P30695",2056.06986113453
"P30696",1696.14125330774
"P30697",2597.34636152213
"P30698",1760.37423850142
"P30699",3321.38142567613
"P30701",1891.79234958401
"P30702",1891.79234958401
"P30703",2056.06986113453
"P30704",2302.03999885647
"P30705",2056.06986113453
"P30707",1985.08498984881
"P30710",1968.62526378984
"P30711",2302.03999885647
"P30712",1891.3961438099
"P30713",1891.79234958401
"P30714",1980.77439877285
"P30718",2118.82412292953
"P30720",1879.79103606753
"P30747",1813.99362652746
"P30769",1371.46044223953
"P30770",1688.05208612368
"P31073",2254.2480413751
"P31079",1959.94590814058
"P31080",1698.48164202476
"P31081",2132.16829772828
"P31082",65639.3785842631
"P31190",1093.27774126177
"P31227",2609.45041197182
"P31228",3556.8993181199
"P31231",2455.1252551713
"P31233",4432.32524065616
"P31236",5162.60286995579
"P31242",1872.05308877907
"P31243",2211.39466674103
"P31244",2439.16134292071
"P31245",1872.05308877907
"P31246",2034.6174083645
"P31247",1960.10717570291
"P31385",2316.90435454928
"P31387",2677.4855939021
"P31388",2316.90435454928
"P31390",2208.97143573229
"P31393",2255.36573171737
"P31394",2412.04389138624
"P31395",2597.76149680511
"P31398",1960.15095956406
"P31402",1931.55834450246
"P31403",88098.351687662
"P31404",75808.8165076527
"P31467",2783.72789287378
"P31510",22483.8397993903
"P31511",18692.5934658758
"P31514",15699.6832989408
"P31581",4429.93382104058
"P31583",1957.64784311223
"P31588",1531.07817967694
"P31589",3197.34068298601
"P31590",1634.81615425523
"P31593",2090.49014214798
"P31596",2000.07335150449
"P31599",2711.50653741899
"P31600",1877.95186215384
"P31602",2000.07335150449
"P31603",1877.95186215384
"P31604",2004.94061774371
"P31607",2289.54526544353
"P31613",2163.96206030249
"P31615",2382.13885666456
"P31616",2797.59179163291
"P31620",2177.20935234776
"P31621",2221.04464447123
"P31624",2210.75999650432
"P31626",2269.78622824943
"P31645",4378.45689438245
"P31650",2460.38668405191
"P31670",22851.0762447685
"P31695",2669.39362249031
"P31697",2810.88790706923
"P31705",2476.81248051546
"P31706",1780.15513634153
"P31717",3608.22242840881
"P31779",20592.0052965621
"P31781",18556.5694012026
"P31782",20513.9247742596
"P31786",2000.51359810954
"P31788",2370.09758125682
"P31789",17994.9776834892
"P31790",2485.38219638705
"P31792",2527.26411273179
"P31795",2485.38219638705
"P31797",2380.48239683006
"P31989",2013.19915100683
"P31997",1959.29614218514
"P32001",86229.4406763448
"P32003",1931.87935633154
"P32004",1946.68558805741
"P32006",1856.20213660155
"P32009",1870.37276097633
"P32020",16890.7834793146
"P32022",14115.7004966646
"P32023",3919.58411098527
"P32108",2432.90097023075
"P32109",2422.78405922794
"P32111",2481.7070579049
"P32134",17506.1062813791
"P32135",17373.4951322954
"P32137",17228.6403174357
"P32138",15718.4259578925
"P32140",17823.7413071982
"P32143",17340.3638050907
"P32144",17506.1062813791
"P32145",16254.3816193336
"P32147",16100.4894135458
"P32162",20237.9634838147
"P32166",2072.3320584632
"P32169",1172.74355453176
"P32170",7427.8847198764
"P32172",16738.5452409113
"P32177",16950.1825652788
"P32180",2577.99051440664
"P32181",2577.99051440664
"P32183",16485.934432905
"P32185",18790.7381018546
"P32189",20219.5179512286
"P32190",22162.1662800637
"P32194",14638.2155384076
"P32200",3111.17568880696
"P32209",2853.39987034678
"P32210",2853.39987034678
"P32211",2853.39987034678
"P32214",2853.39987034678
"P32215",2899.2062394806
"P32216",2762.84853516875
"P32217",3018.69076305036
"P32218",1990.67720918956
"P32223",158837.122186276
"P32224",2855.70506237314
"P32225",2207.14752200573
"P32232",21639.1550920677
"P32234",21639.1550920677
"P32240",2808.19424110228
"P32241",2823.94886593204
"P32244",18536.0481811323
"P32249",2506.50044986869
"P32253",2501.92273356248
"P32259",16933.3785113054
"P32327",2318.53099514187
"P32354",113879.703494237
"P32360",2576.88626750974
"P32544",4443.71697075472
"P32585",2585.00609201684
"P32683",3326.23833802312
"P32689",2649.16956183947
"P32921",2212.33372641674
"P32995",1273.12081401046
"P33019",1701.30622359047
"P33043",16170.6922514543
"P33047",18043.8068738058
"P33048",19753.098209662
"P33049",18043.8068738058
"P33050",15985.5948774243
"P33056",18503.4739407842
"P33057",2784.32245837632
"P33079",17109.8987089935
"P33081",14076.1776231115
"P33084",15605.4092748717
"P33284",2574.89727542525
"P33286",2456.99615702083
"P33289",1959.11683277833
"P33294",2574.89727542525
"P33296",2574.89727542525
"P33298",2574.89727542525
"P33299",2574.89727542525
"P33305",2574.89727542525
"P33309",2552.56936919832
"P33310",2552.56936919832
"P33313",24722.2868451768
"P33426",1078.7367550555
"P33466",1818.096278134
"P33651",2057.34721241774
"P33929",13870.2818672506
"P33962",1963.68152078965
"P33963",17928.409414864
"P34022",17465.4326289633
"P34025",16730.5357228455
"P34034",21908.0387107801
"P34037",22254.6916353927
"P34382",2297.25590208425
"P34383",2297.25590208425
"P34417",42626.0445985496
"P34538",3285.46357323048
"P34539",2369.12913119535
"P34573",3499.38729854637
"P34574",3005.24224505294
"P34575",3499.38729854637
"P34580",1596.57008898416
"P34581",1817.56548745897
"P34583",1691.45145959093
"P34613",1763.92361052406
"P34614",1475.0240070607
"P34640",1984.1695901954
"P34689",2765.33876278299
"P34709",1993.02105847409
"P34710",2031.63473611124
"P34711",1488.44375018422
"P34745",2135.08669726491
"P34750",1477.97336407529
"P34751",1352.63758234254
"P34842",71843.3005374786
"P34843",2347.37450809416
"P34845",2131.56529746472
"P34846",2282.87864340896
"P34847",2443.46374309969
"P34850",2377.92601252655
"P34851",129060.373565421
"P34852",2128.34371552553
"P34853",85257.7429846534
"P34869",3925.17254336437
"P34873",3162.36607403492
"P34874",3530.33117586463
"P34926",100073.984298248
"P34928",2507.45920208884
"P34929",2148.27611647028
"P34930",2498.39456338376
"P34931",2591.92430416176
"P34932",4357.45524587666
"P34933",3514.10769141085
"P34934",4357.45524587666
"P34935",2782.86711027258
"P34937",2208.289351169
"P34939",2438.51458428913
"P34940",2438.51458428913
"P34941",2597.06955332623
"P34944",2765.86674065422
"P34945",2334.98785011039
"P34946",2859.92345064216
"P34947",3059.72577824099
"P34948",2921.95314123206
"P35026",2913.14394758774
"P35291",2698.01321794122
"P35417",3134.97943259153
"P35461",4598.70067161724
"P35667",16975.6804285156
"P35782",3030.25573976949
"P35807",2214.53661184087
"P35878",4557.97653349501
"P35880",3233.00501461334
"P35881",1972.20289800808
"P35882",3925.94456944547
"P35883",1870.267881659
"P35885",1538.21759171423
"P35886",1436.52888546471
"P35887",1566.09460557954
"P35888",2483.06056460858
"P35890",1834.12437355378
"P35891",1656.84028790037
"P35893",4611.50350249799
"P35894",4378.81716163133
"P35897",1589.25948281683
"P35912",2341.88192141612
"P35913",1678.82483075096
"P36011",2730.72553326758
"P36061",2148.89142261956
"P36062",2017.03068329901
"P36102",1787.98562894883
"P36107",3492.17127794064
"P36111",2879.33118382629
"P36112",2107.11636261992
"P36113",2414.48599604473
"P36114",2530.34805693951
"P36126",2158.83520431941
"P36234",2761.71796400652
"P36235",2761.71796400652
"P36237",2761.71796400652
"P36238",2976.38383790715
"P36240",2976.38383790715
"P36242",2232.69020824797
"P36373",2511.2932068215
"P36374",3189.73617198044
"P36377",3189.73617198044
"P36578",1786.02777870808
"P36591",2393.54745451391
"P36712",31654.5838266184
"P36927",1898.0006862519
"P36950",2173.09367111642
"P36966",2772.17511370792
"P37024",2302.2880714217
"P37127",1897.94701688231
"P37142",1339.45009328286
"P37143",1662.51617791753
"P37146",1339.59906428687
"P37155",1858.36374488448
"P37156",1713.88462434284
"P37158",1710.63074355499
"P37257",30458.7955526268
"P37374",2540.45122121247
"P37457",1619.82687859261
"P37569",2066.85389427978
"P37685",2131.21014628814
"P37699",1605.37470494029
"P37702",1517.83639934733
"P37726",2536.08189567999
"P37824",4142.08120359157
"P37863",3426.54263036499
"P37864",2730.25314615392
"P38165",1552.86329514587
"P38262",2139.88817972525
"P38277",2457.93352294653
"P38279",2498.97470600149
"P38287",61150.2517308271
"P38294",2027.64767839688
"P38296",2050.04033288428
"P38318",3563.98038933019
"P38461",2721.02963869584
"P38463",2480.01124120815
"P38623",20958.8442320048
"P38627",15924.4762093186
"P38628",15924.4762093186
"P38907",2817.53320624673
"P38946",2867.94485034673
"P38951",3002.58932958927
"P38954",3049.03767196487
"P38972",2128.95023841006
"P38976",3210.19390781749
"P38983",2125.92114703044
"P39002",2519.11487078993
"P39093",3259.21833640382
"P39312",2514.82042419332
"P39419",3322.73661008114
"P39423",3204.71640989912
"P39442",2483.03205639048
"P39446",2574.48305300655
"P39504",2452.00350168707
"P39538",15617.2634045246
"P39542",18868.5106281614
"P39544",17609.2917045383
"P39545",18254.4151888109
"P39547",20449.5015217706
"P39548",17235.824659902
"P39561",19542.2378367621
"P39570",12618.1933960219
"P39575",2070.88136303945
"P39576",3858.66931129121
"P39577",1613.76691655351
"P39578",1988.27800456076
"P39579",1668.02002021605
"P39583",1654.53471707348
"P39584",3263.67491283271
"P39590",2816.13643817983
"P39591",3133.90265643304
"P39593",2910.78687574163
"P39596",4390.02532303336
"P39597",4110.97830924475
"P39599",2498.767416144
"P39602",1854.78998531191
"P39603",1954.58121535477
"P39604",2341.23850744736
"P39625",1531.76921559757
"P39630",1717.73728182195
"P39631",1877.41478542142
"P39634",2040.44445250379
"P39635",2047.47016419594
"P39636",2277.07990044274
"P39640",2070.07034756303
"P39641",2323.88094743007
"P39642",3315.40223633977
"P39643",1916.0050818448
"P39767",40822.3591664389
"P39821",2676.6986296354
"P39935",20687.3578162873
"P39956",2533.0757768412
"P39959",2136.1037758835
"P39965",21601.4765061613
"P39966",2338.89625976278
"P39967",26247.1016713264
"P39972",20395.4414334174
"P40029",15743.1713389517
"P40057",2994.48852088896
"P40231",3617.66065599156
"P40453",1670.93620655507
"P40484",3256.01263081436
"P40855",2095.4599360681
"P40856",2053.07140648735
"P40857",2095.4599360681
"P41061",43258.8193558865
"P41201",2155.78436785318
"P41218",2484.66797205922
"P41480",2131.08125428075
"P41745",2206.88861156016
"P41747",2206.88861156016
"P41763",2022.86177370064
"P41777",2213.8167990204
"P41852",2244.73010326323
"P41854",2244.73010326323
"P41856",2157.74153530841
"P41864",2327.54939799913
"P41865",2327.54939799913
"P41943",2453.86582533
"P41944",2453.86582533
"P41945",2453.86582533
"P42113",93947.679146388
"P42172",37330.0642162701
"P42174",49851.4041796759
"P42176",36732.9706597959
"P42276",1921.60600901527
"P42293",2240.52441089155
"P42311",2417.72613386763
"P42375",2056.26915509471
"P42386",3150.80983110756
"P42407",2322.98683513426
"P42422",2236.59997610093
"P42424",3598.91326819399
"P42428",3090.20813219503
"P42724",2011.9588776498
"P42908",2873.67078064044
"P42974",2203.47505410958
"P42975",2763.14586501286
"P42977",2298.96465079427
"P43038",8269.95489919204
"P43076",37218.2056263669
"P43113",2556.64995936433
"P43144",2130.7753534407
"P43171",2388.26182774551
"P43175",2448.8739083062
"P43179",3645.50565184519
"P43348",38510.0468542041
"P43551",77975.3685875132
"P43555",4931.13310798557
"P43557",2226.57173204636
"P43576",74502.9207247208
"P43577",106649.368745961
"P43578",75543.4262493359
"P43596",62551.7307296519
"P43597",58465.6113319231
"P43600",65389.6401312196
"P43625",110989.634622856
"P43626",65111.4563287663
"P43628",7260.01152051655
"P43657",1413.28754056115
"P43664",1332.10110914373
"P43665",1576.95027524613
"P43670",6566.09804156466
"P43675",24106.7456615709
"P43746",6588.87912745992
"P43749",99851.0325989374
"P43753",5957.33168322001
"P43755",52073.5892361367
"P43760",80353.4387000344
"P43765",33893.7879402366
"P43766",35419.8436463175
"P43768",35947.1320431739
"P43771",37308.9483504523
"P43772",9139.0557809015
"P43773",10797.6041926919
"P43780",4667.95317537448
"P43787",1374.02923247306
"P43790",3384.54289383985
"P43794",2666.97747129268
"P43845",1706.66268766482
"P43907",919.76603618192
"P43993",5165.71685709456
"P44005",18149.0816202397
"P44008",24670.7817844427
"P44009",20004.0640516204
"P44014",4901.23046590719
"P44036",1725.54942161913
"P01003",1577.48285929991
"P01005",2187.9493564519
"P01011",15350.7653416379
"P01032",2112.35549861221
"P01057",3291.32119657871
"P01062",2166.39184805921
"P01064",1987.32834764844
"P01065",1279.61518369007
"P01114",3881.81756961266
"P01115",3332.97031874719
"P01193",3904.13352425072
"P01205",3168.9448377174
"P01249",2097.49660759432
"P01261",2368.73219831517
"P01277",3074.88029981856
"P01331",2206.221996221
"P01386",2408.30817038307
"P01401",3377.07551649564
"P01407",2308.6054459328
"P01558",1568.52189135579
"P01572",2975.66353654464
"P01595",3193.09549448693
"P01603",1067.67279824587
"P01645",1350.71808161344
"P01650",1660.45462504817
"P01761",2682.11120367873
"P01857",2744.45444702483
"P01874",2666.74281685673
"P01945",4372.70238372903
"P01985",4628.7098855135
"P02005",1236.88372287746
"P02009",3107.16532162681
"P02087",2984.00937926487
"P02144",2730.99052352972
"P02146",2310.05807807227
"P02162",2528.05483213021
"P02263",2752.78619827247
"P02274",2681.89563095749
"P02319",1350.71054900041
"P02347",1320.80472827546
"P02404",2481.8280085263
"P02428",4154.235629686
"P02504",2153.45521531861
"P02526",1853.9767921435
"P02533",2465.67089333265
"P02611",2505.28264525091
"P02650",1990.08595943829
"P02683",2093.9183713563
"P02697",2699.23301873516
"P02700",13163.2528369515
"P02712",2738.11487774675
"P02733",2668.73923457664
"P02745",10870.4228326341
"P02845",4574.75368552853
"P02862",3389.60347141211
"P02920",3036.21090197464
"P02937",2455.40255095782
"P02977",3640.1073885238
"P02998",2159.73107311353
"P03024",2852.37741408304
"P03058",3211.31445516265
"P03080",1140.6174520818
"P03088",3064.52637815892
"P03195",2584.98958577692
"P03217",3359.96624112947
"P03218",3549.59035453241
"P03226",12880.1977849288
"P03260",3081.72086130076
"P03278",2221.14238782984
"P03335",2925.71914307104
"P03394",2440.09183865755
"P03398",8229.59733188322
"P03415",3715.80754596907
"P03451",3299.78913755738
"P03477",1669.00245324328
"P03491",2873.04315919788
"P03619",2626.40223015096
"P03623",3177.96732325913
"P03652",3726.04093516951
"P03665",3661.41851254052
"P03738",3773.89049345598
"P03774",2579.79313752857
"P03834",3005.04324345328
"P03854",7320.04247967063
"P03888",3257.31200639634
"P03895",2638.73126741843
"P03906",1696.8541680443
"P03919",2120.26012925395
"P03939",2855.61596677782
"P03943",2091.56693083485
"P03946",2369.16383682939
"P03949",2233.59016797756
"P03965",44955.6080110735
"P04003",3345.97984408824
"P04047",4027.76063198357
"P04077",14726.6887322191
"P04078",14097.4422272286
"P04082",10128.7557891221
"P04124",1923.07485750976
"P04131",2842.45443583466
"P04144",2685.41295305146
"P04165",2261.80072709921
"P04247",2328.17574827652
"P04252",2328.17574827652
"P04259",3115.89836832925
"P04327",2796.82110952713
"P04337",2229.79570085572
"P04400",3309.46937154485
"P04410",3980.69765698165
"P04433",911.474448887402
"P04451",3937.60126169526
"P04481",26758.2017570152
"P04536",2030.63936303651
"P04559",1229.35998803249
"P04583",1503.21571254632
"P04635",1007.67219701212
"P04705",2629.34944149153
"P04764",2033.21676386868
"P04864",2045.54975381464
"P04962",10995.6421668036
"P04969",10304.3599841766
"P05102",2807.6427412155
"P05126",2684.2389038031
"P05278",1947.01091241956
"P05313",2395.68105312793
"P05329",1832.87055677873
"P05342",2904.34409385141
"P05446",2139.79155785745
"P05449",2139.79155785745
"P05450",2618.65323539574
"P05457",2903.34655247758
"P05559",12442.7781794694
"P05588",2709.02835916549
"P05609",2519.73011903911
"P05618",1963.38528141333
"P05669",1952.86175209044
"P05759",2637.04572191187
"P05760",2386.63650934957
"P05764",2844.37048560957
"P05765",3161.36238554137
"P05767",3038.2263376844
"P05787",3949.22370735371
"P05799",3687.33918162625
"P05814",17424.4235928951
"P05829",2413.85330341307
"P05950",3832.84097888816
"P05979",2480.04691347987
"P05991",1482.79227601776
"P06014",2153.7615441322
"P06025",2352.86019119273
"P06050",5526.28013972346
"P06062",2393.37029694508
"P06177",3340.55196691659
"P06199",2066.19216252197
"P06213",1163.90928277148
"P06282",3581.40739502413
"P06300",2048.07616846647
"P06395",13621.1174100045
"P06396",13621.1174100045
"P06397",2265.65328479814
"P06921",1787.87079485437
"P07079",2087.67797100468
"P07098",1837.70535717342
"P07102",2056.29667614779
"P07265",3022.76605600861
"P07266",2972.62439299073
"P07287",1540.71086571044
"P07409",1599.51848367926
"P07541",3304.58428633757
"P07603",3023.39943805352
"P07611",2727.25525387024
"P07612",2727.25525387024
"P07621",18350.8683290955
"P07954",3387.76359442855
"P08111",2359.88563674135
"P08139",3336.81448405406
"P08154",3547.1668033919
"P08185",3399.67099419999
"P08236",1878.97135643578
"P08840",2951.73710905207
"P08848",3180.36347856877
"P08878",19200.8856783389
"P09113",11139.2941400004
"P09155",5119.64175350364
"P09207",3333.43387259488
"P09254",10817.6221734138
"P09305",2730.76195255203
"P09307",10819.0996349683
"P09599",2490.29182619994
"P09742",3389.21691347389
"P09743",2321.3491453468
"P09812",3792.71827034197
"P09813",2724.94621635893
"P09864",3300.53378703518
"P09866",2527.59379553417
"P09867",2550.97587087508
"P09868",1748.77782326923
"P09869",1680.45091541511
"P09871",2529.88370434699
"P09872",2229.41100008865
"P09873",3377.19180559702
"P09874",2318.2151470913
"P09876",2845.33381584841
"P09877",2011.06728792596
"P09878",1876.43619711583
"P09879",2559.51077885651
"P09880",2147.19528784353
"P09881",2402.1538497968
"P09882",2221.9825524319
"P09883",3437.21098855728
"P09884",2870.12875670629
"P09885",2115.80536643609
"P09886",1731.14910158967
"P09888",2563.79995532008
"P09889",1955.40942327268
"P09890",2005.15475742016
"P09892",2094.74091579797
"P09893",1293.82738667746
"P09894",2392.10969807138
"P09895",2504.39683443259
"P09896",1350.9870886603
"P09899",5293.76501239805
"P09903",2618.32193918088
"P09905",4436.06070960308
"P09923",3950.35378680843
"P09926",2519.48817804532
"P09927",2511.31303197224
"P09931",2681.48710028755
"P09934",4229.90068801947
"P09936",3157.1576398475
"P09938",2719.9965985728
"P09944",2327.43105262833
"P09945",2316.89928525146
"P10182",1847.90794100445
"P10316",24787.7312110562
"P10543",1579.28262116333
"P10545",1619.105779457
"P10546",2092.97703768464
"P10547",1571.76526547098
"P10549",1527.32122765409
"P10550",1621.53517149986
"P10551",1530.37794256356
"P10552",1709.78554038505
"P10553",1527.32122765409
"P10555",1709.78554038505
"P10566",2068.17179711177
"P10572",2558.01392765901
"P10608",773.28181210673
"P10679",3116.66503457618
"P10827",2794.41925487856
"P10876",4422.41144964926
"P10896",94021.7392460346
"P10898",3946.2328779468
"P10974",2433.47757726991
"P10975",1953.52725408323
"P10976",2224.55518319411
"P10978",95269.4910878278
"P11038",2096.26828548434
"P11042",1975.03935052997
"P11043",2178.31092027856
"P11044",2877.00611914333
"P11045",2113.1079552588
"P11046",2280.00467758475
"P11050",2346.8715781185
"P11052",2319.26993365253
"P11053",2294.33179738132
"P11054",2319.26993365253
"P11062",2109.61992976341
"P11063",1243.15528051517
"P11064",2059.03462010533
"P11066",2385.86856518482
"P11067",2671.33230654856
"P11068",2346.8715781185
"P11072",2270.13711593733
"P11073",1397.46439343562
"P11148",2218.30365399442
"P11193",2198.1510614676
"P11216",4976.81688530012
"P11237",2787.22412270559
"P11354",4321.77841313438
"P11355",4317.27387322132
"P11358",3641.98563962484
"P11528",3597.53042530362
"P11616",2451.47875021153
"P11617",2937.27217111322
"P11618",2497.43819570387
"P11620",1717.40553875703
"P11621",1870.38854317472
"P11821",2277.43090577998
"P11899",2576.93024900918
"P11906",2500.93664382451
"P11997",1731.72508175095
"P12110",10718.0301332947
"P12177",1181.55508128996
"P12228",3305.24348947591
"P12248",2462.31462128777
"P12255",2347.22262137438
"P12258",1991.34551914104
"P12265",3474.8818832918
"P12341",2873.75542062537
"P12343",3098.87155344083
"P12344",2452.18527404031
"P12345",2308.2804545534
"P12375",3222.63102547816
"P12461",2560.08499753122
"P12493",2427.15911578104
"P12494",2503.26532426825
"P12497",2456.04697441444
"P12499",2403.38995120162
"P12500",3013.07777446237
"P12501",2858.38744682357
"P12525",2429.39849153116
"P12527",2629.63470891084
"P12529",2732.31159127069
"P12632",2281.52969481801
"P12653",15675.3867782139
"P12668",15715.9727900593
"P12713",2758.94545682592
"P12941",3847.99589744013
"P13195",2309.75483102526
"P13390",2222.44019731615
"P13434",1873.48626285684
"P13604",3021.04990180426
"P13610",2846.0627225184
"P13643",2048.74312620312
"P13671",2951.51484549855
"P13693",4260.91242738189
"P13702",2582.34078391627
"P13745",4413.83488480273
"P13856",13413.8055547865
"P13920",2590.1449498701
"P13921",3146.09442454901
"P13925",2400.96146081868
"P13927",2576.89532071374
"P13928",2483.71372277546
"P13929",2500.22947057002
"P13931",2376.60431994428
"P14013",2565.01649523909
"P14080",2500.18872598277
"P14082",3166.04485721442
"P14121",43548.3580521002
"P14223",2096.12655799081
"P14275",3480.2310730089
"P14341",2596.20492030006
"P14364",2806.49925493793
"P14375",2743.31111326348
"P14392",2499.94971867473
"P14434",2042.41498528349
"P14435",2326.19381631141
"P14436",2421.45627602741
"P14440",2660.4542897366
"P14442",1575.83113393436
"P14446",2709.83504123719
"P14448",1648.76721299217
"P14451",2401.93713226752
"P14452",3072.85079589723
"P14455",2308.70928826664
"P14458",1716.16059592202
"P14459",2118.78975164345
"P14463",1864.63497325233
"P14466",3213.81086514415
"P14468",2062.90002210571
"P14469",1956.43434654711
"P14473",2172.59042464281
"P14476",1999.46281812889
"P14477",3722.50039028673
"P14479",2463.93656248899
"P14481",2579.58982123033
"P14487",2374.39611968512
"P14488",2351.38976490803
"P14550",1870.05185720465
"P14552",2177.00101029485
"P14553",1922.22034152284
"P14556",3401.50893346857
"P14559",2711.11978959158
"P14560",2005.40057041316
"P14562",2030.87417570618
"P14563",3494.32938285333
"P14575",2059.94748261016
"P14576",1459.83290235005
"P14577",1795.4094913803
"P14584",1754.95683282174
"P14585",2196.50391201113
"P14608",1938.17002968072
"P14609",2644.08170952756
"P14610",2305.50046353131
"P14616",2971.49901472153
"P14635",4540.05547012849
"P14637",3286.13509778099
"P14638",2012.66192595338
"P14640",4139.99269142383
"P14657",1990.93090099111
"P14661",1850.33396428126
"P14662",2428.16581303841
"P14663",1856.38130433955
"P14664",2198.89935110611
"P14665",2347.49225906033
"P14666",2346.8715781185
"P14669",2039.16737236684
"P14672",2068.3660409731
"P14674",2806.10767425498
"P14679",2641.48908956479
"P14742",3688.43668147695
"P14753",2667.38424398793
"P14780",3423.70398237594
"P14786",2367.58544157878
"P14787",2480.54330749331
"P14808",2446.57727496263
"P14809",2056.83171819838
"P14810",2443.52810100483
"P14814",2079.00967961255
"P14860",2072.11334089632
"P14865",2185.34835484619
"P14871",1573.36140651094
"P14901",2719.18089744783
"P14918",2602.38255761768
"P14923",3570.40651439914
"P14926",2832.69138451036
"P14947",2474.12110497835
"P14952",3746.94562846288
"P14953",2541.3665880033
"P14955",2710.46273626602
"P14957",4144.65637678913
"P14959",2287.2450393347
"P14960",4342.99229543294
"P14961",2926.40714387994
"P14962",2926.40714387994
"P14963",2542.18569916567
"P14964",3610.4768212078
"P14965",2639.0172906019
"P14966",2319.85862701278
"P14967",3151.7321641512
"P14971",3544.52151025569
"P14972",2841.65438209624
"P14973",3215.00969548661
"P14974",2211.17383029912
"P14975",1793.94927252829
"P14977",3060.34607599881
"P14980",2062.99292968396
"P14985",2150.0863089649
"P14988",2492.94319836156
"P14989",3710.77389346601
"P14991",3010.31097220544
"P14992",3202.03716653309
"P14994",2539.66459983757
"P14995",2872.80382013053
"P14996",3019.81380711169
"P14997",3412.64756806651
"P14998",4410.8600051066
"P15000",4359.2829864864
"P15001",1200.08237660398
"P15002",4485.20787419881
"P15004",4902.25733497293
"P15006",3991.87211410602
"P15008",3981.50265081459
"P15009",2051.9196979524
"P15011",1885.9991365027
"P15014",4540.41577743033
"P15015",2509.7153012154
"P15017",3100.2077114976
"P15070",2376.60431994428
"P15071",2289.02438539653
"P15072",2364.59830422035
"P15073",2258.55207359822
"P15083",38845.3441431692
"P15133",2865.41813190378
"P15148",2413.82746676522
"P15151",3056.98268736779
"P15153",2662.1906593784
"P15178",2750.93901186505
"P15179",2513.14759920399
"P15181",2310.10257981848
"P15234",3185.61968888839
"P15236",2538.7969681668
"P15237",2676.93058742875
"P15243",16155.2577806135
"P15256",16043.413725322
"P15258",2155.30245264316
"P15260",2383.18348591277
"P15261",2383.18348591277
"P15263",2790.39153957079
"P15264",3282.61557831592
"P15265",2244.41789283131
"P15267",4049.31238523048
"P15269",3763.87326037305
"P15270",2024.44138232101
"P15272",1848.4341924279
"P15279",1823.48208157823
"P15280",2131.14877765118
"P15282",2092.08132359803
"P15302",2401.01612139927
"P15305",2401.01612139927
"P15307",2369.47956676363
"P15308",2491.56339530808
"P15325",2056.95779555386
"P15341",2892.6691271441
"P15343",2509.7153012154
"P15344",2940.94758706808
"P15345",2456.84678055257
"P15347",1827.13931755934
"P15364",3087.01291878785
"P15366",2799.86938015477
"P15413",2952.74660821667
"P15416",1998.89784349598
"P15417",1785.90267812766
"P15422",1923.62083111086
"P15423",1928.0507433628
"P15424",1839.20914341642
"P15431",1116.06819737215
"P15433",2264.86294189898
"P15434",2005.40057041316
"P15443",2062.90002210571
"P15444",2367.92051748101
"P15483",2470.35132751115
"P15487",2087.66999909681
"P15488",2170.7759195956
"P15511",2615.75482104201
"P15512",2685.99045934711
"P15519",2443.31489496617
"P15520",2291.47140998261
"P15521",1641.99418223778
"P15522",2398.97695461053
"P15523",2233.71841741104
"P15536",2541.69244064534
"P15537",2389.8554155654
"P15541",2634.86468741292
"P15542",3159.93975137184
"P15544",2801.73425523822
"P15545",4032.29040138996
"P15546",2451.71039816808
"P15547",4194.42439605263
"P15548",3213.30284659368
"P15556",2558.58879864769
"P15586",2161.1930219436
"P15587",2707.59878115518
"P15588",2468.96409720826
"P15836",2816.13136525663
"P15876",1086.77100993219
"P15880",3239.55419663095
"P15881",3930.59325505237
"P15883",12980.4401501535
"P15948",2440.88618021546
"P15949",3255.0991915035
"P15951",1863.46898988385
"P15952",4033.6412345941
"P15956",2195.07603940778
"P15964",2253.96624541773
"P15966",2892.67259838346
"P15968",2191.32156825864
"P15971",2148.33734588606
"P15974",1895.71257515062
"P15976",2158.18287968147
"P15978",3105.8718106071
"P15981",2229.37751803085
"P16058",2245.44072063057
"P16059",2329.30792953468
"P16061",81391.6408208065
"P16069",3061.14490884428
"P16071",2343.06165054517
"P16072",1324.60268928289
"P16073",2662.6769223805
"P16085",3346.92455162607
"P16148",3101.37386274002
"P16150",2385.86856518482
"P16152",2135.08423908948
"P16153",3822.69502276401
"P16239",2629.90008092577
"P16242",1720.62654759049
"P16370",2946.35651930116
"P16379",4762.74801087465
"P16389",1854.07092476901
"P16391",3015.91346414359
"P16408",1983.37121352507
"P16422",2038.27087819059
"P16434",2675.44448070918
"P16436",2690.1999386164
"P16467",2034.6179884745
"P16468",2401.01612139927
"P16469",2590.1449498701
"P16472",4243.53628885094
"P16476",2590.1449498701
"P16477",3765.30275496005
"P16478",2631.53102452473
"P16480",2488.860484571
"P16483",4666.04320378712
"P16484",2493.93468270742
"P16485",2489.80742013967
"P16523",1954.08238837303
"P16568",5221.34818918834
"P16606",2472.75008615771
"P16607",2650.05635721702
"P16608",2050.56337211189
"P16659",2544.93618994546
"P16667",3506.78269312702
"P16670",3708.30848071735
"P16676",2137.79045704127
"P16677",2385.31529631726
"P16689",1907.05587153775
"P16822",2492.48956632976
"P16825",3386.70306952397
"P16827",2406.37710993277
"P16897",2810.43612284827
"P17012",2580.47488705109
"P17042",2477.93724889255
"P17124",2998.25417984256
"P17185",3378.43903702346
"P17219",2598.12236313511
"P17221",4081.18159211
"P17222",2435.8890623782
"P17225",2419.7981576327
"P17235",2469.64810948193
"P17490",1890.45448577722
"P17494",1755.41756051564
"P17646",2220.58173835122
"P17686",3377.28933924572
"P17688",3039.76522434994
"P17690",3540.797265407
"P17691",2870.13052087704
"P17692",2235.11630822654
"P17695",2128.25940549202
"P17697",2315.34127308667
"P17698",2218.57771000799
"P17771",2454.85265760509
"P17772",1563.98843560478
"P17773",1443.98220138349
"P17876",2643.08131554819
"P17877",5444.70450253992
"P17879",2345.05284888452
"P17882",2554.0781474779
"P17884",2589.13903830488
"P17886",2211.45236799392
"P17888",2295.89983553761
"P17890",1700.93455001323
"P17892",2351.41914161911
"P17901",3832.45022398693
"P17910",2714.10743472151
"P18090",3449.8523244178
"P18208",2208.65250596363
"P18280",1963.72966455008
"P18313",1729.52926513927
"P18318",1928.25755834225
"P18320",2374.92294293967
"P18321",2407.93590162327
"P18323",2303.18363221707
"P18327",1756.23005587155
"P18329",1558.8401267274
"P18330",1965.35904865649
"P18335",2709.83504123719
"P18419",2198.71328017983
"P18420",2385.86856518482
"P18422",2297.33409254354
"P18424",2005.40057041316
"P18425",2188.41605088108
"P18448",2436.08474489691
"P18449",2470.35132751115
"P18450",3150.36244549102
"P18572",2595.47282584707
"P18573",2812.20202054216
"P18575",2640.67419946662
"P18583",2559.00891512813
"P18653",3380.61420112111
"P18699",2872.85493475607
"P18767",4080.62711756213
"P18808",4065.96490170256
"P18809",4896.97096346184
"P18817",78085.1113830996
"P18869",2074.11843785477
"P18949",2289.49611066623
"P18994",14883.6814594034
"P19016",3728.82989252463
"P19019",2584.22557158846
"P19020",2390.667048959
"P19065",2163.69351730188
"P19157",2059.62485001421
"P19176",2096.25364406565
"P19179",2162.97470876312
"P19182",2414.61499951695
"P19185",2218.36347821316
"P19188",1840.71772329992
"P19190",2212.37986776852
"P19198",2421.44931571787
"P19220",2189.12527753887
"P19233",2218.57771000799
"P19236",2194.96271784183
"P19294",1708.79073477003
"P19312",15904.2920727697
"P19403",34642.8368534686
"P19525",3021.04990180426
"P19528",3465.6691301597
"P19610",3085.48587380587
"P20081",2174.56837912962
"P20082",2339.18818293809
"P20167",2211.63421043689
"P20168",2432.49354071887
"P20171",2687.28178736751
"P20172",3363.10231228178
"P20177",2844.60846509777
"P20193",4629.40083191989
"P20194",1929.69472232544
"P20195",2826.13746948387
"P20196",2462.59546190673
"P20197",1929.05139537446
"P20200",2458.88938405422
"P20201",2939.9564153577
"P20203",2826.13746948387
"P20204",2919.59498147364
"P20206",4852.26450138055
"P20208",2910.76654319615
"P20209",2734.92113399802
"P20211",4105.25860238701
"P20224",1865.37550042365
"P20226",2721.77267705133
"P20227",1936.16775208414
"P20231",3990.97421132457
"P20232",2734.92113399802
"P20233",4503.85328441632
"P20235",2335.61568291436
"P20238",2264.19120354491
"P20278",3118.53062853782
"P20279",2748.67379957169
"P20282",1977.2458748473
"P20290",2377.62318194858
"P20297",2034.35011771545
"P20306",2826.42823563941
"P20322",2661.65949008195
"P20325",3197.81594263416
"P20331",3690.71569710986
"P20348",1934.98097635022
"P20354",1815.16262600787
"P20356",1860.2184432312
"P20359",1777.00412162092
"P20360",1979.01921894746
"P20361",1972.13221062215
"P20365",2196.05186608464
"P20366",2310.1765442855
"P20370",2292.46024020274
"P20371",2137.19234100153
"P20376",2379.75073771203
"P20377",2142.93595830866
"P20426",2610.95489437259
"P20463",2962.7261707598
"P20575",2332.00540162681
"P20581",2589.45916005467
"P20583",2970.57954439737
"P20587",2342.77196075052
"P20591",2782.13213743449
"P20631",1398.26522883233
"P20650",15462.4312659951
"P20675",3586.74626922422
"P20698",2714.18770474434
"P20703",2396.98777647448
"P20721",2273.24901261405
"P20758",2938.9686016022
"P20779",2664.20125439501
"P20810",1774.78956497385
"P20820",3222.63102547816
"P20821",2016.32100234754
"P20822",2008.24580372631
"P20824",1948.6813704941
"P20842",2476.86085641491
"P20863",6506.26775696253
"P20864",2982.86187256038
"P21043",1797.87110006723
"P21045",1148.51500105077
"P21052",2199.19325445929
"P21055",2590.1449498701
"P21125",2718.69113771925
"P21411",2745.90143823133
"P21416",2745.90143823133
"P21447",3233.3681043819
"P21448",3080.66071846736
"P21461",97390.6234447034
"P21466",3607.43782299831
"P21468",2490.79438395377
"P21503",65538.3557822296
"P21549",3316.16190714017
"P21585",2537.11196809516
"P21622",2640.14202955874
"P21634",2154.43272262299
"P21640",2752.41272714778
"P21721",3066.9002788787
"P21725",3966.86405708258
"P21726",5355.9106204703
"P21727",3925.03879527816
"P21734",3729.35573274846
"P21741",2492.00848487145
"P21764",2459.68116042391
"P21769",2196.23914827952
"P21806",2485.03665326951
"P21904",2326.69150879943
"P21906",3291.80822691043
"P21909",2039.94937220086
"P21913",1934.66759916683
"P21914",1892.11206101378
"P21917",1892.11206101378
"P21919",1933.46931386138
"P21920",2112.85681660021
"P21925",1784.16930711802
"P21937",2235.21972735625
"P21943",2544.362527425
"P21945",2157.43494202767
"P21951",3310.22165113657
"P21953",3167.59691959857
"P21954",2734.64366936811
"P21965",2950.76454684134
"P21968",3723.95702187608
"P21972",2827.70758151745
"P21976",2957.34973551807
"P21978",2498.83583798249
"P21980",3144.45641096612
"P22010",2147.65678544289
"P22011",2026.84271641532
"P22012",2513.4601783615
"P22014",1789.32688226064
"P22015",2387.83215879454
"P22018",4061.83561439938
"P22020",2357.07723000577
"P22021",4311.49873048359
"P22024",2962.97789718994
"P22027",2926.66789582334
"P22028",2442.21830263004
"P22029",2022.15735633171
"P22030",2303.48662449064
"P22031",2599.25087087463
"P22033",3618.09519709436
"P22037",2047.29516144532
"P22038",2460.11570103082
"P22085",2348.58187384099
"P22744",1998.56602585467
"P23001",3658.68639497199
"P23142",1813.78454697943
"P23258",2346.78447970668
"P23277",20546.1321706523
"P23454",3390.18504167975
"P23596",3247.90552073739
"P23622",2529.29595718605
"P23632",3380.91622228479
"P23636",2359.48117683489
"P23637",2339.72523293241
"P23728",2911.39113480805
"P23730",1654.27006364453
"P23731",3345.28637591425
"P23732",1956.62599306845
"P23734",2556.54720713547
"P23740",2733.490691794
"P23744",4554.62664825441
"P23747",4015.21725740154
"P23748",2805.28838629832
"P23843",2608.79478352021
"P23870",1923.91487068895
"P23981",2843.83945989381
"P24129",1881.29661727538
"P24130",2218.10656046214
"P24131",1881.29661727538
"P24152",2668.31011158793
"P24227",4054.613109016
"P24243",2040.85331051346
"P24244",2040.85331051346
"P24245",2039.86642945986
"P24247",2039.86642945986
"P24248",2139.69838815768
"P24249",2811.53077748229
"P24250",2401.24065648248
"P24251",1435.66398163798
"P24252",2256.16618537881
"P24254",2869.30127413731
"P24255",2234.61124191174
"P24256",1969.47085079148
"P24258",2817.17658631744
"P24259",1482.55168345306
"P24261",2339.18818293809
"P24263",2339.18818293809
"P24264",3902.0024452802
"P24265",2563.43734185586
"P24268",3327.75238222928
"P24269",3327.75238222928
"P24270",2445.46192564637
"P24271",2456.12185834097
"P24273",2445.46192564637
"P24274",2616.22047555259
"P24275",2445.46192564637
"P24372",1642.6705839497
"P24380",3692.76664310086
"P24383",2505.79467220739
"P24420",2010.07670949262
"P24454",3327.34332312587
"P24466",4528.68863003072
"P24732",90838.9084097201
"P25331",3534.56221775555
"P25333",4350.89906248403
"P25509",1210.15558811478
"P25510",4131.57184911262
"P25511",1210.15558811478
"P25553",2558.23772877801
"P25558",2578.75633172485
"P25563",6691.04066230808
"P25576",6640.93275048409
"P25689",2989.62729480751
"P25951",2485.41111409641
"P26022",2475.44668522615
"P26202",4094.87490001371
"P26522",4394.74813805352
"P26524",2535.32410156783
"P26537",4176.14241354859
"P26538",4176.14241354859
"P26539",2826.4517245337
"P26541",2634.88042710568
"P26605",1120.17276785451
"P26640",2980.30632447278
"P26679",1942.80056548836
"P26688",2098.94606769637
"P26731",2746.24020322436
"P26736",2740.32798887077
"P26754",3223.9771823372
"P26758",2366.95400693226
"P26798",2878.76410453207
"P26855",3941.84635188773
"P26929",2695.24403790066
"P27290",2120.37585892652
"P27291",2120.37585892652
"P27292",2037.3573934232
"P27293",2174.80513897333
"P27294",2120.37585892652
"P27297",2647.06203904774
"P27298",2481.96212997937
"P27301",2067.7579076176
"P27302",1961.16505204983
"P27305",1961.16505204983
"P27397",3633.10544512159
"P27419",3225.91000153564
"P27440",1990.05964079607
"P27441",2545.63725608151
"P27443",2702.28449187739
"P27499",1955.48123692088
"P27501",3027.61316129048
"P27502",1975.16703509774
"P27503",2395.64678549949
"P27506",2069.51623251002
"P27507",2823.56727158802
"P27509",3413.123776729
"P27510",2848.23679095635
"P27512",2433.9550737412
"P27515",2365.3007248363
"P27520",1895.40211680355
"P27522",2469.69634279037
"P27539",2183.26241192836
"P27540",3298.30926183793
"P27542",3356.95328144396
"P27543",2102.57896807438
"P27546",2005.5277687113
"P27548",2207.64897430023
"P27549",1978.11366416902
"P27551",3023.86920611931
"P27554",2049.61969428546
"P27557",1943.83908053116
"P27558",2183.26241192836
"P27559",2005.5277687113
"P27562",2859.16834697014
"P27563",2183.26241192836
"P27564",2005.5277687113
"P27575",1687.24879003624
"P27576",1623.6645680989
"P27579",1687.24879003624
"P27583",1621.87291931084
"P27584",1455.55881725365
"P27585",1621.87291931084
"P27589",1866.28199043722
"P27597",2211.84492644117
"P27599",2615.85663037036
"P27601",2397.2193838183
"P27602",2233.11649770828
"P27604",2068.34737781343
"P27605",2233.11649770828
"P27606",2512.41121139356
"P27610",2611.62897847473
"P27611",1934.98097635022
"P27613",1934.98097635022
"P27614",1934.98097635022
"P27615",3665.26887481913
"P27617",3738.14748739015
"P27618",2362.17573536878
"P27622",2851.05833940998
"P27625",2132.06751713265
"P27626",2636.51047504642
"P27629",3740.10833896168
"P27630",2083.39525662926
"P27652",2278.67967324845
"P27683",3120.55171216494
"P27809",2110.43430380876
"P27824",3299.05701010427
"P27826",2276.78614820818
"P27830",2276.78614820818
"P27831",2235.46890770446
"P27832",2235.46890770446
"P27837",3669.61382902036
"P28449",2383.04185354503
"P28450",2544.88756768815
"P28452",2841.85484684771
"P28454",2208.75585719191
"P28455",2819.94054044902
"P28456",3402.96627512142
"P28457",2232.64115239694
"P28458",1660.9888193611
"P28460",2218.02763734361
"P28470",2438.9731539607
"P28471",2067.39289931044
"P28474",2438.9731539607
"P28475",2438.9731539607
"P28479",5364.3162828869
"P28481",4573.32023358472
"P28486",2382.48081852483
"P28487",2566.9027775706
"P28490",2703.33329743037
"P28491",3696.83261831301
"P28500",2702.51223680049
"P28508",2462.18310269808
"P28514",2475.62493166824
"P28520",2496.35656364356
"P28522",2503.16247956478
"P28524",2282.57618851212
"P28528",2386.916263083
"P28530",2241.15392125339
"P28553",2382.36699280713
"P28556",2369.30456767558
"P28557",2551.96222796871
"P28558",3225.50081969223
"P28560",2536.40271698989
"P28563",2482.80458723202
"P28574",3357.10168358137
"P28583",2397.19004285449
"P28596",3404.8129019377
"P28644",2216.81856944934
"P28691",3599.93906281751
"P28703",3140.28632731863
"P28715",3256.24375512385
"P28717",2594.87113965746
"P28718",2337.58023992119
"P28719",2594.87113965746
"P28733",2057.24067388732
"P28734",1893.64198221849
"P28744",1925.1600317664
"P28745",1946.52189016145
"P28746",1946.52189016145
"P28812",2527.02679929006
"P28813",2527.02679929006
"P28815",2037.07854072156
"P28820",2037.07854072156
"P28821",2535.26799579346
"P28822",2689.51025009603
"P28824",2763.58240206754
"P28826",3750.25863546225
"P28828",3367.39774907291
"P28829",2642.38474601435
"P28830",2621.60701937861
"P28831",2094.16205402599
"P28846",2324.48487783369
"P28847",3644.60629048417
"P28850",2618.29858582009
"P28851",2460.11570103082
"P28852",3644.60629048417
"P28853",2067.81986670153
"P28855",4283.85178476459
"P28856",2618.29858582009
"P28858",2324.48487783369
"P28860",2324.48487783369
"P28956",2766.12861301498
"P28960",2332.00901641758
"P28964",2276.60460252006
"P28966",2414.78996731759
"P28967",2803.68035736549
"P28968",2341.84690002623
"P28969",2937.41603621903
"P29036",1750.73206424146
"P29044",1933.46931386138
"P29046",2531.60907270514
"P29049",2477.01367758953
"P29052",2597.92737184823
"P29060",2368.93617263184
"P29061",1815.17986431718
"P29068",1598.55635600417
"P29069",2520.16484381654
"P29070",1912.79259087144
"P29071",1756.23005587155
"P29072",2159.57519785391
"P29075",1679.91284081193
"P29076",1679.91284081193
"P29077",1615.45490030835
"P29078",1495.66311425081
"P29079",2406.16797000353
"P29080",2335.16470588275
"P29081",2406.16797000353
"P29082",2037.52630034528
"P29084",1815.17986431718
"P29086",1675.83472896151
"P29088",2042.46753283272
"P29089",2035.20125943996
"P29090",2037.52630034528
"P29092",2055.33060777144
"P29093",3450.76145265756
"P29094",2374.86952867186
"P29095",4374.29184692758
"P29098",2471.63422908349
"P29099",7532.33634559145
"P29102",2325.65280595013
"P29103",2325.65280595013
"P29108",2462.66518324363
"P29111",16213.848108441
"P29154",2495.98826297533
"P29156",2379.08946897945
"P29157",1851.29777073459
"P29158",2345.19185936536
"P29160",3384.65460244845
"P29161",2345.19185936536
"P29162",2345.19185936536
"P29163",2345.19185936536
"P29164",2495.98826297533
"P29165",2345.19185936536
"P29166",2495.98826297533
"P29167",2345.19185936536
"P29168",2154.54692249356
"P29169",2345.19185936536
"P29170",3238.59287691457
"P29171",3238.59287691457
"P29174",2759.57559599506
"P29175",4122.05335429757
"P29177",2429.93747719211
"P29178",2429.93747719211
"P29179",2154.54692249356
"P29182",3017.8671587935
"P29185",2695.87154722861
"P29186",3017.8671587935
"P29187",2695.87154722861
"P29188",2500.18151821293
"P29189",2422.53633724249
"P29191",2409.73519264396
"P29194",1508.85851008123
"P29195",2422.70163396952
"P29222",2477.18450167646
"P29223",2150.96436458638
"P29226",2869.86436775592
"P29227",1723.63745919725
"P29228",2197.46987191719
"P29229",3293.31512503862
"P29326",2682.37193914409
"P29338",2461.74899732348
"P29339",3037.58653841715
"P29340",2319.02223859123
"P29342",2364.00818851008
"P29343",2387.38803537571
"P29347",2599.31446149591
"P29391",3345.4601370712
"P29395",2057.63328985769
"P29396",2794.94240464313
"P29397",3321.0880299788
"P29398",4680.31115255748
"P29399",140669.67980864
"P29402",2794.94240464313
"P29405",2500.48599975229
"P29406",2256.43462466167
"P29407",2548.55629914524
"P29408",3056.56773276353
"P29409",2235.4118002206
"P29410",4354.61349672184
"P29425",2628.63445774772
"P29427",3062.16234178953
"P29428",3883.52036527753
"P29429",129019.826657708
"P29430",3376.60265508133
"P29431",2955.59242877583
"P29433",2648.95118013606
"P29434",3060.03154673999
"P29435",2648.95118013606
"P29436",3366.94337699886
"P29437",2371.73985899412
"P29438",2611.21064646842
"P29441",2540.25509915421
"P29442",115621.659142001
"P29445",2521.0407499021
"P29450",2047.59562857558
"P29458",2382.35918238198
"P29459",2121.39106510949
"P29460",2382.35918238198
"P29473",2573.0899771755
"P29474",2573.0899771755
"P29475",95353.5738396696
"P29477",3615.84845764572
"P29478",2417.87938830084
"P29481",2532.55921906674
"P29486",2345.5583111713
"P29487",2656.10307515591
"P29489",4413.45697307893
"P29491",3489.83380988891
"P29492",2595.30912366882
"P29493",2675.59815163922
"P29494",4636.48170683333
"P29497",4036.78674961392
"P29498",190131.299941882
"P29499",3086.03259920496
"P29502",2899.60264248895
"P29503",2899.60264248895
"P29506",2556.12809678168
"P29509",3229.73751192095
"P29510",2298.4614403828
"P29511",1651.91114450479
"P29512",1592.94269365864
"P29514",1651.91114450479
"P29515",1690.20199748102
"P29517",2211.17383029912
"P29518",2092.54078004206
"P29519",3916.1764043674
"P29522",3359.56413609545
"P29523",2417.17864889772
"P29528",2966.02630142613
"P29529",2457.32360573373
"P29531",2958.34520070227
"P29532",3382.92148633204
"P29533",2398.59239294724
"P29534",2593.05983433237
"P29536",2683.86354806216
"P29537",2552.82100027186
"P29538",4066.44967997743
"P29539",2447.23612929497
"P29540",3516.4102387939
"P29542",2090.01428324781
"P29544",2339.79947225181
"P29546",2961.65999607503
"P29547",1666.95668544101
"P29548",2846.53326092196
"P29549",2505.31067716933
"P29550",2501.64183265936
"P29551",2501.64183265936
"P29554",2501.64183265936
"P29556",3696.83261831301
"P29557",2588.50894946479
"P29559",2604.73724353678
"P29562",3270.76704451399
"P29563",3696.83261831301
"P29564",2532.39992154805
"P29566",2122.91185647332
"P29567",3374.93968882927
"P29568",3274.39218318297
"P29590",2211.56344006927
"P29598",2327.75440798273
"P29600",2309.26644182641
"P29604",3498.78591369246
"P29647",2082.14360083494
"P29659",2837.82357077499
"P29671",2333.94899607189
"P29673",2337.23591798168
"P29676",2498.66242921112
"P29690",2484.74190512646
"P29698",4046.2857249493
"P29699",3465.96810676269
"P29701",3020.70859189345
"P29756",2746.86182669074
"P29794",2865.76976128236
"P29795",2539.87211232971
"P29796",2118.6550184124
"P29820",2446.39040019319
"P29822",2219.4837100665
"P29842",2552.91790577783
"P29851",2656.93217705171
"P29853",2786.4366896409
"P29856",2237.71256872012
"P29862",2218.32175390272
"P29925",12287.6451900906
"P30010",2235.60025459823
"P30024",2779.64530103958
"P30034",2004.45339263088
"P30035",2004.45339263088
"P30042",1868.84198180498
"P30046",1663.88318471847
"P30050",2027.49230611093
"P30052",2111.23295615412
"P30053",2442.80688101617
"P30085",2606.50840873346
"P30086",3408.64285495566
"P30089",3396.5646673076
"P30090",2517.71848133888
"P30092",2620.4965917799
"P30093",2121.1056640832
"P30094",2571.06990288242
"P30095",2517.71848133888
"P30097",2620.4965917799
"P30100",2251.02519225385
"P30101",2244.5634677227
"P30103",2384.51418048053
"P30104",3184.14265867881
"P30105",1867.96907783935
"P30107",2158.57306579385
"P30108",2059.43861816099
"P30109",2080.25275934579
"P30112",2063.80951067027
"P30114",3589.41922078611
"P30116",2668.10526157849
"P30117",2507.66845863429
"P30118",2563.43734185586
"P30121",2428.66963214558
"P30133",2376.95303601356
"P30134",2644.13885082997
"P30135",2309.09614409713
"P30136",2376.95303601356
"P30138",2309.09614409713
"P30146",3593.67271583342
"P30149",2385.49977010956
"P30150",3987.83672159404
"P30152",1971.89675142539
"P30154",2148.83050749385
"P30155",2892.01155022979
"P30156",3490.24908459673
"P30158",3426.4836853025
"P30160",1933.93608900764
"P30161",2597.1348744409
"P30162",2556.58937457052
"P30164",2193.66499774718
"P30166",3537.83783480788
"P30167",2910.90916245408
"P30168",104241.08984297
"P30169",3901.64375619645
"P30170",4711.89866545324
"P30173",2471.43772900451
"P30174",2603.02509142771
"P30175",2603.15333675188
"P30176",2603.02509142771
"P30178",3654.94406930692
"P30180",4023.77125571645
"P30181",2582.50334531964
"P30182",3856.45829658978
"P30185",2642.38474601435
"P30186",2094.16205402599
"P30187",1929.25660857377
"P30189",2532.49712859069
"P30191",2532.49712859069
"P30192",3127.1030420357
"P30193",2758.99312549198
"P30195",2592.31351250233
"P30198",2834.50144455194
"P30199",3446.92630691173
"P30200",2643.72616569146
"P30201",2649.64778389085
"P30203",2499.82153351852
"P30204",2794.1177857524
"P30205",2649.64778389085
"P30207",4522.87287766738
"P30249",2355.44479798835
"P30250",2464.76982331606
"P30269",1704.16899712809
"P30270",1704.16899712809
"P30271",2632.19103449385
"P30273",1704.16899712809
"P30274",1704.16899712809
"P30275",1796.91385446701
"P30277",2980.8753627272
"P30278",1967.47161148347
"P30285",2028.72931953375
"P30287",2311.492789999
"P30288",2094.37739431607
"P30289",2262.08981947017
"P30290",2094.37739431607
"P30292",2222.39053308738
"P30399",2081.88329452187
"P30400",2246.58601968178
"P30402",4224.95211561443
"P30403",3291.4150704149
"P30404",2246.58601968178
"P30405",3054.15776323727
"P30406",2407.52077908149
"P30408",2504.66491850113
"P30409",4248.7967322898
"P30410",2102.04359931962
"P30411",2508.94296485725
"P30412",3987.39662890657
"P30414",2533.79124664195
"P30416",2696.70946766035
"P30418",3388.52450457415
"P30420",2533.79124664195
"P30424",4022.78706851154
"P30425",2456.12185834097
"P30426",2491.62217652503
"P30429",4022.78706851154
"P30431",3166.98679678203
"P30432",3942.09579311059
"P30433",2575.75119153198
"P30434",3944.00251589976
"P30437",2834.10704714439
"P30438",2473.24338185801
"P30439",2511.97225668327
"P30440",2613.61455065389
"P30441",2511.97225668327
"P30442",2643.59926635045
"P30443",2483.88844020502
"P30445",4399.84590615064
"P30449",2363.54245978989
"P30451",2411.6268055264
"P30452",2178.0102012931
"P30454",2178.0102012931
"P30455",3121.58115056003
"P30458",2395.84228342319
"P30459",2074.86324563972
"P30460",2180.71460431772
"P30463",2406.03162432371
"P30464",1704.16899712809
"P30468",1704.16899712809
"P30473",1796.91385446701
"P30478",1813.9924506929
"P30479",1813.9924506929
"P30482",1999.46281812889
"P30483",2068.92177342066
"P30484",2172.92743512744
"P30489",2172.92743512744
"P30495",1616.08777863456
"P30496",1616.08777863456
"P30497",1815.16262600787
"P30499",1815.16262600787
"P30502",2112.85681660021
"P30503",2657.52778382539
"P30505",2704.3799546772
"P30514",4124.86226649799
"P30515",2526.70019346195
"P30516",3201.32987706607
"P30517",3201.32987706607
"P30518",4327.45457078374
"P30519",3867.60659009553
"P30520",1843.93944232217
"P30522",1986.25523813463
"P30523",2343.76036219576
"P30525",2276.85065117213
"P30527",3087.52694871767
"P30528",2276.85065117213
"P30531",3790.64504580203
"P30532",2791.9504726258
"P30533",3083.79335419558
"P30534",3522.92272387904
"P30537",3974.38474996181
"P30545",2470.65878748275
"P30571",2505.91181774043
"P30639",3705.42953426579
"P30643",2352.78210197172
"P30666",2338.7090397828
"P30679",2956.20562204037
"P30681",3130.508061896
"P30684",3091.73695414733
"P30691",2072.41549645266
"P30692",2171.24769133825
"P30706",2095.12428077384
"P30709",3470.22722420058
"P30715",2615.14825924481
"P30717",2567.69339746789
"P30758",2240.28760820524
"P30842",2634.8513992689
"P30870",2480.60790089507
"P30872",2712.98548572137
"P30912",2622.54981271506
"P31067",2967.83695583804
"P31077",2047.87600579979
"P31123",2684.8990092335
"P31229",2666.4875455286
"P31230",2398.25047595411
"P31232",2666.4875455286
"P31329",2190.94474310405
"P31345",2181.27545666716
"P31347",2146.63880282895
"P31461",2598.97991750648
"P31464",3471.34212773944
"P31466",2707.04543871452
"P31513",13691.8086176967
"P31591",2623.6054733015
"P31598",2548.50417721705
"P31614",2455.98860754661
"P31618",2144.59226666807
"P31652",2558.71646058701
"P31691",14096.1652715489
"P31692",17308.2368003421
"P31713",2710.01386173154
"P31720",2448.32747477605
"P31721",2626.40489413453
"P31785",14797.8738840373
"P31806",1943.17235194977
"P31851",2951.51484549855
"P31998",85982.1376592491
"P32151",4045.11703774782
"P32196",14174.7623001541
"P32219",2206.14636905246
"P32229",2356.58128842592
"P32250",17269.1621147229
"P32255",16979.09658139
"P32320",2111.3236843674
"P32955",2358.61051880821
"P33551",3199.12891976798
"P33588",3147.22196754894
"P33754",3078.4601925952
"P33890",1693.84932594052
"P33891",1668.4269208101
"P33939",15642.061370115
"P34122",2557.206035343
"P34204",2991.98404784326
"P34300",3125.39343056599
"P34301",3515.17692023463
"P34303",3515.17692023463
"P34304",3141.14960353906
"P34305",3271.00803073381
"P34306",3141.14960353906
"P34307",3249.40279216884
"P34309",3249.40279216884
"P34310",3141.14960353906
"P34312",3172.21206535909
"P34313",3271.00803073381
"P34315",3172.21206535909
"P34317",3080.64008009576
"P34318",3146.35575465275
"P34319",4031.741323892
"P34320",3254.78830535298
"P34321",3521.00278809546
"P34324",3596.5188060333
"P34326",3596.05596651475
"P34327",2866.73142817892
"P34332",3596.05596651475
"P34333",2633.89966492615
"P34334",2376.89383112053
"P34335",2353.61671165297
"P34337",2353.61671165297
"P34338",2633.89966492615
"P34339",2434.73785456428
"P34340",3199.00828631715
"P34341",2279.28690381073
"P34342",3145.90394639234
"P34344",2225.13453725974
"P34345",2110.30004195706
"P34347",2465.73803074805
"P34348",2465.73803074805
"P34350",2585.26416201709
"P34351",2507.17374714021
"P34352",2585.26416201709
"P34373",3949.28954345174
"P34374",3039.40246171011
"P34375",2860.13855360687
"P34381",2771.00400603632
"P34388",3083.42401986503
"P34389",3010.95351450702
"P34390",2717.17017441111
"P34392",2675.33153777324
"P34451",2975.66939367078
"P34470",3476.41907163533
"P34473",3476.41907163533
"P34475",3476.41907163533
"P34545",3394.59032305016
"P34548",3140.95757206524
"P34578",4348.36819530743
"P34664",2466.65350415397
"P34722",3620.23086075779
"P34892",3007.22045570779
"P34894",3007.22045570779
"P35464",68307.6897328536
"P35694",2015.79341936491
"P36063",2206.6674476548
"P36072",1788.95242714843
"P36075",2892.89024085711
"P36077",1788.95242714843
"P36105",2343.78436669254
"P36106",3857.78142161054
"P36115",3521.99651550378
"P36119",3669.72263219131
"P36327",1321.74755154129
"P36414",2933.92092517263
"P36415",2400.71002517122
"P36416",2305.39171191615
"P36419",2947.4497075957
"P36421",2944.0868536672
"P36422",4049.31238523048
"P36423",2944.0868536672
"P36425",2069.64683574733
"P36454",1822.57487077989
"P36619",2510.63045637679
"P36772",2468.36852108366
"P36829",1984.919385858
"P36835",2013.76446543895
"P36838",1984.919385858
"P36863",1666.6798662195
"P36896",2050.90071318203
"P36898",29556.6482759144
"P36899",2047.21794094139
"P37112",2718.45471539215
"P37115",4891.30885217511
"P37118",4891.30885217511
"P37141",4317.27387322132
"P37145",3930.13918429241
"P37157",3356.57500772923
"P37421",2307.30925886117
"P37422",3813.91556048921
"P37423",3372.5963071394
"P37425",2336.83569855928
"P37426",2151.45341224486
"P37427",3813.91556048921
"P37428",1899.94481520663
"P37697",3559.49344665843
"P38347",1787.60472842876
"P38411",1662.04296544551
"P38454",2361.97218375356
"P38456",1878.23762272582
"P38457",103981.621746171
"P38458",2244.03261658316
"P38459",3368.81977437685
"P38460",3610.98630147423
"P38462",3704.54040606898
"P38467",2118.03765054883
"P38468",3084.75245632846
"P38472",2431.13601532162
"P38537",1481.14469216189
"P38567",4389.30500861558
"P38709",1966.86926874903
"P38711",2095.67726817163
"P38712",2059.36670062283
"P38713",2690.67043481577
"P38714",2346.8715781185
"P38715",2690.67043481577
"P38718",2243.28563463826
"P38720",2019.96514516135
"P38722",2474.47678186283
"P38723",2594.87113965746
"P38727",2096.26828548434
"P38729",2224.90416361732
"P38733",1820.11723805292
"P38734",2033.9832173222
"P38735",1820.11723805292
"P38737",2735.2612101697
"P38740",1833.64228788736
"P38741",1833.64228788736
"P38744",2575.29829848323
"P38745",94836.1709684106
"P38753",2001.54972149976
"P38754",2167.96180563619
"P38755",2167.96180563619
"P38757",2210.24586266368
"P38759",2845.2365321151
"P38762",2094.37739431607
"P38766",2039.30665557948
"P38767",2691.63474428708
"P38768",2158.0388371786
"P38770",2219.59213311272
"P38778",2207.68613013847
"P38779",2207.68613013847
"P38780",2418.64748549655
"P38783",2057.24067388732
"P38853",4428.34523489262
"P38854",3228.73367199929
"P38855",2915.44103506788
"P38903",3058.45905971724
"P38906",3914.06664478129
"P38929",4268.40901778402
"P38930",101875.326806969
"P38932",5017.03634075697
"P38933",4915.59588938648
"P38936",2966.90547572416
"P38937",2621.13547869434
"P38942",3072.82903030276
"P38943",2806.01636210007
"P38944",1847.38653869629
"P38945",4681.32086723022
"P38947",2621.13547869434
"P38949",3098.86556452348
"P38950",84405.7123393257
"P38952",3130.01811915537
"P38953",3165.42043672399
"P38955",3276.77135078012
"P38956",3486.78674987633
"P38958",1702.90216179374
"P38959",2316.1771885415
"P38962",2636.74798364491
"P38963",2607.26973131182
"P38965",4079.79403412675
"P38969",3470.99136592776
"P38971",2761.23479760567
"P38973",2490.95608937987
"P38975",4676.33035160341
"P38977",136334.053107857
"P38978",4906.73109583881
"P38981",3854.05918624587
"P38982",3854.05918624587
"P38985",2692.66325998149
"P38989",4676.33035160341
"P38990",3420.80888202316
"P39001",3025.79395450424
"P39059",3141.0473432786
"P39157",2593.00850969425
"P39310",2284.6017797171
"P39311",2224.37731825699
"P39313",152288.131518574
"P39314",2439.68124392596
"P39316",2192.63141105494
"P39317",116471.572195135
"P39318",88488.058059566
"P39319",159895.56654936
"P39420",2980.64944693517
"P39421",3024.42738260324
"P39422",4293.44789972989
"P39424",2972.98401205556
"P39425",2974.42211130245
"P39426",2664.17916105337
"P39427",2468.38078978428
"P39428",2468.38078978428
"P39429",2330.38789046998
"P39432",2526.6833738602
"P39433",2664.17916105337
"P39434",126196.652456358
"P39435",2191.41520091411
"P39436",92947.5973666161
"P39440",103498.313035475
"P39443",3487.12131865319
"P39444",95910.9388078244
"P39447",2244.69057027414
"P39448",3680.92417420951
"P39461",2702.5958398286
"P39463",4179.66736307794
"P39464",127015.555691203
"P39467",2848.97492320237
"P39468",3254.45868391689
"P39469",3187.14349747821
"P39470",2731.12338116719
"P39472",96679.1212788789
"P39473",2349.22600816585
"P39474",4463.79357726755
"P39475",2682.72931262281
"P39476",2543.64504352175
"P39477",2686.50721470651
"P39478",2543.64504352175
"P39479",2704.20592493307
"P39480",3495.91631761831
"P39481",5559.29084588484
"P39482",2935.05709094426
"P39496",2871.48428746915
"P39498",2493.13070866204
"P39499",2363.93412251749
"P39500",1834.08774893608
"P39502",3635.02557752256
"P39506",2643.45021879084
"P39507",4603.04085633234
"P39509",3916.1764043674
"P39511",2217.37103279546
"P39587",2293.5731574322
"P39595",3258.36001956581
"P39605",2797.25294420275
"P39826",2752.90541404515
"P39991",3121.55071929849
"P39993",3121.55071929849
"P40009",2827.5974896305
"P40042",16123.6462677481
"P40102",2709.33108282864
"P40452",2722.22685811924
"P40455",2657.55553155242
"P40456",2944.89564411884
"P40458",2280.15032892322
"P40503",2141.67929947594
"P40509",2212.33561019926
"P40526",2567.25801288809
"P40527",2844.8386531134
"P40528",2629.73278563145
"P40530",2647.21911365553
"P40531",2844.8386531134
"P40532",3153.44130679118
"P40533",2567.25801288809
"P40534",2635.29143526883
"P40537",2677.96082763287
"P40538",2767.25559363664
"P40539",2704.44432744204
"P40541",2617.10104779261
"P40552",2212.33561019926
"P40553",2212.33561019926
"P40567",2030.05314435601
"P40568",1949.062871425
"P40569",1774.11842417088
"P40571",2210.81961152008
"P40573",2844.55249429236
"P40574",2084.54621336457
"P40575",1639.94413143762
"P40576",2892.57149630353
"P40578",2873.73763026822
"P40579",1639.94413143762
"P40692",2888.88983451191
"P40794",1744.09309515232
"P40841",2318.98100915248
"P40883",3029.45558761174
"P41060",10274.5678906407
"P41457",2709.35062999773
"P41471",1581.97786234089
"P41549",30086.7934740471
"P41550",30086.7934740471
"P41579",31159.4388701904
"P41806",2591.56260699034
"P41899",3915.3413390695
"P42005",35363.2791368618
"P42049",2047.34856934063
"P42265",2376.46487794871
"P42266",4170.46192718252
"P42269",4632.34201894926
"P42270",2457.38701056002
"P42271",2457.38701056002
"P42272",2504.66491850113
"P42273",2665.71110781996
"P42274",5242.77773912187
"P42275",2649.25775766279
"P42277",2616.55668748703
"P42278",3230.56920375394
"P42279",3873.35266092254
"P42280",4396.1903001106
"P42281",1944.09921679631
"P42283",2549.44428882694
"P42284",3011.08255409061
"P42285",2127.20269405742
"P42286",2428.8099342817
"P42287",2044.89656772565
"P42288",2619.20391489673
"P42289",2040.05479503498
"P42290",1972.1838736207
"P42291",2945.10800797962
"P42292",2246.91698251839
"P42294",2317.53292499448
"P42295",2583.56388897948
"P42308",2296.08149060606
"P42313",3441.08051000065
"P42355",3261.69538345391
"P42356",2636.44154185712
"P42357",2563.43734185586
"P42358",3902.0024452802
"P42359",2653.81054214607
"P42360",3902.0024452802
"P42361",2512.18703506831
"P42364",3190.01635063734
"P42366",4086.49601116646
"P42367",2438.77006215306
"P42368",3650.82530938136
"P42369",2587.58688708012
"P42370",4019.77650948925
"P42372",2386.44163626427
"P42376",3335.8500213534
"P42377",3149.08346648765
"P42378",2502.91764671459
"P42380",2663.85153392117
"P42381",2426.19703670241
"P42384",3578.13184288257
"P42387",4865.59082535828
"P42389",3746.35239833042
"P42390",1947.68761967253
"P42391",4268.81232890874
"P42392",3215.1035523418
"P42402",2617.97781477016
"P42404",2459.81430176627
"P42405",2510.9286325564
"P42406",2506.02529735943
"P42408",2171.50126095704
"P42409",2263.9766984206
"P42410",4266.60233163122
"P42411",2587.58688708012
"P42412",3465.70842576369
"P42413",3173.56700949223
"P42414",2389.40472674378
"P42416",2587.58688708012
"P42417",2428.24375042438
"P42419",2428.24375042438
"P42420",2428.24375042438
"P42421",3169.63188956163
"P42427",2823.78577662009
"P42429",3449.57970138611
"P42431",2503.17543623229
"P42433",3580.96843536914
"P42438",2129.88628751769
"P42440",1861.90352731594
"P42441",2201.93871014675
"P42447",2720.66471918209
"P42451",3400.07919042771
"P42452",2719.27213574989
"P42453",2719.27213574989
"P42457",2719.27213574989
"P42462",2524.2071312625
"P42465",2698.76131236953
"P42466",2487.61039675316
"P42468",2482.01461089627
"P42469",2353.92903255453
"P42471",2343.49279340836
"P42472",2487.61039675316
"P42473",2487.61039675316
"P42475",3202.76567317415
"P42479",2487.26462972307
"P42483",1882.89145046174
"P42484",2686.89757963851
"P42485",2686.89757963851
"P42492",3445.5476931237
"P42494",2240.00220718201
"P42495",2240.00220718201
"P42496",4049.31238523048
"P42497",3172.86201052447
"P42498",2562.01810334146
"P42499",2562.01810334146
"P42500",2564.94469122355
"P42501",2562.01810334146
"P42502",3209.07567292384
"P42504",2564.94469122355
"P42505",2178.41211499723
"P42506",2241.16459821406
"P42509",2318.41154626392
"P42510",2333.82854009253
"P42515",1909.14850924149
"P42518",2173.02603389117
"P42519",2262.87395237461
"P42520",2173.02603389117
"P42522",2126.23758185468
"P42525",2431.81228740587
"P42526",1891.50658324065
"P42527",2440.83920182664
"P42529",2489.37842773365
"P42534",1920.28166831051
"P42535",1844.03044481063
"P42539",2372.84022175415
"P42541",3105.8718106071
"P42542",1705.37860732293
"P42544",3151.37374050344
"P42546",3151.37374050344
"P42547",3129.54075726299
"P42548",2669.6615417366
"P42549",2512.51054405774
"P42551",2640.47149365772
"P42552",2889.59289304959
"P42555",2069.64683574733
"P42557",2072.27601247796
"P42563",2261.00825326721
"P42564",2171.9941041615
"P42565",2171.9941041615
"P42566",1934.98097635022
"P42567",1934.98097635022
"P42568",1934.98097635022
"P42569",2227.74778125639
"P42572",2655.30613636348
"P42573",2578.15524440204
"P42574",2171.9941041615
"P42626",3256.02518498503
"P42812",2226.48455099296
"P42853",4398.08594774343
"P42913",1720.25156111394
"P43183",2401.68839478168
"P43184",43795.5789190414
"P43213",24110.4388598104
"P43536",2757.34038045459
"P43540",3794.78721301927
"P43595",16451.9534245988
"P43745",5506.45482950274
"P43779",3527.82960890217
"P43821",3291.708628948
"P43887",3242.47929467228
"P43888",1785.60284637319
"P43908",2927.99373118037
"P43981",2890.29291571078
"P43995",9187.35083995837
"P01015",2887.22516188948
"P01017",2771.76564668875
"P01070",2681.467909854
"P01074",2833.86392158354
"P01084",2763.39128230152
"P01107",3777.24902700084
"P01184",1037.72058109874
"P01188",5749.9365818466
"P01236",3134.04843247657
"P01252",2854.29425073233
"P01302",2641.68404275025
"P01341",2547.12223848179
"P01371",1738.95790836818
"P01413",803.506826612737
"P01414",842.342734907474
"P01416",1635.90817153998
"P01435",3512.30941412635
"P01442",5161.73662841469
"P01479",2407.30909526456
"P01484",1566.76204825131
"P01517",3939.89778667612
"P01537",1902.40129123338
"P01546",3279.00033763679
"P01548",904.86069380498
"P01579",2476.53187974908
"P01598",3380.66954282218
"P01666",2918.23389044684
"P01686",2504.92414509192
"P01705",3856.60175629382
"P01708",3909.95556448913
"P01727",2920.58372099948
"P01742",2906.81074296014
"P01745",2782.11936230995
"P01746",3025.37681010144
"P01769",3573.80693157663
"P01797",5025.28776451869
"P01823",2538.35006721098
"P01826",1952.43062023408
"P01840",11393.9618493352
"P01842",12207.1532080253
"P01852",1879.69361737014
"P01913",5507.16091165795
"P01927",2387.90561033409
"P01937",3817.13120881406
"P01940",1081.88188559161
"P01951",5770.62461325449
"P01960",6629.48780132095
"P01976",7155.90752460809
"P01990",2646.23589411609
"P02066",3203.95830743145
"P02088",1424.25426746756
"P02158",3363.39579472797
"P02211",2168.81706091273
"P02212",2916.99958120177
"P02230",3176.31902614265
"P02248",2090.48643761685
"P02290",7333.46336010099
"P02296",2108.86951453205
"P02328",688.086773826435
"P02368",4354.27718699073
"P02413",4818.28751895276
"P02414",5011.42819979076
"P02415",3686.09340718604
"P02429",2497.17181330787
"P02491",2796.90170900393
"P02531",2911.39038440417
"P02595",3474.58573105375
"P02681",12166.2481810253
"P02694",3150.51206516698
"P02696",2730.63394605792
"P02698",3031.3736916315
"P02704",3104.10294894122
"P02711",2131.26209399995
"P02766",2837.18133110697
"P02784",3486.97834178095
"P02785",3430.12225802854
"P02836",2670.09873931088
"P02840",2102.01426294742
"P02847",2031.55599985203
"P02853",3565.862625565
"P02865",3002.83755229545
"P02881",2817.0481837696
"P02927",857.67333499471
"P02947",2469.11036361564
"P02994",2724.3912011851
"P02996",2222.03238652672
"P03040",2551.62189692272
"P03214",3504.34924603623
"P03215",2905.73597501108
"P03285",2658.65427915818
"P03334",3626.82332523546
"P03341",1972.32822344804
"P03368",3383.31514017148
"P03489",2390.58558058992
"P03494",2352.47860279502
"P03505",2386.09046331298
"P03520",1947.59297948993
"P03523",2836.65204973882
"P03576",4108.33884875502
"P03598",1766.68124439247
"P03611",1738.07510047034
"P03629",2200.35095075069
"P03644",3227.31858031131
"P03647",11089.9961388116
"P03649",3155.74149318051
"P03651",3327.58796159844
"P03660",3482.33902411342
"P03666",3307.04474064514
"P03668",3278.39767154525
"P03797",3697.9401250688
"P03878",21456.5759922712
"P03887",2359.18346972408
"P03892",3644.06380923865
"P03903",2294.59102893373
"P03914",1696.10399669613
"P03915",4668.38119774746
"P03925",3500.05869933209
"P03947",2527.46479368685
"P03966",2681.66681526426
"P03975",3728.40280740564
"P03987",8871.28693778342
"P03989",8926.20571485006
"P04050",7527.58201431036
"P04054",2831.46109532724
"P04072",4665.41695269838
"P04109",1324.23566195425
"P04122",3791.08959056849
"P04126",8658.53922221319
"P04137",14232.7826991148
"P04154",3519.14104842143
"P04188",3310.06781784674
"P04211",2464.111038902
"P04216",2632.72548781085
"P04218",2470.25728266079
"P04220",2406.66292007569
"P04263",2675.9561372577
"P04276",1360.51319646715
"P04338",2342.52787708121
"P04347",1210.30339124031
"P04355",2873.01381528003
"P04360",1939.47343340064
"P04384",2437.56550965164
"P04412",3170.87342226899
"P04428",1115.99735519203
"P04498",3242.55461697437
"P04501",3286.99868743226
"P04538",3078.12988109204
"P04544",3196.19102339524
"P04553",2180.46451613291
"P04694",12939.8955633844
"P04742",2110.60456864432
"P04744",1307.40209109842
"P04749",1310.58446657748
"P04832",12259.2746749307
"P04884",2536.36678241611
"P05053",2256.34858778867
"P05054",1778.89787270134
"P05067",2917.67490063733
"P05117",886.142007121269
"P05154",4051.73917236291
"P05157",3792.87890208006
"P05158",5091.96047888333
"P05203",1901.35571053784
"P05227",4835.27462759118
"P05231",3213.05257123349
"P05233",1266.22645597035
"P05260",4085.69027391862
"P05262",2685.92866636918
"P05272",3145.84803449433
"P05275",2319.03597275354
"P05279",2437.08084159389
"P05328",2192.40254126222
"P05339",3189.77412145233
"P05340",3071.94993301516
"P05346",2628.32306352255
"P05399",3013.72202070664
"P05429",2914.49195525801
"P05430",2930.27309623473
"P05462",2589.20390705129
"P05468",4703.50894934795
"P05533",2011.74922253213
"P05591",3686.09340718604
"P05633",2165.57397718259
"P05656",1113.61339457052
"P05668",1823.65664142793
"P05717",850.354489740498
"P05740",1131.25155576444
"P05783",3474.20740949409
"P05798",2440.47991583544
"P05903",2880.78081166911
"P05927",4953.29270163669
"P05942",3407.1077157155
"P05952",3397.87440539121
"P05960",3101.22588253805
"P05961",7152.45997109324
"P05973",3085.08998159579
"P05974",2886.47671491567
"P06015",3212.20108176212
"P06018",2981.54722137412
"P06024",3149.52361762045
"P06040",2512.88932722835
"P06056",2731.40331879764
"P06074",2808.30829006301
"P06082",1260.74157722135
"P06102",3392.7464339305
"P06148",8936.83413279097
"P06229",17277.4547696743
"P06307",3472.90576819545
"P06338",3100.17092159222
"P06342",14300.838312378
"P06349",6879.74345908796
"P06350",2836.9446569697
"P06377",5056.47882713188
"P06409",3718.80300570546
"P06723",3554.94757754178
"P06859",1634.61575808697
"P06905",1447.87478994222
"P07031",32146.9361877461
"P07060",2303.63426820109
"P07080",1852.02542368083
"P07094",1496.92841896558
"P07153",5904.24179399853
"P07157",11085.5689415218
"P07336",6423.18297019749
"P07358",1532.98674154046
"P07484",1539.97176632738
"P07622",5962.20612878819
"P07652",8053.72990021134
"P07719",2024.76632906966
"P08043",10739.8675639375
"P08149",2344.68710835996
"P08197",2486.36212354813
"P08198",3703.42226277915
"P08210",1093.8479724035
"P08262",2569.30332466747
"P08274",3333.35495573135
"P08276",3333.35495573135
"P08304",8785.88458579195
"P08361",2794.39915191131
"P08377",2864.13094089135
"P08391",10552.2514421511
"P08393",2874.72801701719
"P08410",9002.80662004452
"P08451",2269.31129149839
"P08485",2669.59130722618
"P08521",2122.18559840177
"P08756",46379.5371399104
"P08794",1639.02998883497
"P08813",2493.10704321993
"P08827",2125.02788535716
"P08846",1925.23503896388
"P09218",2238.59208087262
"P09360",2373.4599238289
"P09394",10060.2694380913
"P09476",1759.07665610686
"P09605",2598.36245729137
"P09619",1718.32555473182
"P09639",47441.3784092369
"P09703",2440.32644540775
"P09814",1662.45002317024
"P09816",3484.10427939757
"P09817",3364.47648437696
"P09967",3104.90144070762
"P09990",3508.45302990768
"P09991",3290.16216261212
"P10000",23612.4776195125
"P10025",2862.23404716028
"P10031",2937.15647224666
"P10038",2888.09562459295
"P10121",124463.267010267
"P10210",18664.8857223416
"P10212",36157.6310698054
"P10222",19671.153952309
"P10251",2993.97247003505
"P10256",2906.75313384664
"P10330",2044.76078971268
"P10416",3664.11990253531
"P10418",3853.99336659033
"P10419",3771.92719739598
"P10422",4376.5364749601
"P10424",3622.93605742484
"P10427",3590.16861995022
"P10429",3428.38573435287
"P10433",3797.27106039582
"P10436",4428.51577303675
"P10439",173686.548322981
"P10440",170280.931003645
"P10441",3010.67558085913
"P10442",88144.2627851964
"P10450",4206.59071464055
"P10492",4622.35995263433
"P10548",2166.69466773139
"P10554",2478.40928976371
"P10573",1561.94571952044
"P10626",3282.93854482922
"P10627",2979.29756543408
"P10631",3206.17842908118
"P10633",2952.88491497587
"P10635",3229.93569696325
"P10638",2710.62890614651
"P10665",4250.52556762084
"P10668",3913.06643456058
"P10669",4591.47677934516
"P10677",3513.90793487677
"P10683",3916.83914451959
"P10686",3649.29076454495
"P10688",3618.82824005286
"P10689",3670.83141290225
"P10696",3560.5048527198
"P10698",83685.502305625
"P10700",2588.80499379581
"P10701",3827.64640452549
"P10702",3530.75484978385
"P10710",4114.8717659843
"P10713",3296.68536533919
"P10727",11097.6367035152
"P10728",3710.92308562907
"P10729",11097.6367035152
"P10733",15569.6112793216
"P10737",4618.0150415376
"P10739",3572.25591440281
"P10740",3526.14791074793
"P10741",3968.29914636115
"P10746",16148.9004760323
"P10765",2660.27358200915
"P10766",2570.44424236443
"P10770",3106.86703811919
"P10771",2803.92622233
"P10772",2572.73514437095
"P10776",2564.90530387061
"P10781",3654.51391301176
"P10904",2818.24833381262
"P10910",2493.01230401848
"P10995",3061.83884463088
"P11034",4156.41598733135
"P11035",2294.25122805922
"P11036",3172.34085550266
"P11039",2203.14526415415
"P11040",2063.55760628545
"P11041",2425.48659477
"P11047",2378.84548106507
"P11048",2256.87359472822
"P11058",5109.4492690064
"P11059",2534.88721046076
"P11061",2610.84560696232
"P11069",2900.51664085675
"P11074",2619.89153082308
"P11109",6303.89737624105
"P11130",3114.78700651599
"P11132",1633.9124284847
"P11146",2341.3236681294
"P11234",2658.52174349328
"P11238",3654.48602402542
"P11239",2569.43396601987
"P11245",2814.47999515735
"P11253",2544.1086359862
"P11254",2573.2051408893
"P11294",4388.18215773887
"P11295",2721.35900514751
"P11298",2544.1086359862
"P11310",2809.64188217617
"P11311",2776.73365813726
"P11313",107529.983291548
"P11315",2846.22175146187
"P11317",4175.52427240027
"P11319",2383.19307057932
"P11320",2837.44318868344
"P11321",2804.20945479252
"P11363",2618.70762017451
"P11430",4091.05105229526
"P11495",2585.93834728913
"P11534",2707.455597934
"P11757",1898.11967096881
"P11758",2109.25610069265
"P11773",2516.80647661287
"P11778",2707.80237521541
"P11781",2758.26308950039
"P11784",2666.24413416221
"P11785",2692.74100398745
"P11795",3253.4864608819
"P11817",2809.57890779069
"P11855",3251.41261159054
"P11857",2839.43854155
"P11858",2428.302123929
"P11859",110683.109875882
"P11861",2506.39729425482
"P11866",2670.04102215694
"P11867",3452.63077781028
"P12038",1338.49370044811
"P12040",1343.69719844054
"P12105",13982.5020996696
"P12114",4548.58024646898
"P12120",2599.04266350756
"P12175",1611.38013071132
"P12235",3321.69078461967
"P12319",2034.50943614398
"P12387",1749.67872228163
"P12388",2168.72287887972
"P12442",113408.753219509
"P12443",111199.420959508
"P12446",113073.602654379
"P12447",113221.804258926
"P12448",91064.3434822227
"P12449",2455.64377996644
"P12451",4190.81552313062
"P12454",3103.83599381338
"P12455",2879.41658331011
"P12456",2833.7712298221
"P12458",4441.89211744957
"P12467",2947.92595343737
"P12470",2838.13426945526
"P12471",2594.44597954431
"P12474",2792.76763607057
"P12475",2766.60081197686
"P12476",111391.81344829
"P12477",4175.52427240027
"P12479",2864.13813691165
"P12480",2598.73892125548
"P12481",2864.79478137077
"P12485",2731.09504565316
"P12486",2553.09528030673
"P12489",2786.21689868304
"P12490",4282.06931895786
"P12491",2958.74447948129
"P12492",1750.43237281178
"P12521",2865.68465493218
"P12524",2536.1383042131
"P12526",2536.1383042131
"P12528",2559.48099155888
"P12554",2594.27510443495
"P12629",1744.31423624853
"P12696",2399.11029077088
"P12722",2361.60911014095
"P12746",2029.38033339796
"P12893",2172.7293550587
"P12934",2726.81802364449
"P13095",3007.23965092545
"P13100",3782.95160675717
"P13303",2765.33758646929
"P13335",10038.3835016625
"P13475",2918.08196210816
"P13626",3125.32800616173
"P13653",3067.75431933714
"P13655",2389.96988287535
"P13669",2820.43102484544
"P13756",2792.20530596511
"P13778",16195.1297125898
"P13779",17832.3002935313
"P13780",18382.457763939
"P13784",58916.3363743112
"P13785",4809.58670531604
"P13791",22851.2124384423
"P13810",5676.13851679057
"P13891",3808.94636687381
"P13892",3568.01747797713
"P13894",3510.57273624974
"P13895",3623.58605640512
"P13900",3757.26178435175
"P13917",3567.28626026858
"P13922",2220.81161747713
"P13930",2284.21715298412
"P13935",2007.87308298031
"P13965",4382.00080133985
"P14015",2688.95437304333
"P14016",4294.43362320571
"P14017",2763.59517062389
"P14100",1592.65136561893
"P14305",1451.13986383341
"P14342",2428.19559374165
"P14358",4106.62876902459
"P14444",3737.52217726958
"P14445",4789.64894148841
"P14449",2275.88367440514
"P14454",1946.16241359706
"P14456",1789.28520151578
"P14465",2556.05966284638
"P14472",2400.62764215733
"P14474",2617.17554863331
"P14551",1910.0182601347
"P14557",2765.16340638557
"P14558",2449.92019429424
"P14561",103121.017298659
"P14574",2561.04464802462
"P14579",2688.13972675467
"P14583",3429.56557993973
"P14604",2749.91164748946
"P14617",2463.65773356265
"P14658",2076.39139798132
"P14660",2529.25690840264
"P14668",1819.0320987014
"P14670",1979.31033022083
"P14671",3095.99073765109
"P14704",2444.76364503755
"P14744",3233.40768356245
"P14836",2950.73262332409
"P14949",2601.59153968792
"P14968",2054.91916958081
"P15054",2213.94299377144
"P15062",4328.89336541052
"P15075",1897.33222227664
"P15076",2008.0482203286
"P15077",2218.58350904496
"P15089",1849.80994774964
"P15092",2543.69782143956
"P15113",2078.74225474247
"P15130",2186.15696609966
"P15164",2295.33501261248
"P15173",3663.01422077077
"P15193",2684.86111467246
"P15194",4295.46831105224
"P15259",1943.78416345029
"P15262",1909.5069847918
"P15266",2268.30541513545
"P15271",1970.43094680107
"P15275",3186.18548902699
"P15281",2488.89930165047
"P15301",1945.79585566992
"P15303",2261.71436648452
"P15304",2449.67021240907
"P15312",2639.59552566231
"P15315",2639.59552566231
"P15316",2814.47999515735
"P15318",2361.60247175948
"P15322",3012.04725407176
"P15323",2511.28473506178
"P15329",2833.5334095891
"P15330",2833.5334095891
"P15331",126666.49089846
"P15332",4137.32198360371
"P15334",2734.58927133004
"P15336",130447.983959178
"P15408",2831.33300276567
"P15415",2248.64477755524
"P15420",2453.37739318397
"P15421",2967.06770700899
"P15425",4125.07538769008
"P15435",3216.10209363138
"P15437",1957.39340752647
"P15445",2913.30363074151
"P15448",3799.12337626675
"P15508",25336.477788243
"P15510",24301.1615281717
"P15533",2939.74065518097
"P15538",2108.72394073893
"P15704",2391.91030658412
"P15729",1940.98382864744
"P15745",66671.1141262431
"P15789",1579.27061257093
"P15830",1695.45365546871
"P15857",3395.44579237422
"P15860",1693.07319679328
"P15942",2536.90336724837
"P15946",4301.0529488477
"P15950",2067.74063312709
"P15965",1730.11653525207
"P15969",2124.58369583416
"P15973",2127.67396029529
"P16079",1882.36420232691
"P16155",107389.235106959
"P16156",107389.235106959
"P16157",94300.0246281694
"P16160",2799.3889906793
"P16182",2669.05167739714
"P16213",3425.973039068
"P16228",1825.23203207785
"P16355",2457.60939097916
"P16371",2519.612478223
"P16381",4762.675941963
"P16382",2708.87151870488
"P16383",2582.8380914507
"P16384",2760.97470809268
"P16387",2751.10821656969
"P16388",2589.76771287991
"P16390",3198.57647086349
"P16429",2881.00694708731
"P16446",3130.6091596021
"P16470",2198.07556730615
"P16471",2276.61611463046
"P16473",1756.29732550972
"P16475",2869.38422304169
"P16479",2309.43379875256
"P16481",2306.27046856877
"P16513",2494.569486988
"P16514",3168.20262666862
"P16561",2692.57735598404
"P16597",2541.77127052568
"P16598",2180.01491104421
"P16615",3323.27599779099
"P16628",2569.60321598522
"P16675",1805.18516993469
"P16884",2016.93442827712
"P16892",3028.93488004767
"P17003",3823.51068786498
"P17008",2377.50951854216
"P17151",2697.49223821243
"P17152",2543.75949253845
"P17180",3823.14453873282
"P17220",2117.03180577979
"P17224",1654.75936118485
"P17226",4263.56933389685
"P17266",2990.22973569216
"P17318",3510.07346263101
"P17441",3844.74065715833
"P17443",2804.89985035318
"P17450",2724.94180976688
"P17497",2612.7984505393
"P17506",2749.55254647112
"P17515",3581.16960027026
"P17528",1881.85106346237
"P17529",2018.02331199699
"P17904",2500.94500842491
"P17933",3830.36680231311
"P18187",1840.28739349961
"P18265",1893.13956338215
"P18314",5070.13962194872
"P18322",2077.42091271029
"P18325",2438.78634381463
"P18334",2326.00992899315
"P18354",2559.29085502941
"P18421",2519.39969323357
"P18435",2904.52160572212
"P18505",2295.32801007047
"P18588",2883.55684401713
"P18593",2523.25923748328
"P18618",3279.49112768294
"P18766",4369.3157108152
"P18847",2523.48873426494
"P18871",2885.76427818098
"P19146",2874.83093926426
"P19147",2377.50951854216
"P19263",2312.56109950153
"P19285",2111.96336682122
"P19372",4140.54098927373
"P19374",2256.00171713995
"P19429",2286.49057889811
"P19688",111847.774269436
"P19689",2894.8422162969
"P19692",2959.97116001213
"P19705",2909.30278800525
"P19707",2909.30278800525
"P19708",2582.5919258582
"P19712",3073.9042315952
"P20126",4278.35807571285
"P20128",2814.47999515735
"P20133",2341.87853954827
"P20134",2857.8743267562
"P20250",2992.69641859359
"P20357",2193.9712704058
"P20367",2888.66487596975
"P20369",2906.90382893396
"P20375",2456.30744015357
"P20419",1743.17598910505
"P20902",4245.13182608116
"P20980",3109.23578223877
"P21063",2992.63396434357
"P21093",2686.95320982328
"P21099",2686.95320982328
"P21153",2731.96818215361
"P21188",2561.58694674092
"P21190",2504.31711933911
"P21191",2513.50820752916
"P21286",3252.00671533584
"P21377",1635.88660382674
"P21380",2521.08544706739
"P21399",2679.1911991745
"P21645",2488.50324470195
"P21647",2748.66916198951
"P21774",1848.61981580885
"P21838",2406.80779121287
"P21870",2885.49286022943
"P21899",2777.00672219403
"P21900",2328.19700780488
"P21901",2160.7442886781
"P21902",2328.19700780488
"P21903",2772.33224890386
"P21905",2473.29265210778
"P21912",3962.52096900069
"P21916",2262.71474756255
"P21918",2834.91866414212
"P21922",4654.50691834136
"P21923",3517.47618993029
"P21926",1938.6002565354
"P21927",2038.91555397675
"P21957",3655.02061413723
"P22034",3106.70100133621
"P22656",2663.81001034361
"P22658",2735.50323714165
"P22673",2650.84671718243
"P22679",3155.86632687485
"P22680",3841.3604249818
"P22681",3148.21844748701
"P22683",3312.87047032567
"P22684",3312.87047032567
"P22687",4068.89632386852
"P22688",3312.87047032567
"P22897",15420.8266787014
"P23151",3105.13545925884
"P23154",2864.80672660494
"P23156",3207.51188551454
"P23241",3277.07367602855
"P23261",2825.42576416751
"P23328",3418.40851549208
"P23444",3675.90657688397
"P23521",3252.00671533584
"P23550",3592.84949515357
"P23720",2518.068855577
"P23733",3423.16282221633
"P23839",4079.79141104893
"P23861",2266.06229169084
"P23931",2627.19316745254
"P24016",3740.426894147
"P24132",3652.87739982466
"P24351",2295.08209962178
"P24493",3429.65394143521
"P24551",2705.8605774763
"P24747",2281.29466185498
"P24748",1943.39953924433
"P24758",2649.95598477935
"P24789",2098.09978750743
"P24831",2660.0454263967
"P24870",3036.78763992237
"P24906",3074.10003696292
"P24911",3074.10003696292
"P24922",4121.22069210039
"P24957",4025.89336394989
"P25015",9597.63710613218
"P25074",2923.11481841824
"P25148",3716.5550085886
"P25154",3071.73449798142
"P25191",2787.8820605565
"P25225",3667.91128255299
"P25279",3338.45840061428
"P25419",2747.22917615213
"P25423",2947.05117825525
"P25425",2947.05117825525
"P25426",2947.05117825525
"P25485",3161.25614297449
"P25487",3161.25614297449
"P25502",1347.72894480549
"P25691",3905.51214344352
"P25693",3905.51214344352
"P25979",3298.98075104856
"P26047",2820.43102484544
"P26383",3856.57748264768
"P26393",2855.27993939795
"P26439",2948.5361418931
"P26461",3245.45509949873
"P26540",100392.692983195
"P26574",2056.9065045187
"P26684",3160.6034138845
"P26726",2344.56145538769
"P26729",1817.6013629093
"P26732",1909.5069847918
"P26734",2103.37025706828
"P26778",2892.54290250448
"P26807",1749.61613770444
"P26863",2548.06917601769
"P26973",2364.68028095162
"P27048",2650.32129622776
"P27153",2980.79494707837
"P27174",2940.54768265362
"P27212",4458.51075637852
"P27218",4681.59515217143
"P27229",2546.9045262709
"P27241",3681.99117757844
"P27242",1741.99132951011
"P27295",3072.64044095398
"P27296",2638.57323750877
"P27299",2029.71890513446
"P27340",2587.21083222556
"P27410",2562.39611742394
"P27414",3199.37218755772
"P27416",3153.02549306075
"P27504",2300.38246977623
"P27508",2135.39664231403
"P27516",4378.67875056704
"P27517",3918.61734787337
"P27518",3519.86379948914
"P27519",1920.97338038122
"P27523",3338.4081763055
"P27545",2646.39210250874
"P27547",1610.28253958923
"P27553",1997.90771275302
"P27555",1818.42621574885
"P27560",2543.00642637746
"P27561",2301.34171960533
"P27566",2684.77637132295
"P27577",2053.90149562969
"P27580",1812.9487504295
"P27586",1984.97280573373
"P27587",1453.17820804339
"P27590",1943.02717572343
"P27598",4635.2027641629
"P27600",4199.93456729375
"P27607",2409.95778689267
"P27609",2178.43861929777
"P27620",2174.56211047413
"P27627",2075.37733546682
"P27628",2024.69375832923
"P27645",4535.36490181723
"P27648",2701.05539876343
"P27649",2701.05539876343
"P27723",3140.95307266836
"P27734",4107.04394267448
"P27801",3141.65801144135
"P28236",87263.3267839885
"P28239",3750.87416770684
"P28241",21761.4838119359
"P28242",21890.4580380543
"P28246",3688.7469075561
"P28253",3710.16975683588
"P28254",3688.7469075561
"P28257",3710.16975683588
"P28302",3123.45494221946
"P28303",4125.96455463387
"P28304",3323.31399199605
"P28389",3511.79762758902
"P28416",2977.54901850915
"P28472",2537.38158139211
"P28488",3331.38982739519
"P28526",2977.13368906565
"P28541",3820.71573233087
"P28707",21039.5391219804
"P28714",2320.92352959768
"P28732",2350.5978121139
"P28740",3223.5274461868
"P28776",2683.58184623328
"P28859",2843.5797116448
"P28862",4562.61795776666
"P28877",3198.96904173587
"P28878",3198.96904173587
"P28882",4746.37693353129
"P28883",2760.39574996607
"P28884",2903.09208770547
"P28885",110617.005736748
"P28886",110617.005736748
"P28894",2905.90455983866
"P28895",2905.90455983866
"P28898",2905.90455983866
"P28900",2905.90455983866
"P28902",2319.17624822424
"P28905",3023.28430349922
"P28908",103220.102176409
"P28912",2383.19307057932
"P28919",4713.23095602933
"P28931",2428.06992045751
"P28935",2586.5883669191
"P28937",4465.15930418213
"P28945",2503.65145746767
"P28946",2589.92611118265
"P28947",2471.47926236564
"P28948",3006.66262283909
"P28951",2589.92611118265
"P28952",2450.26793082312
"P28953",2593.82392155404
"P28955",1607.55613942645
"P28961",2035.92419582597
"P28963",2003.69972207772
"P29034",2406.83658542912
"P29041",2113.71049854609
"P29043",4823.08201037968
"P29047",2334.52308552026
"P29064",2193.82216348316
"P29066",2154.63138309882
"P29073",3018.69422410623
"P29083",6122.20891612228
"P29087",7117.81948773773
"P29101",2181.72544277718
"P29104",2353.78006365055
"P29106",2316.97859275326
"P29107",2302.93859899069
"P29173",2220.04190792384
"P29193",2292.9499675519
"P29211",4109.78805100453
"P29214",2482.32661730718
"P29217",2422.1593732482
"P29244",3670.063356898
"P29256",3603.29493870555
"P29269",3141.8843057617
"P29293",1399.23028682159
"P29295",2718.49538739407
"P29344",2127.60485198868
"P29345",2010.53088526062
"P29393",2844.46098041947
"P29432",3091.97293407242
"P29446",4460.80119578937
"P29476",2691.55570968598
"P29482",2539.77438614433
"P29490",2616.91425194497
"P29496",3225.00121694887
"P29505",3264.50701911705
"P29524",1413.75938483282
"P29530",1675.48721344225
"P29605",3242.01690580857
"P29733",3815.81781934802
"P29770",3722.42716845408
"P29778",3176.52642976657
"P29793",2429.87223983405
"P29918",27814.8617418333
"P29982",2994.73497867744
"P30033",2066.84171594644
"P30036",1808.49178020532
"P30038",2245.35866306454
"P30039",1951.7001117943
"P30040",1729.22000521884
"P30043",1669.84185137073
"P30047",1928.32717573801
"P30048",1928.32717573801
"P30049",2177.80484502388
"P30096",3201.96709960953
"P30261",2377.71754780399
"P30286",2736.37138721441
"P30301",3187.78710178414
"P30331",3020.93811876483
"P30462",2042.43450508216
"P30469",2322.67763491449
"P30471",2145.67234198191
"P30474",1749.45032945758
"P30475",1701.28952324495
"P30480",2206.72245097703
"P30481",2167.59985901969
"P30485",1998.77541805519
"P30487",2312.30791506514
"P30491",2052.76833790613
"P30492",4839.00583926314
"P30493",2308.53445266265
"P30494",2872.29141772664
"P30500",4582.67970583461
"P30501",4218.5283413706
"P30506",4669.59670498185
"P30653",3225.25963331345
"P30746",2577.65225794677
"P30776",2606.4008979518
"P30809",2436.44374234105
"P30871",2851.9532789606
"P30880",2699.82500092659
"P31178",2079.25933484873
"P31338",2778.78566735105
"P31339",3558.81653081956
"P31367",3123.45494221946
"P31370",3165.78501542928
"P31444",3085.28659588668
"P31462",2035.26159377167
"P31465",2586.96959058797
"P31503",3757.75063383402
"P31612",106493.753920889
"P31636",16839.0871577849
"P31638",13642.7491545054
"P31643",3129.18440223922
"P31648",3033.80451888526
"P31715",2885.49093987065
"P31770",2679.34033875918
"P31810",2957.19699596699
"P31815",3107.76758455151
"P31816",3695.03192478556
"P31818",3107.76758455151
"P31848",2517.59238411369
"P31880",2923.51583919793
"P31918",33251.8875392965
"P31930",3241.87477998251
"P32231",20794.2121107402
"P32310",9376.00839771291
"P32367",3423.25392790721
"P32444",2160.96932014421
"P32686",2292.28400586226
"P32687",66126.5926783216
"P32783",2435.65084940701
"P32925",4794.44747944792
"P33324",3071.19648512569
"P33542",3113.40366154098
"P33584",2447.36245909168
"P33807",3111.57738995877
"P33832",3269.14042559794
"P33850",3851.59691950561
"P33856",45675.7982892033
"P33927",17776.5411060734
"P33935",17776.5411060734
"P33936",17776.5411060734
"P33942",17046.3999099879
"P33973",111611.119873623
"P33974",16015.0381036063
"P33976",4391.47798755566
"P33982",2513.57721362711
"P34142",2737.88357223847
"P34143",3905.0174108083
"P34145",2642.31357890226
"P34146",3062.13270026263
"P34147",2346.40096006901
"P34148",2824.60273962537
"P34190",3138.64089159491
"P34192",3240.43986430876
"P34227",3821.58912460323
"P34259",3070.68836465321
"P34280",2963.74304504636
"P34281",2963.74304504636
"P34288",3096.15088157213
"P34391",2876.91206508379
"P34393",2610.81328578989
"P34394",2482.47844671256
"P34396",2364.81651339432
"P34397",2486.81087271642
"P34398",3224.57459841513
"P34400",2828.73232197381
"P34401",2653.61643815314
"P34402",3224.57459841513
"P34403",2832.77799801694
"P34404",4693.71552053532
"P34406",110025.383476681
"P34407",110025.383476681
"P34408",2548.29355642004
"P34410",2506.39729425482
"P34414",2708.87151870488
"P34418",112794.589148416
"P34419",2708.87151870488
"P34421",2905.90455983866
"P34422",2795.83386910883
"P34425",2845.81543475331
"P34426",2728.56679003881
"P34430",3787.24464982007
"P34432",4173.20151835594
"P34433",2443.13235357965
"P34435",2831.31690548375
"P34436",2569.43396601987
"P34437",2831.31690548375
"P34438",2443.13235357965
"P34440",2412.5124617733
"P34442",2607.26504923162
"P34443",2607.26504923162
"P34452",3623.10331133023
"P34454",2607.26504923162
"P34455",2924.36294945344
"P34456",2919.26854350324
"P34458",62969.9620962445
"P34459",99581.6445480666
"P34462",2576.93827735019
"P34463",59759.2340892669
"P34464",4350.21385405745
"P34465",4238.41939692428
"P34466",2914.60146042213
"P34471",4107.04394267448
"P34515",2834.39637352492
"P34516",2834.39637352492
"P34521",2695.07548895155
"P34522",2393.25630076461
"P34527",2393.25630076461
"P34528",2695.07548895155
"P34529",2512.33266345478
"P34562",2581.84898668989
"P34629",2088.21561770642
"P34723",2604.4587258979
"P34760",20716.596186346
"P34854",3644.11044193665
"P34856",3022.07842873607
"P34857",3301.19365901828
"P34870",3497.16542038961
"P34879",3145.53312889533
"P34889",3145.53312889533
"P34891",2854.5969898919
"P34896",3145.53312889533
"P34898",3145.53312889533
"P34899",3145.53312889533
"P34901",3145.53312889533
"P34902",3145.53312889533
"P34959",2862.66933662054
"P35002",2415.74813517991
"P35040",3585.98332631264
"P35078",3136.08511898518
"P35081",3170.63112617036
"P35098",3766.74108350518
"P35167",3279.25290841598
"P35169",3279.25290841598
"P35171",3279.25290841598
"P35238",43073.2091490479
"P35275",62698.5676265379
"P35309",3147.6476756923
"P35312",3147.6476756923
"P35313",3599.02992535908
"P35317",3147.6476756923
"P35318",3210.4464833554
"P35321",3210.4464833554
"P35323",3207.16698681873
"P35325",4180.65088060826
"P35327",4334.9348140256
"P35328",4303.46916062576
"P35330",13994.7850282434
"P35334",3690.62378843753
"P35335",3690.62378843753
"P35336",3210.4464833554
"P35337",3690.62378843753
"P35338",3349.28723558249
"P35340",4403.50460653042
"P35342",3845.02767102861
"P35343",3845.02767102861
"P35344",3773.75787015791
"P35345",3773.75787015791
"P35346",15308.225087499
"P35348",3690.62378843753
"P35350",14106.1518157795
"P35353",14262.8395893789
"P35355",14262.8395893789
"P35356",14863.7237277342
"P35357",14262.8395893789
"P35358",16006.0999313354
"P35359",13910.325535136
"P35360",15492.1011235889
"P35361",15569.6112793216
"P35362",4185.21905801252
"P35363",15569.6112793216
"P35512",15569.6112793216
"P35513",4185.21905801252
"P35514",15569.6112793216
"P35515",12535.2660205075
"P35516",13662.1981459216
"P35518",13982.5020996696
"P35644",9654.44836648937
"P35972",2761.85788281841
"P35973",99926.4597793865
"P35974",99926.4597793865
"P35976",2383.19307057932
"P35998",149593.306436117
"P35999",2383.19307057932
"P36005",2383.19307057932
"P36007",2189.44467214961
"P36008",2189.44467214961
"P36009",2383.19307057932
"P36013",88994.3341114991
"P36017",2383.19307057932
"P36039",3757.43841725859
"P36100",2772.43291316496
"P36165",2885.45202036946
"P36183",3209.03028249752
"P36184",3209.03028249752
"P36199",2785.29704933924
"P36232",2874.11234626267
"P36250",2782.64102136245
"P36268",2626.98669867619
"P36281",3727.42201159175
"P36370",1953.01466846869
"P36371",2228.65573375054
"P36412",2489.0665149801
"P36418",1758.55658838943
"P36527",2778.23181606937
"P36529",2383.19307057932
"P36567",3379.54791186771
"P36636",1928.82808610207
"P36671",7881.1694243893
"P36707",8594.78746592259
"P36708",10261.0330671925
"P36710",9042.16136409491
"P36724",3505.8809525374
"P36770",2713.93610552357
"P36840",4155.58051150092
"P37038",2481.14868625403
"P37059",1380.86373278832
"P37114",1658.3393222078
"P37124",2555.1115728423
"P37131",2406.87758399438
"P37270",3166.73432527
"P37286",2639.91227944147
"P37290",2639.91227944147
"P37291",2639.91227944147
"P37292",4747.51603352145
"P37295",2599.88718713378
"P37297",2599.88718713378
"P37298",2778.11256865777
"P37299",99439.4199730836
"P37302",3602.35606840078
"P37303",2610.95059067221
"P37304",2740.8537993489
"P37305",2548.29355642004
"P37306",2548.29355642004
"P37314",95914.7441210375
"P37317",113220.298229345
"P37319",2184.79484916309
"P37322",2165.32187347492
"P37323",2491.27730420542
"P37326",2589.92611118265
"P37328",102627.846939234
"P37329",2841.0962159026
"P37330",2841.0962159026
"P37360",2492.02642931381
"P37362",94293.3179322944
"P37363",2492.02642931381
"P37366",2492.02642931381
"P37369",149786.597476075
"P37371",2236.4168778698
"P37372",5208.16842867692
"P37375",2373.91670499402
"P37376",95996.9615773641
"P37377",2496.64156840522
"P37378",108834.866317695
"P37379",3189.67186940834
"P37381",108150.87384614
"P37460",3791.67484083083
"P37513",2362.42650706849
"P37562",2388.529418662
"P37563",100409.24330162
"P37564",2450.26793082312
"P37566",4333.10611757605
"P37584",96413.0357633441
"P37585",2548.06917601769
"P37586",2491.12493687497
"P37588",2402.47723953249
"P37589",2491.12493687497
"P37590",2548.06917601769
"P37591",2548.06917601769
"P37593",2510.11409776497
"P37615",2412.5124617733
"P37616",2412.5124617733
"P37618",2449.86374628514
"P37619",2333.74702819192
"P37635",108005.852335189
"P37637",3006.06996387733
"P37638",2832.1668808545
"P37641",2752.2054760623
"P37642",2470.88667616155
"P37644",3075.61581000405
"P37645",108005.852335189
"P37648",160089.150378979
"P37650",101637.092989703
"P37651",109027.134332464
"P37653",100206.015480933
"P37654",100646.386855868
"P37657",2517.4864146848
"P37658",2517.4864146848
"P37660",2841.0962159026
"P37661",2479.10455736748
"P37676",2650.84671718243
"P37677",2650.84671718243
"P37680",2564.30320030466
"P37681",2691.88643948928
"P37682",2490.08212072462
"P37683",2680.64375996393
"P37684",2548.87770981399
"P37687",2588.33936966375
"P37689",2588.33936966375
"P37757",2917.48010525938
"P37765",2746.04903802775
"P37768",99832.6024098147
"P37770",106591.7718938
"P37771",2783.37840490076
"P37772",106591.7718938
"P37773",94477.1573707962
"P37774",2783.37840490076
"P37775",99832.6024098147
"P37778",107203.682804452
"P37782",110805.897689168
"P37784",100222.549977956
"P37787",109767.953763257
"P37790",109767.953763257
"P37792",2816.36819405922
"P37794",110805.897689168
"P37795",102740.35049673
"P37796",127167.379504326
"P37798",108860.459933316
"P37799",2854.65312071196
"P37801",2971.23288371721
"P37802",2804.51639173111
"P37803",3031.89048134982
"P37809",4836.22198458154
"P37810",58452.603254503
"P37811",2455.64377996644
"P37814",98213.8181661019
"P37815",98213.8181661019
"P37816",104610.918189039
"P37827",2838.45207466089
"P37828",2838.45207466089
"P37842",2517.4864146848
"P37843",2412.26645371233
"P37849",2655.15899160944
"P37853",2843.08521563577
"P37909",1607.12147015758
"P37952",2891.22465298328
"P38217",92279.7364599163
"P38238",2841.00028888543
"P38329",1905.71492424247
"P38333",1878.10253139946
"P38361",2289.60327288719
"P38364",2289.60327288719
"P38377",2289.60327288719
"P38404",1939.15929625491
"P38469",2683.324845092
"P38470",2982.77979060463
"P38473",2681.64831981111
"P38474",2922.34060000853
"P38478",2564.63342681472
"P38504",2169.36250681781
"P38576",2271.82885212021
"P38580",2747.87875407291
"P38644",2847.5024536128
"P38706",1835.61861976085
"P38707",2153.16611431453
"P38721",2930.75530118283
"P38732",3269.19869628943
"P38736",3355.12984254464
"P38738",2183.57127337603
"P38746",2456.08374042145
"P38748",2091.21109581988
"P38749",4531.88126605164
"P38750",2745.89505944981
"P38751",2292.62022025457
"P38756",2435.82364612396
"P38758",2707.63750678065
"P38765",3557.92002207355
"P38769",2668.73558898488
"P38776",2530.77604996505
"P38777",2630.44875815866
"P38782",2260.64553277279
"P38797",2903.23478913772
"P38845",2734.17264039065
"P38961",2494.46349961902
"P38986",2672.32948010849
"P38987",2460.85169830381
"P39061",2504.90233387623
"P39141",101007.452065419
"P39146",2662.12572997113
"P39153",3246.99257400116
"P39161",2737.86255437593
"P39162",2737.86255437593
"P39285",2520.67989660456
"P39445",2762.50994306757
"P39535",16970.9749883485
"P39600",1727.12583979881
"P39620",2006.13262220073
"P39633",2318.56641866807
"P39645",2268.14688949442
"P39646",2268.14688949442
"P39647",2268.14688949442
"P39748",3086.56059519609
"P39753",3428.03052607182
"P39764",89494.8799666883
"P39777",3654.51391301176
"P39781",2629.4028185641
"P39786",3125.15889787534
"P39787",3654.51391301176
"P39797",2048.62355245396
"P39798",2803.92622233
"P39806",2538.70705623589
"P39809",3364.26311386333
"P39812",2984.94056431801
"P39813",2903.01091509492
"P39818",2524.5858818253
"P39820",2524.5858818253
"P39824",2524.5858818253
"P39834",3187.5091737946
"P39835",3187.5091737946
"P39836",2019.24228614712
"P39841",3353.03770445996
"P39844",2257.63507774456
"P39863",2892.69182714666
"P39928",3610.11163022834
"P39937",17788.6321379741
"P39940",18297.9579846884
"P39943",4247.63912803711
"P39944",4247.63912803711
"P39945",4360.30961787899
"P39949",13982.5020996696
"P39951",13982.5020996696
"P39968",15122.7870697049
"P39976",14886.0850303128
"P39978",15900.1838196466
"P39980",14886.0850303128
"P39982",14570.7066790706
"P39984",15167.3586181516
"P39988",15167.3586181516
"P39990",4573.19161518304
"P39992",4573.19161518304
"P39994",4573.19161518304
"P39996",4573.19161518304
"P39997",4512.32642329001
"P39998",4276.59330511895
"P40000",4276.59330511895
"P40002",4276.59330511895
"P40007",4573.19161518304
"P40008",4150.25068525533
"P40010",4150.25068525533
"P40012",4573.19161518304
"P40018",4276.59330511895
"P40019",16329.6359321916
"P40103",4390.91158690527
"P40104",4274.82020174098
"P40105",4274.82020174098
"P40107",3879.46742151958
"P40108",4618.06036822793
"P40109",3927.50740290259
"P40112",3927.50740290259
"P40114",4472.45105575601
"P40116",3564.26801242834
"P40117",4618.06036822793
"P40118",3541.4240308809
"P40122",4334.79061309084
"P40124",4160.72454752243
"P40126",4334.79061309084
"P40127",17654.8759737422
"P40131",4239.30052245463
"P40132",3687.75567544507
"P40134",3687.75567544507
"P40135",3903.183085442
"P40137",172039.322810385
"P40138",3203.85805488986
"P40140",3560.5048527198
"P40142",3560.5048527198
"P40143",3231.19941449735
"P40144",3890.5798263264
"P40145",3890.5798263264
"P40146",3530.75484978385
"P40148",3890.5798263264
"P40150",3734.34719203617
"P40158",3670.83141290225
"P40159",14668.4718228155
"P40160",3382.53302045587
"P40161",14802.0252941738
"P40162",64011.385858606
"P40163",64011.385858606
"P40165",3670.83141290225
"P40166",3210.4464833554
"P40167",3670.83141290225
"P40170",3231.19941449735
"P40171",3332.25919912711
"P40172",2871.10236907474
"P40173",3709.94517838773
"P40174",3709.94517838773
"P40177",3560.5048527198
"P40178",3231.19941449735
"P40179",3231.19941449735
"P40181",3709.46645028272
"P40182",3648.00308372809
"P40183",3807.65513102689
"P40190",3475.46674926774
"P40196",3341.75859269374
"P40198",3341.75859269374
"P40199",3682.32810653671
"P40201",3682.32810653671
"P40203",3560.5048527198
"P40206",3858.35434430543
"P40218",2863.31870898288
"P40219",2863.31870898288
"P40220",2863.31870898288
"P40221",2631.09525673347
"P40223",3561.27521421697
"P40224",3007.47026838811
"P40226",2891.25053018602
"P40228",2863.29763286289
"P40229",2946.16758958078
"P40230",2891.25053018602
"P40232",2952.65171098392
"P40234",3125.21944299122
"P40236",2970.85031470463
"P40237",3125.52238696618
"P40238",2921.64764467089
"P40240",99142.8595447786
"P40241",3940.83159322584
"P40243",3715.10133178731
"P40244",4266.2704982433
"P40245",4093.70803905124
"P40246",101473.050949716
"P40248",4093.70803905124
"P40249",80702.5112062689
"P40251",3192.19259906826
"P40252",81870.3864866817
"P40253",3245.94988386878
"P40254",3576.75814080916
"P40255",3762.96511864767
"P40256",3828.15635165926
"P40257",3890.5798263264
"P40258",2651.41250441463
"P40259",2970.85031470463
"P40261",96751.508249881
"P40262",4617.33666164293
"P40264",3542.19278077617
"P40265",3903.183085442
"P40268",4093.70803905124
"P40271",4093.70803905124
"P40273",4093.70803905124
"P40274",181349.295327129
"P40275",161880.823119613
"P40276",3542.19278077617
"P40277",3730.40148390455
"P40278",93170.5774232316
"P40281",3903.183085442
"P40282",4093.70803905124
"P40283",181349.295327129
"P40284",2629.24986983177
"P40285",3047.77187572443
"P40289",3048.06731470036
"P40291",2766.1431029531
"P40293",4157.16406861609
"P40294",3982.0206829942
"P40295",4375.79041928759
"P40297",3774.01369302217
"P40298",4087.76564670186
"P40324",2789.42197534395
"P40325",2789.42197534395
"P40326",2789.42197534395
"P40328",2789.42197534395
"P40329",2789.42197534395
"P40331",2531.41274345582
"P40332",2531.41274345582
"P40333",2789.42197534395
"P40334",2531.41274345582
"P40335",2789.42197534395
"P40336",2531.41274345582
"P40339",2659.82063721618
"P40341",2551.29011706091
"P40343",2897.22701942671
"P40345",3774.01369302217
"P40346",3381.94215699698
"P40348",4088.32050216796
"P40349",2705.16424477489
"P40352",4071.77135271726
"P40358",2955.33798326509
"P40361",3256.53789399648
"P40363",3094.64829234765
"P40365",3256.53789399648
"P40366",3095.21393585325
"P40368",3094.64829234765
"P40370",3304.40750145671
"P40371",3304.40750145671
"P40373",3183.93209611746
"P40374",2889.44549480914
"P40375",3183.93209611746
"P40376",2946.34730928569
"P40377",2946.34730928569
"P40379",2946.34730928569
"P40381",3246.63122522374
"P40383",3246.63122522374
"P40384",3399.66802694707
"P40385",2800.38500602805
"P40386",2946.34730928569
"P40387",3085.79787780261
"P40556",3884.59211980636
"P40563",2207.03663813339
"P40601",2504.38486016002
"P40618",2833.79424156
"P40627",2886.59312544694
"P40657",3474.27826397719
"P40658",3828.34924936593
"P40659",3665.78411304592
"P40660",3735.44018304047
"P40662",3454.31591585701
"P40667",4190.37712188342
"P40668",4190.37712188342
"P40669",3802.83215509127
"P40672",3815.15123485382
"P40673",4203.95130364912
"P40674",4203.95130364912
"P40675",3995.7083268431
"P40677",3995.7083268431
"P40688",3775.17550230025
"P40690",3645.09604572537
"P40693",3817.96714247819
"P40694",3633.99061740556
"P40697",3623.58605640512
"P40698",3624.82560238825
"P40700",3972.23378637746
"P40701",4362.49584155722
"P40702",3903.183085442
"P40703",3903.183085442
"P40705",3542.19278077617
"P40706",3542.19278077617
"P40707",96751.508249881
"P40708",172039.322810385
"P40709",3903.183085442
"P40711",3542.19278077617
"P40714",3542.19278077617
"P40716",3542.19278077617
"P40719",4275.4832567423
"P40720",4409.15380940358
"P40721",3497.50991383468
"P40724",3497.50991383468
"P40726",3497.50991383468
"P40727",3794.94978683383
"P40729",3712.28193863481
"P40730",3712.28193863481
"P40731",101775.827891493
"P40732",3492.17981222059
"P40733",101775.827891493
"P40747",3754.88234557174
"P40749",3348.70359566285
"P40757",3650.04957060992
"P40758",3811.99229542164
"P40759",3548.05908422978
"P40760",3777.7899917343
"P40763",3273.94677426114
"P40775",4463.92216950306
"P40776",3850.62403549575
"P40808",42650.2352300516
"P40864",2465.04253941787
"P40880",3517.93191823306
"P40881",3686.99685965608
"P40890",2682.95647558354
"P40914",2446.59821094152
"P40915",2567.69382516049
"P40929",3162.21194872978
"P40955",3712.80086259657
"P40966",17295.5236849733
"P40967",17381.5541119103
"P40968",17220.7841325356
"P40978",3774.394346787
"P41086",19113.8763892166
"P41090",12429.4908869113
"P41156",2032.91675802054
"P41185",1996.04406171494
"P41232",64828.4000909686
"P41234",23626.0064059808
"P41235",23626.0064059808
"P41240",3184.25574178002
"P41241",3404.173282989
"P41243",3123.83843992937
"P41246",3184.25574178002
"P41249",3694.62115292775
"P41262",2597.37310044143
"P41330",2969.87835502404
"P41331",3152.95199431382
"P41334",18147.7141698163
"P41335",14558.2544335862
"P41336",2666.56913388955
"P41338",2666.56913388955
"P41340",4344.63608696863
"P41343",3262.8258386908
"P41344",3262.8258386908
"P41345",4226.5948896968
"P41347",54454.4577180215
"P41348",3621.52119644277
"P41354",3313.05791010214
"P41356",95309.9859099588
"P41357",3293.92740199704
"P41359",3313.05791010214
"P41360",3293.92740199704
"P41361",3293.92740199704
"P41362",94759.8001142012
"P41374",2731.30215018321
"P41375",2582.34284985332
"P41377",2582.34284985332
"P41382",12771.9378538267
"P41408",2487.55634527696
"P41429",3838.44043030545
"P41434",3498.76067748431
"P41437",3640.71554139611
"P41439",3794.25541156639
"P41442",3593.53484232826
"P41470",2014.49263960791
"P41535",5989.03300081506
"P41593",4937.53338877451
"P41596",4152.40315077346
"P41613",2986.14074617016
"P41715",1637.0492909867
"P41741",2926.33060907971
"P41756",2865.67024525249
"P41764",2736.95873488393
"P41769",3279.15978044226
"P41812",2824.68505004299
"P41816",2680.57197791797
"P41830",2436.07821865101
"P41849",3683.50444577802
"P41851",3683.50444577802
"P41866",2573.58592356057
"P41872",2936.16009696762
"P41873",3364.26311386333
"P41875",3232.57154215313
"P41876",3187.5091737946
"P41878",3187.5091737946
"P41890",3342.82616473544
"P41893",3270.68714202292
"P41925",2403.59341109633
"P41926",2403.59341109633
"P41929",2648.58005500087
"P41930",2648.58005500087
"P41932",3382.68300513843
"P41935",3727.42201159175
"P41937",3727.42201159175
"P41939",3360.95744572616
"P41940",3360.95744572616
"P41941",3295.21544438815
"P41947",2915.29923616949
"P41949",2915.29923616949
"P41950",2915.29923616949
"P41951",2915.29923616949
"P41953",3438.40020019082
"P41963",3364.26311386333
"P41965",3187.5091737946
"P41967",3187.5091737946
"P41968",3187.5091737946
"P41971",3727.42201159175
"P41973",3187.5091737946
"P41977",1725.53292449701
"P42030",2906.75313384664
"P42046",1601.78964302739
"P42100",21953.4260996574
"P42104",3336.72577789629
"P42235",43475.7188299026
"P42300",3115.86708849991
"P42329",3135.899652971
"P42354",2406.84220757676
"P42418",2618.71711678269
"P42430",3002.90067554095
"P42432",73523.2939249393
"P42434",2280.96331374523
"P42437",2790.16875178834
"P42439",2509.82286281001
"P42444",3185.55615743733
"P42445",2621.98024331171
"P42446",2298.33458052726
"P42448",8423.56172230648
"P42458",2513.83276629569
"P42459",1884.33226093019
"P42460",4893.98560728879
"P42461",2014.25706737393
"P42463",3110.18482728938
"P42470",5318.08829977667
"P42480",2235.04816754886
"P42488",2072.09972190425
"P42489",1761.53343065891
"P42491",5838.86709261152
"P42493",2401.54117523984
"P42503",1551.08657469051
"P42508",1909.5208051523
"P42514",2014.46982076173
"P42521",2944.35716150575
"P42523",2135.80567119458
"P42528",1889.90659475261
"P42530",1758.55658838943
"P42531",3035.36757325617
"P42533",1899.10928322452
"P42536",1899.10928322452
"P42537",1975.3436266424
"P42538",1758.55658838943
"P42545",2722.89919368242
"P42554",2153.92225133808
"P42556",2277.12208887061
"P42558",2118.5127747923
"P42559",1854.18968181699
"P42560",1833.6113892578
"P42562",1808.49088156369
"P42570",2189.49086022419
"P42575",2053.38208867227
"P42578",2138.56539918709
"P42586",1964.27506699196
"P42706",2385.17699971303
"P42721",15305.3546974756
"P42793",3492.9389778335
"P42794",3418.40851549208
"P42796",194276.48922817
"P42822",3102.24165170254
"P42824",3193.92045477357
"P42855",2881.54461762773
"P42869",2250.56412810901
"P43033",4929.36087722496
"P43065",49480.7962660919
"P43090",20430.703272213
"P43132",6201.17442590219
"P43186",3790.90645898109
"P43187",78833.9135105954
"P43391",3796.87120906611
"P43480",4977.17647087195
"P43517",53417.6559289896
"P43639",4921.80275256508
"P43710",10077.4375490502
"P43804",17739.7510924368
"P43808",3573.72013014941
"P43824",2177.81714197272
"P43849",3194.20315075128
"P43850",3404.41958734467
"P43906",2939.26041392111
"P43909",2401.29890464438
"P43916",5956.14916252179
"P43943",2216.40265193501
"P43946",2259.11072111818
"P43979",4923.26631233879
"P43989",2018.45959244746
"P44020",2053.31285630688
"P44024",1994.48424882631
"P44027",3509.6378406431
"P01033",2980.42865874075
"P01063",3958.44487797501
"P01079",4206.3963522919
"P01106",4770.33492465192
"P01156",3800.0576267678
"P01162",4013.52240942117
"P01197",2139.51283556264
"P01206",4195.12105235218
"P01239",2415.81493998666
"P01303",5033.57318562531
"P01314",2950.54881860718
"P01315",2527.87577666007
"P01332",3572.97273608389
"P01379",3595.96203459206
"P01443",2443.76679697463
"P01463",3439.69564940718
"P01502",11834.2322145652
"P01510",2629.02685704585
"P01576",3038.03881453547
"P01623",2512.26059337851
"P01626",2578.83489705513
"P01637",2176.43464018288
"P01638",3658.38644939942
"P01648",2707.25501844427
"P01664",12754.4101366837
"P01667",4929.62917786082
"P01718",2832.28715192321
"P01741",15269.7935877995
"P01749",3175.47380790351
"P01753",2793.63127671408
"P01757",1974.82103127227
"P01766",3844.85795403581
"P01770",2780.21515358862
"P01776",3174.76451567722
"P01812",2908.37290199112
"P01816",2735.33546501097
"P01841",18600.8325054681
"P01844",4955.72240026238
"P01859",2617.55561704507
"P01860",40888.8774785242
"P01879",2520.84762349745
"P01889",2055.87716373337
"P01918",9507.31854786082
"P01923",4209.64852209306
"P01934",1838.10757247612
"P01962",2915.25507881002
"P01981",9742.99831513725
"P01999",2753.12597081584
"P02025",2553.40806402953
"P02037",3777.22315459393
"P02040",3532.06995797288
"P02053",1663.85929382661
"P02075",13920.432834255
"P02077",2599.57925496295
"P02095",22931.0659157153
"P02124",2715.37976340449
"P02152",6175.23230752602
"P02159",5055.84946888052
"P02165",4723.87715566736
"P02178",3823.99983606552
"P02206",2382.1220046714
"P02228",2252.0424991848
"P02232",10854.6021433648
"P02241",2214.15329478154
"P02284",14171.3425074105
"P02285",12673.9019173839
"P02408",3493.64090982768
"P02423",2902.99140386502
"P02435",7199.41847202463
"P02442",5262.12519512846
"P02459",2902.99140386502
"P02508",3793.8966017156
"P02521",3545.5552153662
"P02535",2713.1785778356
"P02536",2855.85426205513
"P02541",5484.05424227997
"P02546",3840.12090629326
"P02580",11372.2500452342
"P02586",1300.96257239987
"P02685",2492.32383389807
"P02689",4998.48240201902
"P02805",3403.20838342004
"P02808",3576.91041282615
"P02812",3201.59828536849
"P02852",4221.03780155688
"P02863",4172.45915066274
"P02886",22027.6814772691
"P02887",74704.6268582181
"P02888",1302.56841608434
"P02913",2841.82002344552
"P02921",2707.51291169455
"P02923",1420.92800118219
"P02978",4491.62534295587
"P02982",3837.90019132408
"P03028",3612.02106313694
"P03068",3659.97270517722
"P03070",3675.53449568402
"P03157",2314.21231657735
"P03178",13886.4687919147
"P03201",4435.84878978068
"P03213",3824.39009861481
"P03225",1751.08642671189
"P03332",10019.0451503064
"P03337",4592.7022271352
"P03343",4284.31247151245
"P03352",3536.00580460446
"P03369",5005.77532571012
"P03439",3467.21248615994
"P03444",3011.68691577878
"P03452",4178.63393541132
"P03458",2884.24573101015
"P03459",3094.78347191659
"P03461",4592.7022271352
"P03462",3734.31975989978
"P03463",4797.63673117133
"P03578",3610.2111529224
"P03602",2433.7615962058
"P03628",2933.36739059785
"P03631",3815.69097556657
"P03654",3215.51599912898
"P03675",2671.92163376713
"P03684",4634.1692193941
"P03696",3769.12659064182
"P03724",5840.77589746243
"P03751",3460.99097406215
"P03772",3703.33214652792
"P03786",3176.3155020001
"P03808",3239.12449796198
"P03809",3388.26523697382
"P03815",2604.92285130402
"P03908",2471.57359564318
"P03923",4647.32427113186
"P03933",3598.01891173783
"P03934",3942.73124902198
"P03935",3530.10857577922
"P03979",3670.6997111802
"P04044",3947.11229547222
"P04051",10870.1349682162
"P04070",2952.86957700341
"P04101",4517.82122186612
"P04108",1621.03092708668
"P04127",22906.1928358799
"P04133",2529.9846142282
"P04143",2834.89093704321
"P04161",3587.18642333453
"P04164",3970.71050547155
"P04169",3874.12385242962
"P04213",3135.54623466013
"P04251",3481.1331605337
"P04273",3761.53509530387
"P04285",14185.9887823545
"P04291",23838.4213664958
"P04329",3440.73148457385
"P04334",4475.78090369504
"P04386",3580.87472919625
"P04387",2511.21852958987
"P04393",5005.77532571012
"P04394",5405.7145366857
"P04396",4775.39789216649
"P04398",3060.04061600642
"P04403",4587.5626476348
"P04408",4062.45274124785
"P04421",4250.11756802262
"P04434",3633.02532159849
"P04466",3860.05996773747
"P04525",2327.4647142422
"P04531",4429.65319978331
"P04560",1885.87630376955
"P04564",9663.20175664233
"P04567",3638.08045437039
"P04570",2539.99504149999
"P04598",2844.15849214552
"P04599",2791.08910650117
"P04689",13394.1573377862
"P04690",2882.35422195231
"P04691",4706.51224311868
"P04697",3536.06357787224
"P04700",3604.08844052525
"P04736",3553.74090222267
"P04758",4144.05267749944
"P04771",3213.24174088776
"P04830",6235.44283293766
"P04831",5311.16301370847
"P04834",11709.2170234781
"P04836",10135.1048548229
"P04873",4808.77546980268
"P04900",2923.2233262691
"P04901",4533.65272226316
"P04909",4147.24415111549
"P04924",1432.11411978098
"P04960",12516.2672613129
"P04964",2584.34778166165
"P04966",2524.44291634538
"P04970",53199.5243855411
"P05039",3486.37315284151
"P05049",3350.19506310193
"P05059",3517.67661074288
"P05081",3041.4258580733
"P05097",4897.36266583205
"P05098",4897.36266583205
"P05099",4462.23718283295
"P05107",2901.1820480211
"P05109",7300.38251064488
"P05112",2901.1820480211
"P05113",2901.1820480211
"P05114",2079.01254566304
"P05136",11908.1342696732
"P05138",14465.0224857733
"P05141",4320.03009796573
"P05142",16784.1970451306
"P05143",24643.8491412284
"P05148",3263.04481897326
"P05149",3666.87166986898
"P05156",3602.02809457997
"P05258",2661.8547866792
"P05283",1412.89222908558
"P05284",2238.24520483411
"P05286",1244.98884178958
"P05288",6131.01195642513
"P05291",2947.23282110384
"P05292",2669.09450854676
"P05302",1728.7818608718
"P05362",3198.71957061923
"P05392",4670.97375647988
"P05394",3046.80258754319
"P05408",2448.21899245553
"P05441",3267.3777475156
"P05443",3981.16311900546
"P05455",3758.23464980014
"P05460",3593.47524146468
"P05537",3058.10975515449
"P05556",11575.134207469
"P05558",13460.2439459683
"P05704",2537.20769687179
"P05705",2544.08057605487
"P05712",1756.0903437988
"P05716",1555.25637471698
"P05762",3539.14044961044
"P05768",3226.18316190341
"P05797",3655.7560937507
"P05801",3787.88343781701
"P05805",3538.26017408964
"P05812",3604.81526128945
"P05838",4541.9006593113
"P05864",13767.6088460078
"P05907",4817.60322274532
"P05944",3161.52658294136
"P05949",16901.5024740709
"P05951",5405.7145366857
"P05968",4009.84487856159
"P05977",3698.93959409978
"P06069",5360.1737087276
"P06079",2947.89169891253
"P06086",4443.27014104783
"P06087",2597.05770430934
"P06088",3719.15370458376
"P06145",5445.5318490615
"P06151",3333.41071920345
"P06159",2658.12535082112
"P06170",4935.22733027348
"P06171",3126.50170342239
"P06187",3446.10403203269
"P06201",2971.97026155704
"P06230",37880.6933940892
"P06236",4405.88627253979
"P06273",2911.6571636082
"P06343",10904.0000785526
"P06344",20471.0592505295
"P06352",2874.73629524355
"P06376",4234.61602569387
"P06378",20827.8641897878
"P06379",3168.41085334689
"P06380",20827.8641897878
"P06383",6074.04391025643
"P06385",2900.88087010435
"P06386",2900.88087010435
"P06387",2870.56097682542
"P06388",2881.00722252798
"P06399",3158.85500875579
"P06402",22776.7698797805
"P06403",6068.5714489589
"P06404",17164.6365416761
"P06405",16828.8181215621
"P06408",15581.5979441915
"P06411",4119.37020167768
"P06413",3609.70610192827
"P06416",3749.06731157923
"P06418",6812.10861190885
"P06420",4694.18664176691
"P06421",4607.03863598379
"P06423",3019.01765499318
"P06428",3116.27989755952
"P06430",3749.06731157923
"P06447",4164.83679266458
"P06448",1865.93976524183
"P06573",2309.72345534262
"P06870",1440.47752820251
"P07133",16704.2361011917
"P07139",21722.2739960539
"P07154",5524.11494359848
"P07158",5293.4279998283
"P07159",26493.8373975571
"P07160",5960.2293568426
"P07257",13327.0554167292
"P07259",13327.0554167292
"P07293",18519.6165900952
"P07294",19465.569719703
"P07298",3089.42387799901
"P07299",2961.81913055392
"P07506",1904.61473661505
"P07544",5353.57853911716
"P07546",72686.1021160354
"P07547",4452.08382655311
"P07555",5963.63835700738
"P07556",4983.59058015496
"P07559",4426.58348562158
"P07568",20403.6376677599
"P07573",5816.36029813313
"P07576",21183.0188864279
"P07578",17719.4295074007
"P07580",2973.77100985317
"P07583",3200.22890404357
"P07589",5965.3891823491
"P07590",76377.9363679047
"P07595",25066.8434183926
"P07598",3386.91292163706
"P07599",7168.88019480734
"P07600",6501.7038551769
"P07601",4788.73344903151
"P07617",3212.11226626553
"P07619",5816.36029813313
"P07623",4471.25950366633
"P07625",72230.2329918055
"P07627",23602.4971449228
"P07633",20243.2482165509
"P07640",3388.05345758211
"P07641",26398.0903479464
"P07645",5617.38384011957
"P07646",5121.10430595166
"P07655",2929.69454517337
"P07656",17619.0606920166
"P07657",4327.96445951289
"P07683",7348.20124819668
"P07684",6874.83667912734
"P07692",3533.76104853515
"P07694",2910.99345293558
"P07696",2824.2086741091
"P07698",4251.96072636171
"P07702",3533.76104853515
"P07708",7814.07460518701
"P07709",8022.39817415977
"P07776",4242.22633471775
"P07777",4242.22633471775
"P07778",4567.35910539106
"P07780",3853.32071381779
"P07783",3244.76727351859
"P07784",4557.14722641555
"P07790",4383.34935698957
"P07994",3202.92671876053
"P07996",2942.86417632251
"P07997",2985.77011187085
"P07998",3044.74851223328
"P08000",14026.1180751905
"P08005",2815.47011640038
"P08006",16261.6087048893
"P08009",12959.9584151262
"P08012",13072.7875112358
"P08014",13215.8926068638
"P08171",14286.1628545307
"P08172",13565.3713560742
"P08181",4396.73715347257
"P08187",4676.50439158587
"P08188",3521.88977294572
"P08189",4631.59816933381
"P08191",5850.82976021982
"P08194",3287.00459570283
"P08196",4499.01010629957
"P08200",51380.1200623377
"P08201",52593.6226092346
"P08203",4138.6322388499
"P08217",1724.70654160519
"P08222",4720.66726304807
"P08225",3588.79506907996
"P08241",8339.13976244685
"P08242",3108.35378025162
"P08243",2990.01427109758
"P08281",10808.1854127392
"P08320",3333.74170454394
"P08322",7030.01717758929
"P08338",3744.32586076734
"P08340",3525.74306089475
"P08344",2852.97363011096
"P08346",4208.38804315234
"P08348",2331.65914260801
"P08350",2845.86064754091
"P08353",3587.7133506608
"P08356",15198.2903201012
"P08357",2622.20873978269
"P08359",4114.05346944031
"P08363",4494.69759504033
"P08364",4695.29293986532
"P08365",2938.33185262952
"P08367",4104.04868347613
"P08368",18885.8583024411
"P08369",4306.11988652902
"P08374",5505.52730184455
"P08379",17963.119982747
"P08380",17264.4740584869
"P08383",2246.76965816644
"P08387",18883.1216557304
"P08388",17070.9210678319
"P08390",19214.0881875303
"P08392",17481.6083088542
"P08396",2535.25561294056
"P08399",41852.0724632488
"P08400",2903.94130956336
"P08401",2735.71669795934
"P08404",55224.5377376757
"P08405",3027.37694258495
"P08406",4420.75965767367
"P08408",2966.83663526291
"P08411",16888.3046064404
"P08412",14857.6076199638
"P08446",39816.6271128649
"P08448",45016.0357807787
"P08450",3546.43045537194
"P08463",4618.14695594915
"P08476",2880.4333840527
"P08481",4074.41046067835
"P08489",3107.71447345451
"P08501",2829.49937361919
"P08502",2915.77396655766
"P08524",2925.24904574054
"P08526",2716.74987473518
"P08527",2885.91539877055
"P08587",4710.60599457783
"P08593",63857.7816232989
"P08602",3297.93989307303
"P08604",5688.5699645243
"P08609",21128.3168295231
"P08615",6257.5114923395
"P08616",6778.45875342069
"P08617",5810.73429841874
"P08620",6098.63615969068
"P08624",2629.17710872401
"P08625",3268.28283587307
"P08626",20442.8750916656
"P08633",2936.89830450631
"P08639",3126.51727538623
"P08641",5866.26972558108
"P08644",5368.13383725388
"P08648",5368.13383725388
"P08650",3264.74770426882
"P08655",3059.07447299098
"P08656",5718.28525841519
"P08657",2844.10217193407
"P08659",2854.76687402363
"P08660",2735.80659295363
"P08749",6349.04554945642
"P08785",2561.24318665956
"P08789",2585.1762262831
"P08792",2728.0690648348
"P08793",4132.22060136659
"P08796",2392.1087754716
"P08797",3584.32496272471
"P08801",3267.45693185679
"P08803",2501.88242455723
"P08804",3864.11785637497
"P08805",2501.88242455723
"P08807",2501.88242455723
"P08809",2649.26808161754
"P08810",3021.03365488383
"P08812",5005.76082598611
"P08815",2854.02195335464
"P08816",2847.62868747301
"P08817",4818.68496925518
"P08820",3784.76881586771
"P08821",2891.04154515129
"P08822",2863.1982311661
"P08828",4008.74431877821
"P08829",2797.50435764199
"P08830",4657.42665997814
"P08831",4657.42665997814
"P08832",47466.9667918594
"P08834",46110.1476966561
"P08835",4985.43436154566
"P08837",4105.54470106051
"P08842",4096.75654253812
"P08843",2808.78582658636
"P08844",2786.61275131085
"P08847",4462.02524196401
"P08849",49988.1662059911
"P08850",4157.22075125424
"P08851",3946.72559192523
"P08852",4337.87330739095
"P08853",4084.64491126443
"P08856",3019.21093847751
"P08859",3041.90207441318
"P08998",2951.01010171762
"P08999",3064.87477484793
"P09002",3752.59587828887
"P09004",3752.59587828887
"P09009",2843.18104976093
"P09030",2525.58590291054
"P09031",3784.29868805833
"P09033",3784.29868805833
"P09034",2435.21781225416
"P09036",2395.04892930617
"P09037",3368.3938030592
"P09038",2589.89922685478
"P09040",2609.65070445826
"P09053",2471.37659670759
"P09055",4055.05638740362
"P09056",3922.8884351336
"P09058",3973.03034478591
"P09060",3922.8884351336
"P09061",3616.3405164523
"P09074",4019.96142223379
"P09077",3690.0489268254
"P09078",2968.49296891404
"P09080",3799.00469008738
"P09082",3665.63944657226
"P09085",4360.73617989013
"P09088",4066.13017957769
"P09089",3595.9244923482
"P09094",4172.55897142814
"P09097",4628.20132791301
"P09099",3639.57256300992
"P09101",4080.77792827668
"P09104",3498.10065164918
"P09107",4396.01197667607
"P09112",18102.2834428936
"P09114",4876.04949675437
"P09115",5741.37388962604
"P09116",4618.80841440272
"P09120",3529.25081032354
"P09121",3529.25081032354
"P09126",4938.85455692525
"P09138",4652.43320662298
"P09141",4687.34703257102
"P09145",26959.4311615772
"P09146",26959.4311615772
"P09173",2142.70921785174
"P09194",5019.65846882435
"P09196",3231.34066001739
"P09197",20820.7045092439
"P09202",3511.23244500851
"P09203",24150.3398239635
"P09210",5102.10836726284
"P09346",2730.98989132577
"P09353",4628.64042790436
"P09359",2785.54036273249
"P09362",4520.56827549875
"P09368",14831.9182258691
"P09373",2125.67815308415
"P09375",3416.58635765708
"P09377",2623.66162082427
"P09378",2118.89939467751
"P09379",1893.27829941499
"P09382",3882.36636594251
"P09384",3550.24903149343
"P09385",2394.26851530426
"P09386",2394.26851530426
"P09388",3882.36636594251
"P09389",2934.80745655546
"P09390",2518.69729962952
"P09391",3924.80841411546
"P09393",14919.0688453759
"P09395",13734.3368438978
"P09396",14416.8363284212
"P09398",57661.3200648742
"P09399",4481.9926184003
"P09400",5031.98248119828
"P09401",21606.4210723398
"P09449",13143.0270421387
"P09450",14722.6085509563
"P09452",18523.402267402
"P09453",4134.0265285947
"P09454",2702.52151807878
"P09455",13978.7417711199
"P09457",3776.6949745784
"P09458",3607.56342127993
"P09460",3802.97497443138
"P09461",3024.03158406751
"P09464",2814.18771258807
"P09465",4453.46233676487
"P09473",15221.4588620151
"P09474",13359.6363596565
"P09477",15354.029474209
"P09479",14093.08918531
"P09482",16979.6181716595
"P09484",41688.9430721855
"P09487",2742.3763870766
"P09488",2742.3763870766
"P09489",40422.4777779927
"P09493",4379.27497234619
"P09495",2789.83668939432
"P09496",4402.42037335286
"P09500",3079.03105863176
"P09501",2904.64659583851
"P09505",3124.52132717041
"P09506",2966.06529727894
"P09507",2855.87034639489
"P09509",4526.38495936565
"P09510",3181.757488318
"P09519",4073.87925302885
"P09522",4966.1495096819
"P09524",2833.61461452538
"P09526",2537.04146542491
"P09527",2586.80765190157
"P09529",3880.92537770641
"P09530",2603.45701518722
"P09533",2603.45701518722
"P09534",2514.88867770655
"P09538",3982.50772441305
"P09541",2899.88367417614
"P09542",2559.16624110358
"P09543",2222.17379480817
"P09546",2659.10562372493
"P09565",2933.41326845049
"P09567",4518.79683276763
"P09570",3409.70305108708
"P09571",5181.43670647993
"P09590",2321.75940739825
"P09591",3814.54945185581
"P09592",4054.60651025601
"P09593",2598.51760533245
"P09595",6604.13482675234
"P09596",10111.5687297353
"P09597",10111.5687297353
"P09602",12609.1056615192
"P09603",2633.31769566941
"P09604",4067.08896214835
"P09606",4034.63078876809
"P09609",4168.01756870285
"P09612",16797.5187318029
"P09614",16334.8263624621
"P09615",3085.46992763796
"P09616",20561.4232290984
"P09617",20127.1566094887
"P09620",20210.2010959011
"P09621",2997.34356603902
"P09624",2622.0398281612
"P09824",3103.01186230174
"P09906",4222.10234681719
"P09909",2681.09241925277
"P09910",2514.85251003567
"P09911",2902.52646303893
"P09912",2969.56969623844
"P09913",2964.62840959589
"P09914",2835.53008524529
"P09915",3007.48938396583
"P09916",2975.2595887587
"P09918",3007.48938396583
"P09919",4434.39218342744
"P09920",2835.53008524529
"P09928",2327.20791993393
"P09992",2369.33039125231
"P09997",2997.51565905808
"P09998",2569.2494081595
"P10012",2416.49134412076
"P10014",2361.28306856288
"P10017",3464.1413104966
"P10018",6170.93561902804
"P10019",2404.35385515203
"P10020",6159.06798156776
"P10023",2290.13681387929
"P10028",2164.81464777349
"P10029",2128.87367058341
"P10030",2234.70493529916
"P10036",2139.08201704466
"P10037",3458.34566206026
"P10040",2155.73851816697
"P10156",2925.76432073329
"P10176",2661.42964951899
"P10213",23788.3555028723
"P10215",24816.8408340055
"P10216",19157.8543158417
"P10220",23436.1597576828
"P10221",19694.514985141
"P10366",2501.53409619744
"P10393",3335.68284081864
"P10394",3411.73408257332
"P10404",2117.24946357592
"P10405",2136.9504689269
"P10426",2424.38050691695
"P10431",2313.41274504698
"P10432",2440.83924802773
"P10434",3026.17749403185
"P10435",2251.86691420843
"P10437",2393.87009330159
"P10449",3026.17749403185
"P10531",3310.82633399011
"P10628",1972.04860696013
"P10629",2007.90489005141
"P10630",2161.02250058069
"P10632",1920.05792706602
"P10637",2131.1580254689
"P10666",95800.0789850861
"P10670",2025.2255084595
"P10673",3181.24688375726
"P10680",2241.43034625846
"P10681",2333.5716852732
"P10682",2510.4102864323
"P10684",2074.07149945414
"P10685",2095.52083984068
"P10690",2609.06694639405
"P10691",3747.80641047973
"P10692",3601.96918276564
"P10704",2313.41274504698
"P10715",2341.03786784744
"P10734",17216.7900106705
"P10735",3695.86922233854
"P10736",2284.18428077666
"P10744",23924.6521050406
"P10745",16900.1391087352
"P10767",3477.03746277076
"P10775",2242.93175375905
"P10777",2382.75245797404
"P10778",2582.3134115751
"P10780",2691.53398989737
"P10782",2325.55177083302
"P10783",5835.84385022403
"P10784",2614.42870321015
"P10785",3071.4131944414
"P10786",4603.62080697235
"P10791",2732.29584716633
"P10793",2742.37750271017
"P10797",3102.13848569284
"P11065",2062.58335314125
"P11086",2235.09700538343
"P11117",19303.8801399731
"P11171",2265.93062290179
"P11233",3657.91199429458
"P11236",4182.05946975299
"P11241",2643.34476128373
"P11246",2839.72815061321
"P11248",2826.3642429405
"P11249",4269.77035313396
"P11252",2650.34663083463
"P11255",3659.8752647343
"P11256",3971.70003238891
"P11259",2847.14814749789
"P11260",3371.72936118931
"P11263",2406.66797928993
"P11287",2406.66797928993
"P11290",2717.12808958135
"P11292",127083.759376223
"P11293",108612.550689621
"P11297",2586.62394581701
"P11318",2118.79883607376
"P11323",2717.12808958135
"P11326",2546.45513768664
"P11328",2534.8567876588
"P11330",2537.75204396244
"P11331",2414.92170384343
"P11333",2869.45394609816
"P11336",2505.30423791855
"P11337",2232.6264335089
"P11338",2656.73245225291
"P11422",3216.98356308035
"P11507",2965.76895932421
"P11508",2803.34955131621
"P11513",2864.08243499168
"P11518",2569.02387985824
"P11520",2299.35007831251
"P11568",20358.76126627
"P11588",12144.5074215366
"P11683",2980.9709124923
"P11702",2602.04307778569
"P11765",2249.83337733422
"P11766",3358.07290874858
"P11774",3358.07290874858
"P11777",2383.17049078881
"P11779",2404.26835769298
"P11780",2368.55180919042
"P11782",2539.97389113094
"P11783",2350.25175007955
"P11787",2883.75491505428
"P11788",2714.5475536266
"P11789",2369.49536794225
"P11790",2465.55273974124
"P11792",2335.14589106405
"P11794",5693.08775374902
"P11796",3133.08722425854
"P11797",2791.39055655355
"P11799",3036.98501068226
"P11800",2724.18185943913
"P11802",2876.29793563401
"P11806",3087.25817728166
"P11807",3036.98501068226
"P11810",2956.04082315018
"P11812",4783.60300408405
"P11814",4483.32700343546
"P11815",3301.05303624982
"P11824",3351.73537294881
"P11825",2897.331087044
"P11828",4138.10317064879
"P11829",2776.09144695676
"P11830",3000.09044560537
"P11846",2587.66420903586
"P11847",2362.00623942168
"P11854",2566.26091532709
"P11865",2430.2620728456
"P11868",2371.3977216163
"P11870",2103.56806434397
"P11871",2406.22702077152
"P12023",19963.9856254276
"P12101",14049.3448067268
"P12102",14533.847430987
"P12104",2516.0303273384
"P12107",16459.6336625601
"P12108",14959.3228942929
"P12109",18769.7032566498
"P12116",3436.83562553662
"P12136",12953.8190459436
"P12171",2747.45774538355
"P12180",3237.3898065194
"P12212",2827.61092447142
"P12213",2798.75144007794
"P12214",2447.16947687593
"P12215",2821.19735580982
"P12216",4177.08420847771
"P12218",4662.0738804192
"P12230",2860.42397464342
"P12233",3451.07532417849
"P12236",2794.48499384066
"P12237",2957.77400572839
"P12238",2909.17086129903
"P12240",2700.47859796153
"P12242",2709.86688826531
"P12243",2993.09689250249
"P12244",117778.279223311
"P12318",34496.7211083634
"P12382",2658.82227074395
"P12439",2831.18756973768
"P12440",94512.2627652723
"P12444",2783.74650697289
"P12445",96629.9894529543
"P12450",2393.43652972665
"P12453",5063.46285308892
"P12459",2548.26726245823
"P12462",3699.34748359907
"P12463",4455.03368768584
"P12466",2622.63726477203
"P12469",2602.16876254671
"P12473",3055.3958463817
"P12478",2340.55502070112
"P12482",2782.73781233953
"P12488",2476.65290111404
"P12498",2184.76598886802
"P12510",2416.49134412076
"P12513",2238.68332933643
"P12520",2589.92242810191
"P12522",1586.7041850257
"P12523",2259.41734364867
"P12531",4178.97333070077
"P12534",2875.43704731455
"P12535",3238.54189790224
"P12537",4702.93494027699
"P12540",2820.95265356658
"P12542",3815.23876174857
"P12553",2693.97963997858
"P12555",2530.49574644403
"P12557",2893.6291515537
"P12564",3470.23633233708
"P12566",2974.94755675981
"P12571",3036.00955505039
"P12572",2841.69708918293
"P12573",2267.11303128979
"P12575",2216.1766061536
"P12576",2201.85571071457
"P12577",2141.94026209148
"P12578",2141.94026209148
"P12647",2578.49041199365
"P12650",2389.55808866826
"P12671",73841.5318805282
"P12719",3709.36820592469
"P12784",3290.48882452179
"P12828",1970.47061937193
"P12926",2687.09415308077
"P13011",2701.2518210352
"P13013",2301.97012927886
"P13041",10955.3917622627
"P13050",2563.48116249763
"P13055",2608.95981853201
"P13059",2723.25411971207
"P13094",2320.67866033565
"P13097",6739.17809232948
"P13098",5420.05905736177
"P13193",35703.8772388991
"P13222",2946.25191511786
"P13227",3177.4167034708
"P13459",3232.27112872256
"P13531",17633.9651268383
"P13647",2406.66797928993
"P13654",2996.52552820256
"P13664",2404.35385515203
"P13666",2271.07128097059
"P13667",2140.19578094752
"P13668",2248.1085127805
"P13670",2317.68574757025
"P13672",2157.87627268692
"P13673",2493.91679927471
"P13674",2229.85522618927
"P13686",3148.27239966284
"P13687",2902.60529591727
"P13688",3024.44786540505
"P13689",4578.96652292522
"P13690",2976.10292107948
"P13692",2752.68266550574
"P13695",2847.4032848334
"P13697",3280.42377772079
"P13782",20408.6289952924
"P13792",22796.0791590023
"P13867",2936.92927505982
"P13868",3031.15916701752
"P13889",3299.02184952866
"P13890",2687.47196448954
"P13901",3420.44886262644
"P13909",3329.37931743814
"P13910",3534.09973133611
"P13915",3449.05505925459
"P13932",2247.21822549621
"P13933",2257.44866501335
"P13934",2265.2424386867
"P13948",2738.27263448121
"P14010",112570.22163824
"P14011",106168.911142894
"P14012",2210.53066554041
"P14014",193646.212235413
"P14018",3017.49286394424
"P14020",2467.68531467466
"P14021",2646.01781672372
"P14025",2926.75455757864
"P14026",2148.51287870028
"P14027",2254.3251654431
"P14029",2662.6124225936
"P14030",3141.10363103917
"P14089",1949.03726996719
"P14092",1691.24908101906
"P14123",17148.7487701742
"P14142",2116.90217742842
"P14410",2672.69588968473
"P14411",3010.69372549285
"P14414",2639.12425572582
"P14682",6581.99980686094
"P14684",2689.6876570271
"P14737",15158.9577883125
"P14745",1620.47892706551
"P14785",3728.51443665067
"P14813",2569.02387985824
"P14816",2346.79555203619
"P14821",2876.62674828569
"P14840",2467.23897624175
"P14853",2619.70353764258
"P14854",4096.99762994858
"P14856",2891.77086568238
"P14876",2933.27424880537
"P14878",2630.38477595916
"P14880",3185.50826138877
"P14887",3086.12613644979
"P14890",3185.50826138877
"P14893",3256.89195787533
"P14898",3663.33321558383
"P14906",3392.59485231359
"P14920",3879.66285088038
"P14921",2505.72298894381
"P14922",3532.11594387865
"P14925",2630.92732695955
"P14927",2759.94649413566
"P14929",3238.54189790224
"P15034",2835.54647800662
"P15035",2836.04391619676
"P15037",2625.24915569477
"P15038",3036.45234012445
"P15040",3032.97803525779
"P15050",2248.78960786366
"P15051",2401.06772371739
"P15175",2591.54136866947
"P15176",2752.68266550574
"P15177",2864.08243499168
"P15183",4857.41629607133
"P15188",2622.47370310994
"P15191",2553.07810684966
"P15192",2586.29011464636
"P15196",1732.52666869542
"P15197",2546.45513768664
"P15203",3518.07543361271
"P15204",3433.10896462518
"P15205",3361.78395032416
"P15206",3351.71467012935
"P15209",2906.53803334998
"P15210",3087.72279594843
"P15213",2566.87836616783
"P15216",148545.826477836
"P15218",3731.663330424
"P15221",101656.861004571
"P15222",3107.55004904925
"P15226",2748.52586598516
"P15228",4535.85314416416
"P15229",2943.26826446305
"P15233",2983.39957960885
"P15235",2248.05308604826
"P15240",3030.88821824103
"P15313",2773.3935719264
"P15314",2484.64999182885
"P15320",3029.59327944258
"P15324",3430.24521920034
"P15326",2856.3167895468
"P15333",2769.1266821826
"P15335",2393.19101031238
"P15337",1748.67788680236
"P15338",88403.7474497149
"P15355",3251.16462049269
"P15377",2131.36831913033
"P15414",2077.8231306569
"P15446",20405.2487276125
"P15551",4201.08029892352
"P15707",2644.49884966936
"P15708",2546.14802063453
"P15709",2898.2837997029
"P15722",20405.2487276125
"P15723",20405.2487276125
"P15724",19082.2286991195
"P15798",7137.92680090842
"P15824",1655.24032612066
"P15856",2156.10244690286
"P15858",2251.86691420843
"P15859",2720.2400827491
"P15886",2146.61838933266
"P15890",2938.7192634573
"P15891",2763.03690313442
"P15897",3019.1001505431
"P15898",3193.76257319771
"P15907",3256.18344307886
"P15909",3017.56789097017
"P15910",3667.35152636435
"P15924",2368.55180919042
"P15925",2369.49536794225
"P15926",2383.17049078881
"P15927",2350.25175007955
"P15970",1992.03282766859
"P16070",2022.58267930443
"P16090",2239.69189102063
"P16097",2262.79208121973
"P16158",3025.53936033574
"P16161",2827.40978245954
"P16162",5115.79934946944
"P16163",2884.26080743963
"P16164",2883.75491505428
"P16169",2835.54647800662
"P16170",4954.22479954806
"P16171",3061.34087119486
"P16173",3036.45234012445
"P16175",4019.29123584811
"P16176",2288.42593038016
"P16177",2204.41131534394
"P16178",2554.90497317114
"P16179",2375.5228296118
"P16181",2274.88477708133
"P16183",2364.75753153525
"P16185",3586.18529397652
"P16186",2162.91438476655
"P16187",2827.40978245954
"P16188",3518.07543361271
"P16190",3061.34087119486
"P16193",2729.79411913739
"P16314",2943.98448465191
"P16315",2877.97883595115
"P16392",3027.44055594122
"P16415",2002.17382002154
"P16491",87424.4827352986
"P16493",94496.0952156786
"P16494",97699.1138518871
"P16495",131054.474265391
"P16496",3828.04032734881
"P16498",3542.26879432817
"P16500",2470.7424790839
"P16501",2537.99868087669
"P16503",2521.76592611585
"P16504",2544.65969064018
"P16506",2576.71589339895
"P16507",2619.9376537194
"P16516",2704.75267988833
"P16517",2534.8567876588
"P16519",2415.54839301336
"P16520",3544.79894041828
"P16521",2689.31537150664
"P16522",2415.54839301336
"P16524",2683.93602233279
"P16525",2406.66797928993
"P16526",2442.86589804884
"P16528",3680.80306571282
"P16529",2266.06717939762
"P16530",2709.55291544743
"P16534",140801.531095018
"P16540",2700.592517651
"P16542",2539.63350325984
"P16544",2803.24160978545
"P16545",2991.1185958362
"P16546",2554.62307558513
"P16548",2539.63350325984
"P16550",2100.20609466521
"P16552",2818.18169721992
"P16558",130070.544151836
"P16565",2854.50523360854
"P16566",2966.98765260329
"P16569",3064.78023976928
"P16570",3243.79370837942
"P16571",125831.414414634
"P16573",3041.36570544752
"P16574",2816.32652337689
"P16611",2578.72517972895
"P16643",4042.61625537394
"P16660",3587.03121447888
"P16661",2669.16681691106
"P16687",24767.5908133503
"P16734",4734.7133097222
"P16735",4705.20224896305
"P16736",4406.89853640817
"P16744",2908.80830428037
"P16750",2943.32863722149
"P16751",2075.68233905915
"P16752",2640.27375593646
"P16753",2769.87964643171
"P16756",2862.40088052637
"P16757",2958.5655124692
"P16758",2460.19769873278
"P16762",3875.64023490774
"P16763",2553.99608903982
"P16787",2418.47366978856
"P16788",2945.24169027801
"P16789",2595.89439150051
"P16832",3181.67420622287
"P16834",2562.24424719411
"P16867",88639.4965548029
"P16893",2752.16992842441
"P17133",2583.28248079039
"P17136",2611.19054448003
"P17137",2747.49288706143
"P17147",2619.34482436686
"P17148",2751.07141339225
"P17149",2617.67065783028
"P17150",2540.74726219015
"P17154",2612.76311021722
"P17246",2601.52581404788
"P17248",2713.01057274086
"P17249",2836.04391619676
"P17255",2904.77916676626
"P17256",2760.93451746906
"P17257",2932.00666423126
"P17258",3000.61673946701
"P17261",3112.33348751296
"P17262",3325.99860164162
"P17264",2364.34272718976
"P17265",2660.19634214764
"P17278",2775.88835982723
"P17287",2981.49237886368
"P17306",2908.68226759778
"P17308",2280.12672619712
"P17309",2016.49347934241
"P17313",2106.88378266127
"P17314",2081.19784953111
"P17315",2173.63693056385
"P17317",1987.26437825935
"P17319",1984.27848944138
"P17323",1984.27848944138
"P17324",2123.35103948401
"P17325",2567.94995942657
"P17415",2926.86614006281
"P17422",2384.73372042442
"P17424",2850.41752500539
"P17442",1534.79357250446
"P17444",2447.68963437979
"P17447",3204.72718181302
"P17448",2962.43550512947
"P17479",2721.78791253358
"P17482",3481.19660020903
"P17483",2711.88645395097
"P17486",2997.06620628361
"P17501",2745.6498876989
"P17502",3338.28329689002
"P17503",2321.14125712295
"P17504",2504.04895438429
"P17508",4337.269758684
"P17518",2057.51029936863
"P17521",2889.96665828751
"P17523",2980.24790251256
"P17527",3431.60416170091
"P17530",2414.31195759237
"P17539",1848.83981360404
"P17540",4402.10467187672
"P17542",2541.24949504149
"P17562",21434.1208274995
"P17660",5163.84795989624
"P17829",3170.53719328632
"P17855",1945.87140271499
"P17856",2167.02989118142
"P17857",2147.40550537591
"P17927",3609.16285783745
"P17934",2654.11694288013
"P17964",2761.70929871143
"P17974",3597.22162238161
"P17993",3062.6360992059
"P18049",3021.31089143125
"P18051",3229.46480400778
"P18053",3011.1562676566
"P18054",4237.02581067752
"P18061",3240.01041273189
"P18063",2405.64463635567
"P18065",3879.9064627692
"P18123",5970.78719300085
"P18127",4199.51328472589
"P18128",37644.4533797612
"P18156",1950.25091277388
"P18157",2380.17882504283
"P18159",2346.09696329798
"P18161",1848.83981360404
"P18191",1870.99705621006
"P18194",3476.06186747542
"P18195",2807.26941121205
"P18211",2417.89904046933
"P18217",5421.08766206971
"P18225",2547.48054103383
"P18227",2414.92170384343
"P18231",2608.93611076063
"P18253",2579.06103770297
"P18258",1931.27963674348
"P18259",2813.68046149116
"P18261",6391.98008830523
"P18262",3130.06227908805
"P18279",2356.78738878064
"P18281",2172.04570167949
"P18296",3949.17987473855
"P18300",4172.21081903885
"P18434",2371.68566701632
"P18460",3366.10199126018
"P18519",6040.96108404168
"P18522",2802.68366775056
"P18557",2406.54926890864
"P18558",2175.45015219282
"P18650",4022.47784524434
"P18651",2488.14200559334
"P18654",2475.35118210599
"P18655",2380.93050891476
"P18656",2505.01919140337
"P18731",3366.69062089924
"P18735",2883.39169671135
"P18739",2840.53693934871
"P18749",2893.35884362319
"P18752",2803.08839439804
"P18755",2912.47304866489
"P18769",2890.98344323986
"P18771",2883.40757972206
"P18796",2082.32399179497
"P19035",2917.2372022875
"P19037",2209.27630171597
"P19038",2445.24680123181
"P19041",2246.66859607165
"P19052",31247.7426807917
"P19124",2490.54845983922
"P19250",1795.65028100682
"P19252",1817.45256055546
"P19253",1837.24412482291
"P19265",1632.81701901955
"P19282",2044.48508715368
"P19573",2609.80053335851
"P19574",2561.51768257214
"P19590",4034.6946304253
"P19599",1802.57450910347
"P19630",2870.20281010665
"P19680",102109.34515504
"P19684",90050.1435421817
"P19685",2415.24113328977
"P19686",3846.19087999317
"P19696",3018.62844553954
"P19697",140893.858880795
"P19699",2783.07455230283
"P19701",94496.0952156786
"P19703",2647.71987351321
"P19715",2755.58214724156
"P19720",2857.80470371237
"P19773",4394.29091717673
"P19812",2126.3147602569
"P19813",3131.33373662771
"P19814",3078.67189109881
"P19851",2692.81631454517
"P19856",1907.42889590557
"P19860",2535.35191424324
"P19861",101025.986102114
"P19864",2467.2025813991
"P19865",2912.21007592141
"P19866",2689.24768634696
"P19867",1761.41688778994
"P19868",2608.93110134258
"P19891",3830.82452875064
"P19894",2455.90488377692
"P19897",2775.15947999656
"P19899",2553.99608903982
"P19905",3487.05611987176
"P19906",3535.43594981279
"P19907",3078.67189109881
"P19908",2709.85110486727
"P19911",3063.03725445136
"P19913",2827.2994593621
"P19915",2048.52155410531
"P19916",2864.0808661376
"P19920",2028.28277253222
"P19925",2896.66865050163
"P19926",2864.97219292526
"P19928",2562.29539682658
"P19938",3386.1162900785
"P19941",6383.69934546242
"P19954",3011.1562676566
"P19955",2912.47304866489
"P19979",6575.66916622644
"P20002",3125.87489711359
"P20004",3280.25311081307
"P20007",2965.44632334251
"P20010",3125.87489711359
"P20022",3036.46513435926
"P20026",3628.4234181545
"P20036",4606.56806704298
"P20040",3117.63821598716
"P20041",3256.18344307886
"P20042",3511.14832162205
"P20047",2915.45996611309
"P20048",2765.1955524984
"P20049",3114.38415154107
"P20050",4166.4677045239
"P20053",2596.8475437154
"P20066",2990.18804538197
"P20068",2655.43667118687
"P20129",2074.29927368257
"P20136",2508.33701833166
"P20141",2553.74272301562
"P20142",2630.33704586668
"P20144",2595.04521483463
"P20212",3080.12651535017
"P20213",2943.26826446305
"P20215",4869.96401056887
"P20218",3085.93514492618
"P20219",2943.26826446305
"P20220",2856.46213642401
"P20221",3012.03497898876
"P20243",2535.59708250216
"P20244",2861.76064956847
"P20247",3024.44786540505
"P20251",2800.23021238677
"P20260",4958.22676391717
"P20267",3000.61673946701
"P20269",2861.13319528371
"P20270",2724.23988198233
"P20272",3495.75760274769
"P20274",2508.33701833166
"P20307",104498.47860099
"P20311",3116.45878315028
"P20312",2789.40260541224
"P20315",2817.23231431054
"P20318",3487.97749535806
"P20368",2136.67122783332
"P20387",1589.79947509287
"P20436",4304.89663309004
"P20527",3995.16448261147
"P20546",2419.39822738542
"P20665",2634.06791284248
"P20666",3602.53022092455
"P20695",1648.16449136477
"P20725",3150.29892171054
"P20726",3641.84840893245
"P20766",4346.21877026097
"P20786",2920.52501455375
"P20848",2569.2494081595
"P20849",2717.97207079522
"P20855",2116.22043260033
"P21016",2484.16247848999
"P21021",2138.61368396591
"P21059",17803.4682359481
"P21112",3252.53712012041
"P21118",2924.1733000188
"P21123",2410.57398519895
"P21145",2487.26298547801
"P21150",2331.27426652437
"P21151",4179.62916057685
"P21160",2618.1619904189
"P21168",2824.02781481296
"P21169",2867.13729536746
"P21172",2872.40099037895
"P21174",2686.95344685114
"P21179",2615.60865874457
"P21183",2866.10448265705
"P21185",5743.04073070138
"P21186",6033.4981333768
"P21193",2844.25931925046
"P21231",2522.05691325974
"P21243",2713.74333660272
"P21247",2431.91456131281
"P21249",2688.41705152254
"P21253",3130.06227908805
"P21256",2959.50436754354
"P21283",7508.96562070195
"P21308",3272.73362053514
"P21364",26669.4812773291
"P21379",2480.50670013444
"P21381",2529.25410796795
"P21384",2465.21991015484
"P21388",2465.21991015484
"P21392",2304.29398342464
"P21393",38733.9557884979
"P21680",2885.77082335939
"P21715",2357.23477492348
"P21921",3537.67942829408
"P21930",2069.05153303564
"P21959",2712.74851097199
"P21960",3525.02664852549
"P21961",2902.22606745475
"P21962",3472.06026539425
"P21963",103063.858132141
"P21979",2340.50250831837
"P21988",2676.45615412388
"P21989",2676.45615412388
"P21990",4113.10364736059
"P21991",4320.97241032846
"P21992",2601.91422191092
"P21993",2601.91422191092
"P22000",2594.99154349606
"P22001",2435.15556278105
"P22003",2775.49085700749
"P22004",3491.97720656636
"P22005",3491.97720656636
"P22006",3287.5735242044
"P22007",3287.5735242044
"P22009",3491.97720656636
"P22013",3070.38251111798
"P22066",2298.17684411563
"P22067",2304.90165893647
"P22070",2697.014283778
"P22103",3222.22136013148
"P22104",2860.94580103488
"P22109",3018.09359533263
"P22117",2588.89619306862
"P22119",2588.89619306862
"P22122",2622.24279420258
"P22124",2915.82977609271
"P22126",2685.5514843207
"P22128",2565.45689713001
"P22139",2851.43074305719
"P22141",2888.15764759704
"P22143",5029.28508264107
"P22145",4805.15177219982
"P22148",3252.86827352032
"P22149",3121.55790079663
"P22161",2851.43074305719
"P22163",2851.43074305719
"P22164",2800.79736901917
"P22168",2662.44804884953
"P22193",3046.04028976622
"P22202",2883.72781561924
"P22205",2933.05615188068
"P22227",3001.78793692123
"P22259",3150.76830952952
"P22264",2856.09173697097
"P22265",2782.19390469049
"P22289",2750.86916033327
"P22291",2877.69515946504
"P22293",3098.24927811911
"P22315",4429.75523653724
"P22318",4279.38217246978
"P22321",2807.85665982601
"P22323",3381.86473428139
"P22324",3381.86473428139
"P22327",3136.96188657479
"P22331",2688.62000963323
"P22334",2605.28948486006
"P22338",5810.2300733945
"P22339",234308.359976945
"P22342",5634.96431641087
"P22343",157450.881642203
"P22346",3466.06147303413
"P22350",3698.34568768
"P22351",3661.81508902084
"P22352",3466.06147303413
"P22354",3466.06147303413
"P22355",3466.06147303413
"P22356",3466.06147303413
"P22357",5580.28668162521
"P22358",6850.19091752294
"P22359",3092.73046831658
"P22360",2898.47320964723
"P22361",3025.48177694266
"P22364",4319.67351056556
"P22368",3161.45801434808
"P22369",3161.45801434808
"P22372",2968.593814499
"P22373",3373.33457953931
"P22375",3272.73362053514
"P22380",6382.99885149342
"P22383",2926.9119483583
"P22384",5613.23722310186
"P22388",3057.82292764813
"P22389",3238.26068427088
"P22390",3337.80229915917
"P22391",3057.82292764813
"P22392",3337.80229915917
"P22393",3128.15682793414
"P22394",3238.26068427088
"P22395",3343.51762225507
"P22401",3169.40389578751
"P22403",3328.39835475069
"P22437",2742.06259491329
"P22443",3098.1441406744
"P22452",4475.12761689912
"P22455",3197.18591151997
"P22457",3197.18591151997
"P22458",2942.09310434565
"P22460",3165.60420604158
"P22467",2519.7471041038
"P22468",2688.63068633956
"P22470",3058.61065535763
"P22471",2883.72936594465
"P22472",2912.49983023139
"P22480",2912.49983023139
"P22484",2513.08549133012
"P22485",2448.01104672872
"P22488",2488.25919613299
"P22489",2513.08549133012
"P22491",165997.691289291
"P22521",3950.02540594019
"P22540",4627.5629790359
"P22543",3157.35000061441
"P22555",3835.59127741046
"P22557",3109.87685416684
"P22564",5898.84875380301
"P22654",2785.75509468785
"P22655",2308.53838512014
"P22659",5808.56355940943
"P22660",2432.566307034
"P22661",2432.566307034
"P22675",99736.9534139126
"P22682",2363.08670466148
"P22689",4747.60857990948
"P22698",3507.6831387746
"P23013",3381.00877688279
"P23099",2318.14277138069
"P23100",2353.74874377224
"P23104",2252.4106856054
"P23107",2318.14277138069
"P23110",2344.82210787734
"P23327",2408.03669947717
"P23329",2161.48111694214
"P23346",3247.05995439263
"P23351",3415.441791563
"P23361",3219.51336377608
"P23364",2691.29886083938
"P23366",5057.39994197939
"P23367",2727.96157295672
"P23376",2777.07886593454
"P23385",3170.23052559694
"P23387",3461.3119175597
"P23390",2853.80630762761
"P23396",2799.01474120057
"P23399",2799.01474120057
"P23408",3051.02684204651
"P23418",3150.07603363732
"P23456",2346.55467137362
"P23545",3283.42262252617
"P23549",2930.19352814888
"P23560",2011.69278327431
"P23750",6131.39565638218
"P23757",4557.1953498909
"P23758",4785.78698279522
"P23759",4557.1953498909
"P23783",2268.7890578071
"P23784",2459.18899893668
"P23785",2459.18899893668
"P23797",2662.55481627412
"P23800",2658.1562470068
"P23802",2689.11942563472
"P23806",2653.56517262249
"P23807",2746.96984310555
"P23808",2653.56517262249
"P23814",2584.29040148057
"P23819",3919.36417651284
"P23820",4093.44920148122
"P23822",6683.39592782267
"P23857",2566.13834662874
"P23864",2566.13834662874
"P23865",2566.13834662874
"P23866",2566.13834662874
"P23883",2590.35908039775
"P23884",2248.89195346038
"P23886",2248.89195346038
"P23890",2303.83709081978
"P23904",2618.71013883452
"P23905",3200.50743045356
"P23910",2745.37938503218
"P23911",2745.37938503218
"P23913",2264.31455803013
"P23962",2433.21291437659
"P23965",2522.34464742618
"P23966",2522.34464742618
"P23967",2522.34464742618
"P23972",2812.27131160048
"P23978",2895.18603012192
"P23982",2980.93358934054
"P23983",2575.68865777242
"P23984",2748.32018043586
"P23986",2748.32018043586
"P23993",2980.93358934054
"P24000",2980.93358934054
"P24002",3056.96639269767
"P24012",2879.51683060472
"P24014",2879.51683060472
"P24027",2905.30640672289
"P24030",2777.2639453307
"P24196",3871.71819219093
"P24197",3871.71819219093
"P24213",2414.3378100483
"P24214",2826.67182253632
"P24216",2826.67182253632
"P24278",2018.12672147634
"P24530",3948.86713404583
"P24539",3820.66977653251
"P24750",2489.66216973084
"P24754",1900.270349228
"P24757",1854.92214378508
"P24759",1900.270349228
"P24760",1854.92214378508
"P24764",2142.36815632382
"P24765",2187.86033112746
"P24766",4212.22513254178
"P24768",2361.47854081597
"P24769",2361.47854081597
"P24776",2792.71289096731
"P24792",4803.03620051699
"P24795",2928.88948535925
"P24807",3496.45198005836
"P24809",3535.45215744271
"P24810",2647.09352711695
"P24813",3496.45198005836
"P24819",91296.9009278518
"P24823",2519.09918067369
"P24826",2620.84534239145
"P24837",2358.46155773902
"P24838",2467.2025813991
"P24839",2358.46155773902
"P24842",2467.2025813991
"P24843",4120.9327194537
"P24844",2686.50606291924
"P24891",4665.59507210058
"P24893",2544.65969064018
"P24894",2634.23236605178
"P24896",2715.21235219381
"P24897",4789.59454646073
"P24899",2715.21235219381
"P24901",2544.65969064018
"P24902",2634.23236605178
"P24905",2544.65969064018
"P24907",3435.50787200609
"P24908",2544.65969064018
"P24909",2766.38819163582
"P24919",116441.188151146
"P24921",2341.34995672213
"P24923",1983.74822937365
"P24934",3465.21098226305
"P24945",5923.84591125426
"P24948",2823.7670862225
"P24949",114590.369270199
"P24951",2823.7670862225
"P24952",3062.76387748883
"P24953",2795.87284722882
"P24954",2823.7670862225
"P24956",2823.7670862225
"P24961",2570.27044218184
"P24962",2356.37416634532
"P25145",2016.49347934241
"P25149",2016.49347934241
"P25150",2016.49347934241
"P25151",2214.75951203876
"P25152",2668.79579451768
"P25153",2383.73623378732
"P25155",2282.38223142085
"P25156",2390.64290820833
"P25157",2279.68850732334
"P25158",2884.20502064733
"P25159",2890.96158749694
"P25160",2016.49347934241
"P25163",2357.33524410686
"P25164",3740.85146761894
"P25166",2357.33524410686
"P25167",2357.33524410686
"P25168",2455.80284406744
"P25188",6182.4164546269
"P25190",2532.93250044264
"P25192",2548.68315327105
"P25194",4136.98137641688
"P25196",2736.52707381026
"P25211",2456.22713123505
"P25214",2571.21042913864
"P25216",2624.86429058247
"P25217",2571.21042913864
"P25235",2065.75154649124
"P25237",2219.10508066576
"P25241",3187.65598077095
"P25242",4312.852054767
"P25244",4486.63873140428
"P25246",2629.74322803189
"P25252",3516.92978943115
"P25253",3341.24585478507
"P25254",3098.49564319886
"P25255",2781.10441958151
"P25256",3417.220161579
"P25259",2861.76064956847
"P25264",2780.6206564237
"P25266",2747.64401593286
"P25267",2747.64401593286
"P25268",2586.79757316117
"P25270",2579.25065137208
"P25271",2615.44575616017
"P25272",2579.25065137208
"P25379",2794.90119807511
"P25380",2794.90119807511
"P25383",2794.90119807511
"P25410",5671.27086592897
"P25411",2582.20248058844
"P25412",5515.10072556774
"P25413",5902.99787554382
"P25414",2694.78819854835
"P25416",2614.41712933355
"P25417",2588.59019626369
"P25421",2476.13138566481
"P25427",2668.40640956571
"P25428",2500.79272223672
"P25429",2437.57681240655
"P25432",2427.54650798028
"P25433",2668.40640956571
"P25435",2744.95721696963
"P25436",2744.95721696963
"P25439",2744.95721696963
"P25441",2744.95721696963
"P25443",2744.95721696963
"P25445",2744.95721696963
"P25453",2409.36718361625
"P25454",2571.21042913864
"P25462",2456.22713123505
"P25463",2571.21042913864
"P25464",2483.779896322
"P25465",3030.60907765794
"P25470",2583.56995951523
"P25476",4729.93631447567
"P25478",3185.90301146396
"P25479",3133.40513335477
"P25674",3713.15490110959
"P25676",3713.15490110959
"P25725",3009.44020086565
"P25742",3279.43162080806
"P25921",3103.81731754894
"P25923",3103.81731754894
"P25925",3103.81731754894
"P25947",2747.49288706143
"P25985",2933.53718196306
"P25986",2792.53783753106
"P25987",2933.53718196306
"P25989",2933.53718196306
"P25990",2933.53718196306
"P25993",2933.53718196306
"P25994",4558.15702992729
"P25995",4558.15702992729
"P25999",4558.15702992729
"P26116",2410.78392640334
"P26132",5475.05190123097
"P26134",2523.12816584508
"P26135",3034.65745052766
"P26136",5946.37687283424
"P26137",2837.54160896617
"P26167",3034.65745052766
"P26168",2595.03721631586
"P26169",2427.17633803515
"P26172",2698.60201045267
"P26178",2796.14127725799
"P26181",3032.31570104858
"P26182",2812.69583587187
"P26196",7118.86489041355
"P26373",3008.38388601685
"P26377",3008.38388601685
"P26378",2558.3258593757
"P26392",2558.3258593757
"P26394",2558.3258593757
"P26398",2558.3258593757
"P26399",2956.04082315018
"P26407",2742.70157546265
"P26408",2742.70157546265
"P26413",2683.3708951037
"P26414",2742.70157546265
"P26415",2570.4228484971
"P26420",3091.47253957015
"P26423",2683.3708951037
"P26429",2848.95378671688
"P26431",2848.95378671688
"P26433",2848.95378671688
"P26446",3810.11111543279
"P26479",72400.334574194
"P26610",3093.24076454465
"P26611",2868.75583896729
"P26612",3037.28877562165
"P26616",3354.54375240753
"P26617",3587.93683071779
"P26621",3189.92682532405
"P26622",3019.39256431847
"P26623",3019.39256431847
"P26624",3221.75110920779
"P26625",2846.51273529025
"P26626",3141.72909316392
"P26627",3005.65271897619
"P26628",2749.25442905521
"P26629",3080.67911048725
"P26631",3037.28877562165
"P26632",2749.25442905521
"P26633",4123.53773972997
"P26634",2749.25442905521
"P26637",2766.41889492121
"P26638",2951.82885364351
"P26643",2576.52908674808
"P26644",2645.01847718514
"P26645",2526.20807836226
"P26646",139083.147024841
"P26648",141464.369427938
"P26651",2576.52908674808
"P26652",5939.00267058745
"P26654",2576.52908674808
"P26655",5914.53016282261
"P26659",2777.71522183196
"P26662",2576.52908674808
"P26663",2645.01847718514
"P26667",2589.32500305707
"P26671",2485.56679980299
"P26675",2423.52235809229
"P26677",2423.52235809229
"P26678",2751.27661527355
"P26680",2824.40934873655
"P26681",2514.7701044953
"P26685",2784.52437736549
"P26687",2715.02039103427
"P26689",3822.62665754742
"P26694",2487.01763244175
"P26697",131614.648303365
"P26698",2603.0580983183
"P26699",5392.91045713878
"P26700",2783.39147479713
"P26704",2799.10369071254
"P26707",2796.99754388117
"P26708",97197.2740247925
"P26711",98166.6680707562
"P26712",2769.3676509341
"P26714",3355.81577179133
"P26715",3355.81577179133
"P26718",3322.66761531048
"P26719",86739.7443976923
"P26720",138059.804705362
"P26721",95548.1941761191
"P26722",95548.1941761191
"P26723",85674.2888300123
"P26724",94604.6572484191
"P26728",1907.20602464234
"P26809",2414.62087663569
"P26858",2505.18206496522
"P26859",2558.1901044235
"P26860",97756.0082716911
"P26892",2479.93687266494
"P27251",2528.4955262947
"P27253",2530.58657615771
"P27257",2532.82403253979
"P27261",2282.39710350078
"P27263",2129.10059596893
"P27264",2129.10059596893
"P27265",2278.94188958589
"P27266",2278.94188958589
"P27267",2278.94188958589
"P27271",2278.94188958589
"P27277",2904.53001655365
"P27279",2904.53001655365
"P27280",2952.23990145975
"P27281",5166.73064884617
"P27282",2561.9730546792
"P27283",2532.82403253979
"P27285",3148.53304249321
"P27286",2660.19634214764
"P27287",2660.19634214764
"P27288",2660.19634214764
"P27289",2439.14941182984
"P27446",2660.83896593801
"P27667",2499.94640841452
"P27668",2499.94640841452
"P27671",3100.92834085671
"P27672",4408.70249075389
"P27675",3100.92834085671
"P27676",3131.865010204
"P27680",3131.865010204
"P27682",3383.93107667082
"P27685",134018.951153731
"P27688",3703.96077552389
"P27693",2956.11085967245
"P27695",143517.781469592
"P27703",5595.9746846781
"P27704",3127.76754604235
"P27705",2777.07886593454
"P27707",5687.59153678336
"P27708",2822.55322573356
"P27711",3178.98232718514
"P27716",2956.11085967245
"P27718",2956.11085967245
"P27724",3231.779894819
"P27728",3026.79457001769
"P27738",2120.71722164935
"P27740",2237.03306369831
"P27741",2120.71722164935
"P27748",9277.81920345011
"P27972",2515.66792272309
"P28235",5148.26606615621
"P28237",98137.247524733
"P28243",3451.07532417849
"P28245",3461.17222792998
"P28252",2611.24712991002
"P28258",3017.18597073256
"P28403",2437.31287291956
"P28419",2567.76661948949
"P28465",3185.31464519578
"P28466",3265.24966634004
"P28467",3265.24966634004
"P28468",4859.8538926282
"P28538",3313.5318498169
"P28763",4436.57739417828
"P28764",5690.0601948942
"P28767",3600.35305516137
"P28773",5727.14862793913
"P28861",3188.97558585547
"P28863",3207.7652072362
"P28865",95414.1106622642
"P28867",2643.50995167896
"P28868",2643.50995167896
"P28870",121011.039586082
"P28871",2477.45952841231
"P28873",2477.45952841231
"P28876",2643.50995167896
"P28880",2643.50995167896
"P28888",2487.91783148412
"P28890",2661.04288202619
"P28891",2558.41058265672
"P28892",2360.77289575477
"P28893",2943.03006166157
"P28896",2744.05630045636
"P28899",2418.35866178569
"P28901",2457.93759601322
"P28911",2836.86072298863
"P28915",2618.1690791163
"P28925",2652.24643807729
"P28926",2583.56995951523
"P28927",2583.56995951523
"P28928",4894.07201497929
"P28929",2583.56995951523
"P28933",2529.68164470034
"P28936",4197.51486946339
"P28941",2312.65427426547
"P28943",2805.09085041403
"P29184",2289.86007201598
"P29196",106759.782786075
"P29198",2821.99267418987
"P29199",2799.24939660091
"P29200",3435.8666844206
"P29202",3396.77875765077
"P29203",4138.10317064879
"P29208",2419.25580636057
"P29209",2712.01495109747
"P29210",2848.07154151545
"P29213",1770.96425998286
"P29215",2597.5236502918
"P29216",2434.36073546691
"P29219",2434.36073546691
"P29221",3146.59686476208
"P29231",2780.94579407239
"P29233",2618.15058219103
"P29235",2548.81291103947
"P29307",2635.24331403099
"P29346",1908.52163797467
"P29353",3423.39870274703
"P29355",2583.33272118189
"P29356",2667.30834879496
"P29357",2976.22568365832
"P29358",2583.33272118189
"P29359",2976.22568365832
"P29360",3135.80067828702
"P29361",3135.80067828702
"P29364",3135.80067828702
"P29365",2947.9798976276
"P29368",2947.9798976276
"P29369",2947.9798976276
"P29370",2947.9798976276
"P29371",2947.9798976276
"P29376",3041.31695734856
"P29381",4749.59997262424
"P29383",2827.61092447142
"P29389",3092.81423860248
"P29390",3392.79677486625
"P29579",2611.56062338569
"P29580",2489.69658458238
"P29581",2446.55326847094
"P29583",2446.55326847094
"P29584",2333.30419822129
"P29585",2489.69658458238
"P29628",2799.01474120057
"P29632",2617.0990411937
"P29653",3083.70607696253
"P29654",3400.27746276879
"P29657",3083.70607696253
"P29710",2757.42116039185
"P29726",86548.7834081557
"P29727",82679.8233042793
"P29728",2460.59095643266
"P29748",2438.20065238795
"P29750",2871.96482744195
"P29751",2871.96482744195
"P29786",2515.02297137273
"P29787",2428.05088207146
"P29788",2404.68362823278
"P29789",2435.15556278105
"P29790",2428.67639362989
"P29791",4006.58594864067
"P29882",1718.63661699468
"P29887",1435.4408768328
"P29915",21017.4122630975
"P30021",2898.2837997029
"P30022",2898.2837997029
"P30044",2125.32372622642
"P30051",1985.93875824615
"P30054",61814.055928603
"P30329",2620.32727743183
"P30336",2950.42674389415
"P30446",2205.12812950729
"P30580",2783.5841386645
"P30581",2783.5841386645
"P30582",2783.5841386645
"P30584",3110.00207721928
"P30585",2783.5841386645
"P30761",3466.19996584161
"P30768",2794.76321520054
"P30836",2753.72236360016
"P30964",17642.8586566942
"P31127",5009.48926486459
"P31152",3321.7130454766
"P31154",2185.46335173957
"P31177",2254.81537272116
"P31266",2180.41956048907
"P31308",2871.97512724733
"P31309",2871.97512724733
"P31310",3050.54698857912
"P31312",3050.54698857912
"P31313",2871.97512724733
"P31314",3050.54698857912
"P31331",3122.32771988488
"P31332",195353.593375148
"P31333",3145.98687623445
"P31340",175736.466706619
"P31341",119251.979657148
"P31342",3113.67783362087
"P31343",3113.67783362087
"P31346",3113.67783362087
"P31349",156202.565382647
"P31351",2775.66191315082
"P31352",2639.24804126918
"P31355",2539.71073383671
"P31356",2539.71073383671
"P31396",2507.64392507179
"P31433",4611.80584042489
"P31438",2666.91085449251
"P31440",2666.91085449251
"P31441",2666.91085449251
"P31442",2711.21892640111
"P31443",2666.91085449251
"P31473",3664.54436175071
"P31477",2941.10269530884
"P31493",2610.34817771476
"P31501",2967.76911796904
"P31502",2938.45287603972
"P31505",3776.35015319593
"P31574",23703.9683771902
"P31578",21888.8211332834
"P31610",24650.4752689977
"P31611",24863.1391080205
"P31623",2394.23256731433
"P31627",2436.69768636114
"P31629",2436.69768636114
"P31632",2436.69768636114
"P31633",2436.69768636114
"P31634",2436.69768636114
"P31637",19402.2679868159
"P31640",2228.38162782665
"P31642",16828.23880291
"P31644",18122.4203886168
"P31647",3824.94351799352
"P31680",18244.9733995491
"P31683",20834.9294766074
"P31684",19613.0184440354
"P31690",19188.0715494194
"P31830",2835.15110625909
"P31832",2867.77808837202
"P31833",2955.90831109215
"P31835",3620.59616378885
"P31836",4243.7691344342
"P31837",2185.8985738603
"P31838",4399.66374649898
"P31839",2234.71371793125
"P31840",2185.8985738603
"P31841",2185.8985738603
"P31844",2430.2620728456
"P31846",4303.81264984889
"P31847",2238.69921938236
"P31849",2215.4154440863
"P31850",2416.49134412076
"P31853",2231.46061812225
"P31854",3092.59763154619
"P31855",2164.90299799651
"P31858",3098.37807311497
"P31860",2356.51148629949
"P31869",3792.005886071
"P31873",2662.46683953127
"P31874",2662.46683953127
"P31876",2662.46683953127
"P31877",2661.61791141726
"P31878",2661.61791141726
"P31879",3362.75035392881
"P31881",4866.93954288675
"P31883",2971.67647057091
"P31885",3083.89015794418
"P31887",2640.68858980628
"P31888",2640.68858980628
"P31891",2443.05703235432
"P31894",145617.69476843
"P31895",143998.626819325
"P31896",2429.82419474049
"P31928",4198.63583602663
"P31976",2609.61957067816
"P32014",12048.5771254978
"P32065",2561.84044796083
"P32126",2208.09905541492
"P32564",17483.1937471831
"P32570",15564.6546255518
"P32581",4033.22552385867
"P32625",6139.37196291519
"P32901",3007.94901741475
"P32918",2516.88215444182
"P33013",2770.47083339227
"P33017",2967.34755444039
"P33089",1459.49808792462
"P33191",1639.58055294834
"P33395",2675.26034866731
"P33532",2822.10686752477
"P33533",2994.53700429832
"P33534",2480.69922792287
"P33681",2982.81838548623
"P33682",2982.81838548623
"P33683",2982.81838548623
"P33704",5821.06916223208
"P33943",24731.9008675035
"P33945",23975.3803851879
"P33971",2855.96790214652
"P34002",3268.67799238028
"P34078",6007.68357290108
"P34082",3572.1342370419
"P34083",3572.1342370419
"P34087",3303.7085166558
"P34088",3144.92309139305
"P34090",3127.97598879581
"P34091",5393.33544243709
"P34094",3127.97598879581
"P34095",2777.2639453307
"P34096",3077.58268343142
"P34100",3018.71439104275
"P34101",3077.58268343142
"P34102",2325.55177083302
"P34103",2397.0460848024
"P34104",2302.57734882021
"P34105",2428.86304623498
"P34106",2404.59029315533
"P34107",2451.48644769394
"P34108",2404.59029315533
"P34109",2848.83599508164
"P34110",4507.2813293403
"P34112",4254.46793562544
"P34113",2806.39680596525
"P34115",4688.70307082428
"P34117",2898.81965132536
"P34119",4465.4457782289
"P34120",2841.62395082649
"P34124",3074.74508749281
"P34125",3075.65537863108
"P34126",3158.38455786307
"P34127",3158.38455786307
"P34128",4666.55586523688
"P34130",2483.779896322
"P34133",2650.25376800675
"P34134",2624.86429058247
"P34135",2650.25376800675
"P34137",2813.22571288382
"P34138",2456.22713123505
"P34140",2456.22713123505
"P34149",4995.76535670459
"P34150",2931.68134774751
"P34151",2813.45452033927
"P34152",2813.45452033927
"P34156",2813.45452033927
"P34157",2813.45452033927
"P34158",2813.45452033927
"P34161",2813.45452033927
"P34164",5041.76233559337
"P34165",2971.26520537057
"P34166",3001.78112038236
"P34167",5153.87526118449
"P34168",3001.78112038236
"P34173",2859.31166804223
"P34179",2801.5719903803
"P34180",3013.3982941623
"P34181",3074.83228653013
"P34182",3013.3982941623
"P34183",2943.02731919602
"P34184",2943.02731919602
"P34185",2931.68134774751
"P34186",3058.85169367876
"P34188",3058.85169367876
"P34191",3058.85169367876
"P34193",2735.16187269157
"P34194",3080.55919292666
"P34196",3080.55919292666
"P34197",3080.55919292666
"P34198",3080.55919292666
"P34201",3080.55919292666
"P34205",3080.55919292666
"P34208",3038.44781226008
"P34209",2980.32785222938
"P34210",2945.91777189587
"P34211",3667.35152636435
"P34212",3317.91970333303
"P34213",3038.44781226008
"P34214",4859.16414043863
"P34216",3996.80287756734
"P34217",4373.69610512517
"P34219",2952.73863141701
"P34220",2621.66811026393
"P34222",2981.07735554583
"P34223",2992.6144305026
"P34224",4554.04665109279
"P34228",2963.61656679733
"P34229",2852.68853891502
"P34233",5156.44583195547
"P34235",4725.24908165351
"P34236",4760.97390384665
"P34237",3141.96339030739
"P34238",3141.96339030739
"P34255",2444.46431770238
"P34256",2576.57975815623
"P34260",2406.22702077152
"P34261",2406.22702077152
"P34262",2766.19383964972
"P34263",2334.02113452019
"P34265",2583.30947148738
"P34266",2576.57975815623
"P34268",2406.22702077152
"P34271",2267.13320674374
"P34272",2149.25298946686
"P34273",3549.57497241298
"P34274",2193.75131545715
"P34277",2758.97878000914
"P34282",2354.41072548039
"P34283",2414.01299862108
"P34284",2237.43395810718
"P34285",2170.69825139376
"P34287",3220.64049757524
"P34446",2756.33273136599
"P34447",2756.33273136599
"P34448",2756.33273136599
"P34449",2823.70629635911
"P34450",2802.51505671294
"P34468",2982.82059093648
"P34469",2982.82059093648
"P34474",2982.82059093648
"P34476",2982.82059093648
"P34477",2982.82059093648
"P34478",2656.55027599997
"P34479",2982.82059093648
"P34480",2839.45326548199
"P34481",2834.59931941723
"P34483",2839.45326548199
"P34484",2722.7045991052
"P34485",2897.01876968411
"P34486",2982.82059093648
"P34487",2982.82059093648
"P34488",2644.56615059135
"P34489",2860.17922276724
"P34490",2897.01876968411
"P34491",2636.98556920157
"P34492",2645.79153640326
"P34493",2610.93577547235
"P34495",2518.6178635751
"P34496",2645.79153640326
"P34498",2645.79153640326
"P34499",2731.20921757622
"P34500",2731.20921757622
"P34502",2731.20921757622
"P34503",91455.0659768497
"P34504",2731.20921757622
"P34505",2731.20921757622
"P34507",2731.20921757622
"P34508",2432.45172371121
"P34509",2731.20921757622
"P34510",2731.20921757622
"P34511",2731.20921757622
"P34512",2731.20921757622
"P34513",2731.20921757622
"P34514",2599.93137557198
"P34518",2731.20921757622
"P34530",3521.41931873285
"P34531",2727.83854879104
"P34532",2597.5236502918
"P34533",2597.5236502918
"P34534",2681.96039971347
"P34715",3212.87506079451
"P34717",26660.5269155623
"P34729",3084.55436740116
"P34800",2834.69132206836
"P34801",3906.58268302979
"P34802",3008.15398994118
"P34803",2460.4761020696
"P34807",24363.4066064077
"P34855",3254.15067198423
"P34858",100499.857196588
"P34888",2784.97294309607
"P34890",2784.97294309607
"P34893",2642.11223980441
"P34895",2572.1402234773
"P34909",2601.91422191092
"P34910",2753.7914860024
"P34911",2892.97978739512
"P34912",2602.58450549512
"P34956",3656.27938730496
"P34957",3579.48963949694
"P34961",3628.84209796649
"P34962",3724.33393790193
"P34967",3549.42457356055
"P34969",2986.68027942937
"P34970",4116.0234684826
"P34971",3160.19418413274
"P34972",3083.76233257054
"P34973",2957.17729202995
"P34974",2842.98537699448
"P34976",2986.68027942937
"P34977",2842.98537699448
"P34978",3008.15398994118
"P34979",2889.82847525724
"P34988",2920.06039786816
"P34989",3001.21684893433
"P34990",3001.21684893433
"P34991",2701.96105335822
"P34993",3080.19747758217
"P34994",101299.860210944
"P34995",2508.33701833166
"P34996",2747.49288706143
"P34997",97069.6206824166
"P34998",2596.63162859232
"P34999",89581.2089009049
"P35000",2676.45615412388
"P35001",2747.49288706143
"P35003",2508.33701833166
"P35005",2681.03939255037
"P35008",2570.98032522685
"P35039",3662.96648295131
"P35080",2733.42162614016
"P35085",2814.90471499558
"P35087",2583.33272118189
"P35091",3072.9680238693
"P35093",2955.44796928351
"P35094",2618.02694731567
"P35095",2898.2837997029
"P35096",2957.17729202995
"P35097",3160.19418413274
"P35100",2973.75695401957
"P35102",2873.20102753083
"P35310",2559.49435346703
"P35315",2719.51438690173
"P35324",2328.86933039335
"P35326",5048.34356584608
"P35329",3500.98123743805
"P35331",23003.8949908532
"P35347",2525.69698775031
"P35349",2536.07965781159
"P35352",18140.2367472587
"P35354",18140.2367472587
"P35374",2196.2782526837
"P35645",2596.36416171533
"P35948",2430.2620728456
"P35950",3571.35818917115
"P35954",2444.46431770238
"P35957",2158.55321749769
"P35959",2186.3086541923
"P35960",2253.52406441065
"P35961",2239.75406543952
"P35964",2253.52406441065
"P35966",2239.75406543952
"P35967",3576.81564914285
"P35969",2253.52406441065
"P35970",2271.07128097059
"P35978",4133.07193857223
"P35987",4133.07193857223
"P35988",4250.85119709602
"P35989",4000.1062617168
"P35990",3875.01876226622
"P35991",6886.54092046294
"P35994",4000.1062617168
"P35997",3896.54185681876
"P36003",2773.8415441538
"P36004",2859.00559396489
"P36006",99231.5090684241
"P36010",2869.24001307926
"P36019",2615.64887897993
"P36020",2615.64887897993
"P36021",2615.64887897993
"P36082",2966.88567358116
"P36084",2718.08060108822
"P36086",2915.03757670176
"P36091",3396.77875765077
"P36094",2629.74322803189
"P36095",2629.74322803189
"P36097",2532.82403253979
"P36098",2532.82403253979
"P36099",2532.82403253979
"P36120",2555.72356157361
"P36123",2659.06614314405
"P36125",2555.72356157361
"P36129",2827.61092447142
"P36130",2827.61092447142
"P36132",2827.61092447142
"P36136",2827.61092447142
"P36138",3246.15729218534
"P36139",2977.12471615148
"P36140",2977.12471615148
"P36143",2449.02759003493
"P36144",3793.86535098959
"P36146",2468.26287953838
"P36154",2213.83276954586
"P36158",2827.40978245954
"P36159",2827.40978245954
"P36160",2827.40978245954
"P36161",2827.40978245954
"P36162",2827.40978245954
"P36163",2827.40978245954
"P36164",2416.68180772098
"P36166",2236.52305103892
"P36167",3067.92498245216
"P36169",2977.12471615148
"P36170",2977.12471615148
"P36172",3037.61971327378
"P36174",2977.12471615148
"P36177",2915.27030496134
"P36178",2615.64887897993
"P36185",2460.22945683613
"P36189",2475.22246860067
"P36195",2475.22246860067
"P36201",2691.53398989737
"P36202",2364.34272718976
"P36204",2382.75245797404
"P36206",2364.34272718976
"P36207",2364.34272718976
"P36209",3396.77875765077
"P36213",3396.77875765077
"P36214",3396.77875765077
"P36217",2763.98620085172
"P36219",2763.98620085172
"P36220",2278.94188958589
"P36223",2673.46289422033
"P36227",2620.1919561122
"P36228",2485.78098588344
"P36229",4369.49556330577
"P36230",2514.55571510452
"P36231",2514.55571510452
"P36233",2773.59512422825
"P36251",5209.28900660618
"P36252",2278.94188958589
"P36254",3922.91609936257
"P36256",3922.91609936257
"P36257",2129.10059596893
"P36260",4066.93657922776
"P36261",2362.03624028218
"P36262",2362.03624028218
"P36263",2362.03624028218
"P36264",2332.20415536856
"P36265",2562.02685904498
"P36266",2332.20415536856
"P36267",2186.05646741462
"P36271",2332.20415536856
"P36274",2186.05646741462
"P36279",2361.28306856288
"P36280",4559.65729095951
"P36284",2361.28306856288
"P36339",3922.56450769196
"P36465",18714.4249348653
"P36467",18714.4249348653
"P36522",2428.05088207146
"P36526",3902.85382389809
"P36530",2458.74904427126
"P36531",2040.6680709754
"P36532",5739.17874321456
"P36533",3294.20458925219
"P36534",3239.92265840926
"P36536",3239.92265840926
"P36537",2823.07716357533
"P36539",3006.46087111753
"P36540",2986.68027942937
"P36541",2898.2837997029
"P36543",2986.68027942937
"P36544",2898.2837997029
"P36545",2898.2837997029
"P36546",2898.2837997029
"P36548",2557.19141381549
"P36551",2660.59332586745
"P36553",2557.19141381549
"P36554",2489.46753562385
"P36556",2723.30961770838
"P36557",2630.14704710953
"P36558",2651.1880353633
"P36559",2763.7998906564
"P36561",3400.99381822657
"P36562",3505.53617881848
"P36564",3400.99381822657
"P36568",3688.82838357167
"P36569",3505.53617881848
"P36571",3300.33904614368
"P36572",3300.33904614368
"P36573",3300.33904614368
"P36574",3300.33904614368
"P36576",2629.02824201558
"P36580",2629.02824201558
"P36581",2855.40566973015
"P36584",2652.1565977736
"P36586",3022.04617298462
"P36588",3022.04617298462
"P36590",3013.50587443241
"P36592",2832.3932643754
"P36593",2787.38505333485
"P36594",2778.35158054692
"P36595",2872.40033292287
"P36596",5387.66931290696
"P36599",2502.27906711796
"P36601",2467.8052728122
"P36602",2467.8052728122
"P36603",2335.80568726489
"P36604",2335.80568726489
"P36605",2481.05154657917
"P36606",2335.80568726489
"P36726",3593.4623224172
"P36766",3967.76839739874
"P36815",4534.54107350988
"P36818",4603.05699357165
"P36834",2781.32596569379
"P36885",2880.32583268033
"P37189",2192.35594328237
"P37226",2553.53164304413
"P37227",2553.53164304413
"P37228",2553.53164304413
"P37232",135652.142450147
"P37233",2539.63350325984
"P37235",125452.132806874
"P37236",2539.63350325984
"P37238",110089.445599644
"P37242",3002.59297035948
"P37246",3041.15949405103
"P37247",125246.832078676
"P37248",2845.26819997313
"P37251",2893.89745341878
"P37252",112513.676035111
"P37258",3659.8752647343
"P37259",2534.8567876588
"P37260",2534.8567876588
"P37261",2534.8567876588
"P37262",2620.94436433096
"P37268",2555.85887794158
"P37269",2555.85887794158
"P37271",2498.57742418098
"P37273",2498.57742418098
"P37274",2740.079865597
"P37276",2666.04269222953
"P37278",3521.41931873285
"P37281",2434.36073546691
"P37282",2727.83854879104
"P37284",2547.4548375909
"P37285",2547.4548375909
"P37287",2190.27642789285
"P37289",2482.98369391727
"P37293",2180.32718784216
"P37300",94794.2174313927
"P37301",81135.2284371037
"P37307",2811.13879473188
"P37308",2255.86542999095
"P37309",2472.44022160579
"P37312",2509.30129841305
"P37315",2681.4919989082
"P37316",2122.59867089136
"P37320",2263.92787262832
"P37324",1797.29092251457
"P37327",2749.93202753308
"P37332",2454.48198484034
"P37333",2462.4659893306
"P37335",2764.56122809014
"P37337",2612.76311021722
"P37338",3657.91199429458
"P37364",2379.52973007543
"P37383",110966.210932891
"P37385",2897.16806973818
"P37387",2495.20825037688
"P37390",2495.20825037688
"P37391",2495.20825037688
"P37394",2495.20825037688
"P37397",94784.8566058635
"P37399",92616.3943286462
"P37401",2594.71286935894
"P37405",98127.4164509432
"P37407",93023.8558494128
"P37409",2514.7701044953
"P37412",2549.34886448547
"P37413",2514.7701044953
"P37414",3002.59297035948
"P37415",3153.1767887805
"P37417",2950.07245644258
"P37418",3002.59297035948
"P37512",3618.13401263354
"P37519",3263.27354203436
"P37524",3263.27354203436
"P37535",145372.508558979
"P37537",4209.78525748105
"P37538",2621.35816084252
"P37541",2553.53164304413
"P37542",2639.24073646016
"P37543",2553.53164304413
"P37544",2787.18737900723
"P37558",2702.60103757945
"P37560",2559.06461257813
"P37568",158937.450445675
"P37570",2556.93072438743
"P37573",2539.71073383671
"P37574",2482.87641858224
"P37575",2567.83764252748
"P37579",2705.44691421673
"P37580",109755.259797204
"P37581",2620.27100929351
"P37582",2594.38626985533
"P37583",90358.7548542618
"P37587",2382.71215018538
"P37592",2434.36073546691
"P37595",2597.5236502918
"P37597",2597.5236502918
"P37599",2434.36073546691
"P37600",91747.709677974
"P37602",2434.36073546691
"P37603",91747.709677974
"P37607",2597.5236502918
"P37608",95316.1017980148
"P37610",2434.36073546691
"P37611",2585.95912946802
"P37614",5311.39720838278
"P37617",2531.71482967551
"P37620",2614.41712933355
"P37624",2614.41712933355
"P37627",2525.51798229448
"P37631",2597.075669417
"P37632",2688.49267597413
"P37634",2688.49267597413
"P37636",4535.49051629052
"P37640",2502.1425171902
"P37643",2450.77668543975
"P37652",142040.697968826
"P37655",2563.61470857252
"P37659",3057.57286060658
"P37688",2593.29450885755
"P37701",2820.92387522547
"P37740",2612.76311021722
"P37744",2612.76311021722
"P37745",2612.76311021722
"P37752",2518.02369256301
"P37753",5197.00293295355
"P37762",3074.24543828735
"P37763",2950.07245644258
"P37764",2950.07245644258
"P37766",3074.24543828735
"P37776",113093.334387958
"P37779",130088.764611405
"P37786",93552.24838286
"P37788",84545.5630725694
"P37789",96366.0292842984
"P37791",93876.4609515172
"P37793",3487.48575628156
"P37797",84545.5630725694
"P37807",2222.49386643519
"P37812",2283.24457834188
"P37813",2353.35147127797
"P37841",2686.10262874529
"P37844",3015.74562916503
"P37845",2757.50357705303
"P37848",5163.26413653218
"P37852",2924.23703578594
"P37862",3234.59117224357
"P37868",2971.79533907352
"P37869",3229.085220652
"P37871",2971.79533907352
"P37872",2971.79533907352
"P37889",2543.4875041092
"P37904",2104.48737369379
"P38035",102924.404660238
"P38144",83103.661964699
"P38166",2832.75251282636
"P38167",3701.34644419466
"P38206",2650.40606589311
"P38235",2531.79348768287
"P38239",2531.79348768287
"P38349",2208.9668225498
"P38350",3431.60416170091
"P38352",2287.11873014282
"P38389",3390.45166354817
"P38392",2303.57837013132
"P38393",2303.57837013132
"P38918",6543.31131939139
"P38925",85356.4982471396
"P38926",71000.4398787284
"P38939",9767.92540641258
"P39206",4045.5719560641
"P39451",54174.6018368647
"P39531",20174.3384248297
"P39536",20174.3384248297
"P39606",3510.72517368893
"P39665",4060.52847267271
"P39668",4060.52847267271
"P39670",4452.82340271273
"P39672",2533.63189702833
"P39674",2533.63189702833
"P39676",3070.18272489999
"P39677",2498.21447519847
"P39678",3070.18272489999
"P39682",2528.4955262947
"P39683",2528.4955262947
"P39690",4959.73997594146
"P39691",2752.53232076967
"P39693",2827.40978245954
"P39694",2827.40978245954
"P39695",2752.53232076967
"P39700",2752.53232076967
"P39701",2752.53232076967
"P39707",2572.1402234773
"P39708",2892.11186037167
"P39709",2611.29808519386
"P39710",2477.34317993066
"P39714",2591.12951475942
"P39717",2762.09908812115
"P39719",2762.09908812115
"P39722",2504.1329622215
"P39724",2467.95580351731
"P39725",5209.28900660618
"P39726",2574.19427544219
"P39728",3961.51109886709
"P39730",2705.00491864688
"P39731",2574.19427544219
"P39737",3083.89015794418
"P39738",3083.89015794418
"P39739",3083.89015794418
"P39740",3208.13026588738
"P39741",5465.94901347438
"P39742",3381.58434772128
"P39743",2610.47106236227
"P39745",2610.47106236227
"P39746",2941.47304341152
"P39750",2318.14277138069
"P39751",2793.55037442605
"P39752",2793.55037442605
"P39754",4153.73051914716
"P39755",2941.47304341152
"P39756",2941.47304341152
"P39757",2886.58833182381
"P39758",2886.58833182381
"P39759",3054.28925018523
"P39760",2362.03624028218
"P39761",2371.11148606993
"P39762",2773.59512422825
"P39763",2187.1425656438
"P39766",2220.73728208064
"P39769",2187.1425656438
"P39771",2187.1425656438
"P39772",3922.91609936257
"P39773",2645.47286879947
"P39776",2507.92944945184
"P39778",4012.72531231768
"P39779",4040.45769713929
"P39783",4148.02280878178
"P39785",2473.29561469185
"P39788",2485.78098588344
"P39789",3198.21044112344
"P39790",2485.78098588344
"P39801",4551.25186239802
"P39808",3464.1413104966
"P39814",3369.90481342412
"P39816",2272.87773167353
"P39823",2272.87773167353
"P39825",2272.87773167353
"P39832",2336.19292266771
"P39846",3301.8851653936
"P39853",3172.21607632011
"P39856",3301.8851653936
"P39929",14660.1351377817
"P39936",24833.3619760947
"P39938",23550.376001606
"P39946",18990.5831193067
"P39950",25525.8900838101
"P39975",18386.4440625826
"P39977",17227.8410828761
"P39979",17216.7900106705
"P39981",21892.8622828486
"P39983",20012.8068617288
"P39985",18822.4417938353
"P39986",18086.014320584
"P39989",2355.11374846628
"P40003",20946.2913955082
"P40004",18088.2678268226
"P40006",2355.11374846628
"P40013",2388.11349817093
"P40014",2355.11374846628
"P40015",2336.91747155786
"P40016",2355.11374846628
"P40110",2622.03027569383
"P40119",2480.50670013444
"P40123",3894.30023193551
"P40125",2511.02297715889
"P40141",87702.739408059
"P40147",2374.21911186352
"P40149",2374.21911186352
"P40154",2566.42767681985
"P40189",2276.40312331746
"P40192",2276.40312331746
"P40193",2276.40312331746
"P40195",2328.86933039335
"P40204",2566.42767681985
"P40205",2566.63454880107
"P40208",2706.92794209994
"P40214",3711.62781992051
"P40215",2348.27614791576
"P40216",2348.27614791576
"P40217",2259.44961426491
"P40227",2441.65055341754
"P40235",2503.87905263735
"P40242",2244.05299486405
"P40250",2244.05299486405
"P40260",2503.87905263735
"P40263",3136.84264892169
"P40266",2244.05299486405
"P40267",74944.7038316723
"P40272",2244.05299486405
"P40279",2376.15997637435
"P40286",2125.67832861686
"P40288",2125.67832861686
"P40290",2368.15185130741
"P40296",2439.67965668757
"P40327",2124.56175875614
"P40340",2126.54564979287
"P40354",2125.67832861686
"P40356",2125.67832861686
"P40367",1736.01479753964
"P40372",2059.77859127579
"P40378",1746.78163154827
"P40388",1736.01479753964
"P40389",1736.01479753964
"P40623",2766.48186555017
"P40654",2952.11940195814
"P40661",2276.48984397761
"P40676",2304.33110414325
"P40681",2290.18385582474
"P40683",95476.0540577304
"P40696",2299.15530155198
"P40704",2498.25359408175
"P40712",2498.25359408175
"P40715",2540.1105805282
"P40728",2425.79682088195
"P40790",3408.74059897131
"P40920",2151.78354150256
"P40921",2165.01293941319
"P40922",2193.75131545715
"P40924",2079.68492766053
"P40925",3510.08155135843
"P40926",2186.3086541923
"P40928",2165.01293941319
"P40977",2276.40312331746
"P41092",20140.6215957577
"P41127",2514.74539479004
"P41166",3268.38448914976
"P41233",22757.9809023507
"P41236",22757.9809023507
"P41237",22757.9809023507
"P41238",22757.9809023507
"P41242",2579.25065137208
"P41244",2586.79757316117
"P41332",2489.78669766503
"P41333",3978.37031645058
"P41346",2436.69768636114
"P41355",3500.35466559876
"P41433",2359.36121463714
"P41511",2591.62942117837
"P41524",2876.92658156473
"P41625",2510.55337771492
"P41730",2416.49134412076
"P41738",2186.3086541923
"P41740",2283.43679447067
"P41742",2283.43679447067
"P41744",2253.52406441065
"P41752",2410.28336232455
"P41754",2231.46061812225
"P41755",3610.59542409906
"P41757",2181.5128349183
"P41759",2181.5128349183
"P41760",4584.61031539112
"P41761",3207.25114105169
"P41762",2186.3086541923
"P41765",2271.07128097059
"P41767",3818.53489786589
"P41770",3818.53489786589
"P41771",2253.52406441065
"P41796",2158.28109836528
"P41797",2224.63522928556
"P41798",2224.63522928556
"P41799",2158.28109836528
"P41800",2158.28109836528
"P41801",2174.84015338545
"P41803",2193.75131545715
"P41804",2079.68492766053
"P41805",2165.01293941319
"P41811",4584.61031539112
"P41814",2192.4483952373
"P41815",3608.28518097691
"P41817",2339.42219881974
"P41818",2106.03958989639
"P41819",2221.5507813165
"P41821",2106.03958989639
"P41822",2192.4483952373
"P41823",2221.5507813165
"P41827",2221.5507813165
"P41828",4951.78799542242
"P41839",2435.10843798143
"P41841",2435.10843798143
"P41844",2543.28461222372
"P41855",2538.27670939706
"P41857",2474.29911862326
"P41858",2454.06787807987
"P41861",2454.06787807987
"P41863",2454.06787807987
"P41874",2434.33197592413
"P41877",3609.89995493101
"P41889",2369.05602299178
"P41891",2369.05602299178
"P41892",2369.05602299178
"P41895",2411.05215691139
"P41900",2588.44635821303
"P41901",2343.87401785076
"P41928",2062.36837699757
"P41931",2062.36837699757
"P41934",2416.49134412076
"P41936",2441.88745178047
"P41938",2441.88745178047
"P41948",2510.33406885659
"P41952",2510.33406885659
"P41954",2434.33197592413
"P41959",3118.48279985361
"P41961",3118.48279985361
"P41962",2416.49134412076
"P41974",2434.33197592413
"P42054",1986.90596428346
"P42061",1875.8912664653
"P42064",1875.8912664653
"P42102",6172.24785627641
"P42120",14988.2345771671
"P42129",10661.9314801925
"P42190",9621.2224192919
"P42296",2487.01763244175
"P42297",4470.3434843384
"P42298",94977.1019729103
"P42299",2514.7701044953
"P42301",98046.9383437043
"P42302",2332.91424995792
"P42303",2514.7701044953
"P42304",2514.7701044953
"P42305",2514.7701044953
"P42315",2812.81172604152
"P42318",2812.81172604152
"P42323",2941.70020666738
"P42324",3067.62295847926
"P42325",2883.11484313655
"P42326",2883.11484313655
"P42334",3555.6030786477
"P42336",3966.11475504533
"P42339",3555.6030786477
"P42343",2602.30501626978
"P42345",2734.54358439791
"P42347",2594.71286935894
"P42353",2527.57552413966
"P42382",4747.92696168683
"P42385",3133.26405724846
"P42395",2384.12537294092
"P42396",2384.12537294092
"P42486",2257.55786553297
"P42571",2324.84163758195
"P42688",20129.4984856312
"P42745",1978.63043666494
"P42797",2959.14563533364
"P42818",2104.67856159448
"P42820",2339.60861529095
"P42821",2492.67137513707
"P42826",1997.32401767214
"P42827",2104.67856159448
"P42838",2270.20610757326
"P42846",2090.28615364877
"P42848",2661.9717512502
"P42850",2321.30229202044
"P42851",3259.49905551295
"P42854",2083.6236404018
"P42856",2015.04349100404
"P43126",91440.7558147536
"P43212",77787.310413075
"P43476",38905.4352812456
"P43491",38905.4352812456
"P43495",36309.8132795733
"P43546",2463.24466937905
"P43627",67755.7200470551
"P43846",3593.15719716714
"P43866",3500.36324127159
"P43933",116900.352080326
"P43962",2583.68256623573
"P43987",2551.18769874809
