"pipe_id","predicted_cost"
"P01002",10079.4406681933
"P01054",6909.97283114851
"P01066",9330.69821758678
"P01078",87920.4176286446
"P01112",7566.55933341197
"P01140",106103.035111978
"P01148",7071.0581380665
"P01161",13380.5106261185
"P01166",289730.853215587
"P01238",7794.3856211724
"P01317",63381.9478096335
"P01350",65869.8938876547
"P01380",222209.26287243
"P01452",9820.40836185468
"P01571",8218.04690322059
"P01689",231559.406252128
"P01720",73257.365014985
"P01767",10956.179705423
"P01803",8487.57491952763
"P01805",87582.2973380212
"P01813",77876.8103744074
"P01815",8457.77159880779
"P01836",8352.29597885054
"P01838",11158.6230906592
"P01846",7934.68177871511
"P01922",69542.8640640544
"P01959",7352.49448738516
"P01978",71922.4462702814
"P01986",120779.387561973
"P02000",321980.265827506
"P02031",8626.045467211
"P02032",14408.1902374275
"P02062",7635.17042238524
"P02085",10130.4945036617
"P02099",7935.0891910587
"P02155",7818.36397083895
"P02191",334497.446230299
"P02227",92584.4754937563
"P02245",1130.67730132924
"P02246",1442.25706286189
"P02316",58294.7999721022
"P02318",10191.0264523972
"P02364",13074.0102476346
"P02365",9625.29766828843
"P02410",8577.00061106356
"P02412",70813.7257003457
"P02432",7124.62138855259
"P02545",71122.8779606455
"P02600",95341.2948236716
"P02649",73362.5256750926
"P02663",12464.746289851
"P02665",8209.64088643128
"P02666",7557.05713942791
"P02667",10925.5884042293
"P02670",7165.88560208729
"P02674",8113.47529279915
"P02707",9379.21566771955
"P02708",8663.88803606519
"P02717",7264.14029454192
"P02728",66342.9673338076
"P02764",7621.04414281364
"P02864",9292.52075523043
"P02878",95093.1156721325
"P02908",5900.56346494232
"P02912",9908.59328489059
"P02914",7714.43429540124
"P03008",86754.9682505175
"P03057",6589.4630171885
"P03076",7653.08966296856
"P03259",94720.6382389534
"P03314",10955.4502273457
"P03349",84292.7107636749
"P03371",9741.15074708485
"P03387",12714.783781484
"P03388",11542.0215748113
"P03402",319868.732902766
"P03412",13837.3018510506
"P03485",391676.688449672
"P03490",11011.093217736
"P03493",7369.31173259737
"P03591",86443.0362006122
"P03655",8960.09380100213
"P03702",12018.4484279626
"P03704",12021.4496363144
"P03791",70139.9735035597
"P03798",71036.6984366135
"P03881",85251.1806808975
"P03884",85968.6424881382
"P03917",294325.47994583
"P03986",9977.34091688053
"P03988",9081.25703956457
"P04074",73344.2718292686
"P04076",84851.5061578508
"P04147",311968.853132143
"P04152",92935.802471004
"P04184",8307.46104127098
"P04186",8270.1197133799
"P04221",81438.2841068353
"P04224",10737.9495831367
"P04249",7479.13829867439
"P04262",9020.7184774381
"P04289",92923.8617030338
"P04293",104380.583639458
"P04305",8940.61843184637
"P04306",8928.10316948689
"P04308",7647.9929338668
"P04311",101071.36302961
"P04416",79275.9601992322
"P04417",79289.9643780859
"P04467",83877.8200963891
"P04495",100476.657524447
"P04496",11680.1279797054
"P04521",11043.9998791521
"P04535",7475.42055412012
"P04581",10381.2881413693
"P04600",9463.90716396907
"P04698",6795.88485463171
"P04701",6809.63957639088
"P04707",7409.62026298127
"P04752",75443.6370227497
"P04754",75686.7677587121
"P04801",9147.63670046842
"P04860",7825.07857160992
"P04861",7893.1621867209
"P04862",7846.83646515144
"P04865",7849.5894165683
"P04868",100255.373164863
"P04869",100174.864525755
"P04986",9748.72201229901
"P05007",1470.30524556157
"P05036",9514.90043178207
"P05040",243548.491160876
"P05042",340757.609816209
"P05043",72179.5466282615
"P05047",6482.33326551418
"P05055",11487.0951884355
"P05060",8304.2389590616
"P05103",9415.73370193549
"P05106",9460.9514281261
"P05128",96387.1321191582
"P05134",8169.59421422334
"P05139",10911.5324830617
"P05140",97482.6724017548
"P05163",309579.051596934
"P05168",256977.453272189
"P05229",9437.62413933795
"P05323",79519.6900318094
"P05402",7559.30676344492
"P05432",73295.4815267413
"P05435",7312.07199566001
"P05447",8660.09168312606
"P05448",8653.06911443755
"P05458",8268.94801857463
"P05476",7228.24734222836
"P05486",8371.5017521343
"P05504",10415.2805297796
"P05551",9494.56078245983
"P05560",73123.8638575086
"P05575",85069.296488575
"P05576",85067.9021132559
"P05594",7388.09698685348
"P05608",8414.65001279261
"P05758",80287.3011711792
"P05769",82258.7382930716
"P05800",10968.7836272667
"P05828",7700.69207532726
"P05834",14741.645075548
"P05924",283141.853396886
"P05925",285368.059454147
"P05970",88218.3147758707
"P05978",7332.93567347884
"P06017",71849.8115676924
"P06030",84123.9127537995
"P06072",93814.8245418711
"P06077",12119.4939249288
"P06124",83842.2129793602
"P06182",9576.63057232129
"P06184",9626.54546540037
"P06189",9662.82813089465
"P06193",10098.3442267521
"P06200",73444.8540072515
"P06235",12495.1129011123
"P06245",70794.4163636282
"P06287",9339.25996476501
"P06292",332495.827633443
"P06302",303705.433298377
"P06312",7776.71006372969
"P06314",232607.07499623
"P06315",10339.0323047791
"P06331",9421.57556005575
"P06370",8160.30977267723
"P06425",7597.63970725057
"P06437",8711.41313824493
"P06454",7662.8366485325
"P06764",7307.3079874019
"P06802",9701.40116426808
"P07084",5899.00425044149
"P07090",6099.23182650694
"P07131",5461.76583099908
"P07177",8137.24027342601
"P07302",58084.6180645597
"P07333",60697.3053823239
"P07468",5884.28087436942
"P07632",6672.46967872628
"P07949",8311.880480671
"P08016",60897.1063963746
"P08140",7107.51214700891
"P08142",6872.04815409943
"P08275",6013.98708583336
"P08337",77156.6517776888
"P08398",7602.71008463096
"P08496",6095.62330975625
"P08497",175965.125236694
"P08525",8439.29750784269
"P08540",8789.52715172967
"P08551",8922.81833352164
"P08940",9265.3242887509
"P08942",295705.774923542
"P09041",6516.07979210835
"P09042",6651.89310884077
"P09096",6598.02955347637
"P09568",7374.46157835247
"P09724",4983.67777041339
"P09725",4956.44057433418
"P09897",7958.38723880247
"P09898",6255.78403659965
"P09900",6355.71007374877
"P09901",6499.62288820758
"P09902",7358.59920141117
"P09904",7171.24616108804
"P09922",6572.81478640662
"P09924",6745.0305262238
"P09925",6805.43247719782
"P09929",6576.36122416243
"P09932",8616.66323945251
"P09939",6824.42956235035
"P09941",6816.37679854805
"P09942",6811.87418625316
"P09943",6848.47830522156
"P10039",6727.73394192472
"P10058",5095.57473806737
"P10059",5423.607807044
"P10064",5371.89760564169
"P10077",51808.9471318062
"P10219",58765.8878552241
"P10438",5888.63032320695
"P10451",5272.11649709821
"P10490",52903.8872090954
"P10724",52586.4195413483
"P10787",6509.84224877695
"P10815",5850.62289316248
"P10818",6047.98873833707
"P10819",6040.12829139921
"P10820",6053.29835871477
"P10822",6044.64343107875
"P10823",6059.64604852206
"P10828",6073.19101275043
"P10829",5988.32405620246
"P10830",7754.40218305273
"P10831",6594.16370571359
"P10833",6052.24360757966
"P10843",53445.0814738916
"P10868",6974.27972611444
"P10977",7452.8498745169
"P10979",215476.692022342
"P10980",212964.24659486
"P11003",7228.08384798285
"P11218",50275.1053186791
"P11352",8064.47885603055
"P11353",6085.02775982969
"P11401",52068.0039497533
"P11418",5678.85788067211
"P11581",58517.0756777199
"P11624",5561.04876556512
"P11634",5933.75081894741
"P11647",5793.770569776
"P11694",193259.275475131
"P11769",5370.34206911163
"P11775",6574.84417357869
"P11818",6796.114283521
"P11819",6848.28388857191
"P11822",6822.1890670736
"P11823",6547.34280680538
"P11838",5429.12419887899
"P11900",8716.07350724398
"P11902",8622.36075675534
"P11948",5142.53423429863
"P12004",5093.08839955418
"P12005",5166.57633737482
"P12011",5574.80173449409
"P12012",5436.35330479626
"P12013",53335.5828866052
"P12025",5534.85741471385
"P12041",179640.609726758
"P12045",5817.3814871133
"P12134",5442.82487471081
"P12139",50407.0319470053
"P12142",52110.0651378975
"P12144",217311.209941753
"P12147",53130.8412584869
"P12249",6202.84723421594
"P12253",5974.9759066931
"P12254",5995.77529162172
"P12256",7777.03055938018
"P12257",5802.41153547731
"P12262",6091.04486024438
"P12266",5828.19747405912
"P12300",6108.25023125141
"P12302",6023.29231063763
"P12320",6027.12826836424
"P12340",5809.13778859272
"P12347",6045.79325689436
"P12349",6039.27510735081
"P12367",6131.79321131072
"P12368",5990.83281037733
"P12374",7575.18842879584
"P12403",6245.31824196867
"P12404",5992.17657245875
"P12405",5983.19041159669
"P12556",6125.79520760404
"P12654",51185.1687376445
"P12656",57180.8157398124
"P12675",5173.08864239477
"P12680",53803.8748691994
"P12681",51252.5893017925
"P12692",53462.8846122867
"P12988",4920.9341479614
"P13007",49288.9902292449
"P13008",49390.0881626613
"P13049",4663.27145967827
"P13296",4827.51815401999
"P13439",5252.61676022785
"P13498",4989.08755603442
"P13507",55290.3979513513
"P13509",55629.1184050584
"P13511",7189.98142208755
"P13512",52416.7666328938
"P13513",5899.23466119134
"P13514",5332.60430145879
"P13518",5189.80998221216
"P13521",58570.8402552086
"P13532",48862.6795622046
"P13533",52812.7178779922
"P13536",49165.7170136981
"P13547",5530.28151475862
"P13550",5502.71041906337
"P13551",5514.69534608488
"P13613",6427.54281293127
"P13706",167471.851776943
"P13709",51855.4078878975
"P13743",4968.63770431322
"P13775",4869.2776928978
"P13783",57560.5690060727
"P13786",5370.98769269472
"P13787",5473.9069729794
"P13788",5372.60268967431
"P13789",6141.7301547404
"P13790",6173.98888765343
"P13839",4323.99806463368
"P13855",50566.8177308123
"P13858",50350.57819226
"P13881",5353.37601955601
"P13911",6454.52361133583
"P13912",6719.0337050933
"P13913",6898.94314472878
"P13914",6889.27195442729
"P13919",6706.7705280923
"P13946",6008.74319505189
"P13947",5822.65740279526
"P13949",5909.00296805621
"P13951",5820.42836687504
"P13953",7008.28097403739
"P13955",5801.17664089521
"P13966",5250.38913196686
"P13967",5364.72337230104
"P14005",5358.43524306269
"P14006",52369.8741625554
"P14057",7205.19582459824
"P14074",6440.20087531156
"P14075",6378.51200728
"P14076",6404.99728631567
"P14078",6840.88411145043
"P14081",6354.16951462174
"P14124",5242.60092271218
"P14125",5139.58550736244
"P14126",5700.28798625027
"P14143",6119.39458971054
"P14183",5992.90267565884
"P14184",6302.72800772741
"P14292",5229.1476925319
"P14336",5180.31443122998
"P14337",5761.9522834458
"P14355",5478.06721912769
"P14362",6316.5753490063
"P14363",6473.58911734033
"P14369",6456.60569719553
"P14372",6930.64499593819
"P14376",6616.82709063768
"P14377",6589.17238698827
"P14378",6533.47777495932
"P14390",6380.06854846045
"P14391",6832.38512839438
"P14394",6356.19939982407
"P14395",7960.5392045609
"P14415",6546.52802672282
"P14417",7255.33197837987
"P14418",7955.8871260331
"P14420",8768.71168713634
"P14443",6076.56736788874
"P14480",7582.48972819845
"P14486",6838.78909225294
"P14489",6790.71162601097
"P14525",7016.25946557529
"P14601",6151.62021154915
"P14611",7636.30021903286
"P14613",6370.52923797299
"P14618",6423.73045844302
"P14636",6293.10217708414
"P14675",6219.74670432809
"P14677",6379.68120669958
"P14680",5807.64866872012
"P14681",5735.2563771744
"P14686",5820.81515790223
"P14687",6083.23773984835
"P14740",6402.33983491547
"P14741",6869.92410281169
"P14778",6531.49254804905
"P14779",7686.55960401405
"P14789",5865.47618545894
"P14817",6490.01433078466
"P14847",6697.900190344
"P14848",6866.14882203184
"P14858",7354.44418869527
"P14859",6814.7274790657
"P14866",6754.82196224293
"P14868",7230.30085574182
"P14869",7824.12450846259
"P14870",6845.99462532604
"P14872",6813.1928649135
"P14873",6822.83814253227
"P14895",6687.39387802319
"P14900",6689.02442844058
"P14903",6829.9671278175
"P14905",7350.03408939487
"P14907",6683.11108715168
"P14908",6964.95331466248
"P14909",7350.76074317612
"P14910",6823.110137259
"P14912",6773.21594351058
"P14914",7458.4834248018
"P14915",6749.31720988419
"P14917",6530.38141169795
"P14919",6825.49338273866
"P14954",6443.75375386039
"P14993",7100.23584626231
"P15013",238236.354355829
"P15016",6453.55493653633
"P15024",7375.70050520312
"P15044",6370.80643233052
"P15079",54421.1350044139
"P15187",6447.54150956529
"P15242",49962.1079561842
"P15245",49609.7287292638
"P15257",51672.5888705106
"P15447",4817.62616141727
"P15457",5643.18819801253
"P15464",56200.6397492455
"P15465",55911.3033739271
"P15467",5693.11802081509
"P15468",6332.38734238747
"P15469",6569.0838363631
"P15470",5926.10714070537
"P15471",56186.3770116947
"P15481",6870.37202057533
"P15482",6283.6264915214
"P15484",5781.27558718879
"P15485",6544.57487388985
"P15489",5743.89741181061
"P15490",5610.17757441147
"P15491",5810.02644380373
"P15492",6769.88048391852
"P15501",4953.20638641343
"P15513",7625.63302665979
"P15514",6223.58164466607
"P15515",8461.81013754457
"P15516",6007.20803427251
"P15517",6506.46092651694
"P15518",6188.93990228438
"P15524",6186.59725412668
"P15526",6816.36861929642
"P15528",6185.34275669889
"P15530",6430.80121421399
"P15531",6533.0700821608
"P15535",6234.07160623022
"P15540",6788.13198237844
"P15664",3856.86036059232
"P15730",5478.42295460469
"P15804",5373.69689686853
"P15810",5389.163702673
"P15834",6520.93835957259
"P15835",6646.62707971351
"P15837",7287.98463083978
"P15838",6446.95626779257
"P15839",7766.4647872569
"P15840",6534.59309407427
"P15848",5106.30755432218
"P15885",51293.1579799731
"P15943",5805.19560006719
"P15944",56623.7852623838
"P15945",5734.54889275414
"P15979",6869.8107391747
"P16166",6862.79373193381
"P16237",5627.05078590559
"P16238",5595.67206772642
"P16240",5593.74613463206
"P16241",5633.00393758964
"P16246",6258.591203904
"P16248",6133.98122267399
"P16250",5877.97028927265
"P16264",6100.42022944194
"P16278",5124.34153789665
"P16300",5818.1141159843
"P16311",5418.85081900504
"P16316",5154.57931989883
"P16363",6341.36184567109
"P16398",4771.40642178227
"P16399",5542.42973895675
"P16424",4837.79012329178
"P16426",5080.35571854956
"P16433",5245.24107641884
"P16541",6510.32543963042
"P16557",6898.46477976354
"P16692",5420.14662753379
"P16823",6364.92818934819
"P16824",7432.13724090561
"P16826",6724.92689921546
"P16840",5614.49418457911
"P16895",61691.4380684307
"P16924",50127.4360951085
"P17055",49555.5783192056
"P17060",49686.799442953
"P17123",6028.84359908612
"P17168",50014.6008424652
"P17169",52090.5743268387
"P17172",50720.1858383298
"P17183",6740.43565531712
"P17238",50091.6016131512
"P17498",6324.11321273327
"P17552",5104.2954702672
"P17600",5746.67107158809
"P17675",53246.4599455416
"P17678",51337.8706563606
"P17693",6777.17989947615
"P17694",6830.24442058043
"P17729",5320.08019462445
"P17749",5139.1280714337
"P17753",5353.95715076801
"P17761",6291.91501242656
"P17812",5668.89233896856
"P17874",6317.92818483269
"P17880",6277.2029487306
"P17889",6723.38233618183
"P17931",6810.58505501385
"P17932",7344.35768686402
"P17935",8040.79398567718
"P17936",6510.42021320379
"P17938",7997.49065208056
"P17939",6596.07751715536
"P17940",7144.14527170346
"P17941",6490.32310716643
"P17942",6805.72192996867
"P17943",6726.86891962952
"P17944",7922.42675642439
"P17945",7229.72250125171
"P17946",6780.7503411223
"P17948",6676.97988941334
"P17950",7142.83041440807
"P17952",6814.3660020127
"P17953",6921.68268234766
"P17954",7434.44502435049
"P18057",5811.18656815644
"P18305",7705.59999950393
"P18351",6617.71756650526
"P18376",4542.96324470466
"P18377",4655.46323462899
"P18378",4694.40306724187
"P18414",6180.29049721393
"P18415",6888.22990563716
"P18454",5569.91931159319
"P18455",5705.9111381282
"P18456",5708.4753655041
"P18457",5559.1219211405
"P18595",4591.48017966086
"P18657",6314.53766667835
"P18658",6327.20685688318
"P18659",6808.76614583371
"P18662",6500.36538615714
"P18691",5439.79486224959
"P18711",5718.49581687298
"P18779",5325.2386773766
"P18798",49795.0946275804
"P18807",5334.17920363454
"P18816",6187.36149331022
"P18818",6211.20830658963
"P18822",6128.10954504324
"P18842",49588.9116620025
"P18843",49875.4084313136
"P18868",6798.61151254939
"P18896",5702.49867105885
"P18929",49285.6844744832
"P18934",49415.3795521849
"P18939",47655.8104806678
"P18944",6503.16249097136
"P18945",6434.64672860183
"P18946",6512.31772901424
"P18950",6480.10309269317
"P18986",48596.0785835756
"P18988",48555.4753877592
"P18990",50990.4910900885
"P18991",48630.7486785559
"P18992",49110.5286038549
"P18993",48642.0718180736
"P19024",4974.69620057366
"P19026",4772.98619294049
"P19102",6586.77522807432
"P19103",6574.38061157575
"P19104",6455.584597527
"P19106",4596.70976897658
"P19129",4863.18477710899
"P19133",4667.30984121951
"P19165",7818.19177702766
"P19167",6366.72178125218
"P19177",6330.63739935596
"P19178",6488.66987071324
"P19180",6129.19012914425
"P19181",6229.41301153302
"P19183",6146.68154894699
"P19184",6259.12103604447
"P19189",6239.17291958348
"P19191",6288.91335245972
"P19192",6284.62319540254
"P19300",48674.5275347689
"P19306",48731.4270993017
"P19309",52214.7534607092
"P19316",54558.6972255203
"P19321",4811.1963746354
"P19322",50015.0599782956
"P19323",47746.7362136526
"P19325",50151.655374407
"P19333",54200.4454043053
"P19338",48710.570195566
"P19340",53205.3410967136
"P19341",50959.9774870198
"P19349",49176.1595826933
"P19350",47927.9283189985
"P19352",54761.4943725156
"P19353",53885.0873374291
"P19355",49168.4001937768
"P19361",59840.3497592578
"P19364",50921.0374289354
"P19423",5858.81500189239
"P19445",4994.4367289588
"P19468",5127.51339100758
"P19494",5171.73143664254
"P19499",5294.44801998824
"P19515",6117.31976554191
"P20039",6462.63341654988
"P20108",6083.92699893478
"P20112",6275.60207092832
"P20116",6268.77421409597
"P20161",5974.23756830801
"P20162",6281.8782167663
"P20163",6761.4588625503
"P20165",5989.83217257198
"P20169",6419.99735318268
"P20170",6168.46848250318
"P20178",6160.90555802043
"P20179",6565.19151781804
"P20199",6146.03823272828
"P20205",6269.42321128011
"P20275",6310.76962651177
"P20276",6385.81481280771
"P20281",11369.5297435026
"P20284",6590.06204267203
"P20285",6609.21434908605
"P20287",6673.55443827502
"P20293",7090.01380440118
"P20295",6614.40394468126
"P20296",7524.90752502892
"P20298",6456.12196488357
"P20300",6613.16051934527
"P20301",7042.00755626853
"P20302",7446.46375178286
"P20303",6783.89611032963
"P20304",6431.29948003311
"P20305",6616.30563076488
"P20319",7131.04500986265
"P20320",6666.5026603479
"P20321",6411.45440782876
"P20323",6608.13534032828
"P20324",6586.46534314748
"P20326",6608.39071594826
"P20327",6871.76212419455
"P20328",6773.06291383114
"P20329",6709.45408074642
"P20332",7091.13041886067
"P20333",7137.07435341012
"P20335",6948.0414464431
"P20337",6506.29665229423
"P20338",6504.96405306762
"P20339",6529.63555653707
"P20340",6914.90714317169
"P20341",6949.12095730269
"P20342",6714.39633899858
"P20343",6564.84317969785
"P20344",6957.97853493685
"P20345",6889.22571893715
"P20347",6901.64475660704
"P20422",4949.50105630028
"P20444",5316.38249331924
"P20534",6117.66429107269
"P20535",6115.75102871115
"P20536",6443.4157450599
"P20545",6675.3496577439
"P20549",7252.51591880833
"P20571",6693.74704821536
"P20572",6725.46470001902
"P20574",6409.72423607698
"P20577",6931.9460390251
"P20578",6913.77626392774
"P20580",7146.61942164374
"P20582",6858.8288771205
"P20584",6866.11733486332
"P20585",8406.13032959768
"P20589",6026.75920013939
"P20590",6069.7228290321
"P20592",6306.12988371879
"P20610",3925.5154657498
"P20625",6060.33810337015
"P20626",5931.06479017514
"P20657",48587.5046805317
"P20658",50504.961614011
"P20699",5836.8521867177
"P20700",7242.87597900417
"P20701",5603.31308355101
"P20702",5630.90661799484
"P20704",5532.66678339819
"P20706",5902.2425169239
"P20707",5547.94498811221
"P20709",5840.22826841912
"P20711",5710.50085641695
"P20712",5426.94559971433
"P20713",5683.11158055942
"P20714",5752.80462404491
"P20715",6099.33082785728
"P20716",5549.71600676855
"P20717",5679.27796772509
"P20722",5692.21251917537
"P20723",5766.35050431811
"P20791",49694.9821021285
"P20807",5943.4530707943
"P20808",5894.73800942308
"P20839",203641.804636365
"P20841",218475.333371513
"P20862",7782.95278972584
"P20892",5657.64794486937
"P20897",6002.04175440661
"P20898",7058.5962043499
"P20899",6634.95129683431
"P20917",190762.540954471
"P20925",5100.03198668417
"P20945",5307.18462189435
"P20959",5855.2899464847
"P20960",5955.26794280269
"P20961",6081.79979902342
"P20962",201467.006200255
"P20966",195971.301532049
"P20967",211643.496545596
"P20969",6074.61132425777
"P21039",5996.27734332384
"P21040",6042.98282651144
"P21041",6067.51213953019
"P21044",5984.19067438604
"P21046",6009.96321846499
"P21047",6020.59399488305
"P21142",6618.2233314438
"P21143",6726.78513735954
"P21181",7037.74368885171
"P21195",6122.85260032807
"P21313",6962.53701747432
"P21314",6962.23281491994
"P21315",6961.57523932435
"P21329",7251.89811818772
"P21372",180265.412112185
"P21376",5483.3249352462
"P21449",6783.48924313272
"P21450",6302.24709343289
"P21453",6294.60411777429
"P21454",6268.92839357033
"P21455",6786.61001841446
"P21456",6276.38656572376
"P21460",6651.61838046584
"P21462",6186.32864240474
"P21463",202422.953580503
"P21465",203092.02192946
"P21467",6193.73456615507
"P21469",6188.76738391535
"P21472",5651.30524681921
"P21501",183801.297426015
"P21513",186264.370883128
"P21550",7202.90961570594
"P21551",7146.8101493052
"P21556",8188.14875921124
"P21583",57693.7229324536
"P21584",5840.47466207784
"P21586",5849.77756458287
"P21587",6438.01781081111
"P21612",8039.91752214299
"P21623",6964.93741046472
"P21625",6939.31257687922
"P21626",6087.43496896748
"P21630",5840.74810689292
"P21632",5856.85883773106
"P21636",5473.20098993441
"P21637",5957.7147432621
"P21638",5957.68846426019
"P21639",5959.3508356402
"P21648",5101.53673237846
"P21691",6197.14270403273
"P21692",6205.14835439297
"P21694",6232.97149093177
"P21696",6824.82070389379
"P21697",6215.27542887123
"P21708",5118.92301739923
"P21711",5118.66981917197
"P21713",168216.100728984
"P21728",7202.61640363904
"P21729",8243.96754689516
"P21732",8229.04874620137
"P21735",7479.0456001864
"P21736",7469.83176712405
"P21737",7470.32902755642
"P21742",6923.81921035155
"P21750",7593.43590225155
"P21759",6525.04980242057
"P21760",6532.98732624992
"P21762",6513.49411675419
"P21763",6520.96245007796
"P21765",6516.74734588605
"P21767",6365.88881601478
"P21768",6361.96246088647
"P21807",50263.4554681151
"P21808",50437.9700327649
"P21814",50391.0843590267
"P21816",5555.90034485861
"P21817",5098.17794889491
"P21819",5112.41797975686
"P21822",5100.8461503651
"P21825",5093.4025130273
"P21827",5096.50315499241
"P21828",5100.62426397477
"P21829",5094.1078352365
"P21831",5111.17175854699
"P21833",5096.17711643447
"P21869",5129.37999774964
"P21886",5412.45956689981
"P21938",6846.81596374458
"P21940",6958.33592088102
"P21942",6957.54452301689
"P21944",6976.27016466554
"P21946",7264.47313491067
"P21947",7288.0158701961
"P21950",6956.32765163518
"P21952",6951.89504322135
"P21966",7011.49478461411
"P21967",6636.33265446547
"P21970",6860.65493689703
"P21971",7051.40461703553
"P21973",7033.30928811245
"P21977",6917.11657187048
"P21983",6900.98905243856
"P21984",6893.21430268582
"P21985",7398.60439477526
"P21986",7410.48914219818
"P22017",6620.17780723492
"P22032",6525.97902675889
"P22036",6521.7886582988
"P22052",6307.51039812209
"P22053",6286.24860588657
"P22077",6328.28429075902
"P22082",6480.02642403931
"P22083",6727.41710436423
"P22084",7711.57015011614
"P22086",6719.22770821356
"P22087",6724.48399424763
"P22362",6793.70214995881
"P22365",6789.70065715454
"P22366",6792.01976881017
"P22465",7191.97133488376
"P22474",6850.23844807754
"P22476",6850.57232222806
"P22701",5161.10781808769
"P22738",5962.31925398247
"P22827",170791.852166496
"P22894",52108.2523458542
"P22895",51917.9962679598
"P22908",5243.1922695749
"P22910",5236.78092187534
"P22912",172211.304343635
"P22914",171870.28924056
"P22916",50539.6343286721
"P22917",50814.3911181388
"P22918",50924.774924345
"P22919",54789.323259037
"P22920",51595.9486207912
"P22922",53001.7381837563
"P22926",51612.7209245387
"P22972",5344.45477387074
"P22981",4871.40862534517
"P22998",6898.90155469262
"P22999",6897.66939737783
"P23000",6889.5927361889
"P23002",8051.91847839674
"P23003",6897.22888872661
"P23007",5846.76489905298
"P23042",6722.04071113892
"P23044",6729.32349248048
"P23047",6694.95042832561
"P23064",6233.41280039094
"P23091",5873.1541091932
"P23121",5226.70368124439
"P23149",50272.9591805125
"P23201",5251.49772643286
"P23206",49734.8717703972
"P23212",55820.1605769367
"P23220",49944.4066623083
"P23259",6421.90458072964
"P23274",49744.5074631206
"P23314",6514.97781843799
"P23319",245378.904915544
"P23320",213829.59540001
"P23321",239861.936468237
"P23322",213569.745450875
"P23323",213822.972394051
"P23324",244140.343819254
"P23460",7385.9150538953
"P23619",6385.8646307742
"P23620",6396.3659813686
"P23621",6881.92126874249
"P23623",6389.97290390812
"P23625",6391.93659644688
"P23626",5786.55850599863
"P23627",6208.5952439802
"P23628",5790.67167104169
"P23630",5782.90776058786
"P23631",5780.57426573641
"P23634",6922.65359491695
"P23635",5790.6411750834
"P23638",6968.73825862071
"P23639",6407.86593027631
"P23641",6990.16214704519
"P23737",7772.70810708374
"P23779",7943.80891217045
"P23895",7312.78316282301
"P23933",6022.46487147518
"P23952",4938.21034017966
"P24047",5606.50995376126
"P24070",5225.42419333843
"P24080",167091.967885798
"P24082",5068.58008689374
"P24128",4770.6137559391
"P24161",6923.97572126636
"P24162",7070.63322187516
"P24163",8180.90832047203
"P24164",7249.22066610728
"P24166",7088.17490795045
"P24169",7199.18397030227
"P24171",7493.30974914368
"P24229",7184.82494295251
"P24253",7043.30976585936
"P24266",8420.09166531456
"P24272",6799.27789941289
"P24317",6109.39026831339
"P24339",5763.23802348652
"P24341",6087.14693020569
"P24346",5499.80964172115
"P24382",5181.43852155043
"P24419",5544.24435625155
"P24429",6193.31956965199
"P24433",6175.63784451849
"P24473",5483.81221843794
"P24481",180485.933932566
"P24515",5315.65106450795
"P24601",5837.77952980541
"P24606",6454.98966619982
"P24609",5940.32054015355
"P24709",5464.9314730546
"P24805",7054.53360625488
"P24830",7511.10431359589
"P24963",5123.43959625238
"P24967",56408.1382648008
"P24968",50610.9550164009
"P24973",5980.58800149054
"P24975",5945.46974872865
"P25021",5019.1589146603
"P25058",4997.9196576764
"P25280",64208.1586302198
"P25281",54852.6451219809
"P25332",6810.82667601376
"P25334",6948.49745952571
"P25350",52760.4670239904
"P25472",6235.02743713128
"P25481",6419.05001735439
"P25579",51403.3746584761
"P25581",51469.4026666575
"P25606",5522.95701344474
"P25668",4858.91355157661
"P25877",5392.62107130428
"P25878",53291.1333519838
"P25941",5520.60156203148
"P25944",6703.60510841233
"P25946",58772.4787136389
"P25983",6564.30116197155
"P26003",6540.45921741741
"P26006",6547.9442224346
"P26008",6540.2560196803
"P26009",6883.56275170601
"P26010",6430.22905588323
"P26011",6450.86403866391
"P26012",6458.40734699776
"P26013",6429.77800845042
"P26014",6437.05092390755
"P26015",6440.17468844984
"P26016",6433.67109731967
"P26017",6452.49722325416
"P26019",6451.13548127322
"P26020",6456.26501663616
"P26021",6461.93609525209
"P26023",6458.47100844941
"P26024",6330.56450642074
"P26026",7074.70513786434
"P26028",7055.25914636476
"P26029",7055.61793768946
"P26030",7083.94435369191
"P26031",6401.36368286664
"P26179",7150.324899837
"P26250",5565.18049521484
"P26257",5493.31102198259
"P26271",5292.05106084865
"P26293",5393.08594784456
"P26335",6820.12806652979
"P26468",5019.31520899406
"P26472",4908.05290420697
"P26517",6606.40750717845
"P26525",7315.12796134743
"P26542",5714.93524199621
"P26686",6836.70416459052
"P26748",6033.94176488986
"P26749",6058.31490819564
"P26750",6647.94201070153
"P26751",6047.92282549796
"P26753",6030.350840337
"P26755",6040.90254004035
"P26756",6043.61137139561
"P26757",6028.713360163
"P26773",5908.92439950863
"P26802",5060.0818471345
"P26819",6132.74253731319
"P26820",6119.14407853725
"P26821",5562.92819094397
"P26822",5558.78112992938
"P26845",5260.11525457497
"P26846",5288.04378122432
"P26919",5568.24807739434
"P26936",6102.42007730241
"P26953",5737.83179176758
"P26961",5496.92085968839
"P26963",5412.41453790136
"P26974",6088.4086937265
"P27043",5380.21759484465
"P27057",5386.01044346261
"P27066",5494.84000465209
"P27072",5487.64618925581
"P27074",5445.92807690388
"P27127",6227.24775677795
"P27182",6486.5601839395
"P27194",7335.36432307329
"P27198",6374.67455105445
"P27209",6234.28436541226
"P27217",5561.60019702713
"P27222",5579.79586232708
"P27255",7272.77654643363
"P27256",7270.65299719902
"P27284",7271.63052474419
"P27445",6943.63737617096
"P27631",60866.9965380771
"P27632",6190.7543281169
"P27633",6179.71491550908
"P27634",6181.89945872223
"P27635",61082.2756459288
"P27636",69264.460583106
"P27637",6180.2208521706
"P27639",203143.723420142
"P27651",5714.00610578402
"P27657",5238.08241842582
"P27658",5211.82491132528
"P27660",5231.19393747528
"P27661",5236.79191745821
"P27791",5352.0732322775
"P27806",5570.89600513858
"P27811",6344.00431966354
"P27816",6868.66369065934
"P27819",6888.8224659652
"P27820",6904.32496290416
"P27821",6897.36537432702
"P27823",7731.36590732832
"P27829",6864.98175209753
"P27833",6885.47417156886
"P27834",6896.13236143409
"P27835",7393.84712487216
"P27836",6892.35948421755
"P27838",6906.26776350761
"P27867",5649.85499101585
"P27891",5485.54258098194
"P27892",5379.95278070448
"P27930",5477.64193485981
"P28007",5918.59887799276
"P28019",5459.31643672872
"P28029",5446.60518392711
"P28050",5278.29193866223
"P28062",5296.70254351655
"P28100",5347.17122702013
"P28113",4899.76611323256
"P28205",6261.95040454359
"P28206",6251.81559014138
"P28222",6607.1345458772
"P28476",6589.67467834945
"P28478",6886.86444865374
"P28484",6581.50498528395
"P28485",6685.41789956638
"P28492",7092.75628243488
"P28494",7069.27069144442
"P28495",7074.71061027219
"P28496",8302.92775838842
"P28497",6684.04271807621
"P28498",6666.69882860094
"P28499",6684.97884337808
"P28502",6054.05482570048
"P28503",6685.48462580555
"P28504",6066.17800603159
"P28506",6687.08658096695
"P28507",6660.53113860254
"P28509",6683.4195983603
"P28511",6672.5563427559
"P28512",6213.03930489025
"P28513",6586.49559951601
"P28515",6202.65530373254
"P28516",6181.55679831136
"P28517",6207.65109001753
"P28518",6212.92802533744
"P28521",6218.19895500962
"P28523",6221.87455965765
"P28527",6238.09512889585
"P28531",6241.75439654347
"P28532",6249.10161174495
"P28533",6246.70660244722
"P28534",6231.55588605419
"P28536",6257.13432181102
"P28537",6229.00799792435
"P28540",6768.97088246308
"P28542",6765.20030605502
"P28543",6085.03135717024
"P28544",6485.13552168785
"P28545",6986.57799525106
"P28546",6490.42300425856
"P28547",6494.01576331737
"P28548",6486.53151819448
"P28549",6491.09087044565
"P28550",6479.13287490879
"P28551",6466.73162400598
"P28554",6469.74387506672
"P28555",6464.36891679948
"P28559",7125.99740547783
"P28562",6739.37781371594
"P28564",6131.66309345812
"P28567",6530.27601979666
"P28568",6521.43213850688
"P28570",6515.01869166661
"P28573",6530.13183978832
"P28575",6525.87527769565
"P28576",6527.57618334567
"P28577",6553.3410452613
"P28579",6567.28764905525
"P28580",6584.55936627822
"P28581",7240.15054809117
"P28584",6585.62042804459
"P28585",6577.0601320172
"P28586",6597.20927327831
"P28587",7268.91568836227
"P28588",6589.44534628048
"P28590",6594.26395095263
"P28591",6604.21903310067
"P28592",6591.05923994618
"P28593",7100.34715033409
"P28594",7110.84969484648
"P28595",7100.0715193358
"P28597",212012.078812172
"P28598",212083.612543795
"P28599",6450.25375956554
"P28657",203001.879475192
"P28690",211854.047596759
"P28693",63718.5271260095
"P28694",211989.77237209
"P28696",6475.78399518611
"P28697",6972.47583487105
"P28698",6466.60917306849
"P28699",58036.0186076142
"P28700",6443.31603917703
"P28706",6091.93148660795
"P28823",6639.72442302798
"P28848",5872.97248281645
"P28881",7471.5956766319
"P28889",6699.34802160073
"P28944",6488.42485959507
"P29112",60392.5042099357
"P29116",5234.78898130682
"P29117",53959.4781795487
"P29123",53777.1978578234
"P29127",53909.8880648188
"P29128",53737.6422590181
"P29129",53789.3445138729
"P29130",5430.50332049968
"P29131",53889.4032912088
"P29137",53875.5417491593
"P29141",61174.7201596339
"P29151",52129.3526666806
"P29155",7147.84608692733
"P29176",7297.26667182687
"P29180",6579.31172494013
"P29190",6530.40798936938
"P29192",6518.5995743557
"P29324",6450.5909648592
"P29325",6428.66352515694
"P29327",6448.61183919413
"P29404",6666.17080135016
"P29424",8327.06163038035
"P29440",7338.82667677041
"P29455",6526.51676101063
"P29483",6592.04753509177
"P29485",6557.70307239551
"P29526",6566.47978814038
"P29553",6686.77020097903
"P29591",6962.88459962363
"P29593",6968.95968141638
"P29596",6972.92649354505
"P29599",6946.0788708613
"P29602",7561.69303766799
"P29603",6955.73060403045
"P29607",7366.5236484554
"P29608",6933.0937894007
"P29639",7067.1904505673
"P29641",7313.24590801138
"P29644",6896.08475670439
"P29645",6904.72406430287
"P29648",6906.41891484331
"P29658",7253.24135984281
"P29660",7247.69597937186
"P29662",7246.7163778014
"P29663",7274.47363975576
"P29665",7250.98701044133
"P29667",7054.37680188767
"P29670",6998.57486094914
"P29672",7010.91545516365
"P29675",7235.99733038453
"P29677",7042.6816822612
"P29678",7069.74716541964
"P29680",7069.32577736355
"P29688",8395.63171150124
"P29689",7343.64439232971
"P29691",8442.56437194528
"P29719",6538.11928321302
"P29749",6430.39816403894
"P29781",6437.80441992914
"P29843",6980.85630162278
"P29844",6957.79607966792
"P29845",6974.87717032011
"P29846",6973.61245533622
"P29847",6973.43928362523
"P29848",6942.56242187086
"P29849",6968.09182028088
"P29850",6972.41487628826
"P29852",6967.61775309454
"P29854",6970.57640026731
"P29855",6966.82154440158
"P29864",7328.83506156813
"P29866",6703.45152068461
"P30025",6252.54247474903
"P30027",205462.220531726
"P30028",6251.27432086374
"P30030",6253.96353405309
"P30032",6683.48097623665
"P30098",6825.94109125949
"P30106",6815.56244025492
"P30111",6571.4187663126
"P30120",6994.12226287089
"P30148",8138.41011529685
"P30159",7916.91176770259
"P30172",222774.262989387
"P30188",7368.87167905811
"P30398",7910.84594913991
"P30401",7129.52245877871
"P30407",7187.21797977448
"P30415",6640.12533071743
"P30417",6601.754424406
"P30421",6605.71363146469
"P30430",8454.25676143102
"P30436",7420.17573999695
"P30444",7427.17587917656
"P30447",7139.36698419439
"P30450",7166.49228308272
"P30453",7165.90469157477
"P30457",7126.87039051967
"P30461",7142.44853452452
"P30465",6555.3633528405
"P30521",6742.89902258682
"P30530",6506.48869070275
"P30548",7078.81119426789
"P30550",7068.8811274429
"P30570",7215.0137988737
"P30573",7179.37441712906
"P30575",7163.53665937731
"P30576",7157.07224474593
"P30577",7164.37505532226
"P30578",7571.34447949093
"P30628",7379.84157028295
"P30629",7881.79933588713
"P30636",6876.32804711515
"P30637",6860.4630745092
"P30644",6684.03556341643
"P30645",6690.62528170331
"P30665",6802.89290372749
"P30667",6826.9658674051
"P30668",6780.9057834348
"P30669",6799.70710101812
"P30670",6804.34094483258
"P30672",7063.59442541543
"P30673",8002.302114589
"P30674",7055.45820603355
"P30675",7022.35420778297
"P30676",7017.73706778694
"P30677",7060.22518756739
"P30678",7037.30543184486
"P30680",7047.91136210919
"P30682",7080.71861320392
"P30683",7096.16365940837
"P30688",6798.65829876999
"P30690",6798.29474550803
"P30693",6927.47107825765
"P30695",6626.15538154863
"P30696",6624.44580226539
"P30697",6589.97775647475
"P30698",6613.12224123441
"P30699",7153.56351601878
"P30701",6639.13757008493
"P30702",6633.27312969211
"P30703",6630.26280533355
"P30704",6635.5963074575
"P30705",6642.79511127056
"P30707",6658.18076762072
"P30710",6674.46546929516
"P30711",6653.18076828252
"P30712",6675.20754463574
"P30713",6665.95031493882
"P30714",6670.81979217994
"P30718",6705.44895036146
"P30720",6693.33550955271
"P30747",5280.10124023664
"P30769",5329.45343284907
"P30770",5329.33554066517
"P31073",5573.70076632196
"P31079",6305.78813522082
"P31080",6310.15706087809
"P31081",6317.11954298514
"P31082",207184.386412907
"P31190",6057.7291344816
"P31227",6966.14775940608
"P31228",7973.76935698724
"P31231",6970.70289182211
"P31233",10090.1013939103
"P31236",10690.1874246527
"P31242",6776.35184961297
"P31243",6775.56144448786
"P31244",6765.72065550425
"P31245",6771.61973710393
"P31246",6782.38225387471
"P31247",6782.46186483266
"P31385",5506.43388777566
"P31387",5516.37341013252
"P31388",5511.76275130569
"P31390",5460.85779302215
"P31393",5465.71240397782
"P31394",5444.34522648191
"P31395",5465.26584848538
"P31398",5470.33741106135
"P31402",5568.41570014603
"P31403",207464.511573687
"P31404",207394.536833628
"P31467",7409.33578251452
"P31510",53948.6838818458
"P31511",53924.3427769762
"P31514",53705.0017145706
"P31581",6884.27534286936
"P31583",5620.00648365527
"P31588",6155.87292337855
"P31589",6926.01380339259
"P31590",6181.20506855392
"P31593",6198.38715705304
"P31596",6111.16410998014
"P31599",6131.27822499413
"P31600",6110.21440370986
"P31602",6111.12319272407
"P31603",6111.59244942387
"P31604",6104.57793708318
"P31607",5635.92534975637
"P31613",6241.23394765574
"P31615",6238.86146737964
"P31616",6252.49651980285
"P31620",6236.822372398
"P31621",6241.37529845065
"P31624",5648.18262845837
"P31626",5638.57424538986
"P31645",5932.65366633722
"P31650",5108.29714931332
"P31670",55293.3911439557
"P31695",5170.44675708044
"P31697",5190.59726610981
"P31705",5325.10956115284
"P31706",5295.55431141303
"P31717",6271.17286523224
"P31779",57480.2328804035
"P31781",52225.764543902
"P31782",52326.8609140008
"P31786",5247.51747981215
"P31788",5252.5186768942
"P31789",52094.9948663141
"P31790",5271.64065516615
"P31792",5291.09018204339
"P31795",5275.44718962682
"P31797",5454.36250476121
"P31989",6449.69769980481
"P31997",6386.40607550146
"P32001",210065.165313466
"P32003",6516.97345306468
"P32004",6438.15646740694
"P32006",6418.66899268632
"P32009",6433.29863139243
"P32020",51300.338922361
"P32022",51219.1614305219
"P32023",5669.72813286397
"P32108",5073.40142715159
"P32109",5568.31025502431
"P32111",5588.92238164702
"P32134",52132.450589612
"P32135",52168.9790793915
"P32137",52424.3536602755
"P32138",52188.9443460999
"P32140",52177.036590238
"P32143",52042.2529806488
"P32144",52091.2379481937
"P32145",52072.3152580499
"P32147",51979.7109607969
"P32162",50261.9280708555
"P32166",5629.46635361039
"P32169",5628.1642113651
"P32170",50457.151341803
"P32172",50969.9089982477
"P32177",53750.489318666
"P32180",5664.10835636833
"P32181",5672.52937175178
"P32183",50855.9435654078
"P32185",55169.9787527841
"P32189",54892.991477076
"P32190",54985.2656884786
"P32194",51520.4281023266
"P32200",5330.08229980721
"P32209",5324.93600529788
"P32210",5324.21231894585
"P32211",5312.07311795578
"P32214",5325.47083725999
"P32215",5309.1202989096
"P32216",5317.13538134819
"P32217",5333.2941561116
"P32218",5303.68620395001
"P32223",174610.546169203
"P32224",5311.59591740553
"P32225",5317.55078051475
"P32232",52708.5921207731
"P32234",52729.9061473197
"P32240",5171.4160797943
"P32241",5167.52326905506
"P32244",53870.5165663473
"P32249",5442.55213424648
"P32253",5218.21125763523
"P32259",56533.8732328424
"P32327",4974.13483227544
"P32354",163688.819056212
"P32360",5266.00242755102
"P32544",5106.33147366044
"P32585",5311.69666753001
"P32683",5191.2172687214
"P32689",5160.07762051261
"P32921",5159.7118590016
"P32995",4791.25453856659
"P33019",4829.13327746817
"P33043",50953.7347213032
"P33047",51453.1834729039
"P33048",51589.6428435189
"P33049",51483.0021970781
"P33050",51260.2281931176
"P33056",51399.4014529154
"P33057",5678.92183332749
"P33079",59019.7676617088
"P33081",52224.9872066077
"P33084",52391.6243330431
"P33284",5186.3831020215
"P33286",5197.13542218121
"P33289",5168.9884107058
"P33294",5191.30451590994
"P33296",5187.50998058089
"P33298",5199.71526793018
"P33299",5193.68374808307
"P33305",5199.25289283025
"P33309",5202.91983010282
"P33310",5197.0366099587
"P33313",51406.2922010373
"P33426",4887.76987391354
"P33466",5436.59143450059
"P33651",5456.69097146803
"P33929",52453.5793470569
"P33962",5293.46058638616
"P33963",56155.0171787956
"P34022",59744.1469797049
"P34025",53879.796898828
"P34034",60577.7056013072
"P34037",54348.0444692689
"P34382",7367.25952677399
"P34383",7366.17839422105
"P34417",230605.877383801
"P34538",6286.38700078304
"P34539",6202.88083607999
"P34573",6648.96734893941
"P34574",6643.20703467276
"P34575",6649.71738876574
"P34580",6276.20005995841
"P34581",6272.21919930786
"P34583",6272.1690861471
"P34613",6379.68765074495
"P34614",6365.93301043881
"P34640",6568.0921017449
"P34689",6151.57093606407
"P34709",6349.68882723114
"P34710",6363.42723850175
"P34711",6348.63812173129
"P34745",6507.61622575712
"P34750",6281.35452858165
"P34751",6309.85921436604
"P34842",206822.669571435
"P34843",6285.85376783412
"P34845",6278.52031736329
"P34846",6280.75548071257
"P34847",6098.92286123624
"P34850",6101.48675290654
"P34851",201277.870855775
"P34852",6083.71083340658
"P34853",200638.226449489
"P34869",6546.51104126319
"P34873",6566.19129945835
"P34874",6581.63414636357
"P34926",244878.315286949
"P34928",6488.29876610388
"P34929",6486.85162895725
"P34930",6488.96087207401
"P34931",6501.04166315404
"P34932",6505.38298520107
"P34933",6484.61210211943
"P34934",6503.92932194677
"P34935",6094.6863943567
"P34937",6042.59166148858
"P34939",6073.83656676073
"P34940",6070.40936786598
"P34941",6074.53855787815
"P34944",6089.43582598359
"P34945",6069.44560888162
"P34946",6089.50549332867
"P34947",6106.2960605629
"P34948",6096.99691120726
"P35026",6327.00339453302
"P35291",7436.52427259177
"P35417",5565.48435215041
"P35461",8794.36851946143
"P35667",51318.2295149043
"P35782",5407.6306570283
"P35807",5481.57507848596
"P35878",7151.74496377154
"P35880",6922.39834745642
"P35881",6790.6097158791
"P35882",8583.95382034778
"P35883",6813.20865745753
"P35885",6235.33431453137
"P35886",6877.27035010794
"P35887",6225.10648712211
"P35888",6842.9476065716
"P35890",5984.95114460301
"P35891",6000.40579861076
"P35893",6759.11470928386
"P35894",7435.174875717
"P35897",6096.85063455627
"P35912",6031.97954953584
"P35913",6043.13373203448
"P36011",6846.47817672075
"P36061",5127.75100422804
"P36062",5589.33740172372
"P36102",7001.69417263327
"P36107",7362.09938540361
"P36111",7334.19230212693
"P36112",6873.88142908971
"P36113",6891.14162221161
"P36114",6898.77707487284
"P36126",6453.42232798002
"P36234",5313.54953675933
"P36235",5313.96690898437
"P36237",5314.43658522053
"P36238",5321.47296541157
"P36240",5322.89231514025
"P36242",6581.91192338117
"P36373",5838.42639810128
"P36374",5598.09454964169
"P36377",5601.46727367877
"P36578",6704.76833557351
"P36591",6319.61294964109
"P36712",59647.7494661966
"P36927",4930.91673206572
"P36950",5583.53809672388
"P36966",5253.69831008447
"P37024",6930.6470190952
"P37127",6207.45179693484
"P37142",5705.2243610007
"P37143",6428.78291552756
"P37146",6389.08404496699
"P37155",6441.35711939027
"P37156",6482.16238799614
"P37158",6491.90079451233
"P37257",224862.405017953
"P37374",8758.76240450976
"P37457",6972.16820925347
"P37569",6886.10529455681
"P37685",6619.73691357747
"P37699",6275.28227472822
"P37702",6292.29143076377
"P37726",6552.84536022843
"P37824",7835.37629451311
"P37863",6717.20139985203
"P37864",6711.17327959159
"P38165",4965.93427061528
"P38262",5325.82644971142
"P38277",5335.9761284157
"P38279",5355.61926089015
"P38287",169615.257098975
"P38294",5345.26898879314
"P38296",5339.84904912589
"P38318",8040.24536448491
"P38461",8393.3971402615
"P38463",7506.51948345151
"P38623",57865.8239664519
"P38627",57936.8961287596
"P38628",57884.8991060873
"P38907",7454.39121531659
"P38946",7131.35731766713
"P38951",7706.95578461868
"P38954",7039.93674296766
"P38972",6757.51596095542
"P38976",7298.61847337137
"P38983",6661.1559826447
"P39002",7112.42828278571
"P39093",4054.71580262428
"P39312",6857.15255457767
"P39419",7770.57599434456
"P39423",7769.04800115607
"P39442",7636.07468942712
"P39446",7631.35977604554
"P39504",6837.15752665067
"P39538",54760.6247486984
"P39542",55214.9380852985
"P39544",55017.1125705376
"P39545",54884.1253408376
"P39547",55033.0804943222
"P39548",54842.697603525
"P39561",56274.1787966475
"P39570",51911.8967135337
"P39575",6888.02805118533
"P39576",7565.7942524558
"P39577",6889.17528332534
"P39578",6901.3751303
"P39579",6889.36353990638
"P39583",6889.35512012964
"P39584",6464.71869032933
"P39590",6471.04353135523
"P39591",6470.71874817351
"P39593",6469.5987859766
"P39596",7644.5814299366
"P39597",8392.42954449947
"P39599",7105.00090458495
"P39602",7073.40034904907
"P39603",7106.20918671145
"P39604",7081.09117502174
"P39625",6487.73014140187
"P39630",6367.33467777323
"P39631",6371.731286758
"P39634",6367.52599558713
"P39635",6370.54720348587
"P39636",6374.90309069052
"P39640",6373.1275312851
"P39641",6381.87700007087
"P39642",7131.39352226576
"P39643",6386.68241851729
"P39767",207626.059627765
"P39821",6729.96095272072
"P39935",54637.4801679806
"P39956",5823.08293595597
"P39959",4955.43053675939
"P39965",52617.0189932615
"P39966",4979.94576717181
"P39967",52820.5065003752
"P39972",52775.7547817838
"P40029",51180.9751065278
"P40057",5307.71087353703
"P40231",6116.52402698262
"P40453",6983.7096359172
"P40484",6290.07457644709
"P40855",5875.95944688746
"P40856",5873.8203662134
"P40857",5883.26936594386
"P41061",54045.1208129322
"P41201",5864.47926917795
"P41218",5542.45414833335
"P41480",5807.13204876567
"P41745",7017.1821572695
"P41747",7015.82428627196
"P41763",7017.40029945775
"P41777",7290.77224221201
"P41852",7092.61395783984
"P41854",7093.52979069435
"P41856",7089.28037585554
"P41864",6894.84429957454
"P41865",6890.35334382958
"P41943",7131.17017934783
"P41944",7132.69367947238
"P41945",7129.96146764079
"P42113",200130.797958334
"P42172",51208.1666919054
"P42174",56022.6181627353
"P42176",52204.2799718633
"P42276",7141.08987667413
"P42293",7097.73275838304
"P42311",6615.66704082437
"P42375",6655.13483914705
"P42386",6881.29220308638
"P42407",6545.85567955223
"P42422",6576.52540892421
"P42424",7024.47841175029
"P42428",7015.63480245311
"P42724",5382.38616781413
"P42908",4980.53313632536
"P42974",5354.85654807468
"P42975",5133.843544011
"P42977",5337.04061765852
"P43038",52494.3885020532
"P43076",50852.9021016108
"P43113",5517.47280546745
"P43144",5234.20677360114
"P43171",5489.15499871104
"P43175",5262.13475039431
"P43179",5845.95936082776
"P43348",197823.222791663
"P43551",252275.330403009
"P43555",8187.8206854705
"P43557",6038.52576056949
"P43576",250621.115842786
"P43577",251083.008940297
"P43578",258419.068834883
"P43596",251892.647183029
"P43597",251920.416100262
"P43600",253314.207517262
"P43625",311877.951059798
"P43626",295516.378112559
"P43628",8018.66262490026
"P43657",57984.7823740649
"P43664",56855.4706266065
"P43665",56980.0213739314
"P43670",8803.90711329059
"P43675",82078.4957104431
"P43746",8770.82641556725
"P43749",288051.964812635
"P43753",7498.75091687832
"P43755",251158.631712679
"P43760",281611.679373766
"P43765",82826.4775913447
"P43766",76937.4629514997
"P43768",76689.3590743661
"P43771",77014.0221864436
"P43772",8700.11742728442
"P43773",8734.5716453455
"P43780",11355.3888278664
"P43787",9495.55691165353
"P43790",9434.04835599077
"P43794",9313.47458467544
"P43845",8421.34631472143
"P43907",10084.6375060147
"P43993",13325.2385106619
"P44005",422518.425313543
"P44008",420570.12042615
"P44009",419349.304133205
"P44014",83954.7298095244
"P44036",9590.64848164653
"P01003",4530.29581217619
"P01005",5328.97496137395
"P01011",49743.6406276679
"P01032",4657.31628066548
"P01057",6166.80383249978
"P01062",41917.2193260998
"P01064",5116.68872207077
"P01065",43307.6878362886
"P01114",8686.41836401868
"P01115",7137.84597296978
"P01193",7844.85057338517
"P01205",61849.4530908085
"P01249",7012.08023717976
"P01261",41798.2698284718
"P01277",57508.3000031692
"P01331",42613.0891118731
"P01386",5478.0329270709
"P01401",4700.98949438035
"P01407",49115.8883877425
"P01558",4317.25662110867
"P01572",5238.73959970257
"P01595",6361.49968423294
"P01603",991.969305125181
"P01645",46196.809662462
"P01650",5741.40412086291
"P01761",6482.64418413305
"P01857",63878.3176902129
"P01874",5988.18751988257
"P01945",47901.7625024556
"P01985",45455.5245986909
"P02005",5032.01322334113
"P02009",5708.8303221977
"P02087",5143.96340085655
"P02144",45167.5487240487
"P02146",7046.86216732253
"P02162",44986.191275677
"P02263",5932.26995152576
"P02274",7576.94102043663
"P02319",39523.6017019613
"P02347",6601.76426208648
"P02404",5976.54560690637
"P02428",8424.54384461968
"P02504",6242.22931627557
"P02526",5352.24997392354
"P02533",48037.5923984025
"P02611",4287.58389261967
"P02650",48675.2351638344
"P02683",73396.4961047214
"P02697",6246.82810652621
"P02700",59542.079820698
"P02712",53532.9187927194
"P02733",7281.39615841668
"P02745",51857.9695089479
"P02845",74638.6912112583
"P02862",4478.19470277205
"P02920",9761.95302713218
"P02937",6458.96259981727
"P02977",9022.41003070726
"P02998",48404.0631762479
"P03024",5344.92037906243
"P03058",5812.12536065016
"P03080",1332.721503789
"P03088",6096.21926996368
"P03195",5485.14120459494
"P03217",5257.04073759557
"P03218",5866.63263833111
"P03226",73181.4112781021
"P03260",53458.717232599
"P03278",6876.66246490535
"P03335",7023.80376948432
"P03394",7841.38896423975
"P03398",233386.254145401
"P03415",6742.28696822534
"P03451",5944.81688933804
"P03477",6499.08711887712
"P03491",80978.8633543137
"P03619",5742.51125741549
"P03623",5431.0144179929
"P03652",5608.68376961911
"P03665",6191.29069164685
"P03738",7966.81530274725
"P03774",8063.15199507398
"P03834",6126.14278553684
"P03854",231969.467234806
"P03888",51428.671739443
"P03895",52390.8151481293
"P03906",53494.8722861123
"P03919",5937.62803831389
"P03939",7861.01662517829
"P03943",7743.6806649271
"P03946",5410.39956252545
"P03949",6208.96198568943
"P03965",308702.670984903
"P04003",5011.45383603348
"P04047",58242.6503985635
"P04077",48513.4542431854
"P04078",69511.7678286572
"P04082",61685.9954955962
"P04124",66693.4202020026
"P04131",6940.7656786865
"P04144",48432.2319706048
"P04165",51547.0895315992
"P04247",5706.97961351973
"P04252",5710.216275113
"P04259",5804.35016758338
"P04327",8143.23390678089
"P04337",62586.5656524125
"P04400",6845.31996005105
"P04410",58530.9182263779
"P04433",63530.8600224199
"P04451",9535.22703697966
"P04481",291018.157836228
"P04536",5050.25933013787
"P04559",7219.46091284224
"P04583",73821.8224175243
"P04635",1095.67848924403
"P04705",4751.71905737087
"P04764",8286.49788495968
"P04864",5158.03489012403
"P04962",58290.2992189691
"P04969",286444.718852168
"P05102",6529.69069363449
"P05126",6120.55236586757
"P05278",63375.2588951812
"P05313",50495.3909708463
"P05329",52908.2102194555
"P05342",7147.62945266875
"P05446",5456.50939670164
"P05449",5418.00933190028
"P05450",5982.83370164075
"P05457",5600.4985567745
"P05559",53585.6831506397
"P05588",5581.84230999338
"P05609",5658.98005797235
"P05618",6279.10142507426
"P05669",7810.1582135471
"P05759",52826.6586128649
"P05760",53083.1913246567
"P05764",53501.1178071493
"P05765",53381.035361347
"P05767",54003.1431168211
"P05787",5363.28141084815
"P05799",5625.52513704392
"P05814",261258.029914235
"P05829",6522.36123682436
"P05950",6521.7270876968
"P05979",58887.135942019
"P05991",1035.09136240348
"P06014",65838.1189510864
"P06025",46508.2791750093
"P06050",46320.5740531302
"P06062",6134.31984979484
"P06177",274891.602130308
"P06199",6519.71232645861
"P06213",40129.0896826454
"P06282",5687.56773328872
"P06300",6164.00977057039
"P06395",39191.4883094287
"P06396",39103.7889726031
"P06397",4547.94427795595
"P06921",5067.33433667826
"P07079",4313.42874006023
"P07098",4147.88060667679
"P07102",4267.46855025933
"P07265",4045.94583665876
"P07266",4058.37383729124
"P07287",4391.3485978221
"P07409",4900.3413969181
"P07541",6426.31651368797
"P07603",162188.168453306
"P07611",5609.81161487725
"P07612",5599.54279564609
"P07621",44895.0230761832
"P07954",6941.59960817702
"P08111",4254.22945914441
"P08139",5370.64537349583
"P08154",4141.72955396046
"P08185",170497.031107634
"P08236",4500.08239207859
"P08840",4929.48835717462
"P08848",5289.9966538541
"P08878",57520.8561804965
"P09113",41139.4043564038
"P09155",6685.04465832506
"P09207",4627.74227770944
"P09254",41186.5883766449
"P09305",4710.63385403113
"P09307",42541.1137398826
"P09599",5186.29483257431
"P09742",5057.26685234418
"P09743",4284.83471157462
"P09812",4448.22254274438
"P09813",4537.60787407506
"P09864",6589.73387051874
"P09866",5767.55015769165
"P09867",6949.62769180145
"P09868",5734.98800102873
"P09869",5845.95887945137
"P09871",5588.97735906446
"P09872",5613.52731634632
"P09873",7083.65067230504
"P09874",5560.59792085138
"P09876",7320.32927936635
"P09877",5743.90684539211
"P09878",5629.96021687987
"P09879",6863.71495407682
"P09880",5653.46346370304
"P09881",6443.24890429868
"P09882",5623.12854012179
"P09883",7713.38894119439
"P09884",6928.28325934984
"P09885",5528.17391738504
"P09886",5745.05996732424
"P09888",6571.97587522456
"P09889",5618.89534921498
"P09890",5674.8884670776
"P09892",5898.55030897499
"P09893",5398.37245293203
"P09894",5668.36176510697
"P09895",6447.64641048024
"P09896",5397.75054574911
"P09899",5700.17541439993
"P09903",5911.75268997114
"P09905",5965.67980978114
"P09923",5656.79626409077
"P09926",5672.27899637041
"P09927",5681.7215590294
"P09931",5658.55188900186
"P09934",5633.98847307666
"P09936",6269.79076206661
"P09938",5703.55220329238
"P09944",6015.11336567476
"P09945",5649.8352817904
"P10182",4534.75230527451
"P10316",43175.6991746858
"P10543",5491.26113710847
"P10545",5699.65553286284
"P10546",5917.50140393919
"P10547",5835.84106921062
"P10549",5672.54727872362
"P10550",5652.00797176586
"P10551",5850.8877574281
"P10552",5652.2868263621
"P10553",5674.34739768984
"P10555",5651.27206790081
"P10566",5560.51336598353
"P10572",5941.31757103401
"P10608",4444.74339530365
"P10679",5452.7136125167
"P10827",4419.39318754568
"P10876",8096.55894428813
"P10896",228153.226179342
"P10898",7643.7589178101
"P10974",6189.65147295215
"P10975",6093.95880337047
"P10976",6029.96283950386
"P10978",218148.027071649
"P11038",5926.04143188998
"P11042",5797.56037142343
"P11043",5919.94594120886
"P11044",5601.41433568526
"P11045",5564.97186248281
"P11046",5663.53803891046
"P11050",6035.62382716897
"P11052",5618.01540517565
"P11053",5800.9667233969
"P11054",5627.14325976588
"P11062",5823.55997657565
"P11063",5452.23859101732
"P11064",5641.63322416218
"P11066",5687.25582250402
"P11067",6446.15332384503
"P11068",6042.10733942008
"P11072",5617.998756081
"P11073",5356.86211091302
"P11148",5777.94058043234
"P11193",3665.42878299284
"P11216",39868.5165840995
"P11237",6178.27908089867
"P11354",4396.42171939929
"P11355",4769.96996386816
"P11358",5139.3677843445
"P11528",5157.96556295557
"P11616",5698.5314040456
"P11617",6346.89319783978
"P11618",5642.26181231689
"P11620",5775.63479747478
"P11621",5719.79861710889
"P11821",4761.61462005596
"P11899",4099.51655693498
"P11906",4288.02104539953
"P11997",4304.6587055797
"P12110",43295.8572555561
"P12177",4474.18223748731
"P12228",5119.38936215383
"P12248",4471.35814015533
"P12255",4537.43553626464
"P12258",4701.23950413527
"P12265",4811.5089360353
"P12341",4386.38608518623
"P12343",4413.62082716428
"P12344",4588.19184520412
"P12345",4356.68923011104
"P12375",4404.86681225298
"P12461",5922.68759499014
"P12493",5678.65766725738
"P12494",5643.58549891008
"P12497",5560.44293782713
"P12499",5684.54645156873
"P12500",6062.62905497803
"P12501",5621.1007934442
"P12525",5717.62085028828
"P12527",5409.53668171828
"P12529",5485.41554782744
"P12632",4673.03497575266
"P12653",40569.6785462288
"P12668",40893.582725315
"P12713",3555.26917521336
"P12941",5013.52914207514
"P13195",4566.01792618292
"P13390",4589.14933855
"P13434",4141.0137724035
"P13604",3755.11463138891
"P13610",4548.05142719569
"P13643",5356.17859923716
"P13671",5865.68112238624
"P13693",5406.9978581128
"P13702",3405.55398563905
"P13745",2913.35464282534
"P13856",39610.9166785533
"P13920",5599.2665758789
"P13921",6296.44758674121
"P13925",5708.50912334878
"P13927",5566.17657060038
"P13928",5718.02579310353
"P13929",5687.23092729854
"P13931",5555.63605100184
"P14013",5614.24611099442
"P14080",4383.62827277232
"P14082",4260.00196751386
"P14121",162015.380711438
"P14223",4499.59028754598
"P14275",4138.72315098254
"P14341",4114.63083218556
"P14364",4423.05486694567
"P14375",4415.75485640899
"P14392",4560.5196181457
"P14434",6184.8024825048
"P14435",5716.63026249485
"P14436",5735.42288022365
"P14440",5478.55951866451
"P14442",5589.35117111747
"P14446",5613.67232375184
"P14448",5582.68605053672
"P14451",5732.68434178494
"P14452",5468.55548569757
"P14455",5736.98875857609
"P14458",5710.88047810817
"P14459",5870.6691599555
"P14463",5670.07173381215
"P14466",7124.33771093741
"P14468",5649.3260827797
"P14469",5633.54768486983
"P14473",5697.27306788287
"P14476",6126.07606497802
"P14477",6801.64969067962
"P14479",6016.92382941698
"P14481",5822.87837562174
"P14487",5689.0672891295
"P14488",5690.22833321825
"P14550",5649.98497225201
"P14552",5698.84338873817
"P14553",5642.7596548681
"P14556",5495.545906731
"P14559",6080.9048631315
"P14560",5782.25920391236
"P14562",5747.69572568515
"P14563",6747.00185728714
"P14575",5929.52969187426
"P14576",5473.87174093598
"P14577",5998.22031372646
"P14584",5694.42745427929
"P14585",5919.0685936544
"P14608",5998.86014877627
"P14609",5851.89087780134
"P14610",5778.87939644813
"P14616",5925.26455890841
"P14635",7808.02611760802
"P14637",6148.13674673051
"P14638",5834.3659475283
"P14640",6198.85951684905
"P14657",5645.96809794756
"P14661",5655.73919058831
"P14662",5643.99274422489
"P14663",5616.66858900482
"P14664",5888.78963795536
"P14665",6368.47606733626
"P14666",6018.65950984492
"P14669",5627.06682062058
"P14672",5758.91727882604
"P14674",5617.65660972493
"P14679",4191.47732480342
"P14742",5721.29183981311
"P14753",4044.50094586007
"P14780",4925.33642172843
"P14786",4461.2050863297
"P14787",4381.71774010169
"P14808",5609.16118401669
"P14809",5935.71383395708
"P14810",5682.14773171047
"P14814",6106.42434606155
"P14860",4663.91074458185
"P14865",4663.89725740857
"P14871",4526.04126164315
"P14901",4515.54970577327
"P14918",4521.53391069465
"P14923",5322.55841586614
"P14926",5840.65588703037
"P14947",6327.09443193589
"P14952",7122.24510100065
"P14953",5750.75181713114
"P14955",5784.0265994795
"P14957",5578.46213475693
"P14959",5740.35225883581
"P14960",5775.92001764576
"P14961",5667.08462059378
"P14962",5682.93776197379
"P14963",6472.3456259514
"P14964",5858.39904455152
"P14965",5715.07930194234
"P14966",5384.70142538705
"P14967",5767.04244326493
"P14971",5769.61125506055
"P14972",5634.2130576218
"P14973",5825.40657204424
"P14974",6165.03311798289
"P14975",5739.88404466369
"P14977",5816.02220787379
"P14980",5580.22966342937
"P14985",5948.46682788917
"P14988",6034.02976680013
"P14989",6634.66738875176
"P14991",5665.60700424911
"P14992",5873.5914587537
"P14994",5849.13748161916
"P14995",6035.75491395748
"P14996",5844.72528415143
"P14997",6901.50252197608
"P14998",5706.54721559429
"P15000",5826.18473323707
"P15001",5374.67532977189
"P15002",7410.57183316869
"P15004",6465.70166501378
"P15006",6034.60269537071
"P15008",5707.84425063093
"P15009",5920.85474417269
"P15011",5883.28241000876
"P15014",5840.60994738272
"P15015",5561.67364662018
"P15017",5897.24150205904
"P15070",5550.62063021519
"P15071",5703.76970661316
"P15072",5647.60610881125
"P15073",5814.40771104892
"P15083",186441.410145317
"P15133",3604.56234761136
"P15148",3741.62927237378
"P15151",3604.60672970687
"P15153",3670.6496081376
"P15178",5773.0231848299
"P15179",5531.39087653327
"P15181",5417.60677657925
"P15234",5431.3437197516
"P15236",5899.57487220189
"P15237",5588.71172012151
"P15243",40295.861860207
"P15256",45084.5625748911
"P15258",5624.81324136115
"P15260",5724.83916178846
"P15261",5719.40182833802
"P15263",6181.11859062838
"P15264",6743.52997994486
"P15265",5636.99232687551
"P15267",7895.44423039349
"P15269",7034.30511257648
"P15270",5734.32098290485
"P15272",5660.1892319976
"P15279",6057.27026913616
"P15280",6371.13984584109
"P15282",6283.61476092747
"P15302",5576.45694117868
"P15305",5579.51125046838
"P15307",5770.31761097602
"P15308",5717.47817793598
"P15325",5755.38546259922
"P15341",5692.2712045211
"P15343",5487.07293336366
"P15344",5680.50730598227
"P15345",5962.66641982116
"P15347",5422.7852714703
"P15364",5801.85868721824
"P15366",6614.15892482806
"P15413",5516.93647630596
"P15416",5699.81350028968
"P15417",5696.69154820957
"P15422",5704.18010668601
"P15423",5724.63910224513
"P15424",5647.39984044733
"P15431",5655.07256401774
"P15433",5480.09448137341
"P15434",5775.52627672106
"P15443",5668.74254291734
"P15444",5669.98920962877
"P15483",4121.07019685895
"P15487",4388.01964202572
"P15488",4098.66869974746
"P15511",4120.98795821308
"P15512",4199.74905944748
"P15519",4121.26821867564
"P15520",4354.03529542213
"P15521",4029.60098636237
"P15522",4107.35419031687
"P15523",4254.94581835077
"P15536",6167.06490129584
"P15537",6209.33273163631
"P15541",6412.54454887511
"P15542",5804.2778240564
"P15544",5968.59784188538
"P15545",6648.80371150411
"P15546",5830.27466248403
"P15547",7500.11252191974
"P15548",4335.95300463403
"P15556",6113.83161128206
"P15586",6082.0159158319
"P15587",5934.41091359182
"P15588",5780.14091918133
"P15836",4685.78186911752
"P15876",5248.37341503766
"P15880",5901.24951396256
"P15881",6679.85575454285
"P15883",39493.7599383225
"P15948",6116.4726702667
"P15949",5867.65169993557
"P15951",6243.91536526198
"P15952",7849.44149746195
"P15956",6056.78211377234
"P15964",5642.66842001295
"P15966",7164.62261654394
"P15968",5805.31173127899
"P15971",6051.52513772427
"P15974",5670.15208118423
"P15976",5692.85216181827
"P15978",6577.92967459511
"P15981",5591.52167691532
"P16058",6028.45406995452
"P16059",6104.12900040086
"P16061",190838.765736229
"P16069",5841.18458712913
"P16071",5874.78023656898
"P16072",5653.45520962484
"P16073",7209.17396019569
"P16085",5852.31820378065
"P16148",5453.36756210134
"P16150",5668.06179878959
"P16152",5567.33485202067
"P16153",7378.44264248401
"P16239",3947.29874484201
"P16242",3991.70821003537
"P16370",5076.52546095131
"P16379",6655.20976413476
"P16389",6306.723789567
"P16391",4419.70022799331
"P16408",4254.88474230152
"P16422",4077.58726454289
"P16434",4255.31428693133
"P16436",4257.52799951094
"P16467",6131.78256866024
"P16468",5580.58551064624
"P16469",5632.67173328792
"P16472",5430.00860646844
"P16476",5629.40042957108
"P16477",5420.34649235599
"P16478",5982.28876209575
"P16480",5887.16767229104
"P16483",5438.08660483277
"P16484",5608.99940965964
"P16485",5539.65352868601
"P16523",6141.81339756751
"P16568",5355.53643419349
"P16606",5863.63828949111
"P16607",5892.74622886167
"P16608",6003.72426191272
"P16659",4411.97082447933
"P16667",5255.62735535875
"P16670",5076.64403251117
"P16676",5467.43350889758
"P16677",5629.33889471617
"P16689",4371.9081806536
"P16822",4276.58693062912
"P16825",5411.65618258123
"P16827",4840.88782116326
"P16897",4637.6289252092
"P17012",3480.81730552753
"P17042",3972.80773004171
"P17124",5638.42128805853
"P17185",4420.5680257938
"P17219",5923.74158206337
"P17221",5426.9757860246
"P17222",5465.41832678177
"P17225",5487.73001097477
"P17235",4368.80894245636
"P17490",5350.73164712577
"P17494",5266.63069898527
"P17646",4040.88048986688
"P17686",4018.84657765462
"P17688",3474.64935134815
"P17690",5644.97938276444
"P17691",6365.95537251745
"P17692",5640.62868993115
"P17695",5857.33091346682
"P17697",4420.26370094493
"P17698",4176.60949132344
"P17771",5953.99431298591
"P17772",6313.83894996952
"P17773",6057.17788704222
"P17876",5735.33999763634
"P17877",7580.40464357363
"P17879",6168.48493786737
"P17882",5630.99224568032
"P17884",5702.5577420546
"P17886",5720.10078585047
"P17888",5731.67792868343
"P17890",5611.48238649252
"P17892",6005.22633902386
"P17901",6933.0357608771
"P17910",3518.67640495672
"P18090",4147.32030687233
"P18208",5420.66661549084
"P18280",5862.71161763335
"P18313",6253.45288507071
"P18318",6044.4328178851
"P18320",5777.75038246236
"P18321",5684.84561802894
"P18323",5778.78298974797
"P18327",6098.78604457146
"P18329",5434.61336265528
"P18330",5704.97604920375
"P18335",5600.45020029667
"P18419",5778.42048409822
"P18420",5676.34897198103
"P18422",5698.82510371283
"P18424",5775.71791769751
"P18425",5701.46996483275
"P18448",4194.65325942931
"P18449",4119.82858492734
"P18450",4109.76095346691
"P18572",5701.31270228091
"P18573",6189.06689774381
"P18575",6132.07135872424
"P18583",5570.8874369556
"P18653",5652.43169928024
"P18699",6535.09157101101
"P18767",5411.78668151916
"P18808",5369.36101616227
"P18809",6007.13529979112
"P18817",163960.060366102
"P18869",4697.78654871647
"P18949",4378.27527610235
"P18994",39009.9095243048
"P19016",5040.71234487471
"P19019",4131.64984633307
"P19020",4217.17665632667
"P19065",4510.68765363145
"P19157",4025.29258380864
"P19176",4201.50858638934
"P19179",4243.36548374557
"P19182",4097.58720905767
"P19185",4278.70374032753
"P19188",4128.13016555972
"P19190",4352.60079818697
"P19198",4530.00288939598
"P19220",4157.1147586663
"P19233",4175.15686696517
"P19236",4060.52630761714
"P19294",3949.35282211875
"P19312",40753.0062409271
"P19403",148345.504285382
"P19525",3756.234466389
"P19528",3745.24675062172
"P19610",4486.68965019892
"P20081",6285.39215613958
"P20082",5982.83147911234
"P20167",5951.43485117803
"P20168",5928.89328133165
"P20171",5691.12620223986
"P20172",5814.38504852482
"P20177",5695.50953433624
"P20193",5709.9205094278
"P20194",5729.78849833383
"P20195",5897.20623651393
"P20196",5485.20684979923
"P20197",5823.56635226266
"P20200",5625.10768277457
"P20201",5840.94852723153
"P20203",5821.0587913835
"P20204",5625.36351523477
"P20206",5631.93881601219
"P20208",5569.08042245144
"P20209",5577.55213709374
"P20211",5832.70982899096
"P20224",5420.80881242037
"P20226",5638.73980433372
"P20227",5529.78588800038
"P20231",5439.67514841272
"P20232",5567.6013463369
"P20233",5699.52750577602
"P20235",5648.8178601538
"P20238",5685.38263902422
"P20278",4761.34905255005
"P20279",4280.10678847183
"P20282",4259.92388363372
"P20290",4651.05691019799
"P20297",4217.92954893065
"P20306",5300.79035556091
"P20322",4629.19389299994
"P20325",4448.48715319827
"P20331",5180.95401809308
"P20348",6342.23173826592
"P20354",5874.18466898523
"P20356",6323.05531720858
"P20359",5712.2470906439
"P20360",5680.55722834744
"P20361",5576.54156178303
"P20365",5696.5604909749
"P20366",5725.06558028367
"P20370",5703.76236611803
"P20371",5948.41889311657
"P20376",5873.26916953537
"P20377",5606.15782438718
"P20426",4254.92868577113
"P20463",4309.98080724728
"P20575",4339.01071053992
"P20581",4631.12342626626
"P20583",4464.58902803009
"P20587",4839.79079954184
"P20591",4284.50663907618
"P20631",4690.26821742942
"P20650",37543.8161904343
"P20675",5389.26632180592
"P20698",4229.18582604899
"P20703",3991.35330546845
"P20721",3996.7087172902
"P20758",4209.78934349067
"P20779",5698.27218321876
"P20810",5796.90857197213
"P20820",4407.7623043156
"P20821",5556.23065985976
"P20822",5696.64362159354
"P20824",5630.62542581844
"P20842",4451.73345529436
"P20863",6470.01628322745
"P20864",4935.80133757118
"P21043",4271.44654518687
"P21045",4239.78282716233
"P21052",5890.57587517185
"P21055",5619.39363880555
"P21125",4375.54462222125
"P21411",4613.666275769
"P21416",4612.6173904768
"P21447",4743.39167281752
"P21448",4674.80964512555
"P21461",159434.702760786
"P21466",5081.24635271785
"P21468",4531.11911160546
"P21503",158316.085476724
"P21549",5696.67354838746
"P21585",4322.73379194123
"P21622",4364.26179439392
"P21634",4148.17780458176
"P21640",4267.54138177486
"P21721",4353.89017571139
"P21725",5726.04495031386
"P21726",6676.92582050858
"P21727",5728.10636015906
"P21734",5156.10832752936
"P21741",4731.66119743589
"P21764",4351.06585482123
"P21769",4210.54051962467
"P21806",4336.29533458451
"P21904",5899.62524943516
"P21906",6806.73741126522
"P21909",6065.08867880355
"P21913",6064.88206895418
"P21914",5992.54758805196
"P21917",5983.54903138951
"P21919",6472.99844209638
"P21920",6474.02454409228
"P21925",5795.57003978539
"P21937",4627.31020883844
"P21943",4696.00619142814
"P21945",4670.89475201002
"P21951",4726.00372265086
"P21953",4673.31036805985
"P21954",4664.00748216351
"P21965",4761.26435233111
"P21968",4809.27659674293
"P21972",4780.04181224862
"P21976",4794.02008940619
"P21978",4612.17102274616
"P21980",5288.71173683882
"P22010",5964.52648177425
"P22011",5945.38971816878
"P22012",5945.56425935356
"P22014",5949.63003491447
"P22015",5963.35593955476
"P22018",6623.67661282807
"P22020",5965.55305990114
"P22021",5967.54038993379
"P22024",5849.12771363682
"P22027",5836.79531349639
"P22028",5841.32180573055
"P22029",5845.3817841485
"P22030",5844.15023616684
"P22031",5854.8570605993
"P22033",5865.20084567538
"P22037",5866.12446797503
"P22038",5879.83843385194
"P22085",4503.82525263727
"P22744",3348.53053495207
"P23001",4635.62039450698
"P23142",4479.10924210479
"P23258",4666.89310031024
"P23277",41282.3680410444
"P23454",7328.88620964858
"P23596",4207.31123259298
"P23622",4293.60602144404
"P23632",4709.42660389044
"P23636",4284.5383074764
"P23637",4141.75668638674
"P23728",7291.68686629504
"P23730",6250.69584455752
"P23731",7272.5302933779
"P23732",6218.00188361736
"P23734",6027.41107835565
"P23740",6025.06215620603
"P23744",5818.42061874186
"P23747",6450.57438875423
"P23748",5827.7494947207
"P23843",6420.75366756628
"P23870",5694.67717583192
"P23981",5693.32779859037
"P24129",3683.46163678142
"P24130",3685.87213903402
"P24131",3681.13018759966
"P24152",3854.2944471261
"P24227",6054.52981177377
"P24243",5912.05165212285
"P24244",5915.29542277718
"P24245",5901.06783814036
"P24247",5898.4606069548
"P24248",5861.29345506566
"P24249",6474.36791294964
"P24250",5913.60848675607
"P24251",5902.31526496064
"P24252",5908.80735625528
"P24254",5906.97409498222
"P24255",5901.66347151694
"P24256",5913.58293688092
"P24258",6440.48447775959
"P24259",5889.6223606317
"P24261",5974.82072758483
"P24263",5977.97892638157
"P24264",6604.47121994702
"P24265",5955.47683952602
"P24268",6509.68772155954
"P24269",6503.7477090077
"P24270",6226.66298752756
"P24271",6206.10707130854
"P24273",6184.45527914493
"P24274",6207.69357448171
"P24275",6180.3150794615
"P24372",6890.42916254671
"P24380",4587.1635640231
"P24383",4014.00577722414
"P24420",4667.57526698398
"P24454",6393.31778823581
"P24466",40489.4273261597
"P24732",174756.453871599
"P25331",4609.44388028654
"P25333",5265.99627291654
"P25509",4638.65849501833
"P25510",41513.4859251469
"P25511",4639.66236897994
"P25553",4727.51392085785
"P25558",4726.75553518551
"P25563",45146.7207935808
"P25576",44917.9623639482
"P25689",3999.60960108519
"P25951",5759.97894852679
"P26022",4658.40907850838
"P26202",2921.29161384801
"P26522",6862.16977175484
"P26524",5985.11560858352
"P26537",6036.2642390376
"P26538",6042.62191266078
"P26539",6030.43019606578
"P26541",6185.29082520435
"P26605",8324.85140495276
"P26640",5836.05034010832
"P26679",6411.96613026101
"P26688",5976.74747513111
"P26731",5763.28203134424
"P26736",5970.74225691974
"P26754",5483.18880938276
"P26758",4448.38412770805
"P26798",4575.66481635247
"P26855",4669.33951145924
"P26929",3804.545151853
"P27290",6062.68079797029
"P27291",6064.11089980845
"P27292",6065.6309690502
"P27293",6061.02009030805
"P27294",6057.10682723843
"P27297",6306.59081202265
"P27298",6306.2689383271
"P27301",5775.51984074793
"P27302",5774.21805670117
"P27305",5785.7424816179
"P27397",6430.62266689402
"P27419",6409.94597017934
"P27440",5963.6117127248
"P27441",5973.74720946197
"P27443",6305.58240040927
"P27499",5856.35489183014
"P27501",6998.44742484444
"P27502",5996.59643574774
"P27503",5999.45488542328
"P27506",6303.99822047277
"P27507",6260.3291971728
"P27509",6242.67506984512
"P27510",6259.99551472112
"P27512",6266.53484851014
"P27515",6016.96644981555
"P27520",5982.22160708559
"P27522",5979.70001459548
"P27539",5927.87683971973
"P27540",6537.30122313523
"P27542",6536.31905352146
"P27543",5932.00657138012
"P27546",5929.25854830523
"P27548",5928.64933013569
"P27549",5930.00588167696
"P27551",5926.67986449141
"P27554",5930.10898873698
"P27557",5927.89391937997
"P27558",5926.80794131089
"P27559",5927.80093914965
"P27562",5925.32239644011
"P27563",5926.96767137779
"P27564",5926.39777401394
"P27575",5977.99988608172
"P27576",6816.09351660703
"P27579",5979.60779478132
"P27583",5985.6550245621
"P27584",5986.43839846584
"P27585",6004.75805322467
"P27589",6171.64669815301
"P27597",6074.39818806729
"P27599",6068.50538024484
"P27601",6076.09212005081
"P27602",6211.30804108892
"P27604",6206.61276200834
"P27605",6209.01721974444
"P27606",6214.04020253759
"P27610",7346.43082252654
"P27611",6326.03552866087
"P27613",6319.52406325717
"P27614",6316.4051014307
"P27615",7327.01344484472
"P27617",7322.82968101347
"P27618",6306.17484193373
"P27622",5861.28824327335
"P27625",6025.2009845782
"P27626",6039.77826250959
"P27629",6659.4783287228
"P27630",6020.31422540518
"P27652",4177.67557355916
"P27683",5792.7739906668
"P27809",4989.14027512802
"P27824",5278.25175590246
"P27826",4681.90217594393
"P27830",4669.62680578851
"P27831",4676.14166501472
"P27832",4673.62591967802
"P27837",5097.81122141197
"P28449",6064.33637170438
"P28450",6032.3674240971
"P28452",6033.43076879973
"P28454",6054.61448338577
"P28455",6081.9128384773
"P28456",6059.3433793291
"P28457",6041.99075152975
"P28458",5884.15767902317
"P28460",6051.45863349862
"P28470",5985.8919139596
"P28471",5984.46985419057
"P28474",5983.43793407708
"P28475",5985.99281041142
"P28479",7536.43822856514
"P28481",7555.33620488589
"P28486",6241.64107630781
"P28487",6227.92641591927
"P28490",6159.86687552146
"P28491",6784.15207297857
"P28500",4501.78123204428
"P28508",4492.31793945974
"P28514",4125.19647048767
"P28520",4418.71964523521
"P28522",4133.62263493102
"P28524",4142.05605732347
"P28528",4424.71463332353
"P28530",4151.7345161415
"P28553",4333.18116920921
"P28556",4324.42330278186
"P28557",4317.07924381069
"P28558",4820.82660143057
"P28560",4561.19885512376
"P28563",4405.46770022176
"P28574",4889.50643528788
"P28583",4399.97989958097
"P28596",4809.53238375454
"P28644",4269.71346669123
"P28691",4665.07669898689
"P28703",4733.70414771306
"P28715",6660.85665476207
"P28717",5986.29334439877
"P28718",5986.65313925605
"P28719",5991.76775696983
"P28733",6184.93917296046
"P28734",6397.94643936799
"P28744",5962.01545971485
"P28745",5949.5599563499
"P28746",5957.77101424702
"P28812",6053.06939307616
"P28813",6047.79728784555
"P28815",6041.98738748291
"P28820",6052.24616122434
"P28821",6051.59628057939
"P28822",6057.08232767416
"P28824",6057.79877845132
"P28826",6885.44228638397
"P28828",6109.70249577515
"P28829",6141.19140109536
"P28830",6135.10235040095
"P28831",6138.25225888949
"P28846",5902.04446103951
"P28847",5927.48135260795
"P28850",5930.77763633652
"P28851",5919.6624230169
"P28852",5925.1419505105
"P28853",5913.35363152651
"P28855",5909.06093437352
"P28856",5910.0580245544
"P28858",5883.29543506615
"P28860",5878.26881700863
"P28956",5834.719854742
"P28960",5832.24845530153
"P28964",5817.5787844017
"P28966",5801.21074616483
"P28967",5800.43128973461
"P28968",5798.73715008511
"P28969",6259.07546382768
"P29036",6263.36100347446
"P29044",6423.32089656035
"P29046",6904.49391166068
"P29049",6641.92497511492
"P29052",6620.39962739717
"P29060",7305.71051393573
"P29061",6353.75995945654
"P29068",6064.64410322257
"P29069",6937.49485287533
"P29070",6069.80954544117
"P29071",6072.38164456972
"P29072",6282.03106860682
"P29075",6000.75228863088
"P29076",5997.01893928387
"P29077",5993.85843900764
"P29078",5991.17236819786
"P29079",6024.86389085532
"P29080",6012.57768097083
"P29081",6025.90825038715
"P29082",6066.74821956934
"P29084",6117.10091402752
"P29086",6325.61567989164
"P29088",6082.41153570458
"P29089",6089.3420775866
"P29090",6075.5022079915
"P29092",6072.02462617668
"P29093",6947.40550454866
"P29094",6252.77925961035
"P29095",8032.40716121979
"P29098",6037.69215153222
"P29099",10937.418810973
"P29102",5929.2420565608
"P29103",5930.50653566579
"P29108",6129.50715419966
"P29111",44684.5412469001
"P29154",6002.30305459247
"P29156",6008.36282343788
"P29157",5999.00412878551
"P29158",6002.81233781854
"P29160",6003.73458036559
"P29161",5997.46299738987
"P29162",5998.90789299927
"P29163",6001.03922703666
"P29164",5998.14888899317
"P29165",5995.20173215179
"P29166",5995.96035847092
"P29167",5991.77886364299
"P29168",5946.34315391581
"P29169",5986.01511663841
"P29170",5978.31712217394
"P29171",5979.4001385176
"P29174",5950.43146766218
"P29175",5947.05272709938
"P29177",5949.81739524485
"P29178",5942.80087645207
"P29179",5939.96063091256
"P29182",5861.5157617113
"P29185",5854.73904739527
"P29186",5867.75392253196
"P29187",5861.62670316287
"P29188",5863.9837799596
"P29189",5882.29422313602
"P29191",5864.20839674513
"P29194",5882.80019526076
"P29195",5897.07504114622
"P29222",5985.52615581342
"P29223",5997.62797547397
"P29226",5994.21688369406
"P29227",5987.40339051206
"P29228",5997.37285602022
"P29229",5989.93710698534
"P29326",4759.7501917271
"P29338",5963.20521608563
"P29339",6298.19806057236
"P29340",6003.75333939136
"P29342",6021.18135116079
"P29343",6016.20623877867
"P29347",6126.44519266182
"P29391",6575.82652416765
"P29395",6027.71046771299
"P29396",5971.4697425714
"P29397",5946.53775087009
"P29398",5949.05860741497
"P29399",209528.345107143
"P29402",5959.72655418895
"P29405",5964.28932449158
"P29406",5970.90332388673
"P29407",5971.02852528397
"P29408",5993.30971511182
"P29409",5985.69312554032
"P29410",6000.0023491492
"P29425",5591.36107831604
"P29427",5580.75988564711
"P29428",5858.10953990398
"P29429",223967.826468745
"P29430",6334.01889529733
"P29431",6331.40654605993
"P29433",6442.34609107678
"P29434",6448.57159684554
"P29435",6228.0264314652
"P29436",6420.78441709814
"P29437",6417.39407716923
"P29438",6401.31802336504
"P29441",6264.43164729296
"P29442",214266.59654039
"P29445",6289.77624864722
"P29450",6430.02167310733
"P29458",5834.03054903164
"P29459",5820.90053204189
"P29460",5835.29344565872
"P29473",6304.91236410383
"P29474",6300.21237983053
"P29475",222026.64510784
"P29477",6310.01264955029
"P29478",6300.59181121997
"P29481",6402.9228717415
"P29486",5867.17546314598
"P29487",5887.6563860862
"P29489",5890.7130559753
"P29491",6496.17150631468
"P29492",6085.73528025779
"P29493",5904.65929488
"P29494",5906.92299616405
"P29497",6527.37717622884
"P29498",262457.833330956
"P29499",6536.49388901239
"P29502",6545.40693377991
"P29503",6553.71396057358
"P29506",6548.61233273809
"P29509",6548.13564437286
"P29510",5491.21389992397
"P29511",5421.06493308985
"P29512",5410.18766987506
"P29514",5420.50080115982
"P29515",5417.78605249616
"P29517",6212.58838914642
"P29518",5890.06168011999
"P29519",6108.79771631783
"P29522",6110.52782900233
"P29523",6087.93275655923
"P29528",5882.00282056682
"P29529",5874.40924066195
"P29531",5880.08146587646
"P29532",5873.93182330781
"P29533",5832.83672208676
"P29534",6334.99814983478
"P29536",6358.43906346722
"P29537",5837.5111853163
"P29538",5797.91133498109
"P29539",5794.52024460178
"P29540",6837.40439255256
"P29542",5969.77222879694
"P29544",5965.16080655539
"P29546",5751.87912201847
"P29547",6022.72035887079
"P29548",6074.45452814262
"P29549",6055.36066578766
"P29550",6064.60157866596
"P29551",6073.5473299535
"P29554",6092.35316393222
"P29556",6892.20690766324
"P29557",6113.55672695265
"P29559",6126.04379602631
"P29562",6107.46058509595
"P29563",6888.0659909135
"P29564",6117.90567831356
"P29566",6110.54068539642
"P29567",6105.10900726873
"P29568",7221.94234812682
"P29590",4758.15640743141
"P29598",4743.03545732967
"P29600",4738.38256954101
"P29604",5313.98869679909
"P29647",4712.17430941233
"P29659",4976.840315928
"P29671",4801.96597186063
"P29673",4815.21675797944
"P29676",4854.62747938692
"P29690",5066.03171299664
"P29698",6492.87750929576
"P29699",5690.02510967074
"P29701",5694.45881934886
"P29756",5745.12946385215
"P29794",6135.08875150189
"P29795",6133.56795181211
"P29796",6257.28376256689
"P29820",6251.38786387949
"P29822",6254.63773393994
"P29842",4718.87301472989
"P29851",4724.56732945072
"P29853",4731.13240715491
"P29856",4539.84006472504
"P29862",4542.45881733411
"P29925",45048.2180475667
"P30010",4519.07845446414
"P30024",4512.91257265226
"P30034",5873.33551036008
"P30035",5875.97951563051
"P30042",5773.88893243223
"P30046",5785.92569569819
"P30050",5795.41037395348
"P30052",5986.73836061783
"P30053",5972.43504224909
"P30085",6217.0072222652
"P30086",6222.8679333385
"P30089",6211.76092164273
"P30090",6217.24606094125
"P30092",6205.18156071399
"P30093",6212.15129867409
"P30094",6202.74293143698
"P30095",6212.13694898589
"P30097",6204.18541042577
"P30100",7111.12938678673
"P30101",6246.8686368601
"P30103",6253.92335232728
"P30104",7119.47978773581
"P30105",6246.83669518086
"P30107",6253.33063656086
"P30108",6256.81709617654
"P30109",5971.37194711637
"P30112",5975.00216409998
"P30114",6631.71450940285
"P30116",6006.42413169668
"P30117",6001.71152310583
"P30118",5983.66852248315
"P30121",5867.25481833577
"P30133",6322.4409351011
"P30134",6302.17359485106
"P30135",6328.49142147434
"P30136",6342.16038954556
"P30138",6348.56353428628
"P30146",7004.70186462405
"P30149",6228.39207068111
"P30150",6989.33085318792
"P30152",6037.58663704352
"P30154",5699.80876817142
"P30155",6089.03622995354
"P30156",5704.06344435303
"P30158",5700.87255113653
"P30160",6224.87202413312
"P30161",6110.89823164516
"P30162",6131.77252307777
"P30164",6151.96463874908
"P30166",6127.69060166767
"P30167",6130.6445255696
"P30168",214717.806065388
"P30169",6965.50155409858
"P30170",6111.24648691809
"P30173",5919.37102341569
"P30174",6314.85177644218
"P30175",6307.49872655266
"P30176",6320.23602206247
"P30178",6250.80373616939
"P30180",6227.7199092301
"P30181",6214.47579503847
"P30182",6256.02543612351
"P30185",6218.42962749829
"P30186",6035.1040434814
"P30187",6237.27916068252
"P30189",6244.73140959083
"P30191",6241.79724952242
"P30192",6039.96323325213
"P30193",6227.12826668876
"P30195",6232.68034473035
"P30198",6026.96654524303
"P30199",6019.45995034115
"P30200",6014.55929674184
"P30201",6006.3595166759
"P30203",6221.64187972978
"P30204",6019.9721178883
"P30205",6005.2639683113
"P30207",6015.8456484744
"P30249",5987.96757801302
"P30250",6521.45984906853
"P30269",5880.29127265521
"P30270",5874.35138553469
"P30271",5868.50454695882
"P30273",5888.68670339536
"P30274",5884.27106295838
"P30275",5894.65614290293
"P30277",6525.31903304206
"P30278",5900.24069054259
"P30285",6222.92716495822
"P30287",5958.75041541736
"P30288",5966.01181967258
"P30289",5971.02152454842
"P30290",5964.31022797188
"P30292",5961.76118432564
"P30399",6023.1599682781
"P30400",5974.12592330902
"P30402",5979.12449000109
"P30403",5970.24039908365
"P30404",5976.44621518818
"P30405",5980.761580031
"P30406",5984.59735267994
"P30408",6028.46125407854
"P30409",6037.02575790236
"P30410",6048.46475678747
"P30411",6070.43054023951
"P30412",6727.06147219195
"P30414",6062.05527826525
"P30416",6058.13733579406
"P30418",6689.85876176109
"P30420",6031.78181760478
"P30424",7278.60059450575
"P30425",6295.06977311263
"P30426",6294.55704006796
"P30429",7291.16047390289
"P30431",6313.88887402286
"P30432",7315.81500363352
"P30433",6307.25451118988
"P30434",7325.22600788977
"P30437",6305.65374287587
"P30438",6290.313170727
"P30439",6284.45172820931
"P30440",6285.96363855837
"P30441",6282.30872081884
"P30442",6289.94559355471
"P30443",6289.6845617553
"P30445",5996.47848378591
"P30449",6041.76228500393
"P30451",6021.98623900886
"P30452",6024.40511646388
"P30454",6021.13063777736
"P30455",5993.43019301673
"P30458",5995.21229416524
"P30459",5988.11029191962
"P30460",5998.21934105601
"P30463",5918.53914746972
"P30464",5927.01299898948
"P30468",5916.6620510522
"P30473",5895.54887622741
"P30478",6160.93089466766
"P30479",6158.01040124387
"P30482",6164.7657663131
"P30483",6178.36285743634
"P30484",6087.23249127217
"P30489",6092.78366807293
"P30495",5871.45048301623
"P30496",5865.92047041704
"P30497",5861.321558425
"P30499",5877.90633054311
"P30502",6467.88062671986
"P30503",7822.25271116292
"P30505",7834.10620889678
"P30514",6913.34547178087
"P30515",6162.58686657914
"P30516",6161.58275409598
"P30517",6159.36918351562
"P30518",6171.04728276132
"P30519",6175.06995252362
"P30520",6163.94114475766
"P30522",6207.21033103561
"P30523",6212.47291770002
"P30525",6213.51587886585
"P30527",6216.47710336646
"P30528",6218.69424192389
"P30531",7026.49481606674
"P30532",7003.1833866313
"P30533",6472.08593427435
"P30534",5972.77692962028
"P30537",6454.75992306717
"P30545",5989.95623312285
"P30571",4918.11545760279
"P30639",4631.1105703535
"P30643",4500.86249908602
"P30666",4636.85809586567
"P30679",4852.75290875537
"P30681",4838.06782919037
"P30684",4859.17838338335
"P30691",4616.86122952206
"P30692",4612.17835128174
"P30706",4488.2751004476
"P30709",4908.69431275334
"P30715",4525.31522841814
"P30717",4515.82110587525
"P30758",3741.5135481553
"P30842",4822.1724554027
"P30870",4738.0868572855
"P30872",4733.8605878619
"P30912",4603.28439922857
"P31067",5542.8796536252
"P31077",5022.86532713278
"P31123",6266.45329987335
"P31229",4716.26792878541
"P31230",4741.69937512433
"P31232",4726.47132662819
"P31329",6419.70435235937
"P31345",5847.16096227226
"P31347",5849.32605146076
"P31461",6152.84501707105
"P31464",6877.98814642312
"P31466",5953.69028721173
"P31513",42588.307623896
"P31591",4597.97681874777
"P31598",4517.67735719398
"P31614",4651.23596926922
"P31618",4643.85690246719
"P31652",4641.02223122077
"P31691",43129.7817441827
"P31692",47941.8132985437
"P31713",4747.64350602989
"P31720",4372.7150314423
"P31721",4787.88558385324
"P31785",45495.7319511711
"P31806",5914.23757443514
"P31851",5874.80837773098
"P31998",165597.620008204
"P32151",3926.64457542113
"P32196",40823.8581226206
"P32219",4641.06796417057
"P32229",4646.74481235081
"P32250",43941.1883470067
"P32255",48248.8825597207
"P32320",4368.63859207984
"P32955",3734.64732395651
"P33551",3585.84414593381
"P33588",3739.82703984414
"P33754",3475.26473843277
"P33890",3722.09049944654
"P33891",3724.34462819459
"P33939",43117.2862402382
"P34122",5936.4677687958
"P34204",5300.74637814294
"P34300",6069.69545642482
"P34301",5989.66960259768
"P34303",5992.56153295056
"P34304",5987.3129800861
"P34305",5984.03164099743
"P34306",5983.40052552465
"P34307",5990.37530590092
"P34309",5983.32347094539
"P34310",5979.33395477947
"P34312",5981.96189215248
"P34313",5976.44968453436
"P34315",5977.40156192603
"P34317",5828.16202245866
"P34318",5828.48471528017
"P34319",7015.64665674451
"P34320",5832.47212298623
"P34321",5835.64398783422
"P34324",6393.69618150238
"P34326",6399.80997057581
"P34327",5830.41913572122
"P34332",6398.96714515791
"P34333",5828.412349149
"P34334",5824.05413866353
"P34335",5824.39797371148
"P34337",5824.4510407193
"P34338",5832.36450735017
"P34339",5826.85344103316
"P34340",6634.35960293901
"P34341",5957.00848581424
"P34342",6648.7947772831
"P34344",5950.79459448128
"P34345",5950.0124485054
"P34347",5942.8179023221
"P34348",5946.60166911711
"P34350",5922.95169387404
"P34351",5927.89367951757
"P34352",5919.8992698066
"P34373",6954.38335981992
"P34374",6060.23919285141
"P34375",6089.33275634553
"P34381",6078.98478269565
"P34388",6020.56557144134
"P34389",6013.62247675753
"P34390",6013.55364469181
"P34392",5775.22958966912
"P34451",9617.53819932839
"P34470",5649.97693566919
"P34473",5647.32654111947
"P34475",5651.11347612474
"P34545",5320.86204759158
"P34548",5328.42730680168
"P34578",4647.21982941481
"P34664",5300.06663996525
"P34722",5880.88203828572
"P34892",5442.02378260463
"P34894",5441.43472021102
"P35464",148514.07039308
"P35694",4486.69245779048
"P36063",4393.0753787247
"P36072",2778.66672031137
"P36075",2777.1898248297
"P36077",2780.03790490317
"P36105",4803.21099879925
"P36106",5928.57657334451
"P36115",5877.90189967152
"P36119",5879.11907086685
"P36327",4874.87370002127
"P36414",6365.62236103579
"P36415",5811.06202295286
"P36416",5807.2543287422
"P36419",6283.24484170986
"P36421",6302.48304108546
"P36422",7377.17609521468
"P36423",6269.61440577599
"P36425",6128.28376356052
"P36454",5383.61673656247
"P36619",5676.80014560218
"P36772",3803.21372847449
"P36829",3752.13387225762
"P36835",3754.57092785088
"P36838",3750.48979334325
"P36863",3646.81228478588
"P36896",4369.71257870401
"P36898",163744.014493983
"P36899",4641.82928189015
"P37112",5032.37545509317
"P37115",4934.26457324161
"P37118",4933.77306428775
"P37141",4768.42857765261
"P37145",5473.12388843908
"P37157",4821.94368624691
"P37421",6293.66809227194
"P37422",6313.26020300106
"P37423",6322.42975850462
"P37425",6314.1281233205
"P37426",6295.85691217907
"P37427",6308.34935667422
"P37428",6292.55845751065
"P37697",4658.12453893427
"P38347",6240.32480458466
"P38411",6169.99680999495
"P38454",7155.9262334208
"P38456",6072.60639926356
"P38457",214369.114500116
"P38458",6083.29652031666
"P38459",6094.27006326747
"P38460",7190.77538489597
"P38462",6338.11332236543
"P38467",5771.89160910621
"P38468",6785.64912195039
"P38472",6240.97729041399
"P38537",5716.57793489051
"P38567",5062.77324432493
"P38709",6251.08210059669
"P38711",5919.66516292532
"P38712",5927.00191507381
"P38713",6043.65171741425
"P38714",6048.66786544983
"P38715",6042.25550409105
"P38718",5842.924210716
"P38720",5897.37014848882
"P38722",5991.61612557902
"P38723",5991.66817088054
"P38727",5932.99717730477
"P38729",5932.69088622387
"P38733",5558.53466896146
"P38734",5552.08653145772
"P38735",5556.45354728666
"P38737",6316.54434410015
"P38740",5762.15974772712
"P38741",5769.21496748021
"P38744",5937.57499787137
"P38745",209303.243298364
"P38753",6257.37765978622
"P38754",6249.65987259534
"P38755",6262.15972020964
"P38757",6006.23440424844
"P38759",5498.79047750528
"P38762",5981.38223796117
"P38766",5838.60866061836
"P38767",6453.58874703497
"P38768",6149.61129055056
"P38770",5944.60882945892
"P38778",6156.65927516912
"P38779",6150.70871819006
"P38780",6174.05027742087
"P38783",6173.11397002607
"P38853",7119.52971969278
"P38854",6293.27310811046
"P38855",6075.50643723075
"P38903",6298.96762001877
"P38906",6297.45324921142
"P38929",5912.45340318313
"P38930",208377.361119503
"P38932",5910.58432706957
"P38933",5909.14567883187
"P38936",5893.9010171738
"P38937",6435.59517473563
"P38942",6415.58800209884
"P38943",6420.33046057148
"P38944",6423.94104299531
"P38945",7757.87362608381
"P38947",6439.93988681519
"P38949",6451.94297191091
"P38950",227364.680924766
"P38952",6575.94414669198
"P38953",6562.7950157445
"P38955",6553.39688233192
"P38956",6571.07442150327
"P38958",6465.16241663906
"P38959",6464.32555653922
"P38962",6463.46315161427
"P38963",6475.06765757681
"P38965",6202.22159882113
"P38969",6201.03206930337
"P38971",6027.10395328831
"P38973",6021.89693509592
"P38975",6619.78256111314
"P38977",233154.935228702
"P38978",6834.03410992326
"P38981",6178.23345331387
"P38982",6176.3217402217
"P38985",5978.43884738131
"P38989",6808.64563650092
"P38990",5984.94633228461
"P39001",6748.82381353761
"P39059",7207.96145901157
"P39157",4579.12983111989
"P39310",5787.82736090755
"P39311",5791.69530133761
"P39313",204171.858449299
"P39314",6163.86635403268
"P39316",6176.05825683586
"P39317",191513.130624289
"P39318",191511.649279061
"P39319",191556.387885792
"P39420",6394.59509521729
"P39421",6396.46673737767
"P39422",6392.6715439524
"P39424",6620.16617074956
"P39425",6623.63466236501
"P39426",6450.12304976892
"P39427",6246.81502867921
"P39428",6459.70523090304
"P39429",6422.01510483501
"P39432",6245.61635091046
"P39433",6451.54438134197
"P39434",219246.43200435
"P39435",6439.8071312365
"P39436",219885.701683017
"P39440",219049.270263014
"P39443",6486.38145167402
"P39444",221392.314759006
"P39447",6267.5959906537
"P39448",7194.14904053916
"P39461",6516.47311782048
"P39463",6515.07142763075
"P39464",253816.160964293
"P39467",5924.53574520906
"P39468",6113.82819208595
"P39469",5949.67491773238
"P39470",5936.25536284102
"P39472",209876.047037729
"P39473",6151.41595651569
"P39474",6150.2690707383
"P39475",6137.96045980953
"P39476",6148.02939022632
"P39477",6128.0657896316
"P39478",6145.06125497005
"P39479",6132.40487256047
"P39480",6134.09476576361
"P39481",6561.64838012513
"P39482",5940.55485505757
"P39496",6132.91440071255
"P39498",6148.64765514645
"P39499",6142.48604828026
"P39500",6337.51056260781
"P39502",6154.56280265928
"P39506",6111.41797103788
"P39507",6107.73072420609
"P39509",6126.21683894821
"P39511",6121.62340454072
"P39587",5215.70708743973
"P39595",4745.95067685241
"P39605",4739.01884237201
"P39826",5456.37212978645
"P39991",4616.03666446662
"P39993",4612.33980707879
"P40009",4614.75449891896
"P40042",41387.6319791152
"P40102",4885.13158491928
"P40452",5960.56914808611
"P40455",5976.13701913518
"P40456",5978.35069106309
"P40458",5903.48719243892
"P40503",5521.6543121596
"P40509",5545.25361859393
"P40526",5968.43128455118
"P40527",5971.80804955087
"P40528",5970.17111828971
"P40530",5966.30966566162
"P40531",5976.01035733034
"P40532",6763.64286121942
"P40533",5972.56168002764
"P40534",5976.00039561997
"P40537",5921.32703345465
"P40538",5931.35878473932
"P40539",5918.73039277138
"P40541",5924.34221782718
"P40552",5542.39017965321
"P40553",5538.42893970877
"P40567",6052.62210100651
"P40568",6055.29723318497
"P40569",5961.70759364187
"P40571",5945.9375212081
"P40573",6579.19484213857
"P40574",5955.87060471982
"P40575",5961.79017519096
"P40576",6590.09564690109
"P40578",6588.43579136897
"P40579",5964.21666103552
"P40692",5072.17878632148
"P40794",4728.86097070369
"P40841",5411.70526287932
"P40883",5529.45369664235
"P41060",44753.2003427506
"P41457",5395.66340758528
"P41471",6225.7826071901
"P41549",164864.622793496
"P41550",164978.185018443
"P41579",166783.363600496
"P41806",6725.38254996265
"P41899",5876.55172425076
"P42005",180249.342157813
"P42049",45883.9804783632
"P42265",5980.35360446603
"P42266",5980.07894600315
"P42269",6717.8303398192
"P42270",6016.60466943353
"P42271",6014.75385925713
"P42272",6026.64831903378
"P42273",6022.47033872021
"P42274",7502.65268038779
"P42275",6012.50998145717
"P42277",6008.07702658882
"P42278",5996.34054608428
"P42279",6578.42427224238
"P42280",6574.11879935479
"P42281",5938.24743851172
"P42283",5951.97346876613
"P42284",5959.01232507287
"P42285",5968.6731168641
"P42286",5960.18456200389
"P42287",5950.1822777675
"P42288",5961.5883147687
"P42289",5949.88589171562
"P42290",5900.76696431189
"P42291",5894.58525666258
"P42292",5904.17059090002
"P42294",5969.04840188499
"P42295",5973.06566021329
"P42308",5953.97006309578
"P42313",5955.80287698769
"P42355",5945.88902906881
"P42356",5951.85681966021
"P42357",5947.62793079058
"P42358",6574.99909409007
"P42359",5938.52347413512
"P42360",6554.55967380592
"P42361",5934.63131781411
"P42364",5913.92240595941
"P42366",7255.76249094259
"P42367",5874.4701900117
"P42368",6513.0717989247
"P42369",5883.23481904888
"P42370",6533.02130640548
"P42372",5894.9635226375
"P42376",6015.11705704366
"P42377",6010.94154171196
"P42378",6019.49532468406
"P42380",6019.20815601278
"P42381",6221.3191930363
"P42384",7312.00366188604
"P42387",7335.57784227134
"P42389",7335.66770484004
"P42390",6222.47454044612
"P42391",6532.66569627314
"P42392",5911.42835796243
"P42402",5926.37537912893
"P42404",5945.44954561607
"P42405",5928.83991017994
"P42406",5950.17266843675
"P42408",5912.77904696393
"P42409",5908.71119236951
"P42410",5898.75219223153
"P42411",5884.22057327015
"P42412",6501.77007491446
"P42413",5870.96144006253
"P42414",5878.14234027809
"P42416",5896.40128643402
"P42417",5913.73847985804
"P42419",5903.50248776759
"P42420",5910.47159709817
"P42421",5912.94910268028
"P42427",6389.77377237756
"P42429",6396.82955302875
"P42431",6048.44124877292
"P42433",5467.35105890324
"P42438",5845.50374906098
"P42440",5839.4640713748
"P42441",6161.23547084155
"P42447",7029.16296018831
"P42451",6838.49265404987
"P42452",6080.90881179
"P42453",6099.69705073117
"P42457",6090.03738445149
"P42462",6078.89031958266
"P42465",6050.53444342431
"P42466",6009.65795240446
"P42468",6039.2218593874
"P42469",6032.3041241801
"P42471",6018.19470887387
"P42472",5990.53237790696
"P42473",5999.16313026353
"P42475",5993.54405360174
"P42479",6267.53049994917
"P42483",5745.83535170197
"P42484",5970.22361206866
"P42485",5962.98393793336
"P42492",7833.29554014681
"P42494",6105.8257222372
"P42495",6102.63475757761
"P42496",7820.14874120798
"P42497",6877.14715435503
"P42498",6049.18211018594
"P42499",6053.96049172887
"P42500",6065.35914540865
"P42501",6073.52616999237
"P42502",6908.92465234128
"P42504",6100.0893854744
"P42505",6108.36411603373
"P42506",5854.46852063189
"P42509",5853.49526984043
"P42510",5851.69647500445
"P42515",5883.68557216791
"P42518",5865.90153266096
"P42519",5859.83217981255
"P42520",5843.35056565338
"P42522",5848.46016851764
"P42525",5842.86141456062
"P42526",5852.59965256913
"P42527",5845.6950781693
"P42529",5836.39637402635
"P42534",5865.60838874043
"P42535",5863.51390993207
"P42539",5881.57542452862
"P42541",6586.3929875039
"P42542",5968.60160196512
"P42544",6802.94402502893
"P42546",6606.6877499989
"P42547",6587.87938238127
"P42548",6778.06707403252
"P42549",6794.79927870965
"P42551",6780.29971305174
"P42552",7040.00448951297
"P42555",6135.04870240907
"P42557",5999.24808175978
"P42563",6005.36843277318
"P42564",6253.92474748605
"P42565",6279.13629148351
"P42566",6290.06220337192
"P42567",6297.95058455843
"P42568",6283.0364297576
"P42569",6266.10897956473
"P42572",6229.47306870141
"P42573",6238.08743767716
"P42574",6250.62762481018
"P42626",6793.01498191209
"P42812",4666.74092405894
"P42853",4747.32003890991
"P42913",4500.54755409253
"P43183",4661.64276464041
"P43184",175431.733155599
"P43213",158096.055564285
"P43536",4703.86605465662
"P43540",5001.96319698816
"P43595",57793.1885019097
"P43745",7350.0012092348
"P43779",57620.2511194845
"P43821",6002.93021411922
"P43887",234042.249691445
"P43888",50748.3583700696
"P43908",8119.32049029256
"P43981",8010.59746374642
"P43995",9153.95992562935
"P01015",3662.22102967134
"P01017",3716.31112869641
"P01070",6579.18540942972
"P01074",34884.8895405007
"P01084",35012.4599767307
"P01107",4292.52811533686
"P01184",862.338207631354
"P01188",35262.0779493643
"P01236",44555.4412341759
"P01252",6106.37572506615
"P01302",4893.19588239992
"P01341",46399.3001454812
"P01371",3923.47885958058
"P01413",3577.19792231402
"P01414",3249.02510774059
"P01416",4727.85258712357
"P01435",36160.946094674
"P01442",35356.6022899011
"P01479",29476.3549998572
"P01484",1311.95848176927
"P01517",39374.2849046428
"P01537",162184.911602456
"P01546",44627.9948713945
"P01548",808.174772096928
"P01579",6775.81287053229
"P01598",37989.1535784072
"P01666",6787.79507081126
"P01686",5565.60658021693
"P01705",4922.31575547364
"P01708",5309.95466936854
"P01727",4799.31008574227
"P01742",4086.42929638137
"P01745",4425.2587942928
"P01746",5217.58365830128
"P01769",4930.10170833723
"P01797",158536.903323475
"P01823",4068.60809027285
"P01826",4212.54012759216
"P01840",36123.2469782139
"P01842",57787.0017011218
"P01852",38354.8412526514
"P01913",54426.1442078489
"P01927",5185.08537382385
"P01937",5198.82168514994
"P01940",51392.2413098051
"P01951",39618.842812306
"P01960",40762.7136519555
"P01976",33292.1794553012
"P01990",6576.14861193774
"P02066",4315.68428200828
"P02088",4225.58375643997
"P02158",38689.3640297383
"P02211",4535.15262141442
"P02212",40000.7425624899
"P02230",5101.37027833541
"P02248",5358.76323597284
"P02290",7566.97227255929
"P02296",50417.8967934881
"P02328",3349.36246242884
"P02368",4190.61583718026
"P02413",7392.80328298134
"P02414",7397.16855431589
"P02415",4885.89166415874
"P02429",4264.03179038494
"P02491",3833.8779749641
"P02531",5578.27205413945
"P02595",5132.24415531464
"P02681",43438.9830275739
"P02694",3841.99292387498
"P02696",3661.00778037514
"P02698",4824.0023742328
"P02704",6537.00069780159
"P02711",36334.4054799711
"P02766",43745.3250035647
"P02784",40680.6637207935
"P02785",4406.2133215917
"P02836",34315.7294449444
"P02840",32106.8163065584
"P02847",31340.9222806016
"P02853",4176.19704534841
"P02865",5060.61819108055
"P02881",4891.74080240567
"P02927",3662.97449147695
"P02947",3995.59764476401
"P02994",5464.07947999257
"P02996",3910.59137464377
"P03040",4215.84835355106
"P03214",4594.50179148766
"P03215",4947.69562286361
"P03285",5990.49085927991
"P03334",6257.53688131153
"P03341",6548.94972342545
"P03368",7893.435116895
"P03489",6754.701569526
"P03494",4261.8917019879
"P03505",4183.52405949667
"P03520",48482.7358960996
"P03523",5760.81744791145
"P03576",46127.0108928594
"P03598",40224.77856496
"P03611",44714.4018114689
"P03629",6416.51271964733
"P03644",5267.31841739307
"P03647",204677.439383264
"P03649",5256.43108068342
"P03651",5286.42128740322
"P03660",4599.70918294697
"P03666",5263.70710786736
"P03668",4689.82262760021
"P03797",36222.7093853922
"P03878",40670.0218076815
"P03887",4687.25879831205
"P03892",38756.8964486316
"P03903",39598.6300311905
"P03914",5396.35790900926
"P03915",55514.9943539389
"P03925",38413.4338725391
"P03947",4622.10225133146
"P03966",7526.85924337691
"P03975",5237.67612979859
"P03987",46684.823057883
"P03989",46551.3760084374
"P04050",51951.1206289883
"P04054",43786.3304193644
"P04072",6632.80938920808
"P04109",5816.71500921035
"P04122",50911.8565202333
"P04126",49790.1161820871
"P04137",38608.9337665245
"P04154",5612.27138237567
"P04188",4385.47409398049
"P04211",48649.0548637597
"P04216",36237.3257299964
"P04218",36040.7847957448
"P04220",35851.2485432359
"P04263",4895.80451503131
"P04276",37835.2653459299
"P04338",47990.457899009
"P04347",5313.6995355293
"P04355",35855.9041940039
"P04360",47241.7051520378
"P04384",203222.824625427
"P04412",35178.9336300964
"P04428",6485.96926122307
"P04498",5417.97000811325
"P04501",4617.08840353636
"P04538",3955.36138060426
"P04544",3924.844302356
"P04553",37867.3916846349
"P04694",46354.327189767
"P04742",4109.53968520634
"P04744",33576.8195346007
"P04749",3703.67651620545
"P04832",58352.549393566
"P04884",38329.2453693219
"P05053",5644.60349662502
"P05054",4636.53101392996
"P05067",4378.2198493776
"P05117",5636.36207751639
"P05154",5202.69534654829
"P05157",5183.4011550895
"P05158",175044.42139397
"P05203",3846.44168534534
"P05227",194266.313123409
"P05231",4894.99078276834
"P05233",805.492493607517
"P05260",5044.06089899874
"P05262",4712.42101999731
"P05272",40125.6499149729
"P05275",40324.5552579235
"P05279",48620.6486659764
"P05328",40328.4243080804
"P05339",5476.59488715183
"P05340",5512.82753730864
"P05346",5058.21568824883
"P05399",4322.68804779582
"P05429",4283.15803103287
"P05430",4283.55585398826
"P05462",4363.31656868909
"P05468",143419.038272695
"P05533",3738.31456231924
"P05591",4929.46376639909
"P05633",38572.5142787611
"P05656",1549.34274276421
"P05668",5967.0012243769
"P05717",1219.47660269067
"P05740",3848.54330775287
"P05783",4376.08317420104
"P05798",5942.2310623562
"P05903",4977.48324460938
"P05927",215619.337093816
"P05942",5265.6344608394
"P05952",8170.91331249143
"P05960",6424.15161719747
"P05961",195152.895300823
"P05973",37536.6975299624
"P05974",37743.8177236985
"P06015",4488.87138620897
"P06018",36325.3052206964
"P06024",4508.32008559622
"P06040",35135.5736067897
"P06056",46707.3621618999
"P06074",53632.5688488922
"P06082",47751.4400732749
"P06102",37810.4013490067
"P06148",180816.11720145
"P06229",45478.8727294688
"P06307",5339.41047658368
"P06338",4432.26138790063
"P06342",51077.3387886655
"P06349",6506.28093694414
"P06350",4856.32908097598
"P06377",147110.69555334
"P06409",4620.42912122972
"P06723",5256.31609339913
"P06859",3997.32879117086
"P06905",4084.48135287288
"P07031",156052.681679491
"P07060",3186.14846010072
"P07080",3836.46358765429
"P07094",3811.78055659856
"P07153",30216.785392692
"P07157",35093.578953524
"P07336",32654.7876653087
"P07358",3923.98637861884
"P07484",3966.42851975026
"P07622",187912.590387036
"P07652",31832.9751428393
"P07719",3714.92397403003
"P08043",31375.8294389904
"P08149",3843.66970222422
"P08197",3900.74335222477
"P08198",151168.484874294
"P08210",4130.83200408807
"P08262",3651.3946395237
"P08274",3713.2943431313
"P08276",3721.67674236689
"P08304",35176.1574476537
"P08361",169160.535397807
"P08377",169727.181810285
"P08391",35741.6956505188
"P08393",163406.564171869
"P08410",38736.434949242
"P08451",4304.44117514297
"P08485",3280.03906272651
"P08521",4160.88047979083
"P08756",148682.153340513
"P08794",3960.66303065761
"P08813",3981.812082535
"P08827",4233.82217725927
"P08846",3764.3293569438
"P09218",6099.12634017663
"P09360",3404.86165310154
"P09394",36368.5553512149
"P09476",3873.23432205783
"P09605",5114.32327782907
"P09619",3966.37689335849
"P09639",107976.583404501
"P09703",4299.6901249645
"P09814",4049.63914045187
"P09816",3937.07695343831
"P09817",3877.81109416981
"P09967",2842.47142599647
"P09990",4578.06483533243
"P09991",4473.47208680427
"P10000",169155.89941425
"P10025",4467.05342328728
"P10031",4953.57557787181
"P10038",7050.52669065203
"P10121",157744.769736325
"P10210",37136.8940229964
"P10212",34262.8734374348
"P10222",35144.2034006983
"P10251",5509.06521795871
"P10256",4730.79230273769
"P10330",4603.03746603782
"P10416",4437.80240529105
"P10418",4327.74562238658
"P10419",4452.98232769999
"P10422",4850.74885038648
"P10424",4479.71410356716
"P10427",4452.01578399569
"P10429",4323.51604663413
"P10433",4661.72076252808
"P10436",5018.48901984808
"P10439",182039.267782651
"P10440",164315.156188233
"P10441",4213.74995322787
"P10442",169667.816737392
"P10450",5578.67298192289
"P10492",37997.7215017615
"P10548",4694.94301358335
"P10554",4565.12179085969
"P10573",4856.19469913226
"P10626",3910.79884960657
"P10627",3901.60351884327
"P10631",4104.94898568481
"P10633",4024.78122138565
"P10635",3796.87036828
"P10638",3901.3300968002
"P10665",3747.5067759461
"P10668",3871.56753528463
"P10669",4285.95324522225
"P10677",6290.86449521205
"P10683",4887.71727657609
"P10686",4357.53651767472
"P10688",4657.96737288742
"P10689",5423.26956232862
"P10696",4575.05636383388
"P10698",165906.342594912
"P10700",4441.14251739321
"P10701",4469.6501297033
"P10702",4473.35229221039
"P10710",4964.54469863719
"P10713",3930.44408381787
"P10727",34215.0004637101
"P10728",3708.86180383606
"P10729",34187.942034096
"P10733",36837.5967672335
"P10737",4223.43504283974
"P10739",3714.6658568872
"P10740",3745.12442184702
"P10741",3753.10002524185
"P10746",35684.5989977197
"P10765",4448.33675382105
"P10766",4393.11046798521
"P10770",4573.3258779357
"P10771",4467.9357770185
"P10772",4382.85532870258
"P10776",4355.18179912413
"P10781",4685.67527647863
"P10904",5112.26951997731
"P10910",2828.56681274052
"P10995",5396.17748896607
"P11034",5683.61313708924
"P11035",5059.51002788656
"P11036",4929.94967072868
"P11039",5074.16168984851
"P11040",4862.90514505461
"P11041",5298.26759936582
"P11047",5125.10597846187
"P11048",4988.01832849373
"P11058",5777.0721665643
"P11059",5073.56228637696
"P11061",5068.4797438066
"P11069",5029.07414846434
"P11074",5408.30037519388
"P11109",50192.4531591624
"P11130",5173.67868011074
"P11132",4570.18277383271
"P11146",4947.30565239836
"P11234",4768.37212694015
"P11238",5455.42567326942
"P11239",5004.99280036081
"P11245",4801.44142792449
"P11253",4843.48968421976
"P11254",4798.90282613139
"P11294",5740.20742978708
"P11295",4801.31729005392
"P11298",4853.16041391151
"P11310",4815.7164377243
"P11311",4790.97588110559
"P11313",177203.324252367
"P11315",4763.15360981726
"P11317",4646.7777742579
"P11319",5250.69665670656
"P11320",4878.17111642846
"P11321",4853.5108317043
"P11363",5010.71593591074
"P11430",4038.10512861276
"P11495",4908.27081479609
"P11534",4359.72702926705
"P11757",4223.12820304761
"P11758",4737.0631198224
"P11773",4373.45943480393
"P11778",4556.43238041812
"P11781",4392.38559849467
"P11784",4592.82481340957
"P11785",4571.75137096554
"P11795",4400.49579910751
"P11817",4482.26397899437
"P11855",4903.54409212307
"P11857",4913.10123309006
"P11858",4787.50444481238
"P11859",179655.285794996
"P11861",5195.49587232982
"P11866",4596.32611540917
"P11867",5981.4131004919
"P12038",4151.15207555288
"P12040",4093.91177973331
"P12105",38204.3927665908
"P12114",4287.80457019208
"P12120",4989.55225301272
"P12175",4632.64893182421
"P12235",4583.11714675468
"P12319",4764.64866149426
"P12387",4600.76226567446
"P12388",4775.91751957106
"P12442",200523.392243445
"P12443",178010.465720167
"P12446",178854.496996056
"P12447",173140.711031671
"P12448",178621.739433542
"P12449",5167.63849866193
"P12451",4611.3767662138
"P12454",4829.8820528247
"P12455",4909.1371033584
"P12456",4872.30659575426
"P12458",4577.64338119317
"P12467",4600.01563075309
"P12470",4699.77549240047
"P12471",5134.04496704817
"P12474",4908.00251951222
"P12475",4840.79102081211
"P12476",180157.50958448
"P12477",4645.40926801068
"P12479",5300.12075668602
"P12480",4804.39985572927
"P12481",4828.8268708809
"P12485",4869.6470086786
"P12486",4792.91934832678
"P12489",4724.69147459455
"P12490",5517.97470775622
"P12491",4779.72894068475
"P12492",4674.98439384981
"P12521",4709.78320167233
"P12524",4933.01890520444
"P12526",4944.45807105366
"P12528",4759.67371251714
"P12554",4750.07545207229
"P12629",4587.33300282345
"P12696",4041.57094544783
"P12722",3709.88447433583
"P12746",3564.00195764287
"P12893",3688.29836624614
"P12934",4635.46610746474
"P13095",3749.53566317301
"P13100",3917.59103376758
"P13303",3797.33763386004
"P13335",34851.1884065241
"P13475",3879.04598753216
"P13626",7090.95316748223
"P13653",4609.38425743861
"P13655",4639.90814373875
"P13669",4487.88035513893
"P13756",2464.63231817894
"P13778",45797.7266364737
"P13779",35886.2342556843
"P13780",43276.5603868253
"P13784",214443.130484763
"P13785",5263.505262128
"P13791",38706.243519678
"P13810",43733.6539915261
"P13891",3742.77201810679
"P13892",4035.1764151113
"P13894",4325.60042674838
"P13895",4762.33275951516
"P13900",4478.69442372529
"P13917",5439.3804375901
"P13922",4615.73589643225
"P13930",4644.77942186802
"P13935",4544.93374195122
"P13965",4857.53251235842
"P14015",4619.97509582166
"P14016",5807.06658871309
"P14017",4644.74899531638
"P14100",4640.20958476776
"P14305",6794.2068939892
"P14342",3581.6131102916
"P14358",4360.03070206542
"P14444",4977.67528158036
"P14445",5241.31541908071
"P14449",5118.65305945602
"P14454",4980.98921354584
"P14456",5011.43420560051
"P14465",5060.35112759476
"P14472",5034.3450362774
"P14474",5028.50867463863
"P14551",5164.4812850547
"P14557",5136.12053787641
"P14558",5306.76403194867
"P14561",209623.426508189
"P14574",5086.12544746927
"P14579",4828.568007462
"P14583",5016.1400041414
"P14604",5144.71221616786
"P14617",5160.42584269657
"P14658",4837.92567065053
"P14660",5324.16335198673
"P14668",4728.75791383883
"P14670",4635.26701220478
"P14671",4537.34906998446
"P14704",4377.89816626844
"P14744",5393.95187457604
"P14836",4619.55104258113
"P14949",5307.4224761785
"P14968",5070.8581472807
"P15054",4528.26367089374
"P15062",4975.06047157332
"P15075",4642.21000687175
"P15076",4763.30488334553
"P15077",4646.41422490044
"P15089",4708.57215136513
"P15092",4471.76247556694
"P15113",4105.92784973873
"P15130",3487.0675486701
"P15164",3736.8914031332
"P15173",3926.8651611293
"P15193",4819.84201177257
"P15194",4734.68899125455
"P15259",4789.99674334949
"P15262",4754.36950795738
"P15266",4546.02023577432
"P15271",4774.14479554554
"P15275",5491.19239475345
"P15281",5065.41254180827
"P15301",4728.03238780978
"P15303",4625.80774602854
"P15304",5019.76012021755
"P15312",4781.20574879306
"P15315",4777.83372937827
"P15316",4816.04180321645
"P15318",5193.37900133946
"P15322",5426.85340933677
"P15323",4670.05498393554
"P15329",4940.57943120853
"P15330",4939.67678373419
"P15331",181644.910011916
"P15332",4678.64253496428
"P15334",4800.24546478952
"P15336",203699.779791621
"P15408",4988.02534345947
"P15415",4903.36437934944
"P15420",5369.77165262708
"P15421",5102.15839077074
"P15425",4873.41816523764
"P15435",5094.53198308956
"P15437",5160.11778376671
"P15445",5220.00895072248
"P15448",4136.68357228481
"P15508",34819.5224873422
"P15510",35261.755415625
"P15533",3780.99813438978
"P15538",5508.6703948107
"P15704",4705.31029002284
"P15729",4779.71321543909
"P15745",161418.587241686
"P15789",3587.91081062921
"P15830",4058.56301623313
"P15857",4303.84366756381
"P15860",3721.05448039411
"P15942",4499.61675618463
"P15946",5796.40308815053
"P15950",4913.18069933287
"P15965",4662.55968215981
"P15969",4667.24156313893
"P15973",4690.56997062398
"P16079",4872.48673840063
"P16155",178296.437853889
"P16156",178765.252505895
"P16157",177330.915765417
"P16160",4869.02628070573
"P16182",4492.47244570046
"P16213",38191.9650033569
"P16228",3936.08060985176
"P16355",3527.25994813368
"P16371",4264.16629243762
"P16381",4695.51597737903
"P16382",5009.20698254357
"P16383",4870.27852265555
"P16384",4819.23249781543
"P16387",5227.00293790791
"P16388",5203.08409143708
"P16390",4908.02465832462
"P16429",4214.01789855223
"P16446",4783.32501093571
"P16470",4577.02425737405
"P16471",4476.07056256322
"P16473",4549.56417500292
"P16475",5134.99847837179
"P16479",4477.81312932444
"P16481",4668.24360725041
"P16513",4672.66681489148
"P16514",5170.07223317743
"P16561",4787.24362619376
"P16597",5394.56475156107
"P16598",5103.38992601498
"P16615",4185.38783930584
"P16628",4006.11170558355
"P16675",4517.04382197857
"P16884",5189.76690519865
"P16892",4941.46033431199
"P17003",3959.42252629323
"P17008",3397.14763272508
"P17151",4716.68439278839
"P17152",4588.44718528172
"P17180",4016.17166581577
"P17220",4592.65634839285
"P17224",4583.92116650672
"P17226",5918.93888505239
"P17266",4536.87748164469
"P17318",4454.13419600609
"P17441",5606.44994787681
"P17443",5105.1687750472
"P17450",5014.83205241402
"P17497",5772.86893026368
"P17506",5786.23763035869
"P17515",6620.55408535245
"P17528",4831.60399065489
"P17529",4893.24941312753
"P17904",5058.92182266247
"P17933",6347.95008221759
"P18187",5406.42858063714
"P18265",5218.70383168952
"P18314",5169.85525788865
"P18322",4741.35731000951
"P18325",5109.67673347093
"P18334",5157.95243422843
"P18354",4972.65786488043
"P18421",5105.71759847883
"P18435",5064.38702041476
"P18505",4891.86646777385
"P18588",3780.38013095655
"P18593",3672.36466052869
"P18618",3877.86402078606
"P18766",4960.25664075108
"P18847",3811.72514677823
"P18871",3725.32024162362
"P19146",3605.61419310838
"P19147",3397.7381090225
"P19263",4659.79922948298
"P19285",3920.13383562227
"P19372",4802.52117403464
"P19374",4040.99806972345
"P19429",4084.74786589325
"P19688",198532.281823156
"P19689",4725.41001705509
"P19692",4786.71816813431
"P19705",4940.44423698276
"P19707",4948.46610778864
"P19708",5135.46466557693
"P19712",5080.05159930248
"P20126",5691.30706119188
"P20128",4788.85838976573
"P20133",4751.77412670682
"P20134",4987.14941728494
"P20250",4864.0466013141
"P20357",4997.91010145649
"P20367",5113.29271226344
"P20369",5173.23835937302
"P20375",5270.7130221221
"P20419",3998.36946173802
"P20902",4253.6134266495
"P20980",3591.25392007229
"P21063",4049.77057462043
"P21093",4242.85024658999
"P21099",4246.08064654144
"P21153",3620.58701428854
"P21188",4632.90960470444
"P21190",4657.05747858153
"P21191",4856.05018654143
"P21286",5055.87551144972
"P21377",4725.29440565005
"P21380",4018.17989840777
"P21399",4497.42581654719
"P21645",4221.49556335243
"P21647",4222.37016227143
"P21774",4699.0536297932
"P21838",4206.70393891315
"P21870",4128.195701097
"P21899",5247.81374406702
"P21900",5253.43601081389
"P21901",5244.36564411177
"P21902",5257.0212245079
"P21903",5261.61411951319
"P21905",5267.879298727
"P21912",6028.89335931693
"P21916",5339.10938314333
"P21918",5321.94314167215
"P21922",6785.21617643694
"P21923",5704.6363259267
"P21926",5161.49971846292
"P21927",5162.30456674461
"P21957",5215.51401590893
"P22034",5188.91280688676
"P22656",4933.12371896666
"P22658",4941.45034151845
"P22673",5068.44066515978
"P22679",4972.40929666838
"P22680",5463.94232784841
"P22681",4981.34228358617
"P22683",4971.1412667315
"P22684",4973.97894656242
"P22687",5465.10899288148
"P22688",4966.6522931922
"P22897",34311.3576277766
"P23151",3810.671569362
"P23154",4205.3889946635
"P23156",4089.76904985197
"P23241",3831.95562689872
"P23261",4003.46992528161
"P23328",4084.37323205459
"P23444",5818.80213820485
"P23521",5037.77448917443
"P23550",5346.88054075713
"P23720",5215.72489823228
"P23733",5455.53688584657
"P23839",5524.78426404283
"P23861",5125.49153813139
"P23931",5674.89636151967
"P24016",5223.70884908981
"P24132",3696.83702540236
"P24351",4203.55514629906
"P24493",3955.57554368121
"P24551",3812.81284731271
"P24747",5090.83493795102
"P24748",4992.8290235855
"P24758",5038.42134896413
"P24789",5753.76815062616
"P24831",5160.32778402742
"P24870",4983.65515666538
"P24906",5039.49851936929
"P24911",5039.51672868341
"P24922",4716.0599506977
"P24957",5012.10222222822
"P25015",34088.3835867034
"P25074",3835.37108897878
"P25148",3995.96322122333
"P25154",4031.23620213379
"P25191",5064.00636060686
"P25225",4898.14131736118
"P25279",3004.82566976637
"P25419",4894.64953142997
"P25423",4907.31526612417
"P25425",4902.12328045836
"P25426",4896.04032837967
"P25485",4930.12653895191
"P25487",4928.23712434416
"P25502",5078.35664907614
"P25691",3780.5406356763
"P25693",3780.18043738811
"P25979",4844.98789725696
"P26047",4541.60105089755
"P26383",4713.17514250511
"P26393",5115.16511559894
"P26439",3563.6536151552
"P26461",3791.43867670603
"P26540",221308.147121275
"P26574",4927.08162571851
"P26684",5224.58048303784
"P26726",4958.43095254012
"P26729",4561.96710756107
"P26732",4723.39776727581
"P26734",4878.73863211685
"P26778",4200.81486700273
"P26807",4074.98647015202
"P26863",5113.92186709855
"P26973",4072.08710542418
"P27048",4050.65005792452
"P27153",3794.74790372586
"P27174",3660.35077779096
"P27212",4323.84398502981
"P27218",4321.34089659308
"P27229",4663.70208604133
"P27241",5013.16083524903
"P27242",4278.2803180593
"P27295",5378.15994941174
"P27296",5379.10057541329
"P27299",5161.74824715714
"P27340",5022.55898376599
"P27410",5249.55268987326
"P27414",5155.53962907396
"P27416",5151.26075680157
"P27504",4910.29154449463
"P27508",5094.95731691762
"P27516",5403.13535543382
"P27517",5950.77363990505
"P27518",5388.74354920774
"P27519",4892.73310628728
"P27523",5403.95942518888
"P27545",4871.17398811248
"P27547",4870.38156557562
"P27553",4872.9040140005
"P27555",4874.12748500435
"P27560",4869.99955700233
"P27561",4872.41046393971
"P27566",4871.59591282744
"P27577",4884.23641282016
"P27580",4897.14417332415
"P27586",4920.24959400959
"P27587",4924.68736211841
"P27590",5406.99059379354
"P27598",6137.76382441628
"P27600",6134.15095185985
"P27607",5084.4061638107
"P27609",5162.70110589455
"P27620",5236.23269153554
"P27627",5212.21671967527
"P27628",4949.41318998226
"P27645",44332.6537461139
"P27648",4785.18269811765
"P27649",4784.9120562983
"P27723",5127.98193566086
"P27734",4915.14551187767
"P27801",4658.89027923267
"P28236",216388.102973219
"P28239",4977.13427332092
"P28241",40703.119172562
"P28242",40706.9177443142
"P28246",4665.97318439423
"P28253",4658.18907062236
"P28254",4659.7933503119
"P28257",4655.82561108735
"P28302",2606.1509750184
"P28303",2606.45354349869
"P28304",2605.23438266666
"P28389",5809.55288345855
"P28416",4803.83826445212
"P28472",5286.92775258688
"P28488",6071.84653899954
"P28526",3915.77292967902
"P28541",4201.25018538024
"P28707",41559.0268725759
"P28714",5333.05561112426
"P28732",5489.96832694364
"P28740",5460.6810335619
"P28776",5999.68398978747
"P28859",5222.57411807292
"P28862",6082.75257364623
"P28877",5083.43219155257
"P28878",5086.36829360018
"P28882",5717.88178149552
"P28883",5117.32318525919
"P28884",5112.94729161223
"P28885",188034.841523342
"P28886",187924.659846983
"P28894",5009.63816854588
"P28895",5016.13200282748
"P28898",5006.48743480561
"P28900",5002.97238870544
"P28902",5202.24717222213
"P28905",5433.00887357656
"P28908",199441.478486728
"P28912",5300.11548732752
"P28919",5962.43292107863
"P28931",5110.15736492308
"P28935",5127.79074997245
"P28937",5712.90756856217
"P28945",4998.73327192897
"P28946",5165.4069777821
"P28947",5159.40340145436
"P28948",5142.6397140772
"P28951",5169.14046098744
"P28952",5178.47119190307
"P28953",4973.96590936864
"P28955",4780.84718154193
"P28961",4785.27864022091
"P28963",4775.35766988379
"P29034",5139.25950835448
"P29041",5092.52410545638
"P29043",5658.60567190871
"P29047",5374.57947435694
"P29064",5367.66630547916
"P29066",5373.01969399176
"P29073",5113.47281236839
"P29083",6973.5115358653
"P29087",6989.86547099032
"P29101",4844.69303017269
"P29104",4851.20304953332
"P29106",4846.02544133068
"P29107",4850.72947862121
"P29173",4960.04650239571
"P29193",5192.06775010012
"P29211",4704.95433607567
"P29214",5134.56986539696
"P29217",5090.36925132092
"P29244",3890.54567815352
"P29256",3884.05372495501
"P29269",3844.20201548889
"P29293",4605.40389042914
"P29295",39581.9446025258
"P29344",4910.04686684654
"P29345",4912.74914035087
"P29393",5097.46616692898
"P29432",5331.13913409428
"P29446",5645.29995474467
"P29476",5672.20724577636
"P29482",5582.02240400999
"P29490",5074.93954110525
"P29496",5688.40945116866
"P29505",5691.18434153168
"P29524",5081.06963987426
"P29530",5321.59057176527
"P29605",4255.42036244564
"P29733",4806.79793490079
"P29770",4742.89801825937
"P29778",4720.51125223255
"P29793",5056.65235315938
"P29918",196180.168438971
"P29982",4485.815823106
"P30033",4854.89455192272
"P30036",4813.12532481713
"P30038",5156.17497025634
"P30039",4892.69445937357
"P30040",4884.58587927733
"P30043",5147.30840385867
"P30047",5159.04828788481
"P30048",5165.02683701909
"P30049",5171.47345830661
"P30096",5467.64421324986
"P30261",5463.73663065497
"P30286",5384.31088878928
"P30301",5282.45839151439
"P30331",5505.15519830617
"P30462",5271.16188619322
"P30469",5268.54166671466
"P30471",5266.0692365639
"P30474",5250.86958671324
"P30475",5251.92294068435
"P30480",5472.3510844115
"P30481",5480.58733783903
"P30485",5410.10722266623
"P30487",5409.55243710029
"P30491",5303.34143253627
"P30492",5966.83787173446
"P30493",5242.80154134875
"P30494",5251.7205755181
"P30500",5217.08710906325
"P30501",5229.21800711987
"P30506",5709.14692828783
"P30653",5640.66715690095
"P30746",3733.36859153749
"P30776",3824.91848084822
"P30809",4230.69124156062
"P30871",4520.5529643551
"P30880",4430.42049696514
"P31178",4843.27491607082
"P31338",4790.06117459056
"P31339",5618.85493495627
"P31367",2606.59545069711
"P31370",2882.18468338844
"P31444",4786.90480753672
"P31462",4935.34071793079
"P31465",4870.43914865671
"P31503",4542.13979658307
"P31612",183206.454615699
"P31636",36895.4778729282
"P31638",40406.0649115853
"P31643",4102.50485538727
"P31648",3973.40579329107
"P31715",4942.44033940435
"P31770",4058.18124066298
"P31810",5322.56315383556
"P31815",5596.97672795666
"P31816",6708.18391802397
"P31818",5596.5051790307
"P31848",4744.24711615825
"P31880",4917.94505664827
"P31918",237622.374894733
"P31930",5633.91600634973
"P32231",39782.7407068735
"P32310",33452.6596490812
"P32367",4129.35124364947
"P32444",4076.07203362403
"P32686",4295.77068294105
"P32687",158424.66699199
"P32783",4362.05912820084
"P32925",4513.62238127092
"P33324",3436.80521735435
"P33542",3528.97668485363
"P33584",2965.42534435794
"P33807",3644.35951297543
"P33832",3842.65084294682
"P33850",4061.48051927597
"P33856",160301.659315301
"P33927",35819.1159968205
"P33935",35854.4440570041
"P33936",35841.9635230689
"P33942",40375.4476970017
"P33973",164400.979720918
"P33974",36464.4934353071
"P33976",3919.09054096001
"P33982",34340.1130998256
"P34142",4924.95227037075
"P34143",5460.93877176663
"P34145",4984.27033823803
"P34146",4976.82913165686
"P34147",4981.69138500574
"P34148",4974.5311280208
"P34190",4639.74010604047
"P34192",4431.88179897393
"P34227",4539.67916621361
"P34259",4826.66636373977
"P34280",4761.91900086932
"P34281",4757.0261703163
"P34288",4863.60433464875
"P34391",5051.8596275488
"P34393",5056.68959794245
"P34394",5060.07284188675
"P34396",5060.43757743375
"P34397",5058.28591693203
"P34398",4944.86036450697
"P34400",4943.97455674739
"P34401",4950.97507598322
"P34402",4942.86698957371
"P34403",5109.51312888711
"P34404",5725.27652963517
"P34406",187986.456651412
"P34407",187847.411636108
"P34408",5118.36159424719
"P34410",5255.0481059823
"P34414",5043.63378675579
"P34418",184938.623772464
"P34419",5027.43303072525
"P34421",5022.09645180707
"P34422",5148.6767454476
"P34425",5150.97131942741
"P34426",5118.35847342005
"P34430",4659.05724053943
"P34432",4655.61075458667
"P34433",5020.26188430541
"P34435",5008.29691899684
"P34436",5014.14031364223
"P34437",5019.71054460871
"P34438",5023.66305183822
"P34440",5148.52441378386
"P34442",5155.87005875604
"P34443",5150.31922271719
"P34452",6963.17738631426
"P34454",5247.53978091889
"P34455",5250.04564233702
"P34456",5215.77213795963
"P34458",191315.621346723
"P34459",212392.749301491
"P34462",5140.82410970746
"P34463",188553.296744987
"P34464",6285.1360045048
"P34465",6205.44939020659
"P34466",5328.12219820309
"P34471",4937.94544432725
"P34515",5003.41351176618
"P34516",5000.17905192862
"P34521",5004.1936024807
"P34522",5008.81823768406
"P34527",5015.15838074671
"P34528",5010.20164246217
"P34529",5012.16289172748
"P34562",5637.33631493558
"P34629",4985.62911944231
"P34723",4993.07845086222
"P34760",209960.35832156
"P34854",4915.9321999345
"P34856",4915.3963932067
"P34857",4915.55487064636
"P34870",4579.80105596224
"P34879",4813.1260162572
"P34889",4820.47297330312
"P34891",4823.26830478255
"P34896",4815.61750442558
"P34898",4816.37769454023
"P34899",4814.6096693447
"P34901",4816.19821765854
"P34902",4813.51621061857
"P34959",5155.19860394723
"P35002",4798.19748585438
"P35040",5067.01699815395
"P35078",4709.7412731726
"P35081",4747.71426114359
"P35098",6390.78591568729
"P35167",4374.75550231442
"P35169",4381.89433781339
"P35171",4372.91936932937
"P35238",163222.521067568
"P35275",182399.755765964
"P35309",4641.40699430715
"P35312",4636.23471933839
"P35313",5314.80385918735
"P35317",4638.2638961816
"P35318",4644.49657838772
"P35321",4645.30611086074
"P35323",4400.47409979348
"P35325",3865.29189767656
"P35327",4234.16481308589
"P35328",4976.54908020272
"P35330",37350.2850055966
"P35334",4071.57698627513
"P35335",4077.40541039551
"P35336",4627.7676678502
"P35337",4058.11819454073
"P35338",4066.75981248431
"P35340",4657.47544679114
"P35342",4082.3804225029
"P35343",4078.0917977321
"P35344",4064.60399592064
"P35345",4062.4278208454
"P35346",37776.3769102504
"P35348",4075.37775089354
"P35350",43078.8172247528
"P35353",36155.8690838571
"P35355",36178.6961431379
"P35356",39888.8507802757
"P35357",36212.2654766073
"P35358",45541.5600254002
"P35359",40856.167183591
"P35360",36718.5835166023
"P35361",37210.3071676342
"P35362",4005.30348188298
"P35363",37198.1100223435
"P35512",36731.9899643457
"P35513",3955.49036934479
"P35514",36707.7930988772
"P35515",42060.1631428026
"P35516",37179.1267937881
"P35518",37788.7251405592
"P35644",36074.1597503731
"P35972",5214.01595066462
"P35973",191654.768579214
"P35974",191907.876246386
"P35976",5185.35230275112
"P35998",223877.52505208
"P35999",5283.51004949354
"P36005",5279.84896070261
"P36007",5281.49022341623
"P36008",5284.00061068513
"P36009",5279.9522766879
"P36013",193762.101863027
"P36017",5269.71616009188
"P36039",2653.34687696587
"P36100",4253.85125064594
"P36165",4914.00980153164
"P36183",4727.15185295005
"P36184",4722.73587283238
"P36199",4516.81157999835
"P36232",4738.34065602151
"P36250",4637.32428586979
"P36268",4664.64327488135
"P36281",4744.60447470387
"P36370",4751.15721657332
"P36371",5067.30906580053
"P36412",4965.29535442596
"P36418",4772.47708596577
"P36527",5251.09637055358
"P36529",5303.38728785602
"P36567",5005.39403442554
"P36636",4665.47823103265
"P36671",41116.4439513474
"P36707",40818.8755489602
"P36708",40759.2401269776
"P36710",40821.021660647
"P36724",5942.10737157411
"P36770",3775.14780208112
"P36840",3769.31903670485
"P37038",39682.7358525749
"P37059",4562.92304779945
"P37114",5146.4271583522
"P37124",4735.57025202865
"P37131",5015.24876492547
"P37270",5170.61657604115
"P37286",5013.31374769149
"P37290",5017.48133058378
"P37291",5015.22936364534
"P37292",5868.01125184563
"P37295",5204.28575563113
"P37297",5187.12942648313
"P37298",4719.00363126184
"P37299",173520.337324338
"P37302",4725.1891818166
"P37303",4723.23274358205
"P37304",4721.40035658009
"P37305",5128.16701716733
"P37306",5131.50455090151
"P37314",182865.870585696
"P37317",198855.221122781
"P37319",5036.94635763207
"P37322",5039.12290841077
"P37323",5025.46718132587
"P37326",5123.29440685041
"P37328",188085.776341764
"P37329",5247.31343634114
"P37330",5252.51643546674
"P37360",5082.95425337925
"P37362",186250.852577994
"P37363",5079.20804452099
"P37366",5094.15111826231
"P37369",217475.883635407
"P37371",5215.20508308491
"P37372",6794.33766594478
"P37375",5279.97976029829
"P37376",194263.725714043
"P37377",5270.19387948667
"P37378",183234.772597525
"P37379",5003.10490194871
"P37381",183343.835988628
"P37460",6563.84466006647
"P37513",5635.74911213206
"P37562",5187.14353770582
"P37563",190221.624709446
"P37564",5174.05537698774
"P37566",5862.92970181608
"P37584",187944.936157352
"P37585",5102.36042873033
"P37586",5095.45623438273
"P37588",5099.60470361069
"P37589",5106.96237329067
"P37590",5105.09754202333
"P37591",5113.71724513306
"P37593",5128.61078097678
"P37615",5112.68569311292
"P37616",5117.16605468557
"P37618",5094.97105426522
"P37619",5094.76810042842
"P37635",181887.79405843
"P37637",5392.97695927673
"P37638",5403.35011958266
"P37641",4975.57088166349
"P37642",4965.29904689228
"P37644",5363.12137804726
"P37645",181976.633350462
"P37648",213241.659654927
"P37650",181406.863114134
"P37651",181185.70845922
"P37653",180983.542538159
"P37654",195609.293289644
"P37657",5113.91899236993
"P37658",5121.05050239957
"P37660",5138.31208453545
"P37661",5139.76436892228
"P37676",5053.23427198237
"P37677",5061.72092557056
"P37680",5049.46870935454
"P37681",5050.42826711212
"P37682",4868.14514497104
"P37683",5070.82652778507
"P37684",5082.64702650307
"P37687",5067.63912215614
"P37689",5062.33433200594
"P37757",5108.40421252825
"P37765",5011.55004914017
"P37768",198519.654348037
"P37770",182995.4765342
"P37771",4988.00536095052
"P37772",183569.879410157
"P37773",183820.19083541
"P37774",4993.551494922
"P37775",197709.091276381
"P37778",182927.689002228
"P37782",180555.165881321
"P37784",196170.034116174
"P37787",181581.877527034
"P37790",181288.378127573
"P37792",4920.80027073232
"P37794",180245.314334984
"P37795",180644.102832838
"P37796",180746.281139279
"P37798",180038.1660972
"P37799",4904.21711240395
"P37801",5283.25518052686
"P37802",4891.78834918319
"P37803",5262.77653329223
"P37809",5998.23497742195
"P37810",188430.156941328
"P37811",5147.25370395197
"P37814",188437.807367333
"P37815",188560.521270006
"P37816",188241.438459619
"P37827",5027.11418665076
"P37828",5041.30090468132
"P37842",5139.40880547135
"P37843",5149.18507455785
"P37849",4861.84117725246
"P37853",4855.70207294802
"P37909",5004.40924942897
"P37952",40280.1367999495
"P38217",144121.060710352
"P38238",3907.22140692236
"P38329",4959.56109376542
"P38333",4953.04165942018
"P38361",5406.93990090252
"P38364",5405.40736228761
"P38377",5390.52688418605
"P38404",5227.58466914443
"P38469",5558.09987761946
"P38470",5536.98833577486
"P38473",5145.97783030781
"P38474",5125.15589565706
"P38478",5035.26316961696
"P38504",4628.99232228854
"P38576",4551.90930731353
"P38580",4578.63861784764
"P38644",5567.17248841686
"P38706",4825.91651368855
"P38707",4824.99212921026
"P38721",5334.07330018287
"P38732",4979.56017603533
"P38736",5803.73749083089
"P38738",5147.88597786264
"P38746",5287.80846990191
"P38748",5326.47089184281
"P38749",6322.6311143164
"P38750",5503.78301616121
"P38751",5229.49499237355
"P38756",5341.39613111262
"P38758",5349.69353810861
"P38765",5197.37395392113
"P38769",5046.52352813905
"P38776",5450.25362998175
"P38777",5454.90857000478
"P38782",5218.42164946879
"P38797",5389.36644622403
"P38845",5073.02587680804
"P38961",5364.05467852062
"P38986",5122.6029353043
"P38987",5394.34338016507
"P39061",5234.77147803585
"P39141",158227.287178475
"P39146",4381.68779214466
"P39153",4770.40329179738
"P39161",4401.5876366861
"P39162",4399.66834288618
"P39285",5186.53282081646
"P39445",5358.96707249744
"P39535",37705.6641305031
"P39600",4291.34114468532
"P39620",4943.92747734514
"P39633",4995.26336496199
"P39645",4650.27560432809
"P39646",4650.17088238992
"P39647",4650.19137573551
"P39748",4603.79790701767
"P39753",4825.15121806641
"P39764",216374.96863449
"P39777",4689.63156187035
"P39781",4563.22131950442
"P39786",4664.35946922987
"P39787",4670.27931065698
"P39797",4863.33212314452
"P39798",4471.93277420309
"P39806",4449.54941221431
"P39809",5188.25978134291
"P39812",4513.7899843141
"P39813",4508.2934273296
"P39818",4481.37113769593
"P39820",4476.55492081946
"P39824",4455.71069617328
"P39834",4647.37006996323
"P39835",4642.88376232615
"P39836",4787.79708297938
"P39841",4806.15217482519
"P39844",4993.61564268116
"P39863",4654.41716159153
"P39928",4433.77534605832
"P39937",40207.4139263254
"P39940",36619.1205527453
"P39943",3943.46369627912
"P39944",3945.93982278259
"P39945",4004.85774448748
"P39949",37322.1110964859
"P39951",37321.9554575176
"P39968",36067.8150478082
"P39976",36156.3846702893
"P39978",36073.3338357214
"P39980",36228.4980330792
"P39982",36231.5155834493
"P39984",36450.7839286704
"P39988",36314.1664471291
"P39990",3872.52730827993
"P39992",3882.26949793093
"P39994",3872.56529549895
"P39996",3867.76150721053
"P39997",4222.59995553101
"P39998",3863.45968153453
"P40000",3854.76340686655
"P40002",3845.69587744718
"P40007",3871.76035448931
"P40008",3881.68781633382
"P40010",3879.35100518417
"P40012",3872.87232508885
"P40018",3852.27663236308
"P40019",35791.8266177129
"P40103",4141.13802188856
"P40104",3839.84081798969
"P40105",3846.64243432753
"P40107",3850.90879354615
"P40108",4403.84940966805
"P40109",3963.66213534055
"P40112",3972.22499947029
"P40114",3941.63187268717
"P40116",3969.4359844971
"P40117",4412.30047636761
"P40118",4629.82107454705
"P40122",3962.32516802016
"P40124",3949.41096854577
"P40126",3962.60064991723
"P40127",36902.5636376431
"P40131",3983.02433309088
"P40132",4538.00173886992
"P40134",4539.81323008288
"P40135",4420.73928034068
"P40137",163332.959533117
"P40138",5126.4576362047
"P40140",4558.37772193268
"P40142",4575.08998330479
"P40143",4584.56786073477
"P40144",4472.70814286743
"P40145",4472.66267740786
"P40146",4475.9324743737
"P40148",4471.23059292708
"P40150",4470.13959804765
"P40158",5361.83695321002
"P40159",43793.4511018097
"P40160",4671.19680941732
"P40161",38190.6616320866
"P40162",172297.099563588
"P40163",172329.199333925
"P40165",5365.32760616607
"P40166",4678.02371547663
"P40167",5368.47846349336
"P40170",4565.94667739415
"P40171",5154.81258400099
"P40172",4355.35614707267
"P40173",4783.6405372399
"P40174",4781.34624500596
"P40177",4570.20998453962
"P40178",4568.89773738189
"P40179",4576.78131032984
"P40181",4579.04110598819
"P40182",4607.90917245312
"P40183",4465.78276990457
"P40190",4462.69822589827
"P40196",4548.64938621575
"P40198",4549.29216312352
"P40199",4544.61848844486
"P40201",4546.38761835956
"P40203",4562.86742652238
"P40206",4598.64181957594
"P40218",4187.20621059209
"P40219",4179.8073383244
"P40220",4184.24381876968
"P40221",4179.25262386785
"P40223",4167.46013181752
"P40224",4168.05560469576
"P40226",4721.94028987399
"P40228",4699.30632119318
"P40229",4704.70079098074
"P40230",4708.82129437962
"P40232",4693.5814185182
"P40234",4691.56292487088
"P40236",4679.05890982144
"P40237",4686.5712427767
"P40238",4676.0472426239
"P40240",172231.64669043
"P40241",4100.19863514606
"P40243",4445.23143712601
"P40244",3905.87456830342
"P40245",4440.30708494533
"P40246",164050.540485378
"P40248",4450.96700651421
"P40249",164476.792775381
"P40251",4458.29671579983
"P40252",164350.026634952
"P40253",4469.42869395776
"P40254",4466.41774126814
"P40255",4470.82429641409
"P40256",4233.03634513233
"P40257",4474.12242580069
"P40258",4699.74974471181
"P40259",4697.71921548533
"P40261",164134.595425532
"P40262",3908.91328903825
"P40264",4444.48291792267
"P40265",4447.97434059448
"P40268",4463.57532128198
"P40271",4456.02569880684
"P40273",4464.98594292686
"P40274",164930.722356708
"P40275",178709.646420926
"P40276",4450.02178499239
"P40277",4982.92518211944
"P40278",178185.255837525
"P40281",4459.14296235922
"P40282",4464.15584302981
"P40283",164980.497066645
"P40284",3961.91752519031
"P40285",3966.62376050077
"P40289",3963.8825210748
"P40291",3963.26956178485
"P40293",3955.71328629591
"P40294",3957.40719495837
"P40295",3950.34626031499
"P40297",3948.33263129304
"P40298",4484.06918655557
"P40324",4017.5841601646
"P40325",4018.42239785811
"P40326",4013.57491181413
"P40328",4014.23829056281
"P40329",4016.06914729551
"P40331",4021.15682014678
"P40332",4024.13310177569
"P40333",4021.09458118721
"P40334",4022.04103585344
"P40335",4018.28761670566
"P40336",4025.36513065076
"P40339",4015.99523181302
"P40341",4176.96769568337
"P40343",3960.73821812853
"P40345",3944.68473706668
"P40346",4488.04634572765
"P40348",3953.86481106968
"P40349",3958.7522901678
"P40352",3961.09532705961
"P40358",3941.06468030787
"P40361",3938.79255039781
"P40363",3955.83681977181
"P40365",3944.23455371041
"P40366",3949.49112343759
"P40368",3958.1048306347
"P40370",4126.17154261708
"P40371",4126.01997747169
"P40373",4124.53499254695
"P40374",4128.39663177312
"P40375",4125.15334043765
"P40376",3953.750911706
"P40377",3945.05643276729
"P40379",3939.12229367506
"P40381",3945.76433306502
"P40383",3948.08412262215
"P40384",3958.62965651803
"P40385",3957.37231699758
"P40386",3955.67019378642
"P40387",3952.91811627337
"P40556",5541.43946361395
"P40563",4805.50731791603
"P40601",5129.09871108661
"P40618",4992.4248467007
"P40627",5010.80794243918
"P40657",4452.95467988236
"P40658",4445.51038247123
"P40659",4816.706580241
"P40660",4810.51451122324
"P40662",4469.58647512521
"P40667",4544.28020310896
"P40668",4545.55522713156
"P40669",4550.48568317265
"P40672",4501.66202400943
"P40673",4494.18358751317
"P40674",4500.99455168413
"P40675",4508.0356287196
"P40677",4508.72148501793
"P40688",4631.95808221061
"P40690",4077.38015372636
"P40693",4457.58036599617
"P40694",4466.00353659347
"P40697",4720.23115887301
"P40698",4736.83002953044
"P40700",5761.94064643384
"P40701",4286.95824820602
"P40702",4436.39765218257
"P40703",4427.24636645361
"P40705",4421.57421324037
"P40706",4427.08431697321
"P40707",163270.49748309
"P40708",163386.50776897
"P40709",4428.60804644613
"P40711",4442.85821552111
"P40714",4453.58499128999
"P40716",4455.79615397035
"P40719",5388.89370311645
"P40720",4507.30000568481
"P40721",4611.37658169082
"P40724",4606.89712633838
"P40726",4608.790152341
"P40727",4766.09428350296
"P40729",4341.12421389036
"P40730",4337.48709368381
"P40731",174368.461855483
"P40732",4165.7722351955
"P40733",174184.331828653
"P40747",4497.22385412147
"P40749",4064.90392775663
"P40757",4375.77135194032
"P40758",4271.91914245958
"P40759",4268.81871009337
"P40760",4272.85403000658
"P40763",3980.83143810084
"P40775",4002.18671703563
"P40776",4002.21021175837
"P40808",187296.265060526
"P40864",5396.69271649598
"P40880",5677.77642111451
"P40881",5115.37470031808
"P40890",5866.35136462672
"P40914",4879.38259374279
"P40915",4875.90602705042
"P40929",4656.07165130974
"P40955",6311.52206937261
"P40966",39778.5762516527
"P40967",39801.9032951323
"P40968",39813.8387997335
"P40978",4452.64106127732
"P41086",37128.722026246
"P41090",37246.1236154122
"P41156",5054.38403007259
"P41185",5035.02540235948
"P41232",172099.007230157
"P41234",38119.7962429768
"P41235",38100.6927040411
"P41240",4671.90292253461
"P41241",4668.14889025525
"P41243",4673.05826172952
"P41246",4670.28060414673
"P41249",5094.47262833667
"P41262",4782.94662466895
"P41330",4015.40427108179
"P41331",4009.08799932729
"P41334",45631.7489077348
"P41335",37438.815289682
"P41336",4594.39497545616
"P41338",4595.52207048789
"P41340",5119.58993688683
"P41343",4615.90733070711
"P41344",4617.50761786249
"P41345",5128.97906462107
"P41347",170483.7112112
"P41348",5130.69729286193
"P41354",4514.75303284676
"P41356",166397.002677055
"P41357",4498.12433914496
"P41359",4503.33129856204
"P41360",4500.89940594374
"P41361",4496.55504072111
"P41362",165879.071306214
"P41374",38744.2236224179
"P41375",38770.5676737189
"P41377",38763.8798704177
"P41382",57222.8897844152
"P41408",4888.67204515093
"P41429",4283.69476915448
"P41434",4284.7784125215
"P41437",3981.18834739413
"P41439",4199.58163120345
"P41442",4766.38624440583
"P41470",5016.91380813131
"P41535",4200.81789178779
"P41593",4527.01181282293
"P41596",4547.18339242632
"P41613",4528.00801603525
"P41715",4674.67265163218
"P41741",4678.36453296747
"P41756",4646.83057895223
"P41764",4657.01593153295
"P41769",5116.55482627179
"P41812",5377.28097823412
"P41816",4584.50216295193
"P41830",5057.4565128763
"P41849",4720.83831423424
"P41851",4720.32559701082
"P41866",4582.56108343353
"P41872",4651.31470083439
"P41873",5183.37102543287
"P41875",5275.85479035557
"P41876",4686.43525499491
"P41878",4684.66187901759
"P41890",4699.53488797863
"P41893",4766.30567546615
"P41925",4598.76201902246
"P41926",4591.22617224226
"P41929",4598.75298951573
"P41930",4595.99182825294
"P41932",4689.40002735803
"P41935",4688.6515991628
"P41937",4684.09049394568
"P41939",4744.12136687725
"P41940",4737.44129239249
"P41941",4743.00262422024
"P41947",4584.58969671228
"P41949",4589.35198397484
"P41950",4600.83760975436
"P41951",4598.11322148634
"P41953",5291.16843945791
"P41963",5228.29078083839
"P41965",4678.54352226315
"P41967",4677.83274118141
"P41968",4704.4941155777
"P41971",4700.86020400374
"P41973",4700.51537258707
"P41977",4939.76006875095
"P42030",4774.17801381034
"P42046",4374.4114047941
"P42100",168608.697952213
"P42104",37473.8986919535
"P42235",173733.770301519
"P42300",4832.89031876073
"P42329",5117.85932212893
"P42354",5240.09384333538
"P42418",5210.45576530038
"P42430",5345.19270207203
"P42432",198039.110919495
"P42434",4901.48676218747
"P42437",5390.73243502406
"P42439",5217.71730466863
"P42444",5688.73912744594
"P42445",5670.19343591238
"P42446",5039.93846467419
"P42448",6763.9019892737
"P42458",5421.5315902351
"P42459",5411.45155531174
"P42460",6040.49026201198
"P42461",5399.4577398375
"P42463",5376.42481118431
"P42470",5985.51562006851
"P42480",5132.96508265251
"P42488",4886.4070606814
"P42489",4886.78247088694
"P42491",7804.65645613831
"P42493",5016.57383796537
"P42503",4986.05518795893
"P42508",4799.11317118559
"P42514",4812.91489007729
"P42521",5201.30148848248
"P42523",4783.07676891233
"P42528",4790.39739291208
"P42530",4786.96988734646
"P42531",5234.00020995347
"P42533",4812.48177267152
"P42536",4808.56273175905
"P42537",4820.71007490729
"P42538",4814.42354163049
"P42545",5250.02332115214
"P42554",4983.00531199188
"P42556",5003.30372670433
"P42558",4905.81653980543
"P42559",4895.0080743835
"P42560",4900.03337220931
"P42562",4909.23793937074
"P42570",5115.40436023297
"P42575",5091.94763498801
"P42578",5075.83433782636
"P42586",4892.54680576984
"P42706",4636.00933179821
"P42721",39407.2273314252
"P42793",4559.42451180967
"P42794",4081.64950738762
"P42796",177899.370868102
"P42822",4123.96021034696
"P42824",4132.93471490366
"P42855",4095.25029073743
"P42869",4191.13599061464
"P43033",4348.47023618758
"P43065",168743.826196482
"P43090",38132.8967808467
"P43132",4801.93011101638
"P43186",4440.93765586386
"P43187",163819.807522995
"P43391",4534.23497605007
"P43480",4613.24584029476
"P43517",111489.700585998
"P43639",132958.433028009
"P43710",44731.3555900965
"P43804",49946.5901100208
"P43808",4248.65710041204
"P43824",5805.60757492919
"P43849",5150.24483704847
"P43850",5157.12539741642
"P43906",5418.98478360523
"P43909",5657.78634153775
"P43916",190766.079363864
"P43943",4910.10336330531
"P43946",4911.19454387052
"P43979",5926.32746720283
"P43989",40358.7461545045
"P44020",47646.869101601
"P44024",47779.9497877524
"P44027",5266.17130793463
"P01033",3178.77717942111
"P01063",31763.5981132126
"P01079",3438.30047391345
"P01106",31387.2427782079
"P01156",38671.5657265401
"P01162",4031.01872264802
"P01197",3575.31484268537
"P01206",3836.37427193171
"P01239",4363.43719974179
"P01303",5546.53322576939
"P01314",29373.6637017578
"P01315",34437.6773638951
"P01332",44905.6694732996
"P01379",4639.71338456354
"P01443",39442.009532149
"P01463",4498.94843563863
"P01502",38736.5068044804
"P01510",4582.31420866566
"P01576",4426.4967184789
"P01623",34588.7441348491
"P01626",44391.5059857794
"P01637",3631.16146049783
"P01638",34961.0430873704
"P01648",6436.07666397075
"P01664",147212.562840185
"P01667",6210.01631950122
"P01718",3273.52017991069
"P01741",54575.942693154
"P01749",4574.15053619473
"P01753",4493.61640085485
"P01757",4777.14087611175
"P01766",3425.38115217635
"P01770",4731.44697774106
"P01776",4237.09755788316
"P01812",31121.6371023658
"P01816",3655.31569773484
"P01841",55864.9259315467
"P01844",38657.7066143793
"P01859",4709.31847027437
"P01860",233815.100575292
"P01879",3921.11540337146
"P01889",2870.14283903072
"P01918",52070.9421174821
"P01923",44616.4990859348
"P01934",4258.7342160277
"P01962",7110.65952202245
"P01981",57696.769861138
"P01999",4998.39953582984
"P02025",4382.10071931663
"P02037",3686.61428319467
"P02040",5036.16280680952
"P02053",4128.19324049001
"P02075",43587.5218257267
"P02077",53232.048942341
"P02095",52619.8130158068
"P02124",36376.7268665788
"P02152",60913.6714361847
"P02159",30719.2709451783
"P02165",210509.777554896
"P02178",30575.2936239212
"P02206",3806.78423077817
"P02228",36653.233428151
"P02232",9549.64463735171
"P02241",3841.16683961221
"P02284",37035.2936980082
"P02285",47097.0470861433
"P02408",3286.23457850371
"P02423",4528.2170137179
"P02435",49497.9121505859
"P02442",58404.7976776835
"P02459",4651.73820262217
"P02508",3296.7982954314
"P02521",4579.45539663501
"P02535",4357.70960701578
"P02536",4892.46142301175
"P02541",8528.84656156383
"P02546",35929.6122069398
"P02580",38710.1218489641
"P02586",1124.88419701205
"P02685",4846.91949289498
"P02689",6112.63527534705
"P02805",3150.89406834704
"P02808",5184.74123349104
"P02812",7362.13668924728
"P02852",3519.60497757781
"P02863",3751.32811381234
"P02886",238138.199392882
"P02887",244510.683024045
"P02888",1125.93167665064
"P02913",3702.06310550018
"P02921",3999.33445817701
"P02923",4619.87850457157
"P02978",253301.491598435
"P02982",4221.50258492371
"P03028",5058.98104827924
"P03068",5322.63828678613
"P03070",5713.35813592322
"P03157",6497.62822315644
"P03178",43923.0814646408
"P03201",3939.78621083158
"P03213",4196.0715313835
"P03225",1254.62100576245
"P03332",208890.296020492
"P03337",7015.67932020173
"P03343",6038.38404525968
"P03352",4890.69758826799
"P03369",7202.3452314673
"P03439",3458.4037048787
"P03444",31457.7776432581
"P03452",7002.19400002913
"P03458",5076.57478520799
"P03459",7010.37602844817
"P03461",7083.83539399578
"P03462",5095.87049702496
"P03463",3995.70078190388
"P03578",4473.16303489102
"P03602",31625.0731043937
"P03628",5815.29802788531
"P03631",3968.70294555764
"P03654",4399.15825276098
"P03675",4513.17718863722
"P03684",5712.8251234637
"P03696",40236.980433298
"P03724",6235.15636079285
"P03751",4540.69011520414
"P03772",5187.67370682244
"P03786",47921.2729640568
"P03808",5548.9509094752
"P03809",5819.52154204838
"P03815",42674.0299424848
"P03908",4817.30002683426
"P03923",34804.550666334
"P03933",3545.79122686962
"P03934",4640.6873136483
"P03935",3726.05632804642
"P03979",4074.78879525889
"P04044",32348.6381819409
"P04051",50110.1150171873
"P04070",5265.37235673856
"P04101",38160.4896956098
"P04108",1645.87170876778
"P04127",47074.008047262
"P04133",35627.9167495478
"P04143",36125.986918548
"P04161",42645.7820899759
"P04164",38076.446263399
"P04169",37973.2996186613
"P04213",44166.9023264245
"P04251",4056.02101928712
"P04273",40614.0805904136
"P04285",59924.4502020013
"P04291",48688.8503028435
"P04329",40963.2601718736
"P04334",5577.80642227497
"P04386",188655.651228654
"P04387",5408.16806844123
"P04393",7341.16109584036
"P04394",7354.43162805718
"P04396",5791.2445312766
"P04398",4696.88884489586
"P04403",173990.019208167
"P04408",38599.2809565666
"P04421",31941.1509054798
"P04434",5123.4524809242
"P04466",40516.0356262765
"P04525",4802.4292571405
"P04531",6616.41115693632
"P04560",5139.68650691568
"P04564",50881.1213392161
"P04567",47549.1048915514
"P04570",34209.3830452345
"P04598",3685.61688346207
"P04599",3688.34297070596
"P04689",50729.5348599129
"P04690",47609.5971327482
"P04691",5634.49625122457
"P04697",3736.7451533722
"P04700",3558.78098552308
"P04736",4185.50755928102
"P04758",31772.408450468
"P04771",4061.01042831962
"P04830",7356.42656949653
"P04831",6175.63560202688
"P04834",42149.0310453718
"P04836",42206.7246284226
"P04873",5411.13726710577
"P04900",7002.43233390298
"P04901",6997.62684818196
"P04909",5216.61383975537
"P04924",1076.73215320994
"P04960",44810.20237507
"P04964",5009.26959233874
"P04966",5018.44682380583
"P04970",230541.948255796
"P05039",4101.12354994392
"P05049",40514.1819158579
"P05059",3415.1479249261
"P05081",34754.0524197885
"P05097",7183.73292323963
"P05098",7173.10129211721
"P05099",6054.81924723286
"P05107",6183.34235414143
"P05109",55634.5262955056
"P05112",6209.92379589501
"P05113",6199.23225761816
"P05114",6389.65538204523
"P05136",53900.1436815571
"P05138",54108.9102073885
"P05141",6039.10481655734
"P05142",62992.2988575569
"P05143",62326.156498325
"P05148",5317.83478875812
"P05149",5319.74718858514
"P05156",4643.22359851113
"P05258",4074.17640811308
"P05283",4589.24689594588
"P05284",7471.37772964047
"P05286",4556.34757504759
"P05288",45569.0922631238
"P05291",4656.01809825277
"P05292",4658.81756217001
"P05302",1242.48586624107
"P05362",39106.7960241568
"P05392",7239.20902613498
"P05394",5655.44928409867
"P05408",3426.77156464558
"P05441",3865.91621047822
"P05443",31318.8164760114
"P05455",4249.10658162257
"P05460",3995.02380422402
"P05537",3225.94941900246
"P05556",41546.9155640739
"P05558",41678.8447763592
"P05704",5881.45593893675
"P05705",6963.17672110546
"P05712",5411.80623081382
"P05716",4372.85804582372
"P05762",39066.4134569355
"P05768",39510.0377772158
"P05797",3982.25362214472
"P05801",3962.02655206024
"P05805",4511.67280679936
"P05812",4974.35710513595
"P05838",5414.91019062753
"P05864",52820.563415548
"P05907",182306.185604732
"P05944",4854.10467892394
"P05949",43879.4931911172
"P05951",7436.7144760156
"P05968",42302.0414907484
"P05977",43322.3037612034
"P06069",46690.5724879536
"P06079",47731.9953427274
"P06086",6091.12123022225
"P06087",5514.72987417987
"P06088",5517.57088640684
"P06145",163868.902867189
"P06151",4123.62144104753
"P06159",35003.2834320192
"P06170",220955.683275923
"P06171",5518.82438754859
"P06187",4652.67310726801
"P06201",35872.1674536745
"P06230",61357.8049496841
"P06236",4981.15637948476
"P06273",5030.44072720528
"P06343",49503.2598801751
"P06344",49386.4261435297
"P06352",4087.70040512377
"P06376",152409.899415291
"P06378",35503.0730801635
"P06379",4247.3729310953
"P06380",35372.6869310992
"P06383",144297.393676119
"P06385",3858.97778808595
"P06386",4035.08107848844
"P06387",4033.73415550615
"P06388",4126.3416118705
"P06399",4027.7841160563
"P06402",34695.0750992698
"P06403",160155.873743142
"P06404",34392.1448462361
"P06405",33839.0724379187
"P06408",33769.9352877988
"P06411",3835.15283266907
"P06413",4678.76648110235
"P06416",4523.69032593263
"P06418",4446.27806065479
"P06420",4355.24720585708
"P06421",4301.2701541072
"P06423",3982.38021001282
"P06428",4357.38838205554
"P06430",4531.2305323975
"P06447",5439.66362136252
"P06448",5687.6073650349
"P06573",6854.6293646628
"P06870",4726.05570946792
"P07133",35008.1818188391
"P07139",41739.6409016552
"P07154",149721.686539307
"P07158",150179.662794135
"P07159",37251.6452417411
"P07160",155338.295768566
"P07257",36565.2886246227
"P07259",36535.9736728535
"P07293",35762.0511640357
"P07294",35828.2940762648
"P07298",4130.48941234671
"P07299",4203.20730999294
"P07506",4592.06458288679
"P07544",169015.023116202
"P07546",169124.655932676
"P07547",5120.81145499103
"P07555",163340.134532695
"P07556",3708.10845820417
"P07559",153408.913603867
"P07568",38250.547442846
"P07573",184837.511486968
"P07576",35831.2806150388
"P07578",32313.6598360113
"P07580",4553.37371720038
"P07583",4056.49351471204
"P07589",150854.588961599
"P07590",150951.991805131
"P07595",33471.9249406979
"P07598",4356.91439034671
"P07599",167250.435664689
"P07600",167168.957083052
"P07601",153429.818581119
"P07617",4291.75008066848
"P07619",185600.136421868
"P07623",149615.90399533
"P07625",194460.440882103
"P07627",40836.2988646864
"P07633",37628.533688292
"P07640",3705.29244449752
"P07641",32832.7242805423
"P07645",137554.377474822
"P07646",138207.009170337
"P07655",3813.66105213975
"P07656",30783.8342140049
"P07657",3814.4591018952
"P07683",171622.117601672
"P07684",171184.708788104
"P07692",3991.49419661803
"P07694",4021.16597118849
"P07696",3578.86603229244
"P07698",3773.4615383746
"P07702",3978.36387486553
"P07708",143778.160547213
"P07709",142658.70089765
"P07776",4345.3554791016
"P07777",4335.97529704061
"P07778",4256.91982864205
"P07780",190197.949433942
"P07783",3660.46830126941
"P07784",153803.514115192
"P07790",4011.84262472485
"P07994",3782.8125084721
"P07996",3794.65689537922
"P07997",3863.19075299058
"P07998",3869.99600935116
"P08000",37153.9925229117
"P08005",4346.58675858891
"P08006",35564.6696165549
"P08009",35136.7647861767
"P08012",37027.9687394868
"P08014",35045.1752366634
"P08171",38163.0385430484
"P08172",31977.7972755139
"P08181",163261.573454305
"P08187",162685.932256123
"P08188",4194.31701875076
"P08189",163640.483424033
"P08191",4322.495647317
"P08194",4444.51404522476
"P08196",4458.39062028648
"P08200",151605.918355056
"P08201",151843.834022634
"P08203",4713.56102553549
"P08217",4012.85437177717
"P08222",4011.59123217493
"P08225",3654.47066403358
"P08241",157648.471646471
"P08242",3976.18286402019
"P08243",4036.1055043645
"P08281",35692.0172065886
"P08320",4017.33398849584
"P08322",144734.102038824
"P08338",173732.615182377
"P08340",167575.948060188
"P08344",4786.09474372018
"P08346",4564.31735019501
"P08348",4290.4554240027
"P08350",4344.23287430736
"P08353",167787.166935162
"P08356",38426.0202702365
"P08357",4286.80656230622
"P08359",160926.077558789
"P08363",4841.56546782593
"P08364",4520.3650510484
"P08365",4836.07096377404
"P08367",4301.77091413924
"P08368",37010.3806184364
"P08369",4357.47747009529
"P08374",172034.983616478
"P08379",38572.4621235695
"P08380",38837.1131619926
"P08383",4436.80786012235
"P08387",39881.2347707538
"P08388",38928.0692361655
"P08390",39939.0711600886
"P08392",38440.1240169623
"P08396",4413.32689371171
"P08399",165909.772177567
"P08400",4368.16363718926
"P08401",4381.05128903628
"P08404",170613.179143116
"P08405",4409.54017628564
"P08406",4666.65536425582
"P08408",4669.47622797013
"P08411",40742.4138444555
"P08412",38072.3272225686
"P08446",169483.521606078
"P08448",168244.757821483
"P08450",169791.257897911
"P08463",4315.16325130544
"P08476",4257.17635867569
"P08481",3374.79944756784
"P08489",3524.50076904609
"P08501",4584.89411459001
"P08502",3590.92746306754
"P08524",5990.61837799986
"P08526",4551.87125762245
"P08527",4566.86476885976
"P08587",3917.40248378199
"P08593",153426.001352002
"P08602",4413.79695820668
"P08604",145264.804256748
"P08609",32211.0842141726
"P08615",135772.113293316
"P08616",142164.960482837
"P08617",135077.621593469
"P08620",159193.610868062
"P08624",4245.71475355295
"P08625",4236.74643791804
"P08626",35651.0479728939
"P08633",4096.00943651361
"P08639",4092.75204952103
"P08641",128154.833300865
"P08644",147338.042031306
"P08648",147026.634465315
"P08650",3809.73143420534
"P08655",3932.97194906753
"P08656",146816.847716211
"P08657",3791.18764644431
"P08659",3633.00541576601
"P08660",3781.87408042522
"P08749",3799.24023675876
"P08785",3834.83715819484
"P08789",4118.67395201758
"P08792",4138.44379021986
"P08793",158728.295824342
"P08796",3906.89464629757
"P08797",3914.27018954452
"P08801",4058.44625936103
"P08803",3855.76710414616
"P08804",3858.94683815734
"P08805",3841.80786535104
"P08807",3854.0293208716
"P08809",3834.36123919402
"P08810",3835.75596239064
"P08812",4070.37633613871
"P08815",4292.73710180709
"P08816",4327.9588311911
"P08817",3951.39206922117
"P08820",4341.18052251367
"P08821",4161.33388948459
"P08822",4282.01718152746
"P08828",4317.0137593396
"P08829",4288.20741199019
"P08830",4325.93481062137
"P08831",4341.55806526435
"P08832",158824.478303584
"P08834",159350.278928539
"P08835",140080.88246762
"P08837",156918.97503985
"P08842",3937.62274428918
"P08843",3855.08756501348
"P08844",4268.99625772265
"P08847",157423.940702286
"P08849",157842.913715151
"P08850",4195.28692342037
"P08851",4136.25182095292
"P08852",4381.26790737041
"P08853",4144.5073705624
"P08856",4215.7317696823
"P08859",4221.84359344741
"P08998",3483.3241380758
"P08999",3547.94040905749
"P09002",3589.20401488441
"P09004",3590.00584859905
"P09009",3431.36595256011
"P09030",3973.92732223605
"P09031",3973.68206810992
"P09033",3956.65271594483
"P09034",3931.47282608086
"P09036",3901.72544916276
"P09037",4103.47790582354
"P09038",4091.29126955696
"P09040",3777.46421331807
"P09053",4117.88722357793
"P09055",159645.891267236
"P09056",152998.700143541
"P09058",162172.381660937
"P09060",152689.64218072
"P09061",4064.33385447196
"P09074",4065.84981805591
"P09077",4247.87692210405
"P09078",4239.48905378918
"P09080",4213.86410220863
"P09082",4061.04542907329
"P09085",3930.85908576297
"P09088",4280.89732310405
"P09089",4179.57715038483
"P09094",4164.7509039306
"P09097",4202.41607727738
"P09099",4138.0587998538
"P09101",3950.57985054134
"P09104",4207.76026508845
"P09107",155573.195264298
"P09112",36521.2615194311
"P09114",157465.636243244
"P09115",161198.153823556
"P09116",161234.807940058
"P09120",4315.84539792522
"P09121",4310.57647172726
"P09126",157154.278735021
"P09138",162324.25244905
"P09141",153165.221047174
"P09145",42538.504583768
"P09146",42669.7734143793
"P09173",6209.98309364509
"P09194",4143.30290707806
"P09196",4497.03481665182
"P09197",37914.8140255523
"P09202",4129.61265863099
"P09203",38535.8886541956
"P09210",4121.49373084154
"P09346",3895.12104409928
"P09353",3738.96433778829
"P09359",3875.94342238598
"P09362",3901.39615999733
"P09368",32107.5838883866
"P09373",5044.27925169033
"P09375",4459.82684320617
"P09377",5031.87169460798
"P09378",5110.49056205883
"P09379",5163.9970958201
"P09382",4574.6450296961
"P09384",4376.91003964848
"P09385",4623.50024874004
"P09386",4625.62773922548
"P09388",4561.62660289617
"P09389",4410.76637923755
"P09390",4416.2254880185
"P09391",179313.190856812
"P09393",38085.5397795884
"P09395",39362.0086455852
"P09396",39294.9851598625
"P09398",169194.46564025
"P09399",4795.45298567418
"P09400",169097.098346468
"P09401",39194.0544624043
"P09449",36172.0792051518
"P09450",45690.4591720267
"P09452",45585.3026890077
"P09453",4278.65236215273
"P09454",4279.71910239902
"P09455",33656.1009559705
"P09457",4238.03779202924
"P09458",3642.86228507592
"P09460",4242.8500668683
"P09461",3786.62873458521
"P09464",4198.38862675928
"P09465",4088.06009475936
"P09473",36018.8043194989
"P09474",35884.6502250677
"P09477",35407.6103264749
"P09479",39330.875061574
"P09482",39262.7165945663
"P09484",177271.203060225
"P09487",4026.56619355078
"P09488",4029.1959515144
"P09489",159650.157341147
"P09493",3943.66398555235
"P09495",3990.6192255502
"P09496",3755.252111666
"P09500",3680.87509137153
"P09501",3749.72455472403
"P09505",3870.21200287093
"P09506",3863.90297272335
"P09507",3817.23791055076
"P09509",3685.16381412743
"P09510",4594.35124156031
"P09519",3723.92575253316
"P09522",3741.33363221608
"P09524",3754.13411316283
"P09526",3919.02086800589
"P09527",3785.18941334905
"P09529",3949.0456365587
"P09530",3881.65494093414
"P09533",3873.13380173753
"P09534",3942.91515430164
"P09538",3883.13536968264
"P09541",3935.37452876656
"P09542",3933.49891631877
"P09543",3708.15174455746
"P09546",3891.3150503086
"P09565",4300.34989970264
"P09567",166588.60434066
"P09570",4124.14620087607
"P09571",4162.05159060063
"P09590",4816.06345857394
"P09591",4349.24664207015
"P09592",4180.29241332087
"P09593",4165.80268733311
"P09595",145920.383035801
"P09596",42072.4527389063
"P09597",42225.451387073
"P09602",37838.8465240846
"P09603",4194.61715727585
"P09604",4201.80398458495
"P09606",5178.99321300624
"P09609",4087.49258938789
"P09612",38082.4988853482
"P09614",35991.2923703028
"P09615",4031.17947550609
"P09616",36576.9454811905
"P09617",38239.4654904521
"P09620",38277.5776901871
"P09621",3862.92844453317
"P09624",3978.39499259973
"P09824",4715.79118690041
"P09906",5952.86128106504
"P09909",4923.96469990712
"P09910",5079.05470907912
"P09911",5210.23061929911
"P09912",5096.26037061282
"P09913",4874.93950116603
"P09914",4967.58733024817
"P09915",4967.55496741068
"P09916",4989.47964097047
"P09918",4963.29253580491
"P09919",4776.86325460057
"P09920",4966.93932900417
"P09928",4648.87401987855
"P09992",4315.36559365471
"P09997",4375.1774812247
"P09998",4439.65956511065
"P10012",4607.74671738672
"P10014",4634.41408307199
"P10017",5174.98896128689
"P10018",6150.97660494137
"P10019",4501.79406261236
"P10020",6383.35945662771
"P10023",4406.04321685524
"P10028",4299.54146829034
"P10029",4291.56775049877
"P10030",4410.30757088419
"P10036",4339.45727034293
"P10037",5012.4823808905
"P10040",4369.37785988832
"P10156",4826.35058160853
"P10176",4692.14269696394
"P10213",38058.2765441069
"P10215",35765.580400728
"P10216",37391.2072419598
"P10220",36664.2030557645
"P10221",37383.0080997901
"P10366",4430.52352198549
"P10393",5081.36363527936
"P10394",4925.01341707439
"P10404",4286.84852682857
"P10405",4200.2398667381
"P10426",4291.05454755481
"P10431",4384.97694475926
"P10432",4280.47481561333
"P10434",4756.2133032296
"P10435",4245.34500436486
"P10437",4098.96612857081
"P10449",4789.27307088457
"P10531",4950.21737880304
"P10628",4047.69640826379
"P10629",4401.88816956106
"P10630",4104.31032034839
"P10632",4062.00589978722
"P10637",4103.20034874114
"P10666",166342.024689256
"P10670",4056.98828955314
"P10673",4135.75686031548
"P10680",4262.33371111029
"P10681",4083.93874531586
"P10682",4618.5109069016
"P10684",4542.31151276065
"P10685",4559.69796013013
"P10690",4554.82352115072
"P10691",5036.96984207804
"P10692",5054.1033719972
"P10704",4345.55433720223
"P10715",4457.83360248418
"P10734",38107.7009628586
"P10735",4537.30744896977
"P10736",4001.91653783849
"P10744",39849.7379980089
"P10745",39029.3477114751
"P10767",5123.36953570645
"P10775",4218.52232594567
"P10777",4367.5543583718
"P10778",4487.1961181642
"P10780",4745.8942048239
"P10782",4497.04782000709
"P10783",5225.79606997462
"P10784",4798.04632126574
"P10785",4735.79750692914
"P10786",5153.41115162857
"P10791",4749.74083904141
"P10793",4782.62984249465
"P10797",4378.86085420277
"P11065",4963.06949555909
"P11086",4384.91505597497
"P11117",41890.2065963545
"P11171",4698.01200724961
"P11233",5585.55374133009
"P11236",5671.73409875029
"P11241",4834.67774925047
"P11246",4800.86361862172
"P11248",4810.64078954624
"P11249",5977.07074675351
"P11252",4928.71956131997
"P11255",5787.22552507136
"P11256",6068.59979490948
"P11259",4993.77925886662
"P11260",5110.24990819848
"P11263",4908.43559311546
"P11287",4873.6368036344
"P11290",4911.43149040202
"P11292",203961.667382432
"P11293",175151.048679507
"P11297",4965.00304964118
"P11318",5168.14194569161
"P11323",4878.0571495047
"P11326",4913.85029253285
"P11328",4903.23941239091
"P11330",4937.42267233594
"P11331",4851.28657379587
"P11333",4907.53839650317
"P11336",4633.09053927023
"P11337",4488.49979390323
"P11338",4590.55401397094
"P11422",4597.5930574122
"P11507",4954.51102243975
"P11508",4933.23593068413
"P11513",4896.49068328806
"P11518",4941.8696611063
"P11520",4800.4228393854
"P11568",45433.9114069739
"P11588",41069.1958751929
"P11683",4972.46410194637
"P11702",4607.54142376502
"P11765",4375.23504250968
"P11766",4895.81428538163
"P11774",4825.77883436909
"P11777",4386.46845124497
"P11779",4400.06869635644
"P11780",4402.57974056901
"P11782",4377.05434907433
"P11783",4401.65767198522
"P11787",4426.27682691307
"P11788",4306.48212539578
"P11789",4262.22047511296
"P11790",4304.62031919962
"P11792",4266.00360569573
"P11794",6219.89816205153
"P11796",4426.03236202338
"P11797",5181.03179109482
"P11799",4765.89243186994
"P11800",4752.62890649587
"P11802",4491.37604996256
"P11806",4686.96078976517
"P11807",4764.66431087622
"P11810",4870.08536045991
"P11812",6084.27639450413
"P11814",5751.886816493
"P11815",4716.94583079863
"P11824",4305.46673869039
"P11825",4451.16602796433
"P11828",5159.25584507988
"P11829",5175.04178534145
"P11830",4886.24260385531
"P11846",4670.21110234306
"P11847",4313.6634713419
"P11854",4951.59740378989
"P11865",4694.9827292955
"P11868",4348.47504707189
"P11870",4305.85335219105
"P11871",4643.02027770283
"P12023",42661.3606196326
"P12101",37101.9510562925
"P12102",36218.9273632033
"P12104",4319.3068982033
"P12107",37088.4732900611
"P12108",36247.5249721797
"P12109",45368.5748044128
"P12116",4700.3479139021
"P12136",36142.5977922925
"P12171",5408.95245784319
"P12180",4620.01469198161
"P12212",4687.71843837957
"P12213",4463.15808744203
"P12214",4697.73507037241
"P12215",4444.73796898268
"P12216",5230.84512688705
"P12218",4337.16313074685
"P12230",4336.73238472974
"P12233",5046.35436699877
"P12236",4467.96874293534
"P12237",4543.10207971741
"P12238",4486.72679561469
"P12240",4489.96617921048
"P12242",4995.09381831994
"P12243",4510.39905011013
"P12244",169889.207328164
"P12318",184860.480000624
"P12382",5028.85726656278
"P12439",4984.60206921864
"P12440",179897.323732195
"P12444",4889.19155782284
"P12445",177655.065874027
"P12450",4948.32780313722
"P12453",6254.802812262
"P12459",5140.30364204521
"P12462",5509.3717725694
"P12463",4628.87787725213
"P12466",4747.40848360906
"P12469",4894.71907367966
"P12473",4858.52424947723
"P12478",4802.14350639761
"P12482",4916.92028093846
"P12488",4981.65799893011
"P12498",4568.84579395383
"P12510",4744.48336189254
"P12513",4467.56929498695
"P12520",4899.13051374856
"P12522",4669.90478902575
"P12523",4718.35840640042
"P12531",4783.52193604782
"P12534",4305.79974550724
"P12535",4316.43216312149
"P12537",4797.95676302437
"P12540",4451.62748332306
"P12542",4222.71461580252
"P12553",4782.32362237669
"P12555",4827.81958428724
"P12557",4779.46292574966
"P12564",4838.64809017154
"P12566",4970.68265203208
"P12571",4729.53904862707
"P12572",4947.37522043732
"P12573",4481.84208081998
"P12575",4470.34292227459
"P12576",4275.82890528468
"P12577",4430.38347614291
"P12578",4424.02617162632
"P12647",5231.31318825247
"P12650",4452.45487075199
"P12671",163797.642972049
"P12719",3873.16202458545
"P12784",3686.74369701569
"P12828",3984.17298266907
"P12926",4593.5644917632
"P13011",4407.20023495382
"P13013",3993.963446007
"P13041",42130.0800553421
"P13050",3922.73788932765
"P13055",3953.61815909222
"P13059",4068.00057063182
"P13094",3110.22778889326
"P13097",4349.32733975926
"P13098",3962.84933146876
"P13193",170349.354657698
"P13222",4293.38467533686
"P13227",4571.28645309937
"P13459",4285.19045925096
"P13531",35203.3848654566
"P13647",4909.74792440558
"P13654",4558.48921098826
"P13664",4603.02021964174
"P13666",4609.67967189485
"P13667",4297.60318085226
"P13668",4407.65107459391
"P13670",4436.96949329495
"P13672",4518.01572606934
"P13673",4784.58493532094
"P13674",4391.3119756478
"P13686",4881.73468353225
"P13687",4904.8089083209
"P13688",4986.8827227197
"P13689",4732.49522424966
"P13690",4932.59801464988
"P13692",4833.89551349702
"P13695",4966.14286965191
"P13697",4976.68291964889
"P13782",43111.9024228577
"P13792",40048.9680286038
"P13867",4583.03224968229
"P13868",4582.43122029984
"P13889",4447.65911639034
"P13890",4015.37611711022
"P13901",4248.45982156901
"P13909",4652.88345063653
"P13910",4269.1417025511
"P13915",3907.01870636021
"P13932",4304.40744331394
"P13933",4338.77876401487
"P13934",4293.21132207789
"P13948",3765.78155356235
"P14010",189866.985834923
"P14011",182234.307276703
"P14012",4471.83608118989
"P14014",232788.605286901
"P14018",5546.11649228769
"P14020",4888.39391113102
"P14021",4967.09558512964
"P14025",4685.39934450625
"P14026",4352.24404162404
"P14027",4537.4562606622
"P14029",5378.37377310135
"P14030",4973.47224741609
"P14089",4887.15052657864
"P14092",5015.07829595762
"P14123",188125.541209631
"P14142",4916.09486396198
"P14410",4859.32250067607
"P14411",4528.76357833324
"P14414",4486.37704131395
"P14682",6364.44244709903
"P14684",4831.73407552628
"P14737",42138.2943534299
"P14745",4656.61657867479
"P14785",3676.12979209183
"P14813",4955.48098240198
"P14816",4851.33243730195
"P14821",5075.20412971818
"P14840",4111.9216611027
"P14853",4385.74345838634
"P14854",4155.94327199015
"P14856",4334.07737734095
"P14876",4330.38330444045
"P14878",4398.77852726345
"P14880",4363.37157787179
"P14887",4264.58369638623
"P14890",4376.95095235321
"P14893",4591.5392319023
"P14898",4353.32258676991
"P14906",3820.51610342893
"P14920",4616.7109508579
"P14921",4840.02487697736
"P14922",4646.31512031625
"P14925",4824.96359311029
"P14927",4751.84177681955
"P14929",4276.65003116526
"P15034",4844.08548805639
"P15035",4772.58562245816
"P15037",5150.08705283563
"P15038",4848.01575097192
"P15040",4742.28131360209
"P15050",4371.51956358478
"P15051",4721.63839892419
"P15175",4849.85255613819
"P15176",4842.55227948107
"P15177",4931.41261752248
"P15183",4737.02825462106
"P15188",5439.65597407731
"P15191",5282.23805764533
"P15192",4848.19062916158
"P15196",4663.43599635818
"P15197",4873.12747720677
"P15203",4453.6655908147
"P15204",4588.31602280043
"P15205",4512.54848590944
"P15206",4355.64922262243
"P15209",4763.4963350085
"P15210",4840.2064917902
"P15213",4867.04124409926
"P15216",170830.174172495
"P15218",6175.67365478836
"P15221",176998.491788933
"P15222",4832.35396737687
"P15226",4974.06074308338
"P15228",4826.66544880444
"P15229",4989.75665804367
"P15233",4903.48316286256
"P15235",4839.88920234667
"P15240",5022.57015822105
"P15313",5005.39962543814
"P15314",4937.24385253373
"P15320",4935.37927777085
"P15324",5689.90289370672
"P15326",5015.40866682419
"P15333",5334.00338396005
"P15335",5035.36904549089
"P15337",4646.91594428952
"P15338",177169.018063055
"P15355",4939.96965319304
"P15377",4519.05066050245
"P15414",4952.04709996341
"P15446",36624.4418860512
"P15551",4898.40688401418
"P15707",4430.63870898792
"P15708",4743.04927761389
"P15709",4575.30416251303
"P15722",36609.8360101506
"P15723",36666.117647696
"P15724",36898.1490003574
"P15798",140710.714068106
"P15824",4258.78113986577
"P15856",4295.71456473614
"P15858",4277.96567962431
"P15859",4613.28640527457
"P15886",4554.46480935916
"P15890",4642.72176869852
"P15891",5133.30501918758
"P15897",4716.95590230863
"P15898",4809.73046559939
"P15907",4405.55773477852
"P15909",4278.87002209062
"P15910",4363.21475393093
"P15924",4421.77648955532
"P15925",4306.61131843494
"P15926",4401.95716475627
"P15927",4407.10879801483
"P15970",4537.64804019084
"P16070",4777.54652094594
"P16090",4728.89678995957
"P16097",4676.49034486429
"P16158",4912.21717961448
"P16161",4567.25945014701
"P16162",4253.769962696
"P16163",4411.85253435032
"P16164",4454.96692411087
"P16169",4834.00359616736
"P16170",4618.66057884154
"P16171",4783.0973300536
"P16173",4846.37456017542
"P16175",4264.84926429163
"P16176",4531.50422886246
"P16177",4229.26380674523
"P16178",4455.72756828559
"P16179",4434.92155893827
"P16181",4547.08247058499
"P16183",4398.82285389977
"P16185",4262.97322790579
"P16186",4507.98686988974
"P16187",4578.46861238268
"P16188",4432.88345409108
"P16190",4754.47887385352
"P16193",4865.61486336641
"P16314",4134.22096662791
"P16315",4267.56800999303
"P16392",4896.08665498692
"P16415",5334.46860398081
"P16491",170784.730943363
"P16493",170660.373447767
"P16494",173705.286339581
"P16495",166587.651965601
"P16496",4618.66029907753
"P16498",4682.03350044848
"P16500",4978.29830412123
"P16501",4896.72225793595
"P16503",4967.72154800895
"P16504",5018.47936342902
"P16506",4734.89431333665
"P16507",4917.11667878682
"P16516",4899.29731121721
"P16517",4902.62337944504
"P16519",4908.20845916675
"P16520",4801.28149102602
"P16521",4893.54477141522
"P16522",4899.01210538009
"P16524",4993.82171779838
"P16525",4874.9109035134
"P16526",5301.4532824647
"P16528",4777.22805740782
"P16529",4883.47438831974
"P16530",4885.10064401031
"P16534",193564.846614323
"P16540",5027.65302329689
"P16542",5143.04003603566
"P16544",4886.60785139058
"P16545",4888.7361539799
"P16546",4894.14835341424
"P16548",5102.38751481836
"P16550",5422.88583718071
"P16552",5277.26085593035
"P16558",182755.618139907
"P16565",4628.36450270217
"P16566",4928.11958548309
"P16569",5050.74769758702
"P16570",4831.65050038199
"P16571",179177.992520333
"P16573",4928.69797330568
"P16574",4769.61158083188
"P16611",4039.24243763389
"P16643",3543.63843823276
"P16660",5553.37622150653
"P16661",4662.0200386287
"P16687",42388.0438840192
"P16734",5881.70794636224
"P16735",5819.12545416493
"P16736",5694.8715105475
"P16744",4924.25939059771
"P16750",4731.78067068208
"P16751",4802.61791300515
"P16752",4920.73928220661
"P16753",4823.29434020508
"P16756",4686.29784876794
"P16757",4891.17574549083
"P16758",4651.49559571883
"P16762",5294.14421805139
"P16763",4861.36111127586
"P16787",4650.02331644199
"P16788",5196.13986293966
"P16789",4825.46459376403
"P16832",4666.46545019557
"P16834",5172.30582947734
"P16867",240826.413647728
"P16893",4762.74780930071
"P17133",4650.92913811436
"P17136",4982.94794137031
"P17137",4938.98487463608
"P17147",4742.33693184968
"P17148",4703.14638330991
"P17149",5272.2480224566
"P17150",4894.3242201901
"P17154",4960.30736752634
"P17246",4837.58304197172
"P17248",5079.13696485148
"P17249",4815.06231067215
"P17255",4781.9889172045
"P17256",5247.66147038872
"P17257",4377.05646853503
"P17258",4863.18960130265
"P17261",4827.29014895596
"P17262",4826.56214149306
"P17264",4447.72773329198
"P17265",4783.72092151038
"P17278",4767.42402403599
"P17287",4670.80925188176
"P17306",4709.29403827678
"P17308",4419.51935653669
"P17309",4234.63499645773
"P17313",4413.07364025586
"P17314",4077.94422520471
"P17315",4064.85592457549
"P17317",4275.17679200277
"P17319",4010.0053230071
"P17323",4029.07791795395
"P17324",4121.8010148899
"P17325",4539.8370601577
"P17415",4520.12472279254
"P17422",4765.81351585793
"P17424",4726.83542741344
"P17442",4708.90543259171
"P17444",4877.43289093321
"P17447",4975.09891680928
"P17448",5306.80843155754
"P17479",4930.85451702168
"P17482",4772.24537602408
"P17483",5004.21895261286
"P17486",4923.88814642574
"P17501",4851.80597099963
"P17502",5110.89021890672
"P17503",4803.0805438841
"P17504",4706.51717254931
"P17508",5855.49720105132
"P17518",4762.37063660746
"P17521",5252.8387743282
"P17523",4900.70597908058
"P17527",5350.88727303134
"P17530",4972.25788954583
"P17539",4619.71551491561
"P17540",6000.02533654254
"P17542",4576.53190180763
"P17562",35153.6962443069
"P17660",4456.86477071727
"P17829",3953.13188570735
"P17855",4053.77744362507
"P17856",4093.79533767598
"P17857",4388.03247218037
"P17927",3816.17794543866
"P17934",3782.81756227383
"P17964",4275.588268721
"P17974",3841.83055094079
"P17993",3947.19237632833
"P18049",5058.88673001237
"P18051",4580.05256420132
"P18053",4850.9491089691
"P18054",4651.26828834755
"P18061",5088.69098549168
"P18063",4694.69923284279
"P18065",5390.2924361858
"P18123",5876.23347116312
"P18127",5648.38703059341
"P18128",181933.16817957
"P18156",4555.87571970203
"P18157",4922.47357623922
"P18159",4666.99288027822
"P18161",4607.35476340283
"P18191",4496.57641719523
"P18194",5445.40051651091
"P18195",4927.2075888375
"P18211",4702.58013037434
"P18217",5723.54034924033
"P18225",4756.52145448095
"P18227",4810.47352067362
"P18231",4890.57430262979
"P18253",4840.95084264071
"P18258",4789.38625637027
"P18259",5034.37586093973
"P18261",5447.23764582999
"P18262",4772.05637086954
"P18279",4706.08620412617
"P18281",4786.4082418134
"P18296",5146.8086727704
"P18300",5135.77946889343
"P18434",4973.84250153637
"P18460",5035.88609395638
"P18519",6773.75553595145
"P18522",4860.30933295261
"P18557",4939.29618276834
"P18558",5079.42223937524
"P18650",5374.330473265
"P18651",4559.54903561906
"P18654",4891.01473213325
"P18655",4574.02455867813
"P18656",4463.46961616658
"P18731",4772.08541856424
"P18735",4460.444444865
"P18739",4602.87964358494
"P18749",4476.5936581767
"P18752",4358.4725046453
"P18755",4381.9854160742
"P18769",4896.23066442633
"P18771",4415.17111510293
"P18796",4100.56036167721
"P19035",4861.99304343192
"P19037",4445.71597933327
"P19038",4430.03190835054
"P19041",4957.18271355635
"P19052",38767.7399289411
"P19124",3814.05737383505
"P19250",4430.7759365175
"P19252",4414.29039286407
"P19253",4198.34014381032
"P19265",4434.8695155207
"P19282",3916.67273328685
"P19573",4770.82290396475
"P19574",4789.6905851679
"P19590",3765.58123772059
"P19599",2895.83883203483
"P19630",3210.43015256946
"P19680",182824.512378315
"P19684",170247.313188576
"P19685",4898.47552937938
"P19686",5262.80827246602
"P19696",4722.20061061076
"P19697",165778.342816491
"P19699",4732.55962173911
"P19701",170543.706655055
"P19703",4787.4120875485
"P19715",4725.45070683045
"P19720",4665.33404749032
"P19773",5257.99648175475
"P19812",4647.60682292333
"P19813",4707.92751847523
"P19814",4709.23373747493
"P19851",4808.22798918431
"P19856",4743.98744175484
"P19860",4741.7493010796
"P19861",172418.202877078
"P19864",5058.61108543886
"P19865",4800.34064943317
"P19866",4881.65688846297
"P19867",4666.11098589853
"P19868",4785.55347592841
"P19891",4983.62973086026
"P19894",4785.89191539017
"P19897",4801.85105653207
"P19899",4826.93610267931
"P19905",5033.0538248326
"P19906",5271.00260911609
"P19907",4708.18964490027
"P19908",4609.88001893199
"P19911",4978.43615120936
"P19913",4720.66250710052
"P19915",4679.93144396384
"P19916",5081.41165467828
"P19920",4671.67779022596
"P19925",4753.04430124919
"P19926",4911.24863601404
"P19928",5268.66833508189
"P19938",4430.83893689867
"P19941",5624.6169168603
"P19954",4882.4378591014
"P19955",4371.3098371206
"P19979",6225.35559665865
"P20002",4341.4013986576
"P20004",4366.10754047492
"P20007",4403.57440363925
"P20010",4350.86354304617
"P20022",4433.29865147401
"P20026",4360.92781983171
"P20036",5498.19813579731
"P20040",4631.93238495496
"P20041",4395.47918915853
"P20042",4347.43304044153
"P20047",4813.41606836531
"P20048",4302.23884715868
"P20049",4279.59376111731
"P20050",4298.41008703009
"P20053",4295.15201720648
"P20066",4288.82721128629
"P20068",4540.40826523524
"P20129",4813.26763286487
"P20136",5010.63031479842
"P20141",5099.88729433706
"P20142",4833.02811476254
"P20144",4870.95271504914
"P20212",5213.42727712622
"P20213",4975.48801627692
"P20215",4832.33262916434
"P20218",5003.68698896278
"P20219",4976.36854313061
"P20220",4915.43815650636
"P20221",4990.53443350118
"P20243",5278.73480314196
"P20244",4969.19972464493
"P20247",4961.61047109492
"P20251",4838.8310608184
"P20260",4680.57074348073
"P20267",4863.76467675614
"P20269",4922.0952547119
"P20270",4760.4333747284
"P20272",4726.55118600486
"P20274",4947.03228655789
"P20307",184490.677200535
"P20311",4815.21679892751
"P20312",4911.76742041849
"P20315",4923.62834393988
"P20318",5439.09026953275
"P20368",5072.55748911469
"P20387",4215.77111008466
"P20436",5165.66489156444
"P20527",5072.9698741724
"P20546",4922.47942191915
"P20665",4390.17532132817
"P20666",4396.02220536166
"P20695",4156.19166829489
"P20725",3798.67199508413
"P20726",3675.86280212646
"P20766",4241.27525977362
"P20786",4351.42030844863
"P20848",4439.17939866478
"P20849",4831.90150908744
"P20855",4851.90893552292
"P21016",4746.37997647774
"P21021",4672.75214944283
"P21059",36071.0577770354
"P21112",4219.72907987948
"P21118",5023.73013061307
"P21123",4839.07514715357
"P21145",4924.98229071325
"P21150",4798.1907879899
"P21151",5247.89068767859
"P21160",4940.46392160926
"P21168",4931.09049401591
"P21169",4679.38717446986
"P21172",4808.83239412541
"P21174",4913.34806552188
"P21179",4834.69901024961
"P21183",4935.10354185945
"P21185",5356.75515939516
"P21186",5706.34920438916
"P21193",4986.31785807815
"P21231",4404.15279483872
"P21243",5427.8067764865
"P21247",5547.91985116077
"P21249",4428.2094697066
"P21253",4799.34525846168
"P21256",4854.58592014194
"P21283",5911.58245366416
"P21308",5010.51989197262
"P21364",48108.3917507775
"P21379",4531.05032195911
"P21381",4278.24524536008
"P21384",4523.45662521648
"P21388",4519.28966498662
"P21392",5097.94066773197
"P21393",190707.335458013
"P21680",5207.79914358789
"P21715",4028.90903962446
"P21921",5582.97168025635
"P21930",5064.84498800772
"P21959",5015.97565021731
"P21960",5448.31897980787
"P21961",5020.51333457998
"P21962",5441.74086237917
"P21963",187537.486723178
"P21979",4304.4779641236
"P21988",4934.99714290427
"P21989",4937.68477541349
"P21990",5876.39498465721
"P21991",5875.13498901153
"P21992",5167.08910652628
"P21993",5171.09780619321
"P22000",5164.38505717506
"P22001",5297.4984624074
"P22003",5272.97245724169
"P22004",5095.50169634481
"P22005",5091.65122428857
"P22006",5093.3535463219
"P22007",5104.55280721413
"P22009",5098.93912824374
"P22013",5209.83257818431
"P22066",5197.80505426479
"P22067",5209.42369612909
"P22070",5164.77753643237
"P22103",4479.0812837558
"P22104",4483.46841466519
"P22109",4517.9825782288
"P22117",4474.1674146756
"P22119",4477.43191972906
"P22122",4479.67143095512
"P22124",4471.89573848689
"P22126",4483.08705139027
"P22128",4481.41267639547
"P22139",4609.65112454848
"P22141",4608.65661559516
"P22143",5133.25640248668
"P22145",5130.13448581799
"P22148",4592.49778239676
"P22149",4599.99365044569
"P22161",4581.09441754914
"P22163",4579.73933193369
"P22164",4613.03147605138
"P22168",4706.87384043184
"P22193",4930.40688712509
"P22202",4991.59652010705
"P22205",4980.92704430838
"P22227",4495.75725777067
"P22259",5226.37221087456
"P22264",5238.23383788874
"P22265",5242.09728551649
"P22289",4648.21886921389
"P22291",4868.49696672145
"P22293",4644.2913950348
"P22315",5204.72376681026
"P22318",4958.56602777546
"P22321",4693.00635748588
"P22323",4669.23330602218
"P22324",4681.33630417533
"P22327",4678.43008167007
"P22331",4688.52482666573
"P22334",4971.12725776886
"P22338",5725.28591111249
"P22339",214602.219012925
"P22342",5707.68165057248
"P22343",191697.942836121
"P22346",5117.52491114546
"P22350",5112.52777492326
"P22351",5107.51682952787
"P22352",5120.45415843764
"P22354",5112.59311107725
"P22355",5113.45665493938
"P22356",5112.9263081902
"P22357",5714.97970144513
"P22358",5706.01514517789
"P22359",5107.06034404506
"P22360",5112.7574269737
"P22361",5115.10417811637
"P22364",5020.91339958922
"P22368",4981.5617862762
"P22369",4990.22845842011
"P22372",4985.98280397182
"P22373",4985.00907970479
"P22375",4980.07405705788
"P22380",5426.66936794099
"P22383",4966.36619623183
"P22384",5435.84333343552
"P22388",4965.40950777071
"P22389",4962.70577361522
"P22390",4964.97374734177
"P22391",4964.45312920691
"P22392",4963.0535309724
"P22393",4963.35007671533
"P22394",4960.76359629357
"P22395",4954.56394615072
"P22401",4949.09922672111
"P22403",4931.17169082896
"P22437",5221.3097062027
"P22443",4905.60253784593
"P22452",5358.5636992862
"P22455",4963.09917249736
"P22457",4960.31038797175
"P22458",4932.07806833985
"P22460",4955.68685065427
"P22467",5003.11811562262
"P22468",4986.03273888004
"P22470",5137.14614200252
"P22471",5140.49659465479
"P22472",5142.16588721537
"P22480",5150.99109923161
"P22484",5180.15470413584
"P22485",5187.51713229704
"P22488",5174.69328574475
"P22489",5177.0294337202
"P22491",190344.344498363
"P22521",5152.17041260327
"P22540",5465.70097830185
"P22543",4963.90835836839
"P22555",5212.02447481402
"P22557",4970.41700211891
"P22564",5306.76970694334
"P22654",5289.8573995679
"P22655",4986.07509675559
"P22659",5793.53719190693
"P22660",5121.74923594121
"P22661",5121.31218751773
"P22675",184941.439863555
"P22682",5030.08466672033
"P22689",5466.5966190953
"P22698",5149.88447753507
"P23013",3837.72307397599
"P23099",4624.0496346918
"P23100",5030.119041394
"P23104",4617.84163032161
"P23107",4629.65686796666
"P23110",4627.44070887393
"P23327",4337.6024088703
"P23329",4336.30441494673
"P23346",4619.8048473565
"P23351",5036.23593151272
"P23361",4887.29539873779
"P23364",4603.9238609
"P23366",5356.38057792426
"P23367",4746.66688322898
"P23376",4679.11999150258
"P23385",4485.5436499351
"P23387",4823.4466253947
"P23390",4645.95489957163
"P23396",4513.86291557155
"P23399",4519.46041253815
"P23408",4773.51513104601
"P23418",4575.01628885976
"P23456",4977.13078876339
"P23545",5137.41526001857
"P23549",5155.4461261771
"P23560",4922.62736421159
"P23750",5568.97158894457
"P23757",5039.7091482954
"P23758",5026.88284192035
"P23759",5044.32749699079
"P23783",5144.31124568819
"P23784",4972.8511316219
"P23785",4970.90908829352
"P23797",4908.57935284114
"P23800",4913.0635529695
"P23802",4911.80333483797
"P23806",4983.07815770753
"P23807",4981.18400011903
"P23808",4986.67240500834
"P23814",4988.41122317824
"P23819",5286.85370967059
"P23820",5268.57130126146
"P23822",6147.18910465359
"P23857",4935.35611938986
"P23864",4942.16138481593
"P23865",4942.93202573535
"P23866",4946.66785730641
"P23883",4989.60161976847
"P23884",4762.2053850509
"P23886",4763.97365329731
"P23890",4683.71460931241
"P23904",5026.87287018933
"P23905",5442.75807112262
"P23910",4946.20079874999
"P23911",4949.38024273239
"P23913",4722.64699783341
"P23962",5147.07053998454
"P23965",4847.81895846558
"P23966",4845.77103840468
"P23967",4846.27038828506
"P23972",4999.01580556463
"P23978",5029.15702179552
"P23982",5036.35243516902
"P23983",5056.36597524626
"P23984",5045.09339781843
"P23986",5045.14987200006
"P23993",5027.65517648453
"P24000",5026.57169942173
"P24002",4560.93042441217
"P24012",4799.78141708606
"P24014",4979.2239695347
"P24027",5185.10330126579
"P24030",4766.71706059001
"P24196",3976.15836405321
"P24197",3974.60572760118
"P24213",4353.51399522392
"P24214",4288.89985802386
"P24216",4289.21718206974
"P24278",4326.40248085726
"P24530",4214.70080784622
"P24539",3783.1130931447
"P24750",4959.60155166533
"P24754",4851.5158602915
"P24757",4863.67059521825
"P24759",4852.29661004729
"P24760",4859.97888415489
"P24764",5093.78383410898
"P24765",5088.73708195086
"P24766",5556.43551216612
"P24768",4794.62301723515
"P24769",4798.26773388752
"P24776",5171.82762976716
"P24792",6089.57917391371
"P24795",5177.30128180221
"P24807",5460.38998033689
"P24809",5449.87218292581
"P24810",5012.88197794625
"P24813",5452.59874579461
"P24819",185854.638985805
"P24823",5153.23095977655
"P24826",5146.83996772692
"P24837",4727.66800309758
"P24838",5142.82078581551
"P24839",4726.05366277288
"P24842",5141.03795740784
"P24843",5838.75445041965
"P24844",5218.01292747981
"P24891",5543.11312687874
"P24893",5043.29653218849
"P24894",5038.28633660197
"P24896",5039.39544271582
"P24897",5529.11708294595
"P24899",5049.80697854837
"P24901",5048.10551920773
"P24902",5046.39718850333
"P24905",5055.12344252533
"P24907",5549.41977973641
"P24908",5057.6940910023
"P24909",5036.25531022267
"P24919",195195.234182174
"P24921",5191.91581302535
"P24923",4700.85612554793
"P24934",5022.8106925951
"P24945",5694.35093966635
"P24948",5040.64018858987
"P24949",181895.648459332
"P24951",5039.63043667534
"P24952",5035.30939108593
"P24953",5040.57363591295
"P24954",5047.43455767953
"P24956",5050.96817928532
"P24961",5056.18082151348
"P24962",4972.30704214241
"P25145",4237.03855279761
"P25149",4232.01583554037
"P25150",4233.93671838581
"P25151",4303.04003415736
"P25152",4293.40516976932
"P25153",4293.36700352951
"P25155",4305.13467872134
"P25156",4297.0189248839
"P25157",4280.77369334257
"P25158",4600.21069718665
"P25159",4613.01375010549
"P25160",4225.83709341774
"P25163",4693.67559344672
"P25164",5239.24112146183
"P25166",4702.76653433288
"P25167",4692.28212847977
"P25168",4713.49134069966
"P25188",6398.75195775993
"P25190",5149.03547600687
"P25192",5116.2566037124
"P25194",5666.47552880046
"P25196",5043.6550690549
"P25211",4885.21868103205
"P25214",4890.44190881266
"P25216",4874.89831496348
"P25217",4880.76745068249
"P25235",5067.0002396118
"P25237",5064.85246758415
"P25241",5191.89142683436
"P25242",5878.13945955168
"P25244",5857.50738941167
"P25246",5175.69578503795
"P25252",4968.64068546724
"P25253",5356.8681097962
"P25254",4934.59278545308
"P25255",4551.90704108111
"P25256",4957.23615659868
"P25259",4976.21448015292
"P25264",4964.92182429926
"P25266",5081.35257706324
"P25267",5082.43194956946
"P25268",5085.9175920371
"P25270",5082.22026402249
"P25271",5079.62685349651
"P25272",5080.60483111944
"P25379",4750.91460822614
"P25380",4748.86699951789
"P25383",4750.24108100413
"P25410",5652.48097423212
"P25411",5048.78709898878
"P25412",5622.26926591174
"P25413",6272.00494966747
"P25414",4903.03234718257
"P25416",4900.13895121879
"P25417",4902.5965502324
"P25421",4967.48190661464
"P25427",4899.29605431903
"P25428",4907.28142888168
"P25429",4954.50559326519
"P25432",4917.59271079634
"P25433",4893.11569233287
"P25435",4937.09181906863
"P25436",4935.46324929045
"P25439",4940.04588552286
"P25441",4943.31680420887
"P25443",4947.51664560778
"P25445",4945.53519014869
"P25453",5204.54797303452
"P25454",4877.31733816445
"P25462",4877.16484600017
"P25463",4877.62102361724
"P25464",4886.67087220798
"P25465",5313.59517290823
"P25470",5082.10676679166
"P25476",6141.19403520988
"P25478",5253.43294132248
"P25479",5266.88652960697
"P25674",4052.65911495862
"P25676",4073.22843393456
"P25725",3865.36508351746
"P25742",4000.30616512314
"P25921",3195.3057296475
"P25923",3195.90378966057
"P25925",3193.5252361127
"P25947",4953.92740010342
"P25985",4913.11963989669
"P25986",4924.5121787002
"P25987",4924.03821958384
"P25989",4923.1675029491
"P25990",4936.32212977148
"P25993",4882.51480951541
"P25994",5214.38386806661
"P25995",5221.2263229292
"P25999",5206.27650669951
"P26116",3665.77220512874
"P26132",5844.66924923555
"P26134",4958.91721802302
"P26135",5182.04916072402
"P26136",5838.25957104518
"P26137",5087.4882281242
"P26167",5151.33018796887
"P26168",4918.00130216257
"P26169",4943.32964754133
"P26172",4931.98057812898
"P26178",5005.70149818616
"P26181",5178.15236985323
"P26182",5201.33266235947
"P26196",5976.56621221031
"P26373",4944.56492958229
"P26377",4946.98755086893
"P26378",4809.35671114828
"P26392",4819.12207422236
"P26394",4810.55134128268
"P26398",4818.37606582547
"P26399",4829.01683410776
"P26407",4793.14088483557
"P26408",4793.70122353977
"P26413",4780.96188881554
"P26414",4788.6272585383
"P26415",4791.80805166268
"P26420",4773.77314074534
"P26423",4778.14452597257
"P26429",4787.76265518975
"P26431",4782.2363629219
"P26433",4783.24787663109
"P26446",4106.13134776153
"P26479",194933.232928751
"P26610",5004.77398978656
"P26611",5190.00441213086
"P26612",5030.88177585324
"P26616",5030.40752322702
"P26617",5039.35421532474
"P26621",5023.38764125465
"P26622",5031.00154769778
"P26623",5029.35996409775
"P26624",5029.61994395127
"P26625",5031.33297188476
"P26626",5010.07016025389
"P26627",5218.62618648403
"P26628",5036.5811546185
"P26629",5022.80073773494
"P26631",5030.80446172169
"P26632",5035.69703368226
"P26633",5577.29189027463
"P26634",5036.44304802878
"P26637",5036.45037819508
"P26638",5035.3428112595
"P26643",5285.76834145611
"P26644",5274.33706142857
"P26645",5274.43637221549
"P26646",190218.921302433
"P26648",190248.082145562
"P26651",5278.40415274973
"P26652",5949.92127118125
"P26654",5279.80858934674
"P26655",5972.56948915626
"P26659",5262.54042911342
"P26662",5290.26170664497
"P26663",5285.94569869594
"P26667",5280.77787811102
"P26671",5213.07062595431
"P26675",5205.41706871259
"P26677",5204.8512012682
"P26678",5558.00780155452
"P26680",5556.2945387514
"P26681",5102.6085079226
"P26685",5221.97778523342
"P26687",5214.96975497342
"P26689",6231.59512387729
"P26694",5347.66409296602
"P26697",190770.038677077
"P26698",5123.55312022547
"P26699",5727.92036334524
"P26700",4913.50946542
"P26704",5231.58623810141
"P26707",4897.71849334694
"P26708",176365.530197568
"P26711",176512.710189636
"P26712",4890.18337874896
"P26714",5262.51667928462
"P26715",5267.06358990775
"P26718",5263.97096409893
"P26719",178222.412510011
"P26720",211036.63234337
"P26721",185544.907098444
"P26722",185408.309088304
"P26723",186148.296985505
"P26724",185733.816693619
"P26728",4779.06962946206
"P26809",4136.78479683395
"P26858",5040.70896322351
"P26859",5050.89557290111
"P26860",187492.12904766
"P26892",3862.31502722223
"P27251",4747.36263976643
"P27253",4782.7142088905
"P27257",4709.56496135667
"P27261",4644.66299536836
"P27263",4678.57855419956
"P27264",4681.70428985924
"P27265",4663.2891359855
"P27266",4661.95004776292
"P27267",4657.64824041946
"P27271",4647.64887303959
"P27277",4996.40179500694
"P27279",5008.62004906123
"P27280",4997.63338032626
"P27281",5990.59005934086
"P27282",4705.09163221749
"P27283",4711.86241504673
"P27285",4705.11545982942
"P27286",4790.94475483327
"P27287",4802.52033763442
"P27288",4788.29838764994
"P27289",5169.16957601521
"P27446",5040.93741860387
"P27667",4649.68854286879
"P27668",4654.17377157221
"P27671",4459.69910425197
"P27672",4827.25053110855
"P27675",4464.90796527278
"P27676",4462.0513038073
"P27680",4458.96741871974
"P27682",4450.36440860604
"P27685",184468.977140478
"P27688",4870.7604793789
"P27693",5128.3405065105
"P27695",185104.266366922
"P27703",5252.10887833825
"P27704",4651.11898681384
"P27705",4661.16840473424
"P27707",5254.27408015871
"P27708",4672.01718390199
"P27711",4665.43062840434
"P27716",5114.91367256137
"P27718",5128.42635669021
"P27724",4933.94366478313
"P27728",5128.00642682959
"P27738",4588.73504524159
"P27740",4580.55235977827
"P27741",4586.84521101696
"P27748",6481.2954886049
"P27972",3979.03012018477
"P28235",5809.34091592798
"P28237",183498.757369573
"P28243",4910.86463302126
"P28245",4914.86937129536
"P28252",4595.32152538412
"P28258",4587.92592592921
"P28403",4944.13203225278
"P28419",5501.64518439874
"P28465",4532.18200875389
"P28466",4505.7605957861
"P28467",4500.47733390457
"P28468",5266.46674598009
"P28538",3549.63404921283
"P28763",5523.92028593546
"P28764",5633.30328341027
"P28767",5527.81384019082
"P28773",6337.32523491591
"P28861",5340.35080358538
"P28863",5335.7292184578
"P28865",192705.273208551
"P28867",5117.15611425983
"P28868",5111.352776227
"P28870",183300.022182509
"P28871",5112.31820475707
"P28873",5110.74327507211
"P28876",5112.02430257007
"P28880",5116.63807863074
"P28888",5174.40958248927
"P28890",5165.53896070586
"P28891",5179.04921205267
"P28892",5194.36475950063
"P28893",5183.96052619601
"P28896",5061.66796864097
"P28899",5042.02277324237
"P28901",5241.95112172715
"P28911",5340.2016486018
"P28915",5224.38118561698
"P28925",5090.77309755517
"P28926",5088.52796947415
"P28927",5096.64591343234
"P28928",5792.66067028269
"P28929",5106.91002628441
"P28933",5170.45686615426
"P28936",5810.81927889195
"P28941",5145.77257235243
"P28943",5039.53068002784
"P29184",5115.86940811672
"P29196",178784.685150526
"P29198",5251.1120534343
"P29199",4827.03689011759
"P29200",4632.9165518807
"P29202",4629.09898555349
"P29203",5142.66905644979
"P29208",5097.77360785332
"P29209",5092.30977306555
"P29210",5079.84324146942
"P29213",4693.90493040823
"P29215",5125.32817915436
"P29216",5124.56253286054
"P29219",5138.19607057839
"P29221",5409.14795916193
"P29231",5228.05341426369
"P29233",5229.86859755853
"P29235",5220.74755084631
"P29307",5063.31661891874
"P29346",4834.53463263275
"P29353",5481.29465940639
"P29355",4997.1590308113
"P29356",4991.20769299457
"P29357",4999.7953429865
"P29358",4998.07519822604
"P29359",5001.61363227209
"P29360",5003.11249434948
"P29361",5003.45968438325
"P29364",5006.03895868843
"P29365",4949.23442558591
"P29368",4965.41391896349
"P29369",4956.70051009158
"P29370",4973.95086477462
"P29371",4959.09919704889
"P29376",5361.08493158845
"P29381",6100.5394146504
"P29383",5015.1611293623
"P29389",5198.5540822194
"P29390",5111.42916063954
"P29579",4467.53724309372
"P29580",4953.25899741723
"P29581",4956.02336411559
"P29583",4953.93968584651
"P29584",4949.69764352144
"P29585",4950.72604165807
"P29628",4512.57351640506
"P29632",4413.94684436034
"P29653",4348.31488655888
"P29654",4670.2372809143
"P29657",4353.9727123748
"P29710",4918.07776109487
"P29726",176395.94330399
"P29727",176383.795873812
"P29728",4895.3525995722
"P29748",5058.1346497481
"P29750",4977.84516700383
"P29751",4991.42554278182
"P29786",5097.67164166144
"P29787",5284.98698943292
"P29788",5275.26238971574
"P29789",5284.79588618276
"P29790",5279.07211511242
"P29791",5987.63527583456
"P29882",4497.82769731137
"P29887",4666.92526429708
"P29915",44285.6187349426
"P30021",4569.36237328756
"P30022",4568.79399900449
"P30044",5054.78439296809
"P30051",5056.93925169639
"P30054",194346.228821321
"P30329",5238.85709509224
"P30336",5229.64468078116
"P30446",4892.59772658905
"P30580",4910.3594691054
"P30581",4912.27187779165
"P30582",4912.16429400603
"P30584",4904.94892398734
"P30585",4907.71919779051
"P30761",3956.46605079859
"P30768",4004.30723282079
"P30836",4944.2450522813
"P30964",43643.6278399987
"P31127",5354.15732986743
"P31152",5444.4000182274
"P31154",5150.79212910038
"P31177",5189.32540148964
"P31266",5334.05194056357
"P31308",5237.92746016681
"P31309",5227.58616761118
"P31310",5222.70137847147
"P31312",5221.45101672876
"P31313",5235.38574170771
"P31314",5222.89266976271
"P31331",5539.64532881549
"P31332",233350.809705252
"P31333",5349.56713999338
"P31340",202140.109780135
"P31341",184139.836512231
"P31342",5081.73991006758
"P31343",5079.96326800364
"P31346",5088.76788228389
"P31349",202201.57554406
"P31351",5263.4550669838
"P31352",5270.24318612942
"P31355",5280.14766245755
"P31356",5280.79440641477
"P31396",4097.67980601014
"P31433",5296.50455832076
"P31438",4706.68420280004
"P31440",4703.0582226257
"P31441",4705.29657346358
"P31442",4725.03592204043
"P31443",4703.9284440578
"P31473",4540.38555293313
"P31477",4472.0956791309
"P31493",5036.16360343125
"P31501",4472.98375948541
"P31502",4468.18966969997
"P31505",4450.72153973158
"P31574",40132.3844402173
"P31578",40328.5487349068
"P31610",40477.5497636352
"P31611",45497.1052456264
"P31623",4549.70005502281
"P31627",4508.90984965246
"P31629",4535.45725683503
"P31632",4519.20443492424
"P31633",4523.02700140333
"P31634",4535.47312430137
"P31637",42075.9591937197
"P31640",4303.30096121787
"P31642",39680.5256795465
"P31644",39732.2956632368
"P31647",4664.62215824729
"P31680",38646.6288337213
"P31683",39021.5388119861
"P31684",38730.5385340111
"P31690",38841.8581110687
"P31830",4903.40768786977
"P31832",4901.88600294179
"P31833",4907.44450968465
"P31835",4901.48601260531
"P31836",4924.08601288993
"P31837",4567.25624929117
"P31838",5005.15668818488
"P31839",4560.45023003972
"P31840",4568.34703266802
"P31841",4566.22149744361
"P31844",4653.94035813386
"P31846",5136.46718954656
"P31847",4637.37426807333
"P31849",4629.80262127902
"P31850",4674.99203982132
"P31853",4569.64153988814
"P31854",4964.06193800121
"P31855",4545.32728031459
"P31858",4922.40074807852
"P31860",4698.72144993308
"P31869",5174.85751091816
"P31873",4834.46384614398
"P31874",4813.64604598498
"P31876",4813.05870971387
"P31877",4821.95205855462
"P31878",4808.11485853319
"P31879",5231.96935461204
"P31881",5519.30470494976
"P31883",4826.77750629665
"P31885",4840.68856965515
"P31887",4834.30607145617
"P31888",4837.96429033491
"P31891",4738.14334381488
"P31894",195026.821623622
"P31895",195089.546658342
"P31896",4975.85346004964
"P31928",5088.29189930301
"P31976",5273.98714042664
"P32014",38555.4474196689
"P32065",3542.66341191662
"P32126",4262.07714809914
"P32564",39498.8814210906
"P32570",40837.4874086074
"P32581",4297.01968635453
"P32625",4312.35525723215
"P32901",4199.49873345411
"P32918",4689.74488308616
"P33013",4114.44366962576
"P33017",3516.23307763985
"P33089",4518.45149528382
"P33191",4219.46215062871
"P33395",4219.39383954274
"P33532",4118.39452969196
"P33533",4121.88452684916
"P33534",4319.96346746177
"P33681",3496.70911812028
"P33682",3497.31274843213
"P33683",3498.00560531802
"P33704",3561.30220329926
"P33943",38303.7156806958
"P33945",38300.2955312392
"P33971",4170.25515712881
"P34002",3229.74197684155
"P34078",5928.86769723129
"P34082",5177.70000187358
"P34083",4987.56085830873
"P34087",5164.42248562823
"P34088",5176.77916864923
"P34090",4727.57813068323
"P34091",5394.59601685781
"P34094",4728.64799142176
"P34095",4736.90038992156
"P34096",4714.20772533165
"P34100",4727.36131158154
"P34101",4724.34920113058
"P34102",4620.2526955363
"P34103",4619.94922328454
"P34104",4611.175856013
"P34105",4606.04182908632
"P34106",4620.63541919668
"P34107",4611.65622537379
"P34108",4622.75055467306
"P34109",5125.20134019994
"P34110",5767.91424564065
"P34112",5744.44056535706
"P34113",5134.64051342718
"P34115",6287.8971007843
"P34117",5363.89575390755
"P34119",5817.19633354831
"P34120",5123.12833378371
"P34124",5297.65782967054
"P34125",5306.06295088571
"P34126",5291.01413928901
"P34127",5285.16559933285
"P34128",6152.23154505164
"P34130",4935.4052192639
"P34133",4928.13497305505
"P34134",4908.61779620148
"P34135",4930.98284031622
"P34137",5342.65171096433
"P34138",4929.90725364832
"P34140",4929.85992016913
"P34149",5525.8318034947
"P34150",4975.14025034589
"P34151",4880.67720596455
"P34152",4902.55406846466
"P34156",4896.9363981475
"P34157",4899.04165780151
"P34158",4874.20512615932
"P34161",4883.26932829765
"P34164",5835.76021951014
"P34165",5110.30957386737
"P34166",4941.94374098908
"P34167",5485.73768733094
"P34168",4935.93734213732
"P34173",4902.93053165616
"P34179",4983.86094081275
"P34180",4969.76966358773
"P34181",4958.4899315767
"P34182",4967.45635380521
"P34183",4969.04866984611
"P34184",4967.99767205029
"P34185",4971.338162604
"P34186",4544.44922447597
"P34188",4545.07432160999
"P34191",4535.94025664035
"P34193",4335.50650394717
"P34194",4321.47528644076
"P34196",4331.50095752898
"P34197",4325.56159634705
"P34198",4322.94669806968
"P34201",4324.17801754145
"P34205",4331.07718495446
"P34208",4685.55826643952
"P34209",4687.87191136941
"P34210",4392.06987558415
"P34211",4383.37611882372
"P34212",4374.91659024647
"P34213",4677.07617064302
"P34214",5327.69499114076
"P34216",4894.70657092243
"P34217",4896.10096117078
"P34219",4483.1183201018
"P34220",4486.70632283412
"P34222",4514.48477355993
"P34223",4505.05614237987
"P34224",4758.73788012412
"P34228",4450.5887046351
"P34229",4443.20517179398
"P34233",4784.85553063254
"P34235",4788.56990654121
"P34236",4796.21627114502
"P34237",4556.10088777138
"P34238",4548.02827962186
"P34255",4811.55460996677
"P34256",4694.25036239824
"P34260",4702.71575303744
"P34261",4709.84024471149
"P34262",4707.95462251253
"P34263",4723.74808248155
"P34265",4720.91560169981
"P34266",4708.86937444013
"P34268",4724.74865332066
"P34271",4610.87899871644
"P34272",4626.22922578518
"P34273",5078.03756764238
"P34274",4626.56074171362
"P34277",4694.65926148566
"P34282",4638.03271846717
"P34283",4633.41887632632
"P34284",4646.42160841736
"P34285",4642.04212527065
"P34287",5325.24934277764
"P34446",5324.18021968858
"P34447",5328.06382700162
"P34448",5333.92068688867
"P34449",5324.01539073896
"P34450",5319.44247868999
"P34468",4972.47136896015
"P34469",4960.10522862081
"P34474",4955.1093442905
"P34476",4963.54243409569
"P34477",4953.75054124425
"P34478",4979.67013153347
"P34479",4962.81686673536
"P34480",4968.79040468162
"P34481",4980.38689979197
"P34483",4971.81009674914
"P34484",4978.9986217103
"P34485",4972.61913440873
"P34486",4971.94346931527
"P34487",4970.25618902971
"P34488",4979.88402062308
"P34489",4963.123378392
"P34490",4972.30648019729
"P34491",4984.24929599698
"P34492",4978.95350104867
"P34493",4982.91903758779
"P34495",4980.38342546993
"P34496",4977.28384260823
"P34498",4979.20257464435
"P34499",4993.0818045004
"P34500",4976.17704613696
"P34502",4976.73132037692
"P34503",179484.485412539
"P34504",4984.01394768749
"P34505",4986.53633685475
"P34507",4986.7325827399
"P34508",5006.1533018561
"P34509",4979.43385750804
"P34510",4979.8344405042
"P34511",4979.8865944267
"P34512",4979.96437900408
"P34513",4990.68640716775
"P34514",4994.97613847564
"P34518",4986.56912797439
"P34530",5708.70039328849
"P34531",5151.59430092637
"P34532",5167.71673409584
"P34533",5153.21507327154
"P34534",5150.6135353934
"P34715",5261.74162820314
"P34717",210115.471277853
"P34729",5032.54761127239
"P34800",4622.90280737449
"P34801",5048.92434737662
"P34802",4617.03122690907
"P34803",4623.61677415821
"P34807",39767.0952024441
"P34855",4844.34455327746
"P34858",181069.916757603
"P34888",4742.78137544553
"P34890",4746.48046714663
"P34893",4733.38313589836
"P34895",4728.57020842259
"P34909",4802.30357168098
"P34910",4791.13224995966
"P34911",4797.67903953316
"P34912",4799.72635134595
"P34956",5025.54006904546
"P34957",5033.59972784437
"P34961",5017.19724683076
"P34962",5017.45802531698
"P34967",5084.24188402556
"P34969",4690.64223151221
"P34970",5123.22707939545
"P34971",4685.95698071298
"P34972",4681.75819367805
"P34973",4685.09672564469
"P34974",4674.33263042574
"P34976",4679.57191970847
"P34977",4669.23799362679
"P34978",4660.49281219374
"P34979",4670.87661874747
"P34988",4936.77382561616
"P34989",4932.14028327483
"P34990",4934.03310026763
"P34991",4947.14276253253
"P34993",4929.46439010618
"P34994",184956.366193728
"P34995",4673.86570933638
"P34996",4672.93123311063
"P34997",174955.037010045
"P34998",4688.51711895465
"P34999",175538.903871817
"P35000",4676.80335110075
"P35001",4668.77119769039
"P35003",4664.67367337665
"P35005",4663.4516965051
"P35008",4657.01610259571
"P35039",4969.08792858877
"P35080",4641.04796825478
"P35085",4646.59595579654
"P35087",4653.56162047922
"P35091",4649.52426081706
"P35093",4652.08027236848
"P35094",4696.31197046806
"P35095",4643.14390719377
"P35096",4629.80188204324
"P35097",4627.29250825692
"P35100",4672.86395349796
"P35102",4735.39880443236
"P35310",4614.63244739658
"P35315",4640.45302663489
"P35324",4368.73898537452
"P35326",5681.72285609723
"P35329",4491.86939283812
"P35331",39053.414498572
"P35347",4336.58964773456
"P35349",4340.77662661545
"P35352",37885.0409390402
"P35354",37914.5845316941
"P35374",5031.49856762769
"P35645",3204.2555045424
"P35948",4660.47688116624
"P35950",5032.92796304617
"P35954",4813.16251885468
"P35957",4862.60965943905
"P35959",4568.52933903561
"P35960",4579.1816218652
"P35961",4574.09970120982
"P35964",4577.92567304097
"P35966",4563.51418166606
"P35967",4967.31764132987
"P35969",4573.87202475444
"P35970",4586.12190191884
"P35978",5363.69372557577
"P35987",5360.56085510891
"P35988",5327.63428781924
"P35989",5371.0655339
"P35990",5363.91480246746
"P35991",7430.4845796181
"P35994",5374.6898975488
"P35997",5381.68719154113
"P36003",5326.38357806931
"P36004",5325.56650008145
"P36006",192557.361311727
"P36010",5332.96015240924
"P36019",4789.73930690728
"P36020",4807.59462363491
"P36021",4784.55344110068
"P36082",4872.48566539446
"P36084",4862.79883448092
"P36086",4875.70980767561
"P36091",4624.1799100949
"P36094",5153.78077812961
"P36095",5172.90439439994
"P36097",4737.24704229749
"P36098",4727.2113385638
"P36099",4722.8766117704
"P36120",5132.86309653548
"P36123",5113.75342919031
"P36125",5138.54383492312
"P36129",4748.47432198687
"P36130",4759.19187440362
"P36132",4961.85734061483
"P36136",4961.92761091775
"P36138",4963.51003125677
"P36139",4978.52882338561
"P36140",4978.78040825089
"P36143",5221.29892432823
"P36144",6024.82208516329
"P36146",5215.97953854837
"P36154",5228.75072257363
"P36158",4536.86349423355
"P36159",4530.29426404332
"P36160",4537.88212625163
"P36161",4535.01068337546
"P36162",4535.70060803791
"P36163",4529.64858425093
"P36164",4820.11783291847
"P36166",4796.92737365406
"P36167",4943.24621195474
"P36169",4969.61926580121
"P36170",4940.36822376351
"P36172",4937.02689502202
"P36174",4942.80575431019
"P36177",4863.84181457738
"P36178",4792.78895255692
"P36185",4646.23560966518
"P36189",4633.47849012389
"P36195",4630.12428634454
"P36201",4765.54728912031
"P36202",4437.82972982091
"P36204",4454.49208656553
"P36206",4450.36364676558
"P36207",4454.36935963181
"P36209",4607.10483663041
"P36213",4606.36541667246
"P36214",4609.17425281959
"P36217",4608.74856832964
"P36219",4610.30108345949
"P36220",4624.84367672504
"P36223",4792.16994132207
"P36227",4660.5038622903
"P36228",4655.69038867065
"P36229",5347.54271538055
"P36230",4663.79317930349
"P36231",4651.82625448197
"P36233",4654.9139630718
"P36251",5558.1850091595
"P36252",4574.665187991
"P36254",5032.97036062073
"P36256",5035.40380266003
"P36257",4560.59721118802
"P36260",5355.05279232275
"P36261",4718.55087988992
"P36262",4705.7425849107
"P36263",4701.15129188328
"P36264",4556.5996721546
"P36265",4552.24334116668
"P36266",4570.83079680911
"P36267",4580.39447358364
"P36271",4557.54014735011
"P36274",4559.7152565398
"P36279",4654.33601715532
"P36280",5272.88932934554
"P36284",4650.1069686679
"P36339",5448.96304842745
"P36465",45812.08617144
"P36467",45837.5542925292
"P36522",5279.63849611698
"P36526",5986.12424357858
"P36530",5351.77024587561
"P36531",5310.64403703523
"P36532",7076.27405457269
"P36533",5325.04281894045
"P36534",5340.27889465351
"P36536",5341.60070985973
"P36537",5347.991953724
"P36539",5357.35039192484
"P36540",5009.93995255764
"P36541",5005.97185893297
"P36543",5006.31562538768
"P36544",5024.41237050992
"P36545",5014.536464664
"P36546",5020.479137881
"P36548",5426.41486280363
"P36551",5418.52556400675
"P36553",5427.88507532922
"P36554",5428.88842650342
"P36556",5439.22787522823
"P36557",5430.42379989246
"P36558",5439.55361563817
"P36559",5427.51726032272
"P36561",5018.22845545274
"P36562",5024.20398625786
"P36564",5019.89588621035
"P36568",4987.50940984298
"P36569",5009.1167329413
"P36571",5008.7683673486
"P36572",5005.99597452628
"P36573",5006.71077375487
"P36574",5002.79271043153
"P36576",5339.14153867681
"P36580",5318.18044254523
"P36581",4971.90418706124
"P36584",4981.92484512854
"P36586",4982.00125787213
"P36588",4974.84541815245
"P36590",4957.920834965
"P36592",4975.81897640637
"P36593",4975.1024970722
"P36594",4964.89345279644
"P36595",4961.94690611161
"P36596",7208.06033213895
"P36599",5349.84486997771
"P36601",5180.50603304648
"P36602",5181.21221012182
"P36603",5176.15316415343
"P36604",5173.46063118915
"P36605",5165.5925305478
"P36606",5161.36250053934
"P36726",5014.34030013614
"P36766",4454.42677290455
"P36815",4397.95703141518
"P36818",4403.59763132474
"P36834",4078.74942954327
"P36885",4915.62771003623
"P37189",4440.66301741702
"P37226",5385.68768278424
"P37227",5384.12310988929
"P37228",5392.98113306478
"P37232",204121.22914858
"P37233",5155.84533555733
"P37235",204048.782020954
"P37236",5168.22681310418
"P37238",199784.063461392
"P37242",5077.65187358892
"P37246",5050.05832213635
"P37247",182141.736051345
"P37248",5053.3532681957
"P37251",5042.20126387045
"P37252",182060.466620944
"P37258",5649.37101280283
"P37259",4910.63540438762
"P37260",4902.99114399377
"P37261",4903.31397664486
"P37262",5320.06961475636
"P37268",5191.48564419064
"P37269",5196.28899341243
"P37271",5030.69610289292
"P37273",5034.1852643703
"P37274",5021.25757773136
"P37276",5032.6934283217
"P37278",5637.39818649246
"P37281",5119.21386380183
"P37282",5098.29616483222
"P37284",5012.38693817741
"P37285",5005.93629204089
"P37287",5065.60836081133
"P37289",5059.67830630091
"P37293",5261.75982300695
"P37300",171982.825296717
"P37301",171749.744828564
"P37307",5177.40817308201
"P37308",5204.94904005981
"P37309",5228.77506095311
"P37312",5188.54295702558
"P37315",5035.20574460255
"P37316",5034.28547255785
"P37320",5088.31605502126
"P37324",5092.12580513962
"P37327",5185.06547046214
"P37332",4929.35652979822
"P37333",4920.88678935821
"P37335",4959.75169074872
"P37337",4982.79351711655
"P37338",5545.9622407001
"P37364",5137.52371427231
"P37383",182052.56615345
"P37385",5716.06597567462
"P37387",5076.43113396969
"P37390",5073.23408781823
"P37391",5071.93274922515
"P37394",5060.15632248558
"P37397",182564.486095715
"P37399",182905.212042859
"P37401",5275.21546793841
"P37405",185925.262777547
"P37407",186236.524925297
"P37409",5098.66896664679
"P37412",5089.70467338944
"P37413",5094.68130448745
"P37414",5056.89842625458
"P37415",5040.16583308136
"P37417",5064.07922563076
"P37418",5069.54763568618
"P37512",6207.44118187454
"P37519",5493.75785238596
"P37524",5497.29958474432
"P37535",221267.631789593
"P37537",6161.11079004021
"P37538",5366.91949622759
"P37541",5375.3923341034
"P37542",4944.05848569183
"P37543",5394.96815227989
"P37544",5386.31626197366
"P37558",5440.5878098591
"P37560",5447.86532143179
"P37568",233945.341320409
"P37570",5265.54817366999
"P37573",5272.4911956568
"P37574",5261.6398901543
"P37575",5265.39047083753
"P37579",5245.50215701885
"P37580",189534.689328987
"P37581",5240.08130886005
"P37582",5232.27291727825
"P37583",185104.514121116
"P37587",5126.84781002014
"P37592",5120.4096596076
"P37595",5115.358893656
"P37597",5117.56975704711
"P37599",5155.09013039245
"P37600",185583.618609423
"P37602",5134.11842622784
"P37603",185761.352389819
"P37607",5163.43442839685
"P37608",186063.08752482
"P37610",5161.71481850649
"P37611",5168.90670949678
"P37614",5844.04330217701
"P37617",5190.15076184413
"P37620",4893.65355547844
"P37624",4882.04209372126
"P37627",4894.42792884857
"P37631",4905.13936041504
"P37632",4908.7058721886
"P37634",4910.98535096527
"P37636",5918.75645879621
"P37640",5016.73975877767
"P37643",5003.5417438645
"P37652",210696.933064736
"P37655",5196.90509959085
"P37659",5218.72882456145
"P37688",5137.90359983161
"P37701",4576.91229962448
"P37740",4932.9509375502
"P37744",4943.7299783771
"P37745",4946.05600091745
"P37752",4970.31499534335
"P37753",5862.21219263527
"P37762",5415.5664982012
"P37763",5019.73873624532
"P37764",5026.0877254798
"P37766",5392.86259665821
"P37776",181143.476373965
"P37779",181140.162062551
"P37786",181496.744976704
"P37788",179518.374065194
"P37789",193771.069717719
"P37791",193848.711015178
"P37793",5337.24298762039
"P37797",179050.124139564
"P37807",5203.46231835362
"P37812",5204.61896254854
"P37813",5195.85503778836
"P37841",5150.13936632649
"P37844",5216.08523209281
"P37845",5139.0024173034
"P37848",5689.11347164192
"P37852",4915.3683436706
"P37862",5172.44265465479
"P37868",5136.60415404376
"P37869",5623.58351391602
"P37871",5131.55500859808
"P37872",5135.24840513184
"P37889",6213.25438032344
"P37904",5389.99857284876
"P38035",140298.152627035
"P38144",161595.609816162
"P38166",3075.01812345074
"P38167",4118.36049458258
"P38206",4220.94540778077
"P38235",4172.15549964613
"P38239",4193.89735605376
"P38349",4927.29771496991
"P38350",5447.90381548443
"P38352",4935.39318580961
"P38389",5735.54132949549
"P38392",5043.86015980424
"P38393",5047.01420273922
"P38918",6029.84347570713
"P38925",251450.112461655
"P38926",226112.96525607
"P38939",6402.49357281343
"P39206",4758.65806792657
"P39451",222700.912449968
"P39531",39437.8776127791
"P39536",39324.3368363322
"P39606",6328.80505631525
"P39665",5413.39251992318
"P39668",5424.9492595026
"P39670",5304.74802025342
"P39672",4703.64812581758
"P39674",4700.36522989301
"P39676",4685.5803336479
"P39677",4684.635653925
"P39678",4685.08671272397
"P39682",4684.94539194184
"P39683",4677.70887933873
"P39690",5421.13714883055
"P39691",4493.32245422594
"P39693",4506.92542086615
"P39694",4507.87798705927
"P39695",4522.11686887861
"P39700",4497.50453957361
"P39701",4489.05950470469
"P39707",4790.60065471256
"P39708",4780.03571589506
"P39709",4591.78131615038
"P39710",4570.69475622295
"P39714",4786.11113775244
"P39717",4627.91576486003
"P39719",4621.79269635606
"P39722",4631.25864444294
"P39724",4596.1560656093
"P39725",5733.67335785833
"P39726",4673.74588223331
"P39728",5303.42236689253
"P39730",4651.15228111504
"P39731",4665.71533938656
"P39737",4886.13857673512
"P39738",4886.41435493555
"P39739",4886.201208923
"P39740",4797.09291365302
"P39741",5375.26146696244
"P39742",4805.2748317557
"P39743",4799.92677961287
"P39745",4804.68337733872
"P39746",4721.63489989406
"P39750",4511.92624822872
"P39751",4504.77850654771
"P39752",4508.57176442555
"P39754",5165.02258372102
"P39755",4714.97998000356
"P39756",4716.8061811116
"P39757",4698.76206153732
"P39758",4699.94574742061
"P39759",4685.93901014103
"P39760",4696.02915303235
"P39761",4706.39628891388
"P39762",4692.41456886715
"P39763",4512.24630310636
"P39766",4729.9839991919
"P39769",4513.34273867694
"P39771",4514.20325625688
"P39772",4976.95151340407
"P39773",4601.19727284348
"P39776",4603.41151542807
"P39778",4942.02742317558
"P39779",5165.27253727117
"P39783",5440.69626764092
"P39785",4499.50624043476
"P39788",4592.31073638096
"P39789",4607.31701974594
"P39790",4575.75825258644
"P39801",5139.57430624394
"P39808",5105.08346954554
"P39814",4772.57784309711
"P39816",4408.15360589171
"P39823",4389.53572584346
"P39825",4384.66682281935
"P39832",4414.72187177621
"P39846",4898.32075302455
"P39853",4903.58040881207
"P39856",4898.75156541818
"P39929",38141.3953117816
"P39936",38967.7683052695
"P39938",41987.8186970048
"P39946",39151.0512933334
"P39950",44737.8142540088
"P39975",37815.8832470702
"P39977",38123.0040825977
"P39979",37901.8517832841
"P39981",38119.7397260376
"P39983",42446.4300914826
"P39985",38232.5471686254
"P39986",38321.5432000514
"P39989",4127.01480786101
"P40003",38349.9685221748
"P40004",38142.3978292812
"P40006",4124.69881103946
"P40013",4144.6564608625
"P40014",4122.37078506307
"P40015",4118.23028648034
"P40016",4123.1499052145
"P40110",4221.21483915612
"P40119",4446.49050233162
"P40123",4699.22753032117
"P40125",4232.60661650824
"P40141",170157.489965529
"P40147",4438.25639201132
"P40149",4436.42431288683
"P40154",4552.40621719376
"P40189",4585.01082999284
"P40192",4573.61431808598
"P40193",4567.59327117583
"P40195",4398.4485415696
"P40204",4528.17101548908
"P40205",4533.5122769775
"P40208",4887.95693358659
"P40214",5057.2790846772
"P40215",4461.16281616844
"P40216",4465.98629756662
"P40217",4451.87119780151
"P40227",4663.84434277209
"P40235",4643.11541940334
"P40242",4419.84614496445
"P40250",4424.97580375714
"P40260",4658.12520231445
"P40263",4572.73604583699
"P40266",4422.71219768301
"P40267",165308.728942835
"P40272",4430.10846612689
"P40279",4439.28337766605
"P40286",4215.13215945043
"P40288",4216.11091410759
"P40290",4212.42985919592
"P40296",4195.36385471668
"P40327",4258.84106153437
"P40340",4437.83145290408
"P40354",4219.51964937859
"P40356",4216.98765225118
"P40367",4201.6651384286
"P40372",4373.64132706466
"P40378",4177.03725497717
"P40388",4198.36568650574
"P40389",4195.89738586428
"P40623",5047.25405087345
"P40654",4936.77545791319
"P40661",4414.84125598722
"P40676",4459.19088135536
"P40681",4283.23943402274
"P40683",169975.033291976
"P40696",4418.40665157218
"P40704",4396.44542586345
"P40712",4401.21916310385
"P40715",4410.4583942332
"P40728",4291.09129254196
"P40790",5229.29676068798
"P40920",4550.60833237518
"P40921",4560.07599247868
"P40922",4546.73004532645
"P40924",4553.01546280906
"P40925",4996.39844462011
"P40926",4555.01912620175
"P40928",4559.27334250933
"P40977",4563.56323745347
"P41092",38838.052128657
"P41127",5152.72803035302
"P41166",4994.3615358042
"P41233",39592.9375036075
"P41236",39579.5108541995
"P41237",39546.8173255271
"P41238",39603.8458524208
"P41242",4605.96945870951
"P41244",4612.40898720199
"P41332",4251.47694649374
"P41333",4698.62265449644
"P41346",4568.64075118825
"P41355",4457.62190479959
"P41433",4469.17845413002
"P41511",5111.00442546176
"P41524",5132.12617622659
"P41625",5313.12970680779
"P41730",4659.73483778286
"P41738",4578.78124148655
"P41740",4563.70735618118
"P41742",4559.55776036411
"P41744",4573.01337617465
"P41752",4722.10760357167
"P41754",4537.80270380926
"P41755",4927.8235447824
"P41757",4520.82292948275
"P41759",4522.6329170039
"P41760",5675.66840432541
"P41761",5254.50261891576
"P41762",4562.91933027575
"P41765",4573.15611453124
"P41767",5006.35798680465
"P41770",4999.43239351547
"P41771",4568.87381074399
"P41796",4528.96184075873
"P41797",4534.82916070613
"P41798",4540.17793438201
"P41799",4531.51540355752
"P41800",4523.83866518804
"P41801",4514.55188060283
"P41803",4564.28764123406
"P41804",4570.03130994769
"P41805",4579.25744170416
"P41811",5885.93818394919
"P41814",4480.71057322096
"P41815",4835.61659450633
"P41817",4478.63982603045
"P41818",4474.76162877193
"P41819",4469.98189146589
"P41821",4466.27280889983
"P41822",4477.62063998278
"P41823",4465.87496985509
"P41827",4457.34363445768
"P41828",5557.1900858354
"P41839",4702.71899055538
"P41841",4696.98288505435
"P41844",4687.4862238261
"P41855",4605.99416892804
"P41857",4597.7670375063
"P41858",4593.10273499664
"P41861",4589.60483931952
"P41863",4588.70261748706
"P41874",4603.80775295887
"P41877",5197.95782377494
"P41889",4623.21945166427
"P41891",4604.35735626635
"P41892",4614.83116515003
"P41895",4659.30324756967
"P41900",4785.75373596731
"P41901",4782.67707358813
"P41928",4513.01993476257
"P41931",4522.20402237884
"P41934",4600.8019776879
"P41936",4593.88800062637
"P41938",4591.40259917935
"P41948",4507.31523954312
"P41952",4525.16154902662
"P41954",4638.88371086499
"P41959",5018.89991936109
"P41961",5031.87004831596
"P41962",4592.60464476818
"P41974",4618.30178756552
"P42054",4982.52529601214
"P42061",5022.1527676491
"P42064",5019.29964752318
"P42102",42393.2531832617
"P42120",43721.4393971513
"P42129",47973.8482728178
"P42190",43211.6386636923
"P42296",5338.72817258935
"P42297",5921.12529349803
"P42298",189725.459134412
"P42299",5096.8207052418
"P42301",184180.128865178
"P42302",4686.89340358281
"P42303",5092.39247888005
"P42304",5094.36004745274
"P42305",5091.99517838869
"P42315",5205.54454483618
"P42318",5214.99524575364
"P42323",5103.08598672595
"P42324",5093.05252756473
"P42325",5102.25021426727
"P42326",5119.1720284619
"P42334",5064.12949206192
"P42336",5053.2839473336
"P42339",5067.6618890459
"P42343",5274.69931979885
"P42345",5263.37393293406
"P42347",5282.86598874012
"P42353",5263.97097103088
"P42382",6292.98673095738
"P42385",5412.27301483268
"P42395",5155.87767611316
"P42396",5163.51247535103
"P42486",4809.67402716892
"P42571",5029.70896971139
"P42688",41808.5544149156
"P42745",4308.17927643565
"P42797",4513.01212558918
"P42818",4399.93823338589
"P42820",4382.23710734336
"P42821",4365.95195883672
"P42826",4391.539139325
"P42827",4391.59141702769
"P42838",4932.63871178799
"P42846",4366.12992672453
"P42848",4344.44861982982
"P42850",4332.14458949042
"P42851",4819.49516701982
"P42854",4341.95381033454
"P42856",4372.27143476993
"P43126",196216.20447393
"P43212",177131.114996404
"P43476",43261.2447827989
"P43491",43256.4081817684
"P43495",43278.205275514
"P43546",5220.54047878771
"P43627",234178.624449055
"P43846",4638.68353945547
"P43866",4883.96668070864
"P43933",286948.922075004
"P43962",48594.872083243
"P43987",38691.472168517
