"pipe_id","predicted_cost"
"P01002",9196.8510727754
"P01054",6693.44307954882
"P01066",6825.17447904924
"P01078",170101.173643032
"P01112",4775.78722693058
"P01140",148915.361898197
"P01148",3204.72198073856
"P01161",237881.764624347
"P01166",232493.474175831
"P01238",15078.2189842205
"P01317",47948.458290035
"P01350",143677.935254963
"P01380",249139.676834311
"P01452",34621.4645119448
"P01571",5143.13343044633
"P01689",288716.060290233
"P01720",28167.0139648414
"P01767",6589.00758335254
"P01803",262462.114231985
"P01805",177642.019425416
"P01813",577294.083056404
"P01815",5826.83189861651
"P01836",8652.53558166318
"P01838",12056.1623371547
"P01846",7102.04383947686
"P01922",28326.1156867809
"P01959",3229.98171617131
"P01978",26725.0932616266
"P01986",174782.679859773
"P02000",556809.867405121
"P02031",25570.2001454248
"P02032",304889.776613012
"P02062",19774.4200590979
"P02085",17492.7222866917
"P02099",4266.72337967573
"P02155",14228.3747761435
"P02191",303586.508144987
"P02227",169587.753167596
"P02245",6523.14519979446
"P02246",4741.55133977021
"P02316",112506.931921872
"P02318",11066.401544958
"P02364",641241.662899247
"P02365",504970.504361563
"P02410",20318.3265775492
"P02412",27956.4853129621
"P02432",10145.4955401798
"P02545",22677.001606877
"P02600",165704.489381103
"P02649",53842.9469465127
"P02663",745775.138426499
"P02665",3902.07284509653
"P02666",4460.13815285911
"P02667",6848.13631725061
"P02670",7021.85276606722
"P02674",6030.43466287258
"P02707",491410.07610923
"P02708",475226.074728658
"P02717",2870.21156533306
"P02728",72411.1151600506
"P02764",17689.4951274236
"P02864",4673.16079047331
"P02878",55897.9602567623
"P02908",15185.8561225275
"P02912",68784.404002254
"P02914",3615.20266169996
"P03008",36334.9417962982
"P03057",16862.3022553251
"P03076",4348.1037350207
"P03259",60422.9530985147
"P03314",32957.1018874245
"P03349",35508.2183157913
"P03371",34258.3379474082
"P03387",744057.42551087
"P03388",807931.811614668
"P03402",242611.224881204
"P03412",24074.6971444106
"P03485",241339.638416811
"P03490",18967.9842272875
"P03493",8022.82159674616
"P03591",89263.0248315663
"P03655",4064.22044705919
"P03702",635431.430103714
"P03704",635258.743435271
"P03791",24562.4077580351
"P03798",33890.2982868803
"P03881",159006.476422503
"P03884",151345.129057081
"P03917",290207.36747616
"P03986",21433.9033175431
"P03988",6616.88329267115
"P04074",190000.697937372
"P04076",29637.7744482974
"P04147",297778.174037003
"P04152",123844.25943394
"P04184",5089.11705458222
"P04186",5252.55658285521
"P04221",151522.135095143
"P04224",8398.01172498305
"P04249",7952.97363277341
"P04262",17264.1500174054
"P04289",33889.2930560218
"P04293",105492.27135275
"P04305",7350.9018423127
"P04306",7233.92231770402
"P04308",4929.97492367715
"P04311",145715.687716406
"P04416",164309.542910785
"P04417",239358.716432928
"P04467",67407.0551416927
"P04495",561190.837153832
"P04496",22861.1771382792
"P04521",280412.301441034
"P04535",3777.70386452203
"P04581",29695.2887666967
"P04600",18973.3712049483
"P04698",4125.14252958768
"P04701",7333.23491272746
"P04707",4281.3110707453
"P04752",29894.7905092924
"P04754",30334.5500668717
"P04801",4792.78756956332
"P04860",338246.74417657
"P04861",15470.7418565553
"P04862",338075.603555404
"P04865",18774.0898365273
"P04868",42983.5871335208
"P04869",45851.8317244894
"P04986",24584.7586445756
"P05007",3774.68753229301
"P05036",6984.77679700175
"P05040",326264.510423951
"P05042",486718.82652718
"P05043",58863.088059989
"P05047",6637.04956802066
"P05055",16997.1339648357
"P05060",9082.15909018311
"P05103",5704.22280546612
"P05106",5546.73152865822
"P05128",29832.742218003
"P05134",6949.45030651242
"P05139",8718.04591628553
"P05140",25315.2035279906
"P05163",322238.761835986
"P05168",247291.915373444
"P05229",7239.73250869456
"P05323",49194.1032376497
"P05402",8970.94775906884
"P05432",117855.989538289
"P05435",5481.73362067064
"P05447",10440.5243716023
"P05448",12072.7740498781
"P05458",6851.65383878831
"P05476",5227.37304882311
"P05486",9289.05170834186
"P05504",15384.509252104
"P05551",7464.22407060109
"P05560",45404.7097479566
"P05575",23542.7192920264
"P05576",26057.5700847869
"P05594",6534.86055108595
"P05608",14968.9593096966
"P05758",61524.746168463
"P05769",61670.4449211153
"P05800",10399.3906298634
"P05828",17351.018896849
"P05834",67656.7332365087
"P05924",240168.914350174
"P05925",269873.614079414
"P05970",30271.857951539
"P05978",4260.80035407748
"P06017",120586.099555882
"P06030",85837.6886234087
"P06072",590883.752916237
"P06077",37524.1836587159
"P06124",37085.0084687905
"P06182",20313.7156320715
"P06184",7826.22447662828
"P06189",7870.90842685056
"P06193",6783.60323833459
"P06200",66078.7733343555
"P06235",304170.194376277
"P06245",57033.4714398761
"P06287",6127.54893837049
"P06292",222569.292217928
"P06302",272928.315254032
"P06312",4874.92424355771
"P06314",334978.86413859
"P06315",8309.87754821382
"P06331",8707.3794595196
"P06370",3876.67082999254
"P06425",15979.0017417432
"P06437",13345.5187523769
"P06454",10778.3309336533
"P06764",13079.322279327
"P06802",18200.7505601602
"P07084",10059.9970985814
"P07090",9472.78782568929
"P07131",11419.5848283928
"P07177",18235.6143182931
"P07302",44529.1724834227
"P07333",69386.6135992799
"P07468",9232.02271252487
"P07632",11164.0986147503
"P07949",11620.4389897662
"P08016",77533.1860954427
"P08140",13502.8098322255
"P08142",13008.4978866969
"P08275",9986.56358489332
"P08337",58096.6676187606
"P08398",10563.6114632089
"P08496",9073.66802114215
"P08497",257560.569672014
"P08525",17974.2978957422
"P08540",16217.1655989475
"P08551",13494.9119467903
"P08940",12727.3585092417
"P08942",209877.999580372
"P09041",9993.72154245694
"P09042",21659.3895401437
"P09096",14061.5543428467
"P09568",17163.2551891331
"P09724",18517.3798196209
"P09725",18334.7052593578
"P09897",31397.5167646695
"P09898",7945.26202404044
"P09900",6373.77944843021
"P09901",3579.00919631419
"P09902",9303.02619481475
"P09904",9415.91253820835
"P09922",27129.8359483737
"P09924",8174.56908865112
"P09925",7157.19719242973
"P09929",11687.8459526242
"P09932",32135.1190311807
"P09939",6934.95377499636
"P09941",8254.38164672821
"P09942",9472.91944141449
"P09943",8078.76203265278
"P10039",8489.67265285977
"P10058",30839.2054740429
"P10059",11769.1524184234
"P10064",14690.6488227666
"P10077",276063.420315727
"P10219",77844.1030875878
"P10438",6279.47400110505
"P10451",7831.31414883113
"P10490",85656.7075891037
"P10724",50687.4447010475
"P10787",12253.2377304809
"P10815",35907.8866269853
"P10818",15206.1071246899
"P10819",16026.53477926
"P10820",18140.4415800148
"P10822",16637.271587285
"P10823",16126.5235241846
"P10828",20146.847047201
"P10829",22404.1992537813
"P10830",155522.656149184
"P10831",22928.9096348567
"P10833",16207.2930048335
"P10843",60587.5598439382
"P10868",8714.90585013844
"P10977",6654.05334155329
"P10979",322018.714081673
"P10980",512391.43645627
"P11003",11244.6843539643
"P11218",296990.184956193
"P11352",148537.541931063
"P11353",28770.4685649273
"P11401",257736.495956534
"P11418",8340.46931226707
"P11581",91687.9257241483
"P11624",7838.47775627534
"P11634",10657.4405125557
"P11647",20060.302603996
"P11694",307253.932321623
"P11769",14361.6055006464
"P11775",8212.23965334948
"P11818",20205.9734799829
"P11819",17689.9497642631
"P11822",17540.609271065
"P11823",23279.4773904567
"P11838",8024.16547493079
"P11900",23216.0271376919
"P11902",19946.5708501262
"P11948",4723.0586033696
"P12004",8295.29086285994
"P12005",8609.75002486821
"P12011",9270.34286140242
"P12012",8495.64598465508
"P12013",38487.2331361465
"P12025",12978.4813334022
"P12041",156160.462617316
"P12045",5842.34421439517
"P12134",9802.76130752015
"P12139",143347.424332261
"P12142",65001.16854714
"P12144",225655.676762723
"P12147",78337.6076092912
"P12249",9699.33567675415
"P12253",11070.0651225408
"P12254",12681.4360952494
"P12256",32839.4296994091
"P12257",11158.8990120023
"P12262",10961.4849295294
"P12266",10652.9267963951
"P12300",43735.6950311533
"P12302",43646.7562937675
"P12320",16184.9263080332
"P12340",73932.6731042873
"P12347",42590.0844814319
"P12349",42256.7890439813
"P12367",40924.9243063594
"P12368",41575.965375952
"P12374",172537.505048384
"P12403",14618.5355033372
"P12404",16949.8350115936
"P12405",16522.5770560434
"P12556",28028.9558659183
"P12654",73742.487593526
"P12656",62149.6026811423
"P12675",8524.02174330054
"P12680",71337.1358187311
"P12681",77461.8981457505
"P12692",63184.9474702529
"P12988",8151.81778647022
"P13007",53907.565069904
"P13008",51973.7644416942
"P13049",3702.59643601045
"P13296",5711.96904818264
"P13439",6756.35507047255
"P13498",12421.0756920711
"P13507",40096.8011396599
"P13509",42756.965925034
"P13511",20872.0244250861
"P13512",50146.3752500652
"P13513",8689.14604776216
"P13514",8419.08977847477
"P13518",7666.47605798713
"P13521",42749.9676037019
"P13532",61980.0375592816
"P13533",38592.5251657584
"P13536",43521.9610129638
"P13547",13852.220042035
"P13550",8186.42137059881
"P13551",8394.8739751557
"P13613",15150.825241061
"P13706",211497.542006725
"P13709",67337.1382306126
"P13743",11968.0988533391
"P13775",8569.69672561363
"P13783",101907.608952253
"P13786",5492.13521444023
"P13787",8534.10956178142
"P13788",5407.31456215487
"P13789",8428.98273662775
"P13790",8573.93531683752
"P13839",20601.2321545096
"P13855",54438.187016534
"P13858",62643.0882625276
"P13881",10849.6564418324
"P13911",50068.8688282523
"P13912",18675.1660044922
"P13913",18369.4707544028
"P13914",18331.6382793074
"P13919",7890.53561892682
"P13946",12887.7921771347
"P13947",13323.1513595154
"P13949",14215.6779141403
"P13951",12187.8963308105
"P13953",16772.356475988
"P13955",14120.7416091223
"P13966",11999.7014067775
"P13967",10183.5298324781
"P14005",8529.29548816919
"P14006",54184.0659522755
"P14057",13188.0700503045
"P14074",16758.1422652342
"P14075",16774.5806188992
"P14076",16378.7866181154
"P14078",13252.2729667983
"P14081",17174.335403336
"P14124",12562.7040614049
"P14125",12008.0972036368
"P14126",12513.7809360983
"P14143",19732.9414307429
"P14183",16360.4751132172
"P14184",13439.13929777
"P14292",14810.9014110288
"P14336",10472.876130234
"P14337",11234.6797102179
"P14355",4048.00919583893
"P14362",65959.2736727193
"P14363",51825.8753513578
"P14369",51297.2394618213
"P14372",14362.1231322246
"P14376",17472.5605979653
"P14377",19873.1853413119
"P14378",21289.9760073227
"P14390",19673.8653539247
"P14391",22576.6820700739
"P14394",20289.7835630742
"P14395",24663.3359473029
"P14415",23279.4773904567
"P14417",17365.1423019628
"P14418",20494.7463319498
"P14420",152597.1369321
"P14443",11721.282549033
"P14480",9421.2036152685
"P14486",6906.45434677307
"P14489",9878.93573011976
"P14525",6980.96101967226
"P14601",12540.5519638733
"P14611",11247.498991014
"P14613",9915.92573239798
"P14618",9370.16009457814
"P14636",8782.93004816993
"P14675",37230.6744028398
"P14677",13701.1965543187
"P14680",12600.3010502261
"P14681",12979.7936231601
"P14686",12153.8266143599
"P14687",12362.2061624725
"P14740",14528.283580807
"P14741",12790.0690102203
"P14778",15855.6222395755
"P14779",27296.674491472
"P14789",18007.6334200154
"P14817",8425.30869636835
"P14847",23273.140270543
"P14848",18174.8906814333
"P14858",22731.3154402764
"P14859",17514.6782307107
"P14866",31663.1109426248
"P14868",15785.7352771405
"P14869",21661.7332785205
"P14870",18744.9712694722
"P14872",18908.1123325968
"P14873",24601.1953624821
"P14895",21784.1355562384
"P14900",19498.4987094884
"P14903",19037.6352459958
"P14905",22162.8062425013
"P14907",19166.4268569806
"P14908",16142.2061349642
"P14909",22085.3035654939
"P14910",18946.529561909
"P14912",17656.4911935483
"P14914",19395.3684556992
"P14915",18039.3796491868
"P14917",36038.7206400802
"P14919",19643.0956584415
"P14954",10150.2168571367
"P14993",8065.11720932802
"P15013",254876.5934167
"P15016",11064.8978312278
"P15024",6829.19575709286
"P15044",7567.16919186217
"P15079",58058.8230003662
"P15187",6397.08664153526
"P15242",60203.9179167284
"P15245",50541.3326851372
"P15257",67765.32182586
"P15447",25779.6891808866
"P15457",6092.95404406807
"P15464",125923.503666972
"P15465",147365.073195267
"P15467",16719.9978674437
"P15468",11089.5678995983
"P15469",7518.94521647912
"P15470",20474.9154954491
"P15471",119893.390054782
"P15481",11922.3433983405
"P15482",9827.78523534563
"P15484",8533.47778382286
"P15485",12344.4742745693
"P15489",8780.65646566958
"P15490",8289.67260673941
"P15491",12037.1407624995
"P15492",17070.4575803394
"P15501",33201.8487089433
"P15513",18908.6621708745
"P15514",15295.2235945476
"P15515",22935.2288183251
"P15516",28021.369173678
"P15517",7769.16236745046
"P15518",8648.66369017571
"P15524",8600.86105270728
"P15526",13886.7489409368
"P15528",8661.57530564591
"P15530",12540.6757612457
"P15531",24190.0014328913
"P15535",15853.5492421121
"P15540",8375.24451989875
"P15664",5267.98629558706
"P15730",8690.31530883342
"P15804",7527.37447206259
"P15810",7984.30381523204
"P15834",54763.7184769256
"P15835",21680.8840955189
"P15837",31339.1683311806
"P15838",23895.1639947138
"P15839",21024.4497382052
"P15840",14963.6084263404
"P15848",23670.8230323208
"P15885",43851.900388574
"P15943",9124.23199549233
"P15944",148086.619036323
"P15945",18543.2622061493
"P15979",6227.23146479654
"P16166",7373.88259337629
"P16237",9680.81533587893
"P16238",8130.39913221181
"P16240",15023.5692505347
"P16241",9450.0998959749
"P16246",8411.9977519486
"P16248",15845.8231940166
"P16250",4794.95409916131
"P16264",3249.19645006174
"P16278",6871.63647507134
"P16300",5289.04697895547
"P16311",3611.37566589782
"P16316",5099.46298365061
"P16363",24071.8449904264
"P16398",7060.66302754056
"P16399",9455.05023537609
"P16424",8019.32909191396
"P16426",8071.88562289736
"P16433",20198.3558162323
"P16541",8381.7382236154
"P16557",5359.28765576722
"P16692",4952.5970948121
"P16823",19623.8961340491
"P16824",18847.686721162
"P16826",19642.4424925591
"P16840",11251.2913671921
"P16895",144998.246783337
"P16924",46565.3278953812
"P17055",73681.4252683171
"P17060",81051.9257237565
"P17123",12562.6161327464
"P17168",46596.8793605819
"P17169",50764.6755339496
"P17172",70354.6057105826
"P17183",24174.7174554609
"P17238",37535.9227808896
"P17498",7048.27093455268
"P17552",5080.9285497051
"P17600",5037.70923561525
"P17675",13908.5495913417
"P17678",24670.3967544953
"P17693",8027.26780409547
"P17694",8694.70072114149
"P17729",4318.49673375016
"P17749",4255.1676001831
"P17753",3331.21407931414
"P17761",9133.37544629287
"P17812",4897.60856668819
"P17874",18091.6709416106
"P17880",9118.37698961187
"P17889",8348.53366992981
"P17931",18784.2853433268
"P17932",20709.5740640678
"P17935",36306.0498992192
"P17936",38160.8542008121
"P17938",37147.0912539097
"P17939",20685.130104728
"P17940",15335.6503363902
"P17941",37642.5641742764
"P17942",19524.6509309745
"P17943",18311.8469520665
"P17944",23077.9029134306
"P17945",18473.0509574532
"P17946",18983.7526048999
"P17948",21063.3510000191
"P17950",14959.7162138195
"P17952",18909.186896931
"P17953",17118.0076241611
"P17954",20094.5536889088
"P18057",12645.8681026043
"P18305",4681.67580441183
"P18351",8087.52437833436
"P18376",16377.5790372401
"P18377",12926.9402155714
"P18378",2752.73886079106
"P18414",10772.3474749208
"P18415",12440.0195989136
"P18454",13116.1499486993
"P18455",8544.20717547034
"P18456",8331.81444237923
"P18457",14961.0719771234
"P18595",8167.49788867729
"P18657",65377.3987788788
"P18658",64022.8307166552
"P18659",42415.7102598657
"P18662",45394.4812433864
"P18691",5458.14812182734
"P18711",5771.30864969745
"P18779",12416.5106171256
"P18798",80635.4946653894
"P18807",11783.2570944892
"P18816",16644.2121232325
"P18818",16650.1586159413
"P18822",11565.0641082002
"P18842",62628.9860262616
"P18843",47940.468707278
"P18868",18475.2752030604
"P18896",5097.84765480848
"P18929",60558.4685625908
"P18934",70418.8141956745
"P18939",100560.349238558
"P18944",24066.8519484735
"P18945",23746.6863073539
"P18946",23925.9868347744
"P18950",24838.0180316196
"P18986",51688.4749911437
"P18988",53751.2388547732
"P18990",46166.5559741914
"P18991",71098.1718628191
"P18992",48930.0083383688
"P18993",50167.3012147309
"P19024",6908.87551292051
"P19026",7132.71210733387
"P19102",45596.4361108899
"P19103",45888.3944147419
"P19104",53414.1805544852
"P19106",4858.97617632901
"P19129",2652.40591758789
"P19133",6669.90336271065
"P19165",20182.1181788142
"P19167",16118.3724356809
"P19177",10765.2616459495
"P19178",7819.82151853465
"P19180",9624.8630505547
"P19181",8397.1963105736
"P19183",16921.9937967867
"P19184",13613.5621233953
"P19189",14081.6077963459
"P19191",13740.6587859957
"P19192",13082.9830353924
"P19300",32638.1253354398
"P19306",34550.5310420676
"P19309",68233.5151450445
"P19316",52202.7788035878
"P19321",37689.6108299866
"P19322",47534.8968706538
"P19323",113741.001561171
"P19325",47197.8610585909
"P19333",68639.8395170896
"P19338",77029.9969838199
"P19340",100630.755929868
"P19341",67600.2572722727
"P19349",47374.6456635021
"P19350",47761.8355275903
"P19352",61733.4768384838
"P19353",62230.6496896993
"P19355",48093.9980153273
"P19361",71160.2788439009
"P19364",37755.6864375849
"P19423",5512.3511395137
"P19445",4928.99592035607
"P19468",4989.4805400188
"P19494",8429.12933042046
"P19499",4257.24152687096
"P19515",5393.59056067478
"P20039",20286.0331103123
"P20108",11769.0257250418
"P20112",6800.85029509993
"P20116",6757.1191825285
"P20161",19275.5817423391
"P20162",13361.7856122557
"P20163",18155.0316733158
"P20165",16184.5957721795
"P20169",11841.2485121489
"P20170",14642.7038888323
"P20178",14778.1210634863
"P20179",9917.6047203546
"P20199",15548.2575829279
"P20205",10133.4375135115
"P20275",24499.252333303
"P20276",26817.122279129
"P20281",33747.3977093873
"P20284",45574.0290209766
"P20285",46737.7175575871
"P20287",50513.0781989069
"P20293",40371.160234748
"P20295",38282.8210225137
"P20296",46405.4983975809
"P20298",43183.6407761123
"P20300",47436.6054372397
"P20301",37389.5588605423
"P20302",48746.1985209849
"P20303",34492.0577594563
"P20304",43802.4846579113
"P20305",39151.6791732943
"P20319",14353.4398121236
"P20320",20867.9501917997
"P20321",36381.8751514865
"P20323",20329.4897697406
"P20324",20695.2991772554
"P20326",20081.1334695311
"P20327",18954.5251040582
"P20328",23857.887135727
"P20329",20651.8055936788
"P20332",17345.0831848618
"P20333",17010.6394348096
"P20335",18952.1674462212
"P20337",26768.2485275729
"P20338",21921.2994876674
"P20339",22627.6650965971
"P20340",23223.0168154133
"P20341",21104.388394891
"P20342",19882.3621647566
"P20343",22074.9699495567
"P20344",20496.2055596502
"P20345",20547.4626060344
"P20347",20277.7987402035
"P20422",6235.48630622061
"P20444",8413.62412245061
"P20534",10205.3867432989
"P20535",10288.3425049018
"P20536",7831.9174249678
"P20545",17686.9603283044
"P20549",7887.50453339543
"P20571",17085.3048776426
"P20572",17373.5623622419
"P20574",37602.9764430358
"P20577",13530.1103560213
"P20578",19856.0030099067
"P20580",14936.9502694196
"P20582",13418.693016455
"P20584",13391.3243335984
"P20585",150793.04077326
"P20589",18522.3682430108
"P20590",18182.3205799175
"P20592",24521.0850070818
"P20610",5974.57237118266
"P20625",11841.7647659925
"P20626",12485.2764625788
"P20657",74928.8925202773
"P20658",55253.0422659368
"P20699",9504.71047651475
"P20700",14552.6729338501
"P20701",12785.1735572592
"P20702",7832.63020401795
"P20704",13123.1670168076
"P20706",8122.05102524055
"P20707",9511.77931676431
"P20709",7500.76992070048
"P20711",8653.51717475265
"P20712",27047.2175518525
"P20713",8603.04236382366
"P20714",8018.81229263266
"P20715",15816.1344101469
"P20716",8277.24438672114
"P20717",8559.19978475654
"P20722",8904.5939909378
"P20723",8142.69882475325
"P20791",68795.1496089404
"P20807",9758.36351668241
"P20808",8430.17685324012
"P20839",255123.460066658
"P20841",232065.384673748
"P20862",22341.1830441459
"P20892",9717.18779932478
"P20897",4252.02824745774
"P20898",14233.6641917625
"P20899",21391.1125152735
"P20917",169254.085078199
"P20925",7521.15089527456
"P20945",6622.84747991448
"P20959",18546.4774628943
"P20960",16427.8959252652
"P20961",15461.1549129428
"P20962",259228.304627512
"P20966",331396.926997336
"P20967",248123.328293174
"P20969",17807.3656643323
"P21039",12525.8200056784
"P21040",13672.2778037495
"P21041",11799.9879582071
"P21044",12440.7316003291
"P21046",13311.078952417
"P21047",13758.4106376843
"P21142",18486.4235433113
"P21143",18257.652256533
"P21181",19115.9120823561
"P21195",16588.7681243037
"P21313",14638.8653245878
"P21314",15294.5739071232
"P21315",14957.9917475629
"P21329",87680.9170541972
"P21372",284533.697496467
"P21376",7329.81779208598
"P21449",17725.3907508974
"P21450",15671.4580896421
"P21453",15774.5535770335
"P21454",21666.9505463511
"P21455",19378.0324549423
"P21456",15679.1944857654
"P21460",17879.7669844448
"P21462",15581.3025160525
"P21463",281926.435321909
"P21465",260139.895926761
"P21467",15251.5536047385
"P21469",14816.8126639125
"P21472",4708.1269661851
"P21501",160011.049625327
"P21513",149231.926529868
"P21550",15104.888820841
"P21551",14840.0598755086
"P21556",96172.921628539
"P21583",135900.708720481
"P21584",9654.31784068158
"P21586",8159.63375375143
"P21587",8544.99888699332
"P21612",5876.83511443957
"P21623",15456.6979186005
"P21625",15580.4326505737
"P21626",14734.5216918514
"P21630",14906.2092286209
"P21632",8002.75223911389
"P21636",8168.03791520273
"P21637",9085.31693257736
"P21638",9863.74726636921
"P21639",9749.50143458209
"P21648",9111.55429723057
"P21691",9076.6033384992
"P21692",8857.43348533259
"P21694",9884.40673538018
"P21696",13564.7225233224
"P21697",10809.2187467595
"P21708",13993.1211493881
"P21711",15019.7474952109
"P21713",430299.555298577
"P21728",25947.2328061611
"P21729",150852.926188858
"P21732",149613.582650883
"P21735",18189.0593637702
"P21736",18469.3433555276
"P21737",18538.5762729603
"P21742",13434.1242306414
"P21750",12857.1990334414
"P21759",15636.6720306462
"P21760",8388.48321737329
"P21762",9246.97315737195
"P21763",8440.87002621718
"P21765",7910.02299502103
"P21767",7937.73749724714
"P21768",7882.7661868224
"P21807",44613.9461201875
"P21808",51624.5325830153
"P21814",47105.2498600892
"P21816",8098.52723737838
"P21817",7268.26269300766
"P21819",6645.53672761615
"P21822",6360.59795661715
"P21825",6660.03126001123
"P21827",6596.51492471618
"P21828",6207.94486107928
"P21829",6626.02719389618
"P21831",6277.07513881142
"P21833",6580.8761133147
"P21869",6114.77988992447
"P21886",11588.1214758765
"P21938",20034.1830813625
"P21940",21232.9439212715
"P21942",19727.4111400096
"P21944",19038.0219936837
"P21946",25063.2389925942
"P21947",23385.808768291
"P21950",16708.5867121858
"P21952",18121.6403092746
"P21966",25510.1822633833
"P21967",37974.6048362884
"P21970",31396.0380560019
"P21971",37907.9812356871
"P21973",40320.365213809
"P21977",32069.6716570261
"P21983",42807.7462470254
"P21984",42686.6923216967
"P21985",31884.7434288005
"P21986",31820.5756717762
"P22017",6035.52606010222
"P22032",5637.79484273353
"P22036",6763.11237494953
"P22052",13638.4607843071
"P22053",15270.623439833
"P22077",4931.44622826325
"P22082",7726.28707950808
"P22083",14678.6434151267
"P22084",15367.6134982725
"P22086",14995.3210598734
"P22087",14802.148135471
"P22362",5330.8324658413
"P22365",5551.85940882175
"P22366",5409.64999823078
"P22465",16138.796330857
"P22474",5810.19252526166
"P22476",5798.33811232048
"P22701",4120.66017814962
"P22738",6599.37504323843
"P22827",409125.091288656
"P22894",52439.508019019
"P22895",42857.1969977963
"P22908",8382.56488490653
"P22910",8676.95465944294
"P22912",308084.320954136
"P22914",258711.797717719
"P22916",34521.368513647
"P22917",40860.1899678432
"P22918",39928.1886204452
"P22919",71441.4412363138
"P22920",52856.0846325555
"P22922",60612.3223413027
"P22926",47953.975827076
"P22972",11172.923206257
"P22981",9218.39864306842
"P22998",12638.1663252586
"P22999",12540.5553792142
"P23000",12526.3217040812
"P23002",17241.5422275451
"P23003",12812.0101779195
"P23007",4714.74403171674
"P23042",91100.3139674597
"P23044",86291.0336556877
"P23047",99744.0433739472
"P23064",5409.16503064581
"P23091",3832.11798528405
"P23121",6080.79729409779
"P23149",48106.2632769906
"P23201",4579.14705783119
"P23206",53301.0170090729
"P23212",40911.3939689055
"P23220",62015.8882170007
"P23259",11274.7685256235
"P23274",46107.8186317287
"P23314",14527.008973109
"P23319",248802.113057536
"P23320",245504.084841803
"P23321",239241.385834962
"P23322",245076.350523799
"P23323",243405.809098572
"P23324",249960.136611271
"P23460",4977.04958061068
"P23619",8577.12061711434
"P23620",8432.76652285204
"P23621",11793.3347493968
"P23623",8410.64071978655
"P23625",8762.94487442939
"P23626",7974.48894755238
"P23627",12151.3544061878
"P23628",8181.57313325474
"P23630",8046.5069790771
"P23631",7976.79556682689
"P23634",12918.4918381209
"P23635",14233.1993151797
"P23638",12148.6921109996
"P23639",8676.75268465808
"P23641",12897.6324986496
"P23737",5691.22334530802
"P23779",4895.44708926074
"P23895",42159.0399183061
"P23933",7436.63306959412
"P23952",5665.42581599361
"P24047",3338.66446042466
"P24070",4592.49502847455
"P24080",392356.635937165
"P24082",3942.89496284655
"P24128",2983.03320745479
"P24161",17392.4332979402
"P24162",14994.6620650532
"P24163",94689.7102402003
"P24164",17877.4694862268
"P24166",15222.0896452089
"P24169",15409.433067939
"P24171",20706.9565621961
"P24229",5021.17162755487
"P24253",14283.2612601727
"P24266",32003.1871032009
"P24272",5499.65465323111
"P24317",5603.81483705116
"P24339",6212.30298260131
"P24341",4434.27472730466
"P24346",7739.16263415674
"P24382",4786.74546222759
"P24419",4406.68371351975
"P24429",4347.8959896164
"P24433",3869.35425978716
"P24473",3264.13623760823
"P24481",116170.030134732
"P24515",7916.82533257028
"P24601",4963.53838618342
"P24606",4961.41998171078
"P24609",4306.76968099657
"P24709",6188.51370339483
"P24805",11628.1215655981
"P24830",18149.1954291864
"P24963",6511.04842097916
"P24967",75603.2972912588
"P24968",66633.9282856748
"P24973",7052.71691696674
"P24975",22036.7688972617
"P25021",7741.84522960356
"P25058",9168.03977175184
"P25280",52297.0361799009
"P25281",49631.2720689056
"P25332",21333.2076473694
"P25334",15785.4733587145
"P25350",40781.6413036033
"P25472",5759.39163150681
"P25481",9867.948980214
"P25579",69303.6874543042
"P25581",56874.9234918524
"P25606",5517.03393361865
"P25668",2679.79055190767
"P25877",9470.55429931334
"P25878",45562.6447305329
"P25941",11406.0355879906
"P25944",11808.1390402587
"P25946",101359.384026587
"P25983",3994.36548667923
"P26003",14767.1966067832
"P26006",16838.0754522905
"P26008",15128.6870024897
"P26009",22188.7059469172
"P26010",13728.0398549607
"P26011",13920.8022867367
"P26012",14523.5541544765
"P26013",14385.2552624961
"P26014",13795.9786082498
"P26015",14005.4511052558
"P26016",13785.5494554781
"P26017",13925.4433637756
"P26019",14814.3249226545
"P26020",14602.4241715042
"P26021",15579.1075140821
"P26023",15394.595420167
"P26024",16772.1133704685
"P26026",17141.4753154712
"P26028",20339.5737878237
"P26029",15942.0950442745
"P26030",17956.297399145
"P26031",16236.1468694225
"P26179",6714.3218236581
"P26250",4512.27557297137
"P26257",5274.97581318793
"P26271",5275.76635378404
"P26293",4011.87105804103
"P26335",5817.10743871969
"P26468",3612.43385715157
"P26472",2387.31567766038
"P26517",6724.93923071526
"P26525",6272.13682535962
"P26542",6960.33955870459
"P26686",4920.85881021375
"P26748",9324.14136420797
"P26749",8842.76778187647
"P26750",14524.886988703
"P26751",12758.1874416825
"P26753",10392.7488394186
"P26755",7784.31544171072
"P26756",7942.97080683132
"P26757",8024.42914294858
"P26773",9017.58326890711
"P26802",8021.83080772921
"P26819",13110.4803710572
"P26820",12569.6387432843
"P26821",9717.45952928124
"P26822",8587.22147786127
"P26845",8662.24749948043
"P26846",8330.87336522883
"P26919",5251.98604145967
"P26936",3274.25881106744
"P26953",5135.40972723853
"P26961",4477.7973843783
"P26963",3755.25804454431
"P26974",5456.05709256907
"P27043",5021.23231355706
"P27057",5628.85379887338
"P27066",3705.98227800446
"P27072",6591.66031110292
"P27074",4997.87550873891
"P27127",5299.32692689755
"P27182",5820.67053209272
"P27194",10598.6485553624
"P27198",4503.97235825328
"P27209",4457.71554819818
"P27217",4835.47541999384
"P27222",4575.19600123362
"P27255",3784.95659350079
"P27256",3791.62994139398
"P27284",3783.85379952643
"P27445",5326.75504780825
"P27631",105739.71732557
"P27632",12340.4534878062
"P27633",12578.4919873405
"P27634",10108.1486114694
"P27635",129102.30204982
"P27636",126806.326685717
"P27637",11218.2670206352
"P27639",242675.844547413
"P27651",4789.36385927986
"P27657",10169.8498488289
"P27658",7526.40094722669
"P27660",9014.10649465365
"P27661",9395.64251165277
"P27791",11638.6783690189
"P27806",20454.5985746576
"P27811",14326.2255542383
"P27816",20943.5515493691
"P27819",22710.4724013575
"P27820",23514.8207007959
"P27821",22655.9185012367
"P27823",37345.0839781876
"P27829",18304.0138873226
"P27833",18454.0950375733
"P27834",19145.1626256392
"P27835",21189.9227192743
"P27836",18321.2580298256
"P27838",18457.8110231633
"P27867",3234.1001264542
"P27891",5361.30023220692
"P27892",6566.32232584986
"P27930",2508.27462872204
"P28007",7908.47465052157
"P28019",4238.36197937859
"P28029",3187.27450521857
"P28050",3196.87658846038
"P28062",3283.63735682312
"P28100",5236.06934151794
"P28113",8882.80129231808
"P28205",54639.6839479924
"P28206",54065.6679067383
"P28222",12817.029591165
"P28476",6443.83922272201
"P28478",6641.1808090818
"P28484",7862.71602656795
"P28485",8013.24392110149
"P28492",22227.7992752416
"P28494",20528.6057011779
"P28495",19823.9064517375
"P28496",22288.615877249
"P28497",11568.127388405
"P28498",11501.9241960496
"P28499",10226.6099042765
"P28502",10459.3040061838
"P28503",12137.8868736376
"P28504",10094.8809017361
"P28506",11344.9351567823
"P28507",11267.6783440775
"P28509",10996.7336136574
"P28511",10044.6126619188
"P28512",9515.34523081008
"P28513",10028.2586671855
"P28515",24626.0490398269
"P28516",12684.5833758286
"P28517",8490.2650244142
"P28518",8306.93099217908
"P28521",13816.266561147
"P28523",8690.90402396251
"P28527",8702.34536213412
"P28531",8574.65469277354
"P28532",8582.77708006421
"P28533",8633.57375646747
"P28534",9422.08715018402
"P28536",8581.22965335302
"P28537",11801.5163163775
"P28540",18705.5445852885
"P28542",18402.994033083
"P28543",12472.7241832301
"P28544",15239.0845364383
"P28545",20111.7224268255
"P28546",14075.2377263274
"P28547",14071.48595721
"P28548",14039.4733947104
"P28549",15301.7007035442
"P28550",13822.362062599
"P28551",13830.973465614
"P28554",13862.7166786184
"P28555",13721.0181233668
"P28559",18774.0514998521
"P28562",17996.8647204954
"P28564",14142.5943772175
"P28567",9160.96151024736
"P28568",8170.86334895264
"P28570",7771.08002048273
"P28573",8989.00807777656
"P28575",9158.33845125137
"P28576",8778.8920217714
"P28577",9838.30183548158
"P28579",11480.3682545753
"P28580",9801.46271735392
"P28581",16194.3134781874
"P28584",11021.2241413886
"P28585",10105.6688832057
"P28586",11582.3556169632
"P28587",15174.925441267
"P28588",9160.04664215051
"P28590",8781.0100819135
"P28591",9469.41054669102
"P28592",25136.5600309205
"P28593",19763.1913041668
"P28594",21980.7301737272
"P28595",19745.1968126572
"P28597",204345.745225911
"P28598",197187.934591277
"P28599",15990.2466344327
"P28657",194017.068805234
"P28690",233414.161506709
"P28693",137714.788370456
"P28694",206382.601418822
"P28696",8031.43732105781
"P28697",10862.9674952792
"P28698",7936.90313679264
"P28699",113374.321761102
"P28700",12558.3070821118
"P28706",4228.33121844487
"P28823",5064.67983266989
"P28848",11092.3051658767
"P28881",9984.44454192774
"P28889",4522.36902277789
"P28944",3383.34548025841
"P29112",43116.300090711
"P29116",8715.61539712362
"P29117",42384.3523797046
"P29123",29292.6367884719
"P29127",35658.3624931459
"P29128",34539.1456026795
"P29129",63374.7150617344
"P29130",10068.1667910913
"P29131",40225.8238818982
"P29137",37256.9214306405
"P29141",60529.650586485
"P29151",42414.2865966634
"P29155",7009.19981649375
"P29176",14876.5722299585
"P29180",5131.70816571637
"P29190",3925.43767858189
"P29192",5356.14485769933
"P29324",14361.6075473659
"P29325",22590.2467123788
"P29327",14267.292343814
"P29404",7021.31513880429
"P29424",35236.7003569318
"P29440",5849.28078879503
"P29455",8116.19190246764
"P29483",7063.12090575228
"P29485",6027.21966197164
"P29526",13046.3695885412
"P29553",6670.06890489855
"P29591",14087.0793665751
"P29593",14287.961258313
"P29596",25945.8350573065
"P29599",16244.3680337167
"P29602",18595.9708051119
"P29603",16142.5412163845
"P29607",22706.4239311666
"P29608",17355.0265630157
"P29639",9233.89027427429
"P29641",17126.7927222462
"P29644",16868.2175984517
"P29645",19503.4480662431
"P29648",16812.3616658449
"P29658",15364.2941002262
"P29660",15233.4489600682
"P29662",16334.688873762
"P29663",15976.2788369055
"P29665",16344.8591396641
"P29667",13782.5385190162
"P29670",13951.9364790691
"P29672",14146.6025387913
"P29675",14940.7604061112
"P29677",19555.5616373888
"P29678",17177.3477658585
"P29680",17194.0856321603
"P29688",168000.946969352
"P29689",24286.8695185873
"P29691",155707.635432659
"P29719",14652.7078999979
"P29749",6198.88292400474
"P29781",6246.17911980329
"P29843",33590.0178859746
"P29844",26169.6881888117
"P29845",23043.3755582215
"P29846",22116.9445014593
"P29847",22400.2359599789
"P29848",23075.2262354935
"P29849",19290.3768459679
"P29850",21193.966491683
"P29852",19347.0108480234
"P29854",18466.6905631575
"P29855",16298.9904269766
"P29864",18597.883988371
"P29866",10408.8921767956
"P30025",17624.4491151926
"P30027",202195.253810936
"P30028",16100.5342778627
"P30030",16517.369240205
"P30032",10402.9950693222
"P30098",6559.13196289364
"P30106",5790.45401483254
"P30111",5716.53813019557
"P30120",5699.24246585698
"P30148",10754.0791953667
"P30159",33246.8070276241
"P30172",308995.375241804
"P30188",6037.65035138482
"P30398",11363.5582945795
"P30401",5104.25687023704
"P30407",5235.57931112835
"P30415",5487.72642264825
"P30417",4180.22780526162
"P30421",5321.93772493329
"P30430",10163.6627517037
"P30436",6969.40345833888
"P30444",7386.57507031247
"P30447",5836.38778671053
"P30450",4951.96396582843
"P30453",6259.33449063264
"P30457",4941.55607173742
"P30461",5230.25755437348
"P30465",5239.70444224454
"P30521",4114.38425388033
"P30530",7254.30314647991
"P30548",11754.8840156075
"P30550",11556.8684098959
"P30570",16779.430844642
"P30573",16248.4537448191
"P30575",14921.2466946279
"P30576",14818.611979616
"P30577",15088.8053388051
"P30578",18552.5220595159
"P30628",20914.923751171
"P30629",20230.8867338764
"P30636",29787.3452892121
"P30637",25198.0737840268
"P30644",17496.2495270312
"P30645",17311.309229295
"P30665",15046.6646225359
"P30667",16641.6880997174
"P30668",19375.8865429635
"P30669",15117.8195278025
"P30670",15046.2890528497
"P30672",14267.3443737913
"P30673",111038.262033964
"P30674",29626.4551913676
"P30675",43711.4193796687
"P30676",31752.6846507403
"P30677",29126.1865860146
"P30678",18911.2789304486
"P30680",16724.5791636539
"P30682",14261.1103887888
"P30683",14335.6102235194
"P30688",42253.1666522549
"P30690",42834.9886552246
"P30693",43875.0330860866
"P30695",25142.8288709416
"P30696",16565.5597329672
"P30697",20795.8616302468
"P30698",15720.2172567245
"P30699",17160.4208183952
"P30701",132344.938480338
"P30702",12766.271054337
"P30703",12931.2149032113
"P30704",71776.8226560765
"P30705",133603.447192062
"P30707",131840.925279311
"P30710",133041.702830515
"P30711",132052.529015409
"P30712",132172.968057037
"P30713",93266.128409616
"P30714",92672.5379143154
"P30718",45840.3894812337
"P30720",47695.6241225849
"P30747",5783.82810814407
"P30769",8682.79999511054
"P30770",9190.87667497451
"P31073",37643.0669443849
"P31079",13748.0404425072
"P31080",13695.0572983657
"P31081",14035.9426676097
"P31082",248056.985445815
"P31190",11927.0972411078
"P31227",26483.6469055016
"P31228",24813.2177616564
"P31231",26836.4676490983
"P31233",21885.6856363984
"P31236",28348.2828332052
"P31242",16404.041262992
"P31243",17961.5262974
"P31244",21933.7933049215
"P31245",16550.9190771815
"P31246",15580.328436413
"P31247",16420.4558584475
"P31385",9485.33382902186
"P31387",11457.9264300332
"P31388",10465.9376270148
"P31390",10906.4633250097
"P31393",10411.7334449389
"P31394",8821.43294532547
"P31395",11927.1477601425
"P31398",12773.9571253659
"P31402",6989.13031031572
"P31403",178939.669173269
"P31404",178631.598600818
"P31467",19614.4611272275
"P31510",41826.7319368757
"P31511",44614.5608716257
"P31514",48980.9459728612
"P31581",13959.2358058679
"P31583",10075.2302993685
"P31588",8211.01920108803
"P31589",7801.17495999869
"P31590",7031.95342667932
"P31593",8563.11364148355
"P31596",12360.9826557283
"P31599",13889.5182531884
"P31600",10277.1213926431
"P31602",9858.36010459645
"P31603",9929.31368967757
"P31604",9462.8070097752
"P31607",5558.4079446223
"P31613",7842.85116883295
"P31615",8994.54142574483
"P31616",8616.55411334119
"P31620",7309.15953341712
"P31621",7953.26664382727
"P31624",5016.16399963172
"P31626",4761.0867595203
"P31645",11228.454372761
"P31650",8830.43007097438
"P31670",60878.7533403335
"P31695",7842.81077622084
"P31697",9119.47444308791
"P31705",10809.0278691942
"P31706",12978.3787385339
"P31717",15739.0000137143
"P31779",40793.0491870973
"P31781",53948.5257854515
"P31782",62008.7878509596
"P31786",8483.79732367173
"P31788",10036.0432318461
"P31789",64142.9819718864
"P31790",9258.04310194457
"P31792",9324.57952474773
"P31795",9173.09162778059
"P31797",8115.92524348294
"P31989",17153.8636187653
"P31997",13077.9380737546
"P32001",257460.228464581
"P32003",13814.4672462213
"P32004",13728.0906262556
"P32006",13707.1060081607
"P32009",12820.1473110814
"P32020",38636.4130338302
"P32022",34426.7676971945
"P32023",9490.54535890668
"P32108",12347.6592346689
"P32109",7832.02583844679
"P32111",10954.7958192092
"P32134",44359.09961171
"P32135",42531.9641615148
"P32137",46393.8892671196
"P32138",42560.1510495725
"P32140",43560.1956531924
"P32143",48459.6177081243
"P32144",46299.6557948573
"P32145",51914.6184674869
"P32147",52675.3357383553
"P32162",52898.8960323961
"P32166",9241.08192947947
"P32169",10299.4218795818
"P32170",208549.788002236
"P32172",37151.2111104068
"P32177",42163.5335440409
"P32180",9352.36664931551
"P32181",9043.1269550406
"P32183",49664.2205321966
"P32185",44096.1227402165
"P32189",42330.7819506123
"P32190",41511.1815091769
"P32194",47283.1554640298
"P32200",8304.53272231383
"P32209",7972.25131683062
"P32210",8178.90111424281
"P32211",8319.69849220867
"P32214",8575.3521869866
"P32215",8877.76450357514
"P32216",8542.36884299363
"P32217",9592.71466510238
"P32218",8666.91141821814
"P32223",315015.829511951
"P32224",8839.74131866253
"P32225",7912.40518623458
"P32232",54968.5844285717
"P32234",55211.6873125923
"P32240",8252.09465905422
"P32241",7571.69078842924
"P32244",40426.2081154569
"P32249",9561.56203646836
"P32253",8673.0939348227
"P32259",46716.5898239342
"P32327",5935.82461408628
"P32354",446896.222425882
"P32360",3761.80486914399
"P32544",7284.13168046063
"P32585",4909.95995451697
"P32683",6661.52016459197
"P32689",5406.50423640744
"P32921",14203.1711568824
"P32995",3430.7055720865
"P33019",3107.44756187479
"P33043",81934.010408937
"P33047",49313.9054965694
"P33048",46672.410196829
"P33049",58995.0970218119
"P33050",41022.7016857229
"P33056",52697.3713520569
"P33057",6698.72987089711
"P33079",43421.5705577594
"P33081",49282.5516237121
"P33084",54770.843880023
"P33284",7992.691864169
"P33286",9274.92776476648
"P33289",6021.63097090265
"P33294",10738.837242917
"P33296",8594.17184453304
"P33298",8150.80264737768
"P33299",7275.31401128617
"P33305",8062.232227598
"P33309",7047.47414632261
"P33310",7329.89969668765
"P33313",50699.5704059677
"P33426",2847.01667805618
"P33466",12184.3206453305
"P33651",5609.22700773093
"P33929",77686.1218308672
"P33962",10532.2981519732
"P33963",59049.2674237734
"P34022",65230.0455321078
"P34025",59243.1164243302
"P34034",59051.3818552867
"P34037",62444.5140339822
"P34382",3471.58320615191
"P34383",3535.66718112993
"P34417",287287.909161807
"P34538",5436.39603096134
"P34539",11267.5781703935
"P34573",18889.594209172
"P34574",17654.812115868
"P34575",18817.9513457582
"P34580",14007.9469455359
"P34581",13606.8297163516
"P34583",13317.3923613294
"P34613",25235.3753599188
"P34614",13959.6948476822
"P34640",42310.5079994545
"P34689",15544.2921366149
"P34709",15408.8239130215
"P34710",15534.3686564382
"P34711",13929.1042050641
"P34745",42981.8054875224
"P34750",39949.4393124894
"P34751",41776.4181862736
"P34842",178223.210006918
"P34843",12414.0383461318
"P34845",10911.2019123377
"P34846",12263.1492001205
"P34847",12312.2929311941
"P34850",12557.5864648244
"P34851",324101.066499844
"P34852",11317.3197681315
"P34853",183308.246783793
"P34869",16240.2211534562
"P34873",15056.1574353245
"P34874",18015.4155096206
"P34926",179538.008543577
"P34928",15257.8979159375
"P34929",13409.6473118911
"P34930",13476.9969812457
"P34931",15114.1440031924
"P34932",23168.1267716178
"P34933",15085.1410426554
"P34934",22293.6403778775
"P34935",10548.8750125406
"P34937",12112.0255514751
"P34939",9835.85863831013
"P34940",11200.2375906435
"P34941",9069.39043415126
"P34944",10509.0746427813
"P34945",10774.0974295207
"P34946",8960.87799545657
"P34947",9379.95819394059
"P34948",9085.09139773902
"P35026",16968.8166249479
"P35291",19085.2907941744
"P35417",8852.7942190733
"P35461",14974.5540003255
"P35667",248631.996741791
"P35782",8585.68718956598
"P35807",5738.95249170986
"P35878",20233.4810361407
"P35880",15591.7150065591
"P35881",10616.9538049641
"P35882",25893.3004713073
"P35883",11817.6106661361
"P35885",12907.3117379824
"P35886",13199.9806888307
"P35887",13046.739860002
"P35888",12446.9757159654
"P35890",11335.8213866829
"P35891",13152.4253341772
"P35893",17705.5402694851
"P35894",23301.6326080194
"P35897",12235.2368293647
"P35912",10166.7068221539
"P35913",11038.7707813999
"P36011",5259.1141402966
"P36061",8584.37815060567
"P36062",7709.80531225891
"P36102",14025.6691572554
"P36107",26486.4806003747
"P36111",21493.0183585908
"P36112",18676.5332583946
"P36113",16701.8704640791
"P36114",16655.5077853253
"P36126",3775.73640719922
"P36234",8645.92197737004
"P36235",8697.93945879165
"P36237",8401.25837081546
"P36238",13815.2328813737
"P36240",13263.4424322162
"P36242",17434.6414338804
"P36373",9933.60211398833
"P36374",10091.3027528498
"P36377",14324.5528761988
"P36578",9499.77695185088
"P36591",9527.56243345974
"P36712",278871.301490225
"P36927",11075.9633222628
"P36950",4681.88911697315
"P36966",4161.0993338121
"P37024",21813.1109842985
"P37127",15687.3238107476
"P37142",8314.81461047628
"P37143",14304.5597837324
"P37146",15366.1147905645
"P37155",17926.2463803022
"P37156",14930.6799961788
"P37158",14964.0333284329
"P37257",293118.660764231
"P37374",36631.5825538371
"P37457",16101.1410784578
"P37569",5191.14837871973
"P37685",3293.29728749088
"P37699",13839.0974642533
"P37702",14002.6157849758
"P37726",6287.1345177534
"P37824",36990.6189914407
"P37863",18618.5739618457
"P37864",18918.9560477031
"P38165",2802.47202809801
"P38262",7809.29905338399
"P38277",10242.5648421125
"P38279",9818.79183289389
"P38287",194131.285275569
"P38294",5253.59709617151
"P38296",4120.12032304258
"P38318",7993.78103445631
"P38461",11342.8964537364
"P38463",5632.86590274018
"P38623",94879.6937505931
"P38627",94935.1899474502
"P38628",95113.1880441169
"P38907",7241.52215931913
"P38946",6850.99356605411
"P38951",6143.03338772254
"P38954",5395.36220589846
"P38972",5998.52767393732
"P38976",8729.69780883586
"P38983",4795.90302127962
"P39002",5788.6365548912
"P39093",4749.66328419746
"P39312",4902.14639450065
"P39419",5678.37061218597
"P39423",5577.42493998069
"P39442",5280.23416733217
"P39446",5838.94806102204
"P39504",7771.32513747234
"P39538",58928.3196230481
"P39542",62387.2759067484
"P39544",61496.9299813195
"P39545",61856.4707218705
"P39547",64321.5192899011
"P39548",59090.4123200537
"P39561",54907.4029123225
"P39570",70562.9258449081
"P39575",12882.7535885274
"P39576",24213.591947153
"P39577",12764.6625565146
"P39578",14305.3572369561
"P39579",12802.004229209
"P39583",12839.6081614066
"P39584",14174.0906304593
"P39590",14215.050729294
"P39591",16841.3805241627
"P39593",14336.106747755
"P39596",21602.5230850996
"P39597",150046.270237658
"P39599",19288.8395451454
"P39602",18333.4086644387
"P39603",18954.4950862611
"P39604",20680.9554789797
"P39625",13072.8345512255
"P39630",13760.052152373
"P39631",12812.3767340277
"P39634",12797.8161801113
"P39635",12776.4902199513
"P39636",12904.2379721404
"P39640",12983.4324067164
"P39641",12925.5660760878
"P39642",19224.9847455012
"P39643",13304.9043628531
"P39767",275731.36449477
"P39821",6705.33193689827
"P39935",70505.4005231667
"P39956",12787.4132420105
"P39959",13199.2402696526
"P39965",86037.1020013539
"P39966",13875.4235752533
"P39967",92093.83737871
"P39972",81904.0303010964
"P40029",57702.2517473664
"P40057",9959.02848434242
"P40231",6643.82077494769
"P40453",5934.43543417702
"P40484",11663.1996313041
"P40855",14408.4609940595
"P40856",11393.4351790352
"P40857",18831.3968465617
"P41061",67983.1548710142
"P41201",5712.35071587888
"P41218",9960.65742246058
"P41480",6817.54101811065
"P41745",6696.69387694714
"P41747",5945.91544557455
"P41763",4244.30733561416
"P41777",3760.15055299333
"P41852",4626.41553079789
"P41854",4732.36449326727
"P41856",5129.97578401418
"P41864",5937.29824722334
"P41865",5766.72656794422
"P41943",9027.00264162126
"P41944",9016.43997561625
"P41945",8709.98361499955
"P42113",449836.810044655
"P42172",269708.510720765
"P42174",270544.233037961
"P42176",276199.855810779
"P42276",5453.79599470794
"P42293",6204.42166249834
"P42311",5604.4193749209
"P42375",5790.80792342334
"P42386",5024.69989148386
"P42407",5505.97532546085
"P42422",3520.58606071434
"P42424",6572.92695545943
"P42428",5194.53361296661
"P42724",15977.0826609163
"P42908",17265.759016701
"P42974",6378.32710097143
"P42975",12975.3752555699
"P42977",6637.59399298359
"P43038",251454.831840868
"P43076",292785.94950305
"P43113",7878.1609115689
"P43144",5022.45846733247
"P43171",4397.37786726357
"P43175",9191.00598753781
"P43179",27255.7930981837
"P43348",445201.366906098
"P43551",259949.429847857
"P43555",15287.9675024248
"P43557",10045.1959508674
"P43576",171975.410319098
"P43577",360502.075253517
"P43578",224251.328545843
"P43596",189684.913974431
"P43597",205707.391966837
"P43600",201372.67502876
"P43625",226321.881299656
"P43626",236370.225859785
"P43628",13874.9232536451
"P43657",61978.2449847736
"P43664",67756.1274188261
"P43665",67810.5955103261
"P43670",14458.9698656337
"P43675",72890.3542858623
"P43746",11479.3309531847
"P43749",256913.562597592
"P43753",14353.3140635611
"P43755",153227.661601944
"P43760",434994.228403696
"P43765",64222.5849784934
"P43766",83756.5570402525
"P43768",73911.3295652963
"P43771",76844.3400221928
"P43772",20985.5449332624
"P43773",15749.7954136081
"P43780",16911.6209184057
"P43787",29790.2922985096
"P43790",8054.27703709842
"P43794",6483.34284775776
"P43845",8731.39046661972
"P43907",6943.31251516266
"P43993",673190.839088217
"P44005",346197.594470612
"P44008",346265.184523554
"P44009",346102.350693092
"P44014",60747.3833642672
"P44036",6156.33758277922
"P01003",4821.91272836256
"P01005",6630.30193791795
"P01011",41557.6319944039
"P01032",12984.5750537359
"P01057",10338.925849937
"P01062",42162.4093334121
"P01064",5726.9507687765
"P01065",40292.379125474
"P01114",619422.282082944
"P01115",625038.759351531
"P01193",553588.695604403
"P01205",827151.812361081
"P01249",4254.32937936538
"P01261",30199.4749865486
"P01277",776468.686545319
"P01331",23059.59477466
"P01386",6064.55984028348
"P01401",6775.44514747641
"P01407",8957.72912982132
"P01558",673124.689781572
"P01572",4611.05822505423
"P01595",5529.18462879035
"P01603",5679.64329697568
"P01645",3207.91067480907
"P01650",5300.40766605797
"P01761",5008.81573939265
"P01857",837524.47378055
"P01874",5244.27030353362
"P01945",790758.619114589
"P01985",39543.9140735644
"P02005",554943.117692132
"P02009",5254.99243974956
"P02087",11425.0224686435
"P02144",825859.876154536
"P02146",550437.621495614
"P02162",14264.3666094932
"P02263",20223.4460844512
"P02274",7512.5029925591
"P02319",31981.2823024159
"P02347",11649.8230008634
"P02404",533495.69058666
"P02428",590121.002842936
"P02504",667068.74671674
"P02526",3155.56424651998
"P02533",10494.1434297885
"P02611",12694.2806523075
"P02650",21920.1839892915
"P02683",19258.9225747031
"P02697",13205.260463491
"P02700",24238.5915744006
"P02712",11028.50285268
"P02733",13999.3404096632
"P02745",30286.6318768341
"P02845",878462.38259313
"P02862",4924.2997496672
"P02920",60551.7840001625
"P02937",646219.422683356
"P02977",12372.4298792361
"P02998",10822.3705434312
"P03024",3685.16325314355
"P03058",10195.8058038209
"P03080",6041.15518813608
"P03088",5294.11886334646
"P03195",4861.21906364809
"P03217",4790.58751591432
"P03218",5595.75224635168
"P03226",29996.4908042056
"P03260",828901.750039857
"P03278",4021.4435844624
"P03335",13352.0870056268
"P03394",8309.22184866056
"P03398",460890.543958788
"P03415",4927.94257144122
"P03451",4353.64584579996
"P03477",8211.33001030343
"P03491",30149.2811649344
"P03619",4093.59717808582
"P03623",5083.6187320197
"P03652",5993.79709434454
"P03665",4147.71948522089
"P03738",742832.657815219
"P03774",16630.5848465667
"P03834",557352.799340797
"P03854",458601.1719851
"P03888",707281.158475618
"P03895",16721.8816304914
"P03906",668561.801357209
"P03919",649514.472400169
"P03939",20518.1800337131
"P03943",11574.6308805734
"P03946",4459.03880578347
"P03949",546728.431747732
"P03965",355498.572885324
"P04003",4615.55949043098
"P04047",890640.966827724
"P04077",41637.2472052353
"P04078",27715.3858106562
"P04082",21836.7223800625
"P04124",16348.8347247202
"P04131",5025.39146465811
"P04144",16366.4207904336
"P04165",5888.26192512829
"P04247",10017.5059368642
"P04252",9789.4579740655
"P04259",10184.8277606516
"P04327",26587.2641146526
"P04337",12117.1873563006
"P04400",12073.8267391419
"P04410",776846.265727019
"P04433",13718.9995281913
"P04451",29742.1467281894
"P04481",524557.840450321
"P04536",5185.96201744108
"P04559",5113.64357230797
"P04583",21547.4959279317
"P04635",5532.06406250977
"P04705",4361.55975567765
"P04764",12182.7243009418
"P04864",546157.165211333
"P04962",24683.9191296052
"P04969",382092.655192513
"P05102",4249.57841633006
"P05126",3691.45499310648
"P05278",8626.2997880833
"P05313",12099.3453776707
"P05329",11830.6193799297
"P05342",7579.29358054805
"P05446",633190.890053462
"P05449",4574.05164300785
"P05450",6180.00460420399
"P05457",5621.94582844091
"P05559",30094.4806601048
"P05588",547347.344958811
"P05609",4412.51472119965
"P05618",662186.682595287
"P05669",9959.57886005828
"P05759",11552.8249562596
"P05760",11731.6455493105
"P05764",12767.1574404339
"P05765",14037.5207693233
"P05767",10611.7100122084
"P05787",4988.32127093228
"P05799",3909.91109750337
"P05814",635114.096414352
"P05829",548442.440398265
"P05950",13495.0829819731
"P05979",10927.9524367432
"P05991",7032.95189324627
"P06014",11814.7574498635
"P06025",48703.4674411139
"P06050",35824.3543205878
"P06062",547821.40568906
"P06177",224932.35098233
"P06199",42422.6738755941
"P06213",26000.3571819404
"P06282",9115.53074635923
"P06300",5190.97194356266
"P06395",65439.6203255002
"P06396",59928.67187683
"P06397",8206.22451643044
"P06921",6882.9223376946
"P07079",5344.2344923823
"P07098",5789.01363937017
"P07102",5089.83884951886
"P07265",5633.62419868218
"P07266",5597.41404711075
"P07287",5297.19126188361
"P07409",6149.73819660899
"P07541",10663.0357420033
"P07603",201788.018373626
"P07611",16857.7471601601
"P07612",17446.8390363188
"P07621",70423.2844783899
"P07954",14003.7255052143
"P08111",6145.74858518224
"P08139",6550.77395758083
"P08154",7659.53142387667
"P08185",298992.626732618
"P08236",7945.39870076779
"P08840",10164.7594672222
"P08848",6721.70873942139
"P08878",39511.5142837198
"P09113",51732.8871805088
"P09155",12651.4878602384
"P09207",9141.88080533078
"P09254",52014.185304614
"P09305",7195.26206001003
"P09307",100089.479949536
"P09599",10440.5957271092
"P09742",12311.6453534472
"P09743",20245.5222895139
"P09812",5311.13168413632
"P09813",4045.12864159762
"P09864",8591.65572793273
"P09866",7494.12366803318
"P09867",6404.86790437257
"P09868",6550.68639893133
"P09869",7047.08168094922
"P09871",8166.5490062405
"P09872",8137.36074608216
"P09873",6299.41833472116
"P09874",7440.98487499949
"P09876",8501.67263424829
"P09877",6252.36662280358
"P09878",7156.41644498972
"P09879",7049.23969890853
"P09880",6849.73146112149
"P09881",6589.22301103971
"P09882",6213.26169631539
"P09883",8429.01277026045
"P09884",6282.04317295638
"P09885",8162.07154938502
"P09886",6416.7561697894
"P09888",5925.98990210495
"P09889",7667.33657621058
"P09890",7172.18386551934
"P09892",6433.82390327326
"P09893",28507.3384369018
"P09894",6430.10233326224
"P09895",6011.89957692307
"P09896",16030.3641801843
"P09899",10299.1297576416
"P09903",5822.98710414178
"P09905",7039.26962999785
"P09923",5714.40507534823
"P09926",6195.06563010199
"P09927",6103.01525007588
"P09931",7541.24696629199
"P09934",5391.87871164424
"P09936",7488.28789310554
"P09938",7524.18726355664
"P09944",6677.68973584092
"P09945",5946.38125227144
"P10182",5011.97198733945
"P10316",70519.5128944838
"P10543",15583.2874099302
"P10545",7208.33825092397
"P10546",13534.5168940883
"P10547",8752.53166776221
"P10549",7363.59804144216
"P10550",7692.76146828844
"P10551",7129.00520631036
"P10552",7439.23180219784
"P10553",7451.63584912834
"P10555",8462.38748424067
"P10566",11503.0302396744
"P10572",4968.18467570299
"P10608",5825.56085805159
"P10679",6468.98675708251
"P10827",6371.887351227
"P10876",18902.7831857841
"P10896",386284.8182737
"P10898",11864.7071913582
"P10974",6883.24853555147
"P10975",6946.3324420923
"P10976",11657.7891154253
"P10978",676979.644962143
"P11038",8550.96423190648
"P11042",8706.06472881818
"P11043",9295.70106616577
"P11044",7578.22075702469
"P11045",9930.27397759273
"P11046",8681.27485246606
"P11050",6342.89355989891
"P11052",8791.33492683161
"P11053",9012.29302102739
"P11054",7543.12766884193
"P11062",9647.85703553876
"P11063",16094.8697329415
"P11064",9185.5249657671
"P11066",8696.49297666787
"P11067",7312.8830849814
"P11068",6453.56141379714
"P11072",8364.49245591521
"P11073",16568.9724777843
"P11148",7950.42446976559
"P11193",4588.59299089723
"P11216",224470.638995091
"P11237",4756.0958480477
"P11354",8652.14228539333
"P11355",5208.2813257411
"P11358",4957.24092519556
"P11528",5034.72123667731
"P11616",9092.78330837715
"P11617",7263.36281724125
"P11618",7125.15379365546
"P11620",9699.24748430788
"P11621",10216.430881014
"P11821",4882.44688655021
"P11899",8492.88848163384
"P11906",5991.54556369734
"P11997",12331.9096477214
"P12110",59303.4219306047
"P12177",6146.16866777634
"P12228",5222.91584210352
"P12248",4603.68472948786
"P12255",4550.52584131934
"P12258",5223.37784442921
"P12265",6198.29319826665
"P12341",6475.39037969615
"P12343",6007.68698775693
"P12344",5212.88955877279
"P12345",6197.6836935285
"P12375",6927.34264991222
"P12461",5654.89240766758
"P12493",5103.59331820786
"P12494",4766.77798601286
"P12497",5188.42323741875
"P12499",4926.49926778075
"P12500",5180.69680627623
"P12501",4808.86722751608
"P12525",3609.65242075244
"P12527",4665.75625763503
"P12529",4310.50358921579
"P12632",7421.43397808039
"P12653",35565.1653821169
"P12668",32850.005677141
"P12713",6354.03954478892
"P12941",9074.99359149066
"P13195",5820.90054716684
"P13390",6348.26431745881
"P13434",21881.3375249372
"P13604",11731.0188170941
"P13610",6900.0741608071
"P13643",9966.46131260035
"P13671",6502.33441739547
"P13693",29055.4393462723
"P13702",5146.653611921
"P13745",7580.85361836133
"P13856",35771.1804494836
"P13920",7757.42617175778
"P13921",6750.31313054355
"P13925",7321.60460219089
"P13927",7989.44030028623
"P13928",7496.4094340458
"P13929",8554.01320570271
"P13931",7537.35378029068
"P14013",7516.67889174149
"P14080",7471.18650680558
"P14082",8030.61917488827
"P14121",397405.500780628
"P14223",5580.42158772278
"P14275",11790.7781866768
"P14341",5855.46242816564
"P14364",10185.3726383183
"P14375",7562.41894296853
"P14392",6545.2849619193
"P14434",5780.78818209286
"P14435",6078.89029455058
"P14436",5327.76012911638
"P14440",15586.2081150855
"P14442",7860.60494916876
"P14446",8843.59678700085
"P14448",9618.06610710463
"P14451",12700.3981494574
"P14452",9027.77813220853
"P14455",9962.99988564788
"P14458",8353.1300376667
"P14459",8176.80140154503
"P14463",7470.66734529745
"P14466",7460.23815145176
"P14468",7201.32342419599
"P14469",7466.34492413283
"P14473",8837.63004614017
"P14476",6503.73075589047
"P14477",6308.39532054913
"P14479",6856.62407199443
"P14481",7089.9594436366
"P14487",5783.73283754714
"P14488",6778.00666550658
"P14550",9074.18643529044
"P14552",7842.94860294144
"P14553",8304.21624582147
"P14556",15856.4472888968
"P14559",6595.88297634695
"P14560",8213.27810054454
"P14562",8586.19433451479
"P14563",6961.1861948502
"P14575",7963.73504800452
"P14576",16851.8893420821
"P14577",7531.89132344794
"P14584",7985.92748689911
"P14585",13828.6839150622
"P14608",7243.22561969911
"P14609",8238.8986361583
"P14610",9046.045246846
"P14616",11515.4335060928
"P14635",12900.2561614366
"P14637",7852.94137081465
"P14638",7016.12012235229
"P14640",7797.82562006364
"P14657",7643.84621273086
"P14661",7298.16906282961
"P14662",8566.64915142317
"P14663",8001.7209517052
"P14664",8480.01647263487
"P14665",6673.58996163032
"P14666",7024.74433878236
"P14669",8318.62779435492
"P14672",8337.19857963169
"P14674",8393.22523052333
"P14679",7931.08411165001
"P14742",8111.57897712517
"P14753",9141.97104596326
"P14780",7727.77806047319
"P14786",7487.79284794454
"P14787",8886.22671497345
"P14808",6528.80718572472
"P14809",6282.15939418595
"P14810",7854.21249411653
"P14814",5886.38912643354
"P14860",6359.70680782793
"P14865",6531.74736171426
"P14871",10941.463139775
"P14901",9440.20023840488
"P14918",14662.5533956395
"P14923",5833.55959449316
"P14926",6892.84117252245
"P14947",12668.8285053147
"P14952",8493.64034768527
"P14953",7017.92585228105
"P14955",8463.95388634338
"P14957",12188.2820790572
"P14959",10473.7904737667
"P14960",19490.8089186178
"P14961",12512.4781209156
"P14962",15976.8955935488
"P14963",66949.6200643063
"P14964",41469.7906556671
"P14965",23391.0381040087
"P14966",70520.1206394927
"P14967",64080.2330076712
"P14971",66997.6472589148
"P14972",65599.1120861926
"P14973",67273.8203720183
"P14974",12083.9615598384
"P14975",10280.1748829806
"P14977",77222.6949072572
"P14980",6009.98012979354
"P14985",15361.3384577487
"P14988",14167.8932453874
"P14989",15064.1595428735
"P14991",66641.0178959306
"P14992",37395.4958654348
"P14994",37250.573383235
"P14995",64988.0653194847
"P14996",77244.9993044952
"P14997",52030.3574385472
"P14998",74612.274692349
"P15000",67130.9303617158
"P15001",46329.4021785794
"P15002",140003.094060164
"P15004",16379.9501381463
"P15006",52267.1202782816
"P15008",57808.5693375065
"P15009",15198.1393822819
"P15011",19916.1361888694
"P15014",144775.071647479
"P15015",16547.784795065
"P15017",10452.0213818936
"P15070",9097.41984174259
"P15071",9050.27943689008
"P15072",10297.8984344531
"P15073",9177.36446234408
"P15083",312737.567312333
"P15133",5411.4728244443
"P15148",3771.82973692841
"P15151",3950.74990912886
"P15153",4113.29759741041
"P15178",9045.10178182322
"P15179",7765.08374522747
"P15181",22972.0640015025
"P15234",7692.62582932347
"P15236",5627.26267763006
"P15237",6228.40252246979
"P15243",31668.0438583736
"P15256",42866.5780179284
"P15258",8547.21139281724
"P15260",9610.42397286421
"P15261",9250.58611170311
"P15263",6451.02608562829
"P15264",6875.27498276567
"P15265",9318.50284105396
"P15267",9827.00795579016
"P15269",8899.20441120614
"P15270",8342.34982177383
"P15272",7631.06280107602
"P15279",5929.32569811279
"P15280",6251.18676960225
"P15282",9327.09077952958
"P15302",13256.1510985247
"P15305",7780.72311318345
"P15307",15872.272099444
"P15308",17242.8601256796
"P15325",4750.52397160681
"P15341",9318.35945910871
"P15343",16347.2547932671
"P15344",8776.15214605613
"P15345",9166.1318661752
"P15347",8293.18363696571
"P15364",10890.1202107095
"P15366",7297.90216705828
"P15413",18374.2668145843
"P15416",9372.09613174734
"P15417",7944.996102311
"P15422",8336.48247864411
"P15423",9717.16696125708
"P15424",9035.21074956371
"P15431",37374.8383796287
"P15433",16072.7277323246
"P15434",8295.33266074185
"P15443",7132.79036955236
"P15444",10422.0094307279
"P15483",6565.03805708616
"P15487",5617.47107166991
"P15488",6121.42222443351
"P15511",8661.87270535543
"P15512",6465.72528342768
"P15519",7499.11171853534
"P15520",5013.64552443495
"P15521",5925.1505673424
"P15522",7318.15125083247
"P15523",5599.72419027202
"P15536",5772.37706603142
"P15537",5372.4695903786
"P15541",7676.88417832167
"P15542",9362.95376388702
"P15544",7644.89103101435
"P15545",7343.23324043333
"P15546",6234.66081251342
"P15547",9803.34027894288
"P15548",6788.93944990898
"P15556",10460.7395649914
"P15586",6183.47244612119
"P15587",7107.74331318284
"P15588",6888.35104737971
"P15836",10215.5146952552
"P15876",5556.84378533601
"P15880",9139.51370094938
"P15881",8680.09342837729
"P15883",44619.8364321577
"P15948",6718.25358229408
"P15949",9018.26074249475
"P15951",7203.82824978446
"P15952",9072.16409193327
"P15956",4998.05138843362
"P15964",13418.0167215756
"P15966",8167.22324641317
"P15968",7884.53089044244
"P15971",6397.04788156153
"P15974",7208.92178020866
"P15976",6095.79967659754
"P15978",9407.55598939305
"P15981",4277.27678369851
"P16058",7136.68206996152
"P16059",6704.9993039428
"P16061",579837.622854041
"P16069",15301.0702212598
"P16071",20089.889153433
"P16072",19826.0701715005
"P16073",43127.2405738211
"P16085",12809.3111621508
"P16148",15300.7669009444
"P16150",9313.36481920233
"P16152",8954.39468988264
"P16153",9634.75024679932
"P16239",7060.82027921051
"P16242",5666.14611144335
"P16370",5630.152679744
"P16379",7980.59998511428
"P16389",46586.1926189444
"P16391",13657.1209276389
"P16408",9285.97881087266
"P16422",10768.1336190727
"P16434",7043.68109852508
"P16436",6626.43786669054
"P16467",7194.71789319215
"P16468",8168.76562580517
"P16469",8000.2605771857
"P16472",19174.5222210792
"P16476",7662.15704765129
"P16477",15091.549890683
"P16478",27620.4072229576
"P16480",6684.12251591847
"P16483",16138.3363855158
"P16484",8959.17548025353
"P16485",8436.15683185894
"P16523",5028.74902356297
"P16568",14395.9032720754
"P16606",35065.7435437233
"P16607",34796.1690377831
"P16608",18078.3160198633
"P16659",7592.2118674366
"P16667",5346.2528408363
"P16670",5345.14035418864
"P16676",9741.9545316143
"P16677",7539.7613104604
"P16689",6613.97662969879
"P16822",5108.25657150307
"P16825",7016.46625833931
"P16827",4956.99716115829
"P16897",8054.09946316773
"P17012",5476.89078911201
"P17042",8117.74072936943
"P17124",7409.9684130377
"P17185",7876.33666417607
"P17219",9450.42240023091
"P17221",9269.16662354685
"P17222",9230.20157597787
"P17225",7712.74461606206
"P17235",13436.3346167996
"P17490",3711.50218250437
"P17494",3728.37856566783
"P17646",4119.98459896329
"P17686",8554.16248986298
"P17688",6664.47197720935
"P17690",6429.57873789175
"P17691",8931.11511819365
"P17692",6684.0301254289
"P17695",5848.97190505151
"P17697",4469.9160207453
"P17698",5519.93446783495
"P17771",6642.66893885578
"P17772",5054.29419590419
"P17773",5459.02141770143
"P17876",6555.62601988487
"P17877",13350.0423610953
"P17879",7984.63212174626
"P17882",7789.45812378436
"P17884",6577.50702012534
"P17886",5998.60071830864
"P17888",6284.95853169097
"P17890",6960.34513339742
"P17892",6823.07482634369
"P17901",6196.85466524623
"P17910",4242.92163242554
"P18090",7375.57591838272
"P18208",19645.1043549043
"P18280",7977.30857532076
"P18313",9512.92222739609
"P18318",6141.04438561624
"P18320",9570.76141035909
"P18321",9150.25767075356
"P18323",8358.1441441596
"P18327",6655.70487149796
"P18329",15576.6716485763
"P18330",9181.28713826132
"P18335",7827.91314698215
"P18419",6988.70320336141
"P18420",8278.92486227187
"P18422",8295.06132215651
"P18424",8364.89052367927
"P18425",9284.95712762792
"P18448",6791.7896965089
"P18449",6205.59269817776
"P18450",6807.64116553673
"P18572",5304.51074377761
"P18573",6905.53189942882
"P18575",8212.02024381103
"P18583",5997.49858660235
"P18653",5547.62627335054
"P18699",12845.1359304391
"P18767",12379.9828676969
"P18808",6393.94789447614
"P18809",10449.1949268517
"P18817",176488.143020072
"P18869",6684.17209395096
"P18949",6881.59981204376
"P18994",39547.1177441616
"P19016",11276.0399863377
"P19019",11694.7509042645
"P19020",9474.68020431381
"P19065",4609.75457434507
"P19157",5718.03591459013
"P19176",6214.26580148154
"P19179",7472.53614006883
"P19182",10125.8367626018
"P19185",8080.71188682617
"P19188",7377.44690564895
"P19190",5408.29692183493
"P19198",5299.16201656487
"P19220",5194.2971668441
"P19233",5050.65290133237
"P19236",8525.95271237307
"P19294",5698.62020214187
"P19312",55121.7367152328
"P19403",460171.55662905
"P19525",11838.3694231409
"P19528",11721.569584304
"P19610",22684.7203856682
"P20081",7448.7582963702
"P20082",10775.3338531821
"P20167",5714.84206195708
"P20168",8236.64089123175
"P20171",8031.61755709323
"P20172",9775.4427610549
"P20177",8078.46821384614
"P20193",9621.71766040005
"P20194",6639.52400668523
"P20195",9702.14100118803
"P20196",16128.6431939227
"P20197",6168.72093425253
"P20200",6950.17324846258
"P20201",10705.1690800794
"P20203",8456.76133988516
"P20204",8192.39719057671
"P20206",6858.45295478535
"P20208",9050.12290705001
"P20209",8708.63658787342
"P20211",6866.644076743
"P20224",14600.6225875576
"P20226",7213.67204037793
"P20227",8373.58500265463
"P20231",13114.4450220454
"P20232",9279.52623664817
"P20233",9846.01100804244
"P20235",6697.65852353138
"P20238",7062.92995478336
"P20278",6219.00055185771
"P20279",8752.21648799356
"P20282",6571.85586436523
"P20290",7534.21588278589
"P20297",7398.55631600405
"P20306",10191.0159859635
"P20322",7041.46766626955
"P20325",8539.98848439707
"P20331",8090.42384181464
"P20348",5673.37709155034
"P20354",8523.50182999904
"P20356",6343.1129355122
"P20359",7881.73171116891
"P20360",7922.49309535339
"P20361",8301.60681518335
"P20365",9444.70092223289
"P20366",9624.51738449456
"P20370",8904.02721061517
"P20371",7593.04104580878
"P20376",8940.75999709173
"P20377",8611.59301437771
"P20426",4768.2627251588
"P20463",7176.89995138943
"P20575",11266.7637220896
"P20581",9315.9575342682
"P20583",8296.64631759222
"P20587",7222.41308187472
"P20591",9151.23658036518
"P20631",12995.508677297
"P20650",27985.8344451189
"P20675",7097.53115828445
"P20698",6622.12287470802
"P20703",6532.45209165001
"P20721",6276.50136066761
"P20758",5599.50940389401
"P20779",9112.91310039532
"P20810",8948.84281387643
"P20820",7529.59065103662
"P20821",9021.97860466966
"P20822",8212.65981991863
"P20824",12315.8227556269
"P20842",5470.73554665474
"P20863",11251.407185903
"P20864",5123.15599338581
"P21043",6493.03054815668
"P21045",6399.17213358949
"P21052",50085.938466361
"P21055",7622.03712378153
"P21125",7259.35019701656
"P21411",6042.68260152555
"P21416",6055.20113139975
"P21447",6298.63372141516
"P21448",10176.6424480275
"P21461",247134.302053059
"P21466",5930.06881233273
"P21468",5019.1769901715
"P21503",225728.517960023
"P21549",6338.93818877575
"P21585",14005.4134268511
"P21622",5412.24564804621
"P21634",5465.92693411257
"P21640",8449.71293559629
"P21721",14300.3841418608
"P21725",11872.8104075209
"P21726",11419.8326936372
"P21727",9702.4204603395
"P21734",7715.45414725936
"P21741",6754.19995494905
"P21764",6849.40874400836
"P21769",7226.95565833444
"P21806",10994.2518178487
"P21904",9112.79988631373
"P21906",7064.40388900361
"P21909",6596.98328284765
"P21913",6500.36123436259
"P21914",6078.70868542009
"P21917",6072.75602417009
"P21919",6046.32463170507
"P21920",7288.22323013017
"P21925",30412.6695253142
"P21937",6204.69710753676
"P21943",7944.54917565404
"P21945",5665.11072721292
"P21951",8147.96676776644
"P21953",7691.56719821539
"P21954",7044.58619695648
"P21965",6120.58422199246
"P21968",6589.31130661655
"P21972",5797.54822855077
"P21976",6611.03476978787
"P21978",7371.08295717102
"P21980",7668.16861110873
"P22010",8772.68692052891
"P22011",5633.12507199996
"P22012",6336.48308387233
"P22014",5038.23867169509
"P22015",4736.39507852088
"P22018",8214.77827942401
"P22020",7645.04052911657
"P22021",8072.46843422252
"P22024",7764.98068657364
"P22027",7407.22762193738
"P22028",8715.94266901168
"P22029",6818.93881688722
"P22030",6717.36110744788
"P22031",11187.8447245508
"P22033",6607.71354206952
"P22037",7342.22292901885
"P22038",7975.37673392218
"P22085",6603.99913101454
"P22744",48571.238430724
"P23001",6870.68401367609
"P23142",9287.12085955445
"P23258",7569.20194781026
"P23277",86030.7281278354
"P23454",10642.0416328477
"P23596",13596.0797197416
"P23622",8364.56915075934
"P23632",6290.57355963471
"P23636",5109.15086728204
"P23637",4636.04698272473
"P23728",10101.2161218134
"P23730",5937.55221749989
"P23731",9798.93873882456
"P23732",7431.16247246627
"P23734",29545.7177755826
"P23740",7290.22730331122
"P23744",11235.5669584707
"P23747",16717.8564489841
"P23748",11047.766344607
"P23843",9435.14918576586
"P23870",5174.26618895543
"P23981",5720.58774431951
"P24129",3039.42330301824
"P24130",3022.09046094337
"P24131",3072.02895867135
"P24152",7322.33092651418
"P24227",7882.45359973492
"P24243",11000.0387163373
"P24244",11048.2968752992
"P24245",11455.8070686975
"P24247",11450.4999697995
"P24248",6488.03687402845
"P24249",6175.87477242349
"P24250",6621.71601812682
"P24251",5411.33817474628
"P24252",6041.38574072859
"P24254",6162.72258982606
"P24255",6187.08913815038
"P24256",5564.94350492067
"P24258",14698.0111290583
"P24259",5869.23186607744
"P24261",9799.58257574228
"P24263",9814.89566877097
"P24264",8426.37155174132
"P24265",6919.09901406125
"P24268",7083.122383924
"P24269",6067.67418709875
"P24270",5954.67975109355
"P24271",6042.87522866413
"P24273",6001.95143797224
"P24274",6017.15415224187
"P24275",5762.50756435962
"P24372",5188.12531651223
"P24380",7489.69963799506
"P24383",7681.45573451406
"P24420",7496.75032829482
"P24454",7221.70337431423
"P24466",18015.7877667774
"P24732",175352.960327714
"P25331",8750.3485894967
"P25333",7635.82153167915
"P25509",5131.6833034896
"P25510",62935.134361397
"P25511",5243.88621915025
"P25553",9342.44555758124
"P25558",8103.57724019234
"P25563",76603.0585974976
"P25576",75947.7732403279
"P25689",5583.23820322798
"P25951",3957.83751884885
"P26022",7543.87925923898
"P26202",7841.559388768
"P26522",65036.8121814914
"P26524",19277.5073188622
"P26537",15007.2193882132
"P26538",14337.5794667809
"P26539",15720.8781196313
"P26541",9220.90495394731
"P26605",10534.3104462901
"P26640",9900.57115573307
"P26679",5214.45018835747
"P26688",6293.1550383089
"P26731",9357.78778898158
"P26736",6736.89759707738
"P26754",6627.64984234078
"P26758",4982.98151305566
"P26798",5219.12799686927
"P26855",18423.2529403807
"P26929",3932.08476010784
"P27290",6728.01100292908
"P27291",7064.59933813814
"P27292",6262.47490123233
"P27293",6821.01192488364
"P27294",6175.77703036517
"P27297",7057.84952948511
"P27298",6662.8033368823
"P27301",8049.83033421875
"P27302",9297.23971055734
"P27305",9735.2160992494
"P27397",12217.5603388655
"P27419",24953.3089565615
"P27440",15194.1918176293
"P27441",24451.945837364
"P27443",16494.2333253398
"P27499",3342.68763768067
"P27501",5761.4853215326
"P27502",7080.17198992339
"P27503",8299.35046027839
"P27506",9154.46374493984
"P27507",7973.72496305125
"P27509",7467.62830923967
"P27510",7593.05599639613
"P27512",9112.65530953205
"P27515",7790.05426966591
"P27520",9870.19783843418
"P27522",8590.54399838865
"P27539",6278.80399218808
"P27540",5424.03150253158
"P27542",6241.8818964307
"P27543",6581.25900721246
"P27546",7700.34011363232
"P27548",7924.2983816113
"P27549",5765.9513264612
"P27551",7966.82475169824
"P27554",3958.86868440666
"P27557",4238.03976767491
"P27558",4248.820560092
"P27559",5259.77210779225
"P27562",6382.03410090479
"P27563",4141.9294426588
"P27564",5306.48468775159
"P27575",5606.89746449373
"P27576",8026.02777870473
"P27579",6106.95482324147
"P27583",6720.50340542725
"P27584",9833.91804329542
"P27585",7553.86742694886
"P27589",6163.66276786972
"P27597",4951.98106699803
"P27599",5451.0700759395
"P27601",5969.131295027
"P27602",4841.63049517755
"P27604",4504.52016008028
"P27605",4768.58544806316
"P27606",5495.87462339418
"P27610",9410.26279643068
"P27611",6472.12769637233
"P27613",6255.60465979504
"P27614",6464.98988488518
"P27615",10467.8236664528
"P27617",9203.28795260045
"P27618",6384.34134558284
"P27622",8374.68776430396
"P27625",5879.21860804977
"P27626",5409.75731279707
"P27629",8936.59771450791
"P27630",5990.92100553879
"P27652",5063.02280099584
"P27683",8405.65092798832
"P27809",7874.05348858982
"P27824",24574.0593146874
"P27826",8808.07127513315
"P27830",7536.04177357044
"P27831",8037.23804702428
"P27832",7598.96935855698
"P27837",13557.9296413594
"P28449",8675.94459944679
"P28450",9684.73811843167
"P28452",9680.72553177325
"P28454",6599.54751367214
"P28455",11945.5745637758
"P28456",13687.5018182314
"P28457",12226.3511019396
"P28458",11717.5810550003
"P28460",12308.0870699637
"P28470",8781.42826696637
"P28471",7235.49961263509
"P28474",7960.91452740736
"P28475",8318.53429115962
"P28479",10719.4884418102
"P28481",12294.6244775922
"P28486",7412.67837609488
"P28487",5978.30468633277
"P28490",8566.82338845702
"P28491",7858.94770375287
"P28500",6830.8514525735
"P28508",4382.67096329468
"P28514",6990.51153336397
"P28520",5116.91860705236
"P28522",6574.69854988602
"P28524",6540.07844676533
"P28528",4872.91361743188
"P28530",6482.31504295983
"P28553",6339.08569305825
"P28556",6110.19048170503
"P28557",6593.78271393745
"P28558",5827.10026658542
"P28560",5396.96651789861
"P28563",5928.29856490673
"P28574",6690.16523959476
"P28583",6601.09397018262
"P28596",6530.63818359573
"P28644",5903.08860848072
"P28691",8100.574781877
"P28703",6903.58554507981
"P28715",7205.73938921726
"P28717",7024.75936695468
"P28718",5644.62287845344
"P28719",6024.90452677742
"P28733",6048.98792731408
"P28734",5334.63275336522
"P28744",6704.2981229529
"P28745",8055.27429505968
"P28746",8560.62159910703
"P28812",12646.5419242424
"P28813",10381.1040264879
"P28815",7228.56670251403
"P28820",7941.43608338346
"P28821",8286.96105575512
"P28822",12478.9252057114
"P28824",11896.6422503435
"P28826",11362.6767113776
"P28828",7876.42147274543
"P28829",11053.8545995347
"P28830",10275.6008540359
"P28831",7980.57853541953
"P28846",6290.93975276866
"P28847",7480.97722725429
"P28850",9220.69107979325
"P28851",8704.14759539504
"P28852",6830.70311659187
"P28853",5756.865675413
"P28855",8041.40970255843
"P28856",10027.3437832404
"P28858",6012.38254330792
"P28860",5913.17763579678
"P28956",9065.41574042028
"P28960",8247.28705218551
"P28964",7999.78157689267
"P28966",7910.83028628502
"P28967",9488.36982954793
"P28968",7601.96100102086
"P28969",19125.0285098723
"P29036",6234.19591414213
"P29044",6061.68431433065
"P29046",9611.58484017502
"P29049",7778.39317725866
"P29052",7192.72808362138
"P29060",6741.79403645324
"P29061",6162.5102713513
"P29068",6983.65260985035
"P29069",8069.44768701418
"P29070",8786.86968795505
"P29071",5827.2512887893
"P29072",7338.43238002057
"P29075",7439.84966417306
"P29076",7447.10514288484
"P29077",6696.03815962661
"P29078",7409.7093416898
"P29079",8289.13662507645
"P29080",8984.7747765119
"P29081",7702.48003704362
"P29082",5979.44922193577
"P29084",6091.46001192255
"P29086",5646.15341523715
"P29088",5981.63697030443
"P29089",6097.2953702365
"P29090",5982.19054919067
"P29092",5943.67837519865
"P29093",8531.04285978275
"P29094",6489.53309650838
"P29095",9910.44104467379
"P29098",6909.89490885451
"P29099",14909.5820304322
"P29102",8785.03021131695
"P29103",8539.88141019977
"P29108",7172.47645890588
"P29111",41976.0664927968
"P29154",7284.97789023769
"P29156",6949.4389410975
"P29157",6253.36030776176
"P29158",6586.03013183899
"P29160",6010.17275173727
"P29161",7910.21339313834
"P29162",5829.29237305618
"P29163",6695.40072434534
"P29164",7289.19146629707
"P29165",5620.90174930598
"P29166",6638.71880950122
"P29167",5589.94556266989
"P29168",4820.39279338661
"P29169",5181.49028231394
"P29170",6056.11401565008
"P29171",5696.12386439426
"P29174",6348.19123753614
"P29175",6776.29907446597
"P29177",7054.35462708126
"P29178",5568.80878710288
"P29179",4790.29001476336
"P29182",4376.0078516395
"P29185",5926.7293478574
"P29186",4719.77651166341
"P29187",6179.86979814242
"P29188",4973.59260951769
"P29189",4637.06249806841
"P29191",9221.89260105755
"P29194",4731.1288244719
"P29195",5559.59643505897
"P29222",5033.34429493912
"P29223",5690.23540123995
"P29226",6061.37438162541
"P29227",4540.45810643134
"P29228",6324.07024471134
"P29229",6059.25241931302
"P29326",4529.62767596848
"P29338",9657.72570299009
"P29339",7716.04121668668
"P29340",9091.05954150285
"P29342",6090.74412310542
"P29343",6359.91714929751
"P29347",5592.28491078139
"P29391",54908.1278185234
"P29395",6527.68009037268
"P29396",51221.7244583409
"P29397",15472.5121822456
"P29398",51784.5302790399
"P29399",1542815.56238416
"P29402",32790.7053734962
"P29405",14962.6611670627
"P29406",15500.5949541287
"P29407",15300.9153461453
"P29408",51086.056026862
"P29409",15254.2141960847
"P29410",49903.37981894
"P29425",47204.2018156174
"P29427",25747.2125027196
"P29428",66061.2707972691
"P29429",746672.219027621
"P29430",51141.1959675551
"P29431",40725.5469439348
"P29433",45213.836626997
"P29434",44352.5522643077
"P29435",39793.6115534869
"P29436",73120.3381712346
"P29437",18325.2133890441
"P29438",56329.6229524876
"P29441",48862.3732873561
"P29442",732176.177562426
"P29445",70686.1306265737
"P29450",31814.2294283402
"P29458",43867.605230943
"P29459",95903.2466913708
"P29460",41840.0207113526
"P29473",59926.2307361353
"P29474",24968.7064217041
"P29475",1455559.18356864
"P29477",85080.0169587914
"P29478",98570.4683123493
"P29481",80771.6357420882
"P29486",11511.3515904636
"P29487",13875.9598951997
"P29489",15142.2715488168
"P29491",14870.3103961593
"P29492",11696.5767761533
"P29493",11735.6183533122
"P29494",13511.7268830001
"P29497",14180.2564163302
"P29498",599195.6915364
"P29499",15582.8031828132
"P29502",15441.7518262933
"P29503",22165.6700569301
"P29506",14219.4713605978
"P29509",12312.5986711806
"P29510",64234.1693637334
"P29511",71760.5293085292
"P29512",43429.3266882987
"P29514",71502.3218369258
"P29515",44618.633599828
"P29517",16799.6927202699
"P29518",15651.4817021896
"P29519",50224.0564795183
"P29522",50591.6069050685
"P29523",15336.3897306181
"P29528",16183.065724083
"P29529",15801.1670994277
"P29531",47533.8312036736
"P29532",40903.8186240518
"P29533",24735.6877657652
"P29534",98483.6380004001
"P29536",34081.6583465158
"P29537",42916.8799167285
"P29538",15625.1696588147
"P29539",12732.6149639383
"P29540",17397.0145340155
"P29542",6087.80721072124
"P29544",6227.46786901185
"P29546",8684.64300394103
"P29547",8995.24704660203
"P29548",6574.72149026944
"P29549",5683.54343391252
"P29550",7261.37239270963
"P29551",7201.05011159784
"P29554",7545.82670991755
"P29556",13204.8034413798
"P29557",7353.37682074296
"P29559",9160.0461488391
"P29562",7308.82375604239
"P29563",9323.46917743925
"P29564",8160.01391588119
"P29566",5420.04012077153
"P29567",6231.28716151328
"P29568",9628.05347331396
"P29590",6997.93147964946
"P29598",6996.61781337725
"P29600",6995.27732433604
"P29604",11018.3647412828
"P29647",10678.5904880971
"P29659",8483.92557218329
"P29671",6126.37472324005
"P29673",6657.3193691255
"P29676",4676.57336990234
"P29690",6286.89975756367
"P29698",9972.50370809845
"P29699",9931.96672572575
"P29701",9367.58714013396
"P29756",4077.90100037944
"P29794",6253.36689307297
"P29795",5178.44461324115
"P29796",6751.74196951917
"P29820",4691.98556628244
"P29822",4513.73819185675
"P29842",5314.91726198419
"P29851",5363.67232449921
"P29853",6314.85249362882
"P29856",6260.47702261533
"P29862",7237.86688141429
"P29925",53275.5015534516
"P30010",4561.16838497654
"P30024",9086.69724770836
"P30034",6885.33318751282
"P30035",7632.6718758849
"P30042",7638.61779392431
"P30046",7201.32569135523
"P30050",8277.98000729793
"P30052",5467.88264820779
"P30053",6327.06876994084
"P30085",8506.40564840455
"P30086",8396.3621504809
"P30089",7118.82828346973
"P30090",6955.58947929066
"P30092",8721.35919965282
"P30093",6732.06006309279
"P30094",6829.87861190705
"P30095",7272.83174068013
"P30097",7354.14304556639
"P30100",7921.35366032617
"P30101",8803.96592743252
"P30103",5948.21483894473
"P30104",7694.28369911099
"P30105",6486.32889167059
"P30107",6991.63257351769
"P30108",6177.29569043356
"P30109",9423.50316323347
"P30112",9213.37025077989
"P30114",8393.39792758295
"P30116",7718.9297284882
"P30117",12688.4904075987
"P30118",8492.98601915087
"P30121",6381.91642465086
"P30133",7764.47782794364
"P30134",6435.56608353465
"P30135",8643.65663627814
"P30136",8272.51578424239
"P30138",8996.10041280831
"P30146",9278.60138482215
"P30149",6717.79450148494
"P30150",9086.18817815274
"P30152",6918.69638390979
"P30154",11434.9231794147
"P30155",60966.5394381451
"P30156",50617.8065518517
"P30158",13781.1384554716
"P30160",11801.044314695
"P30161",16642.5180182173
"P30162",16544.3488102478
"P30164",16158.8120369896
"P30166",17144.1680981505
"P30167",52306.0255882247
"P30168",1301316.43196172
"P30169",55128.2460181268
"P30170",51637.704768347
"P30173",41940.6623728172
"P30174",13934.3410043053
"P30175",15877.5625048285
"P30176",13531.004884729
"P30178",7415.67902742125
"P30180",8726.14105499943
"P30181",7651.33728048222
"P30182",7671.03198630726
"P30185",9573.80702480479
"P30186",6423.59053551068
"P30187",6381.82895882666
"P30189",8521.14616769108
"P30191",8651.69819180287
"P30192",48408.3579692739
"P30193",14403.7519972663
"P30195",12782.9155123565
"P30198",13551.6555727336
"P30199",15067.745221278
"P30200",13352.3062970083
"P30201",11006.7294070907
"P30203",13652.7320792201
"P30204",15091.0274597232
"P30205",10959.7120782672
"P30207",12083.4579450082
"P30249",8324.17682356526
"P30250",6361.59473996645
"P30269",20145.0978024799
"P30270",7195.85588944192
"P30271",8545.45258287768
"P30273",7208.54643658614
"P30274",7168.89879051897
"P30275",7657.85340304556
"P30277",20594.6389384993
"P30278",9911.50579515583
"P30285",4448.39788315818
"P30287",9071.66468019445
"P30288",7106.71411727467
"P30289",6354.70912390216
"P30290",6978.62227550856
"P30292",7107.95832959789
"P30399",5972.95623802483
"P30400",6057.17591304734
"P30402",6469.38598726299
"P30403",9114.06578666023
"P30404",5800.23046025326
"P30405",6758.27870160917
"P30406",6787.02287441577
"P30408",7476.72025172995
"P30409",8232.68890046421
"P30410",8396.49468920758
"P30411",10081.8392684275
"P30412",10058.5572886657
"P30414",9735.84689048284
"P30416",12283.925896198
"P30418",8269.2964595417
"P30420",9154.32444405659
"P30424",13310.0754252043
"P30425",7795.12422864048
"P30426",8396.01473768089
"P30429",10594.4782655637
"P30431",7473.97365776432
"P30432",10672.20260378
"P30433",5591.26750606246
"P30434",9793.66634483789
"P30437",6445.88443553135
"P30438",5374.27177486384
"P30439",6651.13875291122
"P30440",6794.37370726579
"P30441",6130.85855490956
"P30442",6164.85905309371
"P30443",5722.30855100737
"P30445",6401.58763839222
"P30449",7349.61881935879
"P30451",7142.00983554183
"P30452",6128.13356587523
"P30454",6022.7511144819
"P30455",6337.06654872867
"P30458",6293.2069402952
"P30459",5503.17040165701
"P30460",6314.04101060779
"P30463",8974.47892829905
"P30464",6916.31395912596
"P30468",6960.30997947534
"P30473",7109.06194001128
"P30478",6099.23146539555
"P30479",6124.31287847275
"P30482",6369.02862054628
"P30483",5986.79345559282
"P30484",6792.84330789051
"P30489",7552.08889544091
"P30495",12658.130399221
"P30496",12570.0823669774
"P30497",12900.683496992
"P30499",13398.5261055345
"P30502",11055.0577422805
"P30503",22170.9715912163
"P30505",9257.33369916431
"P30514",7557.58685159319
"P30515",6762.63633672045
"P30516",7112.12115188883
"P30517",6903.64921294605
"P30518",7833.20773154406
"P30519",7539.64976697751
"P30520",6412.57971676649
"P30522",5674.89944789386
"P30523",6843.44432822383
"P30525",7133.05524615896
"P30527",6174.56867810592
"P30528",7449.07593458508
"P30531",8017.26308535598
"P30532",6916.06296898559
"P30533",6635.18925029215
"P30534",7623.93327394107
"P30537",7372.15958800427
"P30545",4455.52507738974
"P30571",6196.005412788
"P30639",9431.80774783353
"P30643",6230.17542629795
"P30666",5779.01902311068
"P30679",7030.16491248948
"P30681",6830.18407363114
"P30684",7099.68228960347
"P30691",6172.69404888511
"P30692",6572.02871005186
"P30706",6018.34081534051
"P30709",18995.4685107513
"P30715",6532.96843618078
"P30717",6310.77573492777
"P30758",3846.92027819806
"P30842",7208.0848140139
"P30870",7024.2634962582
"P30872",6279.93616268816
"P30912",7597.18423070956
"P31067",6769.62972475904
"P31077",5424.61283807147
"P31123",11213.0911493318
"P31229",5806.54638002344
"P31230",8280.08776351327
"P31232",6625.11949957277
"P31329",6141.27418521775
"P31345",6790.26435823458
"P31347",6827.15716944614
"P31461",5683.31007923836
"P31464",8727.79393264868
"P31466",5754.22807710202
"P31513",30586.6899011489
"P31591",4536.10322729363
"P31598",3840.05983163788
"P31614",5022.28122032834
"P31618",5715.22614359996
"P31652",41868.8188158539
"P31691",40599.2573411864
"P31692",55241.3763604527
"P31713",6263.46481266315
"P31720",5904.49813917914
"P31721",5852.36851871526
"P31785",42049.018240474
"P31806",5159.08573578953
"P31851",6990.71292064849
"P31998",179700.188655194
"P32151",11867.5821745708
"P32196",26295.0467616886
"P32219",8997.95149663315
"P32229",9236.76790363289
"P32250",50198.6420886309
"P32255",41543.7550860257
"P32320",4146.47901229326
"P32955",3408.73954521335
"P33551",6670.24605625441
"P33588",8450.9625826687
"P33754",8876.2301218249
"P33890",4761.78369463053
"P33891",4745.80971630105
"P33939",68223.1088343378
"P34122",5367.10752705152
"P34204",7866.32664220904
"P34300",7052.01222730239
"P34301",6290.3495285071
"P34303",6130.17793650843
"P34304",5517.41753779568
"P34305",5988.89841903892
"P34306",5989.04250789301
"P34307",6289.0902148359
"P34309",7613.80516693015
"P34310",6344.14113349007
"P34312",7123.34314915483
"P34313",6468.06580924365
"P34315",5937.96207504559
"P34317",12333.9021842619
"P34318",12019.9453894097
"P34319",7681.19385639606
"P34320",11894.0878831215
"P34321",11777.8125638602
"P34324",7485.7613191998
"P34326",8917.56192774011
"P34327",4938.82983198509
"P34332",7574.90832069122
"P34333",4609.26193133275
"P34334",5699.82401624042
"P34335",4788.04403412171
"P34337",4571.16991064498
"P34338",3940.94087724842
"P34339",3817.18248478845
"P34340",7557.05752876049
"P34341",4124.20712912345
"P34342",6421.63677403925
"P34344",4358.86280930608
"P34345",3693.47557405034
"P34347",4067.95961637434
"P34348",4068.0912046729
"P34350",5643.68160856036
"P34351",4468.34717927863
"P34352",5234.4899193736
"P34373",6269.26760829082
"P34374",7502.8480143538
"P34375",5557.36267113005
"P34381",3669.97573684142
"P34388",5601.96270277295
"P34389",4964.41518732133
"P34390",5957.11602009867
"P34392",4213.22035734029
"P34451",14310.3645921008
"P34470",5823.02874887897
"P34473",6153.36968656189
"P34475",5716.5217480519
"P34545",10971.6117122891
"P34548",5708.38809827708
"P34578",6974.73454093953
"P34664",8647.95912459192
"P34722",39233.5653473071
"P34892",7047.23167652855
"P34894",7031.97113678381
"P35464",222089.641175423
"P35694",6924.07401909506
"P36063",6770.72811398392
"P36072",5662.44949453772
"P36075",6074.6635071169
"P36077",5982.99389273635
"P36105",6593.43605820206
"P36106",13135.3512466486
"P36115",9843.31836806756
"P36119",8560.69823370495
"P36327",4490.40737504869
"P36414",7072.50714405367
"P36415",18023.6451787941
"P36416",17854.5758126395
"P36419",8301.10394760707
"P36421",8644.63223716091
"P36422",10269.6387085245
"P36423",7596.25183115199
"P36425",7113.80640331453
"P36454",6235.37353096945
"P36619",10348.6911306275
"P36772",6018.2080507763
"P36829",4194.66751845356
"P36835",4228.41263737418
"P36838",4209.81399462794
"P36863",3324.37640006867
"P36896",6369.25428033313
"P36898",288248.513417751
"P36899",13912.605255034
"P37112",5254.86191504641
"P37115",22424.1569559238
"P37118",22413.0707257849
"P37141",5515.09027768145
"P37145",5308.87825096258
"P37157",7287.26148087392
"P37421",41120.195054519
"P37422",49390.6917283911
"P37423",49703.4172033595
"P37425",31625.1978890426
"P37426",6221.84330081897
"P37427",44465.5631387722
"P37428",5037.72494561941
"P37697",4893.53863133281
"P38347",8156.10899018374
"P38411",7626.87248000812
"P38454",9096.10691213519
"P38456",95631.6064617048
"P38457",1447028.21855449
"P38458",6191.10945458045
"P38459",39985.3074117514
"P38460",44757.3805470797
"P38462",41826.4525114025
"P38467",6816.6881347227
"P38468",31064.7941258586
"P38472",9567.54914207181
"P38537",5875.483487373
"P38567",7630.03867475341
"P38709",6377.7131125959
"P38711",8016.27889929035
"P38712",7479.80702447894
"P38713",7848.4214622523
"P38714",6783.77824267882
"P38715",7346.05942065235
"P38718",9339.02778591633
"P38720",8687.51059295494
"P38722",7650.8288770233
"P38723",6653.49772377853
"P38727",8196.23132789656
"P38729",7443.04221724927
"P38733",8267.1337992102
"P38734",9520.77430265534
"P38735",8313.31230445265
"P38737",6388.97567785095
"P38740",7672.18383659107
"P38741",20760.4584115929
"P38744",7479.7344027399
"P38745",812378.421883449
"P38753",6390.17133257276
"P38754",6769.19319507788
"P38755",9794.54086849933
"P38757",5372.66415661882
"P38759",36624.4208279265
"P38762",7838.99476252098
"P38766",8718.04700395341
"P38767",6925.03559343492
"P38768",9232.25747046511
"P38770",9974.95443354459
"P38778",7368.36425138061
"P38779",6882.02315506007
"P38780",5947.26202931535
"P38783",6091.53313131162
"P38853",10742.3702990717
"P38854",40119.9297777383
"P38855",6174.24739184432
"P38903",5875.08870151516
"P38906",40392.0061865359
"P38929",45881.3956284554
"P38930",1423283.39835559
"P38932",52404.3281210694
"P38933",52338.3051544047
"P38936",107727.722433658
"P38937",137916.897680675
"P38942",19063.8591856033
"P38943",18435.8492886522
"P38944",97972.894361389
"P38945",84345.5230278508
"P38947",134087.92210717
"P38949",77474.3719973205
"P38950",605761.216501983
"P38952",14263.6665972491
"P38953",12156.6505741657
"P38955",16755.9177639787
"P38956",17581.3320153433
"P38958",14650.0671144261
"P38959",16168.4087928698
"P38962",12823.8278705655
"P38963",15078.4611511401
"P38965",8844.41251276107
"P38969",7683.63395898443
"P38971",8191.69499827013
"P38973",9891.86948818756
"P38975",9403.52808793415
"P38977",445778.787437788
"P38978",21130.9451728505
"P38981",12982.171164395
"P38982",11915.8618660785
"P38985",12909.8606846947
"P38989",9296.88075658261
"P38990",7335.64957056667
"P39001",7620.62276331079
"P39059",7590.10213147106
"P39157",14145.3272990298
"P39310",13217.4584145196
"P39311",16430.860003899
"P39313",465785.125580699
"P39314",7681.83170530605
"P39316",9066.4926071137
"P39317",572559.050862211
"P39318",572082.354719645
"P39319",596911.098387621
"P39420",12835.969651794
"P39421",15002.9291569242
"P39422",14305.9345174277
"P39424",20672.0809132951
"P39425",25156.0763701033
"P39426",10927.2085912213
"P39427",7003.3824874416
"P39428",7314.32308720529
"P39429",5709.02349457612
"P39432",10613.7550522012
"P39433",10754.56915961
"P39434",405112.05122091
"P39435",15953.8602705243
"P39436",480125.145046319
"P39440",381161.380559757
"P39443",17197.2209371429
"P39444",425299.013890991
"P39447",12807.7377511678
"P39448",154818.56325266
"P39461",98803.9329979311
"P39463",100240.004559103
"P39464",1369544.73540477
"P39467",92479.3601995005
"P39468",54291.2457415482
"P39469",34239.9564567728
"P39470",11642.6257771875
"P39472",535816.667851082
"P39473",13852.3603943822
"P39474",13597.6715909665
"P39475",12015.1192433143
"P39476",20465.1779231802
"P39477",52388.6448074396
"P39478",76710.4572316054
"P39479",38691.234335314
"P39480",53575.0459581145
"P39481",58257.2974933147
"P39482",80795.4527149977
"P39496",47135.8060050796
"P39498",32438.7741565835
"P39499",32499.6618289845
"P39500",27592.9595656843
"P39502",51905.9120373845
"P39506",50976.0695828988
"P39507",51745.5163824561
"P39509",50051.9020239632
"P39511",14875.888343814
"P39587",6357.04479680035
"P39595",6006.63502403388
"P39605",5748.06833308546
"P39826",4460.68001313415
"P39991",9145.30630180691
"P39993",8650.54006333537
"P40009",8568.1929855577
"P40042",42018.7358035792
"P40102",5330.57501698127
"P40452",5330.17092058765
"P40455",7358.14199472862
"P40456",14181.748687352
"P40458",7056.25549724583
"P40503",7609.17380513299
"P40509",6540.02243845145
"P40526",5479.8837896013
"P40527",5392.48214984646
"P40528",5832.97104325379
"P40530",6246.8537199867
"P40531",5332.77392830036
"P40532",6556.98154953613
"P40533",5459.9275260707
"P40534",5620.28702577936
"P40537",4835.04934284184
"P40538",5024.76151404223
"P40539",4980.76822951734
"P40541",5116.33991966634
"P40552",6529.60878678478
"P40553",6405.25740792764
"P40567",4977.36912800539
"P40568",4551.53079955587
"P40569",6140.35800588125
"P40571",9193.97578714879
"P40573",6809.8058165026
"P40574",6081.71647745698
"P40575",6367.78621578464
"P40576",7339.80751669092
"P40578",6745.08585988927
"P40579",6093.13190021905
"P40692",22119.0605511094
"P40794",4130.70292069334
"P40841",5977.52961604297
"P40883",5817.75272232317
"P41060",34328.438185152
"P41457",5951.28927678688
"P41471",9380.28276335219
"P41549",318885.511362392
"P41550",317555.190709804
"P41579",290885.647527443
"P41806",6281.82110348638
"P41899",6507.34082013425
"P42005",297175.989966268
"P42049",231663.867202113
"P42265",6926.93047754784
"P42266",7278.61886347037
"P42269",7524.51162368549
"P42270",6298.30932379923
"P42271",6205.95722948491
"P42272",6858.62655460814
"P42273",11960.9964969445
"P42274",10759.4171696432
"P42275",7405.44338136628
"P42277",7864.15418518157
"P42278",6341.00857031876
"P42279",6750.56627614028
"P42280",7458.96632551295
"P42281",6269.98883499868
"P42283",6589.24064341263
"P42284",6923.32061047112
"P42285",6247.72644749263
"P42286",5954.25444935513
"P42287",6210.92092438103
"P42288",6949.9013284719
"P42289",5994.06739734252
"P42290",5573.91867956563
"P42291",6534.35990229281
"P42292",6902.76820249375
"P42294",6761.33217352708
"P42295",7005.09803404511
"P42308",9469.07168262787
"P42313",6518.49440430403
"P42355",7997.05088256961
"P42356",7313.35442578279
"P42357",7646.43293871183
"P42358",7072.69528994383
"P42359",6747.1624321542
"P42360",6790.25599636354
"P42361",11902.1843335289
"P42364",5954.57015029352
"P42366",11695.4360893515
"P42367",5353.2150354204
"P42368",5950.4316083273
"P42369",5887.84709694844
"P42370",6161.43204296924
"P42372",5171.00923155947
"P42376",5973.71034739981
"P42377",6020.80997568246
"P42378",7694.44174657494
"P42380",7305.78794071523
"P42381",5783.11866208212
"P42384",10521.416190587
"P42387",10646.3293411126
"P42389",8914.64134406008
"P42390",5663.54775441935
"P42391",6258.5251648146
"P42392",6090.68128150833
"P42402",6668.61089512303
"P42404",5879.62907960921
"P42405",5682.27810918448
"P42406",6561.09284032025
"P42408",6017.0122769423
"P42409",5899.87405096894
"P42410",5630.19503443141
"P42411",6011.49888640636
"P42412",6573.79355269283
"P42413",5594.13817363227
"P42414",5591.38717953994
"P42416",5824.04372682158
"P42417",5501.88388666525
"P42419",5470.32900263293
"P42420",5548.76660417367
"P42421",5512.28511099961
"P42427",5310.09240027056
"P42429",5255.47228885303
"P42431",6150.37335683023
"P42433",9352.2860673991
"P42438",12168.0330714022
"P42440",12558.9405901897
"P42441",6183.10687605372
"P42447",7011.17227042152
"P42451",7337.94896432824
"P42452",7669.39755296934
"P42453",7582.76885921972
"P42457",7646.66495659006
"P42462",7023.38257428729
"P42465",6964.9712231488
"P42466",7444.4706385232
"P42468",5923.55070746825
"P42469",6098.85824598948
"P42471",5624.65575939559
"P42472",7725.3742282295
"P42473",6471.43656707811
"P42475",7945.89743000151
"P42479",6617.51849292964
"P42483",7965.54536412956
"P42484",6414.96735436274
"P42485",7250.3167247202
"P42492",10367.1041469875
"P42494",7115.22757889005
"P42495",6299.88569355305
"P42496",10896.8255982477
"P42497",7413.60640162798
"P42498",7076.43161979332
"P42499",29159.9697059613
"P42500",8838.98598636104
"P42501",8272.66944406452
"P42502",7915.93520121125
"P42504",8107.73234243764
"P42505",7910.89536561397
"P42506",18116.7809907244
"P42509",17694.7488503282
"P42510",18995.1985844017
"P42515",6050.85120534816
"P42518",7524.81459396545
"P42519",8212.04091004097
"P42520",8946.7600067687
"P42522",9573.31393766489
"P42525",7129.14416485613
"P42526",10905.9871998805
"P42527",8396.76238842915
"P42529",7063.82180610624
"P42534",8739.11411902872
"P42535",20360.5411089182
"P42539",9519.6193746388
"P42541",6885.95247003937
"P42542",8069.29415527205
"P42544",6787.36804246703
"P42546",6992.26871406288
"P42547",11755.7175615568
"P42548",9816.79993394734
"P42549",6518.48218743671
"P42551",6813.44008948177
"P42552",7560.11695956156
"P42555",7335.08476530323
"P42557",7763.64298966399
"P42563",10106.4372339961
"P42564",7910.99543691588
"P42565",6023.70352285101
"P42566",5799.66422900643
"P42567",5796.77756943605
"P42568",6160.72935247982
"P42569",7207.99373497835
"P42572",8217.77929580839
"P42573",9383.41110595589
"P42574",7202.12508814173
"P42626",5700.64724531873
"P42812",3614.10421649869
"P42853",4675.17447267143
"P42913",6536.34000504171
"P43183",7613.41874099259
"P43184",298242.060425787
"P43213",324194.251323657
"P43536",7239.7706839832
"P43540",8470.67218023958
"P43595",34940.776461568
"P43745",16387.6936606347
"P43779",888805.517762286
"P43821",5564.21754967092
"P43887",524125.005244521
"P43888",10255.5213686033
"P43908",576448.345027451
"P43981",580029.309881167
"P43995",155138.448526134
"P01015",5790.71314405442
"P01017",6329.54226670021
"P01070",6261.9911422137
"P01074",19362.0378683214
"P01084",20272.3780409691
"P01107",6386.16849420616
"P01184",8045.63670441901
"P01188",88885.6822419352
"P01236",7558.95980309
"P01252",12230.928385235
"P01302",4370.68201226298
"P01341",19901.0994157717
"P01371",10276.1478283571
"P01413",3644.37754507814
"P01414",4157.61737904365
"P01416",5199.6447101262
"P01435",20031.8828504491
"P01442",79869.8047430077
"P01479",38681.0396539634
"P01484",10610.9620258326
"P01517",16006.2826349784
"P01537",85954.9709316062
"P01546",18717.28553242
"P01548",14078.9352422236
"P01579",4464.30427905139
"P01598",6316.94491230875
"P01666",5380.77147274594
"P01686",4787.58487204334
"P01705",4853.43502582209
"P01708",5162.67456592507
"P01727",15642.0840742817
"P01742",5782.60591121574
"P01745",9908.43610871044
"P01746",6201.49958242148
"P01769",8426.52094264891
"P01797",131875.759196312
"P01823",6787.5430588849
"P01826",5087.3361014538
"P01840",44484.3326734471
"P01842",46644.3166164375
"P01852",21338.9639311252
"P01913",65494.0744860131
"P01927",6120.65887288205
"P01937",5371.35826452801
"P01940",10983.7487146882
"P01951",99942.009431045
"P01960",43122.6270822489
"P01976",35415.3233872144
"P01990",6747.34248940113
"P02066",4952.88522709757
"P02088",7688.35907227572
"P02158",6214.98055025214
"P02211",5900.53417445013
"P02212",6426.57945104107
"P02230",3700.59684275798
"P02248",3427.08863227511
"P02290",42306.8127490713
"P02296",13470.0991803755
"P02328",4296.45080489179
"P02368",8173.39083482119
"P02413",5776.22904040038
"P02414",5895.51335724414
"P02415",5270.99259006707
"P02429",5379.91675771541
"P02491",5751.5255642787
"P02531",3701.6767896781
"P02595",5101.48036111111
"P02681",48756.1210006388
"P02694",6006.08862042703
"P02696",6200.5732109194
"P02698",5193.45628766287
"P02704",5037.25680870089
"P02711",8331.5233198631
"P02766",13617.2270166062
"P02784",25002.4365202693
"P02785",5414.77625768874
"P02836",29915.0206053925
"P02840",6927.23116770817
"P02847",15659.8415022661
"P02853",6323.53752505931
"P02865",6370.4040775859
"P02881",5184.03661099267
"P02927",5119.77489923973
"P02947",5355.48168357179
"P02994",4955.98018222011
"P02996",5195.45376169659
"P03040",4076.59047235588
"P03214",5908.72325349011
"P03215",6507.43678057838
"P03285",4099.49988079608
"P03334",4121.07538587846
"P03341",4283.12087491306
"P03368",23732.0120950773
"P03489",4718.68972796574
"P03494",5197.24729371094
"P03505",5178.36887178779
"P03520",51570.1378854546
"P03523",4871.04404772206
"P03576",9978.87138541496
"P03598",6993.28420321421
"P03611",24442.6205427155
"P03629",4427.3010937542
"P03644",5368.11910818348
"P03647",88957.3649087845
"P03649",4932.09492806873
"P03651",4932.95554894109
"P03660",4829.40853501849
"P03666",4942.25861468629
"P03668",4700.33544688746
"P03797",7122.9160006097
"P03878",67005.5827403697
"P03887",5043.16268881439
"P03892",15429.6217479829
"P03903",14456.5937058305
"P03914",10416.1146902992
"P03915",24663.109903893
"P03925",13119.8675237792
"P03947",5247.22632617323
"P03966",5329.32590753006
"P03975",6981.90404689068
"P03987",66884.0582646724
"P03989",78777.2733395268
"P04050",68253.7754160966
"P04054",7796.94655091659
"P04072",6483.90079184298
"P04109",3675.69924536309
"P04122",8465.13520079828
"P04126",27415.7894289789
"P04137",47234.7344234512
"P04154",4897.09811648847
"P04188",6125.22244632552
"P04211",17912.7159391442
"P04216",15235.536897841
"P04218",14579.1868553087
"P04220",15632.8120121666
"P04263",3418.65235948634
"P04276",18625.1359763869
"P04338",6882.6505397065
"P04347",3514.3433194726
"P04355",12080.7846309408
"P04360",13540.3305258633
"P04384",133672.688574052
"P04412",14744.4784929185
"P04428",5825.49929457927
"P04498",4334.40565178504
"P04501",4498.65132686111
"P04538",6265.31505942435
"P04544",6168.48747058797
"P04553",5833.44479418532
"P04694",83159.7494795484
"P04742",6198.55054223143
"P04744",11207.0321588781
"P04749",4494.85708371102
"P04832",71578.1652012175
"P04884",8129.33524248688
"P05053",8286.68487643801
"P05054",5029.69646680405
"P05067",7537.48017836536
"P05117",4014.95478977853
"P05154",5554.48290877568
"P05157",5226.85485540608
"P05158",73592.6410900286
"P05203",5925.90837505951
"P05227",133638.953492648
"P05231",7082.28006447583
"P05233",12149.7057988014
"P05260",10087.7201933707
"P05262",3537.3061913064
"P05272",12261.2112403238
"P05275",11848.7953294347
"P05279",8569.6642458097
"P05328",7932.62902696801
"P05339",3769.79144050721
"P05340",3845.19896468865
"P05346",4359.67511278507
"P05399",5611.13426894509
"P05429",5337.45749156258
"P05430",5172.69177535858
"P05462",5756.57547003038
"P05468",128965.011236993
"P05533",5555.0055412968
"P05591",5571.963740509
"P05633",9153.80156592283
"P05656",10535.3772092438
"P05668",3868.35547516592
"P05717",12322.0585915213
"P05740",4176.90204931759
"P05783",4918.41063524888
"P05798",4046.03560740906
"P05903",4107.55654620428
"P05927",66662.7124992092
"P05942",5695.9935513362
"P05952",24642.3926642191
"P05960",21074.8902089797
"P05961",93607.6549428186
"P05973",5621.47279636607
"P05974",8093.40753568315
"P06015",5307.43876721492
"P06018",9656.52952861932
"P06024",5088.6335508513
"P06040",17630.9006752576
"P06056",15322.0856055964
"P06074",19372.9024939554
"P06082",14167.570120546
"P06102",12997.3198616981
"P06148",248967.59462075
"P06229",54448.1193031333
"P06307",5264.90846049758
"P06338",6739.99821628108
"P06342",47120.5622280269
"P06349",6401.96291947073
"P06350",5367.83168681786
"P06377",119196.774299427
"P06409",11281.106672514
"P06723",8922.74997031014
"P06859",3979.51110702288
"P06905",3925.18230113635
"P07031",315877.860872308
"P07060",7471.28630129043
"P07080",3545.74119709707
"P07094",3402.84777942318
"P07153",77354.4723403204
"P07157",86131.9733442554
"P07336",32518.318212369
"P07358",4732.50852241269
"P07484",4414.27074358443
"P07622",350937.087819805
"P07652",100159.38146224
"P07719",3687.71381880493
"P08043",52404.5389349414
"P08149",3991.63067780671
"P08197",10036.7536688403
"P08198",127791.563648576
"P08210",5066.11539434864
"P08262",6938.46293213886
"P08274",6900.11179224789
"P08276",6756.94957443588
"P08304",55581.8802320519
"P08361",114170.448170978
"P08377",109617.711508172
"P08391",60097.6254464419
"P08393",105505.95805096
"P08410",45080.0252797647
"P08451",4844.39508310189
"P08485",10153.2776626731
"P08521",6780.05260604472
"P08756",286186.329995652
"P08794",7119.37572223836
"P08813",9404.40393810493
"P08827",8153.78025786442
"P08846",5694.17153215811
"P09218",7992.9561537249
"P09360",9334.72091910559
"P09394",81596.7073325021
"P09476",7189.39552843384
"P09605",11170.7171429293
"P09619",11190.0272229665
"P09639",239054.989076242
"P09703",9749.15617270334
"P09814",3517.28099450496
"P09816",15972.9257450409
"P09817",7172.79784087829
"P09967",4870.32124902319
"P09990",8018.61753693372
"P09991",8004.83781260654
"P10000",287697.632173324
"P10025",4954.31229522722
"P10031",5552.18150752981
"P10038",5705.19282793789
"P10121",398789.48978621
"P10210",101207.63212851
"P10212",164028.14498301
"P10222",163073.516558161
"P10251",5590.52336766055
"P10256",5780.20750886854
"P10330",4116.25001657235
"P10416",6576.13428378809
"P10418",9310.75625300173
"P10419",8364.72712349799
"P10422",6512.88419207057
"P10424",7211.48979572039
"P10427",6816.58715541829
"P10429",9086.04281750442
"P10433",5959.34408616705
"P10436",7092.90851128052
"P10439",312218.047121901
"P10440",347733.708869712
"P10441",4861.78465515856
"P10442",258891.966165311
"P10450",8063.84373101473
"P10492",99098.816271246
"P10548",3354.64568358893
"P10554",6212.26058158515
"P10573",4232.25689343318
"P10626",6035.39868802659
"P10627",6183.19891378626
"P10631",5513.22740873354
"P10633",6212.79163158386
"P10635",9018.30821027137
"P10638",6288.24098836981
"P10665",10964.8118180722
"P10668",8387.32376256014
"P10669",7933.65293815356
"P10677",7440.68853592605
"P10683",6284.43631742503
"P10686",8151.6287109185
"P10688",6486.31190146568
"P10689",6532.32851368958
"P10696",6928.49563591394
"P10698",308236.943863013
"P10700",8048.18686636027
"P10701",6566.2152639445
"P10702",7110.67400389339
"P10710",7282.47955653006
"P10713",10317.447523002
"P10727",124667.34086129
"P10728",11456.5713372247
"P10729",109897.220142929
"P10733",52030.0011081368
"P10737",7239.7188998622
"P10739",10396.8333523019
"P10740",9318.23038267367
"P10741",9960.88124934542
"P10746",101052.49010907
"P10765",5154.76355587039
"P10766",5493.52765089017
"P10770",5119.99912991482
"P10771",7512.60457229767
"P10772",5652.23036560571
"P10776",6378.3749988368
"P10781",5579.63605063001
"P10904",7199.87859618072
"P10910",4496.47380063556
"P10995",4596.10123515733
"P11034",11710.3629657561
"P11035",7161.5532494132
"P11036",7009.94742628007
"P11039",7140.59147188593
"P11040",62443.7425090723
"P11041",6217.55845751528
"P11047",5523.56621742153
"P11048",6633.1651881814
"P11058",9626.0045440838
"P11059",6533.43009378195
"P11061",6443.5067485987
"P11069",6192.71230525823
"P11074",5995.89859050073
"P11109",27502.4191166858
"P11130",11034.4265164932
"P11132",30498.7937853346
"P11146",6751.74549085415
"P11234",4654.10508586835
"P11238",7444.62475368854
"P11239",4472.5157932798
"P11245",5496.51445886072
"P11253",6020.6340543926
"P11254",5088.61999424328
"P11294",6140.79304099376
"P11295",5725.42937599612
"P11298",5863.56163908069
"P11310",5656.10962452314
"P11311",6279.77828530147
"P11313",285876.065730351
"P11315",5670.70686559949
"P11317",11137.5668672492
"P11319",4160.87125017545
"P11320",5575.52061027344
"P11321",5982.80861268706
"P11363",23429.6314056102
"P11430",11048.2673149261
"P11495",5284.63212977918
"P11534",14210.0052340048
"P11757",4580.49487634449
"P11758",3551.50399654088
"P11773",5616.94472662634
"P11778",4667.78956620805
"P11781",5674.42856447687
"P11784",6349.43817970423
"P11785",6130.76029151613
"P11795",6618.5542534387
"P11817",5352.15719102722
"P11855",7639.62541423795
"P11857",8132.29775682806
"P11858",5734.4281983868
"P11859",298467.692387927
"P11861",4357.66820735224
"P11866",4698.61752058084
"P11867",6195.53733938689
"P12038",3567.32420274705
"P12040",5645.59376342242
"P12105",47717.7099572769
"P12114",7693.25513953792
"P12120",5314.03795488533
"P12175",3703.12715644629
"P12235",4540.24557617459
"P12319",4986.987955309
"P12387",5254.79641079564
"P12388",4040.69185134399
"P12442",287896.013614505
"P12443",311705.754169727
"P12446",292078.909507652
"P12447",316214.563131787
"P12448",235733.461373281
"P12449",4645.62933335573
"P12451",11089.5833344166
"P12454",6261.68347325495
"P12455",6380.89314050068
"P12456",8034.17201226704
"P12458",11297.4569409626
"P12467",11485.9030203577
"P12470",6195.02161736081
"P12471",6084.4210662011
"P12474",5809.40667333213
"P12475",5310.30930620703
"P12476",302840.521852161
"P12477",11132.6263872354
"P12479",4982.04004421648
"P12480",5361.74797311602
"P12481",5525.27173692031
"P12485",6826.98469229112
"P12486",5458.13196902752
"P12489",5041.68571701011
"P12490",7470.61831169907
"P12491",7056.46860844839
"P12492",3605.06923009659
"P12521",5836.52301791822
"P12524",5656.1738870059
"P12526",5852.99684401171
"P12528",5073.44154253191
"P12554",6056.79201794668
"P12629",3682.3142749634
"P12696",11245.1810985664
"P12722",5692.6984874645
"P12746",12988.1271211917
"P12893",7510.83406417204
"P12934",4960.5220560598
"P13095",4801.42174911914
"P13100",5238.88111344657
"P13303",4521.03508922069
"P13335",70924.4770126066
"P13475",6734.81941000455
"P13626",37619.4694455327
"P13653",5531.10398926094
"P13655",4409.32054125882
"P13669",4061.69139034304
"P13756",7676.42160757979
"P13778",69743.974474438
"P13779",133417.175266509
"P13780",90547.0305992453
"P13784",159309.174279933
"P13785",7065.48478922106
"P13791",102986.28706454
"P13810",42365.3383219766
"P13891",10168.3310316635
"P13892",8689.26468591492
"P13894",9078.66874123442
"P13895",6426.81850759308
"P13900",7536.1342748896
"P13917",7067.09075438259
"P13922",4051.09598035096
"P13930",5456.53151395667
"P13935",4494.31527351423
"P13965",10792.0095200113
"P14015",4721.29209131554
"P14016",8106.82552322094
"P14017",4466.83478640881
"P14100",5465.42929699748
"P14305",5026.24033020933
"P14342",3712.04733289674
"P14358",9581.84506438629
"P14444",10089.3901698213
"P14445",10323.332745295
"P14449",4950.31462415428
"P14454",5722.30557669983
"P14456",4973.58993750061
"P14465",6817.62224882204
"P14472",6498.71555305303
"P14474",6247.8405284801
"P14551",5014.43451937678
"P14557",6956.86498509395
"P14558",7181.88272958609
"P14561",283049.424561541
"P14574",6994.14553617418
"P14579",6239.9907006476
"P14583",7566.1088545584
"P14604",4657.25979313043
"P14617",4690.2592393997
"P14658",7223.01725373015
"P14660",6241.20264111605
"P14668",3200.36281262008
"P14670",5343.46490492968
"P14671",8298.45784128224
"P14704",8105.64690619237
"P14744",5080.43569274473
"P14836",10290.4876703583
"P14949",4250.62687915026
"P14968",4817.58063893373
"P15054",4872.1523232863
"P15062",7621.93624034922
"P15075",6949.61149199683
"P15076",7275.81921227933
"P15077",5956.3254648265
"P15089",6026.72095594715
"P15092",6463.62944212356
"P15113",8642.08413985646
"P15130",6622.88486840945
"P15164",4666.76885913591
"P15173",4852.17547146315
"P15193",5342.93500847835
"P15194",10268.339895784
"P15259",6417.17396854503
"P15262",3346.66676320374
"P15266",13775.5503516499
"P15271",3787.28005622852
"P15275",7174.3282270987
"P15281",12470.1491911863
"P15301",4413.50925650921
"P15303",5120.75674813524
"P15304",4872.03748133223
"P15312",5468.95162723165
"P15315",5499.72244583706
"P15316",5619.32554754621
"P15318",6544.10049087309
"P15322",4520.10178333366
"P15323",10579.8448174
"P15329",5689.66179406238
"P15330",5892.3314233302
"P15331",283543.270361262
"P15332",10332.4405491358
"P15334",5487.21887638838
"P15336",282027.609092409
"P15408",9330.48499846445
"P15415",7659.25154728951
"P15420",7788.74535623184
"P15421",10333.2744738439
"P15425",9576.86060350981
"P15435",6627.66956889592
"P15437",5481.25596081903
"P15445",10674.3448271397
"P15448",8492.70479587675
"P15508",171000.812720441
"P15510",89124.9233719301
"P15533",8621.3809247124
"P15538",4587.21179841332
"P15704",5129.92846843744
"P15729",5297.13516004204
"P15745",395715.204929798
"P15789",3716.0807145188
"P15830",4184.67300051547
"P15857",9439.03906805333
"P15860",10142.4147804594
"P15942",8419.9260785192
"P15946",7766.48766120843
"P15950",5733.37332131989
"P15965",3882.75468926196
"P15969",4412.87745723566
"P15973",3091.95884639256
"P16079",6135.60403487804
"P16155",316939.484378722
"P16156",298558.353080243
"P16157",361605.668539362
"P16160",5223.54577169323
"P16182",5389.23136908937
"P16213",99357.1643474835
"P16228",4542.14813114836
"P16355",6659.89341313079
"P16371",5892.00514577782
"P16381",10762.3976744732
"P16382",5332.24563593195
"P16383",5888.88685640727
"P16384",5567.02484590242
"P16387",3914.94099338167
"P16388",6304.32747510852
"P16390",4898.94356872163
"P16429",4190.00591684757
"P16446",5658.9967090573
"P16470",8043.22545955365
"P16471",4478.24353972512
"P16473",4372.11415280604
"P16475",6114.4540939829
"P16479",4471.88510196102
"P16481",4166.72085516839
"P16513",36849.7356525222
"P16514",4900.60888185852
"P16561",8404.33304220576
"P16597",5405.26484880905
"P16598",4354.73468311116
"P16615",7462.39216662339
"P16628",4255.02474536544
"P16675",4440.09956128435
"P16884",4398.97751107392
"P16892",4704.49316778275
"P17003",5780.464763232
"P17008",5401.10453562513
"P17151",5525.72048056279
"P17152",10970.2874852107
"P17180",6456.05430792544
"P17220",3914.3593715622
"P17224",4773.09123174258
"P17226",9280.14392178806
"P17266",6252.32655257094
"P17318",6030.24505109033
"P17441",7280.17510629245
"P17443",5869.67348806743
"P17450",5746.46075785502
"P17497",7078.810384773
"P17506",7371.22146474699
"P17515",16720.2535357764
"P17528",4663.12565907395
"P17529",4718.12688160323
"P17904",6323.03354738705
"P17933",9235.32332087519
"P18187",4232.10697341996
"P18265",3828.81601366055
"P18314",13144.9259558211
"P18322",4862.87976167198
"P18325",5987.0426557353
"P18334",6847.86744351713
"P18354",4794.74555918667
"P18421",6122.76135708009
"P18435",8344.48998518089
"P18505",4459.95999343698
"P18588",5050.19267567699
"P18593",4402.69999528567
"P18618",11241.6909648494
"P18766",7648.92665646179
"P18847",5216.60174501464
"P18871",4643.39779558224
"P19146",6898.57186554799
"P19147",5378.06335264894
"P19263",5664.8359645666
"P19285",5669.61426850318
"P19372",4982.32158034162
"P19374",7641.20067294484
"P19429",5906.09574774038
"P19688",291495.767639562
"P19689",5544.18537397557
"P19692",5089.04158934878
"P19705",6099.95320567055
"P19707",5809.68899308705
"P19708",4955.48542950283
"P19712",6135.13550976455
"P20126",5661.62415756593
"P20128",5343.86974303624
"P20133",5212.36226029039
"P20134",6231.46805738662
"P20250",4595.15008449462
"P20357",8253.62796240662
"P20367",7462.1087332454
"P20369",7199.03219980235
"P20375",5867.37853613019
"P20419",2937.17855295377
"P20902",7967.3626249098
"P20980",4054.41544311029
"P21063",5886.64676697555
"P21093",4827.00767471907
"P21099",4688.43938047792
"P21153",7843.82182879023
"P21188",70583.4179932677
"P21190",10828.5800472073
"P21191",5334.62048608159
"P21286",5269.42668305758
"P21377",3605.69389570295
"P21380",6614.95682021447
"P21399",5591.38380084527
"P21645",5678.91263332013
"P21647",4936.32939575163
"P21774",6931.40007104108
"P21838",5149.53878469349
"P21870",8479.82605934376
"P21899",5505.20003847718
"P21900",5548.68277533569
"P21901",5611.42147465014
"P21902",5744.69089619041
"P21903",5883.27097451484
"P21905",6008.07473801746
"P21912",8096.72528411666
"P21916",7250.47371413052
"P21918",7469.15192198367
"P21922",8441.20429161287
"P21923",8047.50901415177
"P21926",6448.57524571784
"P21927",6552.27393424487
"P21957",6902.04543866573
"P22034",6956.29759460516
"P22656",6172.90058143488
"P22658",5773.33130115745
"P22673",6151.66615783698
"P22679",6291.85034162722
"P22680",7417.02302693608
"P22681",7781.46584710728
"P22683",6684.88475855449
"P22684",6149.92442529689
"P22687",7846.79538768112
"P22688",6928.75490796071
"P22897",33384.2618030832
"P23151",5928.80955321965
"P23154",7272.63741251652
"P23156",11232.2405135715
"P23241",5491.85370063781
"P23261",4487.3512250341
"P23328",6306.72022431618
"P23444",13220.8565624004
"P23521",5448.12863073677
"P23550",6979.24717607563
"P23720",6445.8583662473
"P23733",5964.12617879389
"P23839",9731.41517001824
"P23861",7151.68627067907
"P23931",4960.60612839693
"P24016",7868.22163565738
"P24132",6607.93567754388
"P24351",4530.93224689262
"P24493",5217.73158949852
"P24551",4851.09445830487
"P24747",5421.08278471941
"P24748",5084.46064981537
"P24758",5110.30326148714
"P24789",7332.72529935558
"P24831",5010.77811786541
"P24870",7252.30631696356
"P24906",4795.58558070623
"P24911",4874.77654684125
"P24922",9636.60876111073
"P24957",5414.97775025507
"P25015",52925.4075792288
"P25074",8101.92391818968
"P25148",6392.41295985059
"P25154",5959.69103599545
"P25191",5486.75136356912
"P25225",6938.85143663661
"P25279",5139.21591459871
"P25419",5890.66196305466
"P25423",6226.78353059794
"P25425",5697.05353367028
"P25426",5996.60631983454
"P25485",4905.4008765762
"P25487",4995.4120449667
"P25502",7186.52087877535
"P25691",5438.18292053586
"P25693",5467.40993943101
"P25979",5551.81621437481
"P26047",4982.5497836431
"P26383",6468.48871127531
"P26393",4383.12810697461
"P26439",5947.689935201
"P26461",5739.46397157272
"P26540",343498.116425995
"P26574",5306.43268652301
"P26684",3725.58819557519
"P26726",4405.70477895197
"P26729",3489.29307765323
"P26732",3583.8744318105
"P26734",3683.84237185384
"P26778",4256.70129358535
"P26807",3382.47708469461
"P26863",4724.13213036299
"P26973",5928.18492030934
"P27048",9090.44202761012
"P27153",4046.42808918552
"P27174",4094.79581666627
"P27212",7035.19999842969
"P27218",6747.96060748364
"P27229",6912.20029451503
"P27241",6244.94430095131
"P27242",4919.61800615184
"P27295",6590.5547285773
"P27296",6668.62505639219
"P27299",6011.26414514729
"P27340",13974.8323856112
"P27410",6681.46147181609
"P27414",10156.3087109028
"P27416",11556.317135206
"P27504",5057.26916400008
"P27508",10962.3956381067
"P27516",7443.21315483411
"P27517",6643.69592546681
"P27518",5652.74120962638
"P27519",3820.73262350911
"P27523",5978.34653501864
"P27545",5819.57157054822
"P27547",3584.48518723676
"P27553",3458.51754126583
"P27555",4106.65539032214
"P27560",5033.66498278689
"P27561",5052.53428096323
"P27566",5945.31807120502
"P27577",3687.47309313025
"P27580",3370.55122949233
"P27586",3350.52612558282
"P27587",2782.2437382828
"P27590",4775.05332766392
"P27598",8364.08770106768
"P27600",8364.11489300789
"P27607",5321.37255810657
"P27609",4658.99628244072
"P27620",6528.48239079913
"P27627",4930.60064903476
"P27628",4770.52331136375
"P27645",46251.7486640389
"P27648",7310.89213275267
"P27649",7508.93586097836
"P27723",6357.77245891237
"P27734",10807.0650224412
"P27801",7848.4304692854
"P28236",209738.043465724
"P28239",6080.72935823605
"P28241",121885.609859363
"P28242",85880.3759717277
"P28246",7118.58571350963
"P28253",7603.476295239
"P28254",5875.12413773361
"P28257",5780.3169787855
"P28302",5345.92404493377
"P28303",4877.48481519365
"P28304",4907.28085505234
"P28389",12915.4910287351
"P28416",5626.3377562329
"P28472",5259.60129728464
"P28488",5941.06192482242
"P28526",7528.45253932766
"P28541",10231.5078205757
"P28707",70867.0627653829
"P28714",6717.71227054469
"P28732",6093.43087393399
"P28740",9790.63177806701
"P28776",7878.11258492568
"P28859",5954.88010367972
"P28862",6845.3954665693
"P28877",7572.64982960903
"P28878",6517.42213947236
"P28882",8718.30979995202
"P28883",7898.15089120376
"P28884",7011.08433191429
"P28885",305628.218691289
"P28886",292930.04558939
"P28894",6083.38049300524
"P28895",5707.25106514691
"P28898",6095.8762850068
"P28900",6035.0846945026
"P28902",4594.72068628934
"P28905",5284.01014644332
"P28908",272366.91476408
"P28912",5091.9217007658
"P28919",6701.73743759026
"P28931",5664.27116353256
"P28935",5582.12590100284
"P28937",6918.21884544696
"P28945",5255.116945272
"P28946",5310.30574736813
"P28947",5494.91639162324
"P28948",7968.48432350294
"P28951",5457.52839766422
"P28952",5759.11307424813
"P28953",5922.29680098142
"P28955",3629.397191567
"P28961",6388.56556069238
"P28963",4477.87933511349
"P29034",7876.00613763357
"P29041",8978.40493071451
"P29043",7013.47946574856
"P29047",6801.87543632617
"P29064",5076.31766421406
"P29066",5187.20798330433
"P29073",6891.68355734421
"P29083",11458.2978385325
"P29087",12768.3925974874
"P29101",4630.17162357255
"P29104",5030.59888956315
"P29106",4655.79731631482
"P29107",5821.8594445829
"P29173",3514.57997548796
"P29193",3852.15412937413
"P29211",10663.6604894275
"P29214",5092.85568831522
"P29217",4386.45920466042
"P29244",5278.15638553401
"P29256",5258.24649989341
"P29269",7692.71905290654
"P29293",4984.92641251988
"P29295",36520.6871313028
"P29344",4737.6037827783
"P29345",4732.43503537776
"P29393",5870.33804640963
"P29432",14950.8100368458
"P29446",8458.44705030154
"P29476",8230.58841037283
"P29482",15853.1898147713
"P29490",5303.74518410636
"P29496",5446.5808853528
"P29505",6145.72858524002
"P29524",9796.27480429107
"P29530",4421.66857270844
"P29605",7667.28232149173
"P29733",6504.19279468973
"P29770",6148.31777869937
"P29778",5683.34306480695
"P29793",5782.64804315032
"P29918",360152.155932812
"P29982",7951.74893179952
"P30033",3273.68710069135
"P30036",3474.63699622688
"P30038",6998.50936284379
"P30039",6020.28143867283
"P30040",5187.83096138425
"P30043",5653.02285437661
"P30047",5424.5958724095
"P30048",6393.85587947694
"P30049",9210.13111980717
"P30096",6414.53267193692
"P30261",10465.2240328807
"P30286",6190.72378788882
"P30301",11487.8413645542
"P30331",7009.58519313503
"P30462",5872.1849206241
"P30469",5277.34922990798
"P30471",5033.26558733055
"P30474",4231.82875783791
"P30475",4389.3200863381
"P30480",4895.78865924107
"P30481",4423.81142300842
"P30485",4072.34762977596
"P30487",5002.09313532179
"P30491",7257.80118075209
"P30492",8495.71455101133
"P30493",9147.95621081972
"P30494",9577.3257841013
"P30500",9647.61711792965
"P30501",11808.4718792838
"P30506",9079.2595441674
"P30653",8235.95907902271
"P30746",3987.72992585547
"P30776",8117.89450599769
"P30809",4159.06809419926
"P30871",5031.08199718533
"P30880",4311.19344346649
"P31178",5492.76437009319
"P31338",8960.7777387037
"P31339",5242.84248811917
"P31367",5328.62838247988
"P31370",8197.25482402797
"P31444",5064.76861279272
"P31462",4311.38387920068
"P31465",5833.50848012774
"P31503",7438.00351164938
"P31612",364677.198377179
"P31636",86214.2453885633
"P31638",70992.2375290373
"P31643",5798.40029344492
"P31648",6315.08999998228
"P31715",5835.24045778631
"P31770",4801.06360407507
"P31810",4579.46878287952
"P31815",5130.69408889809
"P31816",40890.0696084119
"P31818",5143.71971776457
"P31848",5153.84803919935
"P31880",4403.37223017824
"P31918",490439.527666023
"P31930",5492.31598088832
"P32231",29101.0224878302
"P32310",92746.2116083453
"P32367",8721.12426496988
"P32444",3923.59630639773
"P32686",8036.18955308163
"P32687",411687.51124267
"P32783",4489.44799727347
"P32925",7469.99207033517
"P33324",11887.1402773728
"P33542",6267.0972259561
"P33584",16851.1247959752
"P33807",6225.70424434562
"P33832",5701.28080921659
"P33850",6105.07812702724
"P33856",510565.626579858
"P33927",108608.426173257
"P33935",116640.170421126
"P33936",108321.284726328
"P33942",53125.08123221
"P33973",293566.174422439
"P33974",43932.8414907208
"P33976",9072.47690792906
"P33982",62780.6255163278
"P34142",6288.24941675999
"P34143",7121.46153006821
"P34145",5961.29790208237
"P34146",5418.17897606045
"P34147",5430.8964809785
"P34148",5230.97253053276
"P34190",6744.1252494201
"P34192",6551.17921167367
"P34227",7925.41652362956
"P34259",5141.17512236153
"P34280",4138.72753157199
"P34281",4304.13490442617
"P34288",4996.20628933655
"P34391",4521.20914190116
"P34393",4550.66150960767
"P34394",4538.34895109461
"P34396",4527.5769207109
"P34397",4691.57227319561
"P34398",5251.47459360574
"P34400",5275.75912487955
"P34401",5176.15557603647
"P34402",5269.95404832846
"P34403",6202.89948362899
"P34404",5792.50565640181
"P34406",298467.70932963
"P34407",294722.565775611
"P34408",6729.91307665961
"P34410",5169.89266710244
"P34414",5263.93373468743
"P34418",278272.994810811
"P34419",4973.96815784972
"P34421",5811.62433156328
"P34422",5011.84474458619
"P34425",4878.44673270562
"P34426",5180.61631588168
"P34430",5923.20342936832
"P34432",6046.75126361845
"P34433",4692.21241523283
"P34435",4419.13526805931
"P34436",4407.35673044567
"P34437",4650.15602531468
"P34438",5534.91207446427
"P34440",5137.86674597405
"P34442",4555.4211487067
"P34443",5121.99176002334
"P34452",9215.21173500066
"P34454",4783.58123644482
"P34455",4958.76782240297
"P34456",4604.81974126429
"P34458",184852.026135454
"P34459",299498.202258251
"P34462",5157.54379515377
"P34463",260703.144831519
"P34464",5855.76260355087
"P34465",7237.96110670307
"P34466",4274.28993422112
"P34471",5992.17286013762
"P34515",5335.26579199812
"P34516",5778.4277098967
"P34521",6189.69278035107
"P34522",4706.46392498655
"P34527",4831.77219939333
"P34528",5790.55784875453
"P34529",5299.41870811756
"P34562",4498.12084103896
"P34629",5018.13180661477
"P34723",4514.09220300359
"P34760",184404.024664563
"P34854",6189.1017958999
"P34856",6433.06673216927
"P34857",6524.31925488954
"P34870",7550.04918184765
"P34879",5116.03927975451
"P34889",5455.88369328884
"P34891",6354.62754899031
"P34896",5431.44584360975
"P34898",4949.85793431893
"P34899",5081.68864966081
"P34901",5340.33078932886
"P34902",6069.13493064512
"P34959",5421.31762738607
"P35002",7000.05835699131
"P35040",5079.97070366546
"P35078",12263.8765133935
"P35081",23846.7885075074
"P35098",59989.2275017743
"P35167",7339.65850046947
"P35169",7306.62941701443
"P35171",7331.5526094536
"P35238",186609.094213362
"P35275",218194.210992409
"P35309",7117.83278724232
"P35312",8554.7564894446
"P35313",6917.92109306723
"P35317",6882.50710864478
"P35318",6973.98795644294
"P35321",7451.93635221699
"P35323",7705.7824621118
"P35325",8851.73294576984
"P35327",8718.15974268009
"P35328",8046.47246370244
"P35330",53500.8318934446
"P35334",7102.36170023758
"P35335",8712.26614813134
"P35336",7220.37948689998
"P35337",8965.32326655844
"P35338",7611.14521357898
"P35340",7421.31782469584
"P35342",7338.47199797766
"P35343",8314.44758267747
"P35344",7535.36705930866
"P35345",7372.36492073285
"P35346",55803.9556437628
"P35348",7309.99478245865
"P35350",50402.0770483051
"P35353",55397.4905087727
"P35355",55247.2907660805
"P35356",52179.2330740155
"P35357",57902.7641843194
"P35358",57592.962262841
"P35359",53180.4728817815
"P35360",61084.659673628
"P35361",56109.8281069142
"P35362",7908.05918657706
"P35363",53761.2775591364
"P35512",57535.1146610834
"P35513",8115.62145934071
"P35514",56519.068300938
"P35515",49734.7074929886
"P35516",52770.2530502908
"P35518",53398.7527731626
"P35644",72627.9513742782
"P35972",4436.18271877151
"P35973",321395.772161814
"P35974",317307.723688682
"P35976",4683.04917154383
"P35998",344561.298687126
"P35999",4608.91502308085
"P36005",4634.04842531521
"P36007",4218.89740457447
"P36008",5108.95391191145
"P36009",4484.83113051933
"P36013",287223.856187196
"P36017",4798.64359307606
"P36039",6000.10881636803
"P36100",7916.21859853023
"P36165",6707.55386256997
"P36183",5199.48609398902
"P36184",5260.78985048785
"P36199",4790.45424306842
"P36232",5755.74203060625
"P36250",3945.97495699683
"P36268",4673.13019919697
"P36281",6000.43288297635
"P36370",3574.7877772773
"P36371",6212.82197653023
"P36412",7648.2015758826
"P36418",3809.88684766604
"P36527",4116.35276606103
"P36529",5386.12694101813
"P36567",4954.66884932288
"P36636",4622.05493695117
"P36671",68542.1056895812
"P36707",37325.0656043897
"P36708",27035.4794304118
"P36710",26132.3099335315
"P36724",5754.34320026135
"P36770",5805.98853105601
"P36840",6149.60208615628
"P37038",36197.751143591
"P37059",5878.94818378985
"P37114",8393.97761177852
"P37124",5487.6971779733
"P37131",4353.74204446562
"P37270",4158.91021300582
"P37286",5451.30329723797
"P37290",5467.03658909209
"P37291",5637.38079071798
"P37292",6617.3765337817
"P37295",5219.70020688613
"P37297",5301.69142061722
"P37298",6096.14297763712
"P37299",357051.391989713
"P37302",6627.86430067846
"P37303",5515.83343314767
"P37304",5798.81609598944
"P37305",6760.58510819545
"P37306",6559.41500439619
"P37314",316627.310494605
"P37317",283379.509930775
"P37319",5766.84023057582
"P37322",5693.54707535201
"P37323",5455.30862012438
"P37326",5741.97439742068
"P37328",311283.405092816
"P37329",6625.83024395995
"P37330",6151.81894082803
"P37360",5316.17305214555
"P37362",276919.49856214
"P37363",5273.01045969089
"P37366",5458.30422016565
"P37369",345847.907494821
"P37371",5088.96167270477
"P37372",7752.15966313749
"P37375",4369.20819970298
"P37376",362381.266741073
"P37377",4263.2794095775
"P37378",285089.500941003
"P37379",6579.12401774965
"P37381",294669.391748244
"P37460",7794.44966037398
"P37513",6577.74972891077
"P37562",4998.86427591803
"P37563",308787.909126139
"P37564",5448.12420449854
"P37566",6555.68500707374
"P37584",299322.621010054
"P37585",5433.34118394223
"P37586",5847.74727055476
"P37588",4952.74286646034
"P37589",6208.44215107876
"P37590",5591.4374342916
"P37591",4837.9956978681
"P37593",6289.09418663959
"P37615",4877.4300938449
"P37616",4823.43947468067
"P37618",4575.26002364462
"P37619",4774.04145621438
"P37635",300870.603828441
"P37637",4999.91088561203
"P37638",4991.45212084932
"P37641",6105.82268922064
"P37642",5615.4188339237
"P37644",4873.18130199529
"P37645",300870.603828441
"P37648",327837.603281071
"P37650",305580.249291966
"P37651",301642.788212947
"P37653",303956.013090251
"P37654",274855.658878421
"P37657",4829.67893454365
"P37658",4877.37797989137
"P37660",6043.55501621428
"P37661",5433.81292397487
"P37676",6109.6719183716
"P37677",6148.97196470915
"P37680",5595.92374373636
"P37681",6047.9466146307
"P37682",8683.4080528957
"P37683",5146.19297691257
"P37684",5465.19682114007
"P37687",5025.93900286904
"P37689",5676.22383935259
"P37757",4296.17437097934
"P37765",5208.3872719256
"P37768",284264.690537816
"P37770",322880.421438462
"P37771",5863.03118465171
"P37772",321342.261055172
"P37773",242137.64195984
"P37774",5712.72094319218
"P37775",288761.652266929
"P37778",239184.145435565
"P37782",289155.87551657
"P37784",268974.30757088
"P37787",302750.065948441
"P37790",300870.603828441
"P37792",5362.88405788948
"P37794",302044.554795447
"P37795",318173.144208628
"P37796",288972.956365766
"P37798",301422.428981285
"P37799",5880.60513322917
"P37801",7232.57303043762
"P37802",5514.11989022645
"P37803",4542.27226861618
"P37809",6093.50986715742
"P37810",263879.424657332
"P37811",4716.72190429003
"P37814",360762.982718564
"P37815",360762.982718564
"P37816",363302.982005601
"P37827",5257.60044843011
"P37828",5125.58722090657
"P37842",4342.15994293634
"P37843",6189.72729187234
"P37849",5005.76882682464
"P37853",5466.75292911724
"P37909",6169.40222926349
"P37952",40062.5540369241
"P38217",550213.985261446
"P38238",4939.64437089335
"P38329",7727.06370319934
"P38333",7915.0333823977
"P38361",4732.26051075264
"P38364",4804.18834107595
"P38377",4900.04510927135
"P38404",5390.52189098741
"P38469",6183.52077322483
"P38470",9289.61759149696
"P38473",10104.2442462824
"P38474",6822.51071956561
"P38478",5603.19302539812
"P38504",5682.50426374695
"P38576",5361.72718291866
"P38580",7478.85790362051
"P38644",5313.25943760546
"P38706",53027.946228431
"P38707",52960.2209647444
"P38721",5823.68584603616
"P38732",8054.93158899911
"P38736",7943.11271951038
"P38738",7142.60034966142
"P38746",9464.06463186725
"P38748",6403.93951701388
"P38749",36495.0712771904
"P38750",8628.57255533346
"P38751",6937.45973145452
"P38756",4844.32882282592
"P38758",5812.36104791307
"P38765",7077.70621818308
"P38769",7081.66280814793
"P38776",5341.80473705068
"P38777",5882.19305995932
"P38782",5456.76936624023
"P38797",9427.03597290041
"P38845",8353.56210380305
"P38961",7468.84896506663
"P38986",7456.9843075294
"P38987",4473.05121892478
"P39061",6786.52253575248
"P39141",237292.941272857
"P39146",4450.57822652767
"P39153",4822.1607988742
"P39161",3959.18143561203
"P39162",3947.34986075464
"P39285",5918.90862884006
"P39445",7285.64946306217
"P39535",50653.5638984503
"P39600",5497.37047517512
"P39620",5202.46218234391
"P39633",5633.54523730118
"P39645",4132.91544100917
"P39646",4123.62295283456
"P39647",4130.35359892325
"P39748",4839.37006640925
"P39753",4575.95800787161
"P39764",228267.915001203
"P39777",5328.68709226224
"P39781",5015.67719065238
"P39786",11713.0675733701
"P39787",10243.3912095386
"P39797",4189.6449842983
"P39798",5205.23368306028
"P39806",5252.11209586215
"P39809",6220.59548139048
"P39812",4861.82768682936
"P39813",5096.57368224238
"P39818",7142.42305188184
"P39820",5291.27937473856
"P39824",5128.0830085484
"P39834",6344.53192744541
"P39835",6524.32349144244
"P39836",5163.16449741591
"P39841",5273.728905287
"P39844",5612.46899158208
"P39863",5920.87339728049
"P39928",7025.66295562885
"P39937",55032.9753615864
"P39940",59986.0325322216
"P39943",9773.56135434397
"P39944",8136.89597023111
"P39945",7601.87311135196
"P39949",52151.6047285754
"P39951",52410.2793065992
"P39968",60314.905398161
"P39976",56385.2072219553
"P39978",59823.8763586417
"P39980",59971.2220680323
"P39982",58802.5226815014
"P39984",57773.9846780634
"P39988",58641.6188793957
"P39990",12364.4891286646
"P39992",9870.89891063631
"P39994",11955.4346795967
"P39996",12380.3356809177
"P39997",11389.1141707371
"P39998",12958.4277388585
"P40000",12187.5680413186
"P40002",11914.0980258603
"P40007",12448.0753951455
"P40008",10128.4444278947
"P40010",12267.2197861172
"P40012",11914.1900031922
"P40018",12085.7933022439
"P40019",58186.2697457162
"P40103",7579.18580463712
"P40104",9286.38388533295
"P40105",9566.21201740441
"P40107",9234.57800371974
"P40108",7142.40726372488
"P40109",9134.08754150906
"P40112",32905.4874567708
"P40114",8448.15963139378
"P40116",7433.94568114279
"P40117",33006.0379003253
"P40118",8855.78146087252
"P40122",8303.68431418943
"P40124",7891.21325644124
"P40126",7850.0933319185
"P40127",59568.7153903361
"P40131",7352.61332662075
"P40132",6538.36413406138
"P40134",8165.10304250782
"P40135",7723.23505980776
"P40137",405780.277901046
"P40138",5974.07698997643
"P40140",6976.55259927218
"P40142",6928.31950357366
"P40143",6748.68932041076
"P40144",7219.95519407993
"P40145",7360.2835262138
"P40146",7299.8144417966
"P40148",8340.14514863849
"P40150",7827.83447881676
"P40158",8884.12268961038
"P40159",54549.5592197148
"P40160",6568.06494066485
"P40161",53194.0799717112
"P40162",178653.26044405
"P40163",179232.36155405
"P40165",7989.45921906982
"P40166",7154.52598131972
"P40167",7849.80643464171
"P40170",7010.01599192195
"P40171",6552.02048604271
"P40172",7781.66329333484
"P40173",6454.95601356114
"P40174",8142.87969278027
"P40177",6602.33230272667
"P40178",6454.74490427782
"P40179",6507.20973095291
"P40181",7681.64176868867
"P40182",7419.6309254935
"P40183",7074.33568728887
"P40190",7082.12413137961
"P40196",6311.6212410924
"P40198",6208.46067632534
"P40199",6819.21192523497
"P40201",6320.36084574021
"P40203",6436.1281081468
"P40206",7941.94239194109
"P40218",5781.0591322899
"P40219",5684.14660683375
"P40220",6026.0796168599
"P40221",5389.85561012128
"P40223",5521.60669207572
"P40224",5170.14999304155
"P40226",5091.08734755866
"P40228",4904.48230445366
"P40229",4846.38666426269
"P40230",4880.79690430603
"P40232",6627.79846544702
"P40234",5851.85567537647
"P40236",6427.75621933599
"P40237",6472.72851498145
"P40238",8799.26252629161
"P40240",269869.241342212
"P40241",7161.98675072277
"P40243",7755.54298540152
"P40244",8505.91705346739
"P40245",8145.57015436891
"P40246",300097.047287761
"P40248",8176.50500430984
"P40249",288822.111215737
"P40251",7071.34770874982
"P40252",263572.61541507
"P40253",6986.09199599544
"P40254",6858.14192901698
"P40255",7278.95117637849
"P40256",6817.93648750367
"P40257",7054.30184242548
"P40258",5615.77693214186
"P40259",5611.34017345025
"P40261",257464.536152631
"P40262",8671.18225049854
"P40264",7645.91162546452
"P40265",7580.45475812674
"P40268",7324.61892432235
"P40271",6595.30414188358
"P40273",7600.10289107341
"P40274",347728.980651314
"P40275",337284.830997472
"P40276",7586.19564677073
"P40277",8603.12995217283
"P40278",207179.969608397
"P40281",8452.09905817364
"P40282",6835.81751932694
"P40283",349039.673496729
"P40284",7595.80883778444
"P40285",8544.59197683375
"P40289",7611.8084795192
"P40291",7843.42561335233
"P40293",7043.0693011077
"P40294",7383.85709132632
"P40295",7628.73664337875
"P40297",7259.1862372822
"P40298",7701.16597490887
"P40324",7344.89406940796
"P40325",6647.91345475055
"P40326",6662.10456198276
"P40328",6546.83599865202
"P40329",7083.06456311961
"P40331",7016.24236943408
"P40332",6743.19842194671
"P40333",6366.74049390529
"P40334",6969.47484379509
"P40335",6885.20994283868
"P40336",6326.51462261853
"P40339",6290.91020189872
"P40341",5205.78570799057
"P40343",7471.96562881139
"P40345",8882.48182124576
"P40346",6875.62983693787
"P40348",7065.52024615929
"P40349",7208.83496209103
"P40352",8265.43510295956
"P40358",6391.35542361606
"P40361",6140.61202469281
"P40363",6131.24981946952
"P40365",8106.4293097216
"P40366",6209.58281241983
"P40368",6185.04566953863
"P40370",5472.78513286034
"P40371",5059.52497012042
"P40373",5512.66653848173
"P40374",6652.53462645122
"P40375",5347.74411632527
"P40376",6673.82043827645
"P40377",6399.02273129755
"P40379",6488.75989663453
"P40381",6488.62082927362
"P40383",6587.91663894029
"P40384",6293.76294203231
"P40385",6072.51897997517
"P40386",6259.89699984078
"P40387",6140.01035366528
"P40556",6706.31406296257
"P40563",5670.59916839987
"P40601",6752.58647322073
"P40618",5383.61556475191
"P40627",12514.3219711552
"P40657",6832.73571397974
"P40658",7020.21676135874
"P40659",6711.45306933549
"P40660",6521.71454242826
"P40662",6921.20557815084
"P40667",5704.41407016067
"P40668",6295.60810950689
"P40669",5880.03269441787
"P40672",7957.10949377168
"P40673",8103.4530564091
"P40674",7804.66748515974
"P40675",7893.41588538262
"P40677",9114.17887964351
"P40688",5155.21624110966
"P40690",5904.67195328226
"P40693",8517.78793405836
"P40694",8917.88297163326
"P40697",19464.5112965062
"P40698",6436.85962253596
"P40700",7360.5070787272
"P40701",6984.03501406103
"P40702",19890.0366637461
"P40703",7537.1245755324
"P40705",7663.50700607958
"P40706",7564.86222262776
"P40707",349134.262961243
"P40708",454882.895482236
"P40709",6995.04639840107
"P40711",7016.22646387112
"P40714",6947.56831339988
"P40716",6999.87072833004
"P40719",7095.74542393809
"P40720",7223.60879625564
"P40721",6348.53185428962
"P40724",5030.04102656304
"P40726",4844.29429396089
"P40727",6250.60710506762
"P40729",9641.01311770239
"P40730",9475.3989803628
"P40731",289503.509764902
"P40732",6060.43879447184
"P40733",309937.991259417
"P40747",6820.8454092005
"P40749",6796.48922382245
"P40757",6451.81696231121
"P40758",6265.89668838233
"P40759",5130.5050751023
"P40760",6116.70505660098
"P40763",6003.93742129218
"P40775",6750.16433282208
"P40776",6325.2840480956
"P40808",331151.331386242
"P40864",4769.48728910023
"P40880",7669.25497779065
"P40881",5758.85613808267
"P40890",5810.22824046566
"P40914",5141.35095847907
"P40915",5138.08501286015
"P40929",4454.15466997081
"P40955",7254.11470995068
"P40966",52271.8365967672
"P40967",37851.1520550765
"P40968",54110.3417428373
"P40978",7281.91042737075
"P41086",31937.4634370279
"P41090",26455.9143660143
"P41156",5346.14682659438
"P41185",5404.33328112919
"P41232",285696.777556291
"P41234",94400.6861492879
"P41235",94400.6861492879
"P41240",7235.42136792734
"P41241",7062.90749775032
"P41243",6813.43276642106
"P41246",4781.19152763552
"P41249",8011.59872535917
"P41262",5301.47507188298
"P41330",5613.43025225902
"P41331",5592.99782118835
"P41334",67242.6311812229
"P41335",79072.9588998433
"P41336",5272.52201659321
"P41338",5382.98269690136
"P41340",6242.67181388836
"P41343",4879.771885284
"P41344",4363.42959956755
"P41345",6798.96338913964
"P41347",271705.833801405
"P41348",7112.85073046926
"P41354",6442.1856913058
"P41356",292140.229851763
"P41357",7735.30748155085
"P41359",6495.29259911045
"P41360",6723.29173467485
"P41361",6307.77049983327
"P41362",290920.136344273
"P41374",24231.8609641631
"P41375",24253.2668836072
"P41377",24266.3675895275
"P41382",62381.8579604942
"P41408",5028.18542034328
"P41429",6387.09650262745
"P41434",6363.52696108536
"P41437",6446.04499368064
"P41439",7156.40276666873
"P41442",8804.00971378503
"P41470",6782.80494492677
"P41535",11630.904999648
"P41593",7897.05568683001
"P41596",5535.27160039261
"P41613",4790.11212924851
"P41715",6114.88786014667
"P41741",5919.90367083266
"P41756",4578.18579365462
"P41764",3802.64442039095
"P41769",7215.19330066552
"P41812",5560.92069259318
"P41816",5423.10326624298
"P41830",5152.7237276398
"P41849",6237.1317718652
"P41851",6083.93452661674
"P41866",4627.69013990597
"P41872",5753.20868471156
"P41873",6636.00361894954
"P41875",6615.73379775332
"P41876",6191.98430905736
"P41878",6271.06697435994
"P41890",5192.31710576408
"P41893",4885.20559401691
"P41925",4635.97490926484
"P41926",4664.85508703795
"P41929",4702.75793810529
"P41930",4793.42465008106
"P41932",5650.55135353487
"P41935",5865.18676175456
"P41937",7463.92225334034
"P41939",5193.58697433804
"P41940",5230.12560125904
"P41941",5159.18850239942
"P41947",4888.78873378623
"P41949",6692.77796151661
"P41950",4746.74502878584
"P41951",4699.29682888853
"P41953",6712.32460393841
"P41963",11974.6634836506
"P41965",6032.55400052157
"P41967",5948.26951732193
"P41968",25298.121271783
"P41971",42649.0813890806
"P41973",11343.9744697097
"P41977",4672.81513843304
"P42030",5245.38905406029
"P42046",6234.67362650957
"P42100",290546.359702451
"P42104",59612.6660999966
"P42235",340380.33652357
"P42300",5077.39108848843
"P42329",4737.67019363043
"P42354",3875.96389955519
"P42418",5703.76089314433
"P42430",6587.99706347522
"P42432",287748.964253106
"P42434",6945.70973598601
"P42437",8602.69179422473
"P42439",8245.08685977621
"P42444",6427.41506287132
"P42445",6462.29615846136
"P42446",5463.0741113507
"P42448",12516.3221590794
"P42458",9576.06168038383
"P42459",6491.59771861078
"P42460",7445.49688557607
"P42461",8425.81816593356
"P42463",5233.92745369687
"P42470",12063.265818305
"P42480",9384.93889662347
"P42488",3516.53425079363
"P42489",4703.27312686726
"P42491",8951.17357574523
"P42493",6066.94535041136
"P42503",4023.44390351645
"P42508",4568.29187452387
"P42514",3482.98972088073
"P42521",6572.9304150327
"P42523",8505.50915332177
"P42528",8367.06836700505
"P42530",4259.3606802651
"P42531",8496.17246246055
"P42533",4185.06247022612
"P42536",3788.98992147347
"P42537",5151.67291620638
"P42538",3816.89334828492
"P42545",7881.77008887621
"P42554",5431.63079577883
"P42556",5102.04725628538
"P42558",4833.4442168211
"P42559",3942.34786163317
"P42560",3793.57572832775
"P42562",3854.02145720831
"P42570",4495.65946154929
"P42575",5676.96111732063
"P42578",10808.8156293534
"P42586",4078.2935361626
"P42706",5740.16365266617
"P42721",63854.6931148113
"P42793",6237.68491202871
"P42794",6154.40563037069
"P42796",292838.827686447
"P42822",6276.68410450367
"P42824",6413.81561980286
"P42855",4681.84759091668
"P42869",4584.75048205271
"P43033",9170.0047267027
"P43065",318743.809509596
"P43090",58786.1232433397
"P43132",6275.02261002031
"P43186",5979.80919907612
"P43187",346154.904143437
"P43391",5922.59033048686
"P43480",7286.76011120516
"P43517",254457.570487092
"P43639",109245.616986423
"P43710",48509.261163966
"P43804",164803.934022231
"P43808",6522.97546421637
"P43824",3942.57369652372
"P43849",5705.62125552493
"P43850",5649.5033268768
"P43906",4661.77699601417
"P43909",6902.34129581387
"P43916",79478.1295841686
"P43943",4802.2452764074
"P43946",4893.93341421466
"P43979",5718.40547983843
"P43989",6975.76002642691
"P44020",16484.4752210027
"P44024",15107.7756067453
"P44027",6262.39787848371
"P01033",8730.4919035437
"P01063",7663.09813490487
"P01079",7733.31410802178
"P01106",38104.8392308684
"P01156",4894.78067082096
"P01162",5735.41005263467
"P01197",4192.25162704211
"P01206",7243.10021729027
"P01239",4456.69623867536
"P01303",5802.22437177985
"P01314",36103.6108614364
"P01315",4756.52334738415
"P01332",6552.92023360944
"P01379",5010.14421072608
"P01443",4558.74047496857
"P01463",38351.960464356
"P01502",58053.4076981775
"P01510",3779.11114078654
"P01576",4721.00763633708
"P01623",4465.31421874508
"P01626",4207.0257664208
"P01637",4057.28679267964
"P01638",4889.51827594792
"P01648",4294.72151492596
"P01664",53851.528647513
"P01667",4295.23113598405
"P01718",6570.38150720892
"P01741",88068.2968770413
"P01749",3882.58467491006
"P01753",3588.39550219203
"P01757",3685.15098751425
"P01766",11570.8343956986
"P01770",3643.16841543567
"P01776",4027.37430193836
"P01812",9156.87188765488
"P01816",5348.9327163451
"P01841",48721.5252537589
"P01844",7456.174977419
"P01859",8490.37146484759
"P01860",222223.512913905
"P01879",3975.0334326883
"P01889",5261.44226471627
"P01918",67314.6804349185
"P01923",11914.4468069748
"P01934",4077.70187086599
"P01962",4422.2482480257
"P01981",57865.1910256093
"P01999",4500.18095396145
"P02025",3545.20015553258
"P02037",5087.39808196896
"P02040",4794.54528274686
"P02053",5174.12342652092
"P02075",64947.9019036464
"P02077",5683.44080302045
"P02095",310673.317881445
"P02124",13073.2282485848
"P02152",57226.9837243795
"P02159",36972.7771437617
"P02165",42118.1620275153
"P02178",7636.8490365719
"P02206",3916.4929436167
"P02228",7365.80878959829
"P02232",58001.067018924
"P02241",3821.64705726522
"P02284",80830.8489969557
"P02285",49697.6153478525
"P02408",6378.66664045481
"P02423",4213.07846291554
"P02435",37424.0948068923
"P02442",70003.9102340436
"P02459",4050.22317304558
"P02508",9655.40503436663
"P02521",5978.57607924029
"P02535",4483.13991648118
"P02536",3835.03494370541
"P02541",53905.0568895862
"P02546",6079.26651930024
"P02580",73506.2676345793
"P02586",12467.283435358
"P02685",36519.771322592
"P02689",6793.80238224746
"P02805",4687.51321229241
"P02808",3792.27741016716
"P02812",5434.79499017582
"P02852",7818.40987750867
"P02863",4879.14171055289
"P02886",148398.104583002
"P02887",255090.94403078
"P02888",12556.7461864245
"P02913",4879.96100376937
"P02921",4181.18320070153
"P02923",3314.66123235251
"P02978",164302.594945052
"P02982",4413.41496889044
"P03028",5078.44682545774
"P03068",4800.31729978769
"P03070",5547.24862268602
"P03157",4717.91718911093
"P03178",66579.2173786029
"P03201",5041.14643545812
"P03213",6391.25588232878
"P03225",10100.0572960704
"P03332",235532.674912416
"P03337",6587.17812257776
"P03343",4731.47686715108
"P03352",17672.7107880329
"P03369",5737.67257898656
"P03439",4895.14388557186
"P03444",7319.25344269134
"P03452",5994.75861737284
"P03458",4374.1897037947
"P03459",5450.83682156066
"P03461",5570.69847701578
"P03462",4389.40635477774
"P03463",4790.31703236725
"P03578",5768.45718238912
"P03602",6391.69125106477
"P03628",4131.89352929411
"P03631",5498.89259881575
"P03654",6099.14351832166
"P03675",3434.80477899786
"P03684",6030.50430138664
"P03696",5104.37568062896
"P03724",7247.7481201166
"P03751",4711.24839309579
"P03772",4681.06600980333
"P03786",5877.73237394554
"P03808",4418.2626226479
"P03809",5373.05098201773
"P03815",5303.45567575293
"P03908",4961.10518875218
"P03923",4935.05284176815
"P03933",4900.66081021031
"P03934",5634.02128097038
"P03935",5190.6965687464
"P03979",4008.36199849994
"P04044",6021.4759890421
"P04051",66031.6384741934
"P04070",4525.12230910622
"P04101",11741.0248423876
"P04108",12364.5434076701
"P04127",49941.1495712332
"P04133",3577.43666826103
"P04143",3455.86779869749
"P04161",4770.06550870936
"P04164",4687.05937419095
"P04169",4819.27244818371
"P04213",6198.99599035232
"P04251",5628.96642278368
"P04273",4572.49892833093
"P04285",68287.4565431393
"P04291",60883.9680109242
"P04329",4641.52281988547
"P04334",4753.91970721751
"P04386",164231.078748715
"P04387",4322.49236925664
"P04393",5841.8760907289
"P04394",5640.8579154896
"P04396",4925.31127605677
"P04398",4247.07488016128
"P04403",36688.2826583649
"P04408",6981.75117126998
"P04421",5009.75206227308
"P04434",4620.31609388089
"P04466",5868.43672184738
"P04525",4143.5166758774
"P04531",4649.06570440197
"P04560",3479.12301135797
"P04564",74744.6429373847
"P04567",11421.1989513312
"P04570",4060.28413240286
"P04598",3961.05733664348
"P04599",3786.97019821151
"P04689",57565.9803931593
"P04690",7299.74516354942
"P04691",5145.52312161076
"P04697",4993.78853563755
"P04700",5111.70312149616
"P04736",5360.51549329314
"P04758",6564.39429055102
"P04771",5322.95351351215
"P04830",5699.36297238273
"P04831",5735.04366441968
"P04834",59630.3228701716
"P04836",59576.3526139811
"P04873",6127.41692655719
"P04900",4804.36978073462
"P04901",5054.73365232247
"P04909",5502.99729890366
"P04924",11929.3678649554
"P04960",65129.9603324517
"P04964",3778.54351200753
"P04966",3821.93482366171
"P04970",151587.248337188
"P05039",4750.88986845283
"P05049",4777.57873732195
"P05059",3935.12568852374
"P05081",8178.58732853593
"P05097",5602.79670025592
"P05098",5709.2430463305
"P05099",4535.48817408247
"P05107",4331.06828169258
"P05109",78121.5878736535
"P05112",4494.51287922224
"P05113",4420.66021903177
"P05114",4075.01845557212
"P05136",33650.7993192336
"P05138",50142.7165632705
"P05141",5128.55593641443
"P05142",58838.2302147445
"P05143",62226.951337744
"P05148",4532.26152660913
"P05149",4670.98760344593
"P05156",5187.91372043434
"P05258",3980.39958388925
"P05283",3479.80620999842
"P05284",4492.28908993096
"P05286",3340.76040403393
"P05288",31798.7594171864
"P05291",4032.63638018058
"P05292",3848.96372150974
"P05302",11965.9924499699
"P05362",4489.9725251623
"P05392",4998.92933615529
"P05394",4670.80505604092
"P05408",3914.85334270245
"P05441",5117.92710272494
"P05443",8174.17561924304
"P05455",5615.15207240291
"P05460",5339.83725322345
"P05537",5127.7686194158
"P05556",50282.6943672589
"P05558",50965.1188820841
"P05704",4513.59316236518
"P05705",4502.33028330604
"P05712",3837.3587944052
"P05716",5604.7043399303
"P05762",3761.55768366651
"P05768",3803.29958011205
"P05797",5720.0424266431
"P05801",5664.63405505738
"P05805",4624.6515195195
"P05812",4302.57339601925
"P05838",4787.92656223132
"P05864",56873.2448174138
"P05907",37677.6336317503
"P05944",4138.87909685668
"P05949",670559.173935313
"P05951",5344.08187344239
"P05968",7052.29642622705
"P05977",11337.1712259475
"P06069",7162.59859260052
"P06079",7739.85650645665
"P06086",4588.30696900252
"P06087",4442.02126497845
"P06088",4585.98262721535
"P06145",61182.3841250566
"P06151",5503.40055092464
"P06159",15056.1977400766
"P06170",174121.834757112
"P06171",4621.16414844588
"P06187",7622.47050855243
"P06201",16897.0351995591
"P06230",76520.4680390027
"P06236",6111.31800206668
"P06273",4235.3053485485
"P06343",50105.8408717156
"P06344",66132.8032044052
"P06352",4425.08349553908
"P06376",126263.351653909
"P06378",91168.7718144332
"P06379",7976.26215240399
"P06380",91215.3800352036
"P06383",246005.671612343
"P06385",6913.25697511348
"P06386",7154.54357957063
"P06387",7417.74174130009
"P06388",7004.55190297276
"P06399",7316.25715279659
"P06402",91539.2956566089
"P06403",166958.08822068
"P06404",80378.7718313676
"P06405",85279.0876990655
"P06408",82700.3460946228
"P06411",8390.00089181894
"P06413",7270.82446629434
"P06416",6981.59970942022
"P06418",6754.58830953792
"P06420",6707.11592765938
"P06421",6757.40031698165
"P06423",7587.90018499849
"P06428",6758.63491135701
"P06430",7092.72446628326
"P06447",6487.2697742954
"P06448",7861.37821919087
"P06573",8046.15105271886
"P06870",6525.76639450152
"P07133",83456.1347151976
"P07139",86654.029033532
"P07154",183771.279103914
"P07158",174639.988556221
"P07159",89117.2037863684
"P07160",207163.749002556
"P07257",45526.1473402333
"P07259",67724.7269287357
"P07293",89826.0981124907
"P07294",84330.2464429411
"P07298",6512.83328878083
"P07299",6706.95000635152
"P07506",5490.84911500399
"P07544",134568.76921155
"P07546",135521.266932428
"P07547",9429.00661600466
"P07555",185593.840723717
"P07556",9714.26136046635
"P07559",131075.204159657
"P07568",87334.4318286615
"P07573",301474.855827553
"P07576",89022.7902200315
"P07578",90609.9081436981
"P07580",8434.25602031667
"P07583",6871.42055960901
"P07589",184198.897519027
"P07590",184620.729215027
"P07595",96235.1482105847
"P07598",7667.50230170774
"P07599",159903.612083026
"P07600",144809.826846274
"P07601",134705.055762178
"P07617",7337.15230446506
"P07619",298788.379302966
"P07623",135975.87577588
"P07625",326687.572728822
"P07627",104941.757440553
"P07633",105307.184585271
"P07640",9115.80756653891
"P07641",93048.2603878097
"P07645",166015.049288551
"P07646",155067.071359949
"P07655",7640.20524130936
"P07656",90157.8558919703
"P07657",7649.90233762729
"P07683",449167.360511796
"P07684",435677.712994085
"P07692",8837.107681365
"P07694",8416.71626505962
"P07696",8744.12617089403
"P07698",10152.8250049773
"P07702",9025.28885022971
"P07708",281698.801124229
"P07709",303548.475410255
"P07776",4560.49402031254
"P07777",4654.66405965689
"P07778",6532.32971909107
"P07780",186679.426196527
"P07783",6508.44813267175
"P07784",142700.873384696
"P07790",4783.97461674741
"P07994",5847.40042832007
"P07996",6187.51633487233
"P07997",5408.51327622142
"P07998",5292.76906243031
"P08000",81243.6437422021
"P08005",7943.9295317426
"P08006",74459.148958621
"P08009",71400.246105995
"P08012",80841.0307595556
"P08014",73396.16792863
"P08171",80345.6093856881
"P08172",72651.6185726315
"P08181",144099.476991622
"P08187",144596.439125955
"P08188",6007.15369669489
"P08189",160634.05902802
"P08191",6121.38408743395
"P08194",7367.69631675093
"P08196",8178.38263630146
"P08200",158857.295570146
"P08201",157926.641727278
"P08203",7410.30979729296
"P08217",4379.61911823101
"P08222",6513.39813398742
"P08225",7831.52760838669
"P08241",241613.165038671
"P08242",6585.71486743993
"P08243",6309.02611952813
"P08281",48973.7881019571
"P08320",6805.06080305481
"P08322",241816.735969705
"P08338",113462.344364745
"P08340",117086.03231041
"P08344",5093.73223748254
"P08346",5709.15586818165
"P08348",3985.78377335085
"P08350",4233.51905906717
"P08353",167020.474608909
"P08356",93526.9122068911
"P08357",4240.61379374062
"P08359",110875.1464011
"P08363",7377.7789216767
"P08364",5350.60610471072
"P08365",7400.01925128201
"P08367",4404.01116206143
"P08368",102219.194135172
"P08369",5243.31852969205
"P08374",122246.786631755
"P08379",94315.1235106763
"P08380",97060.6200171136
"P08383",4811.33801131345
"P08387",104215.654031687
"P08388",97919.2531659137
"P08390",101279.159341464
"P08392",103472.309162845
"P08396",4639.18481038571
"P08399",104993.179645731
"P08400",4643.5161800997
"P08401",4662.20313305993
"P08404",124382.455463741
"P08405",6960.0325712684
"P08406",5763.4136470487
"P08408",5983.72434851213
"P08411",91957.1594703403
"P08412",100509.971283885
"P08446",126034.112920264
"P08448",119631.886747161
"P08450",117141.194338882
"P08463",6311.60584258639
"P08476",8712.13245226501
"P08481",9487.8258195218
"P08489",8253.08139299715
"P08501",7337.97661219115
"P08502",5983.35400856941
"P08524",10361.8921338519
"P08526",5091.83178299071
"P08527",5403.11149274611
"P08587",8778.44728801109
"P08593",138442.524405399
"P08602",7844.27617715482
"P08604",145629.035523578
"P08609",102543.663375669
"P08615",197347.46560583
"P08616",184954.1750997
"P08617",211920.024845127
"P08620",268095.053046046
"P08624",8282.64964473875
"P08625",8271.10614170304
"P08626",90802.0348864816
"P08633",8122.29851710784
"P08639",7617.32890246101
"P08641",350600.905277912
"P08644",300745.821790237
"P08648",308459.040257134
"P08650",7286.59533608614
"P08655",7458.58409846697
"P08656",270567.253316395
"P08657",6549.92489212092
"P08659",6604.47616931127
"P08660",6527.39615133436
"P08749",9551.95882631018
"P08785",4815.18388646564
"P08789",6255.93468572606
"P08792",6607.74459112437
"P08793",153462.061378384
"P08796",7787.49160303976
"P08797",5013.03447196876
"P08801",6518.12654487447
"P08803",4360.08882040473
"P08804",8242.5343751202
"P08805",4109.82843180442
"P08807",4277.14092034103
"P08809",4572.21548891226
"P08810",6992.95218540075
"P08812",5981.00364545418
"P08815",6958.99770326438
"P08816",7295.03144755119
"P08817",6979.67587197107
"P08820",7195.82174046646
"P08821",6617.88556201935
"P08822",7099.16096600092
"P08828",7071.55859571729
"P08829",5718.89431185635
"P08830",5834.89634003776
"P08831",5806.86951726129
"P08832",177338.323374358
"P08834",177348.524851863
"P08835",182236.592409892
"P08837",159165.924939555
"P08842",4762.75635012359
"P08843",5440.65390672396
"P08844",5267.5688180224
"P08847",159752.59160702
"P08849",159736.994742967
"P08850",4213.79678828234
"P08851",4321.5275810635
"P08852",6441.07621467002
"P08853",4338.82793048461
"P08856",6092.56854629884
"P08859",5795.39104893972
"P08998",7368.42130821389
"P08999",7764.76045550632
"P09002",8791.79983218795
"P09004",8463.59630337458
"P09009",7237.66161219897
"P09030",4398.53420171341
"P09031",4893.49940641445
"P09033",5017.79721562218
"P09034",5238.20748619552
"P09036",4460.48418677039
"P09037",5228.93341243853
"P09038",5067.76920436821
"P09040",6067.14833490165
"P09053",5606.98239997058
"P09055",151080.098570137
"P09056",155343.352757198
"P09058",145126.395118727
"P09060",152976.307522449
"P09061",9617.76161061049
"P09074",9860.65890951348
"P09077",8814.45726669215
"P09078",8290.29899479733
"P09080",9592.24862667769
"P09082",10622.8798759506
"P09085",9857.13791345819
"P09088",10294.3082744589
"P09089",9191.91500820311
"P09094",10820.6086518845
"P09097",9834.25156552191
"P09099",8837.46062191718
"P09101",10752.3979625806
"P09104",9258.02842934146
"P09107",126868.14083838
"P09112",94924.2861044805
"P09114",134032.374399048
"P09115",135423.264783796
"P09116",139819.335113238
"P09120",9179.71952397732
"P09121",9890.16492761258
"P09126",157295.360992437
"P09138",145863.014915992
"P09141",147886.687586494
"P09145",97626.1196594311
"P09146",95923.7104760207
"P09173",8408.55246502384
"P09194",8592.44230324155
"P09196",7327.34013456997
"P09197",111043.84412303
"P09202",8602.46555781598
"P09203",111486.983680444
"P09210",8494.68372670405
"P09346",7345.53950890235
"P09353",5435.05814580496
"P09359",7461.73470773011
"P09362",8438.86037010276
"P09368",97044.9660225617
"P09373",8049.04405222244
"P09375",7785.05708936393
"P09377",9495.78420843247
"P09378",8043.21928365711
"P09379",7422.46100307178
"P09382",6790.53953404904
"P09384",7301.32231210126
"P09385",6695.97962859902
"P09386",7398.92065697141
"P09388",6724.39243176449
"P09389",7506.16244786795
"P09390",7418.30738480211
"P09391",157180.007177192
"P09393",106665.686311506
"P09395",92702.181440165
"P09396",94205.3462066614
"P09398",129938.535722253
"P09399",7805.66875029123
"P09400",134949.916289111
"P09401",92995.8273031101
"P09449",92198.7994813397
"P09450",94067.8953973768
"P09452",93600.1523963684
"P09453",7077.33176651419
"P09454",6535.71705345968
"P09455",88025.9751881435
"P09457",5058.2648271126
"P09458",5840.35702415308
"P09460",5150.80393961011
"P09461",6371.85461672214
"P09464",6307.00178709923
"P09465",6974.39581700534
"P09473",93671.3183206943
"P09474",90462.297114828
"P09477",95907.2168523645
"P09479",95137.7046291431
"P09482",98797.433007552
"P09484",123990.960562731
"P09487",4618.06988442113
"P09488",4909.74813165381
"P09489",163075.884234067
"P09493",4854.48238048205
"P09495",4396.36402436525
"P09496",5400.46721591292
"P09500",5535.42962739332
"P09501",5295.06614970895
"P09505",4611.96928186549
"P09506",4771.71844001346
"P09507",5180.36608279783
"P09509",5684.66567034374
"P09510",7802.48526097071
"P09519",8817.8647409267
"P09522",6421.80074721266
"P09524",5149.92431293483
"P09526",4602.57863553536
"P09527",5117.92735136492
"P09529",4921.54211062487
"P09530",4629.56609377692
"P09533",4903.13772498207
"P09534",7442.87510321498
"P09538",4941.59612389798
"P09541",4699.87276439205
"P09542",4538.75240436457
"P09543",5658.89244320241
"P09546",5090.30805628448
"P09565",7114.06844874468
"P09567",158647.050182859
"P09570",4931.47470741612
"P09571",5452.19699335593
"P09590",6845.91199240821
"P09591",6948.58171187672
"P09592",4887.22960665901
"P09593",4645.74915734378
"P09595",190667.710082327
"P09596",92095.8004473904
"P09597",92404.8158947499
"P09602",89776.6209216823
"P09603",5709.9809979343
"P09604",5898.83740124497
"P09606",8201.85161120343
"P09609",5183.28105290691
"P09612",99159.8184574551
"P09614",93791.1275198415
"P09615",5419.33342649691
"P09616",92844.133075796
"P09617",97276.8997365065
"P09620",97359.7153121068
"P09621",6392.41945304172
"P09624",5147.18373477882
"P09824",39713.1615288508
"P09906",7939.79965854064
"P09909",5815.0294139374
"P09910",6716.72859360184
"P09911",4961.14294050789
"P09912",5755.01114301368
"P09913",6607.74339182454
"P09914",6906.96887284783
"P09915",6327.63739853068
"P09916",6883.13528916589
"P09918",5874.50422560579
"P09919",7957.56739875464
"P09920",7810.87655659657
"P09928",5103.93390609227
"P09992",6334.46836322684
"P09997",7454.98174343031
"P09998",5056.74320283846
"P10012",6050.92296962148
"P10014",19191.0723846316
"P10017",5611.31238485317
"P10018",9222.09396904724
"P10019",5446.15320270842
"P10020",7606.90896053239
"P10023",4315.42222414585
"P10028",5115.44741328703
"P10029",5157.54033299934
"P10030",4206.84315777394
"P10036",4704.60533782193
"P10037",6342.68842970833
"P10040",5600.72412381632
"P10156",11282.4190155267
"P10176",5100.08623008967
"P10213",72241.2239795955
"P10215",63791.4522716043
"P10216",51425.722795758
"P10220",52865.2822626647
"P10221",50244.8357738997
"P10366",9010.13940966217
"P10393",10165.4288144784
"P10394",10608.0119257674
"P10404",8181.14761575119
"P10405",5036.0730114008
"P10426",4580.62649421031
"P10431",3689.28450762249
"P10432",3292.35761125177
"P10434",7467.03694527475
"P10435",4664.20436935472
"P10437",3669.47880770528
"P10449",4800.04713138838
"P10531",5957.41967559387
"P10628",3738.52195308242
"P10629",4748.49159916497
"P10630",4318.53228994331
"P10632",4674.07206355131
"P10637",4679.96994224429
"P10666",259500.77630696
"P10670",4540.14147372567
"P10673",13991.6397021946
"P10680",5863.1709806813
"P10681",5204.53842693025
"P10682",8391.79086060546
"P10684",4268.98197641326
"P10685",5153.64547048325
"P10690",9855.26405733169
"P10691",9095.69380202791
"P10692",5546.79774651789
"P10704",6488.33628111645
"P10715",9732.48303333138
"P10734",33891.3044057258
"P10735",10040.106542098
"P10736",3688.70041221182
"P10744",81894.2259328116
"P10745",56804.6213326173
"P10767",7322.56929752147
"P10775",6874.06620536364
"P10777",6331.58464908725
"P10778",5733.3003106757
"P10780",6861.29328589206
"P10782",3961.51772863317
"P10783",6658.86691113266
"P10784",7578.50633813349
"P10785",6838.92192809626
"P10786",6624.66168485096
"P10791",6835.24055113058
"P10793",6269.3770721914
"P10797",5635.8631762176
"P11065",4487.87749002582
"P11086",3655.30627665475
"P11117",266934.694811187
"P11171",5253.14796964356
"P11233",9202.61275073717
"P11236",14791.4905577616
"P11241",6825.47547822206
"P11246",8327.5136364568
"P11248",8269.34308465802
"P11249",6617.22576482598
"P11252",4773.70680528141
"P11255",6769.43409552497
"P11256",7410.13441374808
"P11259",6110.78905773053
"P11260",6570.22576711936
"P11263",5026.26801649848
"P11287",5844.47978513165
"P11290",6340.60954064164
"P11292",327837.435671296
"P11293",306307.035490892
"P11297",6185.14692248972
"P11318",4613.69006942295
"P11323",7286.72028479793
"P11326",6096.67506647999
"P11328",6096.06263380511
"P11330",6086.37742560542
"P11331",6139.71940093667
"P11333",5546.62347385504
"P11336",5642.06616502776
"P11337",5344.16172274896
"P11338",5547.49216154033
"P11422",8766.42274232635
"P11507",6365.98768246552
"P11508",4396.34791245821
"P11513",4687.97370823
"P11518",3925.5547383871
"P11520",4276.62414635591
"P11568",125601.273375149
"P11588",222890.556079113
"P11683",11856.578177386
"P11702",8373.69525863328
"P11765",4064.51624660231
"P11766",6189.91904793945
"P11774",5923.99673591878
"P11777",5364.69031678501
"P11779",4734.05390680646
"P11780",4912.34278055267
"P11782",4510.92468904638
"P11783",9959.53691298744
"P11787",6179.2917806101
"P11788",7581.03025987561
"P11789",6022.50049488772
"P11790",3857.06442872596
"P11792",6227.02099757317
"P11794",8534.05595630468
"P11796",6339.13503518094
"P11797",6805.34421751667
"P11799",6065.24082564871
"P11800",6394.00178649511
"P11802",6166.34251949236
"P11806",10479.1019240223
"P11807",6206.07572107842
"P11810",6947.95716839727
"P11812",9059.45039332412
"P11814",8834.77729158229
"P11815",7153.05950426269
"P11824",7286.62573869007
"P11825",4767.59447729922
"P11828",7999.32400622295
"P11829",4549.46363429516
"P11830",4532.38875715707
"P11846",4739.69400142786
"P11847",5616.01714847367
"P11854",5050.15297789522
"P11865",4072.66373873179
"P11868",3520.94282864143
"P11870",5123.1766888024
"P11871",4466.34367158826
"P12023",55233.7660788213
"P12101",57440.9111232577
"P12102",59061.9749771689
"P12104",7533.10915500079
"P12107",69205.8137743166
"P12108",60427.6651766457
"P12109",50714.8519334148
"P12116",7882.00747256778
"P12136",78180.9257421102
"P12171",8326.54787699036
"P12180",9951.77588478652
"P12212",9266.46406579668
"P12213",34797.5085200673
"P12214",6889.98589386228
"P12215",6151.54265859402
"P12216",7299.82003770345
"P12218",8028.68817456944
"P12230",7621.45956295074
"P12233",5000.0521860026
"P12236",5156.88225351541
"P12237",5025.08666919253
"P12238",4854.60529854807
"P12240",6935.4876424704
"P12242",8911.56925642499
"P12243",7666.54754131243
"P12244",270286.985502867
"P12318",192247.854744888
"P12382",5143.73158762893
"P12439",7623.715185777
"P12440",179037.321639517
"P12444",6111.52890540432
"P12445",272432.984522653
"P12450",4953.77001458115
"P12453",10929.4321035629
"P12459",4225.23154588777
"P12462",7184.29908371864
"P12463",11346.6405410243
"P12466",6724.30146093154
"P12469",6072.80584907108
"P12473",7847.70207698589
"P12478",8328.9748333683
"P12482",5979.32751875605
"P12488",6405.97737996899
"P12498",4789.36518790008
"P12510",5026.12492673039
"P12513",4148.42384437107
"P12520",6483.3586298067
"P12522",11028.1444165253
"P12523",5631.65765555698
"P12531",10338.0532752308
"P12534",7774.69212162304
"P12535",7822.79334696054
"P12537",10045.9834513904
"P12540",4896.41195679661
"P12542",8233.64509530951
"P12553",6941.36714456915
"P12555",5996.1872787501
"P12557",5295.09331186027
"P12564",5762.14598749519
"P12566",4964.96061345222
"P12571",6311.3810799631
"P12572",5229.33306284587
"P12573",5387.68641345786
"P12575",5523.14366273899
"P12576",8499.22619324259
"P12577",4991.71169619671
"P12578",5471.45046982142
"P12647",9846.65144517973
"P12650",6374.57134043229
"P12671",133237.173949024
"P12719",6366.51935265038
"P12784",6030.05108784768
"P12828",6979.02260990028
"P12926",6458.34392227373
"P13011",9223.50795124505
"P13013",6157.82290291118
"P13041",68108.3785398803
"P13050",5270.69673438427
"P13055",5062.50055353337
"P13059",6201.25749807996
"P13094",11514.0032603327
"P13097",8530.91828323161
"P13098",9036.50637252388
"P13193",253783.868697244
"P13222",5567.57705042517
"P13227",6083.46097510544
"P13459",5432.04762090453
"P13531",57989.736847896
"P13647",5352.16381401782
"P13654",6681.29640698149
"P13664",4045.82477446801
"P13666",3814.67489669652
"P13667",5621.98423265386
"P13668",4246.73713447726
"P13670",4781.91658947154
"P13672",5927.47215331531
"P13673",6030.56261926422
"P13674",4607.1780979439
"P13686",5394.00046876563
"P13687",5391.51370113455
"P13688",5557.10854997793
"P13689",10351.4866420843
"P13690",6197.35324959463
"P13692",6277.65147924924
"P13695",5195.07056827835
"P13697",5983.87810504108
"P13782",48756.4407391041
"P13792",49520.4872924136
"P13867",11617.8777808667
"P13868",11832.8018095403
"P13889",7565.35521307944
"P13890",5649.06811400186
"P13901",9849.37332667559
"P13909",10715.7468307167
"P13910",10037.727700415
"P13915",7612.63767069527
"P13932",6748.53641126875
"P13933",6406.36478369564
"P13934",6032.13670060985
"P13948",7183.4626237413
"P14010",269584.308971564
"P14011",288640.536971576
"P14012",4574.0631267556
"P14014",357804.487589072
"P14018",6409.0698228406
"P14020",6312.73903993549
"P14021",5682.7596409956
"P14025",4790.03676652341
"P14026",47347.9044118016
"P14027",5265.01239228606
"P14029",4572.83522783725
"P14030",4937.76677432398
"P14089",6396.88940340884
"P14092",5936.1657197711
"P14123",225251.069787091
"P14142",6121.888782613
"P14410",8558.64156303356
"P14411",18120.8974849284
"P14414",5753.13019374304
"P14682",8974.24806738135
"P14684",7317.72315353219
"P14737",146001.70904542
"P14745",5904.05495314404
"P14785",8282.67071369922
"P14813",3747.24488188386
"P14816",3962.90423224322
"P14821",6537.96883467113
"P14840",9746.56847070888
"P14853",6650.63386737453
"P14854",9945.4802690896
"P14856",7663.28765941746
"P14876",6652.7298706095
"P14878",5873.20303031617
"P14880",10226.0571650055
"P14887",9685.78749601475
"P14890",9871.74204895347
"P14893",9166.85638245845
"P14898",10709.488378361
"P14906",7692.77018803018
"P14920",8588.31701139887
"P14921",6161.0512098031
"P14922",9620.64340339148
"P14925",7454.37521794036
"P14927",6760.62007603641
"P14929",9498.09599401084
"P15034",5272.95912365983
"P15035",5200.54707132765
"P15037",4780.07539579017
"P15038",6827.45181106785
"P15040",5894.74188381239
"P15050",4526.77328937864
"P15051",5077.04162705189
"P15175",4161.93237756095
"P15176",4758.16570719748
"P15177",4727.79028894418
"P15183",7323.19887763867
"P15188",4482.91957924813
"P15191",3710.87366915784
"P15192",6342.00044973343
"P15196",55518.858297962
"P15197",6737.07222511694
"P15203",6373.91299925755
"P15204",6779.1400577966
"P15205",6152.54774492787
"P15206",5914.01049429668
"P15209",6744.01871419537
"P15210",7399.53371905516
"P15213",8998.88296577388
"P15216",336733.357866736
"P15218",7972.54623384301
"P15221",296126.58341474
"P15222",9045.15327133748
"P15226",5790.03830145461
"P15228",5811.39736267586
"P15229",5629.24410901152
"P15233",4646.29886963863
"P15235",4696.50484215472
"P15240",4650.76635364476
"P15313",5327.08953297688
"P15314",5150.84541086625
"P15320",5986.66292636807
"P15324",5615.21532128244
"P15326",6666.72081607377
"P15333",7982.75312058834
"P15335",5372.96087058511
"P15337",45139.7295907593
"P15338",251677.495605083
"P15355",6378.77337230253
"P15377",6580.3193625706
"P15414",6640.77743506664
"P15446",52234.1197705006
"P15551",10191.1133227775
"P15707",6283.74098660265
"P15708",6033.26092799038
"P15709",14338.7649399579
"P15722",52234.1197705006
"P15723",52136.5380398036
"P15724",51235.0562008421
"P15798",287203.48102442
"P15824",4569.51821843285
"P15856",3678.72829649983
"P15858",3698.45680541234
"P15859",4444.32208923422
"P15886",9415.10951722328
"P15890",7462.5404040959
"P15891",5577.28576812158
"P15897",7288.97618671881
"P15898",7873.41310378669
"P15907",11803.2860307963
"P15909",11231.0979590631
"P15910",11397.8032289937
"P15924",5386.34292482723
"P15925",6848.26635330508
"P15926",4617.3194827063
"P15927",5358.30404917089
"P15970",6074.04041767078
"P16070",5767.061408753
"P16090",4783.21936491613
"P16097",4742.5486645782
"P16158",6137.81653320501
"P16161",5506.7207523942
"P16162",9100.97377132758
"P16163",5056.26597827812
"P16164",4909.27291480109
"P16169",5282.35402195836
"P16170",9411.91773735991
"P16171",5770.72871056307
"P16173",6507.9046900665
"P16175",13854.0937542934
"P16176",6491.12999203501
"P16177",10619.9825112383
"P16178",3857.89068467462
"P16179",4960.45503055921
"P16181",3999.71292416035
"P16183",4627.59995337677
"P16185",8626.71364068887
"P16186",4638.99295888316
"P16187",6164.59734336512
"P16188",4957.49984198829
"P16190",5282.72602682155
"P16193",7582.57444419129
"P16314",6728.17501355256
"P16315",7348.82699553737
"P16392",9842.41979467517
"P16415",9102.26859987952
"P16491",247953.122016692
"P16493",209138.472444773
"P16494",217854.74778054
"P16495",212351.988022231
"P16496",9302.61003607033
"P16498",8551.55655702221
"P16500",5862.88617639094
"P16501",5791.56970440515
"P16503",5655.33792140296
"P16504",7503.61172353611
"P16506",7857.74011933867
"P16507",7361.62589240459
"P16516",6295.7462260776
"P16517",6096.51000132812
"P16519",5913.48384636942
"P16520",6540.21382044874
"P16521",6078.76032001673
"P16522",6076.19430499788
"P16524",6400.49109101855
"P16525",5792.6855886286
"P16526",4579.97506476262
"P16528",6950.55550903859
"P16529",5289.05916142255
"P16530",6208.76019280805
"P16534",319796.813457948
"P16540",7939.43605064975
"P16542",6941.89318989434
"P16544",5800.21597098674
"P16545",6201.99892893492
"P16546",6289.29847541304
"P16548",7312.01286279342
"P16550",7042.30490567368
"P16552",5975.20776409583
"P16558",260391.621543185
"P16565",6309.05765614341
"P16566",6491.25047436382
"P16569",7118.65555115105
"P16570",6956.66988809624
"P16571",335902.550867062
"P16573",6825.64633755502
"P16574",5550.70071207766
"P16611",6537.44130532243
"P16643",6138.42661396134
"P16660",9544.45780292379
"P16661",6536.80818576643
"P16687",87007.5097238566
"P16734",28823.0519746481
"P16735",28892.8854474284
"P16736",28398.200369431
"P16744",7533.05328157643
"P16750",7226.10256442408
"P16751",6282.39831314996
"P16752",6620.8739209238
"P16753",6687.01898452554
"P16756",6910.32454242591
"P16757",6686.74209194963
"P16758",5518.18123537744
"P16762",12206.70670147
"P16763",6250.23390093152
"P16787",5501.87019929901
"P16788",10523.7403463613
"P16789",6432.33625050506
"P16832",8531.36909683853
"P16834",8247.39175690867
"P16867",597197.085286364
"P16893",5746.85882556218
"P17133",9895.93065228324
"P17136",7325.34305227911
"P17137",7678.65852974253
"P17147",8465.72523824802
"P17148",8137.06834002088
"P17149",8933.93870467827
"P17150",6125.71194854927
"P17154",9215.4552693902
"P17246",5564.72550572658
"P17248",5857.32869743838
"P17249",4691.81643506755
"P17255",6119.0826908231
"P17256",6657.75314926428
"P17257",6250.68979206306
"P17258",4538.15981959439
"P17261",5893.06575341212
"P17262",4965.36142437351
"P17264",4492.09331368984
"P17265",5982.85256504621
"P17278",8834.23286099046
"P17287",9772.6716932175
"P17306",9934.15342085122
"P17308",4005.3220527285
"P17309",4597.15694521053
"P17313",4797.41530264089
"P17314",4371.63801927933
"P17315",4044.48482732282
"P17317",6075.4485498676
"P17319",5111.76056371331
"P17323",5090.75250717748
"P17324",4569.92788935436
"P17325",5639.9542755567
"P17415",7836.90608256738
"P17422",5811.46009942902
"P17424",5939.50251210394
"P17442",6751.55582882318
"P17444",7283.07140065846
"P17447",9453.5721969358
"P17448",7918.72505781536
"P17479",8917.83812806978
"P17482",8392.62188038887
"P17483",8372.72333456481
"P17486",7593.03440835245
"P17501",6758.8081142234
"P17502",8226.34731633455
"P17503",6621.83297635352
"P17504",6354.86626110167
"P17508",26550.2365244317
"P17518",6414.110329885
"P17521",7661.92361578881
"P17523",8192.30356656067
"P17527",11552.9491076515
"P17530",6541.46615873538
"P17539",7484.79417888846
"P17540",23792.9033429828
"P17542",6114.70046374448
"P17562",68540.2045615564
"P17660",9701.82150105994
"P17829",4797.13186501184
"P17855",5000.96111460709
"P17856",4899.03077872098
"P17857",5383.77522797177
"P17927",5945.86513079603
"P17934",5862.28557233258
"P17964",8267.68984963847
"P17974",5220.96407257374
"P17993",5979.22888023017
"P18049",8102.15058832203
"P18051",9409.81102814417
"P18053",13760.4469156224
"P18054",16017.257867569
"P18061",9411.4915103912
"P18063",7729.41843648626
"P18065",10154.7495296896
"P18123",27373.0924681935
"P18127",27034.0804561614
"P18128",673550.606705785
"P18156",5662.53176345344
"P18157",5507.92285305245
"P18159",5201.25104010575
"P18161",5833.45706810295
"P18191",6934.3121835693
"P18194",9665.48636113486
"P18195",6611.85037079542
"P18211",7401.83128643214
"P18217",12766.5771386373
"P18225",9827.04091666781
"P18227",8590.01145213242
"P18231",9398.93601764264
"P18253",6759.4236702746
"P18258",6200.3138936936
"P18259",7662.04278427676
"P18261",11406.5539396649
"P18262",7097.5870076111
"P18279",6075.08082413306
"P18281",6421.0055852394
"P18296",8156.87382209092
"P18300",8885.98476705348
"P18434",7704.25898207633
"P18460",10339.0649978328
"P18519",37537.2245614631
"P18522",7541.15156392485
"P18557",5642.16551975869
"P18558",4996.76399376153
"P18650",6738.93366005963
"P18651",4130.55055104073
"P18654",5622.04593059688
"P18655",5102.51734722925
"P18656",5299.90490879566
"P18731",8869.37262558
"P18735",5247.74728990339
"P18739",8202.60553188489
"P18749",11021.881707128
"P18752",9846.86845618672
"P18755",9915.67845227063
"P18769",11075.4292662764
"P18771",9801.86282586704
"P18796",4194.3323575765
"P19035",5405.36281318168
"P19037",4698.96187589443
"P19038",5458.85549142215
"P19041",4662.39898680028
"P19052",227324.956708613
"P19124",7338.24783715691
"P19250",5223.79216366769
"P19252",4968.64438898247
"P19253",4770.37816400884
"P19265",4816.84420511619
"P19282",5165.53665472051
"P19573",7384.39020516057
"P19574",7415.40074951833
"P19590",10596.9510093393
"P19599",6042.65566600538
"P19630",5706.52731522933
"P19680",170817.774659878
"P19684",208645.389260181
"P19685",7425.99153603439
"P19686",12677.006306493
"P19696",7605.94142825932
"P19697",193045.679657647
"P19699",7488.73906103548
"P19701",207379.57860451
"P19703",7708.42255979477
"P19715",7494.10021875252
"P19720",7598.375102935
"P19773",10147.1054037121
"P19812",6542.58834406462
"P19813",6601.83056960504
"P19814",6989.41386880666
"P19851",7712.49666499864
"P19856",6786.82426624496
"P19860",8353.47876753087
"P19861",313593.857638028
"P19864",8636.57115018126
"P19865",8030.59330405371
"P19866",8974.22273034429
"P19867",8048.38631332151
"P19868",8677.59788582993
"P19891",8689.3115839271
"P19894",6882.40117929914
"P19897",6832.37272610632
"P19899",6897.95313690451
"P19905",8463.61962714116
"P19906",9190.42770992846
"P19907",7196.71655395426
"P19908",7812.86360728848
"P19911",8681.35340389088
"P19913",6833.58649883361
"P19915",6916.00893446693
"P19916",7770.06827740182
"P19920",7524.2046646382
"P19925",7711.10953245554
"P19926",7858.72345050629
"P19928",6431.81513148015
"P19938",12121.3066572225
"P19941",10265.596565307
"P19954",10256.6131236711
"P19955",10653.1678488754
"P19979",12019.7461148244
"P20002",10784.2451587868
"P20004",10940.1526080926
"P20007",11283.4553709819
"P20010",10792.7751737995
"P20022",13531.5499132064
"P20026",13402.3035675872
"P20036",12593.8444963816
"P20040",10069.9568081711
"P20041",13041.9977863603
"P20042",12794.3483150229
"P20047",8266.58616887988
"P20048",7662.70862421326
"P20049",7413.67027122579
"P20050",8616.74672502777
"P20053",6710.38460533591
"P20066",10905.6029063875
"P20068",11959.1738248892
"P20129",6111.52360247991
"P20136",7295.87422799705
"P20141",6148.06391696915
"P20142",5637.1480271627
"P20144",3970.50408400248
"P20212",7266.72547565722
"P20213",5985.50655158165
"P20215",22400.956694747
"P20218",5768.49097393646
"P20219",6014.18368810618
"P20220",5891.2768099099
"P20221",5581.91260573445
"P20243",4519.06877540414
"P20244",4577.66313704119
"P20247",5406.68200676542
"P20251",6154.95078722081
"P20260",5670.66969555289
"P20267",4548.33894646487
"P20269",5517.17650098537
"P20270",5035.13599537294
"P20272",10058.4735919001
"P20274",6863.21827168518
"P20307",761761.757919437
"P20311",6377.29748759195
"P20312",7387.37689591546
"P20315",7110.3023424281
"P20318",10206.1870177546
"P20368",6312.95458240358
"P20387",4415.2280536237
"P20436",6295.49349945199
"P20527",9994.25538768567
"P20546",4438.24300655423
"P20665",7003.82480462815
"P20666",7953.90371190963
"P20695",7145.71660082931
"P20725",12225.206295474
"P20726",8411.86061832107
"P20766",6358.05889948212
"P20786",7421.59551549961
"P20848",5526.66500728028
"P20849",7461.04463044127
"P20855",6107.57714894227
"P21016",6984.50103978756
"P21021",7165.50934272363
"P21059",53618.9794064737
"P21112",9489.15251651255
"P21118",7573.26015427273
"P21123",5221.90619302951
"P21145",7935.44230638069
"P21150",7195.86866149692
"P21151",8467.05997348065
"P21160",7777.55954380663
"P21168",7186.16859535819
"P21169",8605.47489334172
"P21172",7331.32551769709
"P21174",5636.20567581093
"P21179",4534.65297710735
"P21183",6334.26611115017
"P21185",11552.1503466537
"P21186",13168.6135073163
"P21193",7361.96363491431
"P21231",6472.44050280546
"P21243",25415.1562424148
"P21247",25865.1705429077
"P21249",5876.35634239969
"P21253",7072.31526326781
"P21256",6975.1965179125
"P21283",13221.608915213
"P21308",7520.12663440009
"P21364",127554.33473579
"P21379",8945.64771516321
"P21381",14253.1942822121
"P21384",6147.39530595778
"P21388",6237.53776773302
"P21392",9772.90268238264
"P21393",247085.233328328
"P21680",5498.1446692526
"P21715",7412.80506947441
"P21921",7873.92536375579
"P21930",9634.01564431632
"P21959",7578.43633827212
"P21960",9308.01102083309
"P21961",6985.8056307271
"P21962",9450.43076053542
"P21963",764804.183186111
"P21979",7624.83192911067
"P21988",7048.01378477304
"P21989",7034.43644844606
"P21990",7343.28933334125
"P21991",7820.58058576782
"P21992",4175.87301182038
"P21993",3596.16087729122
"P22000",5042.05038314478
"P22001",2767.03842310553
"P22003",3685.44834940535
"P22004",6831.51439119177
"P22005",6967.33161959496
"P22006",6974.9899743628
"P22007",6674.7168240272
"P22009",7010.72262265352
"P22013",7180.86866297548
"P22066",3227.99333066674
"P22067",3339.27695007542
"P22070",4065.79860798613
"P22103",9517.1346052474
"P22104",9467.47509030025
"P22109",6052.21040346941
"P22117",6012.75903420162
"P22119",6254.66571477846
"P22122",6565.2105988414
"P22124",6109.96092914416
"P22126",6951.01654957253
"P22128",6832.54870463148
"P22139",5609.40218805457
"P22141",5647.19965015863
"P22143",9108.25435359471
"P22145",9174.39876519548
"P22148",5718.16228563487
"P22149",6367.99428915916
"P22161",5749.3733525124
"P22163",5758.6804883746
"P22164",13911.6952611002
"P22168",10675.1075537253
"P22193",11766.1441131065
"P22202",8318.61658697066
"P22205",7361.45416631555
"P22227",12619.863776571
"P22259",13029.5482261565
"P22264",12713.5164747677
"P22265",12500.4007394059
"P22289",9625.65711337994
"P22291",9800.69105027135
"P22293",9692.50919444373
"P22315",11502.1548959677
"P22318",9479.00947925724
"P22321",10899.4343187818
"P22323",9412.72633149488
"P22324",10950.0773614919
"P22327",11025.2667969041
"P22331",11032.6465933944
"P22334",7322.15535965138
"P22338",14051.6034290174
"P22339",920229.460657078
"P22342",13712.0982662499
"P22343",834818.314369004
"P22346",7714.36427510383
"P22350",7059.81518909542
"P22351",7430.52440097861
"P22352",6928.38727568575
"P22354",6861.44615946348
"P22355",7186.25016703827
"P22356",7423.17508412808
"P22357",13799.1359941256
"P22358",16060.7577135668
"P22359",7447.96760675153
"P22360",7675.2801433996
"P22361",7472.27689538571
"P22364",9105.05322807564
"P22368",7697.73469939649
"P22369",6771.70591761159
"P22372",7000.11563368105
"P22373",7238.45870916057
"P22375",7945.09497182057
"P22380",14788.1845222669
"P22383",7376.74274571058
"P22384",14146.2823960928
"P22388",7332.57093418137
"P22389",7792.15182449353
"P22390",7270.57494731561
"P22391",7387.49893773845
"P22392",8185.55608891556
"P22393",7507.63873914756
"P22394",8030.06820783402
"P22395",8140.14408861511
"P22401",7412.231299555
"P22403",8529.19991207123
"P22437",6601.05664804696
"P22443",11932.9121525425
"P22452",10732.7271824013
"P22455",8541.54674117413
"P22457",8614.25397024532
"P22458",7668.73615525719
"P22460",8659.70342741793
"P22467",9382.82980299902
"P22468",8593.29347534464
"P22470",7572.42954683863
"P22471",7360.53496937023
"P22472",8119.6746933517
"P22480",7067.80482320739
"P22484",6591.73314276275
"P22485",6484.05466356973
"P22488",6432.29560310949
"P22489",6604.27939447472
"P22491",331130.441405247
"P22521",8672.14083690256
"P22540",13225.5274091603
"P22543",8659.38856977342
"P22555",8823.740769752
"P22557",7434.52366940057
"P22564",11551.387631578
"P22654",11231.9931447491
"P22655",5645.90394726444
"P22659",14691.7258657567
"P22660",6937.56736451423
"P22661",6919.46017269374
"P22675",281831.479177809
"P22682",5836.26246227077
"P22689",16605.2535020568
"P22698",12724.481237393
"P23013",7916.80216601505
"P23099",4436.95892635274
"P23100",5906.9217432271
"P23104",3827.98925360574
"P23107",4393.78154596057
"P23110",4260.5218056305
"P23327",6187.64899508169
"P23329",5676.67431164006
"P23346",7064.98964669404
"P23351",7870.36663791063
"P23361",6898.94612129001
"P23364",8701.3551168921
"P23366",10101.3675693622
"P23367",8165.41919913992
"P23376",8249.91826279826
"P23385",13076.9080350198
"P23387",12080.2869891905
"P23390",8668.42502156044
"P23396",6154.52100871404
"P23399",5996.05922253858
"P23408",7891.17972021526
"P23418",5935.2040274372
"P23456",5258.65715204077
"P23545",7431.57009536333
"P23549",7124.834505823
"P23560",3976.52858443872
"P23750",13267.8985446165
"P23757",8753.097035256
"P23758",8987.03068741276
"P23759",8730.62577598301
"P23783",8062.26732188053
"P23784",6109.77675037857
"P23785",5872.60127149316
"P23797",7260.28273797988
"P23800",7124.33280029036
"P23802",7736.12804837318
"P23806",6567.24134686923
"P23807",6862.08894969786
"P23808",7023.39350407135
"P23814",6571.44088420997
"P23819",9555.67810260067
"P23820",9928.32951916703
"P23822",26346.3002264224
"P23857",6607.5890980014
"P23864",6578.8891088158
"P23865",6654.56022162475
"P23866",6700.2977730408
"P23883",6788.82631505031
"P23884",5508.03106765192
"P23886",5525.20458830869
"P23890",5355.98693262822
"P23904",7286.53814054503
"P23905",9520.18009720064
"P23910",6771.8518723991
"P23911",6758.66832469295
"P23913",5507.36993098933
"P23962",5438.84038314086
"P23965",6326.62854561513
"P23966",6064.97875299631
"P23967",5980.0934825412
"P23972",9057.69902417906
"P23978",5762.70907846929
"P23982",5430.1827741443
"P23983",5674.32270980313
"P23984",6610.6706156631
"P23986",6131.18735228739
"P23993",7034.63761551851
"P24000",8131.53399798128
"P24002",7976.78328855029
"P24012",9691.16399343713
"P24014",10378.295563542
"P24027",8004.03128445021
"P24030",7009.95018375803
"P24196",6485.94566847574
"P24197",6492.77710577732
"P24213",8089.5800570379
"P24214",7805.40597067578
"P24216",7651.07409104736
"P24278",5465.88321520183
"P24530",8030.29911450024
"P24539",6754.54424618638
"P24750",5467.09790924071
"P24754",5282.29339769614
"P24757",4678.23414286437
"P24759",4921.05024608054
"P24760",4408.69462069397
"P24764",6095.81649072457
"P24765",6729.48170961222
"P24766",11926.8843065067
"P24768",5310.09518916053
"P24769",5248.85687046902
"P24776",7324.30587464282
"P24792",30863.1558393253
"P24795",8256.68730768031
"P24807",9179.52541931941
"P24809",10019.3646915577
"P24810",6270.2439506379
"P24813",10117.7570367118
"P24819",312349.528487041
"P24823",6977.65974506662
"P24826",6600.41010923127
"P24837",5618.57649121599
"P24838",6500.06305926115
"P24839",5386.73219594688
"P24842",7589.89332875411
"P24843",8710.60972298236
"P24844",6874.10204971971
"P24891",11261.3031712745
"P24893",7947.78059001057
"P24894",8253.9380654398
"P24896",8197.86385217627
"P24897",12253.2608156182
"P24899",8329.54219980366
"P24901",8112.04526105013
"P24902",8228.6938875041
"P24905",8679.74189442402
"P24907",9236.71649050683
"P24908",7648.38948804577
"P24909",9039.34507956337
"P24919",334035.268593746
"P24921",6038.81472317926
"P24923",6811.0043161267
"P24934",7357.79733899527
"P24945",11288.9963036701
"P24948",5373.98006703642
"P24949",350585.308713209
"P24951",5386.37734630113
"P24952",5418.51583499441
"P24953",6270.93391454831
"P24954",5807.13333289818
"P24956",6568.3360051495
"P24961",5522.12553361566
"P24962",5173.70844620565
"P25145",4343.82589883112
"P25149",5152.07936096732
"P25150",3811.40902408376
"P25151",5758.09355141354
"P25152",6581.89660467474
"P25153",6555.59634476717
"P25155",6494.42894935107
"P25156",6720.34287334729
"P25157",6233.89585402087
"P25158",5307.90997011595
"P25159",6548.01099327452
"P25160",4832.18852974898
"P25163",3622.4485220071
"P25164",7032.58052139974
"P25166",3421.3083409737
"P25167",3670.72827078454
"P25168",3647.8198975036
"P25188",18680.6352702887
"P25190",6304.07339616872
"P25192",6381.02085474701
"P25194",9698.24871174702
"P25196",8942.80358871012
"P25211",8455.55600975366
"P25214",7819.72357860359
"P25216",8465.8133344675
"P25217",8517.34173002568
"P25235",4443.2557596801
"P25237",5798.66810960634
"P25241",6582.68853367249
"P25242",6776.52714337967
"P25244",8291.08828327142
"P25246",4569.6799236943
"P25252",6942.95055616663
"P25253",7713.82294063248
"P25254",5486.66292714839
"P25255",5868.52589645161
"P25256",8613.16468152849
"P25259",5090.02631243792
"P25264",5808.19302995314
"P25266",6539.85296552386
"P25267",6686.01652503435
"P25268",6887.48132294809
"P25270",7313.96731263503
"P25271",6355.55210431928
"P25272",6284.76247437338
"P25379",10083.9846951142
"P25380",9676.80946727065
"P25383",10032.6162279588
"P25410",14581.1840858803
"P25411",7242.59026250942
"P25412",13278.9305993693
"P25413",13587.1357553336
"P25414",9927.38572261083
"P25416",10110.9637530552
"P25417",7760.02514597163
"P25421",6141.13701799623
"P25427",6397.04920409732
"P25428",6280.8496281222
"P25429",5607.082255237
"P25432",3815.00594162749
"P25433",6865.48362173071
"P25435",9614.72313194465
"P25436",9153.53496550185
"P25439",9272.77946580537
"P25441",9166.5731366755
"P25443",10291.6635575837
"P25445",10261.8268870845
"P25453",9565.24582717544
"P25454",7523.94162009975
"P25462",7851.85008047789
"P25463",7727.96319918004
"P25464",6108.35405690975
"P25465",8550.88509845819
"P25470",4086.35380521241
"P25476",7891.97615339172
"P25478",8252.54351868711
"P25479",7693.76090561359
"P25674",8331.42542727721
"P25676",5516.32932818289
"P25725",5525.50301612336
"P25742",6925.45244324285
"P25921",5942.43878183474
"P25923",5944.56365134838
"P25925",5967.09312130038
"P25947",5933.67149306208
"P25985",7457.68381001832
"P25986",7960.74121441142
"P25987",8163.42774485795
"P25989",8713.11309324673
"P25990",7980.82794401153
"P25993",7167.75099291038
"P25994",11973.906287677
"P25995",12056.3489479289
"P25999",13186.7782644493
"P26116",7720.97274858172
"P26132",12593.7814928318
"P26134",6830.7502727698
"P26135",8524.75410712062
"P26136",12721.8547429371
"P26137",7560.51757673515
"P26167",7368.45420658244
"P26168",5667.74924635089
"P26169",6008.540546171
"P26172",6020.79171530048
"P26178",6833.87041622765
"P26181",9308.61112747513
"P26182",7497.06110756552
"P26196",29621.2988782956
"P26373",7754.20447333409
"P26377",7180.8191783508
"P26378",7122.55375246729
"P26392",7897.38777348553
"P26394",7188.79783653242
"P26398",5973.28549552275
"P26399",7600.22623924175
"P26407",6426.13507725026
"P26408",6333.74796525026
"P26413",6850.41818360359
"P26414",6372.38510081914
"P26415",6248.48268918947
"P26420",7210.87066215538
"P26423",6892.17391764376
"P26429",6626.29101005559
"P26431",7098.32615165521
"P26433",6824.83437335229
"P26446",4512.97244580428
"P26479",275641.771992643
"P26610",7055.09557483421
"P26611",8334.00051502257
"P26612",7806.91938984206
"P26616",8160.51266329066
"P26617",7327.02059533005
"P26621",8008.4803299139
"P26622",10888.3812413255
"P26623",10629.59605808
"P26624",11518.342807224
"P26625",7735.44019736752
"P26626",7631.00682718023
"P26627",7827.55345117958
"P26628",8264.12397263466
"P26629",7290.87453276305
"P26631",7688.98971144607
"P26632",7280.69456401315
"P26633",11409.7507319577
"P26634",7527.14391829834
"P26637",7995.9956187153
"P26638",7513.16087678784
"P26643",7129.95996145816
"P26644",6776.26582837657
"P26645",6578.72914232144
"P26646",326273.645274343
"P26648",334414.527101107
"P26651",6386.67291214396
"P26652",12223.236734103
"P26654",6054.44438170862
"P26655",12779.699517823
"P26659",7161.82173708632
"P26662",5748.37259278522
"P26663",6175.93211494242
"P26667",5487.05373508823
"P26671",6402.89697714666
"P26675",5869.04380344324
"P26677",6947.54243491549
"P26678",6465.58722965402
"P26680",7078.08046190032
"P26681",6293.35470658446
"P26685",5913.65349655805
"P26687",5808.5278593717
"P26689",9421.18752954055
"P26694",4502.94308751879
"P26697",250639.150478066
"P26698",6612.3723581588
"P26699",11743.9405063371
"P26700",6580.25968167775
"P26704",6854.47848581512
"P26707",9852.91138020923
"P26708",323971.749393603
"P26711",339740.546353393
"P26712",10258.5263119712
"P26714",7969.87327849902
"P26715",8821.35039500386
"P26718",8224.77176305651
"P26719",214688.904506931
"P26720",211505.804096747
"P26721",207222.7096051
"P26722",198700.225092948
"P26723",218289.537755297
"P26724",201291.42173271
"P26728",5763.48766343874
"P26809",7579.48173167783
"P26858",8147.16273916989
"P26859",8123.80409708831
"P26860",300837.48553835
"P26892",5741.88499498461
"P27251",6343.85374536297
"P27253",6270.20382568315
"P27257",5608.1208546567
"P27261",4014.87118726284
"P27263",4117.69006944278
"P27264",3773.32330773094
"P27265",4537.79224640605
"P27266",3937.1013050788
"P27267",4437.15681012907
"P27271",4431.26881669151
"P27277",6083.6939088405
"P27279",5349.73476899983
"P27280",5396.90793588202
"P27281",8568.6052976777
"P27282",6127.84430246146
"P27283",5145.59522607209
"P27285",9555.33912390052
"P27286",6438.24516951667
"P27287",6999.57697022905
"P27288",6124.4140903048
"P27289",5662.61135966512
"P27446",7060.8991418563
"P27667",5119.01370041489
"P27668",5079.98808666128
"P27671",7917.89627755216
"P27672",9448.47255505804
"P27675",7001.20265198862
"P27676",7793.78705534739
"P27680",8028.68968323256
"P27682",10815.3738668966
"P27685",361189.705246069
"P27688",8365.59734841106
"P27693",6835.80651197797
"P27695",326276.59832392
"P27703",9767.21612094032
"P27704",8226.91347392041
"P27705",8338.2787146268
"P27707",9708.51557107594
"P27708",6821.96263060877
"P27711",7050.14889544666
"P27716",5149.54932172469
"P27718",5632.3137281973
"P27724",7710.26176053651
"P27728",6282.69754792421
"P27738",9335.34671552968
"P27740",8941.99263827832
"P27741",9289.0675413392
"P27748",43972.8941419029
"P27972",7493.02511784573
"P28235",8140.66025986154
"P28237",218253.375422544
"P28243",4586.45486806276
"P28245",4822.81783016084
"P28252",6382.72670123515
"P28258",5823.6750999658
"P28403",4268.223354847
"P28419",5714.41989418804
"P28465",9264.57167432007
"P28466",6167.24849179415
"P28467",5819.18781986436
"P28468",8026.73976009719
"P28538",6116.80467051431
"P28763",37396.55780404
"P28764",37293.4897048683
"P28767",37396.55780404
"P28773",39946.9829595995
"P28861",13912.2660952007
"P28863",14546.0340101195
"P28865",187691.254260135
"P28867",6710.65324664456
"P28868",5818.67956707156
"P28870",287983.487347096
"P28871",5667.694604007
"P28873",5482.47335917486
"P28876",5717.30397984142
"P28880",6384.21573387275
"P28888",6780.64353410664
"P28890",7237.22376806394
"P28891",6458.60752756849
"P28892",6198.40970336177
"P28893",7104.87968150702
"P28896",5488.76605626895
"P28899",6681.05523047559
"P28901",4950.82136692553
"P28911",6626.13575844715
"P28915",5931.76570537163
"P28925",5094.68015129874
"P28926",4331.12072967178
"P28927",4282.04123179262
"P28928",14068.6756486136
"P28929",5224.93332560082
"P28933",4927.58941306213
"P28936",10542.795722182
"P28941",5603.47712920934
"P28943",7110.51273090962
"P29184",5165.6890724221
"P29196",226987.659656797
"P29198",6676.21851081293
"P29199",8161.60048826942
"P29200",7611.75761746836
"P29202",5310.49572224488
"P29203",8481.72921896565
"P29208",9440.06086885534
"P29209",9045.61765617828
"P29210",9503.02389494851
"P29213",5641.84305257825
"P29215",6973.98854132958
"P29216",6983.28490974449
"P29219",5945.92639530409
"P29221",5747.91327698868
"P29231",7188.97236848284
"P29233",6102.11555029717
"P29235",5124.60549294927
"P29307",5469.930148362
"P29346",4999.16195506512
"P29353",8933.82618235759
"P29355",7563.43271942622
"P29356",6577.95601549453
"P29357",6545.45750930231
"P29358",6401.82293634313
"P29359",6688.57178110376
"P29360",9797.90422193779
"P29361",7354.38000401898
"P29364",7085.60240394243
"P29365",4950.59971236044
"P29368",6078.38436469515
"P29369",6321.43065032538
"P29370",6561.33822846281
"P29371",5528.02724413374
"P29376",5546.53283461911
"P29381",7690.68453319036
"P29383",5039.66369784173
"P29389",10070.5506596068
"P29390",11190.6109585986
"P29579",8841.59269689889
"P29580",6041.23990981851
"P29581",5880.99585746559
"P29583",5768.9273050482
"P29584",5094.51735451996
"P29585",6071.84810856395
"P29628",6401.61968076245
"P29632",6997.09647359463
"P29653",9675.449197527
"P29654",10910.929542659
"P29657",7927.65695490357
"P29710",8972.56137938436
"P29726",176152.93033394
"P29727",212298.042916697
"P29728",6814.26318902666
"P29748",6903.37381478734
"P29750",5864.89087942368
"P29751",5664.03955605542
"P29786",5476.85990042497
"P29787",2392.00397543914
"P29788",3716.52206668399
"P29789",3231.74249668869
"P29790",3672.96341076055
"P29791",6536.91071134933
"P29882",5750.44033839557
"P29887",4583.61298514824
"P29915",107553.551974794
"P30021",5945.1906257326
"P30022",5852.06398321706
"P30044",6926.64161597253
"P30051",5190.13471671215
"P30054",272474.172888737
"P30329",6328.387234512
"P30336",7711.0329231789
"P30446",5110.6048995144
"P30580",6868.71268644338
"P30581",6685.38460464926
"P30582",8174.7581631324
"P30584",30377.8406634423
"P30585",18039.9038354992
"P30761",5783.92833107764
"P30768",5517.55286796868
"P30836",6177.98476253863
"P30964",51022.4141372291
"P31127",10930.7661097043
"P31152",11203.7346915195
"P31154",7621.235527235
"P31177",7783.86044688095
"P31266",27345.2443984705
"P31308",5139.53633224895
"P31309",5646.36002337241
"P31310",5539.71570080413
"P31312",5445.99874603337
"P31313",5076.03418709247
"P31314",5511.04024603877
"P31331",5721.39264621435
"P31332",296399.266220162
"P31333",5015.10529790239
"P31340",261285.896409196
"P31341",352562.437612939
"P31342",6548.19722743499
"P31343",6720.22083927372
"P31346",6605.84683652043
"P31349",332611.182544294
"P31351",7767.65658258345
"P31352",5498.40347425077
"P31355",6099.34717891009
"P31356",6130.33411372754
"P31396",7773.61530337237
"P31433",7709.23411251526
"P31438",12024.985651754
"P31440",11385.9592251667
"P31441",10768.0660892756
"P31442",9037.79952945463
"P31443",11056.9417195749
"P31473",9768.71620717088
"P31477",9398.82993270322
"P31493",7103.3333955289
"P31501",14068.4397021536
"P31502",13960.0525062236
"P31505",15533.2279056198
"P31574",55007.1872744421
"P31578",50284.5537165075
"P31610",49189.6658607621
"P31611",50862.2779625227
"P31623",10877.3711893342
"P31627",5694.22812287983
"P31629",9698.53250849038
"P31632",4851.10526998266
"P31633",5605.53626624178
"P31634",5092.04897846729
"P31637",37421.3771915351
"P31640",7464.58962125706
"P31642",38786.094077119
"P31644",68849.4996565404
"P31647",10634.9631266796
"P31680",33607.2344985965
"P31683",46316.3670290303
"P31684",49803.7361389044
"P31690",31854.7642053814
"P31830",6240.73773296888
"P31832",6279.89579830985
"P31833",6487.32975664923
"P31835",6388.15512725158
"P31836",7672.8535701438
"P31837",3707.53090886187
"P31838",7155.01469141765
"P31839",3400.84962394573
"P31840",4053.88957435692
"P31841",3921.33202161246
"P31844",3555.5421527633
"P31846",8232.77664699769
"P31847",3616.14494426142
"P31849",4191.9955605362
"P31850",4707.69133991766
"P31853",4202.49654911748
"P31854",5474.70574441552
"P31855",5561.14390224498
"P31858",6435.58943877134
"P31860",4240.64555616627
"P31869",10186.7228356134
"P31873",6672.2288257852
"P31874",29168.4233995592
"P31876",5522.50384436909
"P31877",5722.47301573846
"P31878",5742.87742605718
"P31879",7630.45908819333
"P31881",6799.53791948424
"P31883",9066.20021492501
"P31885",6963.24767546479
"P31887",5083.84149233132
"P31888",4870.17245836512
"P31891",4707.36186773307
"P31894",325835.742967028
"P31895",320717.195991121
"P31896",6547.65180941774
"P31928",6708.42798070888
"P31976",5226.24999622973
"P32014",59244.6495586265
"P32065",6427.92104712138
"P32126",7478.79544502966
"P32564",56256.4396317502
"P32570",60650.0020320042
"P32581",7654.96575765045
"P32625",8873.64675582123
"P32901",7761.59158227842
"P32918",5634.35031505756
"P33013",5633.11325033416
"P33017",9549.9776628684
"P33089",5354.20810154278
"P33191",5669.99813398854
"P33395",7596.08220165127
"P33532",8643.0052270969
"P33533",9188.46318995795
"P33534",8504.49424196102
"P33681",6822.37023375209
"P33682",6917.48903174273
"P33683",6836.14863296262
"P33704",10148.1253024732
"P33943",69341.3094509435
"P33945",69731.6078594643
"P33971",7326.51042408916
"P34002",6724.146763887
"P34078",13176.0983917383
"P34082",8971.7691005585
"P34083",9219.17739347348
"P34087",9491.24011402834
"P34088",9601.32428210115
"P34090",8258.21255542325
"P34091",10013.0933714935
"P34094",7833.84232543351
"P34095",7812.49769394407
"P34096",8339.40637161366
"P34100",8986.55618203391
"P34101",8516.56876089704
"P34102",4178.61641958326
"P34103",4673.71688700157
"P34104",3645.95855531022
"P34105",3497.33086515001
"P34106",4341.99008061569
"P34107",3928.72463397991
"P34108",4695.47884303037
"P34109",9038.53280336253
"P34110",6836.34177425378
"P34112",8216.72526578251
"P34113",7257.51288205635
"P34115",9291.64472156691
"P34117",6626.74898036001
"P34119",7801.62660241093
"P34120",4519.51410032041
"P34124",6692.69215108253
"P34125",7613.77749960016
"P34126",8014.83354998744
"P34127",7229.49269464297
"P34128",7713.96579994498
"P34130",4898.46818086018
"P34133",6579.64807908292
"P34134",7838.5440822447
"P34135",5197.92154082087
"P34137",7681.7906281794
"P34138",5575.76434074233
"P34140",5543.40745825167
"P34149",12793.8719987243
"P34150",7557.32547205294
"P34151",5831.18698942342
"P34152",5806.51225695522
"P34156",6002.43999389368
"P34157",6322.46252076324
"P34158",6087.8229274875
"P34161",6224.38677552166
"P34164",14241.2644480361
"P34165",8198.32316933924
"P34166",7158.27418267889
"P34167",14146.3974977759
"P34168",6668.70332959844
"P34173",7220.77398120091
"P34179",6704.09553263799
"P34180",7482.88078051653
"P34181",5947.32424009462
"P34182",6588.81472040465
"P34183",6653.01561569991
"P34184",6576.3661509395
"P34185",7558.02226563074
"P34186",5498.66454379531
"P34188",5536.71370721733
"P34191",6772.93534306192
"P34193",6654.70509147134
"P34194",6341.17245698466
"P34196",6728.71089892412
"P34197",6379.26404192142
"P34198",6290.79999025992
"P34201",6245.45674630397
"P34205",6655.39203492644
"P34208",7153.47232307
"P34209",9284.99693804583
"P34210",11490.1092211756
"P34211",12044.0446388925
"P34212",11294.66393192
"P34213",8630.37738998359
"P34214",9803.5018486623
"P34216",9227.97447077759
"P34217",8520.41287051949
"P34219",5759.78198507301
"P34220",5757.70630324373
"P34222",8803.05210940736
"P34223",6525.1892849927
"P34224",10161.9394314903
"P34228",5833.85264291188
"P34229",6399.42956640074
"P34233",10732.2916711049
"P34235",11625.6542629532
"P34236",11015.956241624
"P34237",6571.18778719233
"P34238",7327.16643851441
"P34255",5089.11951574014
"P34256",4071.26435001846
"P34260",5170.51833749539
"P34261",4218.56347284338
"P34262",4184.90624473098
"P34263",4515.69076775043
"P34265",4217.29961681608
"P34266",4150.66937575594
"P34268",4516.76367848678
"P34271",3093.74556587242
"P34272",3402.48400721938
"P34273",7245.6688407964
"P34274",4015.1449349086
"P34277",4221.9098718487
"P34282",3395.88365239289
"P34283",4114.59448945373
"P34284",3408.08612436849
"P34285",2921.53080034511
"P34287",7171.43557100732
"P34446",6391.24817763505
"P34447",8660.41029963721
"P34448",5889.92140298613
"P34449",7544.20947961354
"P34450",6450.79204032279
"P34468",5831.14313635569
"P34469",5881.42289392507
"P34474",5617.46245366101
"P34476",5989.71311260121
"P34477",5315.9645332112
"P34478",5856.26544195873
"P34479",5927.25749872446
"P34480",6165.06028542362
"P34481",6162.78977824554
"P34483",5980.76052539253
"P34484",5752.14747841483
"P34485",5812.70988764202
"P34486",5752.07937000752
"P34487",5639.48360168407
"P34488",5622.43399575917
"P34489",5760.49849461048
"P34490",5424.62211843157
"P34491",5756.45097160405
"P34492",5610.05703752223
"P34493",5803.16763695111
"P34495",5872.48794299818
"P34496",5625.39818520464
"P34498",5510.54619948526
"P34499",6075.03199419712
"P34500",5835.34134521471
"P34502",5484.92982587957
"P34503",240387.413530131
"P34504",5899.72897219146
"P34505",6021.96558357213
"P34507",6044.37379537563
"P34508",5212.85309372293
"P34509",5973.02788865178
"P34510",5686.98729971781
"P34511",6858.54040295683
"P34512",6373.21858318569
"P34513",5801.43467651861
"P34514",6231.70484674975
"P34518",6430.77920919986
"P34530",6982.66367179097
"P34531",5584.07796445261
"P34532",8506.28822474595
"P34533",5960.96253566279
"P34534",6032.36871232614
"P34715",5175.95973277241
"P34717",204897.090633656
"P34729",6034.28106298864
"P34800",8099.7892365562
"P34801",7984.76619917464
"P34802",7857.74741780957
"P34803",7514.88473435657
"P34807",824480.557727486
"P34855",5322.98187923509
"P34858",208688.767202245
"P34888",8278.6063077074
"P34890",10563.1937955688
"P34893",7608.214343125
"P34895",5370.88013570636
"P34909",5350.16580976225
"P34910",6695.71975045447
"P34911",7424.94210350862
"P34912",6205.68267343252
"P34956",6517.46833283613
"P34957",5915.01392004521
"P34961",6143.31941566366
"P34962",6558.18081032411
"P34967",7546.21467616734
"P34969",6026.52629124793
"P34970",8973.16166840351
"P34971",7002.80850378619
"P34972",6859.22831495596
"P34973",7244.97892165725
"P34974",5878.53669338372
"P34976",6656.21248006031
"P34977",6174.00129747946
"P34978",6516.73969899017
"P34979",6495.74941340201
"P34988",7094.31382988219
"P34989",6461.23596524034
"P34990",6502.90883226457
"P34991",6053.29387284428
"P34993",7837.00272647116
"P34994",189810.124177357
"P34995",6742.77942525888
"P34996",7738.55021097428
"P34997",149599.940809658
"P34998",7254.68685690364
"P34999",169448.365150373
"P35000",6864.58233283334
"P35001",8299.2190291366
"P35003",6226.39022029644
"P35005",7186.8330339024
"P35008",7035.51606291005
"P35039",6420.36850378146
"P35080",11095.7775189232
"P35085",9963.72874540994
"P35087",8761.529585196
"P35091",7927.94893374104
"P35093",7916.21493638416
"P35094",7348.9061989779
"P35095",7635.62025053602
"P35096",7622.07975298146
"P35097",8766.38533078426
"P35100",51319.3949039554
"P35102",9635.37579903056
"P35310",7484.19326753922
"P35315",8314.84172913449
"P35324",6367.26009369841
"P35326",8534.46539727118
"P35329",6585.45911132738
"P35331",83400.6952390744
"P35347",6708.48581572528
"P35349",6726.02815607536
"P35352",69135.7610930662
"P35354",50164.9206348379
"P35374",5555.16146660037
"P35645",7280.07321595584
"P35948",3808.6473496214
"P35950",9180.87635319431
"P35954",5107.04905022795
"P35957",4987.4576187863
"P35959",3857.33245627507
"P35960",3782.85052428424
"P35961",3475.35434826
"P35964",4442.54515189789
"P35966",9365.28829448723
"P35967",5902.39433152999
"P35969",5057.43687739353
"P35970",3889.8288771014
"P35978",8899.2427916217
"P35987",8923.94253846311
"P35988",8934.10172274455
"P35989",9751.52583336878
"P35990",9715.44163345155
"P35991",10890.3459253732
"P35994",9605.29136872067
"P35997",10046.5463609806
"P36003",16779.1480152191
"P36004",16203.483164505
"P36006",186294.561703508
"P36010",14048.9217380362
"P36019",5518.00777601904
"P36020",6581.66438978313
"P36021",5731.09345851176
"P36082",6104.43394861092
"P36084",6057.50422662886
"P36086",5961.73109077151
"P36091",4511.26806430541
"P36094",4078.87239808345
"P36095",4079.8533680294
"P36097",4313.89336267404
"P36098",4627.64065883354
"P36099",4041.86430795736
"P36120",4256.3985538355
"P36123",5198.17747944311
"P36125",4397.32091238898
"P36129",6000.46830987631
"P36130",5845.27908329878
"P36132",7012.55583570686
"P36136",5857.08624895895
"P36138",6459.26569212941
"P36139",6018.97509243236
"P36140",5914.02015409164
"P36143",5971.0702053926
"P36144",6501.75554550074
"P36146",6186.34862886732
"P36154",4641.10643070225
"P36158",4647.52714596836
"P36159",5843.01896520504
"P36160",4907.13818279357
"P36161",6202.80362828933
"P36162",4781.02676006992
"P36163",4913.69398949825
"P36164",7669.21931851255
"P36166",5919.05423009313
"P36167",6862.70372698869
"P36169",6779.91749495922
"P36170",7171.76613703335
"P36172",6589.6624612471
"P36174",6918.3280100672
"P36177",6878.62712926848
"P36178",5736.92999333237
"P36185",4617.6847304279
"P36189",4784.75072188413
"P36195",4453.61301901575
"P36201",5596.69664927209
"P36202",4160.96741091856
"P36204",4359.87430438542
"P36206",4269.89750505599
"P36207",4253.37277694126
"P36209",5287.1100056047
"P36213",6940.27956211336
"P36214",7365.95231648017
"P36217",5176.96842445139
"P36219",4524.24747315285
"P36220",4295.86297921369
"P36223",5041.74030695329
"P36227",5159.02834456039
"P36228",5210.21587288189
"P36229",7768.14990436807
"P36230",6445.4996137455
"P36231",6492.72258309556
"P36233",7111.36013972394
"P36251",6661.00671363628
"P36252",4694.24903932975
"P36254",6129.2737804351
"P36256",6159.75723593973
"P36257",3973.40636991531
"P36260",6953.77779924189
"P36261",5357.89185799161
"P36262",5770.51102447043
"P36263",5225.27412614374
"P36264",4273.91311016801
"P36265",3791.39148610042
"P36266",3429.83905162219
"P36267",3676.0118832443
"P36271",4693.0893325153
"P36274",4153.90879109825
"P36279",5761.52555554628
"P36280",7593.6098655888
"P36284",4872.09487804528
"P36339",7904.99774281906
"P36465",114040.046191141
"P36467",119862.38624324
"P36522",2422.54745278546
"P36526",5835.72978134713
"P36530",6471.83733135194
"P36531",3899.04875801923
"P36532",8647.63815402272
"P36533",6952.16209072384
"P36534",7347.82230042624
"P36536",7412.67496210987
"P36537",6056.09507337162
"P36539",5471.08234822571
"P36540",5455.67142937434
"P36541",5902.03834326093
"P36543",5448.15745119157
"P36544",4617.73385541824
"P36545",5272.26301399132
"P36546",5830.47683439068
"P36548",4385.51217671441
"P36551",6576.97736705125
"P36553",4339.0354289279
"P36554",4001.15935068803
"P36556",3982.42295342934
"P36557",4226.10966573331
"P36558",3688.36529490304
"P36559",5874.93365137031
"P36561",8730.49674468059
"P36562",6221.61176880702
"P36564",6554.61656277022
"P36568",5585.5297520445
"P36569",6189.06308978148
"P36571",5248.13117348309
"P36572",5478.4888951739
"P36573",5420.63511983318
"P36574",5317.58800043548
"P36576",4050.00799666486
"P36580",3895.79448525832
"P36581",5824.96888926967
"P36584",5582.09829933011
"P36586",4142.14397066676
"P36588",5046.57799095395
"P36590",7193.42508668845
"P36592",3709.1555008874
"P36593",3895.08250607577
"P36594",5621.93297797532
"P36595",8652.73226592043
"P36596",10009.1615512019
"P36599",5603.56709190123
"P36601",4865.22444214365
"P36602",4957.96575479398
"P36603",4706.5434523326
"P36604",5087.86799610155
"P36605",6592.33333468834
"P36606",5764.01843818275
"P36726",9655.13916117312
"P36766",13116.7666285186
"P36815",7215.22259910347
"P36818",7179.37402481733
"P36834",4105.3069107708
"P36885",13453.0973628373
"P37189",13535.0442766555
"P37226",5117.46637727399
"P37227",4988.96462917719
"P37228",4523.47392347207
"P37232",346453.860988724
"P37233",7383.9833113136
"P37235",321438.127468342
"P37236",7156.90553457203
"P37238",328237.438305752
"P37242",6720.61332653272
"P37246",6802.42468358972
"P37247",246282.889013815
"P37248",7795.79252081307
"P37251",7251.61356345594
"P37252",246941.155009356
"P37258",7121.26818673273
"P37259",6054.54078372667
"P37260",6225.93772463148
"P37261",6888.31976413224
"P37262",5458.64595758146
"P37268",6113.44176036076
"P37269",6598.40241748733
"P37271",8690.37129441829
"P37273",9384.20429258535
"P37274",8851.60622727638
"P37276",8322.32884798794
"P37278",9191.32317275883
"P37281",7425.44751212956
"P37282",7919.12207628666
"P37284",7064.29368334461
"P37285",8720.73450643589
"P37287",5102.89215569024
"P37289",5522.08029763297
"P37293",4968.09868217353
"P37300",237867.839467974
"P37301",182656.796642334
"P37307",6285.77513173233
"P37308",5085.55441159193
"P37309",5691.30455496876
"P37312",5686.21833558662
"P37315",5280.12617880259
"P37316",4944.28461275714
"P37320",4832.31511158417
"P37324",3661.70763865663
"P37327",5030.18268353148
"P37332",5787.62739966859
"P37333",6075.77112815854
"P37335",10583.8090738245
"P37337",9560.75916831633
"P37338",9483.76584314212
"P37364",4743.81487331549
"P37383",321237.668605532
"P37385",12666.8331629955
"P37387",8109.04394036965
"P37390",7551.48294624463
"P37391",7472.34749806522
"P37394",8345.74600977055
"P37397",236506.682300299
"P37399",258846.900739917
"P37401",7424.42235468692
"P37405",247912.924924147
"P37407",267681.540066142
"P37409",5987.67146157055
"P37412",6029.87765585786
"P37413",6111.66488741181
"P37414",9122.33916726882
"P37415",8531.77904479452
"P37417",9806.28495833206
"P37418",8346.49746857006
"P37512",6585.99470086895
"P37519",5899.41735726056
"P37524",5709.8688514173
"P37535",436297.3823645
"P37537",8071.58548027947
"P37538",4889.68409790032
"P37541",5140.29910575755
"P37542",5459.03878589433
"P37543",5374.846759661
"P37544",5812.30680342194
"P37558",5777.96705486325
"P37560",4650.31688641536
"P37568",361848.033642046
"P37570",5519.07856573007
"P37573",5932.36807146033
"P37574",5814.55241721376
"P37575",5758.73191483964
"P37579",6097.61412790493
"P37580",354153.034253079
"P37581",6114.63889679535
"P37582",5685.01783880263
"P37583",253547.504668093
"P37587",5725.7917457173
"P37592",7683.64499500143
"P37595",7364.45553383291
"P37597",6862.08319214782
"P37599",6275.1104944756
"P37600",315258.307498416
"P37602",7371.4687313955
"P37603",268811.809982252
"P37607",7072.68137930024
"P37608",246359.792347022
"P37610",6374.37466531759
"P37611",5883.85117507177
"P37614",14619.063451924
"P37617",5377.85083932664
"P37620",11098.0098063276
"P37624",8841.24580317482
"P37627",9703.20681732207
"P37631",10997.4779020153
"P37632",11041.6490223349
"P37634",7834.24296925764
"P37636",12685.1458078227
"P37640",5253.45520485643
"P37643",5377.0578472418
"P37652",212253.05439484
"P37655",5899.53259338914
"P37659",8323.27304843494
"P37688",6078.85614697473
"P37701",11443.0317960846
"P37740",9140.34947193865
"P37744",9147.44447576583
"P37745",9741.55353962913
"P37752",7767.91100882871
"P37753",17618.5771129987
"P37762",9657.24718795923
"P37763",9263.82608161945
"P37764",9723.31322469873
"P37766",7734.08216107493
"P37776",337815.509861104
"P37779",338654.450939077
"P37786",257563.309783469
"P37788",159632.233943758
"P37789",213767.425887588
"P37791",183752.52153912
"P37793",23951.1025154086
"P37797",159021.665820788
"P37807",8408.86659003671
"P37812",5663.90076416848
"P37813",5778.0781680617
"P37841",5067.80724620316
"P37844",5746.85767596059
"P37845",6828.72647472654
"P37848",17983.6419352017
"P37852",5785.98486594266
"P37862",6161.6426485124
"P37868",5358.31970127118
"P37869",7089.89331720225
"P37871",5276.49941106179
"P37872",6061.25976511766
"P37889",7697.37440392113
"P37904",6774.07784348673
"P38035",532640.439117635
"P38144",534159.860973232
"P38166",10696.8623521206
"P38167",4889.13542075646
"P38206",6335.62893420564
"P38235",3964.91334257165
"P38239",4374.36554998869
"P38349",4953.48474856482
"P38350",9380.62007864361
"P38352",5573.911778758
"P38389",26148.8079481754
"P38392",7185.11088969149
"P38393",6663.43987696794
"P38918",32391.428569538
"P38925",969451.101880684
"P38926",878843.376359822
"P38939",41638.8204052744
"P39206",9091.73023766903
"P39451",799323.454626652
"P39531",60156.0072422205
"P39536",58269.1990624501
"P39606",6735.68087449194
"P39665",8022.5261700136
"P39668",8481.17023152382
"P39670",7132.27709779214
"P39672",6290.71318419434
"P39674",5779.2920813902
"P39676",7232.01382016876
"P39677",5622.77418434706
"P39678",6332.26726177441
"P39682",5751.40006751406
"P39683",6087.03043498501
"P39690",6358.86351084635
"P39691",5633.28701734398
"P39693",5749.64059291234
"P39694",5574.3146994188
"P39695",5843.51868563231
"P39700",5605.93604518107
"P39701",5521.28107628673
"P39707",7018.6917727482
"P39708",8209.98515935772
"P39709",6571.89050780311
"P39710",6460.36516120015
"P39714",5130.48949638088
"P39717",5255.82004432483
"P39719",4492.31949158543
"P39722",5105.94670020719
"P39724",5529.27830246637
"P39725",8402.28663986855
"P39726",7191.21430107975
"P39728",6340.10729654978
"P39730",7024.14490606504
"P39731",7042.55114776551
"P39737",6688.05649902688
"P39738",5775.813087695
"P39739",4893.36374417693
"P39740",8682.29836719338
"P39741",8022.28244902898
"P39742",11349.8965097553
"P39743",6611.92376543436
"P39745",6306.00018882742
"P39746",5276.10621338346
"P39750",4514.98402656446
"P39751",4867.00009805454
"P39752",5082.49245010082
"P39754",6655.50358499115
"P39755",5296.77856814124
"P39756",5500.12408963953
"P39757",5698.65960057238
"P39758",6456.81364738557
"P39759",5993.62842731179
"P39760",5753.30526920879
"P39761",6064.30813406829
"P39762",5798.65374508734
"P39763",4055.17949949668
"P39766",4922.15253712963
"P39769",4625.98020395152
"P39771",4600.94268615257
"P39772",6108.81664232966
"P39773",4318.10168277768
"P39776",4170.87254192642
"P39778",6696.35222429864
"P39779",7249.26772007621
"P39783",6484.71025410922
"P39785",4989.34941925335
"P39788",6646.41825748045
"P39789",29934.0463687681
"P39790",6277.81032976586
"P39801",6522.74291737211
"P39808",6730.38517825461
"P39814",7325.51969256984
"P39816",7885.51125834654
"P39823",5581.74242928556
"P39825",5873.15945972169
"P39832",4874.15478529699
"P39846",6536.95358555204
"P39853",6277.81870774448
"P39856",7225.70095588911
"P39929",68584.6081009973
"P39936",71860.0731054013
"P39938",54823.6730182452
"P39946",70130.6008887271
"P39950",43762.2603141646
"P39975",42354.3781865613
"P39977",43206.7361007634
"P39979",33329.9138261221
"P39981",39170.9424490319
"P39983",52173.9040399446
"P39985",55772.2282971501
"P39986",45992.1697694969
"P39989",7154.20396865438
"P40003",32361.9824002013
"P40004",33729.2486371493
"P40006",6058.89375894602
"P40013",6223.14223343548
"P40014",9670.04625587692
"P40015",4911.32182168344
"P40016",6016.72997626704
"P40110",7766.27759985938
"P40119",8274.7573306214
"P40123",7039.62214058784
"P40125",6831.68748073151
"P40141",226346.560945946
"P40147",5519.25663105018
"P40149",5564.16198439311
"P40154",8675.92476531135
"P40189",5775.46011505373
"P40192",5897.77119921788
"P40193",5622.07502874257
"P40195",5218.93172081714
"P40204",8878.89397227714
"P40205",7602.24663637138
"P40208",4896.14655968762
"P40214",5507.12464369503
"P40215",6160.41004109137
"P40216",6385.32480062166
"P40217",5005.13655244286
"P40227",7969.53200972167
"P40235",11079.3076305599
"P40242",7351.6103342874
"P40250",11494.5651888545
"P40260",11993.4730504908
"P40263",10672.4028627776
"P40266",7289.26109614195
"P40267",182154.797020195
"P40272",9165.55381008466
"P40279",8299.9384566243
"P40286",5300.37102389807
"P40288",4893.26226428968
"P40290",6050.75609082776
"P40296",8046.23438320474
"P40327",5023.95103931757
"P40340",5119.78760655643
"P40354",4908.91311381448
"P40356",4887.15301152295
"P40367",3308.43177447064
"P40372",4345.89710446837
"P40378",4492.12069040618
"P40388",3934.83878610943
"P40389",3364.23152528172
"P40623",10192.6312709545
"P40654",3808.07166230108
"P40661",5043.89904962987
"P40676",4514.90307164021
"P40681",7056.60091636335
"P40683",249209.573527908
"P40696",2968.1696212807
"P40704",7219.10199604951
"P40712",6630.91577331807
"P40715",5146.58797389151
"P40728",3192.92459384684
"P40790",8407.91928944769
"P40920",2747.15772770095
"P40921",3036.00581271953
"P40922",2822.67108853203
"P40924",2754.00351245676
"P40925",5824.73004476571
"P40926",2842.829074855
"P40928",3362.91027654344
"P40977",5406.04909097811
"P41092",51095.5054776087
"P41127",8406.98993072414
"P41166",11768.5569798076
"P41233",53445.1243622794
"P41236",52841.3225026459
"P41237",61607.8787107404
"P41238",54487.2829556188
"P41242",4568.87743167559
"P41244",4527.38666204679
"P41332",7316.16264263626
"P41333",6528.49527751757
"P41346",5416.82786508571
"P41355",5933.01559183389
"P41433",7232.70722876732
"P41511",11927.622702971
"P41524",9861.77056138713
"P41625",9736.47912532717
"P41730",4343.4974425076
"P41738",4366.2799714284
"P41740",3550.55468719174
"P41742",3434.06317206791
"P41744",4657.15952492107
"P41752",3914.64032410681
"P41754",3662.65081542155
"P41755",6154.99736392297
"P41757",2865.18560997463
"P41759",2901.53970699473
"P41760",7018.93169050837
"P41761",6399.3721422463
"P41762",4651.56881908218
"P41765",3650.59269338257
"P41767",7558.74081639612
"P41770",7582.07380740545
"P41771",3276.58917325462
"P41796",4872.21724754516
"P41797",4738.9618249204
"P41798",5373.07693090357
"P41799",4992.60817708203
"P41800",4451.81050370674
"P41801",4281.89956595929
"P41803",2597.32789755855
"P41804",2445.67247190908
"P41805",3426.04908874641
"P41811",7992.50053356174
"P41814",4331.41577295111
"P41815",5894.13595265394
"P41817",3934.68998655961
"P41818",4126.86183325711
"P41819",3944.69755916112
"P41821",3665.50494478393
"P41822",4655.31788159189
"P41823",3555.38833651489
"P41827",3797.76596387264
"P41828",7334.44906470804
"P41839",4418.47766884108
"P41841",4669.75995983685
"P41844",5201.50180048361
"P41855",3369.86399681275
"P41857",3682.58854099037
"P41858",3942.21621697973
"P41861",3050.59719119946
"P41863",3555.8810021839
"P41874",6644.42392439747
"P41877",6587.79865568446
"P41889",4901.36639375642
"P41891",4110.19585423837
"P41892",4855.8744150235
"P41895",4052.89284208597
"P41900",7008.94664398598
"P41901",6674.41493848201
"P41928",3616.14671043533
"P41931",47258.1159953834
"P41934",3994.5143523801
"P41936",5515.41702520408
"P41938",5344.11773579733
"P41948",5641.2254461176
"P41952",4082.80231665083
"P41954",4931.86026862748
"P41959",5978.2695911033
"P41961",6136.3752045413
"P41962",5140.30229346632
"P41974",4840.05050592526
"P42054",5375.23826573891
"P42061",6854.44002917667
"P42064",6977.46007379054
"P42102",146070.857787975
"P42120",52893.7534084454
"P42129",72672.4320104978
"P42190",56386.9728896403
"P42296",4556.01808855889
"P42297",6590.69722474478
"P42298",281162.079429105
"P42299",6700.9688600826
"P42301",268316.713710737
"P42302",5702.01936217644
"P42303",6561.9774726748
"P42304",6361.89729374512
"P42305",6887.03310979127
"P42315",5585.6585042909
"P42318",4972.50796979024
"P42323",7077.39826924616
"P42324",8928.35015378299
"P42325",9218.38743847168
"P42326",8026.73905248542
"P42334",6684.44888655625
"P42336",6432.50024923716
"P42339",6672.67792622841
"P42343",6332.50992634972
"P42345",7862.5792500803
"P42347",6429.91626270877
"P42353",6671.6637206844
"P42382",7228.81882478149
"P42385",5705.06296412284
"P42395",4886.86095129614
"P42396",4781.19264221623
"P42486",5737.54100988681
"P42571",5806.95081599245
"P42688",84408.7494351648
"P42745",4340.80608059406
"P42797",10018.9052302188
"P42818",4578.58245210309
"P42820",7579.56846885065
"P42821",8257.57317982738
"P42826",4771.01354981984
"P42827",4281.01395786681
"P42838",6591.54807421143
"P42846",4469.59501719849
"P42848",6737.89929345473
"P42850",6758.88400733079
"P42851",5208.11021167237
"P42854",3991.70690690913
"P42856",4648.93352255267
"P43126",213348.526696952
"P43212",258220.460786421
"P43476",66809.2435296973
"P43491",68965.4928265747
"P43495",66722.4195956497
"P43546",9823.3139183214
"P43627",396557.478362826
"P43846",4771.62019406513
"P43866",4449.23671302259
"P43933",571782.218558082
"P43962",6809.10143356727
"P43987",3811.56182068635
