pipe_id,event_year,route_id,straight_section_id
P01002,2023,R_P01002,S_P01002
P01003,2024,R_P01002,S_P01003
P01005,2024,R_P01005,S_P01005
P01011,2024,R_P01011,S_P01011
P01015,2025,R_P01012,S_P01015
P01017,2025,R_P01012,S_P01017
P01032,2024,R_P01012,S_P01032
P01033,2026,R_P01012,S_P01033
P01054,2023,R_P01012,S_P01054
P01057,2024,R_P01056,S_P01056
P01058,2020,R_P01058,S_P01058
P01060,2019,R_P01059,S_P01060
P01062,2024,R_P01062,S_P01062
P01063,2026,R_P01062,S_P01063
P01064,2024,R_P01064,S_P01064
P01065,2024,R_P01065,S_P01065
P01066,2023,R_P01065,S_P01066
P01069,2019,R_P01069,S_P01069
P01070,2025,R_P01070,S_P01070
P01074,2025,R_P01073,S_P01074
P01078,2023,R_P01076,S_P01077
P01079,2026,R_P01079,S_P01079
P01080,2022,R_P01079,S_P01080
P01084,2025,R_P01084,S_P01084
P01089,2019,R_P01089,S_P01089
P01090,2020,R_P01090,S_P01090
P01098,2020,R_P01098,S_P01098
P01099,2019,R_P01099,S_P01099
P01106,2026,R_P01106,S_P01106
P01107,2025,R_P01107,S_P01107
P01108,2022,R_P01108,S_P01108
P01111,2019,R_P01111,S_P01111
P01112,2023,R_P01112,S_P01112
P01114,2024,R_P01114,S_P01114
P01115,2024,R_P01114,S_P01115
P01121,2020,R_P01121,S_P01121
P01125,2019,R_P01125,S_P01125
P01127,2019,R_P01127,S_P01127
P01131,2022,R_P01131,S_P01131
P01134,2022,R_P01133,S_P01134
P01140,2023,R_P01138,S_P01138
P01142,2020,R_P01142,S_P01142
P01144,2020,R_P01144,S_P01144
P01148,2023,R_P01147,S_P01148
P01149,2019,R_P01149,S_P01149
P01151,2019,R_P01150,S_P01151
P01156,2026,R_P01156,S_P01156
P01161,2023,R_P01160,S_P01161
P01162,2026,R_P01162,S_P01162
P01166,2023,R_P01166,S_P01166
P01169,2022,R_P01166,S_P01166
P01171,2020,R_P01171,S_P01171
P01173,2019,R_P01173,S_P01173
P01174,2019,R_P01174,S_P01174
P01175,2020,R_P01175,S_P01175
P01176,2019,R_P01176,S_P01176
P01177,2019,R_P01177,S_P01177
P01179,2019,R_P01178,S_P01179
P01180,2019,R_P01180,S_P01180
P01184,2025,R_P01184,S_P01184
P01185,2019,R_P01185,S_P01185
P01186,2020,R_P01186,S_P01186
P01188,2025,R_P01187,S_P01188
P01193,2024,R_P01192,S_P01192
P01197,2026,R_P01197,S_P01197
P01200,2019,R_P01200,S_P01200
P01205,2024,R_P01203,S_P01204
P01206,2026,R_P01206,S_P01206
P01216,2020,R_P01216,S_P01216
P01217,2019,R_P01216,S_P01217
P01218,2021,R_P01218,S_P01218
P01219,2021,R_P01219,S_P01219
P01220,2021,R_P01220,S_P01220
P01222,2020,R_P01222,S_P01222
P01223,2019,R_P01222,S_P01222
P01224,2020,R_P01221,S_P01221
P01225,2020,R_P01225,S_P01225
P01227,2020,R_P01227,S_P01227
P01231,2021,R_P01231,S_P01231
P01232,2019,R_P01232,S_P01232
P01233,2019,R_P01233,S_P01233
P01236,2025,R_P01235,S_P01236
P01237,2022,R_P01237,S_P01237
P01238,2023,R_P01238,S_P01238
P01239,2026,R_P01239,S_P01239
P01241,2019,R_P01241,S_P01241
P01242,2019,R_P01241,S_P01242
P01246,2020,R_P01246,S_P01246
P01247,2019,R_P01247,S_P01247
P01248,2021,R_P01248,S_P01248
P01249,2024,R_P01249,S_P01249
P01252,2025,R_P01252,S_P01252
P01261,2024,R_P01261,S_P01261
P01264,2021,R_P01264,S_P01264
P01267,2019,R_P01267,S_P01267
P01273,2019,R_P01273,S_P01273
P01274,2020,R_P01274,S_P01274
P01275,2021,R_P01275,S_P01275
P01277,2024,R_P01277,S_P01277
P01282,2019,R_P01282,S_P01282
P01283,2020,R_P01282,S_P01283
P01284,2021,R_P01284,S_P01284
P01285,2021,R_P01285,S_P01285
P01286,2021,R_P01286,S_P01286
P01289,2019,R_P01289,S_P01289
P01298,2019,R_P01298,S_P01298
P01301,2020,R_P01301,S_P01301
P01302,2025,R_P01302,S_P01302
P01303,2026,R_P01302,S_P01303
P01304,2020,R_P01304,S_P01304
P01305,2019,R_P01304,S_P01305
P01307,2019,R_P01306,S_P01307
P01308,2019,R_P01306,S_P01307
P01310,2020,R_P01310,S_P01310
P01314,2026,R_P01314,S_P01314
P01315,2026,R_P01315,S_P01315
P01317,2023,R_P01317,S_P01317
P01320,2019,R_P01320,S_P01320
P01326,2019,R_P01326,S_P01326
P01327,2019,R_P01327,S_P01327
P01328,2019,R_P01328,S_P01328
P01330,2020,R_P01330,S_P01330
P01331,2024,R_P01331,S_P01331
P01332,2026,R_P01332,S_P01332
P01335,2021,R_P01335,S_P01335
P01336,2019,R_P01336,S_P01336
P01337,2020,R_P01336,S_P01337
P01339,2022,R_P01336,S_P01337
P01340,2020,R_P01340,S_P01340
P01341,2025,R_P01341,S_P01341
P01350,2023,R_P01350,S_P01350
P01359,2022,R_P01359,S_P01359
P01360,2022,R_P01360,S_P01360
P01361,2020,R_P01361,S_P01361
P01363,2019,R_P01363,S_P01363
P01365,2019,R_P01364,S_P01365
P01368,2019,R_P01368,S_P01368
P01371,2025,R_P01371,S_P01371
P01378,2020,R_P01378,S_P01378
P01379,2026,R_P01379,S_P01379
P01380,2023,R_P01379,S_P01380
P01381,2020,R_P01381,S_P01381
P01386,2024,R_P01386,S_P01386
P01394,2020,R_P01394,S_P01394
P01395,2022,R_P01394,S_P01395
P01400,2019,R_P01399,S_P01399
P01401,2024,R_P01401,S_P01401
P01403,2019,R_P01403,S_P01403
P01407,2024,R_P01407,S_P01407
P01409,2020,R_P01409,S_P01409
P01412,2020,R_P01412,S_P01412
P01413,2025,R_P01413,S_P01413
P01414,2025,R_P01413,S_P01414
P01416,2025,R_P01415,S_P01415
P01428,2019,R_P01427,S_P01428
P01431,2020,R_P01431,S_P01431
P01433,2019,R_P01433,S_P01433
P01434,2020,R_P01434,S_P01434
P01435,2025,R_P01435,S_P01435
P01439,2019,R_P01439,S_P01439
P01440,2021,R_P01440,S_P01440
P01442,2025,R_P01441,S_P01442
P01443,2026,R_P01443,S_P01443
P01450,2022,R_P01449,S_P01450
P01451,2022,R_P01449,S_P01450
P01452,2023,R_P01452,S_P01452
P01455,2020,R_P01455,S_P01455
P01457,2021,R_P01457,S_P01457
P01458,2019,R_P01458,S_P01458
P01459,2019,R_P01459,S_P01459
P01462,2020,R_P01462,S_P01462
P01463,2026,R_P01463,S_P01463
P01466,2022,R_P01466,S_P01466
P01470,2020,R_P01470,S_P01470
P01471,2020,R_P01471,S_P01471
P01472,2019,R_P01471,S_P01472
P01473,2019,R_P01473,S_P01473
P01474,2019,R_P01474,S_P01474
P01475,2019,R_P01471,S_P01472
P01479,2025,R_P01478,S_P01479
P01481,2020,R_P01481,S_P01481
P01484,2025,R_P01484,S_P01484
P01485,2019,R_P01484,S_P01484
P01496,2020,R_P01496,S_P01496
P01497,2019,R_P01496,S_P01497
P01498,2019,R_P01496,S_P01497
P01499,2019,R_P01499,S_P01499
P01500,2021,R_P01499,S_P01499
P01502,2026,R_P01502,S_P01502
P01503,2019,R_P01503,S_P01503
P01505,2021,R_P01504,S_P01505
P01510,2026,R_P01510,S_P01510
P01513,2020,R_P01513,S_P01513
P01517,2025,R_P01517,S_P01517
P01522,2019,R_P01522,S_P01522
P01524,2022,R_P01523,S_P01524
P01526,2020,R_P01526,S_P01526
P01527,2019,R_P01527,S_P01527
P01529,2019,R_P01529,S_P01529
P01530,2020,R_P01529,S_P01529
P01531,2019,R_P01531,S_P01531
P01533,2019,R_P01533,S_P01533
P01537,2025,R_P01537,S_P01537
P01540,2019,R_P01540,S_P01540
P01543,2019,R_P01543,S_P01543
P01544,2020,R_P01543,S_P01544
P01546,2025,R_P01545,S_P01545
P01547,2019,R_P01547,S_P01547
P01548,2025,R_P01547,S_P01548
P01558,2024,R_P01558,S_P01558
P01562,2022,R_P01562,S_P01562
P01571,2023,R_P01571,S_P01571
P01572,2024,R_P01572,S_P01572
P01574,2019,R_P01574,S_P01574
P01575,2020,R_P01575,S_P01575
P01576,2026,R_P01576,S_P01576
P01579,2025,R_P01578,S_P01578
P01582,2019,R_P01582,S_P01582
P01588,2019,R_P01587,S_P01587
P01591,2019,R_P01591,S_P01591
P01592,2021,R_P01592,S_P01592
P01593,2019,R_P01593,S_P01593
P01595,2024,R_P01595,S_P01595
P01598,2025,R_P01598,S_P01598
P01600,2019,R_P01600,S_P01600
P01602,2020,R_P01602,S_P01602
P01603,2024,R_P01603,S_P01603
P01604,2020,R_P01604,S_P01604
P01607,2020,R_P01607,S_P01607
P01609,2019,R_P01609,S_P01609
P01611,2020,R_P01611,S_P01611
P01614,2020,R_P01614,S_P01614
P01615,2019,R_P01615,S_P01615
P01623,2026,R_P01623,S_P01623
P01626,2026,R_P01625,S_P01625
P01637,2026,R_P01637,S_P01637
P01638,2026,R_P01638,S_P01638
P01645,2024,R_P01645,S_P01645
P01648,2026,R_P01648,S_P01648
P01650,2024,R_P01650,S_P01650
P01658,2019,R_P01658,S_P01658
P01659,2020,R_P01658,S_P01659
P01663,2020,R_P01663,S_P01663
P01664,2026,R_P01664,S_P01664
P01666,2025,R_P01666,S_P01666
P01667,2026,R_P01666,S_P01666
P01668,2020,R_P01668,S_P01668
P01670,2019,R_P01670,S_P01670
P01679,2019,R_P01679,S_P01679
P01680,2020,R_P01680,S_P01680
P01681,2020,R_P01681,S_P01681
P01683,2019,R_P01682,S_P01682
P01684,2019,R_P01681,S_P01681
P01685,2019,R_P01685,S_P01685
P01686,2025,R_P01686,S_P01686
P01689,2023,R_P01689,S_P01689
P01690,2020,R_P01690,S_P01690
P01699,2019,R_P01698,S_P01699
P01703,2022,R_P01703,S_P01703
P01705,2025,R_P01705,S_P01705
P01708,2025,R_P01708,S_P01708
P01709,2019,R_P01709,S_P01709
P01711,2019,R_P01711,S_P01711
P01713,2021,R_P01713,S_P01713
P01714,2019,R_P01714,S_P01714
P01715,2020,R_P01715,S_P01715
P01718,2026,R_P01718,S_P01718
P01720,2023,R_P01720,S_P01720
P01722,2019,R_P01722,S_P01722
P01723,2020,R_P01723,S_P01723
P01724,2019,R_P01723,S_P01724
P01725,2020,R_P01725,S_P01725
P01726,2019,R_P01725,S_P01725
P01727,2025,R_P01727,S_P01727
P01730,2019,R_P01730,S_P01730
P01735,2019,R_P01735,S_P01735
P01737,2019,R_P01737,S_P01737
P01741,2026,R_P01740,S_P01740
P01742,2025,R_P01742,S_P01742
P01745,2025,R_P01745,S_P01745
P01746,2025,R_P01746,S_P01746
P01749,2026,R_P01749,S_P01749
P01753,2026,R_P01753,S_P01753
P01757,2026,R_P01757,S_P01757
P01761,2024,R_P01760,S_P01760
P01764,2022,R_P01764,S_P01764
P01766,2026,R_P01766,S_P01766
P01767,2023,R_P01766,S_P01767
P01769,2025,R_P01769,S_P01769
P01770,2026,R_P01770,S_P01770
P01771,2020,R_P01771,S_P01771
P01774,2019,R_P01774,S_P01774
P01776,2026,R_P01776,S_P01776
P01778,2020,R_P01778,S_P01778
P01780,2021,R_P01780,S_P01780
P01781,2020,R_P01781,S_P01781
P01782,2022,R_P01782,S_P01782
P01784,2021,R_P01784,S_P01784
P01786,2019,R_P01786,S_P01786
P01790,2019,R_P01790,S_P01790
P01791,2019,R_P01790,S_P01791
P01797,2025,R_P01797,S_P01797
P01803,2023,R_P01803,S_P01803
P01805,2023,R_P01805,S_P01805
P01812,2026,R_P01812,S_P01812
P01813,2023,R_P01812,S_P01813
P01815,2023,R_P01814,S_P01814
P01816,2026,R_P01816,S_P01816
P01818,2019,R_P01818,S_P01818
P01820,2020,R_P01820,S_P01820
P01821,2020,R_P01821,S_P01821
P01823,2025,R_P01823,S_P01823
P01826,2025,R_P01826,S_P01826
P01833,2020,R_P01833,S_P01833
P01834,2020,R_P01834,S_P01834
P01835,2020,R_P01835,S_P01835
P01836,2023,R_P01835,S_P01835
P01838,2023,R_P01838,S_P01838
P01840,2025,R_P01840,S_P01840
P01841,2026,R_P01841,S_P01841
P01842,2025,R_P01841,S_P01841
P01843,2019,R_P01843,S_P01843
P01844,2026,R_P01844,S_P01844
P01846,2023,R_P01846,S_P01846
P01848,2019,R_P01848,S_P01848
P01849,2019,R_P01848,S_P01849
P01852,2025,R_P01852,S_P01852
P01857,2024,R_P01857,S_P01857
P01859,2026,R_P01859,S_P01859
P01860,2026,R_P01859,S_P01860
P01874,2024,R_P01873,S_P01873
P01879,2026,R_P01879,S_P01879
P01880,2019,R_P01880,S_P01880
P01884,2019,R_P01883,S_P01884
P01885,2019,R_P01885,S_P01885
P01889,2026,R_P01889,S_P01889
P01894,2021,R_P01894,S_P01894
P01899,2022,R_P01899,S_P01899
P01900,2022,R_P01900,S_P01900
P01901,2022,R_P01901,S_P01901
P01903,2020,R_P01903,S_P01903
P01904,2019,R_P01904,S_P01904
P01912,2022,R_P01912,S_P01912
P01913,2025,R_P01913,S_P01913
P01916,2020,R_P01916,S_P01916
P01918,2026,R_P01913,S_P01913
P01922,2023,R_P01922,S_P01922
P01923,2026,R_P01923,S_P01923
P01927,2025,R_P01927,S_P01927
P01933,2021,R_P01933,S_P01933
P01934,2026,R_P01934,S_P01934
P01935,2022,R_P01935,S_P01935
P01937,2025,R_P01936,S_P01936
P01940,2025,R_P01939,S_P01940
P01945,2024,R_P01945,S_P01945
P01951,2025,R_P01951,S_P01951
P01956,2022,R_P01956,S_P01956
P01957,2020,R_P01957,S_P01957
P01959,2023,R_P01958,S_P01959
P01960,2025,R_P01960,S_P01960
P01962,2026,R_P01578,S_P01578
P01972,2019,R_P01972,S_P01972
P01973,2019,R_P01973,S_P01973
P01976,2025,R_P01976,S_P01976
P01978,2023,R_P01978,S_P01978
P01979,2019,R_P01979,S_P01979
P01980,2019,R_P01980,S_P01980
P01981,2026,R_P01980,S_P01980
P01985,2024,R_P01985,S_P01985
P01986,2023,R_P01985,S_P01986
P01990,2025,R_P01990,S_P01990
P01993,2020,R_P01993,S_P01993
P01994,2020,R_P01994,S_P01994
P01999,2026,R_P01999,S_P01999
P02000,2023,R_P02000,S_P02000
P02005,2024,R_P02005,S_P02005
P02007,2019,R_P02007,S_P02007
P02009,2024,R_P02009,S_P02009
P02014,2020,R_P02014,S_P02014
P02019,2020,R_P02019,S_P02019
P02020,2020,R_P02019,S_P02020
P02021,2020,R_P02021,S_P02021
P02023,2019,R_P02023,S_P02023
P02025,2026,R_P02024,S_P02025
P02029,2019,R_P02029,S_P02029
P02030,2022,R_P02030,S_P02030
P02031,2023,R_P02031,S_P02031
P02032,2023,R_P02032,S_P02032
P02037,2026,R_P02037,S_P02037
P02039,2020,R_P02039,S_P02039
P02040,2026,R_P02040,S_P02040
P02041,2020,R_P02041,S_P02041
P02043,2019,R_P02041,S_P02042
P02044,2019,R_P02044,S_P02044
P02053,2026,R_P02052,S_P02053
P02054,2020,R_P02054,S_P02054
P02055,2022,R_P02054,S_P02054
P02062,2023,R_P02062,S_P02062
P02066,2025,R_P02066,S_P02066
P02067,2022,R_P02067,S_P02067
P02075,2026,R_P02075,S_P02075
P02077,2026,R_P02076,S_P02077
P02085,2023,R_P02085,S_P02085
P02087,2024,R_P02087,S_P02087
P02088,2025,R_P02087,S_P02088
P02095,2026,R_P02095,S_P02095
P02096,2021,R_P02095,S_P02095
P02099,2023,R_P02098,S_P02099
P02103,2021,R_P02103,S_P02103
P02120,2020,R_P02120,S_P02120
P02122,2022,R_P02121,S_P02122
P02124,2026,R_P02124,S_P02124
P02126,2020,R_P02126,S_P02126
P02127,2020,R_P02127,S_P02127
P02128,2021,R_P02127,S_P02128
P02129,2019,R_P02127,S_P02128
P02132,2021,R_P02132,S_P02132
P02133,2021,R_P02132,S_P02133
P02144,2024,R_P02144,S_P02144
P02145,2019,R_P02145,S_P02145
P02146,2024,R_P02146,S_P02146
P02152,2026,R_P02151,S_P02152
P02155,2023,R_P02155,S_P02155
P02158,2025,R_P02158,S_P02158
P02159,2026,R_P02159,S_P02159
P02162,2024,R_P02162,S_P02162
P02165,2026,R_P02165,S_P02165
P02168,2021,R_P02168,S_P02168
P02172,2021,R_P02171,S_P02171
P02174,2019,R_P02174,S_P02174
P02175,2019,R_P02175,S_P02175
P02178,2026,R_P02177,S_P02178
P02185,2020,R_P02185,S_P02185
P02187,2020,R_P02187,S_P02187
P02191,2023,R_P02191,S_P02191
P02194,2019,R_P02193,S_P02193
P02202,2020,R_P02202,S_P02202
P02203,2019,R_P02202,S_P02203
P02205,2020,R_P02204,S_P02204
P02206,2026,R_P02206,S_P02206
P02211,2025,R_P02211,S_P02211
P02212,2025,R_P02212,S_P02212
P02226,2019,R_P02226,S_P02226
P02227,2023,R_P02227,S_P02227
P02228,2026,R_P02227,S_P02227
P02230,2025,R_P02230,S_P02230
P02232,2026,R_P02232,S_P02232
P02239,2019,R_P02239,S_P02239
P02241,2026,R_P02240,S_P02241
P02245,2023,R_P02245,S_P02245
P02246,2023,R_P02245,S_P02246
P02247,2020,R_P02245,S_P02246
P02248,2025,R_P02248,S_P02248
P02263,2024,R_P02263,S_P02263
P02266,2019,R_P02265,S_P02265
P02267,2020,R_P02267,S_P02267
P02269,2019,R_P02269,S_P02269
P02271,2021,R_P02270,S_P02271
P02273,2019,R_P02272,S_P02273
P02274,2024,R_P02274,S_P02274
P02282,2020,R_P02282,S_P02282
P02284,2026,R_P02284,S_P02284
P02285,2026,R_P02284,S_P02285
P02290,2025,R_P02290,S_P02290
P02296,2025,R_P02295,S_P02296
P02298,2020,R_P02298,S_P02298
P02299,2020,R_P02298,S_P02298
P02309,2021,R_P02307,S_P02309
P02310,2020,R_P02310,S_P02310
P02316,2023,R_P02316,S_P02316
P02318,2023,R_P02318,S_P02318
P02319,2024,R_P02319,S_P02319
P02321,2020,R_P02321,S_P02321
P02326,2021,R_P02326,S_P02326
P02328,2025,R_P02327,S_P02328
P02342,2022,R_P02342,S_P02342
P02343,2022,R_P02343,S_P02343
P02344,2020,R_P02344,S_P02344
P02347,2024,R_P02347,S_P02347
P02349,2019,R_P02349,S_P02349
P02350,2019,R_P02350,S_P02350
P02352,2019,R_P02352,S_P02352
P02357,2019,R_P02357,S_P02357
P02359,2021,R_P02359,S_P02359
P02361,2021,R_P02359,S_P02360
P02364,2023,R_P02364,S_P02364
P02365,2023,R_P02365,S_P02365
P02368,2025,R_P02368,S_P02368
P02370,2020,R_P02370,S_P02370
P02372,2019,R_P02372,S_P02372
P02373,2019,R_P02373,S_P02373
P02374,2019,R_P02374,S_P02374
P02376,2021,R_P02375,S_P02375
P02387,2022,R_P02387,S_P02387
P02388,2019,R_P02388,S_P02388
P02390,2019,R_P02390,S_P02390
P02392,2020,R_P02392,S_P02392
P02394,2020,R_P02391,S_P02391
P02395,2022,R_P02395,S_P02395
P02397,2020,R_P02397,S_P02397
P02400,2020,R_P02399,S_P02399
P02401,2022,R_P02401,S_P02401
P02404,2024,R_P02404,S_P02404
P02406,2022,R_P02406,S_P02406
P02408,2026,R_P02408,S_P02408
P02410,2023,R_P02409,S_P02410
P02412,2023,R_P02412,S_P02412
P02413,2025,R_P02412,S_P02413
P02414,2025,R_P02412,S_P02413
P02415,2025,R_P02415,S_P02415
P02416,2019,R_P02416,S_P02416
P02418,2020,R_P02417,S_P02418
P02419,2019,R_P02419,S_P02419
P02423,2026,R_P02423,S_P02423
P02424,2019,R_P02424,S_P02424
P02428,2024,R_P02428,S_P02428
P02429,2025,R_P02428,S_P02429
P02432,2023,R_P02432,S_P02432
P02435,2026,R_P02435,S_P02435
P02439,2019,R_P02439,S_P02439
P02440,2019,R_P02440,S_P02440
P02441,2020,R_P02441,S_P02441
P02442,2026,R_P01660,S_P01660
P02448,2021,R_P02448,S_P02448
P02449,2020,R_P02449,S_P02449
P02450,2021,R_P02450,S_P02450
P02457,2019,R_P02457,S_P02457
P02459,2026,R_P02458,S_P02459
P02461,2020,R_P02460,S_P02460
P02463,2019,R_P02463,S_P02463
P02464,2019,R_P02463,S_P02464
P02467,2022,R_P02467,S_P02467
P02476,2019,R_P02476,S_P02476
P02481,2020,R_P02481,S_P02481
P02483,2019,R_P02483,S_P02483
P02488,2020,R_P02487,S_P02488
P02489,2019,R_P02489,S_P02489
P02491,2025,R_P02491,S_P02491
P02493,2020,R_P02493,S_P02493
P02495,2020,R_P02495,S_P02495
P02504,2024,R_P02504,S_P02504
P02507,2020,R_P02507,S_P02507
P02508,2026,R_P02508,S_P02508
P02521,2026,R_P02521,S_P02521
P02522,2020,R_P02522,S_P02522
P02526,2024,R_P02526,S_P02526
P02527,2022,R_P02526,S_P02527
P02528,2019,R_P02528,S_P02528
P02531,2025,R_P02531,S_P02531
P02533,2024,R_P02533,S_P02533
P02535,2026,R_P02535,S_P02535
P02536,2026,R_P02535,S_P02536
P02538,2020,R_P02538,S_P02538
P02541,2026,R_P02541,S_P02541
P02542,2019,R_P01725,S_P01725
P02544,2019,R_P02544,S_P02544
P02545,2023,R_P02545,S_P02545
P02546,2026,R_P02545,S_P02546
P02547,2022,R_P02547,S_P02547
P02549,2020,R_P02549,S_P02549
P02554,2020,R_P02553,S_P02554
P02560,2019,R_P02560,S_P02560
P02561,2020,R_P02561,S_P02561
P02562,2019,R_P02562,S_P02562
P02563,2019,R_P02563,S_P02563
P02564,2020,R_P02564,S_P02564
P02565,2020,R_P02565,S_P02565
P02566,2020,R_P02566,S_P02566
P02567,2020,R_P02567,S_P02567
P02568,2020,R_P02568,S_P02568
P02574,2020,R_P02574,S_P02574
P02577,2020,R_P02577,S_P02577
P02578,2019,R_P02577,S_P02577
P02580,2026,R_P02579,S_P02580
P02586,2026,R_P02586,S_P02586
P02587,2019,R_P02586,S_P02587
P02594,2021,R_P02594,S_P02594
P02595,2025,R_P02595,S_P02595
P02598,2019,R_P02598,S_P02598
P02600,2023,R_P02600,S_P02600
P02611,2024,R_P02611,S_P02611
P02612,2022,R_P02612,S_P02612
P02614,2019,R_P02614,S_P02614
P02621,2020,R_P02621,S_P02621
P02622,2019,R_P02622,S_P02622
P02628,2019,R_P02628,S_P02628
P02638,2019,R_P02638,S_P02638
P02649,2023,R_P02649,S_P02649
P02650,2024,R_P02650,S_P02650
P02663,2023,R_P02663,S_P02663
P02665,2023,R_P02665,S_P02665
P02666,2023,R_P02666,S_P02666
P02667,2023,R_P02667,S_P02667
P02670,2023,R_P02669,S_P02670
P02674,2023,R_P02674,S_P02674
P02675,2019,R_P02675,S_P02675
P02678,2020,R_P02678,S_P02678
P02680,2020,R_P02679,S_P02679
P02681,2025,R_P02681,S_P02681
P02683,2024,R_P02683,S_P02683
P02685,2026,R_P02685,S_P02685
P02687,2019,R_P02687,S_P02687
P02689,2026,R_P02689,S_P02689
P02694,2025,R_P02694,S_P02694
P02696,2025,R_P02696,S_P02696
P02697,2024,R_P02697,S_P02697
P02698,2025,R_P02697,S_P02697
P02700,2024,R_P02699,S_P02700
P02704,2025,R_P02704,S_P02704
P02707,2023,R_P02707,S_P02707
P02708,2023,R_P02707,S_P02708
P02711,2025,R_P02711,S_P02711
P02712,2024,R_P02711,S_P02712
P02717,2023,R_P02717,S_P02717
P02718,2020,R_P02718,S_P02718
P02722,2020,R_P02722,S_P02722
P02728,2023,R_P02728,S_P02728
P02733,2024,R_P02732,S_P02732
P02735,2019,R_P02735,S_P02735
P02745,2024,R_P02745,S_P02745
P02750,2020,R_P02750,S_P02750
P02752,2019,R_P02752,S_P02752
P02757,2019,R_P02756,S_P02757
P02759,2019,R_P02759,S_P02759
P02761,2019,R_P02761,S_P02761
P02762,2019,R_P02762,S_P02762
P02764,2023,R_P02764,S_P02764
P02766,2025,R_P02766,S_P02766
P02767,2019,R_P02767,S_P02767
P02770,2020,R_P02770,S_P02770
P02771,2020,R_P02771,S_P02771
P02772,2019,R_P02772,S_P02772
P02777,2020,R_P02776,S_P02776
P02784,2025,R_P02784,S_P02784
P02785,2025,R_P02785,S_P02785
P02789,2019,R_P02789,S_P02789
P02790,2020,R_P02790,S_P02790
P02791,2019,R_P02791,S_P02791
P02794,2019,R_P01547,S_P01547
P02798,2020,R_P02798,S_P02798
P02799,2019,R_P02798,S_P02799
P02802,2019,R_P02802,S_P02802
P02805,2026,R_P02805,S_P02805
P02808,2026,R_P02806,S_P02807
P02810,2019,R_P02809,S_P02810
P02812,2026,R_P02811,S_P02812
P02817,2022,R_P02817,S_P02817
P02827,2021,R_P02827,S_P02827
P02829,2019,R_P02828,S_P02829
P02830,2020,R_P02830,S_P02830
P02831,2020,R_P02830,S_P02830
P02836,2025,R_P02836,S_P02836
P02838,2021,R_P02838,S_P02838
P02840,2025,R_P02839,S_P02840
P02845,2024,R_P02845,S_P02845
P02846,2022,R_P02846,S_P02846
P02847,2025,R_P02847,S_P02847
P02850,2020,R_P02850,S_P02850
P02852,2026,R_P02852,S_P02852
P02853,2025,R_P02853,S_P02853
P02858,2022,R_P02858,S_P02858
P02862,2024,R_P02862,S_P02862
P02863,2026,R_P02862,S_P02863
P02864,2023,R_P02864,S_P02864
P02865,2025,R_P02864,S_P02864
P02867,2020,R_P02867,S_P02867
P02868,2019,R_P02867,S_P02868
P02869,2019,R_P02867,S_P02869
P02870,2020,R_P02867,S_P02869
P02872,2019,R_P02872,S_P02872
P02875,2020,R_P02875,S_P02875
P02876,2019,R_P02875,S_P02875
P02878,2023,R_P02878,S_P02878
P02881,2025,R_P02881,S_P02881
P02883,2019,R_P02883,S_P02883
P02884,2019,R_P02883,S_P02884
P02886,2026,R_P02885,S_P02886
P02887,2026,R_P02885,S_P02886
P02888,2026,R_P02888,S_P02888
P02897,2019,R_P02897,S_P02897
P02899,2020,R_P02899,S_P02899
P02901,2019,R_P02901,S_P02901
P02903,2019,R_P02901,S_P02901
P02908,2023,R_P02908,S_P02908
P02912,2023,R_P02912,S_P02912
P02913,2026,R_P02913,S_P02913
P02914,2023,R_P02914,S_P02914
P02915,2019,R_P02915,S_P02915
P02917,2019,R_P02917,S_P02917
P02920,2024,R_P02920,S_P02920
P02921,2026,R_P02920,S_P02921
P02922,2021,R_P02922,S_P02922
P02923,2026,R_P02923,S_P02923
P02927,2025,R_P02927,S_P02927
P02937,2024,R_P02937,S_P02937
P02939,2019,R_P02939,S_P02939
P02941,2019,R_P02941,S_P02941
P02947,2025,R_P02947,S_P02947
P02957,2021,R_P02957,S_P02957
P02958,2020,R_P02957,S_P02958
P02964,2020,R_P02964,S_P02964
P02974,2022,R_P02974,S_P02974
P02977,2024,R_P02977,S_P02977
P02978,2026,R_P02978,S_P02978
P02981,2020,R_P02981,S_P02981
P02982,2026,R_P02982,S_P02982
P02994,2025,R_P02993,S_P02993
P02996,2025,R_P02996,S_P02996
P02998,2024,R_P02998,S_P02998
P03002,2019,R_P03002,S_P03002
P03004,2020,R_P03004,S_P03004
P03008,2023,R_P03008,S_P03008
P03010,2022,R_P03010,S_P03010
P03011,2019,R_P03010,S_P03010
P03012,2019,R_P03012,S_P03012
P03024,2024,R_P03024,S_P03024
P03027,2019,R_P03027,S_P03027
P03028,2026,R_P03028,S_P03028
P03033,2020,R_P03033,S_P03033
P03034,2019,R_P03033,S_P03034
P03036,2020,R_P03036,S_P03036
P03039,2019,R_P03038,S_P03038
P03040,2025,R_P03040,S_P03040
P03046,2022,R_P03046,S_P03046
P03052,2019,R_P03052,S_P03052
P03053,2019,R_P03053,S_P03053
P03054,2020,R_P03054,S_P03054
P03055,2020,R_P03055,S_P03055
P03057,2023,R_P03057,S_P03057
P03058,2024,R_P03058,S_P03058
P03059,2020,R_P03059,S_P03059
P03066,2019,R_P03066,S_P03066
P03068,2026,R_P03067,S_P03068
P03070,2026,R_P03070,S_P03070
P03076,2023,R_P03076,S_P03076
P03079,2019,R_P03079,S_P03079
P03080,2024,R_P03079,S_P03079
P03081,2021,R_P03081,S_P03081
P03082,2019,R_P03082,S_P03082
P03088,2024,R_P03086,S_P03086
P03091,2020,R_P03091,S_P03091
P03094,2019,R_P03094,S_P03094
P03096,2021,R_P03096,S_P03096
P03116,2019,R_P03116,S_P03116
P03117,2021,R_P03117,S_P03117
P03118,2021,R_P03118,S_P03118
P03119,2020,R_P03119,S_P03119
P03120,2019,R_P03120,S_P03120
P03121,2020,R_P03121,S_P03121
P03123,2019,R_P03123,S_P03123
P03124,2021,R_P03124,S_P03124
P03125,2019,R_P03125,S_P03125
P03126,2019,R_P03126,S_P03126
P03128,2019,R_P03128,S_P03128
P03129,2019,R_P03129,S_P03129
P03130,2020,R_P02899,S_P02899
P03133,2022,R_P03133,S_P03133
P03134,2019,R_P03134,S_P03134
P03148,2021,R_P03148,S_P03148
P03149,2019,R_P03148,S_P03148
P03150,2019,R_P03150,S_P03150
P03153,2020,R_P03153,S_P03153
P03157,2026,R_P03157,S_P03157
P03159,2020,R_P03159,S_P03159
P03160,2019,R_P03160,S_P03160
P03170,2019,R_P03170,S_P03170
P03171,2021,R_P03171,S_P03171
P03173,2020,R_P03171,S_P03171
P03177,2019,R_P03177,S_P03177
P03178,2026,R_P03177,S_P03177
P03181,2020,R_P03181,S_P03181
P03184,2019,R_P03184,S_P03184
P03185,2019,R_P03185,S_P03185
P03186,2020,R_P03186,S_P03186
P03187,2019,R_P03187,S_P03187
P03191,2020,R_P03191,S_P03191
P03192,2019,R_P03192,S_P03192
P03195,2024,R_P03195,S_P03195
P03201,2026,R_P03201,S_P03201
P03213,2026,R_P03213,S_P03213
P03214,2025,R_P03214,S_P03214
P03215,2025,R_P03215,S_P03215
P03217,2024,R_P03217,S_P03217
P03218,2024,R_P03218,S_P03218
P03225,2026,R_P03225,S_P03225
P03226,2024,R_P03226,S_P03226
P03227,2020,R_P03227,S_P03227
P03229,2019,R_P03229,S_P03229
P03230,2019,R_P03230,S_P03230
P03231,2020,R_P03231,S_P03231
P03232,2020,R_P03232,S_P03232
P03259,2023,R_P03259,S_P03259
P03260,2024,R_P03260,S_P03260
P03267,2020,R_P02630,S_P02630
P03268,2020,R_P02621,S_P02621
P03270,2020,R_P03270,S_P03270
P03271,2019,R_P03271,S_P03271
P03275,2020,R_P03275,S_P03275
P03277,2019,R_P03277,S_P03277
P03278,2024,R_P03076,S_P03076
P03279,2020,R_P03279,S_P03279
P03280,2019,R_P03280,S_P03280
P03285,2025,R_P03285,S_P03285
P03290,2019,R_P03290,S_P03290
P03293,2020,R_P03293,S_P03293
P03294,2021,R_P03293,S_P03293
P03297,2019,R_P03290,S_P03290
P03298,2020,R_P02572,S_P02572
P03299,2021,R_P02572,S_P02572
P03300,2020,R_P03300,S_P03300
P03301,2022,R_P03301,S_P03301
P03302,2021,R_P03302,S_P03302
P03304,2020,R_P03304,S_P03304
P03306,2019,R_P03306,S_P03306
P03308,2019,R_P03308,S_P03308
P03309,2019,R_P03309,S_P03309
P03310,2021,R_P03310,S_P03310
P03312,2021,R_P02559,S_P02559
P03314,2023,R_P02560,S_P02560
P03315,2020,R_P03315,S_P03315
P03318,2020,R_P03317,S_P03317
P03319,2019,R_P03319,S_P03319
P03320,2019,R_P03319,S_P03319
P03322,2020,R_P03322,S_P03322
P03323,2019,R_P03323,S_P03323
P03324,2020,R_P03324,S_P03324
P03326,2019,R_P03326,S_P03326
P03327,2020,R_P03327,S_P03327
P03328,2022,R_P03327,S_P03327
P03332,2026,R_P03331,S_P03331
P03334,2025,R_P03331,S_P03331
P03335,2024,R_P03335,S_P03335
P03337,2026,R_P03337,S_P03337
P03341,2025,R_P03341,S_P03341
P03343,2026,R_P03343,S_P03343
P03349,2023,R_P03349,S_P03349
P03352,2026,R_P03352,S_P03352
P03368,2025,R_P03368,S_P03368
P03369,2026,R_P03369,S_P03369
P03371,2023,R_P03371,S_P03371
P03373,2021,R_P03373,S_P03373
P03387,2023,R_P03387,S_P03387
P03388,2023,R_P03388,S_P03388
P03394,2024,R_P03390,S_P03390
P03397,2022,R_P03397,S_P03397
P03398,2024,R_P03397,S_P03397
P03402,2023,R_P03401,S_P03401
P03407,2020,R_P03407,S_P03407
P03408,2019,R_P02551,S_P02551
P03411,2020,R_P02563,S_P02563
P03412,2023,R_P03412,S_P03412
P03415,2024,R_P03415,S_P03415
P03416,2019,R_P03416,S_P03416
P03417,2019,R_P03416,S_P03416
P03418,2019,R_P03418,S_P03418
P03419,2020,R_P03419,S_P03419
P03420,2019,R_P03420,S_P03420
P03422,2020,R_P03422,S_P03422
P03423,2019,R_P03423,S_P03423
P03425,2020,R_P03425,S_P03425
P03426,2021,R_P03426,S_P03426
P03427,2021,R_P03427,S_P03427
P03428,2019,R_P03428,S_P03428
P03439,2026,R_P03439,S_P03439
P03444,2026,R_P03444,S_P03444
P03445,2019,R_P03445,S_P03445
P03446,2020,R_P03446,S_P03446
P03448,2021,R_P03448,S_P03448
P03450,2020,R_P03450,S_P03450
P03451,2024,R_P03451,S_P03451
P03452,2026,R_P03452,S_P03452
P03458,2026,R_P03458,S_P03458
P03459,2026,R_P03459,S_P03459
P03461,2026,R_P03461,S_P03461
P03462,2026,R_P03462,S_P03462
P03463,2026,R_P03463,S_P03463
P03473,2022,R_P03473,S_P03473
P03477,2024,R_P03477,S_P03477
P03482,2021,R_P03482,S_P03482
P03483,2020,R_P03482,S_P03482
P03485,2023,R_P03485,S_P03485
P03487,2022,R_P03487,S_P03487
P03489,2025,R_P03489,S_P03489
P03490,2023,R_P03490,S_P03490
P03491,2024,R_P03491,S_P03491
P03493,2023,R_P03493,S_P03493
P03494,2025,R_P03494,S_P03494
P03505,2025,R_P03505,S_P03505
P03511,2020,R_P03511,S_P03511
P03515,2019,R_P03515,S_P03515
P03520,2025,R_P03520,S_P03520
P03523,2025,R_P03523,S_P03523
P03531,2019,R_P03531,S_P03531
P03532,2019,R_P03532,S_P03532
P03533,2019,R_P03533,S_P03533
P03534,2019,R_P03534,S_P03534
P03535,2020,R_P03535,S_P03535
P03537,2020,R_P03537,S_P03537
P03538,2019,R_P03538,S_P03538
P03539,2020,R_P03539,S_P03539
P03541,2022,R_P03541,S_P03541
P03542,2019,R_P03542,S_P03542
P03543,2020,R_P03543,S_P03543
P03544,2019,R_P03544,S_P03544
P03545,2021,R_P03545,S_P03545
P03546,2020,R_P03546,S_P03546
P03547,2021,R_P03547,S_P03547
P03548,2019,R_P03548,S_P03548
P03549,2019,R_P03549,S_P03549
P03550,2019,R_P03550,S_P03550
P03551,2019,R_P03551,S_P03551
P03552,2020,R_P03552,S_P03552
P03557,2019,R_P03555,S_P03555
P03559,2019,R_P03559,S_P03559
P03560,2020,R_P03560,S_P03560
P03564,2021,R_P03564,S_P03564
P03565,2020,R_P03564,S_P03564
P03566,2019,R_P03566,S_P03566
P03567,2021,R_P03567,S_P03567
P03568,2020,R_P03567,S_P03567
P03572,2020,R_P03572,S_P03572
P03576,2025,R_P03576,S_P03576
P03578,2026,R_P03578,S_P03578
P03587,2022,R_P03586,S_P03586
P03591,2023,R_P03590,S_P03590
P03595,2020,R_P03595,S_P03595
P03597,2019,R_P03595,S_P03595
P03598,2025,R_P03598,S_P03598
P03602,2026,R_P03602,S_P03602
P03611,2025,R_P03610,S_P03610
P03619,2024,R_P02318,S_P02318
P03620,2019,R_P03620,S_P03620
P03621,2020,R_P03621,S_P03621
P03623,2024,R_P03623,S_P03623
P03626,2022,R_P03626,S_P03626
P03628,2026,R_P03628,S_P03628
P03629,2025,R_P03629,S_P03629
P03631,2026,R_P03631,S_P03631
P03635,2019,R_P03635,S_P03635
P03636,2020,R_P03636,S_P03636
P03644,2025,R_P03644,S_P03644
P03647,2025,R_P03645,S_P03645
P03649,2025,R_P03649,S_P03649
P03651,2025,R_P03651,S_P03651
P03652,2024,R_P03652,S_P03652
P03654,2026,R_P03654,S_P03654
P03655,2023,R_P03655,S_P03655
P03660,2025,R_P03660,S_P03660
P03665,2024,R_P03665,S_P03665
P03666,2025,R_P03666,S_P03666
P03668,2025,R_P03668,S_P03668
P03675,2026,R_P03675,S_P03675
P03684,2026,R_P03684,S_P03684
P03686,2019,R_P03686,S_P03686
P03687,2020,R_P03687,S_P03687
P03688,2020,R_P03688,S_P03688
P03689,2020,R_P03689,S_P03689
P03693,2020,R_P03692,S_P03692
P03696,2026,R_P03695,S_P03695
P03702,2023,R_P03702,S_P03702
P03704,2023,R_P03704,S_P03704
P03705,2020,R_P03705,S_P03705
P03706,2019,R_P03706,S_P03706
P03707,2019,R_P03707,S_P03707
P03709,2019,R_P03709,S_P03709
P03711,2019,R_P03711,S_P03711
P03712,2021,R_P03712,S_P03712
P03717,2019,R_P02375,S_P02375
P03718,2019,R_P02375,S_P02375
P03724,2026,R_P03723,S_P03723
P03738,2024,R_P03738,S_P03738
P03746,2022,R_P03746,S_P03746
P03749,2020,R_P03749,S_P03749
P03751,2026,R_P03751,S_P03751
P03766,2019,R_P03766,S_P03766
P03767,2019,R_P03767,S_P03767
P03768,2019,R_P03768,S_P03768
P03769,2020,R_P03769,S_P03769
P03771,2019,R_P03771,S_P03771
P03772,2026,R_P03772,S_P03772
P03774,2024,R_P03773,S_P03773
P03786,2026,R_P03786,S_P03786
P03791,2023,R_P03789,S_P03789
P03797,2025,R_P03797,S_P03797
P03798,2023,R_P03798,S_P03798
P03804,2022,R_P03804,S_P03804
P03808,2026,R_P03808,S_P03808
P03809,2026,R_P03809,S_P03809
P03815,2026,R_P03814,S_P03814
P03822,2020,R_P03822,S_P03822
P03823,2019,R_P03823,S_P03823
P03825,2020,R_P03823,S_P03823
P03826,2019,R_P03826,S_P03826
P03827,2020,R_P03827,S_P03827
P03828,2020,R_P03828,S_P03828
P03829,2019,R_P03829,S_P03829
P03831,2020,R_P03831,S_P03831
P03833,2019,R_P03832,S_P03832
P03834,2024,R_P03834,S_P03834
P03837,2019,R_P03837,S_P03837
P03838,2020,R_P03838,S_P03838
P03841,2019,R_P03841,S_P03841
P03842,2019,R_P03842,S_P03842
P03844,2020,R_P03844,S_P03844
P03845,2020,R_P03845,S_P03845
P03847,2020,R_P03844,S_P03844
P03850,2021,R_P03850,S_P03850
P03854,2024,R_P03854,S_P03854
P03857,2019,R_P03857,S_P03857
P03860,2020,R_P03860,S_P03860
P03861,2020,R_P03861,S_P03861
P03868,2020,R_P03867,S_P03867
P03870,2020,R_P03870,S_P03870
P03872,2019,R_P03872,S_P03872
P03873,2020,R_P03873,S_P03873
P03878,2025,R_P03878,S_P03878
P03881,2023,R_P03881,S_P03881
P03884,2023,R_P03884,S_P03884
P03887,2025,R_P03887,S_P03887
P03888,2024,R_P03878,S_P03878
P03892,2025,R_P03892,S_P03892
P03895,2024,R_P03895,S_P03895
P03903,2025,R_P03903,S_P03903
P03906,2024,R_P03906,S_P03906
P03908,2026,R_P03908,S_P03908
P03914,2025,R_P03914,S_P03914
P03915,2025,R_P03915,S_P03915
P03917,2023,R_P03917,S_P03917
P03919,2024,R_P03919,S_P03919
P03923,2026,R_P03923,S_P03923
P03925,2025,R_P03925,S_P03925
P03933,2026,R_P03933,S_P03933
P03934,2026,R_P03934,S_P03934
P03935,2026,R_P03935,S_P03935
P03937,2022,R_P03937,S_P03937
P03939,2024,R_P03939,S_P03939
P03943,2024,R_P03943,S_P03943
P03946,2024,R_P03946,S_P03946
P03947,2025,R_P03947,S_P03947
P03949,2024,R_P03949,S_P03949
P03955,2021,R_P03955,S_P03955
P03957,2019,R_P03957,S_P03957
P03958,2019,R_P03958,S_P03958
P03960,2020,R_P03960,S_P03960
P03961,2020,R_P03961,S_P03961
P03962,2019,R_P03961,S_P03961
P03963,2020,R_P03963,S_P03963
P03965,2024,R_P03965,S_P03965
P03966,2025,R_P02040,S_P02040
P03967,2020,R_P03967,S_P03967
P03968,2020,R_P03968,S_P03968
P03971,2020,R_P03971,S_P03971
P03972,2019,R_P03972,S_P03972
P03975,2025,R_P03975,S_P03975
P03979,2026,R_P03978,S_P03978
P03984,2020,R_P03984,S_P03984
P03985,2022,R_P03985,S_P03985
P03986,2023,R_P03986,S_P03986
P03987,2025,R_P03987,S_P03987
P03988,2023,R_P03988,S_P03988
P03989,2025,R_P03987,S_P03987
P03990,2021,R_P03990,S_P03990
P03991,2019,R_P03991,S_P03991
P03992,2020,R_P03992,S_P03992
P03994,2020,R_P03993,S_P03993
P04003,2024,R_P04003,S_P04003
P04007,2022,R_P04007,S_P04007
P04014,2019,R_P04014,S_P04014
P04024,2020,R_P04024,S_P04024
P04037,2019,R_P04037,S_P04037
P04039,2019,R_P04039,S_P04039
P04040,2019,R_P04040,S_P04040
P04042,2022,R_P04041,S_P04041
P04044,2026,R_P04044,S_P04044
P04047,2024,R_P04047,S_P04047
P04050,2025,R_P04050,S_P04050
P04051,2026,R_P04051,S_P04051
P04054,2025,R_P04054,S_P04054
P04056,2019,R_P04056,S_P04056
P04070,2026,R_P04070,S_P04070
P04072,2025,R_P04072,S_P04072
P04074,2023,R_P04074,S_P04074
P04076,2023,R_P04076,S_P04076
P04077,2024,R_P04077,S_P04077
P04078,2024,R_P04078,S_P04078
P04082,2024,R_P04082,S_P04082
P04085,2022,R_P04085,S_P04085
P04096,2019,R_P04096,S_P04096
P04098,2021,R_P04098,S_P04098
P04100,2022,R_P04100,S_P04100
P04101,2026,R_P04101,S_P04101
P04104,2022,R_P04104,S_P04104
P04108,2026,R_P04107,S_P04107
P04109,2025,R_P04109,S_P04109
P04111,2022,R_P04111,S_P04111
P04122,2025,R_P04122,S_P04122
P04124,2024,R_P04124,S_P04124
P04126,2025,R_P04126,S_P04126
P04127,2026,R_P04127,S_P04127
P04131,2024,R_P04131,S_P04131
P04133,2026,R_P04133,S_P04133
P04137,2025,R_P04137,S_P04137
P04143,2026,R_P04143,S_P04143
P04144,2024,R_P04144,S_P04144
P04147,2023,R_P04147,S_P04147
P04152,2023,R_P04152,S_P04152
P04153,2021,R_P04153,S_P04153
P04154,2025,R_P04153,S_P04153
P04158,2021,R_P04158,S_P04158
P04161,2026,R_P04160,S_P04160
P04164,2026,R_P04164,S_P04164
P04165,2024,R_P04165,S_P04165
P04169,2026,R_P04169,S_P04169
P04173,2021,R_P04173,S_P04173
P04184,2023,R_P04184,S_P04184
P04186,2023,R_P04186,S_P04186
P04187,2022,R_P04187,S_P04187
P04188,2025,R_P04188,S_P04188
P04190,2021,R_P04190,S_P04190
P04191,2020,R_P04191,S_P04191
P04192,2019,R_P04192,S_P04192
P04201,2020,R_P04201,S_P04201
P04203,2021,R_P04201,S_P04201
P04211,2025,R_P04211,S_P04211
P04213,2026,R_P04213,S_P04213
P04216,2025,R_P04215,S_P04215
P04218,2025,R_P04218,S_P04218
P04220,2025,R_P04217,S_P04217
P04221,2023,R_P04217,S_P04217
P04224,2023,R_P04224,S_P04224
P04227,2020,R_P04227,S_P04227
P04229,2019,R_P04229,S_P04229
P04247,2024,R_P04247,S_P04247
P04249,2023,R_P04249,S_P04249
P04251,2026,R_P04251,S_P04251
P04252,2024,R_P04252,S_P04252
P04259,2024,R_P04259,S_P04259
P04262,2023,R_P04262,S_P04262
P04263,2025,R_P04263,S_P04263
P04273,2026,R_P04273,S_P04273
P04276,2025,R_P04276,S_P04276
P04278,2021,R_P04278,S_P04278
P04285,2026,R_P04285,S_P04285
P04289,2023,R_P04289,S_P04289
P04291,2026,R_P04291,S_P04291
P04293,2023,R_P04293,S_P04293
P04295,2020,R_P04295,S_P04295
P04297,2020,R_P04297,S_P04297
P04302,2021,R_P04302,S_P04302
P04304,2022,R_P04304,S_P04304
P04305,2023,R_P04305,S_P04305
P04306,2023,R_P04305,S_P04305
P04308,2023,R_P04308,S_P04308
P04309,2022,R_P04309,S_P04309
P04311,2023,R_P04311,S_P04311
P04312,2022,R_P04312,S_P04312
P04327,2024,R_P04327,S_P04327
P04329,2026,R_P04329,S_P04329
P04334,2026,R_P04334,S_P04334
P04337,2024,R_P04337,S_P04337
P04338,2025,R_P04338,S_P04338
P04340,2020,R_P04339,S_P04339
P04343,2020,R_P04343,S_P04343
P04347,2025,R_P04347,S_P04347
P04352,2020,R_P04352,S_P04352
P04355,2025,R_P04355,S_P04355
P04360,2025,R_P04360,S_P04360
P04365,2020,R_P04365,S_P04365
P04366,2020,R_P04365,S_P04365
P04367,2019,R_P04367,S_P04367
P04375,2020,R_P04375,S_P04375
P04377,2021,R_P04377,S_P04377
P04380,2020,R_P04380,S_P04380
P04382,2020,R_P04382,S_P04382
P04383,2020,R_P04383,S_P04383
P04384,2025,R_P04384,S_P04384
P04386,2026,R_P04386,S_P04386
P04387,2026,R_P04387,S_P04387
P04393,2026,R_P04393,S_P04393
P04394,2026,R_P04393,S_P04393
P04396,2026,R_P04396,S_P04396
P04398,2026,R_P04398,S_P04398
P04400,2024,R_P04400,S_P04400
P04403,2026,R_P02809,S_P02810
P04404,2022,R_P02809,S_P02810
P04408,2026,R_P04406,S_P04406
P04410,2024,R_P04410,S_P04410
P04412,2025,R_P04412,S_P04412
P04416,2023,R_P04416,S_P04416
P04417,2023,R_P04417,S_P04417
P04421,2026,R_P04421,S_P04421
P04425,2020,R_P04425,S_P04425
P04426,2020,R_P04426,S_P04426
P04428,2025,R_P04428,S_P04428
P04430,2022,R_P04430,S_P04430
P04433,2024,R_P04433,S_P04433
P04434,2026,R_P04434,S_P04434
P04435,2019,R_P04435,S_P04435
P04441,2020,R_P04441,S_P04441
P04442,2020,R_P04442,S_P04442
P04446,2019,R_P04446,S_P04446
P04447,2021,R_P04446,S_P04446
P04448,2019,R_P04448,S_P04448
P04449,2019,R_P04448,S_P04448
P04451,2024,R_P04451,S_P04451
P04459,2022,R_P04459,S_P04459
P04466,2026,R_P04466,S_P04466
P04467,2023,R_P04467,S_P04467
P04470,2021,R_P04470,S_P04470
P04472,2020,R_P04470,S_P04470
P04474,2020,R_P04474,S_P04474
P04480,2022,R_P04480,S_P04480
P04481,2024,R_P04481,S_P04481
P04483,2020,R_P04483,S_P04483
P04490,2022,R_P04490,S_P04490
P04492,2019,R_P04492,S_P04492
P04493,2020,R_P04493,S_P04493
P04495,2023,R_P04495,S_P04495
P04496,2023,R_P04496,S_P04496
P04498,2025,R_P04498,S_P04498
P04501,2025,R_P04501,S_P04501
P04504,2020,R_P04503,S_P04503
P04506,2020,R_P04506,S_P04506
P04511,2019,R_P04511,S_P04511
P04512,2019,R_P04512,S_P04512
P04515,2021,R_P04515,S_P04515
P04516,2021,R_P04516,S_P04516
P04517,2020,R_P04517,S_P04517
P04520,2021,R_P04520,S_P04520
P04521,2023,R_P04521,S_P04521
P04524,2022,R_P04524,S_P04524
P04525,2026,R_P04525,S_P04525
P04531,2026,R_P04531,S_P04531
P04535,2023,R_P04535,S_P04535
P04536,2024,R_P04536,S_P04536
P04538,2025,R_P04538,S_P04538
P04544,2025,R_P04544,S_P04544
P04553,2025,R_P04553,S_P04553
P04559,2024,R_P04558,S_P04558
P04560,2026,R_P04560,S_P04560
P04564,2026,R_P04564,S_P04564
P04567,2026,R_P04567,S_P04567
P04570,2026,R_P04570,S_P04570
P04581,2023,R_P04581,S_P04581
P04583,2024,R_P01625,S_P01625
P04598,2026,R_P04598,S_P04598
P04599,2026,R_P04599,S_P04599
P04600,2023,R_P04600,S_P04600
P04612,2019,R_P04612,S_P04612
P04613,2020,R_P04613,S_P04613
P04614,2020,R_P04614,S_P04614
P04616,2020,R_P04616,S_P04616
P04617,2020,R_P04617,S_P04617
P04620,2021,R_P04620,S_P04620
P04624,2021,R_P04624,S_P04624
P04627,2020,R_P04627,S_P04627
P04629,2021,R_P04629,S_P04629
P04630,2019,R_P04630,S_P04630
P04631,2019,R_P04631,S_P04631
P04632,2020,R_P04632,S_P04632
P04633,2021,R_P04633,S_P04633
P04634,2020,R_P04634,S_P04634
P04635,2024,R_P04635,S_P04635
P04639,2019,R_P04639,S_P04639
P04640,2019,R_P04640,S_P04640
P04641,2019,R_P04641,S_P04641
P04642,2019,R_P04641,S_P04641
P04644,2019,R_P04644,S_P04644
P04649,2020,R_P04649,S_P04649
P04652,2019,R_P04652,S_P04652
P04654,2021,R_P04654,S_P04654
P04656,2019,R_P04655,S_P04655
P04657,2020,R_P04657,S_P04657
P04658,2019,R_P04658,S_P04658
P04659,2020,R_P04658,S_P04658
P04660,2020,R_P04660,S_P04660
P04663,2021,R_P04663,S_P04663
P04665,2019,R_P04665,S_P04665
P04666,2020,R_P04665,S_P04665
P04667,2020,R_P04667,S_P04667
P04668,2019,R_P04668,S_P04668
P04669,2019,R_P04669,S_P04669
P04671,2020,R_P04671,S_P04671
P04674,2020,R_P04674,S_P04674
P04678,2019,R_P04678,S_P04678
P04680,2020,R_P04678,S_P04678
P04683,2020,R_P04683,S_P04683
P04684,2019,R_P04683,S_P04683
P04687,2019,R_P04687,S_P04687
P04689,2026,R_P04689,S_P04689
P04690,2026,R_P04690,S_P04690
P04691,2026,R_P04691,S_P04691
P04694,2025,R_P04694,S_P04694
P04697,2026,R_P04697,S_P04697
P04698,2023,R_P04698,S_P04698
P04700,2026,R_P04700,S_P04700
P04701,2023,R_P04701,S_P04701
P04705,2024,R_P04705,S_P04705
P04707,2023,R_P04707,S_P04707
P04711,2021,R_P04711,S_P04711
P04712,2019,R_P04712,S_P04712
P04715,2019,R_P04715,S_P04715
P04717,2020,R_P04717,S_P04717
P04718,2019,R_P04718,S_P04718
P04722,2019,R_P04722,S_P04722
P04724,2019,R_P04724,S_P04724
P04726,2021,R_P04726,S_P04726
P04728,2019,R_P04728,S_P04728
P04732,2021,R_P04732,S_P04732
P04735,2019,R_P04735,S_P04735
P04736,2026,R_P04736,S_P04736
P04742,2025,R_P04742,S_P04742
P04744,2025,R_P04744,S_P04744
P04746,2020,R_P04746,S_P04746
P04749,2025,R_P04747,S_P04747
P04752,2023,R_P04752,S_P04752
P04754,2023,R_P04754,S_P04754
P04758,2026,R_P04758,S_P04758
P04764,2024,R_P04764,S_P04764
P04765,2022,R_P04765,S_P04765
P04771,2026,R_P04769,S_P04769
P04774,2020,R_P04773,S_P04773
P04779,2020,R_P04779,S_P04779
P04780,2019,R_P04780,S_P04780
P04782,2019,R_P04782,S_P04782
P04783,2020,R_P04782,S_P04782
P04785,2020,R_P04785,S_P04785
P04801,2023,R_P04801,S_P04801
P04803,2021,R_P04803,S_P04803
P04804,2019,R_P04803,S_P04803
P04805,2019,R_P04805,S_P04805
P04806,2021,R_P04806,S_P04806
P04814,2019,R_P04814,S_P04814
P04824,2019,R_P04824,S_P04824
P04830,2026,R_P04829,S_P04829
P04831,2026,R_P04831,S_P04831
P04832,2025,R_P04832,S_P04832
P04834,2026,R_P04834,S_P04834
P04836,2026,R_P04836,S_P04836
P04843,2020,R_P04843,S_P04843
P04853,2020,R_P04852,S_P04852
P04854,2019,R_P01531,S_P01531
P04855,2019,R_P01531,S_P01531
P04856,2019,R_P04856,S_P04856
P04860,2023,R_P04860,S_P04860
P04861,2023,R_P04861,S_P04861
P04862,2023,R_P04862,S_P04862
P04864,2024,R_P04864,S_P04864
P04865,2023,R_P04860,S_P04860
P04868,2023,R_P04868,S_P04868
P04869,2023,R_P04869,S_P04869
P04870,2022,R_P04870,S_P04870
P04873,2026,R_P04873,S_P04873
P04878,2022,R_P04878,S_P04878
P04879,2022,R_P04878,S_P04878
P04883,2022,R_P04882,S_P04882
P04884,2025,R_P04884,S_P04884
P04889,2022,R_P04889,S_P04889
P04890,2020,R_P04890,S_P04890
P04892,2019,R_P04892,S_P04892
P04893,2019,R_P04893,S_P04893
P04894,2019,R_P04894,S_P04894
P04895,2019,R_P04895,S_P04895
P04899,2019,R_P04899,S_P04899
P04900,2026,R_P01464,S_P01464
P04901,2026,R_P01464,S_P01464
P04903,2022,R_P04903,S_P04903
P04905,2022,R_P04905,S_P04905
P04909,2026,R_P04909,S_P04909
P04911,2019,R_P04911,S_P04911
P04912,2019,R_P04912,S_P04912
P04915,2019,R_P04915,S_P04915
P04917,2020,R_P04917,S_P04917
P04918,2022,R_P04918,S_P04918
P04922,2019,R_P04920,S_P04920
P04923,2020,R_P04923,S_P04923
P04924,2026,R_P04923,S_P04923
P04925,2019,R_P04925,S_P04925
P04928,2020,R_P04918,S_P04918
P04930,2021,R_P04930,S_P04930
P04931,2020,R_P04931,S_P04931
P04939,2020,R_P04939,S_P04939
P04941,2021,R_P04941,S_P04941
P04942,2019,R_P04942,S_P04942
P04943,2019,R_P04943,S_P04943
P04944,2021,R_P04939,S_P04939
P04945,2020,R_P04945,S_P04945
P04946,2021,R_P04946,S_P04946
P04947,2019,R_P04947,S_P04947
P04948,2019,R_P04948,S_P04948
P04952,2019,R_P04952,S_P04952
P04955,2020,R_P04955,S_P04955
P04956,2019,R_P04937,S_P04937
P04957,2021,R_P04957,S_P04957
P04960,2026,R_P04960,S_P04960
P04961,2022,R_P04961,S_P04961
P04962,2024,R_P04962,S_P04962
P04964,2026,R_P04964,S_P04964
P04966,2026,R_P04966,S_P04966
P04969,2024,R_P04968,S_P04968
P04970,2026,R_P04970,S_P04970
P04985,2022,R_P04985,S_P04985
P04986,2023,R_P04986,S_P04986
P04988,2022,R_P04988,S_P04988
P04990,2021,R_P04990,S_P04990
P04995,2019,R_P04994,S_P04994
P05007,2023,R_P05007,S_P05007
P05008,2019,R_P05008,S_P05008
P05009,2020,R_P05008,S_P05008
P05010,2020,R_P02754,S_P02754
P05012,2020,R_P05011,S_P05011
P05013,2020,R_P05013,S_P05013
P05014,2021,R_P05014,S_P05014
P05015,2019,R_P05015,S_P05015
P05020,2019,R_P05020,S_P05020
P05021,2019,R_P05021,S_P05021
P05022,2020,R_P05022,S_P05022
P05024,2022,R_P05024,S_P05024
P05025,2019,R_P05025,S_P05025
P05026,2021,R_P05026,S_P05026
P05027,2020,R_P05027,S_P05027
P05028,2020,R_P05028,S_P05028
P05029,2020,R_P05029,S_P05029
P05036,2023,R_P05035,S_P05035
P05039,2026,R_P05039,S_P05039
P05040,2023,R_P05040,S_P05040
P05042,2023,R_P05042,S_P05042
P05043,2023,R_P05043,S_P05043
P05047,2023,R_P05047,S_P05047
P05049,2026,R_P05049,S_P05049
P05053,2025,R_P05052,S_P05052
P05054,2025,R_P03016,S_P03017
P05055,2023,R_P05055,S_P05055
P05059,2026,R_P05058,S_P05058
P05060,2023,R_P05060,S_P05060
P05067,2025,R_P05067,S_P05067
P05081,2026,R_P05081,S_P05081
P05094,2021,R_P05094,S_P05094
P05096,2020,R_P05096,S_P05096
P05097,2026,R_P02605,S_P02606
P05098,2026,R_P02605,S_P02606
P05099,2026,R_P05099,S_P05099
P05102,2024,R_P05102,S_P05102
P05103,2023,R_P05103,S_P05103
P05106,2023,R_P05106,S_P05106
P05107,2026,R_P05107,S_P05107
P05109,2026,R_P05108,S_P05108
P05112,2026,R_P05111,S_P05111
P05113,2026,R_P05113,S_P05113
P05114,2026,R_P05114,S_P05114
P05117,2025,R_P05117,S_P05117
P05126,2024,R_P05126,S_P05126
P05128,2023,R_P05128,S_P05128
P05134,2023,R_P05134,S_P05134
P05136,2026,R_P05136,S_P05136
P05138,2026,R_P05138,S_P05138
P05139,2023,R_P05139,S_P05139
P05140,2023,R_P05139,S_P05139
P05141,2026,R_P05141,S_P05141
P05142,2026,R_P05142,S_P05142
P05143,2026,R_P05142,S_P05142
P05148,2026,R_P05148,S_P05148
P05149,2026,R_P05149,S_P05149
P05151,2020,R_P05151,S_P05151
P05152,2020,R_P05152,S_P05152
P05154,2025,R_P05154,S_P05154
P05156,2026,R_P05156,S_P05156
P05157,2025,R_P05156,S_P05156
P05158,2025,R_P05158,S_P05158
P05163,2023,R_P05163,S_P05163
P05168,2023,R_P05168,S_P05168
P05171,2019,R_P05171,S_P05171
P05172,2020,R_P05171,S_P05171
P05175,2020,R_P05169,S_P05169
P05178,2019,R_P05178,S_P05178
P05179,2019,R_P01496,S_P01496
P05187,2019,R_P05183,S_P05183
P05190,2020,R_P02392,S_P02392
P05191,2019,R_P02392,S_P02392
P05193,2020,R_P02392,S_P02392
P05195,2020,R_P05194,S_P05194
P05203,2025,R_P05203,S_P05203
P05208,2019,R_P05208,S_P05208
P05210,2020,R_P05210,S_P05210
P05227,2025,R_P05227,S_P05227
P05229,2023,R_P05229,S_P05229
P05231,2025,R_P05230,S_P05230
P05233,2025,R_P05233,S_P05233
P05236,2019,R_P02389,S_P02389
P05238,2020,R_P05238,S_P05238
P05239,2019,R_P05239,S_P05239
P05240,2019,R_P05240,S_P05240
P05243,2020,R_P05243,S_P05243
P05244,2019,R_P05244,S_P05244
P05246,2020,R_P05246,S_P05246
P05249,2021,R_P05249,S_P05249
P05253,2020,R_P05253,S_P05253
P05258,2026,R_P05258,S_P05258
P05260,2025,R_P05260,S_P05260
P05262,2025,R_P05262,S_P05262
P05272,2025,R_P05272,S_P05272
P05275,2025,R_P05274,S_P05274
P05278,2024,R_P05278,S_P05278
P05279,2025,R_P05279,S_P05279
P05283,2026,R_P05283,S_P05283
P05284,2026,R_P05284,S_P05284
P05286,2026,R_P05286,S_P05286
P05288,2026,R_P05288,S_P05288
P05291,2026,R_P02052,S_P02053
P05292,2026,R_P05292,S_P05292
P05301,2021,R_P05300,S_P05300
P05302,2026,R_P05302,S_P05302
P05306,2019,R_P05306,S_P05306
P05313,2024,R_P05313,S_P05313
P05323,2023,R_P05323,S_P05323
P05328,2025,R_P05328,S_P05328
P05329,2024,R_P05329,S_P05329
P05330,2019,R_P05330,S_P05330
P05339,2025,R_P05339,S_P05339
P05340,2025,R_P05340,S_P05340
P05342,2024,R_P05342,S_P05342
P05346,2025,R_P05345,S_P05345
P05362,2026,R_P05362,S_P05362
P05374,2020,R_P05374,S_P05374
P05376,2021,R_P05376,S_P05376
P05377,2019,R_P05376,S_P05376
P05379,2019,R_P05378,S_P05378
P05381,2020,R_P05381,S_P05381
P05383,2019,R_P05383,S_P05383
P05384,2020,R_P05384,S_P05384
P05386,2020,R_P05386,S_P05386
P05387,2020,R_P05387,S_P05387
P05388,2020,R_P05388,S_P05388
P05392,2026,R_P05391,S_P05391
P05394,2026,R_P05393,S_P05393
P05395,2019,R_P05395,S_P05395
P05396,2020,R_P05396,S_P05396
P05397,2019,R_P05397,S_P05397
P05399,2025,R_P05398,S_P05398
P05402,2023,R_P05402,S_P05402
P05404,2022,R_P05404,S_P05404
P05408,2026,R_P01927,S_P01927
P05429,2025,R_P05429,S_P05429
P05430,2025,R_P05430,S_P05430
P05432,2023,R_P05432,S_P05432
P05435,2023,R_P05435,S_P05435
P05439,2021,R_P05439,S_P05439
P05441,2026,R_P05441,S_P05441
P05443,2026,R_P05443,S_P05443
P05445,2022,R_P05445,S_P05445
P05446,2024,R_P05446,S_P05446
P05447,2023,R_P05447,S_P05447
P05448,2023,R_P05448,S_P05448
P05449,2024,R_P05449,S_P05449
P05450,2024,R_P05450,S_P05450
P05455,2026,R_P05455,S_P05455
P05456,2021,R_P05456,S_P05456
P05457,2024,R_P05457,S_P05457
P05458,2023,R_P05458,S_P05458
P05460,2026,R_P05460,S_P05460
P05462,2025,R_P01285,S_P01285
P05463,2020,R_P05463,S_P05463
P05468,2025,R_P05468,S_P05468
P05476,2023,R_P05476,S_P05476
P05486,2023,R_P05485,S_P05485
P05492,2020,R_P05492,S_P05492
P05495,2019,R_P05495,S_P05495
P05504,2023,R_P05503,S_P05503
P05511,2021,R_P05511,S_P05511
P05514,2022,R_P05514,S_P05514
P05533,2025,R_P05532,S_P05532
P05537,2026,R_P05537,S_P05537
P05551,2023,R_P05551,S_P05551
P05556,2026,R_P05556,S_P05556
P05558,2026,R_P05558,S_P05558
P05559,2024,R_P05559,S_P05559
P05560,2023,R_P05560,S_P05560
P05561,2022,R_P05561,S_P05561
P05562,2022,R_P05562,S_P05562
P05567,2021,R_P05567,S_P05567
P05570,2019,R_P05570,S_P05570
P05575,2023,R_P05575,S_P05575
P05576,2023,R_P05575,S_P05575
P05578,2019,R_P05578,S_P05578
P05588,2024,R_P05588,S_P05588
P05591,2025,R_P05591,S_P05591
P05594,2023,R_P05594,S_P05594
P05597,2020,R_P05597,S_P05597
P05608,2023,R_P05608,S_P05608
P05609,2024,R_P05609,S_P05609
P05613,2022,R_P05613,S_P05613
P05614,2022,R_P05614,S_P05614
P05618,2024,R_P05618,S_P05618
P05633,2025,R_P05633,S_P05633
P05634,2020,R_P05634,S_P05634
P05637,2019,R_P05637,S_P05637
P05641,2020,R_P05641,S_P05641
P05642,2020,R_P05642,S_P05642
P05643,2019,R_P05643,S_P05643
P05644,2021,R_P05644,S_P05644
P05646,2020,R_P05646,S_P05646
P05647,2020,R_P05642,S_P05642
P05648,2020,R_P05648,S_P05648
P05649,2019,R_P05649,S_P05649
P05650,2020,R_P05650,S_P05650
P05652,2020,R_P05652,S_P05652
P05653,2021,R_P05653,S_P05653
P05654,2020,R_P05654,S_P05654
P05655,2019,R_P05655,S_P05655
P05656,2025,R_P05656,S_P05656
P05663,2021,R_P05663,S_P05663
P05664,2019,R_P05664,S_P05664
P05665,2020,R_P05665,S_P05665
P05668,2025,R_P05668,S_P05668
P05669,2024,R_P05669,S_P05669
P05673,2019,R_P05673,S_P05673
P05677,2019,R_P05677,S_P05677
P05681,2021,R_P05681,S_P05681
P05682,2020,R_P05681,S_P05681
P05683,2021,R_P05683,S_P05683
P05688,2020,R_P05688,S_P05688
P05689,2020,R_P05689,S_P05689
P05693,2019,R_P05693,S_P05693
P05695,2021,R_P05695,S_P05695
P05696,2021,R_P05696,S_P05696
P05698,2021,R_P05698,S_P05698
P05700,2019,R_P05700,S_P05700
P05704,2026,R_P05704,S_P05704
P05705,2026,R_P01392,S_P01392
P05711,2019,R_P05711,S_P05711
P05712,2026,R_P05712,S_P05712
P05716,2026,R_P05716,S_P05716
P05717,2025,R_P05717,S_P05717
P05720,2019,R_P05720,S_P05720
P05721,2020,R_P01222,S_P01222
P05723,2020,R_P05722,S_P05722
P05725,2020,R_P05725,S_P05725
P05726,2019,R_P05726,S_P05726
P05727,2020,R_P05727,S_P05727
P05730,2020,R_P05729,S_P05729
P05733,2019,R_P05733,S_P05733
P05740,2025,R_P05740,S_P05740
P05747,2020,R_P05747,S_P05747
P05749,2019,R_P05749,S_P05749
P05750,2021,R_P05750,S_P05750
P05751,2019,R_P01216,S_P01217
P05758,2023,R_P05758,S_P05758
P05759,2024,R_P05759,S_P05759
P05760,2024,R_P05760,S_P05760
P05762,2026,R_P05762,S_P05762
P05764,2024,R_P05764,S_P05764
P05765,2024,R_P05765,S_P05765
P05767,2024,R_P05767,S_P05767
P05768,2026,R_P05767,S_P05767
P05769,2023,R_P05769,S_P05769
P05779,2019,R_P05779,S_P05779
P05783,2025,R_P05783,S_P05783
P05787,2024,R_P05787,S_P05787
P05794,2020,R_P05794,S_P05794
P05797,2026,R_P05797,S_P05797
P05798,2025,R_P05798,S_P05798
P05799,2024,R_P05797,S_P05797
P05800,2023,R_P05800,S_P05800
P05801,2026,R_P01199,S_P01199
P05805,2026,R_P05804,S_P05804
P05812,2026,R_P05811,S_P05811
P05814,2024,R_P05813,S_P05813
P05828,2023,R_P05828,S_P05828
P05829,2024,R_P05829,S_P05829
P05834,2023,R_P05834,S_P05834
P05838,2026,R_P05838,S_P05838
P05852,2020,R_P05852,S_P05852
P05853,2020,R_P05853,S_P05853
P05856,2020,R_P05856,S_P05856
P05858,2019,R_P05858,S_P05858
P05862,2019,R_P05862,S_P05862
P05864,2026,R_P05864,S_P05864
P05865,2020,R_P05865,S_P05865
P05866,2019,R_P05866,S_P05866
P05867,2020,R_P05867,S_P05867
P05868,2019,R_P05866,S_P05866
P05872,2020,R_P05872,S_P05872
P05876,2020,R_P05876,S_P05876
P05877,2019,R_P05876,S_P05876
P05879,2019,R_P05879,S_P05879
P05880,2019,R_P05879,S_P05879
P05884,2021,R_P05884,S_P05884
P05888,2019,R_P05888,S_P05888
P05889,2019,R_P05882,S_P05882
P05890,2019,R_P05890,S_P05890
P05891,2019,R_P05891,S_P05891
P05892,2019,R_P05892,S_P05892
P05895,2019,R_P05895,S_P05895
P05898,2020,R_P05898,S_P05898
P05899,2020,R_P05898,S_P05898
P05901,2019,R_P05900,S_P05900
P05903,2025,R_P05903,S_P05903
P05905,2019,R_P05905,S_P05905
P05907,2026,R_P05907,S_P05907
P05909,2019,R_P05909,S_P05909
P05912,2020,R_P05912,S_P05912
P05913,2019,R_P05913,S_P05913
P05914,2019,R_P05914,S_P05914
P05919,2019,R_P05919,S_P05919
P05920,2020,R_P05920,S_P05920
P05921,2019,R_P05921,S_P05921
P05924,2023,R_P05924,S_P05924
P05925,2023,R_P05924,S_P05924
P05927,2025,R_P05927,S_P05927
P05935,2019,R_P05935,S_P05935
P05939,2022,R_P05939,S_P05939
P05940,2022,R_P05940,S_P05940
P05941,2022,R_P05941,S_P05941
P05942,2025,R_P05942,S_P05942
P05944,2026,R_P05944,S_P05944
P05946,2022,R_P05946,S_P05946
P05949,2026,R_P05949,S_P05949
P05950,2024,R_P05950,S_P05950
P05951,2026,R_P05951,S_P05951
P05952,2025,R_P05951,S_P05951
P05960,2025,R_P05959,S_P05959
P05961,2025,R_P05961,S_P05961
P05966,2022,R_P05965,S_P05965
P05967,2022,R_P05967,S_P05967
P05968,2026,R_P05967,S_P05967
P05969,2022,R_P05969,S_P05969
P05970,2023,R_P05970,S_P05970
P05973,2025,R_P05973,S_P05973
P05974,2025,R_P05974,S_P05974
P05977,2026,R_P05977,S_P05977
P05978,2023,R_P05978,S_P05978
P05979,2024,R_P05979,S_P05979
P05982,2022,R_P05982,S_P05982
P05983,2022,R_P05982,S_P05983
P05990,2021,R_P05990,S_P05990
P05991,2024,R_P05991,S_P05991
P05992,2019,R_P05992,S_P05992
P05994,2019,R_P05994,S_P05994
P05995,2019,R_P05995,S_P05995
P05996,2019,R_P05996,S_P05996
P05997,2019,R_P05997,S_P05997
P05998,2019,R_P05998,S_P05998
P06000,2019,R_P06000,S_P06000
P06001,2019,R_P06001,S_P06001
P06003,2022,R_P06003,S_P06003
P06005,2019,R_P06005,S_P06005
P06007,2020,R_P06006,S_P06006
P06011,2020,R_P06010,S_P06010
P06014,2024,R_P06014,S_P06014
P06015,2025,R_P06015,S_P06015
P06017,2023,R_P06017,S_P06017
P06018,2025,R_P06018,S_P06018
P06019,2022,R_P06019,S_P06019
P06024,2025,R_P06024,S_P06024
P06025,2024,R_P06025,S_P06025
P06029,2022,R_P06029,S_P06029
P06030,2023,R_P06030,S_P06030
P06036,2019,R_P06036,S_P06036
P06037,2019,R_P06037,S_P06037
P06039,2022,R_P06039,S_P06039
P06040,2025,R_P06040,S_P06040
P06043,2022,R_P06043,S_P06043
P06044,2022,R_P06044,S_P06044
P06050,2024,R_P06050,S_P06050
P06056,2025,R_P06055,S_P06055
P06057,2022,R_P06057,S_P06057
P06058,2022,R_P06057,S_P06057
P06062,2024,R_P06062,S_P06062
P06068,2022,R_P06068,S_P06068
P06069,2026,R_P06069,S_P06069
P06070,2021,R_P06069,S_P06069
P06072,2023,R_P06072,S_P06072
P06074,2025,R_P06074,S_P06074
P06077,2023,R_P06077,S_P06077
P06079,2026,R_P06079,S_P06079
P06082,2025,R_P03072,S_P03072
P06086,2026,R_P06086,S_P06086
P06087,2026,R_P06087,S_P06087
P06088,2026,R_P06087,S_P06087
P06096,2019,R_P06096,S_P06096
P06102,2025,R_P06102,S_P06102
P06119,2019,R_P06119,S_P06119
P06123,2022,R_P06123,S_P06123
P06124,2023,R_P06124,S_P06124
P06133,2019,R_P06133,S_P06133
P06145,2026,R_P06145,S_P06145
P06148,2025,R_P06146,S_P06146
P06151,2026,R_P06151,S_P06151
P06159,2026,R_P06159,S_P06159
P06169,2022,R_P06169,S_P06169
P06170,2026,R_P06170,S_P06170
P06171,2026,R_P06171,S_P06171
P06177,2024,R_P06177,S_P06177
P06182,2023,R_P06182,S_P06182
P06184,2023,R_P06184,S_P06184
P06187,2026,R_P06187,S_P06187
P06189,2023,R_P06189,S_P06189
P06193,2023,R_P06192,S_P06192
P06199,2024,R_P06199,S_P06199
P06200,2023,R_P06197,S_P06197
P06201,2026,R_P06201,S_P06201
P06202,2022,R_P06202,S_P06202
P06213,2024,R_P06213,S_P06213
P06229,2025,R_P06229,S_P06229
P06230,2026,R_P06230,S_P06230
P06232,2021,R_P06232,S_P06232
P06235,2023,R_P06235,S_P06235
P06236,2026,R_P06236,S_P06236
P06245,2023,R_P06245,S_P06245
P06259,2019,R_P06259,S_P06259
P06270,2019,R_P06270,S_P06270
P06273,2026,R_P06273,S_P06273
P06282,2024,R_P06282,S_P06282
P06287,2023,R_P06286,S_P06286
P06292,2023,R_P06292,S_P06292
P06300,2024,R_P06300,S_P06300
P06302,2023,R_P06302,S_P06302
P06307,2025,R_P06307,S_P06307
P06310,2019,R_P06310,S_P06310
P06312,2023,R_P06312,S_P06312
P06314,2023,R_P06314,S_P06314
P06315,2023,R_P06315,S_P06315
P06331,2023,R_P06331,S_P06331
P06338,2025,R_P06338,S_P06338
P06339,2022,R_P06339,S_P06339
P06342,2025,R_P06342,S_P06342
P06343,2026,R_P06343,S_P06343
P06344,2026,R_P06344,S_P06344
P06349,2025,R_P06349,S_P06349
P06350,2025,R_P06350,S_P06350
P06352,2026,R_P06352,S_P06352
P06362,2022,R_P06362,S_P06362
P06370,2023,R_P06370,S_P06370
P06376,2026,R_P06376,S_P06376
P06377,2025,R_P06376,S_P06376
P06378,2026,R_P06378,S_P06378
P06379,2026,R_P06378,S_P06379
P06380,2026,R_P06378,S_P06378
P06383,2026,R_P06382,S_P06382
P06385,2026,R_P06384,S_P06384
P06386,2026,R_P06386,S_P06386
P06387,2026,R_P06386,S_P06386
P06388,2026,R_P06388,S_P06388
P06395,2024,R_P06395,S_P06395
P06396,2024,R_P06395,S_P06395
P06397,2024,R_P06397,S_P06397
P06399,2026,R_P06399,S_P06399
P06402,2026,R_P06399,S_P06402
P06403,2026,R_P06399,S_P06400
P06404,2026,R_P06399,S_P06402
P06405,2026,R_P06405,S_P06405
P06408,2026,R_P06405,S_P06405
P06409,2025,R_P06409,S_P06409
P06411,2026,R_P06411,S_P06411
P06413,2026,R_P06413,S_P06413
P06416,2026,R_P06416,S_P06416
P06418,2026,R_P06412,S_P06412
P06420,2026,R_P06410,S_P06414
P06421,2026,R_P06410,S_P06410
P06423,2026,R_P06423,S_P06423
P06425,2023,R_P06425,S_P06425
P06427,2022,R_P06427,S_P06427
P06428,2026,R_P06428,S_P06428
P06429,2022,R_P06429,S_P06429
P06430,2026,R_P06416,S_P06416
P06431,2022,R_P06431,S_P06431
P06433,2022,R_P06429,S_P06429
P06434,2022,R_P06434,S_P06434
P06435,2022,R_P06435,S_P06435
P06436,2022,R_P06436,S_P06436
P06437,2023,R_P06428,S_P06428
P06438,2022,R_P06438,S_P06438
P06440,2022,R_P06427,S_P06427
P06441,2022,R_P06425,S_P06425
P06442,2022,R_P06442,S_P06442
P06443,2022,R_P06443,S_P06443
P06444,2022,R_P06424,S_P06424
P06445,2022,R_P06436,S_P06436
P06446,2022,R_P06446,S_P06446
P06447,2026,R_P06447,S_P06447
P06448,2026,R_P06434,S_P06448
P06450,2022,R_P06434,S_P06448
P06452,2022,R_P06439,S_P06439
P06453,2022,R_P06453,S_P06453
P06454,2023,R_P06454,S_P06454
P06455,2022,R_P06438,S_P06438
P06456,2022,R_P06432,S_P06432
P06457,2022,R_P06431,S_P06431
P06459,2022,R_P06459,S_P06459
P06460,2022,R_P06447,S_P06447
P06461,2022,R_P06446,S_P06446
P06462,2022,R_P06454,S_P06454
P06463,2022,R_P06463,S_P06463
P06464,2022,R_P06464,S_P06464
P06466,2022,R_P06466,S_P06466
P06467,2022,R_P06466,S_P06467
P06468,2019,R_P06466,S_P06467
P06469,2022,R_P06466,S_P06466
P06470,2022,R_P06464,S_P06464
P06471,2022,R_P06463,S_P06463
P06473,2022,R_P06442,S_P06473
P06474,2022,R_P06442,S_P06442
P06475,2022,R_P06475,S_P06475
P06477,2022,R_P06477,S_P06477
P06478,2022,R_P06477,S_P06477
P06479,2022,R_P06476,S_P06479
P06481,2022,R_P06475,S_P06481
P06483,2022,R_P06475,S_P06483
P06484,2022,R_P06475,S_P06481
P06485,2022,R_P06459,S_P06485
P06486,2022,R_P06459,S_P06459
P06488,2022,R_P06488,S_P06488
P06489,2022,R_P06459,S_P06485
P06490,2022,R_P06476,S_P06479
P06491,2022,R_P06488,S_P06488
P06492,2022,R_P06492,S_P06492
P06493,2022,R_P06493,S_P06493
P06494,2022,R_P06494,S_P06494
P06495,2022,R_P06495,S_P06495
P06496,2022,R_P06496,S_P06496
P06497,2022,R_P06494,S_P06494
P06498,2022,R_P06493,S_P06493
P06500,2022,R_P06493,S_P06499
P06502,2022,R_P06475,S_P06483
P06504,2022,R_P06504,S_P06504
P06505,2022,R_P06505,S_P06505
P06506,2022,R_P06506,S_P06506
P06507,2022,R_P06506,S_P06506
P06509,2022,R_P06506,S_P06506
P06510,2022,R_P06506,S_P06510
P06511,2022,R_P06506,S_P06511
P06512,2022,R_P06506,S_P06510
P06514,2022,R_P06514,S_P06514
P06515,2022,R_P06515,S_P06515
P06517,2022,R_P06504,S_P06504
P06518,2022,R_P06503,S_P06518
P06519,2022,R_P06503,S_P06503
P06520,2022,R_P06520,S_P06520
P06522,2022,R_P06515,S_P06515
P06523,2022,R_P06514,S_P06514
P06525,2022,R_P06520,S_P06520
P06526,2021,R_P06526,S_P06526
P06527,2022,R_P06526,S_P06527
P06528,2022,R_P06526,S_P06527
P06529,2022,R_P06529,S_P06529
P06530,2022,R_P06530,S_P06530
P06532,2022,R_P06532,S_P06532
P06534,2022,R_P06534,S_P06534
P06535,2022,R_P06534,S_P06534
P06536,2022,R_P06533,S_P06533
P06538,2022,R_P06538,S_P06538
P06539,2022,R_P06539,S_P06539
P06540,2022,R_P06539,S_P06539
P06541,2022,R_P06539,S_P06541
P06543,2022,R_P06543,S_P06543
P06545,2022,R_P06538,S_P06538
P06546,2022,R_P06546,S_P06546
P06548,2022,R_P06548,S_P06548
P06550,2022,R_P06549,S_P06549
P06551,2022,R_P06548,S_P06548
P06552,2022,R_P06552,S_P06552
P06553,2022,R_P06553,S_P06553
P06556,2022,R_P06556,S_P06556
P06557,2022,R_P06546,S_P06546
P06558,2022,R_P06558,S_P06558
P06560,2022,R_P06529,S_P06529
P06561,2022,R_P06558,S_P06561
P06563,2022,R_P06558,S_P06561
P06564,2022,R_P06553,S_P06553
P06566,2022,R_P06566,S_P06566
P06567,2022,R_P06567,S_P06567
P06568,2022,R_P06568,S_P06568
P06569,2022,R_P06569,S_P06569
P06571,2022,R_P06568,S_P06568
P06572,2022,R_P06567,S_P06567
P06573,2026,R_P06566,S_P06566
P06574,2022,R_P06556,S_P06556
P06576,2022,R_P06555,S_P06555
P06578,2022,R_P06543,S_P06543
P06580,2022,R_P06543,S_P06577
P06584,2022,R_P06583,S_P06584
P06587,2022,R_P06583,S_P06585
P06590,2022,R_P06583,S_P06583
P06592,2022,R_P06592,S_P06592
P06593,2022,R_P06555,S_P06575
P06594,2022,R_P06592,S_P06592
P06595,2022,R_P06595,S_P06595
P06596,2022,R_P06596,S_P06596
P06598,2022,R_P06598,S_P06598
P06599,2022,R_P06598,S_P06599
P06600,2022,R_P06598,S_P06599
P06601,2022,R_P06598,S_P06598
P06602,2022,R_P06589,S_P06589
P06604,2022,R_P06604,S_P06604
P06605,2022,R_P06588,S_P06588
P06606,2022,R_P06606,S_P06606
P06607,2022,R_P06607,S_P06607
P06608,2022,R_P06607,S_P06607
P06609,2022,R_P06606,S_P06606
P06610,2022,R_P06596,S_P06610
P06611,2022,R_P06596,S_P06596
P06612,2022,R_P06612,S_P06612
P06614,2022,R_P06614,S_P06614
P06615,2022,R_P06596,S_P06610
P06617,2022,R_P06617,S_P06617
P06618,2022,R_P06618,S_P06618
P06619,2022,R_P06614,S_P06614
P06620,2022,R_P06603,S_P06603
P06621,2022,R_P06618,S_P06618
P06623,2022,R_P06617,S_P06617
P06624,2022,R_P06617,S_P06622
P06625,2022,R_P06613,S_P06625
P06626,2022,R_P06613,S_P06613
P06627,2022,R_P06612,S_P06612
P06628,2022,R_P06628,S_P06628
P06629,2022,R_P06629,S_P06629
P06630,2022,R_P06630,S_P06630
P06632,2022,R_P06630,S_P06630
P06634,2022,R_P06628,S_P06634
P06635,2022,R_P06629,S_P06629
P06636,2022,R_P06628,S_P06634
P06637,2022,R_P06628,S_P06628
P06638,2022,R_P06630,S_P06633
P06639,2022,R_P06595,S_P06595
P06640,2022,R_P06640,S_P06640
P06642,2022,R_P06640,S_P06641
P06646,2022,R_P06646,S_P06646
P06647,2022,R_P06647,S_P06647
P06649,2022,R_P06649,S_P06649
P06651,2022,R_P06647,S_P06647
P06653,2022,R_P06646,S_P06646
P06656,2022,R_P06656,S_P06656
P06658,2022,R_P06658,S_P06658
P06659,2022,R_P06650,S_P06650
P06661,2022,R_P06661,S_P06661
P06662,2022,R_P06662,S_P06662
P06664,2022,R_P06661,S_P06661
P06666,2022,R_P06666,S_P06666
P06667,2022,R_P06660,S_P06667
P06669,2022,R_P06656,S_P06656
P06670,2022,R_P06670,S_P06670
P06672,2022,R_P06649,S_P06649
P06675,2022,R_P06675,S_P06675
P06676,2022,R_P06676,S_P06676
P06677,2022,R_P06676,S_P06676
P06678,2022,R_P06675,S_P06678
P06679,2022,R_P06675,S_P06675
P06680,2022,R_P06680,S_P06680
P06682,2022,R_P06682,S_P06682
P06683,2022,R_P06674,S_P06674
P06684,2022,R_P06684,S_P06684
P06685,2020,R_P06685,S_P06685
P06686,2022,R_P06686,S_P06686
P06687,2022,R_P06686,S_P06686
P06688,2022,R_P06688,S_P06688
P06689,2022,R_P06689,S_P06689
P06690,2022,R_P06690,S_P06690
P06691,2022,R_P06685,S_P06685
P06695,2022,R_P06684,S_P06684
P06696,2022,R_P06675,S_P06678
P06697,2022,R_P06660,S_P06667
P06698,2022,R_P06660,S_P06660
P06699,2022,R_P06680,S_P06699
P06700,2022,R_P06700,S_P06700
P06701,2022,R_P06682,S_P06682
P06704,2022,R_P06694,S_P06694
P06706,2022,R_P06706,S_P06706
P06707,2022,R_P06707,S_P06707
P06708,2022,R_P06708,S_P06708
P06709,2022,R_P06707,S_P06707
P06710,2022,R_P06689,S_P06689
P06711,2022,R_P06706,S_P06706
P06712,2022,R_P06712,S_P06712
P06713,2022,R_P06713,S_P06713
P06716,2022,R_P06716,S_P06716
P06717,2022,R_P06717,S_P06717
P06719,2022,R_P06719,S_P06719
P06720,2022,R_P06708,S_P06708
P06721,2020,R_P06690,S_P06690
P06722,2022,R_P06671,S_P06671
P06723,2025,R_P06670,S_P06670
P06724,2022,R_P06666,S_P06666
P06725,2022,R_P06725,S_P06725
P06726,2022,R_P06726,S_P06726
P06727,2022,R_P06727,S_P06727
P06729,2022,R_P06727,S_P06727
P06731,2022,R_P06725,S_P06731
P06732,2022,R_P06725,S_P06725
P06733,2022,R_P06733,S_P06733
P06734,2022,R_P06733,S_P06734
P06735,2022,R_P06733,S_P06735
P06736,2022,R_P06733,S_P06734
P06738,2022,R_P06717,S_P06738
P06739,2022,R_P06717,S_P06717
P06740,2022,R_P06719,S_P06719
P06741,2022,R_P06718,S_P06718
P06742,2022,R_P06742,S_P06742
P06743,2022,R_P06733,S_P06735
P06745,2022,R_P06745,S_P06745
P06746,2022,R_P06746,S_P06746
P06747,2022,R_P06725,S_P06731
P06749,2022,R_P06745,S_P06749
P06751,2022,R_P06745,S_P06745
P06752,2022,R_P06748,S_P06748
P06753,2022,R_P06753,S_P06753
P06754,2022,R_P06753,S_P06754
P06755,2022,R_P06755,S_P06755
P06756,2022,R_P06756,S_P06756
P06757,2022,R_P06757,S_P06757
P06758,2022,R_P06753,S_P06754
P06759,2022,R_P06753,S_P06753
P06760,2022,R_P06746,S_P06746
P06761,2022,R_P06761,S_P06761
P06763,2022,R_P06763,S_P06763
P06764,2023,R_P06757,S_P06757
P06765,2022,R_P06765,S_P06765
P06767,2022,R_P06767,S_P06767
P06768,2022,R_P06768,S_P06768
P06769,2022,R_P06763,S_P06763
P06771,2022,R_P06762,S_P06762
P06772,2022,R_P06772,S_P06772
P06774,2022,R_P06761,S_P06761
P06775,2022,R_P06756,S_P06756
P06776,2022,R_P06776,S_P06776
P06777,2022,R_P06777,S_P06777
P06778,2022,R_P06778,S_P06778
P06779,2022,R_P06779,S_P06779
P06780,2022,R_P06780,S_P06780
P06782,2022,R_P06778,S_P06778
P06783,2022,R_P06780,S_P06780
P06784,2022,R_P06777,S_P06777
P06785,2022,R_P06779,S_P06779
P06787,2022,R_P06772,S_P06772
P06789,2022,R_P06789,S_P06789
P06791,2022,R_P06714,S_P06714
P06792,2022,R_P06792,S_P06792
P06794,2022,R_P06789,S_P06789
P06795,2022,R_P06713,S_P06713
P06796,2022,R_P06766,S_P06796
P06797,2022,R_P06766,S_P06766
P06798,2022,R_P06798,S_P06798
P06800,2022,R_P06765,S_P06765
P06801,2022,R_P06790,S_P06790
P06802,2023,R_P06788,S_P06788
P06803,2022,R_P06793,S_P06793
P06804,2022,R_P06804,S_P06804
P06805,2022,R_P06805,S_P06805
P06806,2022,R_P06792,S_P06792
P06807,2022,R_P06807,S_P06807
P06808,2022,R_P06808,S_P06808
P06810,2022,R_P06807,S_P06807
P06813,2022,R_P06808,S_P06808
P06814,2022,R_P06814,S_P06814
P06815,2022,R_P06815,S_P06815
P06816,2022,R_P06816,S_P06816
P06817,2022,R_P06805,S_P06805
P06818,2022,R_P06816,S_P06816
P06819,2022,R_P06815,S_P06815
P06820,2022,R_P06814,S_P06814
P06821,2022,R_P06821,S_P06821
P06822,2022,R_P06804,S_P06804
P06823,2021,R_P06823,S_P06823
P06824,2022,R_P06824,S_P06824
P06825,2021,R_P06825,S_P06825
P06826,2021,R_P06826,S_P06826
P06828,2019,R_P06828,S_P06828
P06830,2022,R_P06826,S_P06826
P06831,2021,R_P06825,S_P06825
P06832,2022,R_P06832,S_P06832
P06833,2022,R_P06824,S_P06824
P06834,2022,R_P06834,S_P06834
P06835,2022,R_P06835,S_P06835
P06839,2022,R_P06821,S_P06821
P06840,2022,R_P06838,S_P06838
P06842,2022,R_P06834,S_P06842
P06843,2022,R_P06843,S_P06843
P06844,2022,R_P06844,S_P06844
P06847,2022,R_P06834,S_P06842
P06848,2019,R_P06834,S_P06834
P06852,2019,R_P06852,S_P06852
P06856,2019,R_P06851,S_P06851
P06858,2019,R_P06858,S_P06858
P06859,2025,R_P06850,S_P06850
P06860,2019,R_P06849,S_P06849
P06863,2019,R_P06863,S_P06863
P06869,2022,R_P06869,S_P06869
P06870,2026,R_P06870,S_P06870
P06879,2019,R_P06876,S_P06876
P06882,2019,R_P06882,S_P06882
P06884,2019,R_P06874,S_P06874
P06892,2019,R_P06892,S_P06892
P06893,2019,R_P06829,S_P06829
P06899,2019,R_P06835,S_P06835
P06900,2019,R_P06889,S_P06889
P06905,2025,R_P06905,S_P06905
P06912,2019,R_P06912,S_P06912
P06916,2019,R_P06916,S_P06916
P06921,2024,R_P06916,S_P06916
P06926,2019,R_P06926,S_P06926
P06934,2019,R_P06934,S_P06934
P06938,2019,R_P06918,S_P06918
P06940,2019,R_P06933,S_P06933
P06943,2019,R_P06943,S_P06943
P06945,2022,R_P06945,S_P06945
P06946,2019,R_P06945,S_P06945
P06948,2019,R_P06943,S_P06943
P06953,2019,R_P06951,S_P06953
P06958,2019,R_P06919,S_P06919
P06965,2019,R_P06935,S_P06935
P06966,2019,R_P06966,S_P06966
P06970,2019,R_P06969,S_P06969
P06973,2019,R_P06973,S_P06973
P06975,2019,R_P06955,S_P06955
P06980,2019,R_P06978,S_P06978
P06982,2019,R_P06982,S_P06982
P06991,2019,R_P06991,S_P06991
P06992,2019,R_P06991,S_P06991
P06997,2019,R_P06997,S_P06997
P06998,2019,R_P06997,S_P06997
P07004,2022,R_P07002,S_P07002
P07008,2019,R_P07006,S_P07006
P07011,2019,R_P07006,S_P07007
P07015,2019,R_P07014,S_P07014
P07018,2019,R_P07018,S_P07018
P07020,2019,R_P07018,S_P07018
P07029,2019,R_P07026,S_P07026
P07031,2025,R_P07030,S_P07030
P07033,2019,R_P07018,S_P07023
P07046,2019,R_P07046,S_P07046
P07047,2019,R_P07046,S_P07046
P07051,2019,R_P07051,S_P07051
P07060,2025,R_P07058,S_P07059
P07077,2019,R_P07072,S_P07072
P07079,2024,R_P07078,S_P07078
P07080,2025,R_P07080,S_P07080
P07081,2019,R_P07080,S_P07080
P07083,2019,R_P07082,S_P07082
P07084,2023,R_P07084,S_P07084
P07090,2023,R_P07089,S_P07089
P07094,2025,R_P07092,S_P07092
P07095,2019,R_P07095,S_P07095
P07098,2024,R_P07095,S_P07096
P07099,2019,R_P07092,S_P07093
P07100,2019,R_P07100,S_P07100
P07102,2024,R_P07102,S_P07102
P07105,2019,R_P07105,S_P07105
P07106,2019,R_P07105,S_P07105
P07113,2019,R_P07111,S_P07111
P07114,2019,R_P07111,S_P07112
P07116,2019,R_P07116,S_P07116
P07121,2019,R_P07119,S_P07119
P07124,2019,R_P07123,S_P07124
P07130,2019,R_P07129,S_P07129
P07131,2023,R_P07131,S_P07131
P07132,2019,R_P07131,S_P07131
P07133,2026,R_P07133,S_P07133
P07139,2026,R_P07139,S_P07139
P07144,2022,R_P07144,S_P07144
P07153,2025,R_P07150,S_P07151
P07154,2026,R_P06407,S_P07154
P07157,2025,R_P06407,S_P06407
P07158,2026,R_P06407,S_P07154
P07159,2026,R_P06406,S_P06406
P07160,2026,R_P06406,S_P07160
P07167,2022,R_P06496,S_P06496
P07168,2022,R_P07168,S_P07168
P07169,2022,R_P07168,S_P07169
P07170,2022,R_P07168,S_P07168
P07173,2022,R_P07173,S_P07173
P07174,2022,R_P07174,S_P07174
P07175,2022,R_P07174,S_P07174
P07176,2022,R_P07173,S_P07173
P07177,2023,R_P07172,S_P07172
P07178,2022,R_P06495,S_P06495
P07179,2022,R_P07179,S_P07179
P07180,2022,R_P07179,S_P07179
P07181,2022,R_P06443,S_P07181
P07182,2022,R_P06443,S_P07181
P07185,2022,R_P07168,S_P07183
P07186,2022,R_P07186,S_P07186
P07187,2022,R_P07187,S_P07187
P07188,2022,R_P07188,S_P07188
P07189,2022,R_P07188,S_P07188
P07191,2022,R_P07190,S_P07190
P07192,2021,R_P07187,S_P07187
P07195,2022,R_P07194,S_P07194
P07198,2019,R_P07198,S_P07198
P07199,2019,R_P07199,S_P07199
P07217,2022,R_P07215,S_P07215
P07219,2019,R_P07219,S_P07219
P07238,2019,R_P07237,S_P07238
P07242,2019,R_P07241,S_P07241
P07249,2019,R_P07249,S_P07249
P07257,2026,R_P07257,S_P07257
P07259,2026,R_P07257,S_P07257
P07260,2019,R_P07260,S_P07260
P07265,2024,R_P07229,S_P07265
P07266,2024,R_P07229,S_P07265
P07267,2019,R_P07229,S_P07229
P07268,2019,R_P07268,S_P07268
P07270,2019,R_P07270,S_P07270
P07272,2019,R_P07272,S_P07272
P07279,2019,R_P07278,S_P07278
P07287,2024,R_P07286,S_P07286
P07293,2026,R_P07293,S_P07293
P07294,2026,R_P07293,S_P07293
P07298,2026,R_P07297,S_P07297
P07299,2026,R_P07297,S_P07297
P07300,2019,R_P07297,S_P07300
P07302,2023,R_P07302,S_P07302
P07306,2019,R_P07302,S_P07302
P07307,2019,R_P07202,S_P07307
P07319,2019,R_P07317,S_P07318
P07330,2022,R_P07330,S_P07330
P07332,2022,R_P07332,S_P07332
P07333,2023,R_P07333,S_P07333
P07335,2019,R_P07335,S_P07335
P07336,2025,R_P07336,S_P07336
P07341,2019,R_P07336,S_P07336
P07342,2022,R_P07335,S_P07335
P07343,2022,R_P07333,S_P07333
P07344,2022,R_P07332,S_P07332
P07345,2022,R_P07345,S_P07345
P07346,2022,R_P07345,S_P07346
P07347,2022,R_P07347,S_P07347
P07348,2022,R_P07348,S_P07348
P07349,2022,R_P07345,S_P07346
P07350,2022,R_P07350,S_P07350
P07352,2022,R_P06772,S_P06786
P07354,2022,R_P07348,S_P07348
P07355,2022,R_P07347,S_P07347
P07358,2025,R_P07358,S_P07358
P07359,2019,R_P06869,S_P06869
P07365,2019,R_P06867,S_P06867
P07367,2022,R_P07367,S_P07367
P07368,2022,R_P07368,S_P07368
P07369,2022,R_P07367,S_P07367
P07370,2019,R_P07358,S_P07358
P07371,2019,R_P07371,S_P07371
P07373,2022,R_P07373,S_P07373
P07374,2022,R_P07373,S_P07373
P07375,2022,R_P07375,S_P07375
P07376,2022,R_P07376,S_P07376
P07377,2022,R_P07377,S_P07377
P07379,2022,R_P07376,S_P07376
P07385,2019,R_P07360,S_P07360
P07386,2022,R_P06766,S_P07386
P07387,2022,R_P06766,S_P06796
P07389,2019,R_P07389,S_P07389
P07391,2019,R_P07391,S_P07391
P07393,2019,R_P07393,S_P07393
P07399,2022,R_P07399,S_P07399
P07401,2022,R_P06832,S_P06832
P07402,2022,R_P07400,S_P07400
P07403,2022,R_P07399,S_P07399
P07404,2019,R_P07393,S_P07393
P07406,2022,R_P06799,S_P06799
P07407,2022,R_P06798,S_P06798
P07408,2022,R_P06809,S_P06811
P07409,2024,R_P06867,S_P07409
P07412,2022,R_P07380,S_P07380
P07415,2019,R_P07371,S_P07371
P07416,2022,R_P07416,S_P07416
P07417,2022,R_P07416,S_P07416
P07419,2022,R_P07418,S_P07418
P07421,2021,R_P07420,S_P07421
P07422,2022,R_P07420,S_P07421
P07423,2022,R_P07423,S_P07423
P07424,2022,R_P07423,S_P07424
P07427,2022,R_P07368,S_P07368
P07428,2022,R_P07428,S_P07428
P07430,2022,R_P07430,S_P07430
P07431,2022,R_P07430,S_P07430
P07432,2022,R_P07432,S_P07432
P07434,2022,R_P07434,S_P07434
P07435,2022,R_P07434,S_P07434
P07436,2022,R_P07436,S_P07436
P07437,2022,R_P07436,S_P07436
P07438,2022,R_P07423,S_P07424
P07439,2022,R_P07439,S_P07439
P07440,2022,R_P07439,S_P07439
P07441,2022,R_P07441,S_P07441
P07442,2022,R_P07441,S_P07441
P07443,2022,R_P07443,S_P07443
P07445,2022,R_P07330,S_P07330
P07446,2022,R_P07444,S_P07444
P07447,2022,R_P07447,S_P07447
P07448,2019,R_P07447,S_P07448
P07450,2021,R_P07443,S_P07443
P07452,2019,R_P07451,S_P07452
P07455,2019,R_P07455,S_P07455
P07468,2023,R_P07468,S_P07468
P07475,2019,R_P07475,S_P07475
P07484,2025,R_P07483,S_P07484
P07487,2019,R_P07305,S_P07305
P07491,2019,R_P07491,S_P07491
P07497,2019,R_P07497,S_P07497
P07498,2019,R_P07497,S_P07497
P07499,2019,R_P07497,S_P07499
P07502,2022,R_P07501,S_P07501
P07503,2022,R_P07503,S_P07503
P07504,2022,R_P07503,S_P07503
P07506,2026,R_P07493,S_P07506
P07507,2019,R_P07493,S_P07506
P07509,2019,R_P07508,S_P07508
P07513,2019,R_P07513,S_P07513
P07514,2019,R_P07514,S_P07514
P07521,2019,R_P07521,S_P07521
P07524,2019,R_P07524,S_P07524
P07525,2019,R_P07524,S_P07524
P07527,2019,R_P07526,S_P07526
P07528,2019,R_P07522,S_P07528
P07530,2019,R_P07522,S_P07528
P07533,2019,R_P07532,S_P07533
P07538,2019,R_P07102,S_P07536
P07541,2024,R_P07540,S_P07540
P07542,2022,R_P07542,S_P07542
P07544,2026,R_P07544,S_P07544
P07546,2026,R_P07544,S_P07544
P07547,2026,R_P07547,S_P07547
P07555,2026,R_P07554,S_P07555
P07556,2026,R_P07554,S_P07554
P07559,2026,R_P07558,S_P07558
P07561,2020,R_P07560,S_P07560
P07564,2022,R_P07564,S_P07564
P07568,2026,R_P07568,S_P07568
P07573,2026,R_P07568,S_P07573
P07576,2026,R_P07576,S_P07576
P07578,2026,R_P07566,S_P07578
P07580,2026,R_P07580,S_P07580
P07583,2026,R_P07583,S_P07583
P07589,2026,R_P07585,S_P07589
P07590,2026,R_P07585,S_P07589
P07594,2020,R_P07593,S_P07593
P07595,2026,R_P07595,S_P07595
P07597,2022,R_P07597,S_P07597
P07598,2026,R_P07597,S_P07597
P07599,2026,R_P07599,S_P07599
P07600,2026,R_P07599,S_P07599
P07601,2026,R_P07595,S_P07601
P07603,2024,R_P07595,S_P07601
P07611,2024,R_P07611,S_P07611
P07612,2024,R_P07611,S_P07611
P07617,2026,R_P07617,S_P07617
P07619,2026,R_P07568,S_P07573
P07621,2024,R_P07620,S_P07620
P07622,2025,R_P07622,S_P07622
P07623,2026,R_P07622,S_P07623
P07625,2026,R_P07622,S_P07622
P07627,2026,R_P07626,S_P07627
P07628,2019,R_P07626,S_P07628
P07632,2023,R_P07631,S_P07631
P07633,2026,R_P07633,S_P07633
P07640,2026,R_P07639,S_P07639
P07641,2026,R_P07641,S_P07641
P07645,2026,R_P07645,S_P07645
P07646,2026,R_P07645,S_P07645
P07652,2025,R_P07652,S_P07652
P07655,2026,R_P07652,S_P07655
P07656,2026,R_P07652,S_P07653
P07657,2026,R_P07652,S_P07655
P07660,2019,R_P07650,S_P07660
P07661,2019,R_P07650,S_P07650
P07662,2019,R_P07650,S_P07660
P07663,2019,R_P07649,S_P07649
P07667,2019,R_P07649,S_P07665
P07683,2026,R_P07682,S_P07682
P07684,2026,R_P07682,S_P07682
P07689,2019,R_P07688,S_P07688
P07692,2026,R_P07692,S_P07692
P07694,2026,R_P07690,S_P07691
P07696,2026,R_P07696,S_P07696
P07698,2026,R_P07693,S_P07698
P07702,2026,R_P07692,S_P07692
P07708,2026,R_P07704,S_P07707
P07709,2026,R_P07704,S_P07704
P07713,2019,R_P07710,S_P07710
P07717,2019,R_P07716,S_P07717
P07719,2025,R_P07719,S_P07719
P07720,2019,R_P07720,S_P07720
P07722,2019,R_P07722,S_P07722
P07729,2019,R_P07728,S_P07728
P07732,2019,R_P07731,S_P07731
P07737,2019,R_P07737,S_P07737
P07757,2019,R_P07751,S_P07752
P07761,2019,R_P07760,S_P07760
P07762,2019,R_P07759,S_P07759
P07776,2026,R_P07776,S_P07776
P07777,2026,R_P07776,S_P07776
P07778,2026,R_P07778,S_P07778
P07780,2026,R_P07780,S_P07780
P07781,2022,R_P07780,S_P07780
P07782,2019,R_P07782,S_P07782
P07783,2026,R_P07782,S_P07782
P07784,2026,R_P07784,S_P07784
P07790,2026,R_P07788,S_P07788
P07791,2022,R_P07791,S_P07791
P07792,2022,R_P07791,S_P07792
P07793,2022,R_P07791,S_P07791
P07794,2022,R_P07794,S_P07794
P07796,2022,R_P07791,S_P07792
P07797,2022,R_P07795,S_P07795
P07799,2022,R_P07798,S_P07798
P07800,2022,R_P07798,S_P07800
P07801,2022,R_P07798,S_P07800
P07802,2022,R_P07802,S_P07802
P07803,2022,R_P07802,S_P07802
P07804,2022,R_P07794,S_P07804
P07805,2022,R_P07794,S_P07794
P07806,2022,R_P07794,S_P07806
P07807,2022,R_P07794,S_P07804
P07808,2022,R_P07794,S_P07808
P07809,2022,R_P07794,S_P07806
P07812,2022,R_P07810,S_P07812
P07813,2022,R_P07810,S_P07810
P07815,2022,R_P07815,S_P07815
P07816,2022,R_P07815,S_P07815
P07817,2022,R_P07817,S_P07817
P07822,2022,R_P07818,S_P07818
P07824,2022,R_P07824,S_P07824
P07825,2022,R_P07825,S_P07825
P07827,2022,R_P07827,S_P07827
P07828,2022,R_P07828,S_P07828
P07829,2022,R_P07821,S_P07821
P07830,2022,R_P07828,S_P07828
P07831,2022,R_P07831,S_P07831
P07832,2022,R_P07827,S_P07827
P07834,2022,R_P07820,S_P07820
P07835,2022,R_P07835,S_P07835
P07836,2022,R_P07836,S_P07836
P07839,2022,R_P07839,S_P07839
P07840,2022,R_P07839,S_P07840
P07841,2022,R_P07839,S_P07839
P07842,2022,R_P07839,S_P07840
P07844,2022,R_P07844,S_P07844
P07845,2022,R_P07844,S_P07845
P07846,2022,R_P07835,S_P07835
P07848,2022,R_P07848,S_P07848
P07850,2022,R_P07849,S_P07849
P07852,2022,R_P07847,S_P07847
P07853,2022,R_P07853,S_P07853
P07855,2022,R_P07855,S_P07855
P07856,2022,R_P07855,S_P07856
P07857,2022,R_P07855,S_P07855
P07858,2022,R_P07854,S_P07858
P07859,2022,R_P07854,S_P07854
P07860,2022,R_P07860,S_P07860
P07861,2022,R_P07861,S_P07861
P07864,2022,R_P07854,S_P07858
P07865,2022,R_P07865,S_P07865
P07866,2022,R_P07866,S_P07866
P07868,2022,R_P07849,S_P07868
P07870,2022,R_P07849,S_P07869
P07871,2022,R_P07855,S_P07856
P07872,2022,R_P07863,S_P07863
P07875,2022,R_P07861,S_P07861
P07876,2022,R_P07861,S_P07874
P07877,2022,R_P07860,S_P07860
P07878,2022,R_P07866,S_P07866
P07879,2022,R_P07865,S_P07879
P07882,2022,R_P07844,S_P07845
P07883,2022,R_P07844,S_P07844
P07884,2022,R_P07884,S_P07884
P07885,2022,R_P07885,S_P07885
P07886,2022,R_P07886,S_P07886
P07887,2022,R_P07886,S_P07887
P07889,2022,R_P07885,S_P07885
P07891,2022,R_P07884,S_P07884
P07892,2022,R_P07892,S_P07892
P07893,2022,R_P07893,S_P07893
P07894,2022,R_P07884,S_P07890
P07895,2022,R_P07895,S_P07895
P07896,2022,R_P07896,S_P07896
P07897,2022,R_P07897,S_P07897
P07900,2022,R_P07892,S_P07892
P07901,2022,R_P07897,S_P07897
P07902,2022,R_P07896,S_P07896
P07904,2022,R_P07904,S_P07904
P07905,2022,R_P07893,S_P07893
P07906,2022,R_P07906,S_P07906
P07907,2022,R_P07907,S_P07907
P07908,2022,R_P07908,S_P07908
P07909,2022,R_P07909,S_P07909
P07910,2022,R_P07904,S_P07904
P07911,2022,R_P07903,S_P07903
P07912,2022,R_P07908,S_P07912
P07914,2022,R_P07909,S_P07914
P07918,2022,R_P07908,S_P07912
P07919,2022,R_P07908,S_P07908
P07920,2019,R_P07907,S_P07907
P07922,2019,R_P07922,S_P07922
P07924,2022,R_P07922,S_P07922
P07925,2022,R_P07921,S_P07925
P07927,2022,R_P07921,S_P07925
P07928,2022,R_P07886,S_P07928
P07929,2022,R_P07886,S_P07887
P07930,2022,R_P07886,S_P07928
P07931,2022,R_P07931,S_P07931
P07932,2022,R_P07931,S_P07932
P07936,2022,R_P07931,S_P07931
P07937,2022,R_P07937,S_P07937
P07938,2022,R_P07937,S_P07938
P07940,2022,R_P07940,S_P07940
P07941,2022,R_P07941,S_P07941
P07943,2022,R_P07937,S_P07938
P07944,2022,R_P07944,S_P07944
P07947,2022,R_P07947,S_P07947
P07949,2023,R_P07941,S_P07941
P07950,2022,R_P07934,S_P07934
P07951,2022,R_P07933,S_P07933
P07952,2022,R_P07942,S_P07942
P07953,2022,R_P07953,S_P07953
P07954,2024,R_P07954,S_P07954
P07956,2022,R_P07956,S_P07956
P07957,2022,R_P07954,S_P07957
P07958,2022,R_P07958,S_P07958
P07959,2022,R_P07939,S_P07939
P07960,2022,R_P07960,S_P07960
P07961,2022,R_P07961,S_P07961
P07962,2022,R_P07948,S_P07948
P07963,2022,R_P07961,S_P07961
P07965,2022,R_P07947,S_P07947
P07966,2022,R_P07954,S_P07957
P07967,2022,R_P07954,S_P07954
P07971,2022,R_P07970,S_P07970
P07972,2022,R_P07972,S_P07972
P07973,2022,R_P07972,S_P07972
P07974,2022,R_P07974,S_P07974
P07975,2022,R_P07975,S_P07975
P07976,2022,R_P07975,S_P07975
P07977,2022,R_P07974,S_P07974
P07978,2022,R_P07978,S_P07978
P07979,2022,R_P07978,S_P07978
P07981,2022,R_P07980,S_P07980
P07982,2022,R_P07982,S_P07982
P07983,2022,R_P07982,S_P07982
P07984,2022,R_P07984,S_P07984
P07985,2022,R_P07984,S_P07985
P07986,2022,R_P07984,S_P07985
P07990,2022,R_P07990,S_P07990
P07991,2022,R_P07990,S_P07991
P07992,2022,R_P07990,S_P07991
P07993,2022,R_P07993,S_P07993
P07994,2026,R_P07993,S_P07994
P07995,2022,R_P07993,S_P07993
P07996,2026,R_P07993,S_P07994
P07997,2026,R_P07997,S_P07997
P07998,2026,R_P07997,S_P07997
P08000,2026,R_P07999,S_P07999
P08001,2022,R_P07990,S_P07990
P08005,2026,R_P08002,S_P08002
P08006,2026,R_P08004,S_P08004
P08009,2026,R_P08009,S_P08009
P08012,2026,R_P08010,S_P08010
P08014,2026,R_P07788,S_P08014
P08016,2023,R_P07788,S_P08014
P08023,2019,R_P08017,S_P08021
P08028,2019,R_P08028,S_P08028
P08034,2020,R_P08034,S_P08034
P08035,2020,R_P08034,S_P08034
P08043,2025,R_P08043,S_P08043
P08063,2019,R_P08051,S_P08060
P08076,2019,R_P08076,S_P08076
P08091,2019,R_P08090,S_P08090
P08095,2021,R_P08094,S_P08095
P08096,2021,R_P08094,S_P08094
P08098,2021,R_P08094,S_P08095
P08108,2019,R_P08108,S_P08108
P08111,2024,R_P08108,S_P08109
P08115,2019,R_P08114,S_P08115
P08119,2019,R_P08114,S_P08117
P08123,2019,R_P08122,S_P08122
P08133,2019,R_P08133,S_P08133
P08139,2024,R_P08139,S_P08139
P08140,2023,R_P08140,S_P08140
P08142,2023,R_P08142,S_P08142
P08149,2025,R_P08148,S_P08148
P08154,2024,R_P08140,S_P08154
P08160,2019,R_P08140,S_P08154
P08163,2019,R_P08161,S_P08161
P08171,2026,R_P08165,S_P08169
P08172,2026,R_P08172,S_P08172
P08180,2019,R_P08179,S_P08179
P08181,2026,R_P08181,S_P08181
P08185,2024,R_P08184,S_P08184
P08187,2026,R_P08182,S_P08182
P08188,2026,R_P08181,S_P08188
P08189,2026,R_P08181,S_P08181
P08191,2026,R_P08191,S_P08191
P08194,2026,R_P08193,S_P08194
P08196,2026,R_P08193,S_P08194
P08197,2025,R_P08193,S_P08195
P08198,2025,R_P08193,S_P08193
P08200,2026,R_P08199,S_P08200
P08201,2026,R_P08199,S_P08200
P08203,2026,R_P08202,S_P08202
P08204,2022,R_P08204,S_P08204
P08205,2022,R_P08204,S_P08204
P08210,2025,R_P08207,S_P08208
P08213,2019,R_P08213,S_P08213
P08215,2019,R_P08215,S_P08215
P08216,2019,R_P08215,S_P08215
P08217,2026,R_P08217,S_P08217
P08219,2019,R_P08217,S_P08217
P08222,2026,R_P08222,S_P08222
P08225,2026,R_P08222,S_P08223
P08233,2019,R_P08232,S_P08232
P08236,2024,R_P08236,S_P08236
P08241,2026,R_P08226,S_P08226
P08242,2026,R_P08237,S_P08237
P08243,2026,R_P08236,S_P08236
P08245,2019,R_P08244,S_P08244
P08252,2019,R_P08251,S_P08251
P08262,2025,R_P08262,S_P08262
P08266,2019,R_P08266,S_P08266
P08274,2025,R_P08274,S_P08274
P08275,2023,R_P08267,S_P08271
P08276,2025,R_P08274,S_P08274
P08281,2026,R_P08281,S_P08281
P08284,2019,R_P08280,S_P08280
P08293,2019,R_P08292,S_P08293
P08304,2025,R_P08304,S_P08304
P08309,2019,R_P08308,S_P08308
P08315,2019,R_P08312,S_P08313
P08320,2026,R_P08240,S_P08240
P08321,2020,R_P08321,S_P08321
P08322,2026,R_P08321,S_P08322
P08333,2022,R_P08332,S_P08332
P08334,2022,R_P08334,S_P08334
P08336,2022,R_P08336,S_P08336
P08337,2023,R_P08334,S_P08334
P08338,2026,R_P08338,S_P08338
P08340,2026,R_P08340,S_P08340
P08344,2026,R_P08342,S_P08344
P08346,2026,R_P08346,S_P08346
P08348,2026,R_P08348,S_P08348
P08350,2026,R_P08348,S_P08349
P08353,2026,R_P08348,S_P08351
P08356,2026,R_P08355,S_P08355
P08357,2026,R_P08348,S_P08348
P08359,2026,R_P08358,S_P08358
P08361,2025,R_P08360,S_P08360
P08363,2026,R_P08362,S_P08363
P08364,2026,R_P08362,S_P08362
P08365,2026,R_P08362,S_P08363
P08366,2022,R_P08366,S_P08366
P08367,2026,R_P08366,S_P08366
P08368,2026,R_P08368,S_P08368
P08369,2026,R_P08368,S_P08369
P08374,2026,R_P08374,S_P08374
P08376,2020,R_P08376,S_P08376
P08377,2025,R_P08374,S_P08374
P08379,2026,R_P08375,S_P08375
P08380,2026,R_P08380,S_P08380
P08383,2026,R_P08383,S_P08383
P08387,2026,R_P08380,S_P08387
P08388,2026,R_P08380,S_P08380
P08390,2026,R_P08380,S_P08387
P08391,2025,R_P08380,S_P08389
P08392,2026,R_P08392,S_P08392
P08393,2025,R_P08393,S_P08393
P08394,2019,R_P08394,S_P08394
P08396,2026,R_P08394,S_P08394
P08398,2023,R_P08397,S_P08397
P08399,2026,R_P08393,S_P08393
P08400,2026,R_P08400,S_P08400
P08401,2026,R_P08400,S_P08400
P08404,2026,R_P08402,S_P08403
P08405,2026,R_P08405,S_P08405
P08406,2026,R_P08405,S_P08406
P08408,2026,R_P08405,S_P08406
P08410,2025,R_P08410,S_P08410
P08411,2026,R_P08410,S_P08410
P08412,2026,R_P08412,S_P08412
P08415,2022,R_P08414,S_P08414
P08416,2022,R_P08416,S_P08416
P08417,2022,R_P08416,S_P08416
P08418,2022,R_P08418,S_P08418
P08420,2022,R_P08418,S_P08418
P08422,2022,R_P08422,S_P08422
P08423,2022,R_P08422,S_P08422
P08427,2022,R_P08426,S_P08426
P08428,2022,R_P08428,S_P08428
P08430,2022,R_P08428,S_P08428
P08431,2022,R_P08428,S_P08429
P08432,2022,R_P08432,S_P08432
P08434,2022,R_P08434,S_P08434
P08435,2022,R_P08435,S_P08435
P08436,2022,R_P08436,S_P08436
P08437,2022,R_P08432,S_P08432
P08438,2022,R_P08438,S_P08438
P08439,2022,R_P08438,S_P08438
P08442,2022,R_P08442,S_P08442
P08443,2022,R_P08442,S_P08442
P08444,2022,R_P08436,S_P08436
P08446,2026,R_P08445,S_P08446
P08448,2026,R_P08445,S_P08448
P08450,2026,R_P08445,S_P08446
P08451,2025,R_P08451,S_P08451
P08452,2022,R_P08451,S_P08451
P08453,2022,R_P08435,S_P08453
P08454,2022,R_P08435,S_P08453
P08455,2022,R_P08435,S_P08435
P08460,2022,R_P08433,S_P08460
P08463,2026,R_P08462,S_P08462
P08464,2022,R_P08464,S_P08464
P08466,2022,R_P08466,S_P08466
P08470,2022,R_P08466,S_P08467
P08471,2022,R_P08466,S_P08471
P08472,2022,R_P08466,S_P08471
P08473,2022,R_P08473,S_P08473
P08474,2022,R_P08473,S_P08473
P08476,2026,R_P08476,S_P08476
P08477,2019,R_P08476,S_P08476
P08478,2022,R_P08478,S_P08478
P08481,2026,R_P08480,S_P08480
P08485,2025,R_P08482,S_P08482
P08489,2026,R_P08486,S_P08487
P08491,2019,R_P08490,S_P08490
P08492,2019,R_P08490,S_P08490
P08493,2019,R_P08490,S_P08490
P08494,2019,R_P08494,S_P08494
P08496,2023,R_P08496,S_P08496
P08497,2023,R_P08494,S_P08494
P08501,2026,R_P08500,S_P08500
P08502,2026,R_P08502,S_P08502
P08508,2019,R_P08507,S_P08507
P08515,2019,R_P08514,S_P08514
P08517,2019,R_P08516,S_P08516
P08521,2025,R_P08520,S_P08521
P08522,2022,R_P08520,S_P08520
P08524,2026,R_P08524,S_P08524
P08525,2023,R_P08524,S_P08524
P08526,2026,R_P08526,S_P08526
P08527,2026,R_P08526,S_P08526
P08528,2022,R_P08528,S_P08528
P08529,2022,R_P08528,S_P08529
P08531,2022,R_P08531,S_P08531
P08533,2022,R_P08533,S_P08533
P08539,2022,R_P08539,S_P08539
P08540,2023,R_P08539,S_P08540
P08541,2022,R_P08539,S_P08539
P08542,2022,R_P08542,S_P08542
P08543,2022,R_P08542,S_P08542
P08545,2022,R_P08544,S_P08544
P08547,2022,R_P08547,S_P08547
P08548,2022,R_P08547,S_P08547
P08550,2022,R_P08549,S_P08549
P08551,2023,R_P08551,S_P08551
P08552,2022,R_P08551,S_P08551
P08553,2022,R_P08553,S_P08553
P08554,2022,R_P08554,S_P08554
P08556,2022,R_P08555,S_P08555
P08557,2022,R_P08557,S_P08557
P08558,2022,R_P08558,S_P08558
P08560,2022,R_P08557,S_P08557
P08562,2022,R_P08554,S_P08554
P08563,2022,R_P08553,S_P08553
P08564,2022,R_P08564,S_P08564
P08565,2022,R_P08564,S_P08565
P08566,2022,R_P08564,S_P08564
P08567,2022,R_P08567,S_P08567
P08569,2022,R_P08569,S_P08569
P08570,2022,R_P08564,S_P08565
P08571,2022,R_P08569,S_P08569
P08572,2022,R_P08569,S_P08572
P08573,2022,R_P08569,S_P08572
P08574,2022,R_P08574,S_P08574
P08578,2022,R_P08559,S_P08559
P08579,2022,R_P08568,S_P08568
P08580,2022,R_P08567,S_P08567
P08581,2022,R_P08581,S_P08581
P08582,2022,R_P08581,S_P08582
P08584,2022,R_P08581,S_P08582
P08587,2026,R_P08581,S_P08583
P08588,2022,R_P08581,S_P08581
P08593,2026,R_P08591,S_P08591
P08602,2026,R_P08599,S_P08599
P08604,2026,R_P08603,S_P08603
P08609,2026,R_P08609,S_P08609
P08615,2026,R_P08613,S_P08613
P08616,2026,R_P08613,S_P08613
P08617,2026,R_P08613,S_P08613
P08620,2026,R_P08620,S_P08620
P08624,2026,R_P08622,S_P08622
P08625,2026,R_P08622,S_P08622
P08626,2026,R_P08612,S_P08612
P08633,2026,R_P08632,S_P08632
P08639,2026,R_P08632,S_P08632
P08641,2026,R_P08638,S_P08638
P08644,2026,R_P08644,S_P08644
P08648,2026,R_P08644,S_P08644
P08650,2026,R_P08650,S_P08650
P08655,2026,R_P08652,S_P08652
P08656,2026,R_P08643,S_P08643
P08657,2026,R_P08657,S_P08657
P08659,2026,R_P08659,S_P08659
P08660,2026,R_P08657,S_P08657
P08667,2019,R_P08659,S_P08665
P08670,2019,R_P08669,S_P08669
P08673,2019,R_P08671,S_P08671
P08674,2019,R_P08671,S_P08672
P08676,2019,R_P08653,S_P08653
P08678,2019,R_P08678,S_P08678
P08679,2019,R_P08679,S_P08679
P08681,2019,R_P08678,S_P08678
P08690,2019,R_P08690,S_P08690
P08722,2019,R_P08721,S_P08721
P08724,2019,R_P08723,S_P08723
P08725,2019,R_P08725,S_P08725
P08727,2019,R_P08725,S_P08725
P08739,2019,R_P08739,S_P08739
P08740,2019,R_P08729,S_P08735
P08749,2026,R_P08749,S_P08749
P08752,2019,R_P08496,S_P08496
P08754,2019,R_P08754,S_P08754
P08756,2025,R_P08756,S_P08756
P08759,2019,R_P08758,S_P08758
P08771,2019,R_P08764,S_P08764
P08773,2019,R_P08772,S_P08773
P08775,2019,R_P08772,S_P08773
P08782,2019,R_P08782,S_P08782
P08785,2026,R_P08785,S_P08785
P08789,2026,R_P08789,S_P08789
P08792,2026,R_P08791,S_P08791
P08793,2026,R_P08786,S_P08793
P08794,2025,R_P08786,S_P08786
P08796,2026,R_P08796,S_P08796
P08797,2026,R_P08796,S_P08796
P08798,2022,R_P08785,S_P08785
P08801,2026,R_P08503,S_P08503
P08803,2026,R_P08802,S_P08803
P08804,2026,R_P08802,S_P08802
P08805,2026,R_P08805,S_P08805
P08807,2026,R_P08802,S_P08803
P08809,2026,R_P08808,S_P08808
P08810,2026,R_P08810,S_P08810
P08812,2026,R_P08812,S_P08812
P08813,2025,R_P08812,S_P08812
P08815,2026,R_P08815,S_P08815
P08816,2026,R_P08816,S_P08816
P08817,2026,R_P08812,S_P08814
P08820,2026,R_P08816,S_P08816
P08821,2026,R_P08815,S_P08821
P08822,2026,R_P08815,S_P08815
P08825,2019,R_P08815,S_P08825
P08827,2025,R_P08819,S_P08827
P08828,2026,R_P08819,S_P08819
P08829,2026,R_P08819,S_P08827
P08830,2026,R_P08830,S_P08830
P08831,2026,R_P08830,S_P08830
P08832,2026,R_P08832,S_P08832
P08834,2026,R_P08832,S_P08832
P08835,2026,R_P08832,S_P08832
P08837,2026,R_P08836,S_P08836
P08840,2024,R_P08818,S_P08840
P08842,2026,R_P08818,S_P08840
P08843,2026,R_P08843,S_P08843
P08844,2026,R_P08844,S_P08844
P08846,2025,R_P08843,S_P08843
P08847,2026,R_P08847,S_P08847
P08848,2024,R_P08847,S_P08848
P08849,2026,R_P08847,S_P08847
P08850,2026,R_P08847,S_P08848
P08851,2026,R_P08851,S_P08851
P08852,2026,R_P08851,S_P08852
P08853,2026,R_P08851,S_P08851
P08856,2026,R_P08856,S_P08856
P08859,2026,R_P08856,S_P08856
P08860,2022,R_P08856,S_P08858
P08862,2022,R_P08861,S_P08861
P08864,2022,R_P08863,S_P08863
P08865,2022,R_P08865,S_P08865
P08866,2022,R_P08865,S_P08866
P08867,2022,R_P08865,S_P08865
P08870,2022,R_P08869,S_P08869
P08871,2022,R_P08869,S_P08869
P08873,2022,R_P08873,S_P08873
P08874,2022,R_P08873,S_P08874
P08875,2022,R_P08873,S_P08873
P08878,2024,R_P08873,S_P08874
P08879,2022,R_P08877,S_P08877
P08881,2022,R_P08881,S_P08881
P08882,2022,R_P08881,S_P08881
P08883,2022,R_P08883,S_P08883
P08884,2022,R_P08883,S_P08883
P08885,2022,R_P08885,S_P08885
P08886,2022,R_P08886,S_P08886
P08887,2022,R_P08887,S_P08887
P08889,2022,R_P08887,S_P08887
P08892,2022,R_P08891,S_P08891
P08894,2022,R_P08893,S_P08893
P08895,2022,R_P08895,S_P08895
P08896,2022,R_P08895,S_P08895
P08897,2022,R_P08897,S_P08897
P08898,2022,R_P08897,S_P08897
P08899,2022,R_P08899,S_P08899
P08900,2022,R_P08899,S_P08900
P08902,2022,R_P08899,S_P08900
P08903,2022,R_P08903,S_P08903
P08904,2022,R_P08903,S_P08903
P08905,2022,R_P08893,S_P08905
P08906,2022,R_P08893,S_P08905
P08907,2022,R_P08907,S_P08907
P08908,2022,R_P08908,S_P08908
P08911,2022,R_P08911,S_P08911
P08912,2022,R_P08911,S_P08911
P08913,2022,R_P08909,S_P08909
P08914,2022,R_P08914,S_P08914
P08917,2022,R_P08916,S_P08917
P08918,2022,R_P08916,S_P08916
P08920,2022,R_P08914,S_P08914
P08922,2022,R_P08921,S_P08921
P08923,2022,R_P08923,S_P08923
P08925,2022,R_P08925,S_P08925
P08927,2022,R_P08916,S_P08927
P08928,2022,R_P08916,S_P08917
P08929,2022,R_P08554,S_P08561
P08930,2022,R_P08554,S_P08930
P08932,2022,R_P08916,S_P08927
P08933,2022,R_P08933,S_P08933
P08935,2022,R_P08558,S_P08935
P08936,2022,R_P08558,S_P08558
P08937,2022,R_P08558,S_P08937
P08939,2022,R_P08558,S_P08937
P08940,2023,R_P08940,S_P08940
P08941,2022,R_P08940,S_P08940
P08942,2023,R_P08942,S_P08942
P08944,2022,R_P08944,S_P08944
P08945,2022,R_P08944,S_P08945
P08947,2022,R_P08944,S_P08947
P08948,2022,R_P08944,S_P08945
P08949,2022,R_P08944,S_P08947
P08950,2022,R_P08950,S_P08950
P08952,2022,R_P08944,S_P08945
P08953,2022,R_P08944,S_P08945
P08954,2022,R_P08954,S_P08954
P08955,2022,R_P08954,S_P08954
P08956,2022,R_P08956,S_P08956
P08957,2022,R_P08956,S_P08956
P08958,2022,R_P08958,S_P08958
P08959,2022,R_P08958,S_P08959
P08960,2022,R_P08958,S_P08958
P08961,2022,R_P08908,S_P08961
P08963,2022,R_P08908,S_P08961
P08964,2022,R_P08958,S_P08959
P08966,2022,R_P08965,S_P08966
P08967,2022,R_P08965,S_P08967
P08968,2022,R_P08965,S_P08966
P08969,2022,R_P08965,S_P08967
P08971,2022,R_P08970,S_P08970
P08972,2022,R_P08972,S_P08972
P08973,2022,R_P08972,S_P08972
P08974,2022,R_P08965,S_P08974
P08975,2022,R_P08965,S_P08965
P08976,2022,R_P08965,S_P08974
P08977,2022,R_P08528,S_P08529
P08981,2022,R_P08980,S_P08980
P08982,2022,R_P08982,S_P08982
P08984,2022,R_P08984,S_P08984
P08985,2022,R_P08984,S_P08985
P08987,2022,R_P08987,S_P08987
P08988,2022,R_P08987,S_P08987
P08990,2022,R_P08989,S_P08990
P08991,2022,R_P08989,S_P08989
P08992,2022,R_P08989,S_P08992
P08993,2022,R_P08989,S_P08990
P08994,2022,R_P08994,S_P08994
P08995,2022,R_P08994,S_P08994
P08996,2022,R_P08989,S_P08992
P08998,2026,R_P08997,S_P08997
P08999,2026,R_P08999,S_P08999
P09002,2026,R_P09002,S_P09002
P09004,2026,R_P09002,S_P09002
P09009,2026,R_P09009,S_P09009
P09014,2019,R_P09014,S_P09014
P09017,2019,R_P09017,S_P09017
P09019,2019,R_P09019,S_P09019
P09026,2019,R_P09020,S_P09023
P09030,2026,R_P09030,S_P09030
P09031,2026,R_P09030,S_P09030
P09033,2026,R_P09032,S_P09032
P09034,2026,R_P09034,S_P09034
P09036,2026,R_P09034,S_P09034
P09037,2026,R_P09037,S_P09037
P09038,2026,R_P09037,S_P09037
P09040,2026,R_P09039,S_P09039
P09041,2023,R_P09034,S_P09035
P09042,2023,R_P09042,S_P09042
P09052,2019,R_P08815,S_P08825
P09053,2026,R_P08845,S_P08845
P09055,2026,R_P09054,S_P09054
P09056,2026,R_P08844,S_P09056
P09058,2026,R_P09058,S_P09058
P09060,2026,R_P08844,S_P09056
P09061,2026,R_P09061,S_P09061
P09074,2026,R_P09074,S_P09074
P09077,2026,R_P09076,S_P09077
P09078,2026,R_P09076,S_P09076
P09080,2026,R_P09080,S_P09080
P09082,2026,R_P09082,S_P09082
P09085,2026,R_P09082,S_P09083
P09088,2026,R_P09088,S_P09088
P09089,2026,R_P09089,S_P09089
P09094,2026,R_P09069,S_P09070
P09096,2023,R_P09096,S_P09096
P09097,2026,R_P09096,S_P09096
P09099,2026,R_P09098,S_P09098
P09101,2026,R_P09101,S_P09101
P09104,2026,R_P09069,S_P09093
P09107,2026,R_P09069,S_P09103
P09112,2026,R_P09112,S_P09112
P09113,2024,R_P09113,S_P09113
P09114,2026,R_P09089,S_P09089
P09115,2026,R_P09115,S_P09115
P09116,2026,R_P09115,S_P09115
P09120,2026,R_P09120,S_P09120
P09121,2026,R_P09120,S_P09120
P09126,2026,R_P09123,S_P09124
P09138,2026,R_P09135,S_P09137
P09141,2026,R_P09139,S_P09139
P09145,2026,R_P09145,S_P09145
P09146,2026,R_P09145,S_P09145
P09153,2022,R_P09153,S_P09153
P09154,2022,R_P09153,S_P09153
P09155,2024,R_P09155,S_P09155
P09156,2022,R_P09155,S_P09155
P09157,2022,R_P09157,S_P09157
P09158,2019,R_P09157,S_P09157
P09163,2019,R_P09163,S_P09163
P09165,2022,R_P09165,S_P09165
P09166,2022,R_P09165,S_P09166
P09171,2022,R_P09171,S_P09171
P09172,2022,R_P09171,S_P09172
P09173,2026,R_P09171,S_P09171
P09174,2022,R_P09174,S_P09174
P09175,2022,R_P09174,S_P09175
P09176,2022,R_P09174,S_P09174
P09178,2022,R_P09174,S_P09175
P09179,2022,R_P09174,S_P09179
P09180,2022,R_P09174,S_P09177
P09181,2022,R_P09174,S_P09179
P09183,2022,R_P09171,S_P09172
P09185,2022,R_P09185,S_P09185
P09186,2022,R_P09185,S_P09186
P09187,2022,R_P09185,S_P09185
P09188,2022,R_P09188,S_P09188
P09189,2022,R_P09189,S_P09189
P09190,2022,R_P09185,S_P09186
P09191,2022,R_P09189,S_P09189
P09192,2022,R_P09188,S_P09188
P09194,2026,R_P09194,S_P09194
P09196,2026,R_P09193,S_P09193
P09197,2026,R_P09197,S_P09197
P09202,2026,R_P09197,S_P09200
P09203,2026,R_P09203,S_P09203
P09207,2024,R_P09194,S_P09194
P09210,2026,R_P09209,S_P09209
P09212,2022,R_P09211,S_P09212
P09213,2022,R_P09211,S_P09211
P09214,2022,R_P09214,S_P09214
P09215,2022,R_P09215,S_P09215
P09217,2022,R_P09215,S_P09215
P09218,2025,R_P09214,S_P09214
P09220,2022,R_P09219,S_P09219
P09221,2022,R_P09221,S_P09221
P09222,2022,R_P09221,S_P09221
P09223,2022,R_P09223,S_P09223
P09224,2022,R_P09223,S_P09223
P09226,2022,R_P09225,S_P09225
P09227,2022,R_P09227,S_P09227
P09228,2022,R_P09227,S_P09228
P09230,2022,R_P09227,S_P09228
P09231,2022,R_P09231,S_P09231
P09232,2022,R_P09231,S_P09231
P09234,2022,R_P09233,S_P09234
P09236,2022,R_P09236,S_P09236
P09237,2022,R_P09236,S_P09236
P09238,2022,R_P09238,S_P09238
P09240,2022,R_P09240,S_P09240
P09241,2022,R_P09241,S_P09241
P09242,2022,R_P09242,S_P09242
P09243,2022,R_P09240,S_P09240
P09244,2022,R_P09244,S_P09244
P09250,2022,R_P09246,S_P09246
P09251,2022,R_P09242,S_P09242
P09252,2019,R_P09241,S_P09241
P09253,2019,R_P09253,S_P09253
P09254,2024,R_P09253,S_P09253
P09259,2019,R_P09259,S_P09259
P09262,2019,R_P09262,S_P09262
P09281,2019,R_P09278,S_P09278
P09283,2019,R_P09280,S_P09280
P09289,2019,R_P09289,S_P09289
P09294,2019,R_P09294,S_P09294
P09301,2022,R_P09299,S_P09299
P09303,2019,R_P09302,S_P09302
P09305,2024,R_P09305,S_P09305
P09307,2024,R_P09307,S_P09307
P09309,2019,R_P09307,S_P09307
P09316,2019,R_P09304,S_P09304
P09320,2019,R_P09320,S_P09320
P09323,2019,R_P09323,S_P09323
P09329,2019,R_P09323,S_P09323
P09335,2019,R_P09332,S_P09333
P09337,2019,R_P09336,S_P09336
P09340,2019,R_P09325,S_P09325
P09341,2019,R_P09339,S_P09339
P09346,2026,R_P09346,S_P09346
P09353,2026,R_P09353,S_P09353
P09359,2026,R_P09358,S_P09358
P09360,2025,R_P09360,S_P09360
P09362,2026,R_P09355,S_P09356
P09363,2019,R_P09363,S_P09363
P09368,2026,R_P09365,S_P09366
P09373,2026,R_P09373,S_P09373
P09375,2026,R_P09375,S_P09375
P09377,2026,R_P09373,S_P09373
P09378,2026,R_P09376,S_P09376
P09379,2026,R_P09379,S_P09379
P09382,2026,R_P09382,S_P09382
P09384,2026,R_P09374,S_P09374
P09385,2026,R_P09375,S_P09385
P09386,2026,R_P09375,S_P09385
P09388,2026,R_P09382,S_P09382
P09389,2026,R_P09389,S_P09389
P09390,2026,R_P09389,S_P09389
P09391,2026,R_P09391,S_P09391
P09393,2026,R_P09393,S_P09393
P09394,2025,R_P09393,S_P09393
P09395,2026,R_P09395,S_P09395
P09396,2026,R_P09395,S_P09395
P09398,2026,R_P09397,S_P09398
P09399,2026,R_P09397,S_P09397
P09400,2026,R_P09397,S_P09398
P09401,2026,R_P09401,S_P09401
P09402,2022,R_P09401,S_P09401
P09403,2022,R_P09403,S_P09403
P09404,2022,R_P09404,S_P09404
P09405,2022,R_P09405,S_P09405
P09406,2022,R_P09403,S_P09403
P09408,2022,R_P09404,S_P09404
P09409,2022,R_P09409,S_P09409
P09410,2022,R_P09409,S_P09409
P09411,2022,R_P09411,S_P09411
P09414,2022,R_P09413,S_P09413
P09417,2022,R_P09417,S_P09417
P09418,2022,R_P09417,S_P09417
P09419,2022,R_P09417,S_P09419
P09420,2022,R_P09420,S_P09420
P09421,2022,R_P09421,S_P09421
P09422,2022,R_P09417,S_P09419
P09423,2022,R_P09421,S_P09421
P09424,2022,R_P09420,S_P09420
P09425,2022,R_P09425,S_P09425
P09427,2022,R_P09427,S_P09427
P09429,2022,R_P09429,S_P09429
P09430,2022,R_P09430,S_P09430
P09431,2022,R_P09430,S_P09430
P09432,2022,R_P09432,S_P09432
P09433,2022,R_P09432,S_P09433
P09435,2022,R_P09432,S_P09433
P09436,2022,R_P09436,S_P09436
P09439,2022,R_P09438,S_P09438
P09441,2022,R_P09441,S_P09441
P09442,2022,R_P09441,S_P09441
P09444,2022,R_P09444,S_P09444
P09445,2022,R_P09445,S_P09445
P09446,2022,R_P09429,S_P09443
P09447,2022,R_P09445,S_P09445
P09448,2022,R_P09444,S_P09444
P09449,2026,R_P09449,S_P09449
P09450,2026,R_P09449,S_P09450
P09452,2026,R_P09449,S_P09450
P09453,2026,R_P09453,S_P09453
P09454,2026,R_P09453,S_P09453
P09455,2026,R_P09455,S_P09455
P09457,2026,R_P09457,S_P09457
P09458,2026,R_P09457,S_P09458
P09460,2026,R_P09457,S_P09457
P09461,2026,R_P09461,S_P09461
P09464,2026,R_P09463,S_P09463
P09465,2026,R_P09465,S_P09465
P09466,2021,R_P09465,S_P09465
P09473,2026,R_P09473,S_P09473
P09474,2026,R_P09473,S_P09473
P09476,2025,R_P09475,S_P09475
P09477,2026,R_P09475,S_P09477
P09479,2026,R_P09479,S_P09479
P09482,2026,R_P09479,S_P09479
P09484,2026,R_P09481,S_P09483
P09487,2026,R_P09487,S_P09487
P09488,2026,R_P09487,S_P09487
P09489,2026,R_P09489,S_P09489
P09493,2026,R_P09493,S_P09493
P09495,2026,R_P09495,S_P09495
P09496,2026,R_P09496,S_P09496
P09500,2026,R_P09499,S_P09499
P09501,2026,R_P09496,S_P09496
P09505,2026,R_P09505,S_P09505
P09506,2026,R_P09505,S_P09505
P09507,2026,R_P09507,S_P09507
P09509,2026,R_P09509,S_P09509
P09510,2026,R_P09509,S_P09510
P09519,2026,R_P09518,S_P09519
P09522,2026,R_P09522,S_P09522
P09524,2026,R_P09515,S_P09515
P09526,2026,R_P09525,S_P09526
P09527,2026,R_P09525,S_P09527
P09529,2026,R_P09529,S_P09529
P09530,2026,R_P09530,S_P09530
P09533,2026,R_P09533,S_P09533
P09534,2026,R_P09533,S_P09534
P09538,2026,R_P09530,S_P09530
P09541,2026,R_P09541,S_P09541
P09542,2026,R_P09541,S_P09541
P09543,2026,R_P09543,S_P09543
P09546,2026,R_P09546,S_P09546
P09555,2022,R_P09555,S_P09555
P09556,2022,R_P09555,S_P09555
P09558,2022,R_P09557,S_P09557
P09559,2022,R_P09557,S_P09557
P09563,2022,R_P09563,S_P09563
P09564,2022,R_P09563,S_P09563
P09565,2026,R_P09565,S_P09565
P09567,2026,R_P09567,S_P09567
P09568,2023,R_P09565,S_P09565
P09570,2026,R_P09569,S_P09569
P09571,2026,R_P09571,S_P09571
P09573,2022,R_P09573,S_P09573
P09575,2022,R_P09573,S_P09574
P09576,2022,R_P09573,S_P09573
P09577,2022,R_P09577,S_P09577
P09579,2022,R_P09579,S_P09579
P09582,2022,R_P09581,S_P09582
P09583,2022,R_P09581,S_P09581
P09584,2022,R_P09581,S_P09582
P09585,2022,R_P09585,S_P09585
P09586,2022,R_P09585,S_P09585
P09590,2026,R_P09589,S_P09589
P09591,2026,R_P09589,S_P09589
P09592,2026,R_P09592,S_P09592
P09593,2026,R_P09592,S_P09592
P09595,2026,R_P09594,S_P09594
P09596,2026,R_P09596,S_P09596
P09597,2026,R_P09596,S_P09596
P09599,2024,R_P09598,S_P09598
P09602,2026,R_P09601,S_P09601
P09603,2026,R_P09603,S_P09603
P09604,2026,R_P09603,S_P09603
P09605,2025,R_P09605,S_P09605
P09606,2026,R_P09605,S_P09605
P09609,2026,R_P09567,S_P09607
P09612,2026,R_P09566,S_P09566
P09614,2026,R_P09613,S_P09613
P09615,2026,R_P09615,S_P09615
P09616,2026,R_P09615,S_P09616
P09617,2026,R_P09617,S_P09617
P09619,2025,R_P09615,S_P09615
P09620,2026,R_P09617,S_P09617
P09621,2026,R_P09621,S_P09621
P09624,2026,R_P09623,S_P09623
P09639,2025,R_P09638,S_P09639
P09642,2022,R_P09642,S_P09642
P09648,2022,R_P09648,S_P09648
P09701,2022,R_P09701,S_P09701
P09703,2025,R_P09703,S_P09703
P09724,2023,R_P09724,S_P09724
P09725,2023,R_P09725,S_P09725
P09742,2024,R_P09742,S_P09742
P09743,2024,R_P09743,S_P09743
P09744,2022,R_P09744,S_P09744
P09745,2022,R_P09745,S_P09745
P09746,2022,R_P09746,S_P09746
P09812,2024,R_P09812,S_P09812
P09813,2024,R_P09813,S_P09813
P09814,2025,R_P09814,S_P09814
P09816,2025,R_P09816,S_P09816
P09817,2025,R_P09817,S_P09817
P09821,2022,R_P09821,S_P09821
P09824,2026,R_P09824,S_P09824
P09830,2022,R_P09830,S_P09830
P09831,2022,R_P09831,S_P09831
P09832,2021,R_P09832,S_P09832
P09841,2020,R_P09841,S_P09841
P09864,2024,R_P09864,S_P09864
P09866,2024,R_P09866,S_P09866
P09867,2024,R_P09867,S_P09867
P09868,2024,R_P09868,S_P09868
P09869,2024,R_P09869,S_P09869
P09871,2024,R_P09871,S_P09871
P09872,2024,R_P09872,S_P09872
P09873,2024,R_P09873,S_P09873
P09874,2024,R_P09874,S_P09874
P09876,2024,R_P09876,S_P09876
P09877,2024,R_P09877,S_P09877
P09878,2024,R_P09878,S_P09878
P09879,2024,R_P09879,S_P09879
P09880,2024,R_P09880,S_P09880
P09881,2024,R_P09881,S_P09881
P09882,2024,R_P09882,S_P09882
P09883,2024,R_P09883,S_P09883
P09884,2024,R_P09884,S_P09884
P09885,2024,R_P09885,S_P09885
P09886,2024,R_P09886,S_P09886
P09888,2024,R_P09888,S_P09888
P09889,2024,R_P09887,S_P09889
P09890,2024,R_P09890,S_P09890
P09892,2024,R_P09892,S_P09892
P09893,2024,R_P09893,S_P09893
P09894,2024,R_P09894,S_P09894
P09895,2024,R_P09895,S_P09895
P09896,2024,R_P09896,S_P09896
P09897,2023,R_P09897,S_P09897
P09898,2023,R_P09898,S_P09898
P09899,2024,R_P09899,S_P09899
P09900,2023,R_P09900,S_P09900
P09901,2023,R_P09901,S_P09901
P09902,2023,R_P09902,S_P09902
P09903,2024,R_P09903,S_P09903
P09904,2023,R_P09904,S_P09904
P09905,2024,R_P09905,S_P09905
P09906,2026,R_P09906,S_P09906
P09909,2026,R_P09909,S_P09909
P09910,2026,R_P09910,S_P09910
P09911,2026,R_P09911,S_P09911
P09912,2026,R_P09912,S_P09912
P09913,2026,R_P09913,S_P09913
P09914,2026,R_P09914,S_P09914
P09915,2026,R_P09915,S_P09915
P09916,2026,R_P09916,S_P09916
P09918,2026,R_P09918,S_P09918
P09919,2026,R_P09919,S_P09919
P09920,2026,R_P09919,S_P09919
P09922,2023,R_P09922,S_P09922
P09923,2024,R_P09923,S_P09923
P09924,2023,R_P09924,S_P09924
P09925,2023,R_P09925,S_P09925
P09926,2024,R_P09926,S_P09926
P09927,2024,R_P09927,S_P09927
P09928,2026,R_P09928,S_P09928
P09929,2023,R_P09929,S_P09929
P09931,2024,R_P09931,S_P09931
P09932,2023,R_P09932,S_P09932
P09934,2024,R_P09934,S_P09934
P09936,2024,R_P09936,S_P09936
P09938,2024,R_P09938,S_P09938
P09939,2023,R_P09939,S_P09939
P09941,2023,R_P09941,S_P09941
P09942,2023,R_P09942,S_P09942
P09943,2023,R_P09943,S_P09943
P09944,2024,R_P09944,S_P09944
P09945,2024,R_P09945,S_P09945
P09946,2020,R_P09946,S_P09946
P09952,2022,R_P09952,S_P09952
P09954,2022,R_P09954,S_P09954
P09967,2025,R_P09967,S_P09967
P09974,2022,R_P09974,S_P09974
P09990,2025,R_P09990,S_P09990
P09991,2025,R_P09991,S_P09991
P09992,2026,R_P09992,S_P09992
P09993,2020,R_P09992,S_P09993
P09997,2026,R_P09997,S_P09997
P09998,2026,R_P09997,S_P09998
P10000,2025,R_P10000,S_P10000
P10012,2026,R_P10012,S_P10012
P10014,2026,R_P10014,S_P10014
P10017,2026,R_P10017,S_P10017
P10018,2026,R_P10018,S_P10018
P10019,2026,R_P10019,S_P10019
P10020,2026,R_P10020,S_P10020
P10023,2026,R_P10023,S_P10023
P10025,2025,R_P10025,S_P10025
P10028,2026,R_P10028,S_P10028
P10029,2026,R_P10029,S_P10029
P10030,2026,R_P10030,S_P10030
P10031,2025,R_P10031,S_P10031
P10034,2022,R_P10034,S_P10034
P10036,2026,R_P10035,S_P10036
P10037,2026,R_P10037,S_P10037
P10038,2025,R_P10038,S_P10038
P10039,2023,R_P10039,S_P10039
P10040,2026,R_P10039,S_P10040
P10050,2020,R_P10050,S_P10050
P10053,2020,R_P10053,S_P10053
P10054,2020,R_P10053,S_P10054
P10058,2023,R_P10058,S_P10058
P10059,2023,R_P10059,S_P10059
P10061,2022,R_P10061,S_P10061
P10064,2023,R_P10064,S_P10064
P10065,2022,R_P10065,S_P10065
P10066,2022,R_P10066,S_P10066
P10067,2019,R_P10067,S_P10067
P10077,2023,R_P10077,S_P10077
P10115,2020,R_P10115,S_P10115
P10118,2022,R_P10118,S_P10118
P10119,2022,R_P10119,S_P10119
P10121,2025,R_P10121,S_P10121
P10133,2019,R_P10133,S_P10133
P10143,2022,R_P10143,S_P10143
P10156,2026,R_P10156,S_P10156
P10176,2026,R_P10176,S_P10176
P10182,2024,R_P10182,S_P10182
P10184,2020,R_P10184,S_P10184
P10186,2020,R_P10186,S_P10186
P10210,2025,R_P10210,S_P10210
P10212,2025,R_P10212,S_P10212
P10213,2026,R_P10213,S_P10213
P10215,2026,R_P10215,S_P10215
P10216,2026,R_P10216,S_P10216
P10219,2023,R_P10219,S_P10219
P10220,2026,R_P10220,S_P10220
P10221,2026,R_P10221,S_P10221
P10222,2025,R_P10222,S_P10222
P10244,2020,R_P10244,S_P10244
P10245,2020,R_P10245,S_P10245
P10251,2025,R_P10251,S_P10251
P10254,2021,R_P10254,S_P10254
P10256,2025,R_P10256,S_P10256
P10294,2019,R_P10294,S_P10294
P10316,2024,R_P10316,S_P10316
P10327,2021,R_P10327,S_P10327
P10330,2025,R_P10329,S_P10329
P10359,2019,R_P10359,S_P10359
P10366,2026,R_P10366,S_P10366
P10372,2022,R_P10372,S_P10372
P10375,2020,R_P10375,S_P10375
P10390,2020,R_P10390,S_P10390
P10393,2026,R_P10393,S_P10393
P10394,2026,R_P10394,S_P10394
P10396,2019,R_P10396,S_P10396
P10404,2026,R_P10404,S_P10404
P10405,2026,R_P10404,S_P10405
P10410,2020,R_P10410,S_P10410
P10411,2021,R_P10411,S_P10411
P10415,2019,R_P10415,S_P10415
P10416,2025,R_P10416,S_P10416
P10418,2025,R_P10418,S_P10418
P10419,2025,R_P10419,S_P10419
P10422,2025,R_P10422,S_P10422
P10424,2025,R_P10424,S_P10424
P10426,2026,R_P10426,S_P10426
P10427,2025,R_P10427,S_P10427
P10429,2025,R_P10429,S_P10429
P10431,2026,R_P10431,S_P10431
P10432,2026,R_P10432,S_P10432
P10433,2025,R_P10433,S_P10433
P10434,2026,R_P10434,S_P10434
P10435,2026,R_P10435,S_P10435
P10436,2025,R_P10435,S_P10435
P10437,2026,R_P10437,S_P10437
P10438,2023,R_P10438,S_P10438
P10439,2025,R_P10439,S_P10439
P10440,2025,R_P10440,S_P10440
P10441,2025,R_P10441,S_P10441
P10442,2025,R_P10442,S_P10442
P10449,2026,R_P10449,S_P10449
P10450,2025,R_P10450,S_P10450
P10451,2023,R_P10451,S_P10451
P10470,2021,R_P10470,S_P10470
P10487,2021,R_P10487,S_P10487
P10488,2021,R_P10488,S_P10488
P10490,2023,R_P10490,S_P10490
P10492,2025,R_P10492,S_P10492
P10495,2022,R_P10495,S_P10495
P10516,2021,R_P10516,S_P10516
P10517,2020,R_P10517,S_P10517
P10531,2026,R_P10531,S_P10531
P10543,2024,R_P10543,S_P10543
P10545,2024,R_P10545,S_P10545
P10546,2024,R_P10546,S_P10546
P10547,2024,R_P10547,S_P10547
P10548,2025,R_P10548,S_P10548
P10549,2024,R_P10549,S_P10549
P10550,2024,R_P10550,S_P10550
P10551,2024,R_P10551,S_P10551
P10552,2024,R_P10552,S_P10552
P10553,2024,R_P10553,S_P10553
P10554,2025,R_P10554,S_P10554
P10555,2024,R_P10555,S_P10555
P10563,2019,R_P10563,S_P10563
P10566,2024,R_P10566,S_P10566
P10572,2024,R_P10572,S_P10572
P10573,2025,R_P10573,S_P10573
P10608,2024,R_P10608,S_P10608
P10626,2025,R_P10626,S_P10626
P10627,2025,R_P10627,S_P10627
P10628,2026,R_P10628,S_P10628
P10629,2026,R_P10629,S_P10629
P10630,2026,R_P10630,S_P10630
P10631,2025,R_P10631,S_P10631
P10632,2026,R_P10632,S_P10632
P10633,2025,R_P10633,S_P10633
P10635,2025,R_P10634,S_P10635
P10637,2026,R_P10637,S_P10637
P10638,2025,R_P10638,S_P10638
P10649,2021,R_P10648,S_P10649
P10654,2021,R_P10654,S_P10654
P10656,2020,R_P10656,S_P10656
P10657,2022,R_P10656,S_P10656
P10659,2021,R_P10659,S_P10659
P10665,2025,R_P10665,S_P10665
P10666,2026,R_P10665,S_P10666
P10668,2025,R_P10665,S_P10665
P10669,2025,R_P10669,S_P10669
P10670,2026,R_P10670,S_P10670
P10672,2022,R_P10672,S_P10672
P10673,2026,R_P10673,S_P10673
P10677,2025,R_P10677,S_P10677
P10679,2024,R_P10679,S_P10679
P10680,2026,R_P10680,S_P10680
P10681,2026,R_P10681,S_P10681
P10682,2026,R_P10682,S_P10682
P10683,2025,R_P10683,S_P10683
P10684,2026,R_P10684,S_P10684
P10685,2026,R_P10684,S_P10684
P10686,2025,R_P10686,S_P10686
P10688,2025,R_P10688,S_P10688
P10689,2025,R_P10689,S_P10689
P10690,2026,R_P10690,S_P10690
P10691,2026,R_P10691,S_P10691
P10692,2026,R_P10692,S_P10692
P10696,2025,R_P10696,S_P10696
P10698,2025,R_P10698,S_P10698
P10700,2025,R_P10700,S_P10700
P10701,2025,R_P10701,S_P10701
P10702,2025,R_P10702,S_P10702
P10704,2026,R_P10704,S_P10704
P10710,2025,R_P10710,S_P10710
P10713,2025,R_P10713,S_P10713
P10715,2026,R_P10715,S_P10715
P10720,2019,R_P10720,S_P10720
P10721,2022,R_P10721,S_P10721
P10723,2020,R_P10723,S_P10723
P10724,2023,R_P10724,S_P10724
P10725,2022,R_P10725,S_P10725
P10726,2022,R_P10725,S_P10726
P10727,2025,R_P10727,S_P10727
P10728,2025,R_P10728,S_P10728
P10729,2025,R_P10729,S_P10729
P10730,2022,R_P10730,S_P10730
P10733,2025,R_P10733,S_P10733
P10734,2026,R_P10734,S_P10734
P10735,2026,R_P10735,S_P10735
P10736,2026,R_P10735,S_P10736
P10737,2025,R_P10737,S_P10737
P10739,2025,R_P10738,S_P10739
P10740,2025,R_P10740,S_P10740
P10741,2025,R_P10740,S_P10741
P10744,2026,R_P10744,S_P10744
P10745,2026,R_P10745,S_P10745
P10746,2025,R_P10746,S_P10746
P10765,2025,R_P10765,S_P10765
P10766,2025,R_P10765,S_P10766
P10767,2026,R_P10767,S_P10767
P10770,2025,R_P10770,S_P10770
P10771,2025,R_P10771,S_P10771
P10772,2025,R_P10772,S_P10772
P10775,2026,R_P10775,S_P10775
P10776,2025,R_P10775,S_P10776
P10777,2026,R_P10775,S_P10777
P10778,2026,R_P10778,S_P10778
P10780,2026,R_P10779,S_P10779
P10781,2025,R_P10781,S_P10781
P10782,2026,R_P10782,S_P10782
P10783,2026,R_P10783,S_P10783
P10784,2026,R_P10784,S_P10784
P10785,2026,R_P10785,S_P10785
P10786,2026,R_P10786,S_P10786
P10787,2023,R_P10787,S_P10787
P10788,2021,R_P10788,S_P10788
P10791,2026,R_P10791,S_P10791
P10793,2026,R_P10793,S_P10793
P10797,2026,R_P10797,S_P10797
P10815,2023,R_P10815,S_P10815
P10818,2023,R_P10818,S_P10818
P10819,2023,R_P10819,S_P10819
P10820,2023,R_P10820,S_P10820
P10822,2023,R_P10819,S_P10819
P10823,2023,R_P10823,S_P10823
P10827,2024,R_P10827,S_P10827
P10828,2023,R_P10828,S_P10828
P10829,2023,R_P10829,S_P10829
P10830,2023,R_P10830,S_P10830
P10831,2023,R_P10831,S_P10831
P10833,2023,R_P10833,S_P10833
P10843,2023,R_P10843,S_P10843
P10845,2019,R_P10845,S_P10845
P10846,2020,R_P10846,S_P10846
P10851,2019,R_P10851,S_P10851
P10853,2020,R_P10853,S_P10853
P10855,2019,R_P10855,S_P10855
P10856,2019,R_P10856,S_P10856
P10858,2019,R_P10858,S_P10858
P10864,2021,R_P10863,S_P10864
P10868,2023,R_P10868,S_P10868
P10876,2024,R_P10876,S_P10876
P10896,2024,R_P10896,S_P10896
P10898,2024,R_P10898,S_P10898
P10904,2025,R_P10904,S_P10904
P10910,2025,R_P10910,S_P10910
P10911,2019,R_P10911,S_P10911
P10913,2019,R_P10913,S_P10913
P10915,2019,R_P10915,S_P10915
P10916,2019,R_P10916,S_P10916
P10918,2019,R_P10917,S_P10917
P10919,2019,R_P10919,S_P10919
P10920,2019,R_P10920,S_P10920
P10923,2019,R_P10923,S_P10923
P10925,2021,R_P10925,S_P10925
P10933,2019,R_P10933,S_P10933
P10938,2019,R_P10937,S_P10937
P10939,2020,R_P10937,S_P10937
P10974,2024,R_P10974,S_P10974
P10975,2024,R_P10975,S_P10975
P10976,2024,R_P10976,S_P10976
P10977,2023,R_P10977,S_P10977
P10978,2024,R_P10978,S_P10978
P10979,2023,R_P10979,S_P10979
P10980,2023,R_P10980,S_P10980
P10995,2025,R_P10995,S_P10995
P11003,2023,R_P11003,S_P11003
P11034,2025,R_P11034,S_P11034
P11035,2025,R_P11035,S_P11035
P11036,2025,R_P11036,S_P11036
P11038,2024,R_P11038,S_P11038
P11039,2025,R_P11039,S_P11039
P11040,2025,R_P11040,S_P11040
P11041,2025,R_P11041,S_P11041
P11042,2024,R_P11042,S_P11042
P11043,2024,R_P11043,S_P11043
P11044,2024,R_P11044,S_P11044
P11045,2024,R_P11045,S_P11045
P11046,2024,R_P11046,S_P11046
P11047,2025,R_P11047,S_P11047
P11048,2025,R_P11047,S_P11048
P11050,2024,R_P11050,S_P11050
P11052,2024,R_P11052,S_P11052
P11053,2024,R_P11053,S_P11053
P11054,2024,R_P11054,S_P11054
P11058,2025,R_P11058,S_P11058
P11059,2025,R_P11059,S_P11059
P11061,2025,R_P11060,S_P11061
P11062,2024,R_P11062,S_P11062
P11063,2024,R_P11063,S_P11063
P11064,2024,R_P11064,S_P11064
P11065,2026,R_P11065,S_P11065
P11066,2024,R_P11066,S_P11066
P11067,2024,R_P11067,S_P11067
P11068,2024,R_P11068,S_P11068
P11069,2025,R_P11069,S_P11069
P11072,2024,R_P11072,S_P11072
P11073,2024,R_P11073,S_P11073
P11074,2025,R_P11074,S_P11074
P11086,2026,R_P11086,S_P11086
P11109,2025,R_P11109,S_P11109
P11117,2026,R_P11117,S_P11117
P11119,2019,R_P11119,S_P11119
P11122,2020,R_P11122,S_P11122
P11130,2025,R_P11130,S_P11130
P11132,2025,R_P11132,S_P11132
P11146,2025,R_P11146,S_P11146
P11148,2024,R_P11148,S_P11148
P11171,2026,R_P11171,S_P11171
P11184,2022,R_P11183,S_P11184
P11185,2022,R_P11185,S_P11185
P11193,2024,R_P11193,S_P11193
P11201,2020,R_P11201,S_P11201
P11211,2022,R_P11211,S_P11211
P11212,2022,R_P11211,S_P11212
P11216,2024,R_P11216,S_P11216
P11218,2023,R_P11218,S_P11218
P11233,2026,R_P11233,S_P11233
P11234,2025,R_P11234,S_P11234
P11236,2026,R_P11236,S_P11236
P11237,2024,R_P11237,S_P11237
P11238,2025,R_P11238,S_P11238
P11239,2025,R_P11239,S_P11239
P11241,2026,R_P11241,S_P11241
P11245,2025,R_P11245,S_P11245
P11246,2026,R_P11246,S_P11246
P11248,2026,R_P11248,S_P11248
P11249,2026,R_P11249,S_P11249
P11252,2026,R_P11252,S_P11252
P11253,2025,R_P11253,S_P11253
P11254,2025,R_P11254,S_P11254
P11255,2026,R_P11255,S_P11255
P11256,2026,R_P11256,S_P11256
P11259,2026,R_P11259,S_P11259
P11260,2026,R_P11260,S_P11260
P11263,2026,R_P11263,S_P11263
P11287,2026,R_P11287,S_P11287
P11290,2026,R_P11290,S_P11290
P11292,2026,R_P11292,S_P11292
P11293,2026,R_P11293,S_P11293
P11294,2025,R_P11294,S_P11294
P11295,2025,R_P11295,S_P11295
P11297,2026,R_P11297,S_P11297
P11298,2025,R_P11298,S_P11298
P11310,2025,R_P11310,S_P11310
P11311,2025,R_P11311,S_P11311
P11313,2025,R_P11313,S_P11313
P11315,2025,R_P11315,S_P11315
P11317,2025,R_P11317,S_P11317
P11318,2026,R_P11318,S_P11318
P11319,2025,R_P11319,S_P11319
P11320,2025,R_P11320,S_P11320
P11321,2025,R_P11321,S_P11321
P11323,2026,R_P11323,S_P11323
P11326,2026,R_P11326,S_P11326
P11328,2026,R_P11328,S_P11328
P11330,2026,R_P11330,S_P11330
P11331,2026,R_P11331,S_P11331
P11333,2026,R_P11333,S_P11333
P11336,2026,R_P11336,S_P11336
P11337,2026,R_P11337,S_P11337
P11338,2026,R_P11338,S_P11338
P11352,2023,R_P11352,S_P11352
P11353,2023,R_P11353,S_P11353
P11354,2024,R_P11354,S_P11354
P11355,2024,R_P11355,S_P11355
P11358,2024,R_P11358,S_P11358
P11363,2025,R_P11363,S_P11363
P11391,2020,R_P11391,S_P11391
P11392,2020,R_P11392,S_P11392
P11393,2020,R_P11393,S_P11393
P11401,2023,R_P11401,S_P11401
P11404,2022,R_P11404,S_P11404
P11405,2021,R_P11405,S_P11405
P11407,2022,R_P11407,S_P11407
P11408,2022,R_P11408,S_P11408
P11409,2022,R_P11409,S_P11409
P11412,2022,R_P11412,S_P11412
P11413,2022,R_P11413,S_P11413
P11414,2022,R_P11414,S_P11414
P11416,2022,R_P11416,S_P11416
P11417,2022,R_P11417,S_P11417
P11418,2023,R_P11418,S_P11418
P11419,2022,R_P11419,S_P11419
P11422,2026,R_P11422,S_P11422
P11430,2025,R_P11429,S_P11430
P11440,2021,R_P11440,S_P11440
P11495,2025,R_P11495,S_P11495
P11503,2021,R_P11503,S_P11503
P11507,2026,R_P11507,S_P11507
P11508,2026,R_P11508,S_P11508
P11509,2021,R_P11509,S_P11509
P11513,2026,R_P11513,S_P11513
P11518,2026,R_P11518,S_P11518
P11520,2026,R_P11520,S_P11520
P11528,2024,R_P11525,S_P11528
P11534,2025,R_P11534,S_P11534
P11563,2019,R_P11563,S_P11563
P11568,2026,R_P11568,S_P11568
P11570,2020,R_P11570,S_P11570
P11578,2019,R_P11578,S_P11578
P11581,2023,R_P11581,S_P11581
P11584,2020,R_P11584,S_P11584
P11587,2019,R_P11587,S_P11587
P11588,2026,R_P11588,S_P11588
P11590,2020,R_P11590,S_P11590
P11602,2019,R_P11600,S_P11602
P11607,2019,R_P11607,S_P11607
P11614,2019,R_P11614,S_P11614
P11616,2024,R_P11616,S_P11616
P11617,2024,R_P11617,S_P11617
P11618,2024,R_P11618,S_P11618
P11620,2024,R_P11620,S_P11620
P11621,2024,R_P11621,S_P11621
P11624,2023,R_P11624,S_P11624
P11634,2023,R_P11634,S_P11634
P11647,2023,R_P11644,S_P11647
P11683,2026,R_P11683,S_P11683
P11694,2023,R_P11694,S_P11694
P11702,2026,R_P11702,S_P11702
P11720,2022,R_P11720,S_P11720
P11734,2019,R_P11734,S_P11734
P11735,2019,R_P11734,S_P11734
P11738,2020,R_P11738,S_P11738
P11752,2019,R_P11752,S_P11752
P11757,2025,R_P11757,S_P11757
P11758,2025,R_P11758,S_P11758
P11765,2026,R_P11764,S_P11764
P11766,2026,R_P11766,S_P11766
P11769,2023,R_P11769,S_P11769
P11773,2025,R_P11773,S_P11773
P11774,2026,R_P11774,S_P11774
P11775,2023,R_P11775,S_P11775
P11777,2026,R_P11777,S_P11777
P11778,2025,R_P11778,S_P11778
P11779,2026,R_P11779,S_P11779
P11780,2026,R_P11780,S_P11780
P11781,2025,R_P11781,S_P11781
P11782,2026,R_P11782,S_P11782
P11783,2026,R_P11783,S_P11783
P11784,2025,R_P11784,S_P11784
P11785,2025,R_P11785,S_P11785
P11786,2020,R_P11786,S_P11786
P11787,2026,R_P11787,S_P11787
P11788,2026,R_P11787,S_P11787
P11789,2026,R_P11789,S_P11789
P11790,2026,R_P11789,S_P11789
P11792,2026,R_P11792,S_P11792
P11794,2026,R_P11794,S_P11794
P11795,2025,R_P11795,S_P11795
P11796,2026,R_P11796,S_P11796
P11797,2026,R_P11797,S_P11797
P11799,2026,R_P11799,S_P11799
P11800,2026,R_P11800,S_P11800
P11802,2026,R_P11802,S_P11802
P11806,2026,R_P11806,S_P11806
P11807,2026,R_P11806,S_P11807
P11810,2026,R_P11810,S_P11810
P11812,2026,R_P11812,S_P11812
P11814,2026,R_P11814,S_P11814
P11815,2026,R_P11815,S_P11815
P11817,2025,R_P11816,S_P11817
P11818,2023,R_P11818,S_P11818
P11819,2023,R_P11818,S_P11818
P11821,2024,R_P11821,S_P11821
P11822,2023,R_P11822,S_P11822
P11823,2023,R_P11823,S_P11823
P11824,2026,R_P11824,S_P11824
P11825,2026,R_P11825,S_P11825
P11828,2026,R_P11828,S_P11828
P11829,2026,R_P11829,S_P11829
P11830,2026,R_P11830,S_P11830
P11838,2023,R_P11838,S_P11838
P11840,2022,R_P11839,S_P11839
P11846,2026,R_P11846,S_P11846
P11847,2026,R_P11847,S_P11847
P11854,2026,R_P11854,S_P11854
P11855,2025,R_P11855,S_P11855
P11857,2025,R_P11857,S_P11857
P11858,2025,R_P11858,S_P11858
P11859,2025,R_P11859,S_P11859
P11861,2025,R_P11861,S_P11861
P11865,2026,R_P11865,S_P11865
P11866,2025,R_P11866,S_P11866
P11867,2025,R_P11867,S_P11867
P11868,2026,R_P11868,S_P11868
P11870,2026,R_P11870,S_P11870
P11871,2026,R_P11871,S_P11871
P11890,2021,R_P11890,S_P11890
P11899,2024,R_P11899,S_P11899
P11900,2023,R_P11900,S_P11900
P11902,2023,R_P11902,S_P11902
P11905,2022,R_P11905,S_P11905
P11906,2024,R_P11906,S_P11906
P11907,2022,R_P11907,S_P11907
P11908,2022,R_P11908,S_P11908
P11909,2022,R_P11909,S_P11909
P11910,2022,R_P11910,S_P11910
P11911,2022,R_P11911,S_P11911
P11912,2022,R_P11912,S_P11912
P11913,2022,R_P11913,S_P11913
P11914,2022,R_P11914,S_P11914
P11915,2022,R_P11915,S_P11915
P11916,2022,R_P11916,S_P11916
P11918,2022,R_P11918,S_P11918
P11919,2022,R_P11919,S_P11919
P11920,2022,R_P11920,S_P11920
P11921,2022,R_P11921,S_P11921
P11922,2022,R_P11922,S_P11922
P11927,2022,R_P11927,S_P11927
P11928,2022,R_P11928,S_P11928
P11929,2021,R_P11929,S_P11929
P11930,2022,R_P11930,S_P11930
P11931,2022,R_P11931,S_P11931
P11934,2022,R_P11931,S_P11931
P11935,2022,R_P11935,S_P11935
P11936,2022,R_P11936,S_P11936
P11938,2022,R_P11938,S_P11938
P11940,2022,R_P11939,S_P11940
P11941,2022,R_P11941,S_P11941
P11942,2022,R_P11942,S_P11942
P11943,2021,R_P11943,S_P11943
P11944,2022,R_P11944,S_P11944
P11947,2022,R_P11947,S_P11947
P11948,2023,R_P11948,S_P11948
P11950,2022,R_P11950,S_P11950
P11954,2022,R_P11950,S_P11954
P11964,2022,R_P11964,S_P11964
P11967,2021,R_P11967,S_P11967
P11968,2021,R_P11968,S_P11968
P11969,2021,R_P11969,S_P11969
P11972,2021,R_P11972,S_P11972
P11973,2021,R_P11973,S_P11973
P11974,2021,R_P11973,S_P11973
P11977,2021,R_P11977,S_P11977
P11981,2022,R_P11981,S_P11981
P11982,2022,R_P11982,S_P11982
P11983,2022,R_P11982,S_P11983
P11984,2022,R_P11984,S_P11984
P11985,2022,R_P11985,S_P11985
P11994,2022,R_P11994,S_P11994
P11997,2024,R_P11997,S_P11997
P12004,2023,R_P12004,S_P12004
P12005,2023,R_P12005,S_P12005
P12006,2022,R_P12006,S_P12006
P12007,2022,R_P12007,S_P12007
P12010,2022,R_P12010,S_P12010
P12011,2023,R_P12010,S_P12011
P12012,2023,R_P12012,S_P12012
P12013,2023,R_P12013,S_P12013
P12014,2022,R_P12014,S_P12014
P12015,2022,R_P12015,S_P12015
P12023,2026,R_P12022,S_P12023
P12025,2023,R_P12025,S_P12025
P12027,2022,R_P12027,S_P12027
P12028,2022,R_P12027,S_P12028
P12038,2025,R_P12038,S_P12038
P12039,2019,R_P12039,S_P12039
P12040,2025,R_P12040,S_P12040
P12041,2023,R_P12041,S_P12041
P12042,2022,R_P12042,S_P12042
P12043,2022,R_P12043,S_P12043
P12044,2022,R_P12044,S_P12044
P12045,2023,R_P12045,S_P12045
P12046,2022,R_P12046,S_P12046
P12047,2022,R_P12047,S_P12047
P12048,2022,R_P12048,S_P12048
P12049,2022,R_P12049,S_P12049
P12051,2021,R_P12051,S_P12051
P12052,2022,R_P12051,S_P12052
P12101,2026,R_P12101,S_P12101
P12102,2026,R_P12101,S_P12101
P12104,2026,R_P12104,S_P12104
P12105,2025,R_P12105,S_P12105
P12107,2026,R_P12107,S_P12107
P12108,2026,R_P12108,S_P12108
P12109,2026,R_P12109,S_P12109
P12110,2024,R_P12110,S_P12110
P12114,2025,R_P12114,S_P12114
P12116,2026,R_P12116,S_P12116
P12120,2025,R_P12120,S_P12120
P12134,2023,R_P12134,S_P12134
P12136,2026,R_P12136,S_P12136
P12138,2022,R_P12138,S_P12138
P12139,2023,R_P12138,S_P12138
P12140,2022,R_P12140,S_P12140
P12141,2022,R_P12141,S_P12141
P12142,2023,R_P12142,S_P12142
P12144,2023,R_P12144,S_P12144
P12145,2022,R_P12145,S_P12145
P12146,2022,R_P12146,S_P12146
P12147,2023,R_P12147,S_P12147
P12171,2026,R_P12171,S_P12171
P12175,2025,R_P12174,S_P12175
P12177,2024,R_P12177,S_P12177
P12180,2026,R_P12180,S_P12180
P12184,2019,R_P12184,S_P12184
P12212,2026,R_P12212,S_P12212
P12213,2026,R_P12213,S_P12213
P12214,2026,R_P12214,S_P12214
P12215,2026,R_P12215,S_P12215
P12216,2026,R_P12216,S_P12216
P12218,2026,R_P12218,S_P12218
P12228,2024,R_P12228,S_P12228
P12230,2026,R_P12230,S_P12230
P12233,2026,R_P12233,S_P12233
P12235,2025,R_P12235,S_P12235
P12236,2026,R_P12236,S_P12236
P12237,2026,R_P12237,S_P12237
P12238,2026,R_P12235,S_P12235
P12240,2026,R_P12240,S_P12240
P12242,2026,R_P12242,S_P12242
P12243,2026,R_P12243,S_P12243
P12244,2026,R_P12243,S_P12244
P12248,2024,R_P12247,S_P12247
P12249,2023,R_P12249,S_P12249
P12253,2023,R_P12253,S_P12253
P12254,2023,R_P12254,S_P12254
P12255,2024,R_P12255,S_P12255
P12256,2023,R_P12256,S_P12256
P12257,2023,R_P12257,S_P12257
P12258,2024,R_P12258,S_P12258
P12261,2022,R_P12261,S_P12261
P12262,2023,R_P12262,S_P12262
P12265,2024,R_P12265,S_P12265
P12266,2023,R_P12266,S_P12266
P12300,2023,R_P12300,S_P12300
P12302,2023,R_P12302,S_P12302
P12318,2026,R_P12318,S_P12318
P12319,2025,R_P12319,S_P12319
P12320,2023,R_P12320,S_P12320
P12340,2023,R_P12340,S_P12340
P12341,2024,R_P12341,S_P12341
P12343,2024,R_P12343,S_P12343
P12344,2024,R_P12344,S_P12344
P12345,2024,R_P12344,S_P12345
P12347,2023,R_P12346,S_P12347
P12349,2023,R_P12349,S_P12349
P12367,2023,R_P12367,S_P12367
P12368,2023,R_P12368,S_P12368
P12374,2023,R_P12374,S_P12374
P12375,2024,R_P12374,S_P12374
P12382,2026,R_P12382,S_P12382
P12387,2025,R_P12387,S_P12387
P12388,2025,R_P12388,S_P12388
P12403,2023,R_P12403,S_P12403
P12404,2023,R_P12404,S_P12404
P12405,2023,R_P12405,S_P12405
P12439,2026,R_P12439,S_P12439
P12440,2026,R_P12440,S_P12440
P12442,2025,R_P12442,S_P12442
P12443,2025,R_P12443,S_P12443
P12444,2026,R_P12444,S_P12444
P12445,2026,R_P12445,S_P12445
P12446,2025,R_P12446,S_P12446
P12447,2025,R_P12447,S_P12447
P12448,2025,R_P12448,S_P12448
P12449,2025,R_P12449,S_P12449
P12450,2026,R_P12450,S_P12450
P12451,2025,R_P12451,S_P12451
P12453,2026,R_P12453,S_P12453
P12454,2025,R_P12454,S_P12454
P12455,2025,R_P12455,S_P12455
P12456,2025,R_P12456,S_P12456
P12458,2025,R_P12458,S_P12458
P12459,2026,R_P12459,S_P12459
P12461,2024,R_P12461,S_P12461
P12462,2026,R_P12462,S_P12462
P12463,2026,R_P12463,S_P12463
P12466,2026,R_P12466,S_P12466
P12467,2025,R_P12467,S_P12467
P12469,2026,R_P12469,S_P12469
P12470,2025,R_P12470,S_P12470
P12471,2025,R_P12471,S_P12471
P12473,2026,R_P12473,S_P12473
P12474,2025,R_P12474,S_P12474
P12475,2025,R_P12475,S_P12475
P12476,2025,R_P12476,S_P12476
P12477,2025,R_P12477,S_P12477
P12478,2026,R_P12478,S_P12478
P12479,2025,R_P12479,S_P12479
P12480,2025,R_P12480,S_P12480
P12481,2025,R_P12481,S_P12481
P12482,2026,R_P12482,S_P12482
P12485,2025,R_P12485,S_P12485
P12486,2025,R_P12486,S_P12486
P12488,2026,R_P12487,S_P12488
P12489,2025,R_P12489,S_P12489
P12490,2025,R_P12490,S_P12490
P12491,2025,R_P12491,S_P12491
P12492,2025,R_P12492,S_P12492
P12493,2024,R_P12493,S_P12493
P12494,2024,R_P12494,S_P12494
P12497,2024,R_P12497,S_P12497
P12498,2026,R_P12498,S_P12498
P12499,2024,R_P12499,S_P12499
P12500,2024,R_P12500,S_P12500
P12501,2024,R_P12501,S_P12501
P12510,2026,R_P12510,S_P12510
P12513,2026,R_P12513,S_P12513
P12520,2026,R_P12486,S_P12520
P12521,2025,R_P12521,S_P12521
P12522,2026,R_P12522,S_P12522
P12523,2026,R_P12523,S_P12523
P12524,2025,R_P12524,S_P12524
P12525,2024,R_P12525,S_P12525
P12526,2025,R_P12526,S_P12526
P12527,2024,R_P12527,S_P12527
P12528,2025,R_P12528,S_P12528
P12529,2024,R_P12527,S_P12529
P12531,2026,R_P12531,S_P12531
P12534,2026,R_P12534,S_P12534
P12535,2026,R_P12534,S_P12535
P12537,2026,R_P12537,S_P12537
P12540,2026,R_P12540,S_P12540
P12542,2026,R_P12542,S_P12542
P12553,2026,R_P12553,S_P12553
P12554,2025,R_P12554,S_P12554
P12555,2026,R_P12555,S_P12555
P12556,2023,R_P12556,S_P12556
P12557,2026,R_P12556,S_P12557
P12564,2026,R_P12564,S_P12564
P12566,2026,R_P12566,S_P12566
P12571,2026,R_P12571,S_P12571
P12572,2026,R_P12572,S_P12572
P12573,2026,R_P12573,S_P12573
P12575,2026,R_P12575,S_P12575
P12576,2026,R_P12576,S_P12576
P12577,2026,R_P12577,S_P12577
P12578,2026,R_P12578,S_P12578
P12580,2022,R_P12580,S_P12580
P12581,2022,R_P12581,S_P12581
P12582,2022,R_P12582,S_P12582
P12583,2022,R_P12583,S_P12583
P12584,2021,R_P12584,S_P12584
P12589,2019,R_P12588,S_P12588
P12629,2025,R_P12629,S_P12629
P12631,2019,R_P12631,S_P12631
P12632,2024,R_P12632,S_P12632
P12638,2019,R_P12638,S_P12638
P12645,2022,R_P12645,S_P12645
P12647,2026,R_P12647,S_P12647
P12649,2019,R_P12649,S_P12649
P12650,2026,R_P12650,S_P12650
P12653,2024,R_P12653,S_P12653
P12654,2023,R_P12654,S_P12654
P12655,2022,R_P12655,S_P12655
P12656,2023,R_P12656,S_P12656
P12657,2019,R_P10854,S_P10854
P12663,2020,R_P12663,S_P12663
P12666,2020,R_P12666,S_P12666
P12668,2024,R_P12667,S_P12667
P12669,2022,R_P12669,S_P12669
P12671,2026,R_P12671,S_P12671
P12672,2022,R_P12672,S_P12672
P12674,2022,R_P12674,S_P12674
P12675,2023,R_P12674,S_P12674
P12680,2023,R_P12680,S_P12680
P12681,2023,R_P12681,S_P12681
P12683,2022,R_P12683,S_P12683
P12684,2022,R_P12684,S_P12684
P12686,2022,R_P12686,S_P12686
P12687,2022,R_P12687,S_P12687
P12688,2022,R_P12688,S_P12688
P12689,2022,R_P12689,S_P12689
P12690,2022,R_P12690,S_P12690
P12691,2022,R_P12690,S_P12690
P12692,2023,R_P12692,S_P12692
P12696,2025,R_P12696,S_P12696
P12708,2022,R_P12708,S_P12708
P12713,2024,R_P12713,S_P12713
P12719,2026,R_P12719,S_P12719
P12722,2025,R_P12722,S_P12722
P12746,2025,R_P12746,S_P12746
P12747,2019,R_P12747,S_P12747
P12749,2019,R_P12749,S_P12749
P12773,2021,R_P12773,S_P12773
P12784,2026,R_P12784,S_P12784
P12803,2021,R_P12803,S_P12803
P12806,2021,R_P12806,S_P12806
P12828,2026,R_P12828,S_P12828
P12832,2022,R_P12832,S_P12832
P12833,2020,R_P12833,S_P12833
P12834,2020,R_P12834,S_P12834
P12839,2020,R_P12839,S_P12839
P12840,2020,R_P12840,S_P12840
P12893,2025,R_P12893,S_P12893
P12909,2022,R_P12909,S_P12909
P12926,2026,R_P12926,S_P12926
P12934,2025,R_P12934,S_P12934
P12941,2024,R_P12940,S_P12941
P12943,2019,R_P12943,S_P12943
P12946,2020,R_P12946,S_P12946
P12969,2022,R_P12969,S_P12969
P12970,2022,R_P12970,S_P12970
P12971,2022,R_P12970,S_P12971
P12985,2019,R_P12985,S_P12985
P12988,2023,R_P12987,S_P12987
P12991,2020,R_P12991,S_P12991
P13007,2023,R_P13007,S_P13007
P13008,2023,R_P13008,S_P13008
P13011,2026,R_P13011,S_P13011
P13013,2026,R_P13013,S_P13013
P13015,2022,R_P13015,S_P13015
P13016,2022,R_P13016,S_P13016
P13019,2022,R_P13017,S_P13019
P13020,2020,R_P13020,S_P13020
P13026,2020,R_P13026,S_P13026
P13029,2019,R_P13029,S_P13029
P13030,2020,R_P13029,S_P13030
P13041,2026,R_P13038,S_P13038
P13049,2023,R_P13049,S_P13049
P13050,2026,R_P13050,S_P13050
P13055,2026,R_P13055,S_P13055
P13059,2026,R_P13059,S_P13059
P13079,2020,R_P13076,S_P13079
P13094,2026,R_P13094,S_P13094
P13095,2025,R_P13095,S_P13095
P13097,2026,R_P13097,S_P13097
P13098,2026,R_P11961,S_P11961
P13100,2025,R_P13100,S_P13100
P13115,2020,R_P13115,S_P13115
P13141,2020,R_P13141,S_P13141
P13155,2021,R_P13155,S_P13155
P13158,2021,R_P13158,S_P13158
P13193,2026,R_P13193,S_P13193
P13195,2024,R_P13195,S_P13195
P13222,2026,R_P13222,S_P13222
P13227,2026,R_P13227,S_P13227
P13246,2022,R_P13246,S_P13246
P13248,2022,R_P13248,S_P13248
P13249,2022,R_P13249,S_P13249
P13250,2022,R_P13250,S_P13250
P13251,2022,R_P13251,S_P13251
P13252,2022,R_P13252,S_P13252
P13253,2022,R_P13253,S_P13253
P13254,2022,R_P13254,S_P13254
P13255,2022,R_P13255,S_P13255
P13256,2022,R_P13251,S_P13251
P13260,2021,R_P13260,S_P13260
P13264,2022,R_P13264,S_P13264
P13265,2022,R_P13265,S_P13265
P13266,2022,R_P13266,S_P13266
P13267,2022,R_P13267,S_P13267
P13268,2022,R_P13268,S_P13268
P13269,2022,R_P13269,S_P13269
P13270,2022,R_P13270,S_P13270
P13271,2022,R_P13271,S_P13271
P13272,2021,R_P13272,S_P13272
P13273,2021,R_P13273,S_P13273
P13274,2022,R_P13274,S_P13274
P13275,2022,R_P13275,S_P13275
P13279,2022,R_P13279,S_P13279
P13283,2020,R_P13283,S_P13283
P13296,2023,R_P13296,S_P13296
P13303,2025,R_P13303,S_P13303
P13313,2021,R_P13313,S_P13313
P13316,2021,R_P13316,S_P13316
P13335,2025,R_P13335,S_P13335
P13390,2024,R_P13390,S_P13390
P13408,2020,R_P13408,S_P13408
P13411,2022,R_P13411,S_P13411
P13412,2022,R_P13412,S_P13412
P13413,2022,R_P13413,S_P13413
P13414,2022,R_P13414,S_P13414
P13416,2022,R_P13415,S_P13416
P13417,2022,R_P13417,S_P13417
P13418,2021,R_P13418,S_P13418
P13420,2022,R_P13420,S_P13420
P13421,2022,R_P13421,S_P13421
P13422,2022,R_P13422,S_P13422
P13423,2022,R_P13423,S_P13423
P13424,2022,R_P13423,S_P13424
P13425,2022,R_P13425,S_P13425
P13426,2022,R_P13426,S_P13426
P13427,2021,R_P13427,S_P13427
P13428,2021,R_P13428,S_P13428
P13429,2022,R_P13429,S_P13429
P13430,2022,R_P13430,S_P13430
P13434,2024,R_P13434,S_P13434
P13436,2022,R_P13436,S_P13436
P13437,2022,R_P13437,S_P13437
P13438,2021,R_P13438,S_P13438
P13439,2023,R_P13439,S_P13439
P13440,2022,R_P13440,S_P13440
P13441,2022,R_P13441,S_P13441
P13442,2022,R_P13442,S_P13442
P13446,2022,R_P13446,S_P13446
P13459,2026,R_P13458,S_P13458
P13463,2021,R_P13463,S_P13463
P13465,2021,R_P13465,S_P13465
P13466,2021,R_P13466,S_P13466
P13475,2025,R_P13475,S_P13475
P13498,2023,R_P13498,S_P13498
P13507,2023,R_P13507,S_P13507
P13509,2023,R_P13509,S_P13509
P13510,2022,R_P13510,S_P13510
P13511,2023,R_P13511,S_P13511
P13512,2023,R_P13512,S_P13512
P13513,2023,R_P13513,S_P13513
P13514,2023,R_P13514,S_P13514
P13515,2022,R_P13515,S_P13515
P13516,2022,R_P13516,S_P13516
P13517,2022,R_P13517,S_P13517
P13518,2023,R_P13518,S_P13518
P13519,2022,R_P13519,S_P13519
P13520,2022,R_P13520,S_P13520
P13521,2023,R_P13521,S_P13521
P13522,2022,R_P13522,S_P13522
P13523,2022,R_P13523,S_P13523
P13526,2022,R_P13526,S_P13526
P13528,2022,R_P13528,S_P13528
P13529,2022,R_P13529,S_P13529
P13530,2022,R_P13529,S_P13529
P13531,2026,R_P13531,S_P13531
P13532,2023,R_P13532,S_P13532
P13533,2023,R_P13532,S_P13533
P13534,2022,R_P13534,S_P13534
P13536,2023,R_P13536,S_P13536
P13537,2022,R_P13537,S_P13537
P13538,2022,R_P13537,S_P13538
P13539,2022,R_P13537,S_P13539
P13540,2022,R_P13540,S_P13540
P13542,2022,R_P13542,S_P13542
P13547,2023,R_P13547,S_P13547
P13550,2023,R_P13550,S_P13550
P13551,2023,R_P13551,S_P13551
P13561,2021,R_P13561,S_P13561
P13571,2019,R_P13571,S_P13571
P13572,2020,R_P13572,S_P13572
P13573,2020,R_P13571,S_P13573
P13582,2022,R_P13582,S_P13582
P13604,2024,R_P13604,S_P13604
P13610,2024,R_P13610,S_P13610
P13611,2022,R_P13611,S_P13611
P13612,2022,R_P13612,S_P13612
P13613,2023,R_P13613,S_P13613
P13614,2019,R_P13614,S_P13614
P13626,2025,R_P13626,S_P13626
P13643,2024,R_P13643,S_P13643
P13647,2026,R_P13647,S_P13647
P13653,2025,R_P13653,S_P13653
P13654,2026,R_P13654,S_P13654
P13655,2025,R_P13655,S_P13655
P13664,2026,R_P13664,S_P13664
P13666,2026,R_P13666,S_P13666
P13667,2026,R_P13667,S_P13667
P13668,2026,R_P13668,S_P13668
P13669,2025,R_P13669,S_P13669
P13670,2026,R_P13670,S_P13670
P13671,2024,R_P13671,S_P13671
P13672,2026,R_P13672,S_P13672
P13673,2026,R_P13673,S_P13673
P13674,2026,R_P13674,S_P13674
P13686,2026,R_P13686,S_P13686
P13687,2026,R_P13686,S_P13687
P13688,2026,R_P13688,S_P13688
P13689,2026,R_P13686,S_P13689
P13690,2026,R_P13690,S_P13690
P13692,2026,R_P13692,S_P13692
P13693,2024,R_P13693,S_P13693
P13695,2026,R_P13695,S_P13695
P13697,2026,R_P13697,S_P13697
P13698,2022,R_P13698,S_P13698
P13699,2022,R_P13699,S_P13699
P13700,2022,R_P13700,S_P13700
P13702,2024,R_P13702,S_P13702
P13705,2022,R_P13705,S_P13705
P13706,2023,R_P13705,S_P13706
P13709,2023,R_P13709,S_P13709
P13710,2022,R_P13710,S_P13710
P13711,2022,R_P13711,S_P13711
P13712,2022,R_P13712,S_P13712
P13733,2020,R_P13733,S_P13733
P13740,2022,R_P13740,S_P13740
P13742,2022,R_P13742,S_P13742
P13743,2023,R_P13743,S_P13743
P13745,2024,R_P13745,S_P13745
P13746,2022,R_P13746,S_P13746
P13749,2022,R_P13748,S_P13749
P13750,2022,R_P13750,S_P13750
P13751,2022,R_P13751,S_P13751
P13752,2022,R_P13752,S_P13752
P13753,2019,R_P13753,S_P13753
P13756,2025,R_P13756,S_P13756
P13761,2020,R_P13761,S_P13761
P13762,2020,R_P13762,S_P13762
P13763,2019,R_P13762,S_P13763
P13766,2022,R_P13766,S_P13766
P13767,2022,R_P13767,S_P13767
P13769,2022,R_P13769,S_P13769
P13772,2022,R_P13772,S_P13772
P13774,2022,R_P13774,S_P13774
P13775,2023,R_P13775,S_P13775
P13777,2022,R_P13777,S_P13777
P13778,2025,R_P13778,S_P13778
P13779,2025,R_P13779,S_P13779
P13780,2025,R_P13780,S_P13780
P13782,2026,R_P13782,S_P13782
P13783,2023,R_P13783,S_P13783
P13784,2025,R_P13784,S_P13784
P13785,2025,R_P13785,S_P13785
P13786,2023,R_P13786,S_P13786
P13787,2023,R_P13787,S_P13787
P13788,2023,R_P13788,S_P13788
P13789,2023,R_P13789,S_P13789
P13790,2023,R_P13790,S_P13790
P13791,2025,R_P13791,S_P13791
P13792,2026,R_P13792,S_P13792
P13795,2020,R_P13795,S_P13795
P13799,2019,R_P13799,S_P13799
P13810,2025,R_P13810,S_P13810
P13818,2021,R_P13818,S_P13818
P13819,2022,R_P13818,S_P13819
P13825,2020,R_P13825,S_P13825
P13839,2023,R_P13839,S_P13839
P13855,2023,R_P13855,S_P13855
P13856,2024,R_P13856,S_P13856
P13857,2022,R_P13857,S_P13857
P13858,2023,R_P13858,S_P13858
P13859,2022,R_P13859,S_P13859
P13860,2022,R_P13860,S_P13860
P13861,2022,R_P13861,S_P13861
P13867,2026,R_P13867,S_P13867
P13868,2026,R_P13868,S_P13868
P13881,2023,R_P13881,S_P13881
P13889,2026,R_P13889,S_P13889
P13890,2026,R_P13890,S_P13890
P13891,2025,R_P13890,S_P13890
P13892,2025,R_P13892,S_P13892
P13894,2025,R_P13894,S_P13894
P13895,2025,R_P13895,S_P13895
P13900,2025,R_P13900,S_P13900
P13901,2026,R_P13901,S_P13901
P13909,2026,R_P13909,S_P13909
P13910,2026,R_P13910,S_P13910
P13911,2023,R_P13911,S_P13911
P13912,2023,R_P13912,S_P13912
P13913,2023,R_P13913,S_P13913
P13914,2023,R_P13912,S_P13914
P13915,2026,R_P13915,S_P13915
P13917,2025,R_P13917,S_P13917
P13919,2023,R_P13919,S_P13919
P13920,2024,R_P13920,S_P13920
P13921,2024,R_P13921,S_P13921
P13922,2025,R_P13921,S_P13922
P13925,2024,R_P13925,S_P13925
P13927,2024,R_P13927,S_P13927
P13928,2024,R_P13928,S_P13928
P13929,2024,R_P13929,S_P13929
P13930,2025,R_P13930,S_P13930
P13931,2024,R_P13931,S_P13931
P13932,2026,R_P13932,S_P13932
P13933,2026,R_P13933,S_P13933
P13934,2026,R_P13934,S_P13934
P13935,2025,R_P13935,S_P13935
P13940,2019,R_P13940,S_P13940
P13946,2023,R_P13946,S_P13946
P13947,2023,R_P13947,S_P13947
P13948,2026,R_P13948,S_P13948
P13949,2023,R_P13949,S_P13949
P13951,2023,R_P13950,S_P13951
P13953,2023,R_P13953,S_P13953
P13955,2023,R_P13954,S_P13955
P13959,2020,R_P13959,S_P13959
P13960,2019,R_P13960,S_P13960
P13962,2021,R_P13962,S_P13962
P13963,2021,R_P13963,S_P13963
P13964,2021,R_P13963,S_P13964
P13965,2025,R_P13965,S_P13965
P13966,2023,R_P13966,S_P13966
P13967,2023,R_P13967,S_P13967
P13968,2021,R_P13967,S_P13968
P13969,2021,R_P13969,S_P13969
P13973,2020,R_P13973,S_P13973
P13976,2019,R_P13976,S_P13976
P13979,2019,R_P13979,S_P13979
P13983,2019,R_P13982,S_P13982
P13986,2019,R_P13986,S_P13986
P14005,2023,R_P14005,S_P14005
P14006,2023,R_P14006,S_P14006
P14007,2022,R_P14007,S_P14007
P14009,2022,R_P14009,S_P14009
P14010,2026,R_P14010,S_P14010
P14011,2026,R_P14011,S_P14011
P14012,2026,R_P14012,S_P14012
P14013,2024,R_P14012,S_P14013
P14014,2026,R_P14014,S_P14014
P14015,2025,R_P14015,S_P14015
P14016,2025,R_P14016,S_P14016
P14017,2025,R_P14017,S_P14017
P14018,2026,R_P14018,S_P14018
P14020,2026,R_P14020,S_P14020
P14021,2026,R_P14021,S_P14021
P14022,2022,R_P14022,S_P14022
P14025,2026,R_P14025,S_P14025
P14026,2026,R_P14026,S_P14026
P14027,2026,R_P14027,S_P14027
P14029,2026,R_P14029,S_P14029
P14030,2026,R_P14030,S_P14030
P14040,2022,R_P14039,S_P14039
P14057,2023,R_P14057,S_P14057
P14065,2019,R_P14065,S_P14065
P14067,2019,R_P14067,S_P14067
P14074,2023,R_P14074,S_P14074
P14075,2023,R_P14075,S_P14075
P14076,2023,R_P14076,S_P14076
P14078,2023,R_P14078,S_P14078
P14079,2022,R_P14079,S_P14079
P14080,2024,R_P14080,S_P14080
P14081,2023,R_P14081,S_P14081
P14082,2024,R_P14082,S_P14082
P14089,2026,R_P14089,S_P14089
P14092,2026,R_P14092,S_P14092
P14100,2025,R_P14100,S_P14100
P14121,2024,R_P14121,S_P14121
P14123,2026,R_P14123,S_P14123
P14124,2023,R_P14124,S_P14124
P14125,2023,R_P14125,S_P14125
P14126,2023,R_P14126,S_P14126
P14142,2026,R_P14142,S_P14142
P14143,2023,R_P14143,S_P14143
P14183,2023,R_P14183,S_P14183
P14184,2023,R_P14184,S_P14184
P14217,2022,R_P14217,S_P14217
P14223,2024,R_P14223,S_P14223
P14269,2020,R_P14269,S_P14269
P14271,2020,R_P14271,S_P14271
P14275,2024,R_P14275,S_P14275
P14292,2023,R_P14292,S_P14292
P14305,2025,R_P14305,S_P14305
P14312,2021,R_P14312,S_P14312
P14336,2023,R_P14336,S_P14336
P14337,2023,R_P14337,S_P14337
P14341,2024,R_P14341,S_P14341
P14342,2025,R_P14342,S_P14342
P14345,2021,R_P14345,S_P14345
P14346,2021,R_P14346,S_P14346
P14347,2021,R_P14347,S_P14347
P14348,2022,R_P14348,S_P14348
P14352,2021,R_P14351,S_P14351
P14353,2021,R_P14353,S_P14353
P14354,2021,R_P14354,S_P14354
P14355,2023,R_P14355,S_P14355
P14356,2021,R_P14355,S_P14355
P14357,2022,R_P14357,S_P14357
P14358,2025,R_P14358,S_P14358
P14361,2021,R_P14361,S_P14361
P14362,2023,R_P14362,S_P14362
P14363,2023,R_P14363,S_P14363
P14364,2024,R_P14364,S_P14364
P14365,2022,R_P14365,S_P14365
P14369,2023,R_P14369,S_P14369
P14372,2023,R_P14372,S_P14372
P14375,2024,R_P14375,S_P14375
P14376,2023,R_P14376,S_P14376
P14377,2023,R_P14377,S_P14377
P14378,2023,R_P14378,S_P14378
P14390,2023,R_P14390,S_P14390
P14391,2023,R_P14391,S_P14391
P14392,2024,R_P14392,S_P14392
P14393,2022,R_P14393,S_P14393
P14394,2023,R_P14393,S_P14394
P14395,2023,R_P14395,S_P14395
P14410,2026,R_P14410,S_P14410
P14411,2026,R_P14411,S_P14411
P14414,2026,R_P14414,S_P14414
P14415,2023,R_P14415,S_P14415
P14417,2023,R_P14417,S_P14417
P14418,2023,R_P14418,S_P14418
P14419,2022,R_P14419,S_P14419
P14420,2023,R_P14420,S_P14420
P14434,2024,R_P14434,S_P14434
P14435,2024,R_P14435,S_P14435
P14436,2024,R_P14435,S_P14436
P14440,2024,R_P14440,S_P14440
P14442,2024,R_P14442,S_P14442
P14443,2023,R_P14443,S_P14443
P14444,2025,R_P14444,S_P14444
P14445,2025,R_P14445,S_P14445
P14446,2024,R_P14446,S_P14446
P14448,2024,R_P14448,S_P14448
P14449,2025,R_P14449,S_P14449
P14451,2024,R_P14451,S_P14451
P14452,2024,R_P14452,S_P14452
P14454,2025,R_P14454,S_P14454
P14455,2024,R_P14455,S_P14455
P14456,2025,R_P14453,S_P14456
P14458,2024,R_P14458,S_P14458
P14459,2024,R_P14459,S_P14459
P14463,2024,R_P14463,S_P14463
P14465,2025,R_P14465,S_P14465
P14466,2024,R_P14466,S_P14466
P14468,2024,R_P14468,S_P14468
P14469,2024,R_P14469,S_P14469
P14472,2025,R_P14472,S_P14472
P14473,2024,R_P14473,S_P14473
P14474,2025,R_P14462,S_P14462
P14476,2024,R_P14476,S_P14476
P14477,2024,R_P14477,S_P14477
P14479,2024,R_P14479,S_P14479
P14480,2023,R_P14480,S_P14480
P14481,2024,R_P14481,S_P14481
P14486,2023,R_P14486,S_P14486
P14487,2024,R_P14486,S_P14487
P14488,2024,R_P14488,S_P14488
P14489,2023,R_P14489,S_P14489
P14525,2023,R_P14525,S_P14525
P14542,2020,R_P14542,S_P14542
P14550,2024,R_P14550,S_P14550
P14551,2025,R_P14551,S_P14551
P14552,2024,R_P14552,S_P14552
P14553,2024,R_P14553,S_P14553
P14556,2024,R_P14556,S_P14556
P14557,2025,R_P14556,S_P14556
P14558,2025,R_P14558,S_P14558
P14559,2024,R_P14559,S_P14559
P14560,2024,R_P14560,S_P14560
P14561,2025,R_P14561,S_P14561
P14562,2024,R_P14562,S_P14562
P14563,2024,R_P14563,S_P14563
P14564,2019,R_P14564,S_P14564
P14566,2019,R_P14566,S_P14566
P14574,2025,R_P14574,S_P14574
P14575,2024,R_P14575,S_P14575
P14576,2024,R_P14576,S_P14576
P14577,2024,R_P14577,S_P14577
P14579,2025,R_P14579,S_P14579
P14583,2025,R_P14583,S_P14583
P14584,2024,R_P14583,S_P14584
P14585,2024,R_P14585,S_P14585
P14601,2023,R_P14601,S_P14601
P14604,2025,R_P14604,S_P14604
P14608,2024,R_P14608,S_P14608
P14609,2024,R_P14609,S_P14609
P14610,2024,R_P14609,S_P14609
P14611,2023,R_P14611,S_P14611
P14613,2023,R_P14613,S_P14613
P14616,2024,R_P14616,S_P14616
P14617,2025,R_P14617,S_P14617
P14618,2023,R_P14618,S_P14618
P14635,2024,R_P14635,S_P14635
P14636,2023,R_P14636,S_P14636
P14637,2024,R_P14636,S_P14636
P14638,2024,R_P14638,S_P14638
P14640,2024,R_P14640,S_P14640
P14657,2024,R_P14657,S_P14657
P14658,2025,R_P14658,S_P14658
P14660,2025,R_P14461,S_P14660
P14661,2024,R_P14661,S_P14661
P14662,2024,R_P14472,S_P14662
P14663,2024,R_P14472,S_P14472
P14664,2024,R_P14664,S_P14664
P14665,2024,R_P14665,S_P14665
P14666,2024,R_P14666,S_P14666
P14668,2025,R_P14668,S_P14668
P14669,2024,R_P14669,S_P14669
P14670,2025,R_P14670,S_P14670
P14671,2025,R_P14668,S_P14671
P14672,2024,R_P14672,S_P14672
P14674,2024,R_P14673,S_P14674
P14675,2023,R_P14675,S_P14675
P14677,2023,R_P14677,S_P14677
P14679,2024,R_P14679,S_P14679
P14680,2023,R_P14680,S_P14680
P14681,2023,R_P14681,S_P14681
P14682,2026,R_P14682,S_P14682
P14684,2026,R_P14683,S_P14684
P14686,2023,R_P14686,S_P14686
P14687,2023,R_P14687,S_P14687
P14704,2025,R_P14704,S_P14704
P14737,2026,R_P14737,S_P14737
P14740,2023,R_P14740,S_P14740
P14741,2023,R_P14741,S_P14741
P14742,2024,R_P14742,S_P14742
P14744,2025,R_P14744,S_P14744
P14745,2026,R_P14745,S_P14745
P14753,2024,R_P14753,S_P14753
P14778,2023,R_P14778,S_P14778
P14779,2023,R_P14778,S_P14779
P14780,2024,R_P14780,S_P14780
P14785,2026,R_P14785,S_P14785
P14786,2024,R_P14786,S_P14786
P14787,2024,R_P14787,S_P14787
P14789,2023,R_P14789,S_P14789
P14808,2024,R_P14808,S_P14808
P14809,2024,R_P14809,S_P14809
P14810,2024,R_P14810,S_P14810
P14813,2026,R_P14813,S_P14813
P14814,2024,R_P14814,S_P14814
P14816,2026,R_P14816,S_P14816
P14817,2023,R_P14817,S_P14817
P14821,2026,R_P14821,S_P14821
P14836,2025,R_P14836,S_P14836
P14840,2026,R_P14840,S_P14840
P14847,2023,R_P14847,S_P14847
P14848,2023,R_P14848,S_P14848
P14852,2022,R_P14852,S_P14852
P14853,2026,R_P14853,S_P14853
P14854,2026,R_P14854,S_P14854
P14856,2026,R_P14856,S_P14856
P14858,2023,R_P14858,S_P14858
P14859,2023,R_P14859,S_P14859
P14860,2024,R_P14860,S_P14860
P14865,2024,R_P14865,S_P14865
P14866,2023,R_P14865,S_P14866
P14868,2023,R_P14868,S_P14868
P14869,2023,R_P14869,S_P14869
P14870,2023,R_P14870,S_P14870
P14871,2024,R_P14871,S_P14871
P14872,2023,R_P14871,S_P14872
P14873,2023,R_P14873,S_P14873
P14876,2026,R_P14876,S_P14876
P14877,2021,R_P14877,S_P14877
P14878,2026,R_P14840,S_P14878
P14880,2026,R_P14880,S_P14880
P14887,2026,R_P14887,S_P14887
P14890,2026,R_P14889,S_P14890
P14893,2026,R_P14893,S_P14893
P14895,2023,R_P14895,S_P14895
P14898,2026,R_P14897,S_P14898
P14900,2023,R_P14900,S_P14900
P14901,2024,R_P14900,S_P14900
P14903,2023,R_P14903,S_P14903
P14905,2023,R_P14905,S_P14905
P14906,2026,R_P14906,S_P14906
P14907,2023,R_P14907,S_P14907
P14908,2023,R_P14908,S_P14908
P14909,2023,R_P14909,S_P14909
P14910,2023,R_P14910,S_P14910
P14912,2023,R_P14912,S_P14912
P14914,2023,R_P14914,S_P14914
P14915,2023,R_P14915,S_P14915
P14917,2023,R_P14917,S_P14917
P14918,2024,R_P14917,S_P14917
P14919,2023,R_P14919,S_P14919
P14920,2026,R_P14920,S_P14920
P14921,2026,R_P14921,S_P14921
P14922,2026,R_P14922,S_P14922
P14923,2024,R_P14923,S_P14923
P14925,2026,R_P14925,S_P14925
P14926,2024,R_P14926,S_P14926
P14927,2026,R_P14927,S_P14927
P14929,2026,R_P14929,S_P14929
P14947,2024,R_P14947,S_P14947
P14949,2025,R_P14948,S_P14948
P14952,2024,R_P14952,S_P14952
P14953,2024,R_P14953,S_P14953
P14954,2023,R_P14953,S_P14953
P14955,2024,R_P14955,S_P14955
P14957,2024,R_P14957,S_P14957
P14959,2024,R_P14959,S_P14959
P14960,2024,R_P14960,S_P14960
P14961,2024,R_P14961,S_P14961
P14962,2024,R_P14962,S_P14962
P14963,2024,R_P14962,S_P14962
P14964,2024,R_P14964,S_P14964
P14965,2024,R_P14965,S_P14965
P14966,2024,R_P14966,S_P14966
P14967,2024,R_P14967,S_P14967
P14968,2025,R_P14968,S_P14968
P14971,2024,R_P14971,S_P14971
P14972,2024,R_P14972,S_P14972
P14973,2024,R_P14973,S_P14973
P14974,2024,R_P14974,S_P14974
P14975,2024,R_P14975,S_P14975
P14977,2024,R_P14977,S_P14977
P14980,2024,R_P14980,S_P14980
P14985,2024,R_P14985,S_P14985
P14988,2024,R_P14988,S_P14988
P14989,2024,R_P14989,S_P14989
P14991,2024,R_P14991,S_P14991
P14992,2024,R_P14992,S_P14992
P14993,2023,R_P14993,S_P14993
P14994,2024,R_P14994,S_P14994
P14995,2024,R_P14995,S_P14995
P14996,2024,R_P14996,S_P14996
P14997,2024,R_P14997,S_P14997
P14998,2024,R_P14998,S_P14998
P15000,2024,R_P15000,S_P15000
P15001,2024,R_P15001,S_P15001
P15002,2024,R_P15002,S_P15002
P15004,2024,R_P15004,S_P15004
P15006,2024,R_P15006,S_P15006
P15008,2024,R_P15008,S_P15008
P15009,2024,R_P15008,S_P15008
P15011,2024,R_P15010,S_P15011
P15013,2023,R_P15013,S_P15013
P15014,2024,R_P15014,S_P15014
P15015,2024,R_P14950,S_P15015
P15016,2023,R_P14950,S_P15015
P15017,2024,R_P15017,S_P15017
P15024,2023,R_P15024,S_P15024
P15034,2026,R_P15034,S_P15034
P15035,2026,R_P15035,S_P15035
P15037,2026,R_P15037,S_P15037
P15038,2026,R_P15038,S_P15038
P15040,2026,R_P11808,S_P15040
P15044,2023,R_P15044,S_P15044
P15048,2019,R_P15048,S_P15048
P15050,2026,R_P15050,S_P15050
P15051,2026,R_P15051,S_P15051
P15054,2025,R_P15054,S_P15054
P15062,2025,R_P15062,S_P15062
P15070,2024,R_P15070,S_P15070
P15071,2024,R_P15071,S_P15071
P15072,2024,R_P15072,S_P15072
P15073,2024,R_P15073,S_P15073
P15075,2025,R_P15075,S_P15075
P15076,2025,R_P15076,S_P15076
P15077,2025,R_P15077,S_P15077
P15079,2023,R_P15079,S_P15079
P15083,2024,R_P15083,S_P15083
P15086,2020,R_P15086,S_P15086
P15089,2025,R_P15089,S_P15089
P15092,2025,R_P15092,S_P15092
P15113,2025,R_P15113,S_P15113
P15130,2025,R_P15130,S_P15130
P15133,2024,R_P15133,S_P15133
P15138,2022,R_P15138,S_P15138
P15139,2022,R_P15139,S_P15139
P15148,2024,R_P15148,S_P15148
P15151,2024,R_P15149,S_P15149
P15153,2024,R_P15153,S_P15153
P15164,2025,R_P15164,S_P15164
P15167,2022,R_P15167,S_P15167
P15173,2025,R_P15173,S_P15173
P15175,2026,R_P15175,S_P15175
P15176,2026,R_P15176,S_P15176
P15177,2026,R_P15177,S_P15177
P15178,2024,R_P15178,S_P15178
P15179,2024,R_P15179,S_P15179
P15180,2022,R_P15180,S_P15180
P15181,2024,R_P15181,S_P15181
P15183,2026,R_P15183,S_P15183
P15187,2023,R_P15187,S_P15187
P15188,2026,R_P15188,S_P15188
P15191,2026,R_P15191,S_P15191
P15192,2026,R_P15192,S_P15192
P15193,2025,R_P15192,S_P15193
P15194,2025,R_P15194,S_P15194
P15196,2026,R_P15196,S_P15196
P15197,2026,R_P15197,S_P15197
P15203,2026,R_P15203,S_P15203
P15204,2026,R_P15204,S_P15204
P15205,2026,R_P15205,S_P15205
P15206,2026,R_P15205,S_P15206
P15209,2026,R_P15209,S_P15209
P15210,2026,R_P15210,S_P15210
P15213,2026,R_P15213,S_P15213
P15216,2026,R_P15216,S_P15216
P15218,2026,R_P15218,S_P15218
P15221,2026,R_P15221,S_P15221
P15222,2026,R_P15222,S_P15222
P15226,2026,R_P15226,S_P15226
P15228,2026,R_P15228,S_P15228
P15229,2026,R_P15229,S_P15229
P15233,2026,R_P15233,S_P15233
P15234,2024,R_P15234,S_P15234
P15235,2026,R_P15235,S_P15235
P15236,2024,R_P15236,S_P15236
P15237,2024,R_P15237,S_P15237
P15240,2026,R_P15239,S_P15239
P15242,2023,R_P15242,S_P15242
P15243,2024,R_P15243,S_P15243
P15245,2023,R_P15245,S_P15245
P15246,2020,R_P15246,S_P15246
P15247,2020,R_P15247,S_P15247
P15254,2022,R_P15254,S_P15254
P15255,2022,R_P15255,S_P15255
P15256,2024,R_P15256,S_P15256
P15257,2023,R_P15257,S_P15257
P15258,2024,R_P15258,S_P15258
P15259,2025,R_P15259,S_P15259
P15260,2024,R_P15260,S_P15260
P15261,2024,R_P15261,S_P15261
P15262,2025,R_P15261,S_P15261
P15263,2024,R_P15259,S_P15259
P15264,2024,R_P15264,S_P15264
P15265,2024,R_P15264,S_P15265
P15266,2025,R_P15266,S_P15266
P15267,2024,R_P15266,S_P15266
P15268,2019,R_P15266,S_P15268
P15269,2024,R_P15269,S_P15269
P15270,2024,R_P15270,S_P15270
P15271,2025,R_P15271,S_P15271
P15272,2024,R_P15272,S_P15272
P15275,2025,R_P15275,S_P15275
P15279,2024,R_P15279,S_P15279
P15280,2024,R_P15280,S_P15280
P15281,2025,R_P15281,S_P15281
P15282,2024,R_P15282,S_P15282
P15301,2025,R_P15301,S_P15301
P15302,2024,R_P15302,S_P15302
P15303,2025,R_P15303,S_P15303
P15304,2025,R_P15304,S_P15304
P15305,2024,R_P15305,S_P15305
P15307,2024,R_P15307,S_P15307
P15308,2024,R_P15308,S_P15308
P15309,2019,R_P15309,S_P15309
P15312,2025,R_P15312,S_P15312
P15313,2026,R_P15312,S_P15312
P15314,2026,R_P15314,S_P15314
P15315,2025,R_P15314,S_P15315
P15316,2025,R_P15316,S_P15316
P15318,2025,R_P15318,S_P15318
P15320,2026,R_P15320,S_P15320
P15322,2025,R_P15322,S_P15322
P15323,2025,R_P15320,S_P15323
P15324,2026,R_P15324,S_P15324
P15325,2024,R_P15325,S_P15325
P15326,2026,R_P15326,S_P15326
P15329,2025,R_P15329,S_P15329
P15330,2025,R_P15330,S_P15330
P15331,2025,R_P15331,S_P15331
P15332,2025,R_P15329,S_P15332
P15333,2026,R_P15333,S_P15333
P15334,2025,R_P15333,S_P15333
P15335,2026,R_P15335,S_P15335
P15336,2025,R_P15336,S_P15336
P15337,2026,R_P15336,S_P15337
P15338,2026,R_P15338,S_P15338
P15339,2022,R_P15339,S_P15339
P15340,2022,R_P15340,S_P15340
P15341,2024,R_P15341,S_P15341
P15343,2024,R_P15343,S_P15343
P15344,2024,R_P15343,S_P15343
P15345,2024,R_P15345,S_P15345
P15347,2024,R_P15347,S_P15347
P15355,2026,R_P15355,S_P15355
P15364,2024,R_P15364,S_P15364
P15366,2024,R_P15366,S_P15366
P15376,2019,R_P15376,S_P15376
P15377,2026,R_P15377,S_P15377
P15408,2025,R_P15408,S_P15408
P15413,2024,R_P15413,S_P15413
P15414,2026,R_P15413,S_P15413
P15415,2025,R_P15413,S_P15413
P15416,2024,R_P15416,S_P15416
P15417,2024,R_P15417,S_P15417
P15420,2025,R_P15420,S_P15420
P15421,2025,R_P15421,S_P15421
P15422,2024,R_P15422,S_P15422
P15423,2024,R_P15423,S_P15423
P15424,2024,R_P15424,S_P15424
P15425,2025,R_P15422,S_P15425
P15430,2020,R_P15430,S_P15430
P15431,2024,R_P15431,S_P15431
P15433,2024,R_P15433,S_P15433
P15434,2024,R_P15434,S_P15434
P15435,2025,R_P15435,S_P15435
P15437,2025,R_P15437,S_P15437
P15443,2024,R_P15443,S_P15443
P15444,2024,R_P15444,S_P15444
P15445,2025,R_P15445,S_P15445
P15446,2026,R_P10218,S_P10218
P15447,2023,R_P15447,S_P15447
P15448,2025,R_P15448,S_P15448
P15452,2022,R_P15452,S_P15452
P15453,2022,R_P15453,S_P15453
P15454,2022,R_P15454,S_P15454
P15455,2021,R_P15455,S_P15455
P15456,2021,R_P15456,S_P15456
P15457,2023,R_P15457,S_P15457
P15459,2022,R_P15459,S_P15459
P15460,2022,R_P15460,S_P15460
P15461,2022,R_P15459,S_P15461
P15464,2023,R_P15464,S_P15464
P15465,2023,R_P15465,S_P15465
P15467,2023,R_P15467,S_P15467
P15468,2023,R_P15468,S_P15468
P15469,2023,R_P15469,S_P15469
P15470,2023,R_P15470,S_P15470
P15471,2023,R_P15471,S_P15471
P15481,2023,R_P15481,S_P15481
P15482,2023,R_P15482,S_P15482
P15483,2024,R_P15482,S_P15483
P15484,2023,R_P15484,S_P15484
P15485,2023,R_P15485,S_P15485
P15487,2024,R_P15487,S_P15487
P15488,2024,R_P15488,S_P15488
P15489,2023,R_P15489,S_P15489
P15490,2023,R_P15490,S_P15490
P15491,2023,R_P15491,S_P15491
P15492,2023,R_P15492,S_P15492
P15501,2023,R_P15501,S_P15501
P15508,2025,R_P15508,S_P15508
P15510,2025,R_P15510,S_P15510
P15511,2024,R_P15511,S_P15511
P15512,2024,R_P15511,S_P15512
P15513,2023,R_P15513,S_P15513
P15514,2023,R_P15514,S_P15514
P15515,2023,R_P15515,S_P15515
P15516,2023,R_P15516,S_P15516
P15517,2023,R_P15517,S_P15517
P15518,2023,R_P15518,S_P15518
P15519,2024,R_P15519,S_P15519
P15520,2024,R_P15520,S_P15520
P15521,2024,R_P15521,S_P15521
P15522,2024,R_P15522,S_P15522
P15523,2024,R_P15523,S_P15523
P15524,2023,R_P15524,S_P15524
P15526,2023,R_P15526,S_P15526
P15528,2023,R_P15528,S_P15528
P15530,2023,R_P15530,S_P15530
P15531,2023,R_P15531,S_P15531
P15532,2022,R_P15532,S_P15532
P15533,2025,R_P15533,S_P15533
P15535,2023,R_P15535,S_P15535
P15536,2024,R_P15536,S_P15536
P15537,2024,R_P15537,S_P15537
P15538,2025,R_P15538,S_P15538
P15540,2023,R_P15540,S_P15540
P15541,2024,R_P15541,S_P15541
P15542,2024,R_P15542,S_P15542
P15544,2024,R_P15544,S_P15544
P15545,2024,R_P15545,S_P15545
P15546,2024,R_P15546,S_P15546
P15547,2024,R_P15547,S_P15547
P15548,2024,R_P15548,S_P15548
P15551,2026,R_P15551,S_P15551
P15556,2024,R_P15556,S_P15556
P15586,2024,R_P15586,S_P15586
P15587,2024,R_P15587,S_P15587
P15588,2024,R_P15588,S_P15588
P15589,2020,R_P15589,S_P15589
P15591,2019,R_P15591,S_P15591
P15613,2019,R_P15613,S_P15613
P15615,2019,R_P15615,S_P15615
P15616,2020,R_P15616,S_P15616
P15617,2019,R_P15617,S_P15617
P15621,2020,R_P15621,S_P15621
P15624,2019,R_P15624,S_P15624
P15628,2020,R_P15628,S_P15628
P15630,2020,R_P15630,S_P15630
P15633,2019,R_P15633,S_P15633
P15641,2019,R_P15641,S_P15641
P15642,2020,R_P15642,S_P15642
P15645,2019,R_P15645,S_P15645
P15653,2019,R_P15653,S_P15653
P15654,2019,R_P15654,S_P15654
P15656,2019,R_P15656,S_P15656
P15658,2020,R_P15658,S_P15658
P15661,2019,R_P15660,S_P15661
P15663,2019,R_P15663,S_P15663
P15664,2023,R_P15664,S_P15664
P15667,2021,R_P15667,S_P15667
P15672,2019,R_P15672,S_P15672
P15675,2019,R_P15675,S_P15675
P15691,2019,R_P15691,S_P15691
P15693,2019,R_P15693,S_P15693
P15695,2019,R_P15695,S_P15695
P15697,2019,R_P15697,S_P15697
P15704,2025,R_P15704,S_P15704
P15707,2026,R_P15707,S_P15707
P15708,2026,R_P15708,S_P15708
P15709,2026,R_P15709,S_P15709
P15715,2019,R_P15715,S_P15715
P15722,2026,R_P15722,S_P15722
P15723,2026,R_P15723,S_P15723
P15724,2026,R_P15724,S_P15724
P15729,2025,R_P15729,S_P15729
P15730,2023,R_P15730,S_P15730
P15745,2025,R_P15745,S_P15745
P15752,2022,R_P15752,S_P15752
P15779,2022,R_P15779,S_P15779
P15781,2021,R_P15781,S_P15781
P15782,2022,R_P15782,S_P15782
P15783,2021,R_P15783,S_P15783
P15784,2021,R_P15784,S_P15784
P15786,2021,R_P15786,S_P15786
P15787,2022,R_P15787,S_P15787
P15788,2022,R_P15788,S_P15788
P15789,2025,R_P15789,S_P15789
P15790,2021,R_P15790,S_P15790
P15791,2021,R_P15790,S_P15791
P15792,2021,R_P15792,S_P15792
P15794,2022,R_P15794,S_P15794
P15795,2021,R_P15795,S_P15795
P15796,2021,R_P13193,S_P13193
P15798,2026,R_P15798,S_P15798
P15799,2022,R_P15799,S_P15799
P15802,2022,R_P15802,S_P15802
P15803,2022,R_P15803,S_P15803
P15804,2023,R_P15804,S_P15804
P15805,2022,R_P15805,S_P15805
P15806,2022,R_P15806,S_P15806
P15808,2022,R_P15808,S_P15808
P15809,2022,R_P15809,S_P15809
P15810,2023,R_P15810,S_P15810
P15811,2022,R_P15811,S_P15811
P15812,2022,R_P15811,S_P15812
P15817,2021,R_P15817,S_P15817
P15824,2026,R_P15824,S_P15824
P15830,2025,R_P15830,S_P15830
P15834,2023,R_P15834,S_P15834
P15835,2023,R_P15835,S_P15835
P15836,2024,R_P15836,S_P15836
P15837,2023,R_P15837,S_P15837
P15838,2023,R_P15837,S_P15838
P15839,2023,R_P15839,S_P15839
P15840,2023,R_P15840,S_P15840
P15848,2023,R_P15848,S_P15848
P15856,2026,R_P15856,S_P15856
P15857,2025,R_P15857,S_P15857
P15858,2026,R_P15858,S_P15858
P15859,2026,R_P15859,S_P15859
P15860,2025,R_P15860,S_P15860
P15876,2024,R_P15876,S_P15876
P15880,2024,R_P15880,S_P15880
P15881,2024,R_P15881,S_P15881
P15883,2024,R_P15883,S_P15883
P15884,2022,R_P15883,S_P15884
P15885,2023,R_P15885,S_P15885
P15886,2026,R_P15886,S_P15886
P15890,2026,R_P15890,S_P15890
P15891,2026,R_P15891,S_P15891
P15892,2019,R_P15892,S_P15892
P15893,2019,R_P15893,S_P15893
P15897,2026,R_P15897,S_P15897
P15898,2026,R_P15897,S_P15898
P15907,2026,R_P15907,S_P15907
P15909,2026,R_P15909,S_P15909
P15910,2026,R_P15910,S_P15910
P15914,2019,R_P15914,S_P15914
P15918,2021,R_P15918,S_P15918
P15924,2026,R_P15923,S_P15924
P15925,2026,R_P15925,S_P15925
P15926,2026,R_P15926,S_P15926
P15927,2026,R_P15927,S_P15927
P15937,2020,R_P15842,S_P15842
P15942,2025,R_P15942,S_P15942
P15943,2023,R_P15943,S_P15943
P15944,2023,R_P15944,S_P15944
P15945,2023,R_P15945,S_P15945
P15946,2025,R_P15946,S_P15946
P15948,2024,R_P15948,S_P15948
P15949,2024,R_P15949,S_P15949
P15950,2025,R_P15950,S_P15950
P15951,2024,R_P15951,S_P15951
P15952,2024,R_P15952,S_P15952
P15956,2024,R_P15956,S_P15956
P15964,2024,R_P15964,S_P15964
P15965,2025,R_P15965,S_P15965
P15966,2024,R_P15966,S_P15966
P15968,2024,R_P15968,S_P15968
P15969,2025,R_P15969,S_P15969
P15970,2026,R_P15970,S_P15970
P15971,2024,R_P15971,S_P15971
P15973,2025,R_P15973,S_P15973
P15974,2024,R_P15973,S_P15974
P15976,2024,R_P15976,S_P15976
P15978,2024,R_P15975,S_P15978
P15979,2023,R_P15979,S_P15979
P15981,2024,R_P15981,S_P15981
P16058,2024,R_P16058,S_P16058
P16059,2024,R_P16059,S_P16059
P16061,2024,R_P16061,S_P16061
P16069,2024,R_P16069,S_P16069
P16070,2026,R_P16070,S_P16070
P16071,2024,R_P16071,S_P16071
P16072,2024,R_P16069,S_P16072
P16073,2024,R_P16073,S_P16073
P16079,2025,R_P16079,S_P16079
P16085,2024,R_P16085,S_P16085
P16090,2026,R_P16090,S_P16090
P16097,2026,R_P16097,S_P16097
P16130,2021,R_P16130,S_P16130
P16148,2024,R_P16148,S_P16148
P16150,2024,R_P16150,S_P16150
P16152,2024,R_P16152,S_P16152
P16153,2024,R_P16153,S_P16153
P16155,2025,R_P16155,S_P16155
P16156,2025,R_P16156,S_P16156
P16157,2025,R_P16157,S_P16157
P16158,2026,R_P16158,S_P16158
P16160,2025,R_P16160,S_P16160
P16161,2026,R_P16161,S_P16161
P16162,2026,R_P16162,S_P16162
P16163,2026,R_P16162,S_P16162
P16164,2026,R_P16162,S_P16162
P16166,2023,R_P16166,S_P16166
P16169,2026,R_P11808,S_P11808
P16170,2026,R_P16170,S_P16170
P16171,2026,R_P16171,S_P16171
P16173,2026,R_P16173,S_P16173
P16175,2026,R_P16175,S_P16175
P16176,2026,R_P16176,S_P16176
P16177,2026,R_P16177,S_P16177
P16178,2026,R_P16178,S_P16178
P16179,2026,R_P16179,S_P16179
P16181,2026,R_P16181,S_P16181
P16182,2025,R_P16182,S_P16182
P16183,2026,R_P16183,S_P16183
P16185,2026,R_P16184,S_P16185
P16186,2026,R_P16186,S_P16186
P16187,2026,R_P16187,S_P16187
P16188,2026,R_P16187,S_P16187
P16190,2026,R_P16189,S_P16189
P16193,2026,R_P16193,S_P16193
P16204,2019,R_P16204,S_P16204
P16213,2025,R_P16213,S_P16213
P16219,2019,R_P16219,S_P16219
P16227,2019,R_P16227,S_P16227
P16228,2025,R_P16228,S_P16228
P16237,2023,R_P16237,S_P16237
P16238,2023,R_P16238,S_P16238
P16239,2024,R_P16239,S_P16239
P16240,2023,R_P16240,S_P16240
P16241,2023,R_P16241,S_P16241
P16242,2024,R_P16242,S_P16242
P16243,2021,R_P16243,S_P16243
P16245,2022,R_P16245,S_P16245
P16246,2023,R_P16246,S_P16246
P16248,2023,R_P16248,S_P16248
P16249,2022,R_P16249,S_P16249
P16250,2023,R_P16250,S_P16250
P16251,2022,R_P16251,S_P16251
P16252,2022,R_P16252,S_P16252
P16253,2022,R_P16253,S_P16253
P16255,2022,R_P16255,S_P16255
P16264,2023,R_P16264,S_P16264
P16265,2022,R_P16264,S_P16265
P16266,2021,R_P16266,S_P16266
P16270,2022,R_P16270,S_P16270
P16271,2021,R_P16271,S_P16271
P16273,2021,R_P16273,S_P16273
P16275,2022,R_P16275,S_P16275
P16276,2021,R_P16276,S_P16276
P16277,2022,R_P16277,S_P16277
P16278,2023,R_P16277,S_P16277
P16280,2022,R_P16280,S_P16280
P16281,2022,R_P16281,S_P16281
P16282,2022,R_P16282,S_P16282
P16283,2021,R_P16283,S_P16283
P16285,2022,R_P16285,S_P16285
P16286,2022,R_P16286,S_P16286
P16288,2022,R_P16288,S_P16288
P16289,2022,R_P16289,S_P16289
P16290,2022,R_P16290,S_P16290
P16293,2022,R_P16293,S_P16293
P16294,2022,R_P16294,S_P16294
P16295,2022,R_P16295,S_P16295
P16296,2021,R_P16296,S_P16296
P16299,2022,R_P16299,S_P16299
P16300,2023,R_P16300,S_P16300
P16302,2022,R_P16302,S_P16302
P16303,2022,R_P16302,S_P16303
P16305,2022,R_P16305,S_P16305
P16308,2022,R_P16308,S_P16308
P16311,2023,R_P16308,S_P16308
P16312,2022,R_P16312,S_P16312
P16313,2022,R_P16313,S_P16313
P16314,2026,R_P16314,S_P16314
P16315,2026,R_P16315,S_P16315
P16316,2023,R_P16316,S_P16316
P16327,2022,R_P16327,S_P16327
P16355,2025,R_P16355,S_P16355
P16357,2019,R_P16357,S_P16357
P16359,2019,R_P16359,S_P16359
P16363,2023,R_P16363,S_P16363
P16370,2024,R_P16370,S_P16370
P16371,2025,R_P16370,S_P16371
P16379,2024,R_P16379,S_P16379
P16381,2025,R_P16381,S_P16381
P16382,2025,R_P16382,S_P16382
P16383,2025,R_P16383,S_P16383
P16384,2025,R_P16384,S_P16384
P16387,2025,R_P16387,S_P16387
P16388,2025,R_P16388,S_P16388
P16389,2024,R_P16389,S_P16389
P16390,2025,R_P16390,S_P16390
P16391,2024,R_P16391,S_P16391
P16392,2026,R_P16392,S_P16392
P16396,2022,R_P16396,S_P16396
P16398,2023,R_P16398,S_P16398
P16399,2023,R_P16399,S_P16399
P16408,2024,R_P16408,S_P16408
P16409,2022,R_P16409,S_P16409
P16415,2026,R_P16415,S_P16415
P16422,2024,R_P16422,S_P16422
P16423,2022,R_P16422,S_P16423
P16424,2023,R_P16424,S_P16424
P16426,2023,R_P16426,S_P16426
P16429,2025,R_P16429,S_P16429
P16431,2022,R_P16431,S_P16431
P16433,2023,R_P16430,S_P16433
P16434,2024,R_P16434,S_P16434
P16436,2024,R_P16436,S_P16436
P16446,2025,R_P16446,S_P16446
P16467,2024,R_P16467,S_P16467
P16468,2024,R_P16468,S_P16468
P16469,2024,R_P16469,S_P16469
P16470,2025,R_P16470,S_P16470
P16471,2025,R_P16471,S_P16471
P16472,2024,R_P16471,S_P16472
P16473,2025,R_P16473,S_P16473
P16475,2025,R_P16475,S_P16475
P16476,2024,R_P16476,S_P16476
P16477,2024,R_P16476,S_P16477
P16478,2024,R_P16478,S_P16478
P16479,2025,R_P16479,S_P16479
P16480,2024,R_P16480,S_P16480
P16481,2025,R_P16481,S_P16481
P16483,2024,R_P16483,S_P16483
P16484,2024,R_P16484,S_P16484
P16485,2024,R_P16485,S_P16485
P16491,2026,R_P16491,S_P16491
P16493,2026,R_P16493,S_P16493
P16494,2026,R_P16494,S_P16494
P16495,2026,R_P16495,S_P16495
P16496,2026,R_P16496,S_P16496
P16498,2026,R_P16498,S_P16498
P16500,2026,R_P16500,S_P16500
P16501,2026,R_P16501,S_P16501
P16503,2026,R_P16503,S_P16503
P16504,2026,R_P16504,S_P16504
P16506,2026,R_P16506,S_P16506
P16507,2026,R_P16507,S_P16507
P16513,2025,R_P16513,S_P16513
P16514,2025,R_P16514,S_P16514
P16516,2026,R_P16516,S_P16516
P16517,2026,R_P16517,S_P16517
P16519,2026,R_P16519,S_P16519
P16520,2026,R_P16520,S_P16520
P16521,2026,R_P16521,S_P16521
P16522,2026,R_P16521,S_P16522
P16523,2024,R_P16523,S_P16523
P16524,2026,R_P16524,S_P16524
P16525,2026,R_P16524,S_P16525
P16526,2026,R_P16526,S_P16526
P16528,2026,R_P16528,S_P16528
P16529,2026,R_P16529,S_P16529
P16530,2026,R_P16530,S_P16530
P16534,2026,R_P09921,S_P09921
P16536,2020,R_P16536,S_P16536
P16537,2020,R_P16537,S_P16537
P16538,2020,R_P16538,S_P16538
P16540,2026,R_P16540,S_P16540
P16541,2023,R_P16541,S_P16541
P16542,2026,R_P16542,S_P16542
P16544,2026,R_P16544,S_P16544
P16545,2026,R_P16545,S_P16545
P16546,2026,R_P16546,S_P16546
P16548,2026,R_P16548,S_P16548
P16550,2026,R_P16550,S_P16550
P16552,2026,R_P16552,S_P16552
P16557,2023,R_P16557,S_P16557
P16558,2026,R_P16558,S_P16558
P16561,2025,R_P16561,S_P16561
P16565,2026,R_P16565,S_P16565
P16566,2026,R_P16566,S_P16566
P16568,2024,R_P16568,S_P16568
P16569,2026,R_P16569,S_P16569
P16570,2026,R_P16570,S_P16570
P16571,2026,R_P16571,S_P16571
P16573,2026,R_P16573,S_P16573
P16574,2026,R_P16572,S_P16574
P16597,2025,R_P16597,S_P16597
P16598,2025,R_P16598,S_P16598
P16606,2024,R_P16606,S_P16606
P16607,2024,R_P16607,S_P16607
P16608,2024,R_P16608,S_P16608
P16611,2026,R_P16611,S_P16611
P16615,2025,R_P16615,S_P16615
P16617,2022,R_P16617,S_P16617
P16628,2025,R_P16628,S_P16628
P16629,2022,R_P16629,S_P16629
P16630,2022,R_P16630,S_P16630
P16631,2022,R_P16631,S_P16631
P16643,2026,R_P16643,S_P16643
P16659,2024,R_P16659,S_P16659
P16660,2026,R_P16660,S_P16660
P16661,2026,R_P16661,S_P16661
P16662,2020,R_P16661,S_P16662
P16667,2024,R_P16667,S_P16667
P16670,2024,R_P16670,S_P16670
P16675,2025,R_P16675,S_P16675
P16676,2024,R_P16676,S_P16676
P16677,2024,R_P16677,S_P16677
P16681,2021,R_P16681,S_P16681
P16682,2022,R_P16682,S_P16682
P16683,2022,R_P16682,S_P16682
P16684,2022,R_P16684,S_P16684
P16685,2022,R_P16685,S_P16685
P16687,2026,R_P16687,S_P16687
P16689,2024,R_P16689,S_P16689
P16692,2023,R_P16692,S_P16692
P16693,2022,R_P16693,S_P16693
P16694,2022,R_P16694,S_P16694
P16696,2022,R_P16696,S_P16696
P16698,2022,R_P16698,S_P16698
P16700,2022,R_P16700,S_P16700
P16701,2021,R_P16701,S_P16701
P16702,2022,R_P16702,S_P16702
P16703,2022,R_P16703,S_P16703
P16705,2022,R_P16705,S_P16705
P16712,2019,R_P16711,S_P16712
P16713,2020,R_P16713,S_P16713
P16718,2019,R_P16718,S_P16718
P16724,2020,R_P16724,S_P16724
P16734,2026,R_P16734,S_P16734
P16735,2026,R_P16735,S_P16735
P16736,2026,R_P16736,S_P16736
P16744,2026,R_P16744,S_P16744
P16750,2026,R_P16750,S_P16750
P16751,2026,R_P16751,S_P16751
P16752,2026,R_P16752,S_P16752
P16753,2026,R_P16753,S_P16753
P16756,2026,R_P16756,S_P16756
P16757,2026,R_P16757,S_P16757
P16758,2026,R_P16758,S_P16758
P16762,2026,R_P16762,S_P16762
P16763,2026,R_P16763,S_P16763
P16785,2019,R_P16785,S_P16785
P16787,2026,R_P16787,S_P16787
P16788,2026,R_P16788,S_P16788
P16789,2026,R_P16789,S_P16789
P16797,2021,R_P16797,S_P16797
P16822,2024,R_P16822,S_P16822
P16823,2023,R_P16823,S_P16823
P16824,2023,R_P16824,S_P16824
P16825,2024,R_P16825,S_P16825
P16826,2023,R_P16825,S_P16826
P16827,2024,R_P16827,S_P16827
P16832,2026,R_P16832,S_P16832
P16834,2026,R_P16834,S_P16834
P16840,2023,R_P16840,S_P16840
P16867,2026,R_P16867,S_P16867
P16874,2022,R_P16874,S_P16874
P16884,2025,R_P16884,S_P16884
P16892,2025,R_P16892,S_P16892
P16893,2026,R_P16893,S_P16893
P16895,2023,R_P16895,S_P16895
P16897,2024,R_P10059,S_P10059
P16899,2022,R_P16899,S_P16899
P16912,2019,R_P16912,S_P16912
P16922,2022,R_P16922,S_P16922
P16924,2023,R_P16924,S_P16924
P16925,2019,R_P16925,S_P16925
P16927,2019,R_P16927,S_P16927
P16928,2019,R_P16928,S_P16928
P16984,2021,R_P16984,S_P16984
P16985,2021,R_P16985,S_P16985
P17003,2025,R_P17003,S_P17003
P17005,2022,R_P17005,S_P17005
P17008,2025,R_P17008,S_P17008
P17012,2024,R_P17012,S_P17012
P17031,2022,R_P17031,S_P17031
P17032,2022,R_P17032,S_P17032
P17034,2022,R_P17034,S_P17034
P17035,2022,R_P17035,S_P17035
P17042,2024,R_P17042,S_P17042
P17055,2023,R_P17055,S_P17055
P17058,2022,R_P17058,S_P17058
P17059,2022,R_P17059,S_P17059
P17060,2023,R_P17060,S_P17060
P17067,2021,R_P17067,S_P17067
P17069,2020,R_P17067,S_P17069
P17079,2022,R_P17079,S_P17079
P17091,2020,R_P17091,S_P17091
P17123,2023,R_P17123,S_P17123
P17124,2024,R_P17124,S_P17124
P17133,2026,R_P17132,S_P17133
P17136,2026,R_P17136,S_P17136
P17137,2026,R_P17137,S_P17137
P17147,2026,R_P17147,S_P17147
P17148,2026,R_P17148,S_P17148
P17149,2026,R_P17149,S_P17149
P17150,2026,R_P17150,S_P17150
P17151,2025,R_P17151,S_P17151
P17152,2025,R_P17149,S_P17152
P17154,2026,R_P17154,S_P17154
P17168,2023,R_P17168,S_P17168
P17169,2023,R_P17169,S_P17169
P17172,2023,R_P17172,S_P17172
P17180,2025,R_P17180,S_P17180
P17183,2023,R_P17183,S_P17183
P17185,2024,R_P17185,S_P17185
P17186,2020,R_P17186,S_P17186
P17187,2020,R_P17187,S_P17187
P17188,2020,R_P17188,S_P17188
P17219,2024,R_P17219,S_P17219
P17220,2025,R_P17220,S_P17220
P17221,2024,R_P17220,S_P17221
P17222,2024,R_P17222,S_P17222
P17224,2025,R_P17220,S_P17224
P17225,2024,R_P17225,S_P17225
P17226,2025,R_P17225,S_P17226
P17235,2024,R_P17232,S_P17235
P17238,2023,R_P17238,S_P17238
P17241,2022,R_P17241,S_P17241
P17246,2026,R_P17246,S_P17246
P17248,2026,R_P17248,S_P17248
P17249,2026,R_P12561,S_P12561
P17255,2026,R_P17255,S_P17255
P17256,2026,R_P17256,S_P17256
P17257,2026,R_P17257,S_P17257
P17258,2026,R_P17258,S_P17258
P17261,2026,R_P17261,S_P17261
P17262,2026,R_P17262,S_P17262
P17264,2026,R_P17264,S_P17264
P17265,2026,R_P17265,S_P17265
P17266,2025,R_P17266,S_P17266
P17278,2026,R_P17278,S_P17278
P17287,2026,R_P17287,S_P17287
P17306,2026,R_P17306,S_P17306
P17308,2026,R_P17308,S_P17308
P17309,2026,R_P17309,S_P17309
P17313,2026,R_P17313,S_P17313
P17314,2026,R_P17314,S_P17314
P17315,2026,R_P17315,S_P17315
P17317,2026,R_P17317,S_P17317
P17318,2025,R_P17318,S_P17318
P17319,2026,R_P17319,S_P17319
P17322,2022,R_P17319,S_P17319
P17323,2026,R_P17323,S_P17323
P17324,2026,R_P17323,S_P17324
P17325,2026,R_P17323,S_P17325
P17342,2020,R_P17342,S_P17342
P17343,2019,R_P17343,S_P17343
P17344,2019,R_P17344,S_P17344
P17345,2019,R_P17345,S_P17345
P17415,2026,R_P17415,S_P17415
P17422,2026,R_P17421,S_P17422
P17424,2026,R_P17423,S_P17424
P17437,2019,R_P17437,S_P17437
P17441,2025,R_P17441,S_P17441
P17442,2026,R_P17442,S_P17442
P17443,2025,R_P17443,S_P17443
P17444,2026,R_P15194,S_P17444
P17447,2026,R_P17447,S_P17447
P17448,2026,R_P17448,S_P17448
P17450,2025,R_P17450,S_P17450
P17479,2026,R_P17478,S_P17478
P17482,2026,R_P17482,S_P17482
P17483,2026,R_P17483,S_P17483
P17486,2026,R_P17486,S_P17486
P17490,2024,R_P17490,S_P17490
P17492,2021,R_P17492,S_P17492
P17494,2024,R_P17494,S_P17494
P17497,2025,R_P17496,S_P17497
P17498,2023,R_P17496,S_P17496
P17501,2026,R_P17501,S_P17501
P17502,2026,R_P17502,S_P17502
P17503,2026,R_P17503,S_P17503
P17504,2026,R_P17504,S_P17504
P17506,2025,R_P17506,S_P17506
P17508,2026,R_P17508,S_P17508
P17515,2025,R_P17515,S_P17515
P17518,2026,R_P17518,S_P17518
P17521,2026,R_P17521,S_P17521
P17523,2026,R_P17523,S_P17523
P17527,2026,R_P17527,S_P17527
P17528,2025,R_P17528,S_P17528
P17529,2025,R_P17529,S_P17529
P17530,2026,R_P17529,S_P17529
P17539,2026,R_P17539,S_P17539
P17540,2026,R_P17540,S_P17540
P17542,2026,R_P17542,S_P17542
P17544,2022,R_P17544,S_P17544
P17545,2022,R_P17545,S_P17545
P17546,2022,R_P17546,S_P17546
P17548,2022,R_P17547,S_P17548
P17549,2021,R_P17549,S_P17549
P17551,2022,R_P17551,S_P17551
P17552,2023,R_P17552,S_P17552
P17553,2022,R_P17553,S_P17553
P17557,2022,R_P17557,S_P17557
P17558,2022,R_P17558,S_P17558
P17559,2022,R_P17559,S_P17559
P17560,2022,R_P17560,S_P17560
P17562,2026,R_P17558,S_P17558
P17566,2022,R_P17566,S_P17566
P17567,2022,R_P17567,S_P17567
P17568,2022,R_P17568,S_P17568
P17572,2021,R_P17572,S_P17572
P17573,2021,R_P17573,S_P17573
P17574,2022,R_P17574,S_P17574
P17575,2022,R_P17575,S_P17575
P17576,2022,R_P17576,S_P17576
P17577,2022,R_P17577,S_P17577
P17580,2021,R_P17576,S_P17580
P17597,2022,R_P17596,S_P17597
P17598,2021,R_P17598,S_P17598
P17600,2023,R_P17599,S_P17600
P17601,2022,R_P17601,S_P17601
P17602,2022,R_P17602,S_P17602
P17608,2022,R_P17608,S_P17608
P17610,2021,R_P17609,S_P17609
P17611,2022,R_P17611,S_P17611
P17612,2021,R_P17612,S_P17612
P17613,2022,R_P17613,S_P17613
P17614,2021,R_P17614,S_P17614
P17615,2022,R_P17615,S_P17615
P17616,2021,R_P17616,S_P17616
P17617,2022,R_P17617,S_P17617
P17628,2022,R_P17628,S_P17628
P17646,2024,R_P17646,S_P17646
P17649,2022,R_P17649,S_P17649
P17660,2026,R_P11966,S_P11966
P17668,2021,R_P17668,S_P17668
P17670,2022,R_P17670,S_P17670
P17672,2022,R_P17672,S_P17672
P17673,2022,R_P17673,S_P17673
P17674,2022,R_P17674,S_P17674
P17675,2023,R_P17675,S_P17675
P17676,2021,R_P17676,S_P17676
P17677,2022,R_P17677,S_P17677
P17678,2023,R_P17678,S_P17678
P17681,2022,R_P17681,S_P17681
P17682,2022,R_P17682,S_P17682
P17686,2024,R_P17686,S_P17686
P17688,2024,R_P17688,S_P17688
P17690,2024,R_P17690,S_P17690
P17691,2024,R_P17690,S_P17691
P17692,2024,R_P17692,S_P17692
P17693,2023,R_P17692,S_P17693
P17694,2023,R_P17694,S_P17694
P17695,2024,R_P17695,S_P17695
P17697,2024,R_P17697,S_P17697
P17698,2024,R_P17698,S_P17698
P17716,2022,R_P17716,S_P17716
P17718,2022,R_P17718,S_P17718
P17719,2022,R_P17719,S_P17719
P17721,2021,R_P17721,S_P17721
P17724,2022,R_P17723,S_P17723
P17725,2022,R_P17725,S_P17725
P17726,2022,R_P17726,S_P17726
P17727,2022,R_P17727,S_P17727
P17728,2022,R_P17728,S_P17728
P17729,2023,R_P17729,S_P17729
P17730,2021,R_P17730,S_P17730
P17731,2022,R_P17731,S_P17731
P17732,2022,R_P17732,S_P17732
P17733,2022,R_P17733,S_P17733
P17734,2022,R_P17734,S_P17734
P17735,2022,R_P17735,S_P17735
P17737,2022,R_P17737,S_P17737
P17738,2021,R_P17738,S_P17738
P17740,2022,R_P17740,S_P17740
P17741,2022,R_P17741,S_P17741
P17742,2022,R_P17742,S_P17742
P17743,2021,R_P17743,S_P17743
P17745,2022,R_P17745,S_P17745
P17746,2022,R_P17746,S_P17746
P17748,2021,R_P17748,S_P17748
P17749,2023,R_P17748,S_P17749
P17750,2022,R_P17750,S_P17750
P17751,2022,R_P17751,S_P17751
P17752,2021,R_P17752,S_P17752
P17753,2023,R_P17753,S_P17753
P17754,2022,R_P17754,S_P17754
P17755,2022,R_P17755,S_P17755
P17756,2021,R_P17754,S_P17756
P17761,2023,R_P17761,S_P17761
P17767,2021,R_P17767,S_P17767
P17768,2022,R_P17768,S_P17768
P17771,2024,R_P17771,S_P17771
P17772,2024,R_P17772,S_P17772
P17773,2024,R_P17773,S_P17773
P17802,2022,R_P17802,S_P17802
P17803,2022,R_P17803,S_P17803
P17806,2022,R_P17806,S_P17806
P17807,2022,R_P17803,S_P17803
P17808,2022,R_P17808,S_P17808
P17809,2022,R_P17809,S_P17809
P17810,2022,R_P17810,S_P17810
P17811,2021,R_P17811,S_P17811
P17812,2023,R_P17812,S_P17812
P17813,2022,R_P17813,S_P17813
P17814,2022,R_P15459,S_P17814
P17815,2022,R_P17815,S_P17815
P17816,2022,R_P17815,S_P17816
P17818,2022,R_P17818,S_P17818
P17819,2022,R_P17819,S_P17819
P17820,2021,R_P17820,S_P17820
P17821,2021,R_P17821,S_P17821
P17822,2022,R_P17822,S_P17822
P17823,2021,R_P17823,S_P17823
P17824,2022,R_P17824,S_P17824
P17825,2021,R_P17825,S_P17825
P17826,2022,R_P17825,S_P17826
P17829,2026,R_P17829,S_P17829
P17830,2021,R_P17830,S_P17830
P17855,2026,R_P17855,S_P17855
P17856,2026,R_P17856,S_P17856
P17857,2026,R_P17856,S_P17856
P17874,2023,R_P17874,S_P17874
P17876,2024,R_P17876,S_P17876
P17877,2024,R_P17877,S_P17877
P17879,2024,R_P17879,S_P17879
P17880,2023,R_P17880,S_P17880
P17882,2024,R_P17882,S_P17882
P17884,2024,R_P17884,S_P17884
P17886,2024,R_P17885,S_P17886
P17888,2024,R_P17888,S_P17888
P17889,2023,R_P17889,S_P17889
P17890,2024,R_P17890,S_P17890
P17892,2024,R_P17892,S_P17892
P17901,2024,R_P17900,S_P17901
P17904,2025,R_P17904,S_P17904
P17910,2024,R_P17910,S_P17910
P17927,2026,R_P17927,S_P17927
P17931,2023,R_P17931,S_P17931
P17932,2023,R_P17932,S_P17932
P17933,2025,R_P17933,S_P17933
P17934,2026,R_P17934,S_P17934
P17935,2023,R_P17935,S_P17935
P17936,2023,R_P17936,S_P17936
P17938,2023,R_P17938,S_P17938
P17939,2023,R_P17939,S_P17939
P17940,2023,R_P17940,S_P17940
P17941,2023,R_P17941,S_P17941
P17942,2023,R_P17942,S_P17942
P17943,2023,R_P17943,S_P17943
P17944,2023,R_P17944,S_P17944
P17945,2023,R_P17945,S_P17945
P17946,2023,R_P17945,S_P17945
P17948,2023,R_P17948,S_P17948
P17950,2023,R_P17950,S_P17950
P17952,2023,R_P17952,S_P17952
P17953,2023,R_P17952,S_P17953
P17954,2023,R_P17954,S_P17954
P17961,2022,R_P17961,S_P17961
P17962,2022,R_P17962,S_P17962
P17964,2026,R_P17964,S_P17964
P17965,2021,R_P17965,S_P17965
P17966,2021,R_P17966,S_P17966
P17967,2022,R_P17967,S_P17967
P17969,2022,R_P17969,S_P17969
P17970,2021,R_P17970,S_P17970
P17972,2022,R_P17972,S_P17972
P17974,2026,R_P17974,S_P17974
P17993,2026,R_P17993,S_P17993
P18016,2022,R_P18016,S_P18016
P18017,2021,R_P18017,S_P18017
P18019,2022,R_P18019,S_P18019
P18020,2021,R_P18020,S_P18020
P18022,2022,R_P18022,S_P18022
P18024,2021,R_P18024,S_P18024
P18025,2021,R_P18025,S_P18025
P18026,2021,R_P18026,S_P18026
P18027,2021,R_P18027,S_P18027
P18028,2022,R_P18028,S_P18028
P18029,2022,R_P18029,S_P18029
P18030,2021,R_P18030,S_P18030
P18031,2021,R_P18031,S_P18031
P18032,2021,R_P18032,S_P18032
P18034,2021,R_P18034,S_P18034
P18035,2022,R_P18035,S_P18035
P18036,2022,R_P18036,S_P18036
P18037,2022,R_P18037,S_P18037
P18043,2021,R_P18043,S_P18043
P18045,2021,R_P18045,S_P18045
P18047,2022,R_P18047,S_P18047
P18048,2022,R_P18048,S_P18048
P18049,2026,R_P18049,S_P18049
P18051,2026,R_P18051,S_P18051
P18053,2026,R_P18053,S_P18053
P18054,2026,R_P18054,S_P18054
P18057,2023,R_P18057,S_P18057
P18061,2026,R_P18061,S_P18061
P18063,2026,R_P18063,S_P18063
P18065,2026,R_P18065,S_P18065
P18071,2022,R_P18071,S_P18071
P18079,2022,R_P18079,S_P18079
P18080,2021,R_P18080,S_P18080
P18081,2021,R_P18081,S_P18081
P18082,2021,R_P18082,S_P18082
P18084,2021,R_P18084,S_P18084
P18085,2021,R_P18085,S_P18085
P18087,2021,R_P18087,S_P18087
P18088,2021,R_P18087,S_P18087
P18090,2024,R_P18090,S_P18090
P18095,2022,R_P18094,S_P18095
P18096,2021,R_P18094,S_P18094
P18119,2021,R_P18119,S_P18119
P18123,2026,R_P18120,S_P18123
P18127,2026,R_P18127,S_P18127
P18128,2026,R_P18127,S_P18128
P18133,2022,R_P18132,S_P18133
P18143,2021,R_P18143,S_P18143
P18156,2026,R_P18156,S_P18156
P18157,2026,R_P18157,S_P18157
P18159,2026,R_P18159,S_P18159
P18161,2026,R_P18161,S_P18161
P18178,2021,R_P18178,S_P18178
P18187,2025,R_P18187,S_P18187
P18191,2026,R_P17533,S_P18191
P18192,2021,R_P18192,S_P18192
P18193,2021,R_P18192,S_P18193
P18194,2026,R_P18194,S_P18194
P18195,2026,R_P18195,S_P18195
P18208,2024,R_P18208,S_P18208
P18210,2022,R_P18210,S_P18210
P18211,2026,R_P18211,S_P18211
P18217,2026,R_P18217,S_P18217
P18219,2019,R_P18219,S_P18219
P18220,2019,R_P18220,S_P18220
P18221,2019,R_P18221,S_P18221
P18225,2026,R_P18225,S_P18225
P18227,2026,R_P18227,S_P18227
P18231,2026,R_P17451,S_P17451
P18250,2020,R_P18250,S_P18250
P18253,2026,R_P18253,S_P18253
P18258,2026,R_P18258,S_P18258
P18259,2026,R_P18259,S_P18259
P18261,2026,R_P18261,S_P18261
P18262,2026,R_P18262,S_P18262
P18265,2025,R_P18265,S_P18265
P18279,2026,R_P18279,S_P18279
P18280,2024,R_P18280,S_P18280
P18281,2026,R_P18281,S_P18281
P18296,2026,R_P18296,S_P18296
P18300,2026,R_P18300,S_P18300
P18305,2023,R_P18305,S_P18305
P18310,2022,R_P18310,S_P18310
P18313,2024,R_P18313,S_P18313
P18314,2025,R_P18314,S_P18314
P18318,2024,R_P18318,S_P18318
P18320,2024,R_P18320,S_P18320
P18321,2024,R_P18321,S_P18321
P18322,2025,R_P18322,S_P18322
P18323,2024,R_P18322,S_P18322
P18325,2025,R_P18325,S_P18325
P18327,2024,R_P18327,S_P18327
P18329,2024,R_P18329,S_P18329
P18330,2024,R_P18330,S_P18330
P18334,2025,R_P14458,S_P14458
P18335,2024,R_P18335,S_P18335
P18351,2023,R_P18351,S_P18351
P18352,2020,R_P18352,S_P18352
P18354,2025,R_P18354,S_P18354
P18370,2021,R_P18370,S_P18370
P18371,2022,R_P18371,S_P18371
P18372,2022,R_P18371,S_P18372
P18374,2022,R_P18374,S_P18374
P18376,2023,R_P18376,S_P18376
P18377,2023,R_P18377,S_P18377
P18378,2023,R_P18378,S_P18378
P18410,2021,R_P18410,S_P18410
P18411,2021,R_P18411,S_P18411
P18413,2022,R_P18412,S_P18413
P18414,2023,R_P18414,S_P18414
P18415,2023,R_P18415,S_P18415
P18419,2024,R_P18419,S_P18419
P18420,2024,R_P18420,S_P18420
P18421,2025,R_P18421,S_P18421
P18422,2024,R_P18422,S_P18422
P18424,2024,R_P18424,S_P18424
P18425,2024,R_P18424,S_P18425
P18434,2026,R_P18434,S_P18434
P18435,2025,R_P18435,S_P18435
P18448,2024,R_P18448,S_P18448
P18449,2024,R_P18448,S_P18449
P18450,2024,R_P15485,S_P18450
P18454,2023,R_P18454,S_P18454
P18455,2023,R_P18455,S_P18455
P18456,2023,R_P18456,S_P18456
P18457,2023,R_P18456,S_P18457
P18460,2026,R_P18460,S_P18460
P18505,2025,R_P18505,S_P18505
P18515,2021,R_P18515,S_P18515
P18516,2022,R_P18515,S_P18515
P18517,2021,R_P18517,S_P18517
P18518,2021,R_P18518,S_P18518
P18519,2026,R_P18519,S_P18519
P18522,2026,R_P18521,S_P18522
P18534,2020,R_P18534,S_P18534
P18557,2026,R_P18557,S_P18557
P18558,2026,R_P18558,S_P18558
P18568,2019,R_P18567,S_P18568
P18570,2019,R_P18570,S_P18570
P18571,2019,R_P18571,S_P18571
P18572,2024,R_P18572,S_P18572
P18573,2024,R_P18573,S_P18573
P18575,2024,R_P18575,S_P18575
P18583,2024,R_P18583,S_P18583
P18588,2025,R_P18588,S_P18588
P18593,2025,R_P18593,S_P18593
P18595,2023,R_P18592,S_P18592
P18618,2025,R_P18618,S_P18618
P18619,2022,R_P18619,S_P18619
P18620,2022,R_P18620,S_P18620
P18621,2022,R_P18621,S_P18621
P18622,2022,R_P18622,S_P18622
P18624,2022,R_P18624,S_P18624
P18628,2022,R_P13270,S_P13270
P18650,2026,R_P18650,S_P18650
P18651,2026,R_P18651,S_P18651
P18653,2024,R_P18653,S_P18653
P18654,2026,R_P18654,S_P18654
P18655,2026,R_P18655,S_P18655
P18656,2026,R_P18655,S_P18655
P18657,2023,R_P18657,S_P18657
P18658,2023,R_P18658,S_P18658
P18659,2023,R_P18659,S_P18659
P18662,2023,R_P18662,S_P18662
P18671,2022,R_P18670,S_P18671
P18672,2022,R_P18672,S_P18672
P18673,2022,R_P18673,S_P18673
P18675,2022,R_P18673,S_P18673
P18677,2022,R_P18676,S_P18676
P18690,2022,R_P18690,S_P18690
P18691,2023,R_P18691,S_P18691
P18693,2021,R_P18693,S_P18693
P18695,2022,R_P18695,S_P18695
P18699,2024,R_P18699,S_P18699
P18708,2021,R_P18708,S_P18708
P18709,2022,R_P18709,S_P18709
P18710,2021,R_P18710,S_P18710
P18711,2023,R_P18711,S_P18711
P18712,2021,R_P18712,S_P18712
P18731,2026,R_P18731,S_P18731
P18735,2026,R_P18735,S_P18735
P18739,2026,R_P18739,S_P18739
P18749,2026,R_P18749,S_P18749
P18752,2026,R_P18752,S_P18752
P18755,2026,R_P18755,S_P18755
P18766,2025,R_P18766,S_P18766
P18767,2024,R_P18767,S_P18767
P18769,2026,R_P18769,S_P18769
P18771,2026,R_P18771,S_P18771
P18778,2022,R_P18778,S_P18778
P18779,2023,R_P18779,S_P18779
P18780,2022,R_P18780,S_P18780
P18793,2022,R_P18792,S_P18793
P18796,2026,R_P18796,S_P18796
P18798,2023,R_P18798,S_P18798
P18807,2023,R_P18807,S_P18807
P18808,2024,R_P18808,S_P18808
P18809,2024,R_P18809,S_P18809
P18811,2021,R_P18811,S_P18811
P18814,2021,R_P18814,S_P18814
P18815,2021,R_P18812,S_P18815
P18816,2023,R_P18816,S_P18816
P18817,2024,R_P18817,S_P18817
P18818,2023,R_P18818,S_P18818
P18821,2022,R_P18821,S_P18821
P18822,2023,R_P18821,S_P18822
P18823,2022,R_P18823,S_P18823
P18824,2022,R_P18824,S_P18824
P18825,2022,R_P18823,S_P18823
P18832,2021,R_P18832,S_P18832
P18834,2021,R_P18834,S_P18834
P18840,2022,R_P18840,S_P18840
P18841,2022,R_P18840,S_P18840
P18842,2023,R_P18842,S_P18842
P18843,2023,R_P18842,S_P18842
P18845,2022,R_P18845,S_P18845
P18847,2025,R_P18847,S_P18847
P18848,2022,R_P18848,S_P18848
P18849,2022,R_P18849,S_P18849
P18853,2021,R_P18853,S_P18853
P18854,2021,R_P18854,S_P18854
P18855,2022,R_P18855,S_P18855
P18868,2023,R_P18868,S_P18868
P18869,2024,R_P18868,S_P18868
P18871,2025,R_P18871,S_P18871
P18880,2022,R_P18880,S_P18880
P18881,2022,R_P18880,S_P18881
P18882,2022,R_P18882,S_P18882
P18892,2022,R_P18892,S_P18892
P18896,2023,R_P18896,S_P18896
P18898,2021,R_P18898,S_P18898
P18899,2022,R_P18899,S_P18899
P18900,2021,R_P18900,S_P18900
P18913,2022,R_P18913,S_P18913
P18914,2021,R_P18914,S_P18914
P18915,2022,R_P18915,S_P18915
P18916,2021,R_P18916,S_P18916
P18917,2022,R_P18917,S_P18917
P18918,2021,R_P18918,S_P18918
P18919,2022,R_P18919,S_P18919
P18920,2021,R_P18919,S_P18920
P18922,2022,R_P18922,S_P18922
P18923,2022,R_P18923,S_P18923
P18924,2022,R_P18924,S_P18924
P18927,2022,R_P18927,S_P18927
P18929,2023,R_P18929,S_P18929
P18930,2022,R_P18930,S_P18930
P18931,2022,R_P18931,S_P18931
P18932,2022,R_P18932,S_P18932
P18933,2022,R_P18933,S_P18933
P18934,2023,R_P18933,S_P18934
P18939,2023,R_P18939,S_P18939
P18941,2022,R_P18916,S_P18916
P18943,2021,R_P18943,S_P18943
P18944,2023,R_P18944,S_P18944
P18945,2023,R_P18945,S_P18945
P18946,2023,R_P18946,S_P18946
P18949,2024,R_P18949,S_P18949
P18950,2023,R_P18950,S_P18950
P18967,2022,R_P18967,S_P18967
P18968,2022,R_P18967,S_P18968
P18976,2022,R_P18976,S_P18976
P18986,2023,R_P18986,S_P18986
P18988,2023,R_P18988,S_P18988
P18989,2022,R_P18988,S_P18988
P18990,2023,R_P18990,S_P18990
P18991,2023,R_P18991,S_P18991
P18992,2023,R_P18991,S_P18992
P18993,2023,R_P13537,S_P13539
P18994,2024,R_P13524,S_P13524
P18998,2022,R_P18998,S_P18998
P18999,2022,R_P18998,S_P18998
P19016,2024,R_P19016,S_P19016
P19019,2024,R_P19019,S_P19019
P19020,2024,R_P19020,S_P19020
P19023,2021,R_P19023,S_P19023
P19024,2023,R_P19024,S_P19024
P19025,2022,R_P19024,S_P19024
P19026,2023,R_P19026,S_P19026
P19035,2026,R_P19035,S_P19035
P19037,2026,R_P19037,S_P19037
P19038,2026,R_P19038,S_P19038
P19041,2026,R_P19041,S_P19041
P19050,2020,R_P19050,S_P19050
P19052,2026,R_P19052,S_P19052
P19053,2022,R_P19053,S_P19053
P19054,2022,R_P19054,S_P19054
P19055,2022,R_P19054,S_P19055
P19065,2024,R_P19065,S_P19065
P19066,2022,R_P19066,S_P19066
P19068,2022,R_P19065,S_P19068
P19069,2021,R_P19066,S_P19069
P19070,2021,R_P19070,S_P19070
P19071,2021,R_P19071,S_P19071
P19072,2021,R_P19072,S_P19072
P19073,2022,R_P19073,S_P19073
P19074,2021,R_P19074,S_P19074
P19075,2021,R_P19075,S_P19075
P19078,2022,R_P19078,S_P19078
P19079,2022,R_P19079,S_P19079
P19080,2021,R_P19078,S_P19078
P19081,2021,R_P19081,S_P19081
P19082,2021,R_P19082,S_P19082
P19083,2021,R_P19083,S_P19083
P19087,2022,R_P19087,S_P19087
P19095,2022,R_P19095,S_P19095
P19102,2023,R_P19102,S_P19102
P19103,2023,R_P19103,S_P19103
P19104,2023,R_P19104,S_P19104
P19106,2023,R_P19105,S_P19106
P19124,2026,R_P19124,S_P19124
P19125,2022,R_P19124,S_P19125
P19129,2023,R_P19129,S_P19129
P19133,2023,R_P19133,S_P19133
P19146,2025,R_P19146,S_P19146
P19147,2025,R_P19147,S_P19147
P19153,2022,R_P11198,S_P11198
P19156,2021,R_P19155,S_P19155
P19157,2024,R_P19157,S_P19157
P19160,2022,R_P19160,S_P19160
P19163,2021,R_P19163,S_P19163
P19165,2023,R_P19165,S_P19165
P19167,2023,R_P19167,S_P19167
P19169,2021,R_P19169,S_P19169
P19170,2019,R_P19170,S_P19170
P19176,2024,R_P19176,S_P19176
P19177,2023,R_P19177,S_P19177
P19178,2023,R_P19178,S_P19178
P19179,2024,R_P19179,S_P19179
P19180,2023,R_P19176,S_P19180
P19181,2023,R_P19181,S_P19181
P19182,2024,R_P19182,S_P19182
P19183,2023,R_P19183,S_P19183
P19184,2023,R_P19184,S_P19184
P19185,2024,R_P19185,S_P19185
P19188,2024,R_P19188,S_P19188
P19189,2023,R_P19189,S_P19189
P19190,2024,R_P19190,S_P19190
P19191,2023,R_P19191,S_P19191
P19192,2023,R_P19192,S_P19192
P19198,2024,R_P19198,S_P19198
P19220,2024,R_P19220,S_P19220
P19233,2024,R_P19232,S_P19233
P19236,2024,R_P19236,S_P19236
P19241,2020,R_P19241,S_P19241
P19250,2026,R_P19250,S_P19250
P19252,2026,R_P19252,S_P19252
P19253,2026,R_P19253,S_P19253
P19263,2025,R_P19263,S_P19263
P19265,2026,R_P19265,S_P19265
P19282,2026,R_P19282,S_P19282
P19285,2025,R_P19285,S_P19285
P19294,2024,R_P19287,S_P19287
P19299,2022,R_P19299,S_P19299
P19300,2023,R_P19300,S_P19300
P19301,2022,R_P19301,S_P19301
P19303,2020,R_P19303,S_P19303
P19304,2022,R_P19304,S_P19304
P19305,2022,R_P19302,S_P19302
P19306,2023,R_P19306,S_P19306
P19309,2023,R_P19309,S_P19309
P19310,2022,R_P19310,S_P19310
P19311,2022,R_P19311,S_P19311
P19312,2024,R_P19312,S_P19312
P19313,2022,R_P19313,S_P19313
P19314,2022,R_P19314,S_P19314
P19316,2023,R_P19316,S_P19316
P19318,2022,R_P19318,S_P19318
P19319,2022,R_P19319,S_P19319
P19320,2022,R_P19320,S_P19320
P19321,2023,R_P19321,S_P19321
P19322,2023,R_P19322,S_P19322
P19323,2023,R_P19323,S_P19323
P19324,2022,R_P19324,S_P19324
P19325,2023,R_P19325,S_P19325
P19327,2022,R_P19327,S_P19327
P19328,2022,R_P19328,S_P19328
P19331,2022,R_P19331,S_P19331
P19333,2023,R_P19333,S_P19333
P19334,2022,R_P19334,S_P19334
P19337,2022,R_P19337,S_P19337
P19338,2023,R_P19338,S_P19338
P19339,2022,R_P19339,S_P19339
P19340,2023,R_P19340,S_P19340
P19341,2023,R_P19341,S_P19341
P19342,2022,R_P19342,S_P19342
P19343,2022,R_P19343,S_P19343
P19344,2022,R_P19344,S_P19344
P19346,2022,R_P19346,S_P19346
P19347,2022,R_P19347,S_P19347
P19348,2022,R_P19348,S_P19348
P19349,2023,R_P19349,S_P19349
P19350,2023,R_P19350,S_P19350
P19351,2022,R_P19351,S_P19351
P19352,2023,R_P19352,S_P19352
P19353,2023,R_P19353,S_P19353
P19354,2022,R_P19354,S_P19354
P19355,2023,R_P19355,S_P19355
P19356,2022,R_P19356,S_P19356
P19357,2022,R_P19357,S_P19357
P19359,2022,R_P19359,S_P19359
P19360,2022,R_P19360,S_P19360
P19361,2023,R_P19361,S_P19361
P19362,2022,R_P19362,S_P19362
P19364,2023,R_P19363,S_P19364
P19365,2022,R_P19365,S_P19365
P19366,2022,R_P19366,S_P19366
P19367,2022,R_P19366,S_P19366
P19369,2022,R_P19369,S_P19369
P19370,2022,R_P19370,S_P19370
P19372,2025,R_P19372,S_P19372
P19374,2025,R_P19374,S_P19374
P19381,2022,R_P19381,S_P19381
P19385,2020,R_P19385,S_P19385
P19403,2024,R_P19403,S_P19403
P19413,2021,R_P19413,S_P19413
P19415,2021,R_P19415,S_P19415
P19416,2022,R_P19416,S_P19416
P19417,2021,R_P19417,S_P19417
P19418,2022,R_P19418,S_P19418
P19419,2021,R_P19418,S_P19418
P19420,2022,R_P19420,S_P19420
P19421,2022,R_P19420,S_P19420
P19423,2023,R_P19423,S_P19423
P19424,2021,R_P19424,S_P19424
P19425,2021,R_P19425,S_P19425
P19426,2022,R_P19425,S_P19426
P19427,2021,R_P19427,S_P19427
P19429,2025,R_P19429,S_P19429
P19430,2022,R_P19429,S_P19430
P19431,2022,R_P19429,S_P19429
P19432,2022,R_P15456,S_P15456
P19433,2022,R_P15456,S_P15456
P19434,2021,R_P19434,S_P19434
P19435,2022,R_P19434,S_P19434
P19436,2022,R_P19436,S_P19436
P19437,2022,R_P19436,S_P19436
P19445,2023,R_P19445,S_P19445
P19456,2022,R_P19456,S_P19456
P19458,2021,R_P19458,S_P19458
P19468,2023,R_P19468,S_P19468
P19470,2022,R_P19470,S_P19470
P19471,2022,R_P19471,S_P19471
P19472,2022,R_P19472,S_P19472
P19473,2022,R_P19473,S_P19473
P19486,2022,R_P19486,S_P19486
P19487,2022,R_P19487,S_P19487
P19489,2022,R_P19489,S_P19489
P19492,2022,R_P19492,S_P19492
P19493,2022,R_P19493,S_P19493
P19494,2023,R_P19494,S_P19494
P19495,2022,R_P19495,S_P19495
P19496,2022,R_P19496,S_P19496
P19498,2022,R_P19497,S_P19498
P19499,2023,R_P19497,S_P19498
P19500,2022,R_P19500,S_P19500
P19501,2022,R_P19501,S_P19501
P19502,2022,R_P19502,S_P19502
P19506,2022,R_P17803,S_P19506
P19507,2022,R_P17803,S_P19506
P19509,2022,R_P19509,S_P19509
P19510,2022,R_P19510,S_P19510
P19511,2022,R_P17746,S_P19511
P19512,2022,R_P19512,S_P19512
P19513,2022,R_P19513,S_P19513
P19514,2022,R_P19514,S_P19514
P19515,2023,R_P19515,S_P19515
P19520,2021,R_P19520,S_P19520
P19521,2021,R_P19521,S_P19521
P19522,2022,R_P19522,S_P19522
P19525,2024,R_P19525,S_P19525
P19528,2024,R_P19524,S_P19524
P19573,2026,R_P19573,S_P19573
P19574,2026,R_P19574,S_P19574
P19590,2026,R_P19590,S_P19590
P19591,2019,R_P19591,S_P19591
P19595,2019,R_P19595,S_P19595
P19599,2026,R_P19599,S_P19599
P19601,2019,R_P19601,S_P19601
P19602,2019,R_P19602,S_P19602
P19604,2019,R_P19604,S_P19604
P19605,2019,R_P19605,S_P19605
P19610,2024,R_P19610,S_P19610
P19616,2019,R_P19616,S_P19616
P19617,2019,R_P19617,S_P19617
P19621,2019,R_P19621,S_P19621
P19624,2019,R_P19623,S_P19624
P19625,2019,R_P19625,S_P19625
P19629,2019,R_P19597,S_P19597
P19630,2026,R_P19630,S_P19630
P19637,2019,R_P19637,S_P19637
P19640,2019,R_P19640,S_P19640
P19641,2019,R_P19640,S_P19641
P19650,2019,R_P19650,S_P19650
P19653,2020,R_P19653,S_P19653
P19655,2019,R_P19654,S_P19655
P19661,2020,R_P19661,S_P19661
P19668,2020,R_P19667,S_P19668
P19672,2021,R_P19672,S_P19672
P19673,2021,R_P19673,S_P19673
P19674,2021,R_P19674,S_P19674
P19676,2022,R_P19676,S_P19676
P19680,2026,R_P19680,S_P19680
P19684,2026,R_P19684,S_P19684
P19685,2026,R_P19685,S_P19685
P19686,2026,R_P19685,S_P19685
P19688,2025,R_P19688,S_P19688
P19689,2025,R_P19688,S_P19689
P19692,2025,R_P19692,S_P19692
P19696,2026,R_P19696,S_P19696
P19697,2026,R_P19697,S_P19697
P19698,2019,R_P19698,S_P19698
P19699,2026,R_P19699,S_P19699
P19701,2026,R_P19701,S_P19701
P19703,2026,R_P19703,S_P19703
P19705,2025,R_P19705,S_P19705
P19707,2025,R_P19707,S_P19707
P19708,2025,R_P19708,S_P19708
P19711,2019,R_P19711,S_P19711
P19712,2025,R_P19712,S_P19712
P19715,2026,R_P19715,S_P19715
P19720,2026,R_P19720,S_P19720
P19773,2026,R_P18297,S_P19773
P19812,2026,R_P19812,S_P19812
P19813,2026,R_P19813,S_P19813
P19814,2026,R_P19814,S_P19814
P19851,2026,R_P19851,S_P19851
P19856,2026,R_P19856,S_P19856
P19860,2026,R_P19860,S_P19860
P19861,2026,R_P19861,S_P19861
P19864,2026,R_P19864,S_P19864
P19865,2026,R_P19865,S_P19865
P19866,2026,R_P19866,S_P19866
P19867,2026,R_P19867,S_P19867
P19868,2026,R_P19868,S_P19868
P19891,2026,R_P19891,S_P19891
P19894,2026,R_P19894,S_P19894
P19897,2026,R_P19897,S_P19897
P19899,2026,R_P19899,S_P19899
P19901,2022,R_P19901,S_P19901
P19905,2026,R_P19905,S_P19905
P19906,2026,R_P19906,S_P19906
P19907,2026,R_P19907,S_P19907
P19908,2026,R_P19908,S_P19908
P19911,2026,R_P19910,S_P19911
P19913,2026,R_P19913,S_P19913
P19915,2026,R_P19915,S_P19915
P19916,2026,R_P19916,S_P19916
P19920,2026,R_P19920,S_P19920
P19925,2026,R_P19925,S_P19925
P19926,2026,R_P19925,S_P19926
P19928,2026,R_P19928,S_P19928
P19938,2026,R_P19938,S_P19938
P19941,2026,R_P19941,S_P19941
P19954,2026,R_P19953,S_P19954
P19955,2026,R_P19955,S_P19955
P19979,2026,R_P19975,S_P19975
P20002,2026,R_P20002,S_P20002
P20004,2026,R_P20004,S_P20004
P20007,2026,R_P20007,S_P20007
P20010,2026,R_P20010,S_P20010
P20022,2026,R_P20021,S_P20021
P20026,2026,R_P20026,S_P20026
P20036,2026,R_P20036,S_P20036
P20039,2023,R_P20039,S_P20039
P20040,2026,R_P20040,S_P20040
P20041,2026,R_P20041,S_P20041
P20042,2026,R_P20042,S_P20042
P20047,2026,R_P20047,S_P20047
P20048,2026,R_P20048,S_P20048
P20049,2026,R_P20049,S_P20049
P20050,2026,R_P20050,S_P20050
P20053,2026,R_P20053,S_P20053
P20066,2026,R_P20066,S_P20066
P20068,2026,R_P20068,S_P20068
P20079,2021,R_P20079,S_P20079
P20081,2024,R_P20081,S_P20081
P20082,2024,R_P20082,S_P20082
P20100,2022,R_P18821,S_P18822
P20104,2022,R_P20104,S_P20104
P20105,2022,R_P20104,S_P20105
P20108,2023,R_P20108,S_P20108
P20112,2023,R_P20112,S_P20112
P20116,2023,R_P20115,S_P20116
P20126,2025,R_P20126,S_P20126
P20127,2020,R_P20127,S_P20127
P20128,2025,R_P20128,S_P20128
P20129,2026,R_P20129,S_P20129
P20133,2025,R_P20133,S_P20133
P20134,2025,R_P20134,S_P20134
P20136,2026,R_P20136,S_P20136
P20141,2026,R_P20141,S_P20141
P20142,2026,R_P20142,S_P20142
P20144,2026,R_P20144,S_P20144
P20161,2023,R_P20161,S_P20161
P20162,2023,R_P20162,S_P20162
P20163,2023,R_P20163,S_P20163
P20165,2023,R_P20165,S_P20165
P20167,2024,R_P20167,S_P20167
P20168,2024,R_P20168,S_P20168
P20169,2023,R_P20169,S_P20169
P20170,2023,R_P20170,S_P20170
P20171,2024,R_P20171,S_P20171
P20172,2024,R_P20172,S_P20172
P20177,2024,R_P20177,S_P20177
P20178,2023,R_P20178,S_P20178
P20179,2023,R_P20179,S_P20179
P20193,2024,R_P20193,S_P20193
P20194,2024,R_P20194,S_P20194
P20195,2024,R_P20194,S_P20195
P20196,2024,R_P20196,S_P20196
P20197,2024,R_P20197,S_P20197
P20199,2023,R_P20199,S_P20199
P20200,2024,R_P20200,S_P20200
P20201,2024,R_P20201,S_P20201
P20203,2024,R_P20202,S_P20203
P20204,2024,R_P20204,S_P20204
P20205,2023,R_P20205,S_P20205
P20206,2024,R_P20206,S_P20206
P20208,2024,R_P20208,S_P20208
P20209,2024,R_P20209,S_P20209
P20211,2024,R_P20211,S_P20211
P20212,2026,R_P20212,S_P20212
P20213,2026,R_P20213,S_P20213
P20214,2021,R_P20214,S_P20214
P20215,2026,R_P20215,S_P20215
P20218,2026,R_P20218,S_P20218
P20219,2026,R_P20219,S_P20219
P20220,2026,R_P20220,S_P20220
P20221,2026,R_P20221,S_P20221
P20224,2024,R_P20224,S_P20224
P20225,2019,R_P20225,S_P20225
P20226,2024,R_P20226,S_P20226
P20227,2024,R_P20227,S_P20227
P20231,2024,R_P20231,S_P20231
P20232,2024,R_P20232,S_P20232
P20233,2024,R_P20233,S_P20233
P20235,2024,R_P20235,S_P20235
P20238,2024,R_P20238,S_P20238
P20243,2026,R_P20243,S_P20243
P20244,2026,R_P20244,S_P20244
P20247,2026,R_P20247,S_P20247
P20250,2025,R_P20250,S_P20250
P20251,2026,R_P15175,S_P15175
P20260,2026,R_P20260,S_P20260
P20267,2026,R_P20244,S_P20267
P20269,2026,R_P20269,S_P20269
P20270,2026,R_P20270,S_P20270
P20272,2026,R_P20272,S_P20272
P20274,2026,R_P20274,S_P20274
P20275,2023,R_P20275,S_P20275
P20276,2023,R_P20275,S_P20276
P20278,2024,R_P20277,S_P20278
P20279,2024,R_P20279,S_P20279
P20281,2023,R_P20281,S_P20281
P20282,2024,R_P20282,S_P20282
P20284,2023,R_P20284,S_P20284
P20285,2023,R_P20282,S_P20282
P20287,2023,R_P20287,S_P20287
P20290,2024,R_P20290,S_P20290
P20293,2023,R_P20293,S_P20293
P20295,2023,R_P20295,S_P20295
P20296,2023,R_P20296,S_P20296
P20297,2024,R_P20297,S_P20297
P20298,2023,R_P20298,S_P20298
P20300,2023,R_P20300,S_P20300
P20301,2023,R_P20301,S_P20301
P20302,2023,R_P20302,S_P20302
P20303,2023,R_P20303,S_P20303
P20304,2023,R_P20303,S_P20304
P20305,2023,R_P20305,S_P20305
P20306,2024,R_P20306,S_P20306
P20307,2026,R_P20307,S_P20307
P20311,2026,R_P20311,S_P20311
P20312,2026,R_P20312,S_P20312
P20315,2026,R_P20315,S_P20315
P20318,2026,R_P20317,S_P20318
P20319,2023,R_P17951,S_P17951
P20320,2023,R_P20320,S_P20320
P20321,2023,R_P20321,S_P20321
P20322,2024,R_P20322,S_P20322
P20323,2023,R_P20323,S_P20323
P20324,2023,R_P20324,S_P20324
P20325,2024,R_P20324,S_P20324
P20326,2023,R_P20326,S_P20326
P20327,2023,R_P20326,S_P20326
P20328,2023,R_P20326,S_P20328
P20329,2023,R_P20326,S_P20328
P20331,2024,R_P20331,S_P20331
P20332,2023,R_P20332,S_P20332
P20333,2023,R_P20333,S_P20333
P20335,2023,R_P20335,S_P20335
P20337,2023,R_P20336,S_P20336
P20338,2023,R_P20338,S_P20338
P20339,2023,R_P20338,S_P20339
P20340,2023,R_P20340,S_P20340
P20341,2023,R_P20341,S_P20341
P20342,2023,R_P20342,S_P20342
P20343,2023,R_P20342,S_P20342
P20344,2023,R_P20344,S_P20344
P20345,2023,R_P20345,S_P20345
P20347,2023,R_P20347,S_P20347
P20348,2024,R_P20348,S_P20348
P20354,2024,R_P20353,S_P20354
P20356,2024,R_P20356,S_P20356
P20357,2025,R_P20357,S_P20357
P20359,2024,R_P20359,S_P20359
P20360,2024,R_P20360,S_P20360
P20361,2024,R_P20361,S_P20361
P20363,2020,R_P20363,S_P20363
P20364,2020,R_P20364,S_P20364
P20365,2024,R_P20365,S_P20365
P20366,2024,R_P20366,S_P20366
P20367,2025,R_P20367,S_P20367
P20368,2026,R_P20368,S_P20368
P20369,2025,R_P20369,S_P20369
P20370,2024,R_P20370,S_P20370
P20371,2024,R_P20371,S_P20371
P20372,2020,R_P20372,S_P20372
P20375,2025,R_P20375,S_P20375
P20376,2024,R_P20376,S_P20376
P20377,2024,R_P20377,S_P20377
P20387,2026,R_P20387,S_P20387
P20419,2025,R_P20419,S_P20419
P20421,2022,R_P20421,S_P20421
P20422,2023,R_P20422,S_P20422
P20423,2022,R_P20422,S_P20422
P20426,2024,R_P20426,S_P20426
P20428,2022,R_P20428,S_P20428
P20434,2020,R_P20434,S_P20434
P20436,2026,R_P20436,S_P20436
P20444,2023,R_P20444,S_P20444
P20463,2024,R_P20427,S_P20427
P20527,2026,R_P20527,S_P20527
P20534,2023,R_P20533,S_P20533
P20535,2023,R_P20535,S_P20535
P20536,2023,R_P20536,S_P20536
P20545,2023,R_P20545,S_P20545
P20546,2026,R_P20546,S_P20546
P20549,2023,R_P20549,S_P20549
P20571,2023,R_P20571,S_P20571
P20572,2023,R_P20572,S_P20572
P20574,2023,R_P20572,S_P20572
P20575,2024,R_P20575,S_P20575
P20577,2023,R_P20577,S_P20577
P20578,2023,R_P20578,S_P20578
P20580,2023,R_P20580,S_P20580
P20581,2024,R_P20581,S_P20581
P20582,2023,R_P20582,S_P20582
P20583,2024,R_P20583,S_P20583
P20584,2023,R_P20584,S_P20584
P20585,2023,R_P20585,S_P20585
P20587,2024,R_P20587,S_P20587
P20589,2023,R_P20589,S_P20589
P20590,2023,R_P20589,S_P20590
P20591,2024,R_P20591,S_P20591
P20592,2023,R_P20591,S_P20592
P20610,2023,R_P20610,S_P20610
P20612,2019,R_P20612,S_P20612
P20617,2021,R_P20617,S_P20617
P20625,2023,R_P20625,S_P20625
P20626,2023,R_P20626,S_P20626
P20627,2022,R_P20627,S_P20627
P20631,2024,R_P20631,S_P20631
P20646,2022,R_P19347,S_P20646
P20650,2024,R_P20650,S_P20650
P20653,2020,R_P20653,S_P20653
P20657,2023,R_P20657,S_P20657
P20658,2023,R_P20658,S_P20658
P20665,2026,R_P20665,S_P20665
P20666,2026,R_P20666,S_P20666
P20675,2024,R_P20675,S_P20675
P20695,2026,R_P20695,S_P20695
P20698,2024,R_P20698,S_P20698
P20699,2023,R_P20699,S_P20699
P20700,2023,R_P20700,S_P20700
P20701,2023,R_P20701,S_P20701
P20702,2023,R_P20702,S_P20702
P20703,2024,R_P20703,S_P20703
P20704,2023,R_P20704,S_P20704
P20706,2023,R_P20706,S_P20706
P20707,2023,R_P20707,S_P20707
P20709,2023,R_P20709,S_P20709
P20711,2023,R_P20711,S_P20711
P20712,2023,R_P20712,S_P20712
P20713,2023,R_P20713,S_P20713
P20714,2023,R_P20714,S_P20714
P20715,2023,R_P20715,S_P20715
P20716,2023,R_P20716,S_P20716
P20717,2023,R_P20713,S_P20713
P20721,2024,R_P20712,S_P20712
P20722,2023,R_P20722,S_P20722
P20723,2023,R_P20723,S_P20723
P20725,2026,R_P20725,S_P20725
P20726,2026,R_P20726,S_P20726
P20739,2021,R_P20739,S_P20739
P20740,2022,R_P20740,S_P20740
P20741,2022,R_P20741,S_P20741
P20749,2021,R_P20749,S_P20749
P20758,2024,R_P20758,S_P20758
P20766,2026,R_P20766,S_P20766
P20779,2024,R_P20779,S_P20779
P20781,2022,R_P20781,S_P20781
P20782,2021,R_P20782,S_P20782
P20783,2022,R_P20783,S_P20783
P20784,2022,R_P20784,S_P20784
P20785,2022,R_P20785,S_P20785
P20786,2026,R_P20786,S_P20786
P20790,2022,R_P20790,S_P20790
P20791,2023,R_P20791,S_P20791
P20792,2022,R_P20792,S_P20792
P20793,2022,R_P20793,S_P20793
P20794,2022,R_P20794,S_P20794
P20795,2021,R_P20795,S_P20795
P20796,2022,R_P20796,S_P20796
P20797,2022,R_P20797,S_P20797
P20798,2022,R_P20798,S_P20798
P20799,2022,R_P20799,S_P20799
P20801,2022,R_P20801,S_P20801
P20802,2022,R_P20802,S_P20802
P20804,2021,R_P20804,S_P20804
P20807,2023,R_P20807,S_P20807
P20808,2023,R_P20808,S_P20808
P20810,2024,R_P20810,S_P20810
P20813,2021,R_P20813,S_P20813
P20814,2021,R_P20814,S_P20814
P20820,2024,R_P20820,S_P20820
P20821,2024,R_P20821,S_P20821
P20822,2024,R_P20822,S_P20822
P20824,2024,R_P20823,S_P20824
P20828,2020,R_P20828,S_P20828
P20829,2019,R_P20829,S_P20829
P20830,2020,R_P20829,S_P20830
P20831,2020,R_P20831,S_P20831
P20839,2023,R_P20839,S_P20839
P20841,2023,R_P20841,S_P20841
P20842,2024,R_P20842,S_P20842
P20848,2026,R_P20848,S_P20848
P20849,2026,R_P20848,S_P20849
P20854,2022,R_P20854,S_P20854
P20855,2026,R_P20855,S_P20855
P20862,2023,R_P20862,S_P20862
P20863,2024,R_P20863,S_P20863
P20864,2024,R_P20864,S_P20864
P20871,2019,R_P20871,S_P20871
P20883,2020,R_P20883,S_P20883
P20885,2019,R_P20885,S_P20885
P20892,2023,R_P20892,S_P20892
P20893,2022,R_P20893,S_P20893
P20894,2022,R_P20894,S_P20894
P20897,2023,R_P20897,S_P20897
P20898,2023,R_P20898,S_P20898
P20899,2023,R_P20899,S_P20899
P20902,2025,R_P20902,S_P20902
P20908,2020,R_P20908,S_P20908
P20912,2022,R_P20912,S_P20912
P20913,2022,R_P20913,S_P20913
P20914,2021,R_P20914,S_P20914
P20915,2022,R_P20915,S_P20915
P20917,2023,R_P20917,S_P20917
P20920,2022,R_P20920,S_P20920
P20921,2022,R_P20921,S_P20921
P20924,2021,R_P20924,S_P20924
P20925,2023,R_P20925,S_P20925
P20926,2022,R_P20926,S_P20926
P20927,2022,R_P20927,S_P20927
P20928,2022,R_P20928,S_P20928
P20932,2022,R_P20932,S_P20932
P20933,2022,R_P20933,S_P20933
P20934,2022,R_P20934,S_P20934
P20935,2022,R_P20935,S_P20935
P20939,2022,R_P20939,S_P20939
P20940,2022,R_P20940,S_P20940
P20941,2021,R_P20941,S_P20941
P20945,2023,R_P20945,S_P20945
P20948,2020,R_P20042,S_P20042
P20949,2022,R_P20949,S_P20949
P20950,2022,R_P20950,S_P20950
P20953,2022,R_P20949,S_P20949
P20956,2022,R_P20956,S_P20956
P20957,2022,R_P20957,S_P20957
P20958,2022,R_P20957,S_P20958
P20959,2023,R_P20959,S_P20959
P20960,2023,R_P20960,S_P20960
P20961,2023,R_P20961,S_P20961
P20962,2023,R_P20959,S_P20962
P20966,2023,R_P20966,S_P20966
P20967,2023,R_P20967,S_P20967
P20968,2022,R_P20968,S_P20968
P20969,2023,R_P20969,S_P20969
P20975,2021,R_P20975,S_P20975
P20980,2025,R_P20977,S_P20980
P21001,2019,R_P21001,S_P21001
P21002,2019,R_P21001,S_P21001
P21005,2022,R_P21005,S_P21005
P21006,2022,R_P21005,S_P21006
P21016,2026,R_P21016,S_P21016
P21021,2026,R_P21021,S_P21021
P21025,2019,R_P21025,S_P21025
P21026,2019,R_P21026,S_P21026
P21028,2022,R_P21028,S_P21028
P21032,2020,R_P21032,S_P21032
P21039,2023,R_P21039,S_P21039
P21040,2023,R_P21040,S_P21040
P21041,2023,R_P21041,S_P21041
P21043,2024,R_P21043,S_P21043
P21044,2023,R_P21043,S_P21043
P21045,2024,R_P21043,S_P21045
P21046,2023,R_P21043,S_P21046
P21047,2023,R_P21047,S_P21047
P21048,2019,R_P21048,S_P21048
P21049,2019,R_P21049,S_P21049
P21052,2024,R_P21052,S_P21052
P21055,2024,R_P21055,S_P21055
P21059,2026,R_P21059,S_P21059
P21063,2025,R_P21063,S_P21063
P21075,2019,R_P21074,S_P21075
P21077,2022,R_P21077,S_P21077
P21093,2025,R_P21093,S_P21093
P21099,2025,R_P21099,S_P21099
P21112,2026,R_P21112,S_P21112
P21118,2026,R_P21118,S_P21118
P21120,2021,R_P21120,S_P21120
P21121,2022,R_P21121,S_P21121
P21123,2026,R_P14527,S_P21123
P21125,2024,R_P21125,S_P21125
P21133,2021,R_P21133,S_P21133
P21134,2021,R_P21133,S_P21133
P21135,2021,R_P21135,S_P21135
P21142,2023,R_P21142,S_P21142
P21143,2023,R_P21142,S_P21142
P21145,2026,R_P21145,S_P21145
P21150,2026,R_P21149,S_P21150
P21151,2026,R_P21151,S_P21151
P21153,2025,R_P21153,S_P21153
P21160,2026,R_P21159,S_P21159
P21167,2022,R_P21166,S_P21166
P21168,2026,R_P21168,S_P21168
P21169,2026,R_P21169,S_P21169
P21170,2020,R_P21169,S_P21169
P21172,2026,R_P21172,S_P21172
P21174,2026,R_P21174,S_P21174
P21179,2026,R_P21179,S_P21179
P21181,2023,R_P21181,S_P21181
P21183,2026,R_P21183,S_P21183
P21185,2026,R_P21184,S_P21185
P21186,2026,R_P21184,S_P21186
P21188,2025,R_P15329,S_P21188
P21190,2025,R_P21190,S_P21190
P21191,2025,R_P21191,S_P21191
P21193,2026,R_P21193,S_P21193
P21195,2023,R_P21195,S_P21195
P21198,2022,R_P21198,S_P21198
P21199,2022,R_P21199,S_P21199
P21201,2022,R_P21200,S_P21200
P21203,2021,R_P21202,S_P21202
P21215,2021,R_P21215,S_P21215
P21216,2022,R_P21215,S_P21216
P21224,2020,R_P21224,S_P21224
P21225,2022,R_P21225,S_P21225
P21228,2022,R_P21228,S_P21228
P21229,2022,R_P21229,S_P21229
P21231,2026,R_P12218,S_P21231
P21243,2026,R_P21243,S_P21243
P21247,2026,R_P21247,S_P21247
P21249,2026,R_P12218,S_P21249
P21253,2026,R_P21252,S_P21252
P21256,2026,R_P21256,S_P21256
P21260,2021,R_P21260,S_P21260
P21263,2022,R_P21263,S_P21263
P21264,2022,R_P21264,S_P21264
P21265,2021,R_P21265,S_P21265
P21276,2021,R_P21276,S_P21276
P21277,2021,R_P21277,S_P21277
P21283,2026,R_P21283,S_P21283
P21286,2025,R_P21286,S_P21286
P21308,2026,R_P21308,S_P21308
P21313,2023,R_P21313,S_P21313
P21314,2023,R_P21314,S_P21314
P21315,2023,R_P21315,S_P21315
P21319,2021,R_P21319,S_P21319
P21321,2021,R_P21321,S_P21321
P21322,2021,R_P21322,S_P21322
P21323,2022,R_P21323,S_P21323
P21324,2021,R_P21324,S_P21324
P21325,2022,R_P21321,S_P21321
P21326,2021,R_P21326,S_P21326
P21327,2022,R_P21327,S_P21327
P21328,2022,R_P18673,S_P18673
P21329,2023,R_P21329,S_P21329
P21330,2022,R_P17723,S_P17723
P21331,2022,R_P17723,S_P17723
P21342,2021,R_P21342,S_P21342
P21343,2021,R_P21343,S_P21343
P21360,2022,R_P21360,S_P21360
P21361,2022,R_P21361,S_P21361
P21362,2022,R_P21362,S_P21362
P21364,2026,R_P21364,S_P21364
P21367,2019,R_P21367,S_P21367
P21370,2020,R_P21370,S_P21370
P21372,2023,R_P21372,S_P21372
P21376,2023,R_P21376,S_P21376
P21377,2025,R_P21377,S_P21377
P21378,2020,R_P21378,S_P21378
P21379,2026,R_P21379,S_P21379
P21380,2025,R_P21380,S_P21380
P21381,2026,R_P21381,S_P21381
P21384,2026,R_P21384,S_P21384
P21386,2020,R_P21386,S_P21386
P21387,2020,R_P21387,S_P21387
P21388,2026,R_P21388,S_P21388
P21392,2026,R_P21392,S_P21392
P21393,2026,R_P21393,S_P21393
P21399,2025,R_P21399,S_P21399
P21411,2024,R_P21411,S_P21411
P21416,2024,R_P21416,S_P21416
P21419,2019,R_P21419,S_P21419
P21427,2021,R_P21427,S_P21427
P21428,2022,R_P21428,S_P21428
P21429,2019,R_P21429,S_P21429
P21447,2024,R_P21447,S_P21447
P21448,2024,R_P21448,S_P21448
P21449,2023,R_P21449,S_P21449
P21450,2023,R_P21450,S_P21450
P21453,2023,R_P21453,S_P21453
P21454,2023,R_P21454,S_P21454
P21455,2023,R_P21455,S_P21455
P21456,2023,R_P21456,S_P21456
P21458,2022,R_P21458,S_P21458
P21460,2023,R_P21460,S_P21460
P21461,2024,R_P21461,S_P21461
P21462,2023,R_P21462,S_P21462
P21463,2023,R_P21463,S_P21463
P21465,2023,R_P20963,S_P20963
P21466,2024,R_P21466,S_P21466
P21467,2023,R_P21467,S_P21467
P21468,2024,R_P21468,S_P21468
P21469,2023,R_P21468,S_P21468
P21471,2021,R_P21471,S_P21471
P21472,2023,R_P21472,S_P21472
P21473,2022,R_P21473,S_P21473
P21475,2022,R_P21475,S_P21475
P21476,2022,R_P21476,S_P21476
P21477,2022,R_P21477,S_P21477
P21478,2022,R_P21478,S_P21478
P21479,2022,R_P21479,S_P21479
P21480,2022,R_P21480,S_P21480
P21481,2022,R_P21480,S_P21480
P21483,2022,R_P21483,S_P21483
P21484,2022,R_P21484,S_P21484
P21485,2022,R_P21485,S_P21485
P21486,2022,R_P21486,S_P21486
P21487,2022,R_P21487,S_P21487
P21493,2022,R_P21493,S_P21493
P21494,2022,R_P21494,S_P21494
P21495,2021,R_P21495,S_P21495
P21496,2022,R_P21496,S_P21496
P21497,2022,R_P21497,S_P21497
P21498,2021,R_P20925,S_P20925
P21499,2022,R_P21499,S_P21499
P21500,2022,R_P21500,S_P21500
P21501,2023,R_P21501,S_P21501
P21502,2022,R_P21502,S_P21502
P21503,2024,R_P21503,S_P21503
P21504,2022,R_P21504,S_P21504
P21505,2022,R_P21505,S_P21505
P21507,2022,R_P21507,S_P21507
P21508,2022,R_P21508,S_P21508
P21509,2022,R_P21509,S_P21509
P21510,2022,R_P21510,S_P21510
P21512,2022,R_P21512,S_P21512
P21513,2023,R_P21513,S_P21513
P21524,2022,R_P21524,S_P21524
P21526,2022,R_P21526,S_P21526
P21540,2019,R_P21540,S_P21540
P21542,2019,R_P21542,S_P21542
P21545,2019,R_P21545,S_P21545
P21546,2019,R_P21546,S_P21546
P21549,2024,R_P21549,S_P21549
P21550,2023,R_P21550,S_P21550
P21551,2023,R_P21551,S_P21551
P21556,2023,R_P21556,S_P21556
P21557,2019,R_P21557,S_P21557
P21560,2019,R_P21560,S_P21560
P21563,2019,R_P21563,S_P21563
P21565,2020,R_P21565,S_P21565
P21567,2020,R_P21567,S_P21567
P21568,2019,R_P21563,S_P21563
P21570,2019,R_P21570,S_P21570
P21572,2019,R_P21572,S_P21572
P21574,2020,R_P21574,S_P21574
P21579,2021,R_P21579,S_P21579
P21583,2023,R_P21583,S_P21583
P21584,2023,R_P21584,S_P21584
P21585,2024,R_P21583,S_P21583
P21586,2023,R_P21586,S_P21586
P21587,2023,R_P21587,S_P21587
P21589,2022,R_P21589,S_P21589
P21591,2022,R_P21591,S_P21591
P21592,2022,R_P21592,S_P21592
P21593,2021,R_P21593,S_P21593
P21595,2022,R_P21595,S_P21595
P21596,2022,R_P21596,S_P21596
P21597,2022,R_P21597,S_P21597
P21598,2022,R_P21598,S_P21598
P21599,2022,R_P21599,S_P21599
P21600,2021,R_P18830,S_P18830
P21601,2021,R_P21601,S_P21601
P21612,2023,R_P21612,S_P21612
P21622,2024,R_P21622,S_P21622
P21623,2023,R_P20725,S_P20725
P21625,2023,R_P21625,S_P21625
P21626,2023,R_P21626,S_P21626
P21630,2023,R_P21630,S_P21630
P21632,2023,R_P21632,S_P21632
P21634,2024,R_P20707,S_P20707
P21636,2023,R_P21636,S_P21636
P21637,2023,R_P21637,S_P21637
P21638,2023,R_P21638,S_P21638
P21639,2023,R_P21639,S_P21639
P21640,2024,R_P21640,S_P21640
P21645,2025,R_P21645,S_P21645
P21646,2021,R_P21646,S_P21646
P21647,2025,R_P21647,S_P21647
P21648,2023,R_P21648,S_P21648
P21680,2026,R_P21680,S_P21680
P21691,2023,R_P21691,S_P21691
P21692,2023,R_P21692,S_P21692
P21694,2023,R_P21694,S_P21694
P21696,2023,R_P21696,S_P21696
P21697,2023,R_P21697,S_P21697
P21699,2020,R_P21698,S_P21698
P21705,2019,R_P21705,S_P21705
P21708,2023,R_P21708,S_P21708
P21711,2023,R_P21711,S_P21711
P21713,2023,R_P21713,S_P21713
P21715,2026,R_P21715,S_P21715
P21717,2019,R_P21717,S_P21717
P21718,2019,R_P21718,S_P21718
P21721,2024,R_P21721,S_P21721
P21725,2024,R_P21725,S_P21725
P21726,2024,R_P21726,S_P21726
P21727,2024,R_P21727,S_P21727
P21728,2023,R_P21728,S_P21728
P21729,2023,R_P21729,S_P21729
P21732,2023,R_P21732,S_P21732
P21734,2024,R_P21734,S_P21734
P21735,2023,R_P21735,S_P21735
P21736,2023,R_P21736,S_P21736
P21737,2023,R_P21737,S_P21737
P21739,2020,R_P21739,S_P21739
P21740,2020,R_P21740,S_P21740
P21741,2024,R_P21741,S_P21741
P21742,2023,R_P21742,S_P21742
P21750,2023,R_P21750,S_P21750
P21759,2023,R_P21759,S_P21759
P21760,2023,R_P21759,S_P21759
P21761,2022,R_P21761,S_P21761
P21762,2023,R_P21759,S_P21759
P21763,2023,R_P21763,S_P21763
P21764,2024,R_P21764,S_P21764
P21765,2023,R_P20536,S_P20536
P21766,2020,R_P21766,S_P21766
P21767,2023,R_P21767,S_P21767
P21768,2023,R_P21768,S_P21768
P21769,2024,R_P21769,S_P21769
P21774,2025,R_P21774,S_P21774
P21806,2024,R_P21806,S_P21806
P21807,2023,R_P21807,S_P21807
P21808,2023,R_P21808,S_P21808
P21811,2022,R_P21811,S_P21811
P21813,2022,R_P21813,S_P21813
P21814,2023,R_P21814,S_P21814
P21816,2023,R_P21816,S_P21816
P21817,2023,R_P21817,S_P21817
P21819,2023,R_P21819,S_P21819
P21820,2022,R_P21820,S_P21820
P21822,2023,R_P21822,S_P21822
P21823,2022,R_P21823,S_P21823
P21824,2022,R_P21824,S_P21824
P21825,2023,R_P21825,S_P21825
P21826,2022,R_P21826,S_P21826
P21827,2023,R_P21827,S_P21827
P21828,2023,R_P21828,S_P21828
P21829,2023,R_P21829,S_P21829
P21830,2022,R_P21830,S_P21830
P21831,2023,R_P21831,S_P21831
P21833,2023,R_P21833,S_P21833
P21834,2022,R_P21834,S_P21834
P21838,2025,R_P21838,S_P21838
P21840,2022,R_P21840,S_P21840
P21841,2022,R_P21841,S_P21841
P21842,2022,R_P21842,S_P21842
P21869,2023,R_P21869,S_P21869
P21870,2025,R_P21870,S_P21870
P21886,2023,R_P21886,S_P21886
P21899,2025,R_P21899,S_P21899
P21900,2025,R_P21900,S_P21900
P21901,2025,R_P21901,S_P21901
P21902,2025,R_P21902,S_P21902
P21903,2025,R_P21903,S_P21903
P21904,2024,R_P21904,S_P21904
P21905,2025,R_P20375,S_P20375
P21906,2024,R_P21906,S_P21906
P21909,2024,R_P21909,S_P21909
P21912,2025,R_P21912,S_P21912
P21913,2024,R_P21913,S_P21913
P21914,2024,R_P21914,S_P21914
P21916,2025,R_P21915,S_P21915
P21917,2024,R_P21917,S_P21917
P21918,2025,R_P21918,S_P21918
P21919,2024,R_P21919,S_P21919
P21920,2024,R_P21920,S_P21920
P21921,2026,R_P21921,S_P21921
P21922,2025,R_P21919,S_P21919
P21923,2025,R_P21923,S_P21923
P21925,2024,R_P21925,S_P21925
P21926,2025,R_P21926,S_P21926
P21927,2025,R_P21927,S_P21927
P21930,2026,R_P21930,S_P21930
P21937,2024,R_P21937,S_P21937
P21938,2023,R_P21938,S_P21938
P21940,2023,R_P21940,S_P21940
P21942,2023,R_P21942,S_P21942
P21943,2024,R_P21943,S_P21943
P21944,2023,R_P21944,S_P21944
P21945,2024,R_P21945,S_P21945
P21946,2023,R_P21946,S_P21946
P21947,2023,R_P21947,S_P21947
P21950,2023,R_P21950,S_P21950
P21951,2024,R_P21951,S_P21951
P21952,2023,R_P21952,S_P21952
P21953,2024,R_P21953,S_P21953
P21954,2024,R_P21954,S_P21954
P21957,2025,R_P21957,S_P21957
P21959,2026,R_P21959,S_P21959
P21960,2026,R_P21960,S_P21960
P21961,2026,R_P21961,S_P21961
P21962,2026,R_P21962,S_P21962
P21963,2026,R_P20308,S_P20308
P21965,2024,R_P21965,S_P21965
P21966,2023,R_P21966,S_P21966
P21967,2023,R_P21967,S_P21967
P21968,2024,R_P21968,S_P21968
P21970,2023,R_P21970,S_P21970
P21971,2023,R_P21971,S_P21971
P21972,2024,R_P21972,S_P21972
P21973,2023,R_P21973,S_P21973
P21976,2024,R_P21976,S_P21976
P21977,2023,R_P20290,S_P20290
P21978,2024,R_P21978,S_P21978
P21979,2026,R_P21979,S_P21979
P21980,2024,R_P21980,S_P21980
P21983,2023,R_P21983,S_P21983
P21984,2023,R_P21984,S_P21984
P21985,2023,R_P21985,S_P21985
P21986,2023,R_P21986,S_P21986
P21988,2026,R_P21988,S_P21988
P21989,2026,R_P21989,S_P21989
P21990,2026,R_P21990,S_P21990
P21991,2026,R_P21991,S_P21991
P21992,2026,R_P21992,S_P21992
P21993,2026,R_P21993,S_P21993
P22000,2026,R_P22000,S_P22000
P22001,2026,R_P22001,S_P22001
P22003,2026,R_P22003,S_P22003
P22004,2026,R_P22004,S_P22004
P22005,2026,R_P22005,S_P22005
P22006,2026,R_P22005,S_P22005
P22007,2026,R_P22007,S_P22007
P22009,2026,R_P22008,S_P22008
P22010,2024,R_P22010,S_P22010
P22011,2024,R_P22011,S_P22011
P22012,2024,R_P22012,S_P22012
P22013,2026,R_P22013,S_P22013
P22014,2024,R_P22014,S_P22014
P22015,2024,R_P22015,S_P22015
P22017,2023,R_P22017,S_P22017
P22018,2024,R_P22018,S_P22018
P22020,2024,R_P22020,S_P22020
P22021,2024,R_P22021,S_P22021
P22024,2024,R_P22024,S_P22024
P22026,2022,R_P22026,S_P22026
P22027,2024,R_P22027,S_P22027
P22028,2024,R_P22028,S_P22028
P22029,2024,R_P22029,S_P22029
P22030,2024,R_P22030,S_P22030
P22031,2024,R_P22031,S_P22031
P22032,2023,R_P22032,S_P22032
P22033,2024,R_P22033,S_P22033
P22034,2025,R_P22034,S_P22034
P22036,2023,R_P22036,S_P22036
P22037,2024,R_P22037,S_P22037
P22038,2024,R_P22038,S_P22038
P22052,2023,R_P22052,S_P22052
P22053,2023,R_P22053,S_P22053
P22066,2026,R_P22066,S_P22066
P22067,2026,R_P22067,S_P22067
P22070,2026,R_P22070,S_P22070
P22077,2023,R_P22077,S_P22077
P22079,2022,R_P22079,S_P22079
P22080,2022,R_P22080,S_P22080
P22082,2023,R_P22082,S_P22082
P22083,2023,R_P22083,S_P22083
P22084,2023,R_P22084,S_P22084
P22085,2024,R_P22085,S_P22085
P22086,2023,R_P22086,S_P22086
P22087,2023,R_P22087,S_P22087
P22088,2022,R_P22088,S_P22088
P22103,2026,R_P22103,S_P22103
P22104,2026,R_P22104,S_P22104
P22109,2026,R_P22109,S_P22109
P22117,2026,R_P22117,S_P22117
P22119,2026,R_P22119,S_P22119
P22122,2026,R_P22122,S_P22122
P22124,2026,R_P22114,S_P22114
P22126,2026,R_P22126,S_P22126
P22128,2026,R_P22128,S_P22128
P22139,2026,R_P22139,S_P22139
P22141,2026,R_P22133,S_P22133
P22143,2026,R_P22143,S_P22143
P22145,2026,R_P22145,S_P22145
P22148,2026,R_P22147,S_P22147
P22149,2026,R_P22149,S_P22149
P22161,2026,R_P22161,S_P22161
P22163,2026,R_P22163,S_P22163
P22164,2026,R_P22164,S_P22164
P22168,2026,R_P22168,S_P22168
P22193,2026,R_P22193,S_P22193
P22202,2026,R_P22202,S_P22202
P22205,2026,R_P22205,S_P22205
P22227,2026,R_P22227,S_P22227
P22259,2026,R_P22259,S_P22259
P22264,2026,R_P22264,S_P22264
P22265,2026,R_P22265,S_P22265
P22289,2026,R_P22289,S_P22289
P22291,2026,R_P22291,S_P22291
P22293,2026,R_P22293,S_P22293
P22315,2026,R_P22315,S_P22315
P22318,2026,R_P22318,S_P22318
P22321,2026,R_P22321,S_P22321
P22323,2026,R_P22323,S_P22323
P22324,2026,R_P22324,S_P22324
P22327,2026,R_P22327,S_P22327
P22331,2026,R_P22331,S_P22331
P22334,2026,R_P22334,S_P22334
P22338,2026,R_P22338,S_P22338
P22339,2026,R_P22339,S_P22339
P22342,2026,R_P22342,S_P22342
P22343,2026,R_P22342,S_P22342
P22346,2026,R_P22346,S_P22346
P22350,2026,R_P22350,S_P22350
P22351,2026,R_P22351,S_P22351
P22352,2026,R_P22337,S_P22337
P22354,2026,R_P22354,S_P22354
P22355,2026,R_P22355,S_P22355
P22356,2026,R_P22349,S_P22349
P22357,2026,R_P22357,S_P22357
P22358,2026,R_P22358,S_P22358
P22359,2026,R_P22359,S_P22359
P22360,2026,R_P22360,S_P22360
P22361,2026,R_P22361,S_P22361
P22362,2023,R_P22362,S_P22362
P22364,2026,R_P22364,S_P22364
P22365,2023,R_P22365,S_P22365
P22366,2023,R_P22366,S_P22366
P22368,2026,R_P22368,S_P22368
P22369,2026,R_P22369,S_P22369
P22372,2026,R_P22372,S_P22372
P22373,2026,R_P22373,S_P22373
P22375,2026,R_P22375,S_P22375
P22380,2026,R_P22380,S_P22380
P22383,2026,R_P22383,S_P22383
P22384,2026,R_P22384,S_P22384
P22388,2026,R_P22388,S_P22388
P22389,2026,R_P22389,S_P22389
P22390,2026,R_P22390,S_P22390
P22391,2026,R_P22391,S_P22391
P22392,2026,R_P22392,S_P22392
P22393,2026,R_P22393,S_P22393
P22394,2026,R_P22394,S_P22394
P22395,2026,R_P22395,S_P22395
P22399,2021,R_P22399,S_P22399
P22401,2026,R_P22401,S_P22401
P22403,2026,R_P22403,S_P22403
P22437,2026,R_P22437,S_P22437
P22443,2026,R_P22443,S_P22443
P22448,2022,R_P22448,S_P22448
P22449,2022,R_P22449,S_P22449
P22450,2022,R_P22450,S_P22450
P22452,2026,R_P22452,S_P22452
P22455,2026,R_P22455,S_P22455
P22457,2026,R_P22457,S_P22457
P22458,2026,R_P22458,S_P22458
P22460,2026,R_P22460,S_P22460
P22465,2023,R_P22465,S_P22465
P22467,2026,R_P22467,S_P22467
P22468,2026,R_P22468,S_P22468
P22470,2026,R_P22470,S_P22470
P22471,2026,R_P22471,S_P22471
P22472,2026,R_P22472,S_P22472
P22474,2023,R_P22474,S_P22474
P22476,2023,R_P22476,S_P22476
P22480,2026,R_P22480,S_P22480
P22484,2026,R_P22484,S_P22484
P22485,2026,R_P22485,S_P22485
P22488,2026,R_P22488,S_P22488
P22489,2026,R_P22489,S_P22489
P22491,2026,R_P22491,S_P22491
P22521,2026,R_P22521,S_P22521
P22540,2026,R_P22540,S_P22540
P22543,2026,R_P22543,S_P22543
P22555,2026,R_P22555,S_P22555
P22557,2026,R_P22557,S_P22557
P22564,2026,R_P22564,S_P22564
P22654,2026,R_P19717,S_P19717
P22655,2026,R_P22655,S_P22655
P22656,2025,R_P22655,S_P22655
P22658,2025,R_P19712,S_P19712
P22659,2026,R_P22659,S_P22659
P22660,2026,R_P22660,S_P22660
P22661,2026,R_P22661,S_P22661
P22665,2021,R_P22665,S_P22665
P22666,2021,R_P22666,S_P22666
P22668,2021,R_P22668,S_P22668
P22673,2025,R_P22673,S_P22673
P22675,2026,R_P22673,S_P22673
P22676,2020,R_P22676,S_P22676
P22677,2020,R_P22677,S_P22677
P22678,2020,R_P22676,S_P22676
P22679,2025,R_P22679,S_P22679
P22680,2025,R_P22680,S_P22680
P22681,2025,R_P22681,S_P22681
P22682,2026,R_P22682,S_P22682
P22683,2025,R_P22683,S_P22683
P22684,2025,R_P22684,S_P22684
P22687,2025,R_P22687,S_P22687
P22688,2025,R_P22688,S_P22688
P22689,2026,R_P22689,S_P22689
P22698,2026,R_P22698,S_P22698
P22700,2021,R_P22700,S_P22700
P22701,2023,R_P22701,S_P22701
P22703,2022,R_P22703,S_P22703
P22704,2022,R_P22704,S_P22704
P22705,2021,R_P19673,S_P19673
P22707,2020,R_P22707,S_P22707
P22709,2019,R_P22709,S_P22709
P22711,2019,R_P22711,S_P22711
P22713,2020,R_P22713,S_P22713
P22714,2019,R_P22714,S_P22714
P22738,2023,R_P22738,S_P22738
P22740,2019,R_P22740,S_P22740
P22743,2019,R_P22743,S_P22743
P22744,2024,R_P22744,S_P22744
P22749,2020,R_P22749,S_P22749
P22753,2020,R_P22753,S_P22753
P22799,2021,R_P22799,S_P22799
P22801,2022,R_P22801,S_P22801
P22802,2022,R_P22802,S_P22802
P22803,2022,R_P22803,S_P22803
P22804,2022,R_P22804,S_P22804
P22819,2022,R_P22819,S_P22819
P22820,2022,R_P22820,S_P22820
P22822,2022,R_P22822,S_P22822
P22823,2022,R_P22823,S_P22823
P22824,2022,R_P22824,S_P22824
P22825,2022,R_P19468,S_P19468
P22827,2023,R_P22827,S_P22827
P22848,2022,R_P22848,S_P22848
P22849,2022,R_P22849,S_P22849
P22850,2022,R_P22850,S_P22850
P22851,2022,R_P22851,S_P22851
P22852,2021,R_P22852,S_P22852
P22853,2022,R_P22853,S_P22853
P22854,2021,R_P22854,S_P22854
P22856,2022,R_P22856,S_P22856
P22857,2021,R_P22857,S_P22857
P22859,2022,R_P22859,S_P22859
P22871,2022,R_P22871,S_P22871
P22873,2021,R_P22873,S_P22873
P22874,2022,R_P22874,S_P22874
P22875,2022,R_P22875,S_P22875
P22878,2022,R_P22878,S_P22878
P22879,2022,R_P22879,S_P22879
P22880,2022,R_P22880,S_P22880
P22881,2022,R_P22881,S_P22881
P22883,2022,R_P22883,S_P22883
P22886,2022,R_P22886,S_P22886
P22887,2022,R_P22887,S_P22887
P22890,2022,R_P22890,S_P22890
P22892,2022,R_P22892,S_P22892
P22894,2023,R_P22894,S_P22894
P22895,2023,R_P22895,S_P22895
P22896,2022,R_P22896,S_P22896
P22897,2025,R_P22897,S_P22897
P22900,2022,R_P22900,S_P22900
P22901,2022,R_P22901,S_P22901
P22902,2022,R_P22902,S_P22902
P22903,2022,R_P22903,S_P22903
P22904,2022,R_P22904,S_P22904
P22906,2022,R_P22906,S_P22906
P22907,2022,R_P22907,S_P22907
P22908,2023,R_P22908,S_P22908
P22909,2022,R_P22909,S_P22909
P22910,2023,R_P22910,S_P22910
P22911,2022,R_P22911,S_P22911
P22912,2023,R_P22912,S_P22912
P22913,2022,R_P22913,S_P22913
P22914,2023,R_P22909,S_P22909
P22916,2023,R_P19317,S_P19317
P22917,2023,R_P19316,S_P19316
P22918,2023,R_P22918,S_P22918
P22919,2023,R_P22919,S_P22919
P22920,2023,R_P22920,S_P22920
P22922,2023,R_P22922,S_P22922
P22923,2022,R_P22923,S_P22923
P22925,2022,R_P22925,S_P22925
P22926,2023,R_P22926,S_P22926
P22972,2023,R_P22972,S_P22972
P22981,2023,R_P22981,S_P22981
P22998,2023,R_P22998,S_P22998
P22999,2023,R_P22999,S_P22999
P23000,2023,R_P23000,S_P23000
P23001,2024,R_P22998,S_P22998
P23002,2023,R_P23002,S_P23002
P23003,2023,R_P23003,S_P23003
P23007,2023,R_P23007,S_P23007
P23009,2022,R_P23009,S_P23009
P23013,2026,R_P23013,S_P23013
P23026,2021,R_P23026,S_P23026
P23042,2023,R_P23042,S_P23042
P23044,2023,R_P23044,S_P23044
P23047,2023,R_P23047,S_P23047
P23058,2021,R_P23058,S_P23058
P23063,2022,R_P23063,S_P23063
P23064,2023,R_P23064,S_P23064
P23066,2021,R_P23064,S_P23064
P23067,2021,R_P23067,S_P23067
P23068,2022,R_P23067,S_P23067
P23069,2022,R_P23069,S_P23069
P23070,2022,R_P23070,S_P23070
P23071,2021,R_P23071,S_P23071
P23072,2022,R_P23072,S_P23072
P23074,2022,R_P23074,S_P23074
P23075,2021,R_P19075,S_P19075
P23076,2022,R_P23076,S_P23076
P23077,2021,R_P23077,S_P23077
P23078,2022,R_P23078,S_P23078
P23080,2021,R_P23080,S_P23080
P23082,2022,R_P23082,S_P23082
P23084,2022,R_P23084,S_P23084
P23085,2021,R_P23085,S_P23085
P23086,2022,R_P23086,S_P23086
P23089,2022,R_P23089,S_P23089
P23091,2023,R_P23091,S_P23091
P23096,2022,R_P23096,S_P23096
P23097,2022,R_P23097,S_P23097
P23099,2026,R_P23099,S_P23099
P23100,2026,R_P23100,S_P23100
P23104,2026,R_P23104,S_P23104
P23107,2026,R_P23107,S_P23107
P23110,2026,R_P23110,S_P23110
P23118,2022,R_P23118,S_P23118
P23119,2022,R_P23119,S_P23119
P23120,2022,R_P19024,S_P19024
P23121,2023,R_P23121,S_P23121
P23122,2022,R_P23122,S_P23122
P23142,2024,R_P23142,S_P23142
P23145,2022,R_P23145,S_P23145
P23146,2022,R_P23146,S_P23146
P23148,2022,R_P23148,S_P23148
P23149,2023,R_P23149,S_P23149
P23151,2025,R_P23151,S_P23151
P23153,2022,R_P23153,S_P23153
P23154,2025,R_P23154,S_P23154
P23156,2025,R_P23156,S_P23156
P23196,2019,R_P23196,S_P23196
P23197,2022,R_P23197,S_P23197
P23198,2022,R_P23198,S_P23198
P23200,2022,R_P23200,S_P23200
P23201,2023,R_P23201,S_P23201
P23203,2022,R_P23203,S_P23203
P23204,2019,R_P23204,S_P23204
P23205,2019,R_P23205,S_P23205
P23206,2023,R_P23206,S_P23206
P23207,2022,R_P23207,S_P23207
P23208,2021,R_P23208,S_P23208
P23209,2022,R_P23209,S_P23209
P23211,2021,R_P23211,S_P23211
P23212,2023,R_P23212,S_P23212
P23213,2022,R_P23213,S_P23213
P23215,2022,R_P23215,S_P23215
P23216,2022,R_P23216,S_P23216
P23217,2022,R_P23217,S_P23217
P23218,2022,R_P23218,S_P23218
P23219,2022,R_P23219,S_P23219
P23220,2023,R_P23220,S_P23220
P23222,2022,R_P23222,S_P23222
P23224,2022,R_P23224,S_P23224
P23225,2022,R_P23225,S_P23225
P23227,2022,R_P23227,S_P23227
P23228,2022,R_P23228,S_P23228
P23229,2021,R_P23229,S_P23229
P23230,2020,R_P23230,S_P23230
P23232,2021,R_P23232,S_P23232
P23233,2022,R_P23233,S_P23233
P23234,2022,R_P23234,S_P23234
P23239,2022,R_P23239,S_P23239
P23241,2025,R_P23241,S_P23241
P23248,2022,R_P23248,S_P23248
P23250,2022,R_P23250,S_P23250
P23257,2022,R_P23257,S_P23257
P23258,2024,R_P23258,S_P23258
P23259,2023,R_P23259,S_P23259
P23260,2021,R_P23260,S_P23260
P23261,2025,R_P23261,S_P23261
P23262,2021,R_P23262,S_P23262
P23264,2021,R_P23264,S_P23264
P23265,2021,R_P23265,S_P23265
P23266,2022,R_P23266,S_P23266
P23268,2021,R_P23268,S_P23268
P23269,2022,R_P18844,S_P18844
P23270,2022,R_P23270,S_P23270
P23273,2022,R_P23273,S_P23273
P23274,2023,R_P23274,S_P23274
P23275,2022,R_P23275,S_P23275
P23277,2024,R_P23277,S_P23277
P23280,2022,R_P23280,S_P23280
P23282,2022,R_P23282,S_P23282
P23283,2022,R_P23283,S_P23283
P23286,2022,R_P23286,S_P23286
P23287,2022,R_P23287,S_P23287
P23289,2022,R_P23289,S_P23289
P23290,2022,R_P23290,S_P23290
P23297,2022,R_P23297,S_P23297
P23311,2022,R_P23311,S_P23311
P23312,2022,R_P23312,S_P23312
P23314,2023,R_P23314,S_P23314
P23319,2023,R_P23319,S_P23319
P23320,2023,R_P23320,S_P23320
P23321,2023,R_P23321,S_P23321
P23322,2023,R_P23322,S_P23322
P23323,2023,R_P18809,S_P18809
P23324,2023,R_P23324,S_P23324
P23327,2026,R_P23327,S_P23327
P23328,2025,R_P23328,S_P23328
P23329,2026,R_P23329,S_P23329
P23340,2019,R_P23340,S_P23340
P23346,2026,R_P23346,S_P23346
P23351,2026,R_P23351,S_P23351
P23353,2021,R_P23353,S_P23353
P23361,2026,R_P23361,S_P23361
P23364,2026,R_P18754,S_P18754
P23366,2026,R_P23366,S_P23366
P23367,2026,R_P23367,S_P23367
P23376,2026,R_P23376,S_P23376
P23385,2026,R_P23385,S_P23385
P23387,2026,R_P23387,S_P23387
P23390,2026,R_P23390,S_P23390
P23396,2026,R_P23396,S_P23396
P23399,2026,R_P23399,S_P23399
P23408,2026,R_P23408,S_P23408
P23418,2026,R_P20038,S_P20038
P23420,2022,R_P23420,S_P23420
P23421,2021,R_P23421,S_P23421
P23422,2021,R_P23422,S_P23422
P23425,2021,R_P23425,S_P23425
P23426,2021,R_P23426,S_P23426
P23427,2021,R_P23427,S_P23427
P23430,2022,R_P23430,S_P23430
P23431,2022,R_P23431,S_P23431
P23432,2021,R_P17969,S_P17969
P23434,2021,R_P23434,S_P23434
P23435,2021,R_P23435,S_P23435
P23436,2021,R_P23436,S_P23436
P23437,2021,R_P23435,S_P23435
P23439,2022,R_P23439,S_P23439
P23440,2022,R_P23440,S_P23440
P23444,2025,R_P23444,S_P23444
P23454,2024,R_P18655,S_P18655
P23456,2026,R_P23456,S_P23456
P23460,2023,R_P23456,S_P23456
P23468,2021,R_P23468,S_P23468
P23469,2021,R_P23469,S_P23469
P23470,2021,R_P23470,S_P23470
P23471,2021,R_P23471,S_P23471
P23473,2021,R_P23473,S_P23473
P23474,2022,R_P23472,S_P23472
P23475,2021,R_P23475,S_P23475
P23477,2022,R_P23477,S_P23477
P23483,2022,R_P18620,S_P18620
P23514,2020,R_P23514,S_P23514
P23516,2020,R_P23516,S_P23516
P23517,2019,R_P23517,S_P23517
P23518,2019,R_P23518,S_P23518
P23519,2019,R_P23519,S_P23519
P23520,2020,R_P23520,S_P23520
P23521,2025,R_P23521,S_P23521
P23545,2026,R_P23545,S_P23545
P23549,2026,R_P23549,S_P23549
P23550,2025,R_P23548,S_P23548
P23551,2021,R_P23551,S_P23551
P23560,2026,R_P23560,S_P23560
P23596,2024,R_P23596,S_P23596
P23619,2023,R_P23619,S_P23619
P23620,2023,R_P23620,S_P23620
P23621,2023,R_P23621,S_P23621
P23622,2024,R_P23622,S_P23622
P23623,2023,R_P23623,S_P23623
P23625,2023,R_P23625,S_P23625
P23626,2023,R_P23626,S_P23626
P23627,2023,R_P23627,S_P23627
P23628,2023,R_P23628,S_P23628
P23630,2023,R_P23630,S_P23630
P23631,2023,R_P23629,S_P23629
P23632,2024,R_P23632,S_P23632
P23634,2023,R_P23634,S_P23634
P23635,2023,R_P23635,S_P23635
P23636,2024,R_P23636,S_P23636
P23637,2024,R_P23637,S_P23637
P23638,2023,R_P23638,S_P23638
P23639,2023,R_P23639,S_P23639
P23641,2023,R_P23641,S_P23641
P23689,2021,R_P23689,S_P23689
P23690,2021,R_P23690,S_P23690
P23720,2025,R_P23720,S_P23720
P23728,2024,R_P23728,S_P23728
P23730,2024,R_P18327,S_P18327
P23731,2024,R_P23731,S_P23731
P23732,2024,R_P23732,S_P23732
P23733,2025,R_P23733,S_P23733
P23734,2024,R_P23733,S_P23733
P23737,2023,R_P23737,S_P23737
P23740,2024,R_P23740,S_P23740
P23744,2024,R_P23744,S_P23744
P23747,2024,R_P23747,S_P23747
P23748,2024,R_P23748,S_P23748
P23750,2026,R_P19835,S_P19837
P23757,2026,R_P23757,S_P23757
P23758,2026,R_P23753,S_P23753
P23759,2026,R_P23759,S_P23759
P23779,2023,R_P23779,S_P23779
P23780,2022,R_P23780,S_P23780
P23783,2026,R_P18281,S_P18281
P23784,2026,R_P23784,S_P23784
P23785,2026,R_P23785,S_P23785
P23793,2020,R_P23793,S_P23793
P23797,2026,R_P23797,S_P23797
P23800,2026,R_P23800,S_P23800
P23802,2026,R_P23802,S_P23802
P23806,2026,R_P23806,S_P23806
P23807,2026,R_P23807,S_P23807
P23808,2026,R_P23808,S_P23808
P23809,2022,R_P23809,S_P23809
P23810,2022,R_P23810,S_P23810
P23812,2022,R_P23812,S_P23812
P23814,2026,R_P23814,S_P23814
P23819,2026,R_P23819,S_P23819
P23820,2026,R_P23820,S_P23820
P23822,2026,R_P23822,S_P23822
P23839,2025,R_P23839,S_P23839
P23843,2024,R_P23843,S_P23843
P23853,2019,R_P23853,S_P23853
P23857,2026,R_P23857,S_P23857
P23861,2025,R_P23861,S_P23861
P23864,2026,R_P23864,S_P23864
P23865,2026,R_P23865,S_P23865
P23866,2026,R_P23866,S_P23866
P23870,2024,R_P23870,S_P23870
P23883,2026,R_P23883,S_P23883
P23884,2026,R_P23884,S_P23884
P23886,2026,R_P23886,S_P23886
P23889,2021,R_P23889,S_P23889
P23890,2026,R_P23890,S_P23890
P23895,2023,R_P23895,S_P23895
P23904,2026,R_P23904,S_P23904
P23905,2026,R_P23905,S_P23905
P23910,2026,R_P23907,S_P23907
P23911,2026,R_P23911,S_P23911
P23913,2026,R_P23913,S_P23913
P23931,2025,R_P23931,S_P23931
P23933,2023,R_P23933,S_P23933
P23945,2021,R_P23945,S_P23945
P23946,2021,R_P23946,S_P23946
P23948,2022,R_P23948,S_P23948
P23949,2021,R_P23949,S_P23949
P23950,2021,R_P23950,S_P23950
P23952,2023,R_P23952,S_P23952
P23953,2021,R_P23953,S_P23953
P23954,2021,R_P23954,S_P23954
P23956,2021,R_P23956,S_P23956
P23960,2022,R_P23960,S_P23960
P23962,2026,R_P23962,S_P23962
P23965,2026,R_P23965,S_P23965
P23966,2026,R_P23966,S_P23966
P23967,2026,R_P23967,S_P23967
P23972,2026,R_P23972,S_P23972
P23976,2019,R_P23976,S_P23976
P23978,2026,R_P23978,S_P23978
P23981,2024,R_P23981,S_P23981
P23982,2026,R_P23982,S_P23982
P23983,2026,R_P23983,S_P23983
P23984,2026,R_P23984,S_P23984
P23986,2026,R_P23984,S_P23984
P23993,2026,R_P23993,S_P23993
P24000,2026,R_P24000,S_P24000
P24002,2026,R_P24002,S_P24002
P24012,2026,R_P24012,S_P24012
P24014,2026,R_P18051,S_P18051
P24015,2021,R_P24015,S_P24015
P24016,2025,R_P24016,S_P24016
P24024,2022,R_P24024,S_P24024
P24025,2022,R_P24025,S_P24025
P24027,2026,R_P24027,S_P24027
P24030,2026,R_P24030,S_P24030
P24043,2021,R_P24043,S_P24043
P24044,2022,R_P24044,S_P24044
P24046,2022,R_P24046,S_P24046
P24047,2023,R_P24047,S_P24047
P24049,2022,R_P24049,S_P24049
P24050,2021,R_P24050,S_P24050
P24051,2021,R_P24051,S_P24051
P24052,2022,R_P24052,S_P24052
P24053,2021,R_P24051,S_P24051
P24054,2021,R_P24054,S_P24054
P24055,2021,R_P24055,S_P24055
P24056,2022,R_P24056,S_P24056
P24057,2021,R_P24054,S_P24054
P24058,2021,R_P18028,S_P18028
P24059,2022,R_P24059,S_P24059
P24060,2021,R_P24060,S_P24060
P24061,2022,R_P24061,S_P24061
P24062,2021,R_P24062,S_P24062
P24064,2022,R_P24064,S_P24064
P24065,2021,R_P24065,S_P24065
P24067,2022,R_P24062,S_P24062
P24068,2021,R_P24068,S_P24068
P24069,2021,R_P24069,S_P24069
P24070,2023,R_P24070,S_P24070
P24073,2021,R_P24073,S_P24073
P24074,2021,R_P24074,S_P24074
P24075,2021,R_P24075,S_P24075
P24076,2022,R_P24076,S_P24076
P24077,2021,R_P24077,S_P24077
P24078,2021,R_P24078,S_P24078
P24080,2023,R_P24080,S_P24080
P24081,2021,R_P24081,S_P24081
P24082,2023,R_P24082,S_P24082
P24084,2022,R_P24084,S_P24084
P24085,2022,R_P24085,S_P24085
P24087,2022,R_P24085,S_P24085
P24090,2022,R_P24090,S_P24090
P24091,2021,R_P24091,S_P24091
P24092,2021,R_P24092,S_P24092
P24093,2021,R_P24093,S_P24093
P24094,2022,R_P18023,S_P18023
P24095,2021,R_P24093,S_P24093
P24096,2022,R_P24096,S_P24096
P24097,2021,R_P24097,S_P24097
P24098,2021,R_P24098,S_P24098
P24099,2021,R_P24099,S_P24099
P24100,2022,R_P24100,S_P24100
P24103,2022,R_P24103,S_P24103
P24104,2022,R_P24104,S_P24104
P24105,2021,R_P24105,S_P24105
P24106,2022,R_P24106,S_P24106
P24108,2022,R_P18016,S_P18016
P24128,2023,R_P24128,S_P24128
P24129,2024,R_P24129,S_P24129
P24130,2024,R_P24129,S_P24129
P24131,2024,R_P24131,S_P24131
P24132,2025,R_P24132,S_P24132
P24136,2021,R_P24136,S_P24136
P24137,2022,R_P24137,S_P24137
P24138,2022,R_P24138,S_P24138
P24140,2020,R_P24140,S_P24140
P24141,2022,R_P24141,S_P24141
P24143,2021,R_P24143,S_P24143
P24144,2022,R_P24144,S_P24144
P24148,2021,R_P24148,S_P24148
P24149,2022,R_P24149,S_P24149
P24150,2021,R_P24150,S_P24150
P24151,2021,R_P24151,S_P24151
P24152,2024,R_P24152,S_P24152
P24154,2021,R_P24154,S_P24154
P24155,2022,R_P17961,S_P17961
P24161,2023,R_P24161,S_P24161
P24162,2023,R_P24162,S_P24162
P24163,2023,R_P24163,S_P24163
P24164,2023,R_P24164,S_P24164
P24166,2023,R_P24166,S_P24166
P24169,2023,R_P17940,S_P17940
P24171,2023,R_P24171,S_P24171
P24196,2026,R_P24196,S_P24196
P24197,2026,R_P24197,S_P24197
P24213,2026,R_P24213,S_P24213
P24214,2026,R_P24214,S_P24214
P24216,2026,R_P24216,S_P24216
P24227,2024,R_P24227,S_P24227
P24229,2023,R_P24229,S_P24229
P24243,2024,R_P24243,S_P24243
P24244,2024,R_P24244,S_P24244
P24245,2024,R_P24245,S_P24245
P24247,2024,R_P24247,S_P24247
P24248,2024,R_P24248,S_P24248
P24249,2024,R_P24249,S_P24249
P24250,2024,R_P24250,S_P24250
P24251,2024,R_P24251,S_P24251
P24252,2024,R_P09945,S_P09945
P24253,2023,R_P24250,S_P24250
P24254,2024,R_P24254,S_P24254
P24255,2024,R_P24250,S_P24250
P24256,2024,R_P24256,S_P24256
P24258,2024,R_P24258,S_P24258
P24259,2024,R_P24259,S_P24259
P24261,2024,R_P24261,S_P24261
P24263,2024,R_P24263,S_P24263
P24264,2024,R_P24264,S_P24264
P24265,2024,R_P24265,S_P24265
P24266,2023,R_P24266,S_P24266
P24268,2024,R_P24267,S_P24267
P24269,2024,R_P24269,S_P24269
P24270,2024,R_P24270,S_P24270
P24271,2024,R_P24271,S_P24271
P24272,2023,R_P24271,S_P24271
P24273,2024,R_P24273,S_P24273
P24274,2024,R_P24270,S_P24270
P24275,2024,R_P24275,S_P24275
P24277,2022,R_P17319,S_P17319
P24278,2026,R_P24278,S_P24278
P24297,2021,R_P24297,S_P24297
P24298,2021,R_P24298,S_P24298
P24299,2022,R_P24299,S_P24299
P24311,2021,R_P24311,S_P24311
P24313,2021,R_P24313,S_P24313
P24314,2022,R_P24314,S_P24314
P24317,2023,R_P24317,S_P24317
P24318,2021,R_P24318,S_P24318
P24319,2021,R_P24319,S_P24319
P24321,2021,R_P24321,S_P24321
P24322,2022,R_P24322,S_P24322
P24324,2021,R_P24324,S_P24324
P24325,2021,R_P24325,S_P24325
P24327,2022,R_P24327,S_P24327
P24328,2021,R_P24328,S_P24328
P24329,2022,R_P24329,S_P24329
P24330,2022,R_P24330,S_P24330
P24331,2022,R_P24331,S_P24331
P24332,2021,R_P24332,S_P24332
P24335,2022,R_P24335,S_P24335
P24336,2021,R_P24336,S_P24336
P24337,2022,R_P24333,S_P24333
P24339,2023,R_P24339,S_P24339
P24340,2022,R_P24340,S_P24340
P24341,2023,R_P24341,S_P24341
P24342,2021,R_P24342,S_P24342
P24343,2022,R_P24343,S_P24343
P24344,2022,R_P24344,S_P24344
P24345,2022,R_P24345,S_P24345
P24346,2023,R_P24346,S_P24346
P24351,2025,R_P24351,S_P24351
P24372,2024,R_P24372,S_P24372
P24373,2022,R_P24373,S_P24373
P24376,2022,R_P24376,S_P24376
P24377,2022,R_P24377,S_P24377
P24378,2022,R_P24378,S_P24378
P24379,2021,R_P24379,S_P24379
P24380,2024,R_P24380,S_P24380
P24382,2023,R_P24382,S_P24382
P24383,2024,R_P24383,S_P24383
P24399,2022,R_P24399,S_P24399
P24400,2022,R_P24400,S_P24400
P24401,2020,R_P24401,S_P24401
P24402,2020,R_P24402,S_P24402
P24403,2022,R_P24403,S_P24403
P24406,2022,R_P24406,S_P24406
P24408,2022,R_P24408,S_P24408
P24409,2022,R_P24409,S_P24409
P24411,2022,R_P24411,S_P24411
P24413,2021,R_P18849,S_P18849
P24414,2022,R_P24414,S_P24414
P24415,2022,R_P24415,S_P24415
P24416,2022,R_P24416,S_P24416
P24418,2022,R_P24418,S_P24418
P24419,2023,R_P24419,S_P24419
P24420,2024,R_P24420,S_P24420
P24421,2022,R_P24421,S_P24421
P24422,2021,R_P24422,S_P24422
P24423,2022,R_P24423,S_P24423
P24424,2022,R_P24424,S_P24424
P24425,2022,R_P24425,S_P24425
P24427,2021,R_P24427,S_P24427
P24428,2022,R_P24428,S_P24428
P24429,2023,R_P24429,S_P24429
P24431,2022,R_P24431,S_P24431
P24433,2023,R_P24433,S_P24433
P24434,2022,R_P24434,S_P24434
P24435,2021,R_P24435,S_P24435
P24436,2022,R_P24436,S_P24436
P24437,2022,R_P24437,S_P24437
P24453,2021,R_P17695,S_P17695
P24454,2024,R_P24454,S_P24454
P24458,2022,R_P24458,S_P24458
P24459,2022,R_P24459,S_P24459
P24460,2022,R_P24458,S_P24458
P24461,2022,R_P24461,S_P24461
P24462,2022,R_P24462,S_P24462
P24463,2022,R_P24463,S_P24463
P24464,2021,R_P24464,S_P24464
P24465,2022,R_P24465,S_P24465
P24466,2024,R_P24466,S_P24466
P24468,2022,R_P24468,S_P24468
P24469,2021,R_P17674,S_P17674
P24473,2023,R_P24473,S_P24473
P24474,2022,R_P24474,S_P24474
P24475,2022,R_P24475,S_P24475
P24476,2022,R_P24476,S_P24476
P24480,2020,R_P24480,S_P24480
P24481,2023,R_P24481,S_P24481
P24482,2022,R_P24482,S_P24482
P24483,2022,R_P24483,S_P24483
P24484,2022,R_P24484,S_P24484
P24487,2022,R_P24487,S_P24487
P24490,2022,R_P24490,S_P24490
P24493,2025,R_P24493,S_P24493
P24515,2023,R_P24515,S_P24515
P24530,2026,R_P24530,S_P24530
P24539,2026,R_P24539,S_P24539
P24551,2025,R_P24551,S_P24551
P24561,2021,R_P24561,S_P24561
P24563,2021,R_P18896,S_P18897
P24564,2022,R_P24564,S_P24564
P24565,2022,R_P24565,S_P24565
P24566,2021,R_P24566,S_P24566
P24570,2021,R_P24570,S_P24570
P24572,2022,R_P24571,S_P24571
P24574,2021,R_P24574,S_P24574
P24575,2022,R_P24575,S_P24575
P24576,2021,R_P24576,S_P24576
P24581,2021,R_P24581,S_P24581
P24583,2021,R_P24583,S_P24583
P24584,2022,R_P24584,S_P24584
P24585,2021,R_P24585,S_P24585
P24586,2022,R_P24586,S_P24586
P24587,2022,R_P24587,S_P24587
P24589,2022,R_P24589,S_P24589
P24592,2022,R_P24592,S_P24592
P24594,2022,R_P24594,S_P24594
P24596,2022,R_P24595,S_P24595
P24597,2022,R_P24597,S_P24597
P24601,2023,R_P24601,S_P24601
P24602,2021,R_P24602,S_P24602
P24603,2022,R_P24603,S_P24603
P24604,2022,R_P24604,S_P24604
P24606,2023,R_P17595,S_P17595
P24607,2022,R_P24607,S_P24607
P24608,2022,R_P24608,S_P24608
P24609,2023,R_P24609,S_P24609
P24610,2021,R_P24610,S_P24610
P24611,2022,R_P24611,S_P24611
P24612,2021,R_P24611,S_P24611
P24631,2021,R_P24631,S_P24631
P24641,2021,R_P24641,S_P24641
P24651,2020,R_P24651,S_P24651
P24652,2020,R_P24652,S_P24652
P24653,2022,R_P24653,S_P24653
P24654,2020,R_P24654,S_P24654
P24666,2021,R_P24666,S_P24666
P24667,2021,R_P24667,S_P24667
P24668,2022,R_P24668,S_P24668
P24677,2022,R_P24677,S_P24677
P24678,2022,R_P24678,S_P24678
P24679,2021,R_P24679,S_P24679
P24680,2022,R_P24680,S_P24680
P24683,2022,R_P24683,S_P24683
P24684,2022,R_P24684,S_P24684
P24686,2022,R_P24686,S_P24686
P24687,2022,R_P24687,S_P24687
P24688,2022,R_P24688,S_P24688
P24690,2022,R_P24690,S_P24690
P24691,2022,R_P24691,S_P24691
P24692,2021,R_P24692,S_P24692
P24693,2022,R_P24693,S_P24693
P24694,2022,R_P24694,S_P24694
P24695,2021,R_P24695,S_P24695
P24697,2021,R_P24697,S_P24697
P24698,2022,R_P24698,S_P24698
P24701,2022,R_P24701,S_P24701
P24702,2022,R_P24702,S_P24702
P24708,2021,R_P24708,S_P24708
P24709,2023,R_P24709,S_P24709
P24710,2022,R_P24710,S_P24710
P24711,2022,R_P24711,S_P24711
P24712,2022,R_P24712,S_P24712
P24713,2022,R_P24713,S_P24713
P24714,2021,R_P24709,S_P24709
P24717,2021,R_P24717,S_P24717
P24718,2021,R_P24718,S_P24718
P24719,2022,R_P24719,S_P24719
P24723,2022,R_P24723,S_P24723
P24724,2022,R_P24724,S_P24724
P24725,2022,R_P24725,S_P24725
P24726,2021,R_P24726,S_P24726
P24727,2022,R_P24727,S_P24727
P24728,2022,R_P24728,S_P24728
P24730,2022,R_P24730,S_P24730
P24731,2022,R_P24731,S_P24731
P24732,2024,R_P24732,S_P24732
P24733,2022,R_P24733,S_P24733
P24734,2022,R_P24734,S_P24734
P24743,2020,R_P24743,S_P24743
P24744,2020,R_P24744,S_P24744
P24745,2020,R_P24745,S_P24745
P24747,2025,R_P24747,S_P24747
P24748,2025,R_P24748,S_P24748
P24750,2026,R_P24750,S_P24750
P24754,2026,R_P24754,S_P24754
P24757,2026,R_P24757,S_P24757
P24758,2025,R_P24758,S_P24758
P24759,2026,R_P24759,S_P24759
P24760,2026,R_P24760,S_P24760
P24764,2026,R_P24764,S_P24764
P24765,2026,R_P24765,S_P24765
P24766,2026,R_P24766,S_P24766
P24768,2026,R_P24768,S_P24768
P24769,2026,R_P24768,S_P24768
P24774,2021,R_P24774,S_P24774
P24776,2026,R_P24776,S_P24776
P24789,2025,R_P24789,S_P24789
P24792,2026,R_P24792,S_P24792
P24795,2026,R_P24795,S_P24795
P24805,2023,R_P24805,S_P24805
P24807,2026,R_P24807,S_P24807
P24809,2026,R_P24809,S_P24809
P24810,2026,R_P24810,S_P24810
P24813,2026,R_P24813,S_P24813
P24819,2026,R_P24819,S_P24819
P24823,2026,R_P24823,S_P24823
P24826,2026,R_P24826,S_P24826
P24830,2023,R_P24830,S_P24830
P24831,2025,R_P24831,S_P24831
P24833,2022,R_P24830,S_P24830
P24837,2026,R_P24837,S_P24837
P24838,2026,R_P24838,S_P24838
P24839,2026,R_P24839,S_P24839
P24842,2026,R_P24842,S_P24842
P24843,2026,R_P24843,S_P24843
P24844,2026,R_P24844,S_P24844
P24870,2025,R_P24870,S_P24870
P24891,2026,R_P24891,S_P24891
P24893,2026,R_P24893,S_P24893
P24894,2026,R_P24894,S_P24894
P24896,2026,R_P24896,S_P24896
P24897,2026,R_P24897,S_P24897
P24899,2026,R_P24899,S_P24899
P24901,2026,R_P24901,S_P24901
P24902,2026,R_P24902,S_P24902
P24905,2026,R_P24905,S_P24905
P24906,2025,R_P24906,S_P24906
P24907,2026,R_P24907,S_P24907
P24908,2026,R_P24908,S_P24908
P24909,2026,R_P24909,S_P24909
P24910,2022,R_P24910,S_P24910
P24911,2025,R_P24906,S_P24906
P24919,2026,R_P24919,S_P24919
P24920,2022,R_P24920,S_P24920
P24921,2026,R_P24921,S_P24921
P24922,2025,R_P24922,S_P24922
P24923,2026,R_P24923,S_P24923
P24934,2026,R_P17430,S_P17430
P24945,2026,R_P24945,S_P24945
P24948,2026,R_P24948,S_P24948
P24949,2026,R_P24949,S_P24949
P24951,2026,R_P24951,S_P24951
P24952,2026,R_P24952,S_P24952
P24953,2026,R_P24953,S_P24953
P24954,2026,R_P24954,S_P24954
P24956,2026,R_P24956,S_P24956
P24957,2025,R_P24956,S_P24956
P24961,2026,R_P24961,S_P24961
P24962,2026,R_P24962,S_P24962
P24963,2023,R_P24963,S_P24963
P24967,2023,R_P24967,S_P24967
P24968,2023,R_P24963,S_P24963
P24973,2023,R_P24973,S_P24973
P24974,2020,R_P18998,S_P18998
P24975,2023,R_P24975,S_P24975
P25015,2025,R_P25015,S_P25015
P25021,2023,R_P25021,S_P25021
P25039,2022,R_P25039,S_P25039
P25042,2022,R_P25042,S_P25042
P25043,2022,R_P25043,S_P25043
P25058,2023,R_P25058,S_P25058
P25074,2025,R_P25074,S_P25074
P25091,2022,R_P25091,S_P25091
P25105,2019,R_P25105,S_P25105
P25106,2019,R_P25106,S_P25106
P25107,2020,R_P25107,S_P25107
P25127,2019,R_P25126,S_P25126
P25145,2026,R_P25145,S_P25145
P25148,2025,R_P25148,S_P25148
P25149,2026,R_P25149,S_P25149
P25150,2026,R_P25150,S_P25150
P25151,2026,R_P25151,S_P25151
P25152,2026,R_P25152,S_P25152
P25153,2026,R_P25153,S_P25153
P25154,2025,R_P25154,S_P25154
P25155,2026,R_P25155,S_P25155
P25156,2026,R_P25151,S_P25151
P25157,2026,R_P25157,S_P25157
P25158,2026,R_P17316,S_P17316
P25159,2026,R_P25159,S_P25159
P25160,2026,R_P25160,S_P25160
P25163,2026,R_P25163,S_P25163
P25164,2026,R_P25164,S_P25164
P25166,2026,R_P25166,S_P25166
P25167,2026,R_P25167,S_P25167
P25168,2026,R_P25168,S_P25168
P25187,2022,R_P25187,S_P25187
P25188,2026,R_P25188,S_P25188
P25190,2026,R_P25190,S_P25190
P25191,2025,R_P25191,S_P25191
P25192,2026,R_P25192,S_P25192
P25194,2026,R_P25194,S_P25194
P25196,2026,R_P25196,S_P25196
P25211,2026,R_P25211,S_P25211
P25214,2026,R_P25214,S_P25214
P25216,2026,R_P25216,S_P25216
P25217,2026,R_P25217,S_P25217
P25225,2025,R_P25225,S_P25225
P25235,2026,R_P25235,S_P25235
P25237,2026,R_P25237,S_P25237
P25240,2022,R_P25240,S_P25240
P25241,2026,R_P25241,S_P25241
P25242,2026,R_P25242,S_P25242
P25244,2026,R_P25244,S_P25244
P25246,2026,R_P25246,S_P25246
P25252,2026,R_P25252,S_P25252
P25253,2026,R_P25253,S_P25253
P25254,2026,R_P25254,S_P25254
P25255,2026,R_P25255,S_P25255
P25256,2026,R_P25256,S_P25256
P25259,2026,R_P25259,S_P25259
P25264,2026,R_P25264,S_P25264
P25266,2026,R_P25266,S_P25266
P25267,2026,R_P25267,S_P25267
P25268,2026,R_P25268,S_P25268
P25270,2026,R_P25270,S_P25270
P25271,2026,R_P25271,S_P25271
P25272,2026,R_P25270,S_P25270
P25273,2019,R_P25273,S_P25273
P25274,2020,R_P25274,S_P25274
P25279,2025,R_P25279,S_P25279
P25280,2023,R_P25280,S_P25280
P25281,2023,R_P25280,S_P25280
P25282,2022,R_P25282,S_P25282
P25283,2022,R_P25283,S_P25283
P25284,2022,R_P25284,S_P25284
P25299,2019,R_P25299,S_P25299
P25316,2021,R_P25316,S_P25316
P25321,2022,R_P25321,S_P25321
P25322,2022,R_P25322,S_P25322
P25323,2022,R_P25323,S_P25323
P25331,2024,R_P25331,S_P25331
P25332,2023,R_P25332,S_P25332
P25333,2024,R_P17183,S_P17183
P25334,2023,R_P25334,S_P25334
P25350,2023,R_P25350,S_P25350
P25351,2022,R_P25351,S_P25351
P25352,2022,R_P25352,S_P25352
P25353,2022,R_P25353,S_P25353
P25354,2019,R_P25354,S_P25354
P25355,2019,R_P25355,S_P25355
P25356,2019,R_P25356,S_P25356
P25379,2026,R_P25379,S_P25379
P25380,2026,R_P25380,S_P25380
P25383,2026,R_P25383,S_P25383
P25410,2026,R_P25410,S_P25410
P25411,2026,R_P25408,S_P25408
P25412,2026,R_P25412,S_P25412
P25413,2026,R_P25413,S_P25413
P25414,2026,R_P25414,S_P25414
P25416,2026,R_P25416,S_P25416
P25417,2026,R_P25417,S_P25417
P25419,2025,R_P25419,S_P25419
P25421,2026,R_P25421,S_P25421
P25422,2022,R_P25422,S_P25422
P25423,2025,R_P25423,S_P25423
P25425,2025,R_P25425,S_P25425
P25426,2025,R_P25426,S_P25426
P25427,2026,R_P25427,S_P25427
P25428,2026,R_P25428,S_P25428
P25429,2026,R_P25429,S_P25429
P25432,2026,R_P25432,S_P25432
P25433,2026,R_P25433,S_P25433
P25435,2026,R_P25435,S_P25435
P25436,2026,R_P25436,S_P25436
P25439,2026,R_P25439,S_P25439
P25441,2026,R_P25441,S_P25441
P25443,2026,R_P25443,S_P25443
P25445,2026,R_P25445,S_P25445
P25453,2026,R_P25453,S_P25453
P25454,2026,R_P25454,S_P25454
P25462,2026,R_P25462,S_P25462
P25463,2026,R_P25454,S_P25454
P25464,2026,R_P25464,S_P25464
P25465,2026,R_P25465,S_P25465
P25470,2026,R_P25470,S_P25470
P25472,2023,R_P25472,S_P25472
P25476,2026,R_P25476,S_P25476
P25478,2026,R_P25478,S_P25478
P25479,2026,R_P25475,S_P25475
P25481,2023,R_P17123,S_P17123
P25485,2025,R_P25485,S_P25485
P25487,2025,R_P25487,S_P25487
P25502,2025,R_P25502,S_P25502
P25509,2024,R_P25509,S_P25509
P25510,2024,R_P25510,S_P25510
P25511,2024,R_P17088,S_P17088
P25532,2020,R_P25532,S_P25532
P25534,2020,R_P25534,S_P25534
P25549,2019,R_P25549,S_P25549
P25553,2024,R_P25553,S_P25553
P25558,2024,R_P25558,S_P25558
P25563,2024,R_P25563,S_P25563
P25576,2024,R_P25576,S_P25576
P25577,2022,R_P25577,S_P25577
P25578,2022,R_P25578,S_P25578
P25579,2023,R_P25579,S_P25579
P25581,2023,R_P25581,S_P25581
P25582,2022,R_P25581,S_P25581
P25583,2022,R_P25583,S_P25583
P25606,2023,R_P25604,S_P25604
P25620,2022,R_P25620,S_P25620
P25621,2021,R_P25621,S_P25621
P25622,2021,R_P25622,S_P25622
P25623,2021,R_P25623,S_P25623
P25625,2021,R_P25625,S_P25625
P25626,2021,R_P25626,S_P25626
P25627,2022,R_P25627,S_P25627
P25629,2022,R_P25629,S_P25629
P25630,2021,R_P25625,S_P25625
P25631,2021,R_P25631,S_P25631
P25632,2021,R_P25632,S_P25632
P25633,2022,R_P25633,S_P25633
P25634,2022,R_P25634,S_P25634
P25635,2022,R_P25635,S_P25635
P25636,2022,R_P25636,S_P25636
P25638,2021,R_P25638,S_P25638
P25639,2021,R_P25639,S_P25639
P25668,2023,R_P25668,S_P25668
P25674,2026,R_P25674,S_P25674
P25676,2026,R_P25676,S_P25676
P25689,2024,R_P25688,S_P25688
P25691,2025,R_P25691,S_P25691
P25693,2025,R_P25691,S_P25691
P25725,2026,R_P25725,S_P25725
P25741,2021,R_P25741,S_P25741
P25742,2026,R_P25742,S_P25742
P25774,2021,R_P25774,S_P25774
P25858,2019,R_P25858,S_P25858
P25860,2019,R_P25860,S_P25860
P25862,2019,R_P25862,S_P25862
P25864,2019,R_P25864,S_P25864
P25872,2019,R_P25872,S_P25872
P25873,2019,R_P25873,S_P25873
P25874,2019,R_P25874,S_P25874
P25875,2021,R_P25875,S_P25875
P25877,2023,R_P25877,S_P25877
P25878,2023,R_P25878,S_P25878
P25879,2022,R_P25879,S_P25879
P25880,2022,R_P25880,S_P25880
P25905,2020,R_P25905,S_P25905
P25907,2020,R_P25907,S_P25907
P25909,2019,R_P25909,S_P25909
P25911,2019,R_P25911,S_P25911
P25916,2019,R_P25916,S_P25916
P25920,2019,R_P25920,S_P25920
P25921,2026,R_P25921,S_P25921
P25923,2026,R_P25923,S_P25923
P25925,2026,R_P25925,S_P25925
P25938,2022,R_P25938,S_P25938
P25940,2020,R_P25940,S_P25940
P25941,2023,R_P25941,S_P25941
P25943,2022,R_P25943,S_P25943
P25944,2023,R_P25944,S_P25944
P25945,2022,R_P25945,S_P25945
P25946,2023,R_P25946,S_P25946
P25947,2026,R_P25947,S_P25947
P25951,2024,R_P25951,S_P25951
P25979,2025,R_P25979,S_P25979
P25983,2023,R_P25983,S_P25983
P25985,2026,R_P25985,S_P25985
P25986,2026,R_P25986,S_P25986
P25987,2026,R_P25987,S_P25987
P25988,2022,R_P25988,S_P25988
P25989,2026,R_P25989,S_P25989
P25990,2026,R_P25990,S_P25990
P25993,2026,R_P25993,S_P25993
P25994,2026,R_P25994,S_P25994
P25995,2026,R_P25995,S_P25995
P25999,2026,R_P25998,S_P25998
P26002,2020,R_P26002,S_P26002
P26003,2023,R_P26003,S_P26003
P26005,2020,R_P26005,S_P26005
P26006,2023,R_P26006,S_P26006
P26007,2020,R_P26007,S_P26007
P26008,2023,R_P26008,S_P26008
P26009,2023,R_P26009,S_P26009
P26010,2023,R_P26010,S_P26010
P26011,2023,R_P26011,S_P26011
P26012,2023,R_P26012,S_P26012
P26013,2023,R_P16827,S_P16827
P26014,2023,R_P26014,S_P26014
P26015,2023,R_P26015,S_P26015
P26016,2023,R_P26016,S_P26016
P26017,2023,R_P26017,S_P26017
P26019,2023,R_P26019,S_P26019
P26020,2023,R_P26020,S_P26020
P26021,2023,R_P26021,S_P26021
P26022,2024,R_P26022,S_P26022
P26023,2023,R_P26023,S_P26023
P26024,2023,R_P26024,S_P26024
P26026,2023,R_P26026,S_P26026
P26028,2023,R_P26028,S_P26028
P26029,2023,R_P26029,S_P26029
P26030,2023,R_P26030,S_P26030
P26031,2023,R_P26031,S_P26031
P26047,2025,R_P26047,S_P26047
P26116,2026,R_P26116,S_P26116
P26132,2026,R_P26132,S_P26132
P26134,2026,R_P26134,S_P26134
P26135,2026,R_P26135,S_P26135
P26136,2026,R_P26136,S_P26136
P26137,2026,R_P26137,S_P26137
P26167,2026,R_P26167,S_P26167
P26168,2026,R_P18216,S_P18216
P26169,2026,R_P26169,S_P26169
P26172,2026,R_P26172,S_P26172
P26178,2026,R_P26178,S_P26178
P26179,2023,R_P26179,S_P26179
P26181,2026,R_P26181,S_P26181
P26182,2026,R_P26182,S_P26182
P26196,2026,R_P26196,S_P26196
P26197,2020,R_P26197,S_P26197
P26198,2019,R_P26198,S_P26198
P26199,2019,R_P26199,S_P26199
P26202,2024,R_P26202,S_P26202
P26204,2019,R_P26204,S_P26204
P26205,2019,R_P26205,S_P26205
P26209,2019,R_P26209,S_P26209
P26214,2020,R_P26214,S_P26214
P26215,2019,R_P26215,S_P26215
P26217,2019,R_P26217,S_P26217
P26218,2020,R_P26218,S_P26218
P26219,2019,R_P26219,S_P26219
P26220,2019,R_P26220,S_P26220
P26225,2021,R_P26225,S_P26225
P26226,2020,R_P26226,S_P26226
P26232,2022,R_P26232,S_P26232
P26233,2021,R_P26233,S_P26233
P26234,2022,R_P26234,S_P26234
P26236,2022,R_P26235,S_P26235
P26240,2022,R_P26240,S_P26240
P26241,2022,R_P26241,S_P26241
P26244,2022,R_P16703,S_P16703
P26245,2022,R_P26245,S_P26245
P26246,2022,R_P26246,S_P26246
P26247,2022,R_P26247,S_P26247
P26248,2021,R_P26248,S_P26248
P26249,2021,R_P26249,S_P26249
P26250,2023,R_P26250,S_P26250
P26251,2022,R_P26251,S_P26251
P26252,2022,R_P16703,S_P16703
P26253,2022,R_P26253,S_P26253
P26254,2021,R_P26254,S_P26254
P26255,2022,R_P26255,S_P26255
P26256,2022,R_P26256,S_P26256
P26257,2023,R_P26257,S_P26257
P26258,2022,R_P26253,S_P26253
P26259,2022,R_P26259,S_P26259
P26261,2022,R_P26261,S_P26261
P26264,2021,R_P26264,S_P26264
P26266,2022,R_P26266,S_P26266
P26267,2022,R_P26267,S_P26267
P26268,2022,R_P26268,S_P26268
P26269,2022,R_P26269,S_P26269
P26271,2023,R_P26271,S_P26271
P26272,2022,R_P26272,S_P26272
P26273,2022,R_P26273,S_P26273
P26274,2022,R_P26274,S_P26274
P26276,2022,R_P26276,S_P26276
P26277,2022,R_P26277,S_P26277
P26279,2022,R_P26279,S_P26279
P26282,2022,R_P26282,S_P26282
P26285,2022,R_P26285,S_P26285
P26286,2022,R_P26286,S_P26286
P26287,2022,R_P26287,S_P26287
P26289,2022,R_P26289,S_P26289
P26291,2022,R_P26291,S_P26291
P26292,2022,R_P26292,S_P26292
P26293,2023,R_P26292,S_P26292
P26294,2022,R_P26291,S_P26291
P26295,2022,R_P26295,S_P26295
P26296,2022,R_P26296,S_P26296
P26304,2022,R_P26304,S_P26304
P26305,2022,R_P26305,S_P26305
P26306,2022,R_P26306,S_P26306
P26307,2022,R_P26307,S_P26307
P26309,2022,R_P26309,S_P26309
P26312,2022,R_P26312,S_P26312
P26316,2022,R_P26316,S_P26316
P26318,2021,R_P26318,S_P26318
P26319,2021,R_P26319,S_P26319
P26320,2021,R_P26320,S_P26320
P26321,2022,R_P26321,S_P26321
P26322,2022,R_P26322,S_P26322
P26323,2022,R_P26323,S_P26323
P26335,2023,R_P26335,S_P26335
P26373,2026,R_P26373,S_P26373
P26377,2026,R_P26377,S_P26377
P26378,2026,R_P26378,S_P26378
P26383,2025,R_P26383,S_P26383
P26392,2026,R_P26392,S_P26392
P26393,2025,R_P26393,S_P26393
P26394,2026,R_P26394,S_P26394
P26398,2026,R_P26398,S_P26398
P26399,2026,R_P26399,S_P26399
P26407,2026,R_P26407,S_P26407
P26408,2026,R_P26408,S_P26408
P26413,2026,R_P26413,S_P26413
P26414,2026,R_P26414,S_P26414
P26415,2026,R_P26415,S_P26415
P26420,2026,R_P26420,S_P26420
P26423,2026,R_P26423,S_P26423
P26429,2026,R_P26429,S_P26429
P26431,2026,R_P26431,S_P26431
P26432,2020,R_P26432,S_P26432
P26433,2026,R_P26433,S_P26433
P26434,2020,R_P26434,S_P26434
P26439,2025,R_P26439,S_P26439
P26446,2026,R_P26446,S_P26446
P26461,2025,R_P26461,S_P26461
P26468,2023,R_P26468,S_P26468
P26472,2023,R_P26472,S_P26472
P26478,2021,R_P26478,S_P26478
P26479,2026,R_P26479,S_P26479
P26483,2021,R_P26483,S_P26483
P26492,2022,R_P16629,S_P16629
P26493,2022,R_P26493,S_P26493
P26494,2021,R_P26494,S_P26494
P26496,2022,R_P26496,S_P26496
P26497,2021,R_P26497,S_P26497
P26498,2022,R_P26496,S_P26496
P26500,2021,R_P26500,S_P26500
P26501,2022,R_P26500,S_P26500
P26502,2022,R_P26500,S_P26500
P26504,2022,R_P26504,S_P26504
P26506,2022,R_P26506,S_P26506
P26511,2021,R_P26511,S_P26511
P26517,2023,R_P26517,S_P26517
P26522,2024,R_P26522,S_P26522
P26524,2024,R_P26524,S_P26524
P26525,2023,R_P26525,S_P26525
P26526,2020,R_P26526,S_P26526
P26537,2024,R_P26537,S_P26537
P26538,2024,R_P26538,S_P26538
P26539,2024,R_P26539,S_P26539
P26540,2025,R_P26540,S_P26540
P26541,2024,R_P26541,S_P26541
P26542,2023,R_P26542,S_P26542
P26574,2025,R_P26574,S_P26574
P26605,2024,R_P26605,S_P26605
P26610,2026,R_P26610,S_P26610
P26611,2026,R_P26611,S_P26611
P26612,2026,R_P26612,S_P26612
P26616,2026,R_P26616,S_P26616
P26617,2026,R_P26617,S_P26617
P26621,2026,R_P26621,S_P26621
P26622,2026,R_P26622,S_P26622
P26623,2026,R_P26623,S_P26623
P26624,2026,R_P26622,S_P26622
P26625,2026,R_P26625,S_P26625
P26626,2026,R_P26626,S_P26626
P26627,2026,R_P26625,S_P26625
P26628,2026,R_P26628,S_P26628
P26629,2026,R_P26629,S_P26629
P26631,2026,R_P26631,S_P26631
P26632,2026,R_P26630,S_P26630
P26633,2026,R_P26633,S_P26633
P26634,2026,R_P26634,S_P26634
P26637,2026,R_P26637,S_P26637
P26638,2026,R_P26638,S_P26638
P26640,2024,R_P26640,S_P26640
P26643,2026,R_P26643,S_P26643
P26644,2026,R_P26644,S_P26644
P26645,2026,R_P26645,S_P26645
P26646,2026,R_P26646,S_P26646
P26648,2026,R_P26648,S_P26648
P26651,2026,R_P26651,S_P26651
P26652,2026,R_P26652,S_P26652
P26654,2026,R_P26654,S_P26654
P26655,2026,R_P26655,S_P26655
P26656,2020,R_P26656,S_P26656
P26657,2020,R_P26657,S_P26657
P26659,2026,R_P26659,S_P26659
P26660,2020,R_P26660,S_P26660
P26662,2026,R_P26662,S_P26662
P26663,2026,R_P26663,S_P26663
P26667,2026,R_P26667,S_P26667
P26670,2019,R_P26670,S_P26670
P26671,2026,R_P26671,S_P26671
P26675,2026,R_P26675,S_P26675
P26677,2026,R_P26677,S_P26677
P26678,2026,R_P26678,S_P26678
P26679,2024,R_P26679,S_P26679
P26680,2026,R_P26680,S_P26680
P26681,2026,R_P26681,S_P26681
P26684,2025,R_P26684,S_P26684
P26685,2026,R_P26685,S_P26685
P26686,2023,R_P26686,S_P26686
P26687,2026,R_P26687,S_P26687
P26688,2024,R_P26688,S_P26688
P26689,2026,R_P26689,S_P26689
P26694,2026,R_P26694,S_P26694
P26697,2026,R_P26697,S_P26697
P26698,2026,R_P26698,S_P26698
P26699,2026,R_P26699,S_P26699
P26700,2026,R_P26700,S_P26700
P26704,2026,R_P19860,S_P19860
P26707,2026,R_P26707,S_P26707
P26708,2026,R_P26708,S_P26708
P26711,2026,R_P26711,S_P26711
P26712,2026,R_P26712,S_P26712
P26714,2026,R_P26714,S_P26714
P26715,2026,R_P26715,S_P26715
P26717,2021,R_P26717,S_P26717
P26718,2026,R_P26718,S_P26718
P26719,2026,R_P26719,S_P26719
P26720,2026,R_P26720,S_P26720
P26721,2026,R_P26721,S_P26721
P26722,2026,R_P16494,S_P16494
P26723,2026,R_P26723,S_P26723
P26724,2026,R_P26724,S_P26724
P26726,2025,R_P26726,S_P26726
P26728,2026,R_P16478,S_P16478
P26729,2025,R_P26729,S_P26729
P26731,2024,R_P26731,S_P26731
P26732,2025,R_P26732,S_P26732
P26734,2025,R_P26734,S_P26734
P26736,2024,R_P26736,S_P26736
P26748,2023,R_P26748,S_P26748
P26749,2023,R_P26749,S_P26749
P26750,2023,R_P26750,S_P26750
P26751,2023,R_P26751,S_P26751
P26753,2023,R_P26753,S_P26753
P26754,2024,R_P26754,S_P26754
P26755,2023,R_P26755,S_P26755
P26756,2023,R_P26756,S_P26756
P26757,2023,R_P26757,S_P26757
P26758,2024,R_P26757,S_P26757
P26771,2022,R_P26769,S_P26769
P26772,2022,R_P26769,S_P26769
P26773,2023,R_P26773,S_P26773
P26778,2025,R_P26778,S_P26778
P26786,2022,R_P26786,S_P26786
P26787,2022,R_P26787,S_P26787
P26788,2022,R_P26788,S_P26788
P26798,2024,R_P26798,S_P26798
P26802,2023,R_P26802,S_P26802
P26807,2025,R_P26807,S_P26807
P26809,2026,R_P16421,S_P16421
P26819,2023,R_P26819,S_P26819
P26820,2023,R_P26820,S_P26820
P26821,2023,R_P26821,S_P26821
P26822,2023,R_P26822,S_P26822
P26840,2019,R_P26840,S_P26840
P26845,2023,R_P26845,S_P26845
P26846,2023,R_P16408,S_P16408
P26855,2024,R_P26855,S_P26855
P26856,2022,R_P26856,S_P26856
P26857,2022,R_P26857,S_P26857
P26858,2026,R_P26858,S_P26858
P26859,2026,R_P26859,S_P26859
P26860,2026,R_P26860,S_P26860
P26863,2025,R_P26863,S_P26863
P26871,2019,R_P26871,S_P26871
P26892,2026,R_P26892,S_P26892
P26919,2023,R_P26917,S_P26917
P26929,2024,R_P26929,S_P26929
P26935,2021,R_P26935,S_P26935
P26936,2023,R_P26936,S_P26936
P26943,2022,R_P26943,S_P26943
P26944,2022,R_P26944,S_P26944
P26947,2022,R_P26947,S_P26947
P26948,2022,R_P26948,S_P26948
P26949,2022,R_P26949,S_P26949
P26950,2021,R_P26950,S_P26950
P26951,2021,R_P26951,S_P26951
P26952,2022,R_P26952,S_P26952
P26953,2023,R_P26953,S_P26953
P26954,2022,R_P26954,S_P26954
P26955,2022,R_P26955,S_P26955
P26957,2022,R_P26957,S_P26957
P26958,2022,R_P26958,S_P26958
P26959,2022,R_P26959,S_P26959
P26960,2022,R_P26960,S_P26960
P26961,2023,R_P26961,S_P26961
P26962,2022,R_P26962,S_P26962
P26963,2023,R_P26963,S_P26963
P26964,2022,R_P26964,S_P26964
P26965,2022,R_P26965,S_P26965
P26967,2021,R_P26967,S_P26967
P26968,2021,R_P26968,S_P26968
P26970,2021,R_P26970,S_P26970
P26971,2022,R_P26971,S_P26971
P26972,2022,R_P26972,S_P26972
P26973,2025,R_P26973,S_P26973
P26974,2023,R_P26974,S_P26974
P26975,2022,R_P26975,S_P26975
P26977,2022,R_P26976,S_P26976
P26978,2022,R_P26978,S_P26978
P26981,2021,R_P26981,S_P26981
P26982,2022,R_P26982,S_P26982
P26983,2022,R_P26983,S_P26983
P26984,2022,R_P26984,S_P26984
P26985,2022,R_P26985,S_P26985
P26986,2022,R_P26986,S_P26986
P26987,2022,R_P26987,S_P26987
P26988,2021,R_P26988,S_P26988
P26989,2022,R_P26989,S_P26989
P26990,2020,R_P26990,S_P26990
P26991,2021,R_P26991,S_P26991
P26993,2022,R_P26993,S_P26993
P26996,2022,R_P26996,S_P26996
P26998,2022,R_P26998,S_P26998
P26999,2022,R_P26999,S_P26999
P27000,2022,R_P27000,S_P27000
P27001,2021,R_P27001,S_P27001
P27003,2020,R_P27003,S_P27003
P27004,2020,R_P27004,S_P27004
P27006,2020,R_P27006,S_P27006
P27007,2022,R_P27007,S_P27007
P27008,2022,R_P27008,S_P27008
P27009,2022,R_P27009,S_P27009
P27010,2022,R_P27010,S_P27010
P27012,2022,R_P27012,S_P27012
P27013,2021,R_P27013,S_P27013
P27014,2022,R_P27013,S_P27013
P27015,2022,R_P27015,S_P27015
P27016,2022,R_P27016,S_P27016
P27017,2022,R_P27017,S_P27017
P27018,2022,R_P27018,S_P27018
P27020,2022,R_P27020,S_P27020
P27021,2022,R_P27021,S_P27021
P27022,2022,R_P27022,S_P27022
P27024,2022,R_P27021,S_P27021
P27026,2022,R_P27026,S_P27026
P27027,2022,R_P27027,S_P27027
P27031,2022,R_P27031,S_P27031
P27032,2022,R_P27032,S_P27032
P27033,2021,R_P27033,S_P27033
P27034,2022,R_P27034,S_P27034
P27036,2022,R_P27036,S_P27036
P27037,2021,R_P27037,S_P27037
P27038,2022,R_P27038,S_P27038
P27040,2022,R_P27039,S_P27039
P27041,2022,R_P27041,S_P27041
P27042,2022,R_P27038,S_P27038
P27043,2023,R_P27038,S_P27038
P27044,2022,R_P27044,S_P27044
P27045,2022,R_P27045,S_P27045
P27047,2022,R_P27047,S_P27047
P27048,2025,R_P27048,S_P27048
P27049,2021,R_P27049,S_P27049
P27050,2022,R_P27050,S_P27050
P27052,2022,R_P27052,S_P27052
P27053,2022,R_P27053,S_P27053
P27054,2022,R_P27054,S_P27054
P27055,2021,R_P27055,S_P27055
P27056,2022,R_P27056,S_P27056
P27057,2023,R_P27057,S_P27057
P27059,2022,R_P27059,S_P27059
P27060,2021,R_P27060,S_P27060
P27061,2022,R_P27061,S_P27061
P27063,2022,R_P27063,S_P27063
P27064,2022,R_P27064,S_P27064
P27065,2022,R_P27065,S_P27065
P27066,2023,R_P27065,S_P27065
P27067,2021,R_P27067,S_P27067
P27068,2022,R_P27067,S_P27067
P27069,2022,R_P27069,S_P27069
P27071,2021,R_P27071,S_P27071
P27072,2023,R_P27072,S_P27072
P27074,2023,R_P27074,S_P27074
P27075,2022,R_P27075,S_P27075
P27076,2022,R_P27076,S_P27076
P27077,2021,R_P27077,S_P27077
P27078,2021,R_P27078,S_P27078
P27079,2022,R_P27079,S_P27079
P27080,2022,R_P27080,S_P27080
P27081,2022,R_P27081,S_P27081
P27082,2022,R_P27082,S_P27082
P27083,2021,R_P27082,S_P27082
P27084,2022,R_P27084,S_P27084
P27085,2022,R_P27085,S_P27085
P27087,2021,R_P27087,S_P27087
P27088,2022,R_P27088,S_P27088
P27091,2022,R_P27091,S_P27091
P27092,2022,R_P27092,S_P27092
P27094,2021,R_P27094,S_P27094
P27121,2022,R_P27121,S_P27121
P27122,2021,R_P27122,S_P27122
P27123,2022,R_P27123,S_P27123
P27125,2021,R_P27125,S_P27125
P27126,2022,R_P27126,S_P27126
P27127,2023,R_P27127,S_P27127
P27130,2022,R_P27130,S_P27130
P27131,2022,R_P27129,S_P27129
P27132,2021,R_P27132,S_P27132
P27133,2022,R_P27132,S_P27132
P27136,2021,R_P27136,S_P27136
P27145,2022,R_P27144,S_P27144
P27146,2022,R_P27144,S_P27144
P27153,2025,R_P27153,S_P27153
P27174,2025,R_P27174,S_P27174
P27180,2022,R_P27180,S_P27180
P27181,2022,R_P27181,S_P27181
P27182,2023,R_P27182,S_P27182
P27184,2022,R_P27184,S_P27184
P27185,2022,R_P27185,S_P27185
P27186,2022,R_P27186,S_P27186
P27187,2022,R_P27187,S_P27187
P27188,2022,R_P27188,S_P27188
P27189,2022,R_P27189,S_P27189
P27191,2022,R_P27191,S_P27191
P27192,2022,R_P27192,S_P27192
P27194,2023,R_P27194,S_P27194
P27195,2022,R_P27195,S_P27195
P27196,2021,R_P27196,S_P27196
P27197,2022,R_P27197,S_P27197
P27198,2023,R_P27198,S_P27198
P27199,2022,R_P27199,S_P27199
P27200,2022,R_P27200,S_P27200
P27201,2022,R_P27201,S_P27201
P27202,2022,R_P27202,S_P27202
P27203,2022,R_P27203,S_P27203
P27204,2022,R_P27204,S_P27204
P27205,2022,R_P27205,S_P27205
P27206,2022,R_P27206,S_P27206
P27207,2022,R_P27207,S_P27207
P27208,2022,R_P27208,S_P27208
P27209,2023,R_P27209,S_P27209
P27210,2022,R_P27210,S_P27210
P27211,2022,R_P27211,S_P27211
P27212,2025,R_P27212,S_P27212
P27213,2022,R_P27213,S_P27213
P27214,2022,R_P27214,S_P27214
P27216,2022,R_P27214,S_P27214
P27217,2023,R_P27217,S_P27217
P27218,2025,R_P27218,S_P27218
P27220,2022,R_P27220,S_P27220
P27221,2022,R_P27221,S_P27221
P27222,2023,R_P27222,S_P27222
P27223,2022,R_P27223,S_P27223
P27224,2022,R_P27224,S_P27224
P27229,2025,R_P27229,S_P27229
P27238,2021,R_P27238,S_P27238
P27241,2025,R_P27241,S_P27241
P27242,2025,R_P27242,S_P27242
P27248,2020,R_P27248,S_P27248
P27251,2026,R_P27251,S_P27251
P27253,2026,R_P27253,S_P27253
P27255,2023,R_P27255,S_P27255
P27256,2023,R_P27256,S_P27256
P27257,2026,R_P27257,S_P27257
P27261,2026,R_P27261,S_P27261
P27263,2026,R_P27263,S_P27263
P27264,2026,R_P27264,S_P27264
P27265,2026,R_P27265,S_P27265
P27266,2026,R_P27266,S_P27266
P27267,2026,R_P27267,S_P27267
P27271,2026,R_P27271,S_P27271
P27272,2020,R_P27272,S_P27272
P27273,2021,R_P27273,S_P27273
P27277,2026,R_P27277,S_P27277
P27279,2026,R_P27279,S_P27279
P27280,2026,R_P16168,S_P16168
P27281,2026,R_P27281,S_P27281
P27282,2026,R_P27281,S_P27281
P27283,2026,R_P27283,S_P27283
P27284,2023,R_P27284,S_P27284
P27285,2026,R_P27285,S_P27285
P27286,2026,R_P27286,S_P27286
P27287,2026,R_P27287,S_P27287
P27288,2026,R_P27288,S_P27288
P27289,2026,R_P27289,S_P27289
P27290,2024,R_P27290,S_P27290
P27291,2024,R_P27291,S_P27291
P27292,2024,R_P27292,S_P27292
P27293,2024,R_P27293,S_P27293
P27294,2024,R_P27294,S_P27294
P27295,2025,R_P27295,S_P27295
P27296,2025,R_P27296,S_P27296
P27297,2024,R_P27297,S_P27297
P27298,2024,R_P27297,S_P27297
P27299,2025,R_P27299,S_P27299
P27300,2021,R_P27300,S_P27300
P27301,2024,R_P27301,S_P27301
P27302,2024,R_P27302,S_P27302
P27303,2021,R_P27303,S_P27303
P27304,2021,R_P27304,S_P27304
P27305,2024,R_P27305,S_P27305
P27306,2020,R_P27306,S_P27306
P27309,2020,R_P27309,S_P27309
P27311,2020,R_P27306,S_P27306
P27340,2025,R_P27340,S_P27340
P27351,2019,R_P27351,S_P27351
P27368,2022,R_P27368,S_P27368
P27397,2024,R_P27397,S_P27397
P27410,2025,R_P27410,S_P27410
P27414,2025,R_P27414,S_P27414
P27416,2025,R_P27414,S_P27414
P27419,2024,R_P27419,S_P27419
P27440,2024,R_P27440,S_P27440
P27441,2024,R_P27441,S_P27441
P27443,2024,R_P27443,S_P27443
P27445,2023,R_P27445,S_P27445
P27446,2026,R_P27446,S_P27446
P27499,2024,R_P27499,S_P27499
P27501,2024,R_P27501,S_P27501
P27502,2024,R_P27502,S_P27502
P27503,2024,R_P27503,S_P27503
P27504,2025,R_P27504,S_P27504
P27506,2024,R_P15971,S_P15971
P27507,2024,R_P27507,S_P27507
P27508,2025,R_P27508,S_P27508
P27509,2024,R_P27509,S_P27509
P27510,2024,R_P27510,S_P27510
P27512,2024,R_P27512,S_P27512
P27515,2024,R_P27515,S_P27515
P27516,2025,R_P27516,S_P27516
P27517,2025,R_P27517,S_P27517
P27518,2025,R_P15967,S_P15967
P27519,2025,R_P27519,S_P27519
P27520,2024,R_P27520,S_P27520
P27522,2024,R_P27522,S_P27522
P27523,2025,R_P27523,S_P27523
P27539,2024,R_P27539,S_P27539
P27540,2024,R_P27540,S_P27540
P27542,2024,R_P27542,S_P27542
P27543,2024,R_P27543,S_P27543
P27545,2025,R_P27545,S_P27545
P27546,2024,R_P27546,S_P27546
P27547,2025,R_P27547,S_P27547
P27548,2024,R_P27548,S_P27548
P27549,2024,R_P27549,S_P27549
P27551,2024,R_P27551,S_P27551
P27553,2025,R_P27553,S_P27553
P27554,2024,R_P27554,S_P27554
P27555,2025,R_P27555,S_P27555
P27557,2024,R_P27557,S_P27557
P27558,2024,R_P27558,S_P27558
P27559,2024,R_P27559,S_P27559
P27560,2025,R_P27560,S_P27560
P27561,2025,R_P27561,S_P27561
P27562,2024,R_P27562,S_P27562
P27563,2024,R_P27553,S_P27553
P27564,2024,R_P27562,S_P27562
P27566,2025,R_P27566,S_P27566
P27575,2024,R_P27575,S_P27575
P27576,2024,R_P27576,S_P27576
P27577,2025,R_P27577,S_P27577
P27579,2024,R_P27579,S_P27579
P27580,2025,R_P27580,S_P27580
P27581,2022,R_P27581,S_P27581
P27583,2024,R_P27583,S_P27583
P27584,2024,R_P27584,S_P27584
P27585,2024,R_P27585,S_P27585
P27586,2025,R_P27586,S_P27586
P27587,2025,R_P27587,S_P27587
P27589,2024,R_P27589,S_P27589
P27590,2025,R_P27590,S_P27590
P27597,2024,R_P27597,S_P27597
P27598,2025,R_P27598,S_P27598
P27599,2024,R_P27599,S_P27599
P27600,2025,R_P15948,S_P15948
P27601,2024,R_P27601,S_P27601
P27602,2024,R_P27602,S_P27602
P27604,2024,R_P27604,S_P27604
P27605,2024,R_P27605,S_P27605
P27606,2024,R_P27606,S_P27606
P27607,2025,R_P27602,S_P27602
P27609,2025,R_P27609,S_P27609
P27610,2024,R_P27610,S_P27610
P27611,2024,R_P27610,S_P27610
P27613,2024,R_P27612,S_P27612
P27614,2024,R_P27614,S_P27614
P27615,2024,R_P27615,S_P27615
P27617,2024,R_P27617,S_P27617
P27618,2024,R_P27618,S_P27618
P27620,2025,R_P27620,S_P27620
P27622,2024,R_P27622,S_P27622
P27625,2024,R_P27625,S_P27625
P27626,2024,R_P27626,S_P27626
P27627,2025,R_P27627,S_P27627
P27628,2025,R_P27628,S_P27628
P27629,2024,R_P27629,S_P27629
P27630,2024,R_P27630,S_P27630
P27631,2023,R_P27631,S_P27631
P27632,2023,R_P27632,S_P27632
P27633,2023,R_P27633,S_P27633
P27634,2023,R_P27634,S_P27634
P27635,2023,R_P27635,S_P27635
P27636,2023,R_P27636,S_P27636
P27637,2023,R_P27637,S_P27637
P27639,2023,R_P27639,S_P27639
P27645,2025,R_P27645,S_P27645
P27648,2025,R_P27648,S_P27648
P27649,2025,R_P27649,S_P27649
P27651,2023,R_P27651,S_P27651
P27652,2024,R_P27652,S_P27652
P27655,2022,R_P27655,S_P27655
P27656,2022,R_P27655,S_P27655
P27657,2023,R_P27657,S_P27657
P27658,2023,R_P27658,S_P27658
P27660,2023,R_P27660,S_P27660
P27661,2023,R_P27658,S_P27658
P27663,2020,R_P27663,S_P27663
P27665,2019,R_P27665,S_P27665
P27666,2019,R_P27666,S_P27666
P27667,2026,R_P27667,S_P27667
P27668,2026,R_P27668,S_P27668
P27671,2026,R_P27671,S_P27671
P27672,2026,R_P27672,S_P27672
P27675,2026,R_P27675,S_P27675
P27676,2026,R_P27676,S_P27676
P27680,2026,R_P27680,S_P27680
P27682,2026,R_P15909,S_P15909
P27683,2024,R_P27683,S_P27683
P27685,2026,R_P27685,S_P27685
P27688,2026,R_P27688,S_P27688
P27693,2026,R_P27693,S_P27693
P27695,2026,R_P27695,S_P27695
P27701,2019,R_P27698,S_P27698
P27703,2026,R_P27703,S_P27703
P27704,2026,R_P27704,S_P27704
P27705,2026,R_P27704,S_P27704
P27707,2026,R_P27707,S_P27707
P27708,2026,R_P27708,S_P27708
P27711,2026,R_P27711,S_P27711
P27716,2026,R_P27716,S_P27716
P27718,2026,R_P27718,S_P27718
P27723,2025,R_P27723,S_P27723
P27724,2026,R_P27724,S_P27724
P27728,2026,R_P27728,S_P27728
P27734,2025,R_P27734,S_P27734
P27738,2026,R_P27738,S_P27738
P27740,2026,R_P27740,S_P27740
P27741,2026,R_P27740,S_P27740
P27746,2022,R_P27746,S_P27746
P27748,2026,R_P27748,S_P27748
P27782,2020,R_P27782,S_P27782
P27791,2023,R_P27791,S_P27791
P27801,2025,R_P27801,S_P27801
P27806,2023,R_P27806,S_P27806
P27809,2024,R_P27809,S_P27809
P27811,2023,R_P27811,S_P27811
P27816,2023,R_P27816,S_P27816
P27819,2023,R_P27819,S_P27819
P27820,2023,R_P27820,S_P27820
P27821,2023,R_P27821,S_P27821
P27823,2023,R_P27823,S_P27823
P27824,2024,R_P27824,S_P27824
P27826,2024,R_P27826,S_P27826
P27829,2023,R_P27829,S_P27829
P27830,2024,R_P27830,S_P27830
P27831,2024,R_P27831,S_P27831
P27832,2024,R_P27832,S_P27832
P27833,2023,R_P27833,S_P27833
P27834,2023,R_P27834,S_P27834
P27835,2023,R_P27835,S_P27835
P27836,2023,R_P27836,S_P27836
P27837,2024,R_P27837,S_P27837
P27838,2023,R_P27837,S_P27837
P27840,2022,R_P27840,S_P27840
P27844,2021,R_P27844,S_P27844
P27859,2022,R_P27859,S_P27859
P27860,2021,R_P27860,S_P27860
P27861,2021,R_P27861,S_P27861
P27862,2021,R_P27862,S_P27862
P27863,2021,R_P27863,S_P27863
P27865,2021,R_P27865,S_P27865
P27866,2021,R_P27866,S_P27866
P27867,2023,R_P27867,S_P27867
P27869,2021,R_P27869,S_P27869
P27870,2022,R_P27870,S_P27870
P27871,2021,R_P27871,S_P27871
P27872,2022,R_P27872,S_P27872
P27873,2021,R_P27873,S_P27873
P27877,2022,R_P27877,S_P27877
P27878,2021,R_P27878,S_P27878
P27879,2022,R_P27879,S_P27879
P27880,2021,R_P27879,S_P27879
P27881,2022,R_P27881,S_P27881
P27882,2022,R_P27882,S_P27882
P27883,2021,R_P27883,S_P27883
P27884,2021,R_P27884,S_P27884
P27885,2022,R_P27885,S_P27885
P27886,2021,R_P27886,S_P27886
P27887,2022,R_P27887,S_P27887
P27888,2021,R_P27888,S_P27888
P27889,2022,R_P27889,S_P27889
P27891,2023,R_P27891,S_P27891
P27892,2023,R_P27892,S_P27892
P27895,2022,R_P27895,S_P27895
P27896,2022,R_P27896,S_P27896
P27897,2022,R_P27897,S_P27897
P27898,2021,R_P27898,S_P27898
P27899,2021,R_P27899,S_P27899
P27900,2022,R_P27893,S_P27893
P27901,2022,R_P27901,S_P27901
P27902,2021,R_P27902,S_P27902
P27904,2022,R_P27901,S_P27901
P27905,2021,R_P27905,S_P27905
P27906,2021,R_P27906,S_P27906
P27908,2021,R_P27908,S_P27908
P27910,2022,R_P27910,S_P27910
P27911,2021,R_P27911,S_P27911
P27915,2021,R_P27915,S_P27915
P27916,2021,R_P27916,S_P27916
P27917,2022,R_P27917,S_P27917
P27918,2021,R_P27918,S_P27918
P27920,2022,R_P27920,S_P27920
P27921,2021,R_P27921,S_P27921
P27922,2022,R_P27922,S_P27922
P27924,2021,R_P27924,S_P27924
P27925,2021,R_P27925,S_P27925
P27926,2022,R_P27926,S_P27926
P27927,2021,R_P27927,S_P27927
P27928,2021,R_P27928,S_P27928
P27929,2022,R_P27929,S_P27929
P27930,2023,R_P27930,S_P27930
P27932,2022,R_P27932,S_P27932
P27933,2022,R_P27933,S_P27933
P27934,2022,R_P27934,S_P27934
P27936,2020,R_P27936,S_P27936
P27937,2022,R_P27937,S_P27937
P27938,2021,R_P27938,S_P27938
P27939,2022,R_P27939,S_P27939
P27940,2022,R_P27940,S_P27940
P27941,2021,R_P27941,S_P27941
P27942,2021,R_P27941,S_P27941
P27945,2022,R_P27945,S_P27945
P27947,2022,R_P27947,S_P27947
P27948,2022,R_P27948,S_P27948
P27949,2022,R_P27949,S_P27949
P27950,2022,R_P27950,S_P27950
P27951,2022,R_P27951,S_P27951
P27952,2022,R_P27952,S_P27952
P27954,2022,R_P27954,S_P27954
P27955,2022,R_P27955,S_P27955
P27956,2022,R_P27956,S_P27956
P27957,2022,R_P27952,S_P27952
P27958,2022,R_P27958,S_P27958
P27959,2022,R_P20893,S_P20893
P27968,2021,R_P27968,S_P27968
P27972,2026,R_P27972,S_P27972
P27987,2021,R_P27987,S_P27987
P27989,2022,R_P27989,S_P27989
P27990,2021,R_P27990,S_P27990
P27991,2021,R_P27991,S_P27991
P27992,2021,R_P27992,S_P27992
P27993,2022,R_P15790,S_P15790
P27994,2021,R_P27994,S_P27994
P27995,2021,R_P27995,S_P27995
P27996,2022,R_P27996,S_P27996
P27997,2021,R_P27997,S_P27997
P27998,2022,R_P27998,S_P27998
P27999,2022,R_P27999,S_P27999
P28000,2022,R_P28000,S_P28000
P28001,2021,R_P28001,S_P28001
P28002,2022,R_P28002,S_P28002
P28003,2022,R_P28003,S_P28003
P28005,2022,R_P28005,S_P28005
P28006,2021,R_P28006,S_P28006
P28007,2023,R_P28007,S_P28007
P28009,2022,R_P28009,S_P28009
P28012,2022,R_P28012,S_P28012
P28013,2022,R_P28013,S_P28013
P28014,2021,R_P28014,S_P28014
P28016,2021,R_P28016,S_P28016
P28017,2021,R_P28017,S_P28017
P28018,2021,R_P28018,S_P28018
P28019,2023,R_P28019,S_P28019
P28020,2022,R_P28020,S_P28020
P28021,2021,R_P28021,S_P28021
P28023,2022,R_P28023,S_P28023
P28025,2021,R_P28025,S_P28025
P28026,2022,R_P28026,S_P28026
P28027,2021,R_P28027,S_P28027
P28028,2021,R_P28028,S_P28028
P28029,2023,R_P28029,S_P28029
P28030,2022,R_P28025,S_P28025
P28034,2021,R_P28034,S_P28034
P28035,2021,R_P28035,S_P28035
P28036,2021,R_P28036,S_P28036
P28037,2021,R_P28037,S_P28037
P28038,2021,R_P28038,S_P28038
P28039,2021,R_P28039,S_P28039
P28040,2021,R_P28040,S_P28040
P28042,2021,R_P28042,S_P28042
P28044,2021,R_P28044,S_P28044
P28045,2021,R_P28045,S_P28045
P28046,2021,R_P28046,S_P28046
P28047,2021,R_P28047,S_P28047
P28048,2021,R_P28048,S_P28048
P28050,2023,R_P28050,S_P28050
P28051,2022,R_P28051,S_P28051
P28052,2021,R_P28052,S_P28052
P28054,2022,R_P28054,S_P28054
P28055,2021,R_P28055,S_P28055
P28056,2021,R_P28056,S_P28056
P28057,2021,R_P28057,S_P28057
P28058,2022,R_P28050,S_P28050
P28059,2021,R_P28059,S_P28059
P28060,2021,R_P28060,S_P28060
P28061,2021,R_P28061,S_P28061
P28062,2023,R_P28062,S_P28062
P28063,2021,R_P28063,S_P28063
P28064,2021,R_P28064,S_P28064
P28065,2021,R_P28065,S_P28065
P28066,2022,R_P28066,S_P28066
P28067,2021,R_P28067,S_P28067
P28070,2021,R_P28070,S_P28070
P28071,2021,R_P28071,S_P28071
P28073,2021,R_P28073,S_P28073
P28074,2021,R_P28074,S_P28074
P28075,2022,R_P28075,S_P28075
P28076,2021,R_P28076,S_P28076
P28077,2021,R_P28077,S_P28077
P28078,2021,R_P28078,S_P28078
P28079,2021,R_P28079,S_P28079
P28081,2022,R_P28081,S_P28081
P28082,2022,R_P28082,S_P28082
P28083,2021,R_P28083,S_P28083
P28084,2021,R_P28084,S_P28084
P28085,2021,R_P28085,S_P28085
P28086,2021,R_P28086,S_P28086
P28087,2022,R_P28087,S_P28087
P28089,2021,R_P28089,S_P28089
P28090,2021,R_P28090,S_P28090
P28091,2021,R_P28091,S_P28091
P28095,2021,R_P28095,S_P28095
P28096,2021,R_P28096,S_P28096
P28099,2021,R_P28099,S_P28099
P28100,2023,R_P28100,S_P28100
P28102,2022,R_P28102,S_P28102
P28103,2021,R_P28103,S_P28103
P28104,2022,R_P28104,S_P28104
P28105,2021,R_P28105,S_P28105
P28106,2021,R_P28106,S_P28106
P28107,2021,R_P28107,S_P28107
P28108,2021,R_P28108,S_P28108
P28109,2021,R_P28109,S_P28109
P28110,2021,R_P28110,S_P28110
P28111,2021,R_P28111,S_P28111
P28112,2021,R_P28110,S_P28110
P28113,2023,R_P28113,S_P28113
P28116,2022,R_P28115,S_P28115
P28117,2021,R_P28117,S_P28117
P28118,2021,R_P28118,S_P28118
P28119,2021,R_P28119,S_P28119
P28120,2021,R_P28120,S_P28120
P28122,2021,R_P28122,S_P28122
P28123,2021,R_P28123,S_P28123
P28124,2021,R_P28124,S_P28124
P28125,2022,R_P28125,S_P28125
P28126,2021,R_P28126,S_P28126
P28163,2019,R_P28163,S_P28163
P28205,2023,R_P28205,S_P28205
P28206,2023,R_P28206,S_P28206
P28222,2023,R_P28222,S_P28222
P28235,2026,R_P28235,S_P28235
P28236,2025,R_P28236,S_P28236
P28237,2026,R_P28237,S_P28237
P28239,2025,R_P28239,S_P28239
P28241,2025,R_P28241,S_P28241
P28242,2025,R_P28242,S_P28242
P28243,2026,R_P28243,S_P28243
P28245,2026,R_P15710,S_P15710
P28246,2025,R_P28246,S_P28246
P28252,2026,R_P28252,S_P28252
P28253,2025,R_P28253,S_P28253
P28254,2025,R_P28254,S_P28254
P28257,2025,R_P28257,S_P28257
P28258,2026,R_P28258,S_P28258
P28272,2019,R_P28272,S_P28272
P28273,2019,R_P28273,S_P28273
P28275,2019,R_P28274,S_P28274
P28278,2020,R_P28278,S_P28278
P28279,2019,R_P28279,S_P28279
P28280,2019,R_P28278,S_P28278
P28281,2019,R_P28281,S_P28281
P28284,2019,R_P28284,S_P28284
P28302,2025,R_P28302,S_P28302
P28303,2025,R_P28303,S_P28303
P28304,2025,R_P28304,S_P28304
P28306,2020,R_P28306,S_P28306
P28307,2019,R_P28307,S_P28307
P28308,2019,R_P28306,S_P28306
P28313,2020,R_P28313,S_P28313
P28316,2020,R_P28316,S_P28316
P28317,2019,R_P28317,S_P28317
P28320,2020,R_P28320,S_P28320
P28327,2019,R_P28327,S_P28327
P28339,2019,R_P28338,S_P28338
P28344,2020,R_P15613,S_P15613
P28389,2025,R_P28389,S_P28389
P28403,2026,R_P28403,S_P28403
P28416,2025,R_P28415,S_P28415
P28419,2026,R_P28419,S_P28419
P28449,2024,R_P28449,S_P28449
P28450,2024,R_P28450,S_P28450
P28452,2024,R_P28452,S_P28452
P28454,2024,R_P28454,S_P28454
P28455,2024,R_P28455,S_P28455
P28456,2024,R_P28456,S_P28456
P28457,2024,R_P28457,S_P28457
P28458,2024,R_P28458,S_P28458
P28460,2024,R_P28460,S_P28460
P28465,2026,R_P28465,S_P28465
P28466,2026,R_P28466,S_P28466
P28467,2026,R_P28467,S_P28467
P28468,2026,R_P28468,S_P28468
P28470,2024,R_P28470,S_P28470
P28471,2024,R_P28471,S_P28471
P28472,2025,R_P28471,S_P28471
P28474,2024,R_P28474,S_P28474
P28475,2024,R_P28475,S_P28475
P28476,2023,R_P28476,S_P28476
P28478,2023,R_P28478,S_P28478
P28479,2024,R_P28479,S_P28479
P28481,2024,R_P28481,S_P28481
P28484,2023,R_P28484,S_P28484
P28485,2023,R_P15543,S_P15543
P28486,2024,R_P28486,S_P28486
P28487,2024,R_P28487,S_P28487
P28488,2025,R_P28488,S_P28488
P28490,2024,R_P28489,S_P28489
P28491,2024,R_P28491,S_P28491
P28492,2023,R_P28492,S_P28492
P28494,2023,R_P28494,S_P28494
P28495,2023,R_P28492,S_P28492
P28496,2023,R_P28496,S_P28496
P28497,2023,R_P28497,S_P28497
P28498,2023,R_P28498,S_P28498
P28499,2023,R_P28499,S_P28499
P28500,2024,R_P28499,S_P28499
P28502,2023,R_P28502,S_P28502
P28503,2023,R_P28503,S_P28503
P28504,2023,R_P28504,S_P28504
P28506,2023,R_P28506,S_P28506
P28507,2023,R_P28506,S_P28506
P28508,2024,R_P28506,S_P28506
P28509,2023,R_P28509,S_P28509
P28511,2023,R_P28511,S_P28511
P28512,2023,R_P28512,S_P28512
P28513,2023,R_P28513,S_P28513
P28514,2024,R_P28514,S_P28514
P28515,2023,R_P28515,S_P28515
P28516,2023,R_P28516,S_P28516
P28517,2023,R_P28517,S_P28517
P28518,2023,R_P28518,S_P28518
P28520,2024,R_P28520,S_P28520
P28521,2023,R_P28521,S_P28521
P28522,2024,R_P28522,S_P28522
P28523,2023,R_P28523,S_P28523
P28524,2024,R_P28524,S_P28524
P28526,2025,R_P28526,S_P28526
P28527,2023,R_P28527,S_P28527
P28528,2024,R_P28528,S_P28528
P28530,2024,R_P28530,S_P28530
P28531,2023,R_P28530,S_P28530
P28532,2023,R_P28532,S_P28532
P28533,2023,R_P28533,S_P28533
P28534,2023,R_P28534,S_P28534
P28536,2023,R_P28536,S_P28536
P28537,2023,R_P28537,S_P28537
P28538,2026,R_P28538,S_P28538
P28540,2023,R_P28540,S_P28540
P28541,2025,R_P28541,S_P28541
P28542,2023,R_P28542,S_P28542
P28543,2023,R_P28543,S_P28543
P28544,2023,R_P28544,S_P28544
P28545,2023,R_P28545,S_P28545
P28546,2023,R_P28546,S_P28546
P28547,2023,R_P28547,S_P28547
P28548,2023,R_P28548,S_P28548
P28549,2023,R_P28549,S_P28549
P28550,2023,R_P28550,S_P28550
P28551,2023,R_P28551,S_P28551
P28553,2024,R_P28553,S_P28553
P28554,2023,R_P28554,S_P28554
P28555,2023,R_P28555,S_P28555
P28556,2024,R_P28556,S_P28556
P28557,2024,R_P28557,S_P28557
P28558,2024,R_P28558,S_P28558
P28559,2023,R_P28559,S_P28559
P28560,2024,R_P28560,S_P28560
P28562,2023,R_P28562,S_P28562
P28563,2024,R_P28563,S_P28563
P28564,2023,R_P28564,S_P28564
P28567,2023,R_P28567,S_P28567
P28568,2023,R_P28568,S_P28568
P28570,2023,R_P28570,S_P28570
P28573,2023,R_P28573,S_P28573
P28574,2024,R_P28574,S_P28574
P28575,2023,R_P28575,S_P28575
P28576,2023,R_P28576,S_P28576
P28577,2023,R_P28577,S_P28577
P28579,2023,R_P28579,S_P28579
P28580,2023,R_P28580,S_P28580
P28581,2023,R_P28581,S_P28581
P28583,2024,R_P28583,S_P28583
P28584,2023,R_P28584,S_P28584
P28585,2023,R_P28585,S_P28585
P28586,2023,R_P28586,S_P28586
P28587,2023,R_P28587,S_P28587
P28588,2023,R_P28588,S_P28588
P28590,2023,R_P28590,S_P28590
P28591,2023,R_P28591,S_P28591
P28592,2023,R_P28592,S_P28592
P28593,2023,R_P28593,S_P28593
P28594,2023,R_P28594,S_P28594
P28595,2023,R_P28595,S_P28595
P28596,2024,R_P28593,S_P28593
P28597,2023,R_P28597,S_P28597
P28598,2023,R_P28598,S_P28598
P28599,2023,R_P28599,S_P28599
P28644,2024,R_P28644,S_P28644
P28657,2023,R_P28657,S_P28657
P28690,2023,R_P28690,S_P28690
P28691,2024,R_P28691,S_P28691
P28693,2023,R_P28693,S_P28693
P28694,2023,R_P28694,S_P28694
P28696,2023,R_P28696,S_P28696
P28697,2023,R_P28697,S_P28697
P28698,2023,R_P28698,S_P28698
P28699,2023,R_P28699,S_P28699
P28700,2023,R_P28700,S_P28700
P28702,2022,R_P28702,S_P28702
P28703,2024,R_P28703,S_P28703
P28704,2022,R_P28704,S_P28704
P28705,2020,R_P28705,S_P28705
P28706,2023,R_P28706,S_P28706
P28707,2025,R_P28707,S_P28707
P28714,2025,R_P28714,S_P28714
P28715,2024,R_P28715,S_P28715
P28717,2024,R_P15436,S_P15436
P28718,2024,R_P28718,S_P28718
P28719,2024,R_P15436,S_P15436
P28732,2025,R_P28732,S_P28732
P28733,2024,R_P28733,S_P28733
P28734,2024,R_P28734,S_P28734
P28740,2025,R_P28740,S_P28740
P28744,2024,R_P28744,S_P28744
P28745,2024,R_P28745,S_P28745
P28746,2024,R_P28746,S_P28746
P28763,2026,R_P28763,S_P28763
P28764,2026,R_P28764,S_P28764
P28767,2026,R_P28763,S_P28763
P28773,2026,R_P28773,S_P28773
P28776,2025,R_P28776,S_P28776
P28812,2024,R_P28812,S_P28812
P28813,2024,R_P28813,S_P28813
P28815,2024,R_P28815,S_P28815
P28820,2024,R_P28820,S_P28820
P28821,2024,R_P28820,S_P28820
P28822,2024,R_P28822,S_P28822
P28823,2023,R_P28823,S_P28823
P28824,2024,R_P28824,S_P28824
P28826,2024,R_P28826,S_P28826
P28828,2024,R_P17872,S_P17872
P28829,2024,R_P28829,S_P28829
P28830,2024,R_P28830,S_P28830
P28831,2024,R_P28831,S_P28831
P28846,2024,R_P28846,S_P28846
P28847,2024,R_P28847,S_P28847
P28848,2023,R_P28848,S_P28848
P28850,2024,R_P28850,S_P28850
P28851,2024,R_P28851,S_P28851
P28852,2024,R_P28852,S_P28852
P28853,2024,R_P28846,S_P28846
P28855,2024,R_P28855,S_P28855
P28856,2024,R_P28856,S_P28856
P28858,2024,R_P28858,S_P28858
P28859,2025,R_P28859,S_P28859
P28860,2024,R_P28860,S_P28860
P28861,2026,R_P28861,S_P28861
P28862,2025,R_P28862,S_P28862
P28863,2026,R_P28863,S_P28863
P28865,2026,R_P28864,S_P28864
P28866,2022,R_P28866,S_P28866
P28867,2026,R_P28867,S_P28867
P28868,2026,R_P28868,S_P28868
P28870,2026,R_P28870,S_P28870
P28871,2026,R_P28871,S_P28871
P28873,2026,R_P28873,S_P28873
P28876,2026,R_P28876,S_P28876
P28877,2025,R_P28877,S_P28877
P28878,2025,R_P28878,S_P28878
P28880,2026,R_P28878,S_P28878
P28881,2023,R_P28881,S_P28881
P28882,2025,R_P28882,S_P28882
P28883,2025,R_P28883,S_P28883
P28884,2025,R_P28884,S_P28884
P28885,2025,R_P28885,S_P28885
P28886,2025,R_P28886,S_P28886
P28888,2026,R_P28888,S_P28888
P28889,2023,R_P28889,S_P28889
P28890,2026,R_P28890,S_P28890
P28891,2026,R_P28891,S_P28891
P28892,2026,R_P28892,S_P28892
P28893,2026,R_P28893,S_P28893
P28894,2025,R_P28894,S_P28894
P28895,2025,R_P28895,S_P28895
P28896,2026,R_P28896,S_P28896
P28898,2025,R_P28898,S_P28898
P28899,2026,R_P28899,S_P28899
P28900,2025,R_P28900,S_P28900
P28901,2026,R_P28901,S_P28901
P28902,2025,R_P28902,S_P28902
P28905,2025,R_P28905,S_P28905
P28908,2025,R_P28908,S_P28908
P28911,2026,R_P28911,S_P28911
P28912,2025,R_P28912,S_P28912
P28915,2026,R_P28915,S_P28915
P28919,2025,R_P28919,S_P28919
P28925,2026,R_P28925,S_P28925
P28926,2026,R_P28922,S_P28922
P28927,2026,R_P28927,S_P28927
P28928,2026,R_P28928,S_P28928
P28929,2026,R_P28929,S_P28929
P28931,2025,R_P28931,S_P28931
P28933,2026,R_P28931,S_P28931
P28935,2025,R_P28935,S_P28935
P28936,2026,R_P28936,S_P28936
P28937,2025,R_P28937,S_P28937
P28941,2026,R_P28941,S_P28941
P28943,2026,R_P28943,S_P28943
P28944,2023,R_P28944,S_P28944
P28945,2025,R_P28943,S_P28943
P28946,2025,R_P28946,S_P28946
P28947,2025,R_P28947,S_P28947
P28948,2025,R_P28948,S_P28948
P28951,2025,R_P28951,S_P28951
P28952,2025,R_P28952,S_P28952
P28953,2025,R_P28953,S_P28953
P28955,2025,R_P28955,S_P28955
P28956,2024,R_P28956,S_P28956
P28960,2024,R_P28960,S_P28960
P28961,2025,R_P28961,S_P28961
P28963,2025,R_P28963,S_P28963
P28964,2024,R_P28964,S_P28964
P28966,2024,R_P28966,S_P28966
P28967,2024,R_P28967,S_P28967
P28968,2024,R_P28968,S_P28968
P28969,2024,R_P28969,S_P28969
P29014,2021,R_P29014,S_P29014
P29034,2025,R_P29034,S_P29034
P29036,2024,R_P29036,S_P29036
P29041,2025,R_P29041,S_P29041
P29043,2025,R_P29043,S_P29043
P29044,2024,R_P29044,S_P29044
P29046,2024,R_P29046,S_P29046
P29047,2025,R_P29046,S_P29046
P29049,2024,R_P29049,S_P29049
P29052,2024,R_P29052,S_P29052
P29060,2024,R_P29060,S_P29060
P29061,2024,R_P29061,S_P29061
P29064,2025,R_P29064,S_P29064
P29066,2025,R_P29066,S_P29066
P29068,2024,R_P29068,S_P29068
P29069,2024,R_P29069,S_P29069
P29070,2024,R_P29070,S_P29070
P29071,2024,R_P29071,S_P29071
P29072,2024,R_P29072,S_P29072
P29073,2025,R_P29069,S_P29069
P29075,2024,R_P29075,S_P29075
P29076,2024,R_P29076,S_P29076
P29077,2024,R_P29077,S_P29077
P29078,2024,R_P29078,S_P29078
P29079,2024,R_P29079,S_P29079
P29080,2024,R_P18321,S_P18321
P29081,2024,R_P29081,S_P29081
P29082,2024,R_P29082,S_P29082
P29083,2025,R_P29083,S_P29083
P29084,2024,R_P29084,S_P29084
P29086,2024,R_P29084,S_P29084
P29087,2025,R_P29087,S_P29087
P29088,2024,R_P29088,S_P29088
P29089,2024,R_P29089,S_P29089
P29090,2024,R_P29090,S_P29090
P29092,2024,R_P29092,S_P29092
P29093,2024,R_P29093,S_P29093
P29094,2024,R_P29094,S_P29094
P29095,2024,R_P29095,S_P29095
P29098,2024,R_P29096,S_P29096
P29099,2024,R_P29099,S_P29099
P29101,2025,R_P29101,S_P29101
P29102,2024,R_P29102,S_P29102
P29103,2024,R_P29103,S_P29103
P29104,2025,R_P29102,S_P29102
P29106,2025,R_P29106,S_P29106
P29107,2025,R_P29107,S_P29107
P29108,2024,R_P29108,S_P29108
P29109,2022,R_P29109,S_P29109
P29111,2024,R_P29111,S_P29111
P29112,2023,R_P29112,S_P29112
P29113,2022,R_P29113,S_P29113
P29114,2020,R_P15246,S_P15246
P29115,2022,R_P29115,S_P29115
P29116,2023,R_P29116,S_P29116
P29117,2023,R_P29117,S_P29117
P29122,2022,R_P29122,S_P29122
P29123,2023,R_P29123,S_P29123
P29124,2022,R_P29124,S_P29124
P29125,2022,R_P29125,S_P29125
P29127,2023,R_P29127,S_P29127
P29128,2023,R_P29126,S_P29126
P29129,2023,R_P29129,S_P29129
P29130,2023,R_P29130,S_P29130
P29131,2023,R_P29131,S_P29131
P29132,2022,R_P29132,S_P29132
P29133,2019,R_P29133,S_P29133
P29136,2019,R_P29136,S_P29136
P29137,2023,R_P29137,S_P29137
P29139,2022,R_P29132,S_P29132
P29140,2022,R_P29140,S_P29140
P29141,2023,R_P29141,S_P29141
P29142,2022,R_P29140,S_P29140
P29143,2022,R_P29143,S_P29143
P29144,2022,R_P29144,S_P29144
P29146,2022,R_P29146,S_P29146
P29147,2022,R_P29147,S_P29147
P29148,2022,R_P29148,S_P29148
P29149,2022,R_P29149,S_P29149
P29151,2023,R_P29151,S_P29151
P29152,2022,R_P29152,S_P29152
P29154,2024,R_P29154,S_P29154
P29155,2023,R_P29155,S_P29155
P29156,2024,R_P29156,S_P29156
P29157,2024,R_P29156,S_P29156
P29158,2024,R_P29158,S_P29158
P29160,2024,R_P29160,S_P29160
P29161,2024,R_P29161,S_P29161
P29162,2024,R_P29162,S_P29162
P29163,2024,R_P29163,S_P29163
P29164,2024,R_P29164,S_P29164
P29165,2024,R_P29165,S_P29165
P29166,2024,R_P29166,S_P29166
P29167,2024,R_P29167,S_P29167
P29168,2024,R_P29168,S_P29168
P29169,2024,R_P29169,S_P29169
P29170,2024,R_P29170,S_P29170
P29171,2024,R_P29170,S_P29170
P29173,2025,R_P29173,S_P29173
P29174,2024,R_P29174,S_P29174
P29175,2024,R_P29175,S_P29175
P29176,2023,R_P29176,S_P29176
P29177,2024,R_P29177,S_P29177
P29178,2024,R_P29178,S_P29178
P29179,2024,R_P29178,S_P29178
P29180,2023,R_P29180,S_P29180
P29182,2024,R_P29182,S_P29182
P29184,2026,R_P21178,S_P21178
P29185,2024,R_P29185,S_P29185
P29186,2024,R_P29186,S_P29186
P29187,2024,R_P29187,S_P29187
P29188,2024,R_P29188,S_P29188
P29189,2024,R_P29189,S_P29189
P29190,2023,R_P29190,S_P29190
P29191,2024,R_P29191,S_P29191
P29192,2023,R_P29192,S_P29192
P29193,2025,R_P29193,S_P29193
P29194,2024,R_P29194,S_P29194
P29195,2024,R_P29195,S_P29195
P29196,2026,R_P29196,S_P29196
P29198,2026,R_P29198,S_P29198
P29199,2026,R_P29199,S_P29199
P29200,2026,R_P29200,S_P29200
P29202,2026,R_P16162,S_P16162
P29203,2026,R_P29203,S_P29203
P29208,2026,R_P29208,S_P29208
P29209,2026,R_P29209,S_P29209
P29210,2026,R_P29210,S_P29210
P29211,2025,R_P29211,S_P29211
P29213,2026,R_P29213,S_P29213
P29214,2025,R_P29214,S_P29214
P29215,2026,R_P29215,S_P29215
P29216,2026,R_P29216,S_P29216
P29217,2025,R_P29217,S_P29217
P29219,2026,R_P29219,S_P29219
P29221,2026,R_P29221,S_P29221
P29222,2024,R_P29222,S_P29222
P29223,2024,R_P29223,S_P29223
P29226,2024,R_P29226,S_P29226
P29227,2024,R_P29227,S_P29227
P29228,2024,R_P29228,S_P29228
P29229,2024,R_P29229,S_P29229
P29231,2026,R_P29231,S_P29231
P29233,2026,R_P29233,S_P29233
P29235,2026,R_P29235,S_P29235
P29244,2025,R_P29244,S_P29244
P29256,2025,R_P29256,S_P29256
P29269,2025,R_P29269,S_P29269
P29281,2020,R_P29281,S_P29281
P29282,2020,R_P29282,S_P29282
P29283,2020,R_P29283,S_P29283
P29293,2025,R_P29293,S_P29293
P29295,2025,R_P29295,S_P29295
P29307,2026,R_P29307,S_P29307
P29324,2023,R_P29324,S_P29324
P29325,2023,R_P29325,S_P29325
P29326,2024,R_P29326,S_P29326
P29327,2023,R_P29327,S_P29327
P29338,2024,R_P15077,S_P15077
P29339,2024,R_P29339,S_P29339
P29340,2024,R_P29340,S_P29340
P29342,2024,R_P29342,S_P29342
P29343,2024,R_P29343,S_P29343
P29344,2025,R_P29344,S_P29344
P29345,2025,R_P29345,S_P29345
P29346,2026,R_P29346,S_P29346
P29347,2024,R_P29347,S_P29347
P29353,2026,R_P29353,S_P29353
P29355,2026,R_P29355,S_P29355
P29356,2026,R_P29356,S_P29356
P29357,2026,R_P29357,S_P29357
P29358,2026,R_P29358,S_P29358
P29359,2026,R_P29359,S_P29359
P29360,2026,R_P29360,S_P29360
P29361,2026,R_P29361,S_P29361
P29364,2026,R_P29364,S_P29364
P29365,2026,R_P29365,S_P29365
P29368,2026,R_P29368,S_P29368
P29369,2026,R_P29369,S_P29369
P29370,2026,R_P29370,S_P29370
P29371,2026,R_P29371,S_P29371
P29376,2026,R_P29376,S_P29376
P29381,2026,R_P29381,S_P29381
P29383,2026,R_P15035,S_P15035
P29389,2026,R_P29389,S_P29389
P29390,2026,R_P29390,S_P29390
P29391,2024,R_P29391,S_P29391
P29393,2025,R_P29393,S_P29393
P29395,2024,R_P29395,S_P29395
P29396,2024,R_P29396,S_P29396
P29397,2024,R_P29397,S_P29397
P29398,2024,R_P29398,S_P29398
P29399,2024,R_P29399,S_P29399
P29402,2024,R_P29402,S_P29402
P29404,2023,R_P29404,S_P29404
P29405,2024,R_P29405,S_P29405
P29406,2024,R_P29406,S_P29406
P29407,2024,R_P29405,S_P29405
P29408,2024,R_P29408,S_P29408
P29409,2024,R_P29409,S_P29409
P29410,2024,R_P29410,S_P29410
P29424,2023,R_P29424,S_P29424
P29425,2024,R_P29425,S_P29425
P29427,2024,R_P29427,S_P29427
P29428,2024,R_P29428,S_P29428
P29429,2024,R_P29429,S_P29429
P29430,2024,R_P29430,S_P29430
P29431,2024,R_P29431,S_P29431
P29432,2025,R_P29432,S_P29432
P29433,2024,R_P29433,S_P29433
P29434,2024,R_P29434,S_P29434
P29435,2024,R_P29433,S_P29433
P29436,2024,R_P29436,S_P29436
P29437,2024,R_P29437,S_P29437
P29438,2024,R_P29438,S_P29438
P29440,2023,R_P29440,S_P29440
P29441,2024,R_P29441,S_P29441
P29442,2024,R_P29442,S_P29442
P29445,2024,R_P29445,S_P29445
P29446,2025,R_P29446,S_P29446
P29450,2024,R_P29450,S_P29450
P29455,2023,R_P29455,S_P29455
P29458,2024,R_P29458,S_P29458
P29459,2024,R_P29459,S_P29459
P29460,2024,R_P29460,S_P29460
P29471,2021,R_P29471,S_P29471
P29473,2024,R_P29473,S_P29473
P29474,2024,R_P29474,S_P29474
P29475,2024,R_P29475,S_P29475
P29476,2025,R_P29476,S_P29476
P29477,2024,R_P29477,S_P29477
P29478,2024,R_P29478,S_P29478
P29481,2024,R_P29481,S_P29481
P29482,2025,R_P29482,S_P29482
P29483,2023,R_P29483,S_P29483
P29485,2023,R_P29485,S_P29485
P29486,2024,R_P29485,S_P29485
P29487,2024,R_P29487,S_P29487
P29489,2024,R_P29489,S_P29489
P29490,2025,R_P29490,S_P29490
P29491,2024,R_P29491,S_P29491
P29492,2024,R_P29492,S_P29492
P29493,2024,R_P29493,S_P29493
P29494,2024,R_P29494,S_P29494
P29496,2025,R_P29496,S_P29496
P29497,2024,R_P29497,S_P29497
P29498,2024,R_P29498,S_P29498
P29499,2024,R_P29499,S_P29499
P29502,2024,R_P29502,S_P29502
P29503,2024,R_P29503,S_P29503
P29505,2025,R_P29505,S_P29505
P29506,2024,R_P29506,S_P29506
P29509,2024,R_P29509,S_P29509
P29510,2024,R_P29510,S_P29510
P29511,2024,R_P29511,S_P29511
P29512,2024,R_P29512,S_P29512
P29514,2024,R_P29514,S_P29514
P29515,2024,R_P29515,S_P29515
P29517,2024,R_P14967,S_P14967
P29518,2024,R_P29518,S_P29518
P29519,2024,R_P29519,S_P29519
P29522,2024,R_P29522,S_P29522
P29523,2024,R_P29523,S_P29523
P29524,2025,R_P29524,S_P29524
P29526,2023,R_P29526,S_P29526
P29528,2024,R_P29528,S_P29528
P29529,2024,R_P29529,S_P29529
P29530,2025,R_P29530,S_P29530
P29531,2024,R_P29531,S_P29531
P29532,2024,R_P29532,S_P29532
P29533,2024,R_P29533,S_P29533
P29534,2024,R_P29534,S_P29534
P29536,2024,R_P29536,S_P29536
P29537,2024,R_P29537,S_P29537
P29538,2024,R_P15004,S_P15004
P29539,2024,R_P29539,S_P29539
P29540,2024,R_P29540,S_P29540
P29542,2024,R_P29542,S_P29542
P29544,2024,R_P14955,S_P14955
P29546,2024,R_P29546,S_P29546
P29547,2024,R_P14956,S_P14956
P29548,2024,R_P29548,S_P29548
P29549,2024,R_P29549,S_P29549
P29550,2024,R_P29550,S_P29550
P29551,2024,R_P29551,S_P29551
P29553,2023,R_P29552,S_P29552
P29554,2024,R_P29554,S_P29554
P29556,2024,R_P29556,S_P29556
P29557,2024,R_P29557,S_P29557
P29559,2024,R_P29559,S_P29559
P29562,2024,R_P29562,S_P29562
P29563,2024,R_P29563,S_P29563
P29564,2024,R_P29563,S_P29563
P29566,2024,R_P29566,S_P29566
P29567,2024,R_P29567,S_P29567
P29568,2024,R_P29568,S_P29568
P29579,2026,R_P29579,S_P29579
P29580,2026,R_P29580,S_P29580
P29581,2026,R_P29581,S_P29581
P29583,2026,R_P29583,S_P29583
P29584,2026,R_P14926,S_P14926
P29585,2026,R_P29585,S_P29585
P29590,2024,R_P29590,S_P29590
P29591,2023,R_P29591,S_P29591
P29593,2023,R_P29593,S_P29593
P29596,2023,R_P29596,S_P29596
P29598,2024,R_P29598,S_P29598
P29599,2023,R_P29599,S_P29599
P29600,2024,R_P29600,S_P29600
P29602,2023,R_P29602,S_P29602
P29603,2023,R_P29603,S_P29603
P29604,2024,R_P29604,S_P29604
P29605,2025,R_P29605,S_P29605
P29607,2023,R_P29607,S_P29607
P29608,2023,R_P29608,S_P29608
P29628,2026,R_P29628,S_P29628
P29632,2026,R_P29632,S_P29632
P29639,2023,R_P29639,S_P29639
P29641,2023,R_P29641,S_P29641
P29644,2023,R_P29644,S_P29644
P29645,2023,R_P29645,S_P29645
P29647,2024,R_P29647,S_P29647
P29648,2023,R_P29648,S_P29648
P29653,2026,R_P29653,S_P29653
P29654,2026,R_P29654,S_P29654
P29657,2026,R_P29657,S_P29657
P29658,2023,R_P29658,S_P29658
P29659,2024,R_P29659,S_P29659
P29660,2023,R_P29660,S_P29660
P29662,2023,R_P29662,S_P29662
P29663,2023,R_P29663,S_P29663
P29665,2023,R_P29665,S_P29665
P29667,2023,R_P29667,S_P29667
P29670,2023,R_P29670,S_P29670
P29671,2024,R_P29671,S_P29671
P29672,2023,R_P29672,S_P29672
P29673,2024,R_P29673,S_P29673
P29675,2023,R_P14853,S_P14853
P29676,2024,R_P29676,S_P29676
P29677,2023,R_P29677,S_P29677
P29678,2023,R_P29676,S_P29676
P29680,2023,R_P29680,S_P29680
P29688,2023,R_P29688,S_P29688
P29689,2023,R_P29689,S_P29689
P29690,2024,R_P29690,S_P29690
P29691,2023,R_P29691,S_P29691
P29698,2024,R_P29698,S_P29698
P29699,2024,R_P29699,S_P29699
P29701,2024,R_P29701,S_P29701
P29710,2026,R_P29710,S_P29710
P29719,2023,R_P29719,S_P29719
P29726,2026,R_P29726,S_P29726
P29727,2026,R_P29727,S_P29727
P29728,2026,R_P29728,S_P29728
P29733,2025,R_P29733,S_P29733
P29748,2026,R_P29748,S_P29748
P29749,2023,R_P29749,S_P29749
P29750,2026,R_P29750,S_P29750
P29751,2026,R_P29751,S_P29751
P29756,2024,R_P29756,S_P29756
P29758,2022,R_P29758,S_P29758
P29770,2025,R_P29770,S_P29770
P29778,2025,R_P29778,S_P29778
P29781,2023,R_P29781,S_P29781
P29786,2026,R_P29786,S_P29786
P29787,2026,R_P29787,S_P29787
P29788,2026,R_P29788,S_P29788
P29789,2026,R_P29789,S_P29789
P29790,2026,R_P29790,S_P29790
P29791,2026,R_P29791,S_P29791
P29793,2025,R_P29793,S_P29793
P29794,2024,R_P29794,S_P29794
P29795,2024,R_P29795,S_P29795
P29796,2024,R_P14807,S_P14807
P29820,2024,R_P29820,S_P29820
P29822,2024,R_P29822,S_P29822
P29824,2021,R_P29824,S_P29824
P29842,2024,R_P29842,S_P29842
P29843,2023,R_P29843,S_P29843
P29844,2023,R_P29844,S_P29844
P29845,2023,R_P29845,S_P29845
P29846,2023,R_P29846,S_P29846
P29847,2023,R_P29847,S_P29847
P29848,2023,R_P29848,S_P29848
P29849,2023,R_P29849,S_P29849
P29850,2023,R_P29850,S_P29850
P29851,2024,R_P29851,S_P29851
P29852,2023,R_P29850,S_P29850
P29853,2024,R_P29853,S_P29853
P29854,2023,R_P29854,S_P29854
P29855,2023,R_P29855,S_P29855
P29856,2024,R_P29856,S_P29856
P29862,2024,R_P29860,S_P29860
P29864,2023,R_P29864,S_P29864
P29866,2023,R_P29866,S_P29866
P29882,2026,R_P29882,S_P29882
P29887,2026,R_P29887,S_P29887
P29912,2022,R_P29912,S_P29912
P29915,2026,R_P29915,S_P29915
P29918,2025,R_P29918,S_P29918
P29925,2024,R_P29925,S_P29925
P29930,2021,R_P29930,S_P29930
P29982,2025,R_P29982,S_P29982
P30010,2024,R_P30010,S_P30010
P30021,2026,R_P30021,S_P30021
P30022,2026,R_P30022,S_P30022
P30024,2024,R_P30024,S_P30024
P30025,2023,R_P30025,S_P30025
P30027,2023,R_P30027,S_P30027
P30028,2023,R_P30028,S_P30028
P30030,2023,R_P30030,S_P30030
P30032,2023,R_P30032,S_P30032
P30033,2025,R_P30033,S_P30033
P30034,2024,R_P30034,S_P30034
P30035,2024,R_P30035,S_P30035
P30036,2025,R_P30036,S_P30036
P30037,2022,R_P30037,S_P30037
P30038,2025,R_P30038,S_P30038
P30039,2025,R_P30039,S_P30039
P30040,2025,R_P30039,S_P30039
P30042,2024,R_P30042,S_P30042
P30043,2025,R_P30043,S_P30043
P30044,2026,R_P30044,S_P30044
P30046,2024,R_P30046,S_P30046
P30047,2025,R_P30046,S_P30046
P30048,2025,R_P30048,S_P30048
P30049,2025,R_P30049,S_P30049
P30050,2024,R_P30050,S_P30050
P30051,2026,R_P30051,S_P30051
P30052,2024,R_P30052,S_P30052
P30053,2024,R_P30053,S_P30053
P30054,2026,R_P30054,S_P30054
P30085,2024,R_P30085,S_P30085
P30086,2024,R_P30086,S_P30086
P30087,2022,R_P30087,S_P30087
P30089,2024,R_P30086,S_P30086
P30090,2024,R_P30090,S_P30090
P30092,2024,R_P30092,S_P30092
P30093,2024,R_P30093,S_P30093
P30094,2024,R_P30091,S_P30091
P30095,2024,R_P30095,S_P30095
P30096,2025,R_P30095,S_P30095
P30097,2024,R_P30097,S_P30097
P30098,2023,R_P30098,S_P30098
P30100,2024,R_P30100,S_P30100
P30101,2024,R_P30100,S_P30100
P30103,2024,R_P30103,S_P30103
P30104,2024,R_P30104,S_P30104
P30105,2024,R_P30105,S_P30105
P30106,2023,R_P30106,S_P30106
P30107,2024,R_P30107,S_P30107
P30108,2024,R_P30108,S_P30108
P30109,2024,R_P30109,S_P30109
P30111,2023,R_P30111,S_P30111
P30112,2024,R_P30112,S_P30112
P30114,2024,R_P30114,S_P30114
P30116,2024,R_P30116,S_P30116
P30117,2024,R_P30117,S_P30117
P30118,2024,R_P30117,S_P30117
P30120,2023,R_P30120,S_P30120
P30121,2024,R_P30121,S_P30121
P30133,2024,R_P30133,S_P30133
P30134,2024,R_P30134,S_P30134
P30135,2024,R_P30135,S_P30135
P30136,2024,R_P30136,S_P30136
P30138,2024,R_P30138,S_P30138
P30139,2022,R_P30139,S_P30139
P30146,2024,R_P30146,S_P30146
P30147,2022,R_P30147,S_P30147
P30148,2023,R_P30148,S_P30148
P30149,2024,R_P30149,S_P30149
P30150,2024,R_P30150,S_P30150
P30152,2024,R_P30152,S_P30152
P30154,2024,R_P30154,S_P30154
P30155,2024,R_P30155,S_P30155
P30156,2024,R_P30156,S_P30156
P30158,2024,R_P30158,S_P30158
P30159,2023,R_P30159,S_P30159
P30160,2024,R_P30160,S_P30160
P30161,2024,R_P30161,S_P30161
P30162,2024,R_P30162,S_P30162
P30164,2024,R_P30164,S_P30164
P30166,2024,R_P30166,S_P30166
P30167,2024,R_P30165,S_P30165
P30168,2024,R_P30168,S_P30168
P30169,2024,R_P30169,S_P30169
P30170,2024,R_P30170,S_P30170
P30172,2023,R_P30172,S_P30172
P30173,2024,R_P14602,S_P14602
P30174,2024,R_P30174,S_P30174
P30175,2024,R_P30175,S_P30175
P30176,2024,R_P30176,S_P30176
P30178,2024,R_P30178,S_P30178
P30180,2024,R_P30180,S_P30180
P30181,2024,R_P30181,S_P30181
P30182,2024,R_P30179,S_P30179
P30185,2024,R_P30185,S_P30185
P30186,2024,R_P30186,S_P30186
P30187,2024,R_P30187,S_P30187
P30188,2023,R_P30178,S_P30178
P30189,2024,R_P30187,S_P30187
P30191,2024,R_P30191,S_P30191
P30192,2024,R_P30192,S_P30192
P30193,2024,R_P30193,S_P30193
P30195,2024,R_P30195,S_P30195
P30198,2024,R_P30198,S_P30198
P30199,2024,R_P30199,S_P30199
P30200,2024,R_P30200,S_P30200
P30201,2024,R_P30201,S_P30201
P30203,2024,R_P30203,S_P30203
P30204,2024,R_P30204,S_P30204
P30205,2024,R_P30205,S_P30205
P30207,2024,R_P14604,S_P14604
P30249,2024,R_P30249,S_P30249
P30250,2024,R_P30250,S_P30250
P30261,2025,R_P30261,S_P30261
P30269,2024,R_P30269,S_P30269
P30270,2024,R_P30270,S_P30270
P30271,2024,R_P30271,S_P30271
P30273,2024,R_P30273,S_P30273
P30274,2024,R_P30274,S_P30274
P30275,2024,R_P30275,S_P30275
P30277,2024,R_P30277,S_P30277
P30278,2024,R_P30278,S_P30278
P30285,2024,R_P30285,S_P30285
P30286,2025,R_P30286,S_P30286
P30287,2024,R_P30287,S_P30287
P30288,2024,R_P30288,S_P30288
P30289,2024,R_P30289,S_P30289
P30290,2024,R_P30290,S_P30290
P30292,2024,R_P30292,S_P30292
P30301,2025,R_P30301,S_P30301
P30312,2020,R_P14542,S_P14542
P30329,2026,R_P30329,S_P30329
P30331,2025,R_P30331,S_P30331
P30336,2026,R_P30336,S_P30336
P30398,2023,R_P30398,S_P30398
P30399,2024,R_P30399,S_P30399
P30400,2024,R_P30400,S_P30400
P30401,2023,R_P30401,S_P30401
P30402,2024,R_P30402,S_P30402
P30403,2024,R_P30403,S_P30403
P30404,2024,R_P30404,S_P30404
P30405,2024,R_P30405,S_P30405
P30406,2024,R_P30406,S_P30406
P30407,2023,R_P30407,S_P30407
P30408,2024,R_P30408,S_P30408
P30409,2024,R_P30409,S_P30409
P30410,2024,R_P30410,S_P30410
P30411,2024,R_P30411,S_P30411
P30412,2024,R_P30412,S_P30412
P30414,2024,R_P30414,S_P30414
P30415,2023,R_P30415,S_P30415
P30416,2024,R_P30416,S_P30416
P30417,2023,R_P30417,S_P30417
P30418,2024,R_P30418,S_P30418
P30420,2024,R_P30420,S_P30420
P30421,2023,R_P30421,S_P30421
P30424,2024,R_P30424,S_P30424
P30425,2024,R_P30425,S_P30425
P30426,2024,R_P30426,S_P30426
P30429,2024,R_P30429,S_P30429
P30430,2023,R_P30430,S_P30430
P30431,2024,R_P30431,S_P30431
P30432,2024,R_P30432,S_P30432
P30433,2024,R_P30433,S_P30433
P30434,2024,R_P30434,S_P30434
P30436,2023,R_P30436,S_P30436
P30437,2024,R_P30437,S_P30437
P30438,2024,R_P30438,S_P30438
P30439,2024,R_P30439,S_P30439
P30440,2024,R_P30432,S_P30432
P30441,2024,R_P30441,S_P30441
P30442,2024,R_P30442,S_P30442
P30443,2024,R_P30443,S_P30443
P30444,2023,R_P30444,S_P30444
P30445,2024,R_P30445,S_P30445
P30446,2026,R_P30446,S_P30446
P30447,2023,R_P30447,S_P30447
P30449,2024,R_P30449,S_P30449
P30450,2023,R_P30450,S_P30450
P30451,2024,R_P30451,S_P30451
P30452,2024,R_P30452,S_P30452
P30453,2023,R_P30453,S_P30453
P30454,2024,R_P30454,S_P30454
P30455,2024,R_P30455,S_P30455
P30457,2023,R_P30457,S_P30457
P30458,2024,R_P30458,S_P30458
P30459,2024,R_P30459,S_P30459
P30460,2024,R_P30460,S_P30460
P30461,2023,R_P30461,S_P30461
P30462,2025,R_P30462,S_P30462
P30463,2024,R_P30463,S_P30463
P30464,2024,R_P30464,S_P30464
P30465,2023,R_P30465,S_P30465
P30468,2024,R_P30468,S_P30468
P30469,2025,R_P30467,S_P30467
P30471,2025,R_P30471,S_P30471
P30473,2024,R_P30473,S_P30473
P30474,2025,R_P30474,S_P30474
P30475,2025,R_P30474,S_P30474
P30478,2024,R_P30478,S_P30478
P30479,2024,R_P30479,S_P30479
P30480,2025,R_P30477,S_P30477
P30481,2025,R_P30481,S_P30481
P30482,2024,R_P30482,S_P30482
P30483,2024,R_P30483,S_P30483
P30484,2024,R_P30484,S_P30484
P30485,2025,R_P30485,S_P30485
P30487,2025,R_P30487,S_P30487
P30489,2024,R_P30489,S_P30489
P30491,2025,R_P30491,S_P30491
P30492,2025,R_P30492,S_P30492
P30493,2025,R_P30493,S_P30493
P30494,2025,R_P30494,S_P30494
P30495,2024,R_P30495,S_P30495
P30496,2024,R_P30496,S_P30496
P30497,2024,R_P30497,S_P30497
P30499,2024,R_P30499,S_P30499
P30500,2025,R_P30495,S_P30495
P30501,2025,R_P30501,S_P30501
P30502,2024,R_P30502,S_P30502
P30503,2024,R_P30503,S_P30503
P30505,2024,R_P30505,S_P30505
P30506,2025,R_P30506,S_P30506
P30514,2024,R_P30514,S_P30514
P30515,2024,R_P30515,S_P30515
P30516,2024,R_P30516,S_P30516
P30517,2024,R_P30517,S_P30517
P30518,2024,R_P30518,S_P30518
P30519,2024,R_P30519,S_P30519
P30520,2024,R_P30520,S_P30520
P30521,2023,R_P30521,S_P30521
P30522,2024,R_P30522,S_P30522
P30523,2024,R_P30523,S_P30523
P30525,2024,R_P30525,S_P30525
P30527,2024,R_P30527,S_P30527
P30528,2024,R_P30528,S_P30528
P30530,2023,R_P15365,S_P15365
P30531,2024,R_P15365,S_P15365
P30532,2024,R_P15365,S_P15365
P30533,2024,R_P30533,S_P30533
P30534,2024,R_P30534,S_P30534
P30537,2024,R_P30537,S_P30537
P30545,2024,R_P30545,S_P30545
P30548,2023,R_P30548,S_P30548
P30550,2023,R_P30550,S_P30550
P30570,2023,R_P30570,S_P30570
P30571,2024,R_P30571,S_P30571
P30573,2023,R_P30573,S_P30573
P30575,2023,R_P30575,S_P30575
P30576,2023,R_P30576,S_P30576
P30577,2023,R_P30577,S_P30577
P30578,2023,R_P30578,S_P30578
P30580,2026,R_P30580,S_P30580
P30581,2026,R_P30581,S_P30581
P30582,2026,R_P30582,S_P30582
P30584,2026,R_P30584,S_P30584
P30585,2026,R_P30585,S_P30585
P30602,2021,R_P30602,S_P30602
P30605,2021,R_P30605,S_P30605
P30607,2021,R_P30607,S_P30607
P30619,2022,R_P30619,S_P30619
P30628,2023,R_P30628,S_P30628
P30629,2023,R_P30629,S_P30629
P30631,2022,R_P30631,S_P30631
P30633,2022,R_P30633,S_P30633
P30636,2023,R_P30636,S_P30636
P30637,2023,R_P30637,S_P30637
P30638,2022,R_P30638,S_P30638
P30639,2024,R_P30639,S_P30639
P30643,2024,R_P30643,S_P30643
P30644,2023,R_P30644,S_P30644
P30645,2023,R_P30645,S_P30645
P30653,2025,R_P30653,S_P30653
P30665,2023,R_P30665,S_P30665
P30666,2024,R_P30666,S_P30666
P30667,2023,R_P30667,S_P30667
P30668,2023,R_P30668,S_P30668
P30669,2023,R_P30669,S_P30669
P30670,2023,R_P30670,S_P30670
P30672,2023,R_P30672,S_P30672
P30673,2023,R_P30673,S_P30673
P30674,2023,R_P30674,S_P30674
P30675,2023,R_P30675,S_P30675
P30676,2023,R_P30676,S_P30676
P30677,2023,R_P30677,S_P30677
P30678,2023,R_P30678,S_P30678
P30679,2024,R_P30679,S_P30679
P30680,2023,R_P30680,S_P30680
P30681,2024,R_P30681,S_P30681
P30682,2023,R_P30682,S_P30682
P30683,2023,R_P30683,S_P30683
P30684,2024,R_P30684,S_P30684
P30685,2022,R_P30685,S_P30685
P30688,2023,R_P30688,S_P30688
P30690,2023,R_P30690,S_P30690
P30691,2024,R_P30691,S_P30691
P30692,2024,R_P30692,S_P30692
P30693,2023,R_P30693,S_P30693
P30695,2023,R_P30695,S_P30695
P30696,2023,R_P30696,S_P30696
P30697,2023,R_P30697,S_P30697
P30698,2023,R_P30698,S_P30698
P30699,2023,R_P30699,S_P30699
P30701,2023,R_P30701,S_P30701
P30702,2023,R_P30702,S_P30702
P30703,2023,R_P30703,S_P30703
P30704,2023,R_P30704,S_P30704
P30705,2023,R_P30705,S_P30705
P30706,2024,R_P30706,S_P30706
P30707,2023,R_P30707,S_P30707
P30709,2024,R_P30709,S_P30709
P30710,2023,R_P30710,S_P30710
P30711,2023,R_P30711,S_P30711
P30712,2023,R_P30712,S_P30712
P30713,2023,R_P30713,S_P30713
P30714,2023,R_P30714,S_P30714
P30715,2024,R_P30715,S_P30715
P30717,2024,R_P30717,S_P30717
P30718,2023,R_P30718,S_P30718
P30720,2023,R_P14367,S_P14367
P30722,2022,R_P30722,S_P30722
P30723,2022,R_P30723,S_P30723
P30724,2022,R_P30724,S_P30724
P30726,2022,R_P30726,S_P30726
P30727,2022,R_P30727,S_P30727
P30728,2021,R_P30728,S_P30728
P30738,2022,R_P30738,S_P30738
P30746,2025,R_P30746,S_P30746
P30747,2023,R_P30747,S_P30747
P30758,2024,R_P30758,S_P30758
P30761,2026,R_P30761,S_P30761
P30764,2022,R_P30764,S_P30764
P30765,2022,R_P30765,S_P30765
P30766,2022,R_P30766,S_P30766
P30768,2026,R_P30768,S_P30768
P30769,2023,R_P30769,S_P30769
P30770,2023,R_P30770,S_P30770
P30776,2025,R_P30776,S_P30776
P30809,2025,R_P30809,S_P30809
P30836,2026,R_P30836,S_P30836
P30838,2020,R_P30838,S_P30838
P30842,2024,R_P30842,S_P30842
P30847,2021,R_P30847,S_P30847
P30848,2021,R_P30848,S_P30848
P30870,2024,R_P30870,S_P30870
P30871,2025,R_P30870,S_P30870
P30872,2024,R_P30872,S_P30872
P30880,2025,R_P30880,S_P30880
P30900,2022,R_P30900,S_P30900
P30904,2022,R_P30904,S_P30904
P30905,2022,R_P30905,S_P30905
P30912,2024,R_P30912,S_P30912
P30964,2026,R_P30964,S_P30964
P31067,2024,R_P31067,S_P31067
P31073,2023,R_P31073,S_P31073
P31077,2024,R_P31077,S_P31077
P31079,2023,R_P31079,S_P31079
P31080,2023,R_P31080,S_P31080
P31081,2023,R_P31081,S_P31081
P31082,2023,R_P31082,S_P31082
P31123,2024,R_P14152,S_P14152
P31127,2026,R_P31127,S_P31127
P31152,2026,R_P31152,S_P31152
P31154,2026,R_P31154,S_P31154
P31176,2022,R_P31176,S_P31176
P31177,2026,R_P31177,S_P31177
P31178,2025,R_P31178,S_P31178
P31190,2023,R_P31190,S_P31190
P31195,2019,R_P31195,S_P31195
P31227,2023,R_P31227,S_P31227
P31228,2023,R_P31228,S_P31228
P31229,2024,R_P31229,S_P31229
P31230,2024,R_P31230,S_P31230
P31231,2023,R_P31231,S_P31231
P31232,2024,R_P31232,S_P31232
P31233,2023,R_P31233,S_P31233
P31236,2023,R_P14395,S_P14395
P31242,2023,R_P31242,S_P31242
P31243,2023,R_P31243,S_P31243
P31244,2023,R_P31244,S_P31244
P31245,2023,R_P31245,S_P31245
P31246,2023,R_P31246,S_P31246
P31247,2023,R_P31242,S_P31242
P31258,2019,R_P31258,S_P31258
P31266,2026,R_P31266,S_P31266
P31308,2026,R_P31308,S_P31308
P31309,2026,R_P31309,S_P31309
P31310,2026,R_P31310,S_P31310
P31312,2026,R_P31312,S_P31312
P31313,2026,R_P31312,S_P31312
P31314,2026,R_P31314,S_P31314
P31318,2020,R_P18116,S_P18116
P31329,2024,R_P31329,S_P31329
P31331,2026,R_P31329,S_P31329
P31332,2026,R_P31332,S_P31332
P31333,2026,R_P31333,S_P31333
P31338,2025,R_P31334,S_P31334
P31339,2025,R_P31339,S_P31339
P31340,2026,R_P14018,S_P14018
P31341,2026,R_P31341,S_P31341
P31342,2026,R_P31342,S_P31342
P31343,2026,R_P31343,S_P31343
P31345,2024,R_P31345,S_P31345
P31346,2026,R_P31346,S_P31346
P31347,2024,R_P31347,S_P31347
P31349,2026,R_P31349,S_P31349
P31351,2026,R_P31351,S_P31351
P31352,2026,R_P31351,S_P31351
P31355,2026,R_P31354,S_P31354
P31356,2026,R_P31356,S_P31356
P31360,2019,R_P31360,S_P31360
P31364,2020,R_P31364,S_P31364
P31365,2019,R_P31365,S_P31365
P31367,2025,R_P31367,S_P31367
P31369,2019,R_P31369,S_P31369
P31370,2025,R_P31370,S_P31370
P31380,2020,R_P31380,S_P31380
P31382,2022,R_P31382,S_P31382
P31383,2022,R_P31383,S_P31383
P31385,2023,R_P31385,S_P31385
P31386,2022,R_P31386,S_P31386
P31387,2023,R_P31387,S_P31387
P31388,2023,R_P31388,S_P31388
P31389,2022,R_P31387,S_P31387
P31390,2023,R_P31390,S_P31390
P31391,2021,R_P31391,S_P31391
P31393,2023,R_P31393,S_P31393
P31394,2023,R_P31394,S_P31394
P31395,2023,R_P31395,S_P31395
P31396,2026,R_P31396,S_P31396
P31397,2020,R_P31397,S_P31397
P31398,2023,R_P31398,S_P31398
P31399,2019,R_P31399,S_P31399
P31400,2022,R_P31400,S_P31400
P31401,2021,R_P31401,S_P31401
P31402,2023,R_P31402,S_P31402
P31403,2023,R_P31403,S_P31403
P31404,2023,R_P31404,S_P31404
P31412,2019,R_P31412,S_P31412
P31428,2020,R_P31428,S_P31428
P31433,2026,R_P31433,S_P31433
P31438,2026,R_P31438,S_P31438
P31440,2026,R_P31440,S_P31440
P31441,2026,R_P31441,S_P31441
P31442,2026,R_P31442,S_P31442
P31443,2026,R_P31442,S_P31442
P31444,2025,R_P31444,S_P31444
P31454,2019,R_P31454,S_P31454
P31461,2024,R_P31461,S_P31461
P31462,2025,R_P31462,S_P31462
P31464,2024,R_P31464,S_P31464
P31465,2025,R_P31465,S_P31465
P31466,2024,R_P31466,S_P31466
P31467,2023,R_P31467,S_P31467
P31473,2026,R_P31473,S_P31473
P31477,2026,R_P31477,S_P31477
P31482,2020,R_P31482,S_P31482
P31483,2020,R_P31482,S_P31482
P31484,2020,R_P31484,S_P31484
P31493,2026,R_P31493,S_P31493
P31501,2026,R_P31501,S_P31501
P31502,2026,R_P31502,S_P31502
P31503,2025,R_P31503,S_P31503
P31505,2026,R_P31505,S_P31505
P31510,2023,R_P31510,S_P31510
P31511,2023,R_P31511,S_P31511
P31513,2024,R_P31513,S_P31513
P31514,2023,R_P31513,S_P31513
P31516,2022,R_P31516,S_P31516
P31517,2022,R_P31517,S_P31517
P31534,2022,R_P31534,S_P31534
P31552,2020,R_P31552,S_P31552
P31554,2019,R_P31554,S_P31554
P31556,2019,R_P31556,S_P31556
P31558,2020,R_P31558,S_P31558
P31560,2019,R_P31560,S_P31560
P31562,2019,R_P31562,S_P31562
P31563,2019,R_P31563,S_P31563
P31565,2019,R_P31565,S_P31565
P31571,2020,R_P31571,S_P31571
P31574,2026,R_P31574,S_P31574
P31578,2026,R_P31578,S_P31578
P31581,2023,R_P31581,S_P31581
P31582,2019,R_P31582,S_P31582
P31583,2023,R_P31583,S_P31583
P31586,2019,R_P31586,S_P31586
P31587,2019,R_P31587,S_P31587
P31588,2023,R_P31588,S_P31588
P31589,2023,R_P31589,S_P31589
P31590,2023,R_P31590,S_P31590
P31591,2024,R_P31591,S_P31591
P31593,2023,R_P31593,S_P31593
P31595,2022,R_P31595,S_P31595
P31596,2023,R_P31596,S_P31596
P31598,2024,R_P31598,S_P31598
P31599,2023,R_P31599,S_P31599
P31600,2023,R_P31600,S_P31600
P31602,2023,R_P31602,S_P31602
P31603,2023,R_P31594,S_P31594
P31604,2023,R_P31604,S_P31604
P31607,2023,R_P15932,S_P15932
P31610,2026,R_P31610,S_P31610
P31611,2026,R_P31611,S_P31611
P31612,2025,R_P31612,S_P31612
P31613,2023,R_P31613,S_P31613
P31614,2024,R_P31614,S_P31614
P31615,2023,R_P31615,S_P31615
P31616,2023,R_P31616,S_P31616
P31618,2024,R_P31613,S_P31613
P31620,2023,R_P31620,S_P31620
P31621,2023,R_P31620,S_P31620
P31623,2026,R_P31623,S_P31623
P31624,2023,R_P31624,S_P31624
P31626,2023,R_P31626,S_P31626
P31627,2026,R_P31627,S_P31627
P31629,2026,R_P31629,S_P31629
P31632,2026,R_P31632,S_P31632
P31633,2026,R_P31633,S_P31633
P31634,2026,R_P31634,S_P31634
P31636,2025,R_P31636,S_P31636
P31637,2026,R_P31637,S_P31637
P31638,2025,R_P31638,S_P31638
P31640,2026,R_P31640,S_P31640
P31642,2026,R_P31642,S_P31642
P31643,2025,R_P31643,S_P31643
P31644,2026,R_P31644,S_P31644
P31645,2023,R_P31645,S_P31645
P31647,2026,R_P31647,S_P31647
P31648,2025,R_P31648,S_P31648
P31649,2022,R_P31649,S_P31649
P31650,2023,R_P31650,S_P31650
P31652,2024,R_P31651,S_P31651
P31653,2022,R_P31653,S_P31653
P31655,2022,R_P31655,S_P31655
P31656,2022,R_P31656,S_P31656
P31657,2022,R_P31657,S_P31657
P31658,2022,R_P31658,S_P31658
P31659,2019,R_P31659,S_P31659
P31660,2022,R_P31659,S_P31659
P31661,2020,R_P31661,S_P31661
P31662,2019,R_P31662,S_P31662
P31667,2019,R_P13765,S_P13765
P31669,2022,R_P31669,S_P31669
P31670,2023,R_P31670,S_P31670
P31671,2022,R_P31671,S_P31671
P31673,2022,R_P31673,S_P31673
P31674,2019,R_P31674,S_P31674
P31675,2019,R_P31675,S_P31675
P31676,2020,R_P31676,S_P31676
P31677,2022,R_P31677,S_P31677
P31678,2020,R_P31678,S_P31678
P31680,2026,R_P31680,S_P31680
P31683,2026,R_P31683,S_P31683
P31684,2026,R_P31684,S_P31684
P31689,2022,R_P31689,S_P31689
P31690,2026,R_P31690,S_P31690
P31691,2024,R_P31691,S_P31691
P31692,2024,R_P31692,S_P31692
P31693,2022,R_P31693,S_P31693
P31695,2023,R_P31695,S_P31695
P31697,2023,R_P31697,S_P31697
P31698,2022,R_P31698,S_P31698
P31701,2022,R_P31701,S_P31701
P31702,2022,R_P31702,S_P31702
P31703,2020,R_P31703,S_P31703
P31705,2023,R_P31705,S_P31705
P31706,2023,R_P31706,S_P31706
P31713,2024,R_P31713,S_P31713
P31715,2025,R_P31715,S_P31715
P31717,2023,R_P31717,S_P31717
P31720,2024,R_P31720,S_P31720
P31721,2024,R_P31721,S_P31721
P31770,2025,R_P31770,S_P31770
P31779,2023,R_P31779,S_P31779
P31781,2023,R_P31781,S_P31781
P31782,2023,R_P31782,S_P31782
P31783,2022,R_P31783,S_P31783
P31785,2024,R_P31785,S_P31785
P31786,2023,R_P31786,S_P31786
P31788,2023,R_P31788,S_P31788
P31789,2023,R_P31789,S_P31789
P31790,2023,R_P31789,S_P31789
P31791,2022,R_P31791,S_P31791
P31792,2023,R_P31792,S_P31792
P31794,2022,R_P31794,S_P31794
P31795,2023,R_P31795,S_P31795
P31796,2022,R_P31796,S_P31796
P31797,2023,R_P31797,S_P31797
P31806,2024,R_P31806,S_P31806
P31810,2025,R_P31810,S_P31810
P31815,2025,R_P31815,S_P31815
P31816,2025,R_P31816,S_P31816
P31818,2025,R_P31818,S_P31818
P31830,2026,R_P31830,S_P31830
P31832,2026,R_P31832,S_P31832
P31833,2026,R_P31833,S_P31833
P31835,2026,R_P31835,S_P31835
P31836,2026,R_P31836,S_P31836
P31837,2026,R_P31837,S_P31837
P31838,2026,R_P31838,S_P31838
P31839,2026,R_P31839,S_P31839
P31840,2026,R_P31840,S_P31840
P31841,2026,R_P31841,S_P31841
P31844,2026,R_P31844,S_P31844
P31846,2026,R_P31846,S_P31846
P31847,2026,R_P31847,S_P31847
P31848,2025,R_P31848,S_P31848
P31849,2026,R_P31849,S_P31849
P31850,2026,R_P31850,S_P31850
P31851,2024,R_P31851,S_P31851
P31853,2026,R_P31853,S_P31853
P31854,2026,R_P31853,S_P31853
P31855,2026,R_P31855,S_P31855
P31858,2026,R_P13664,S_P13664
P31860,2026,R_P31860,S_P31860
P31869,2026,R_P31869,S_P31869
P31873,2026,R_P31873,S_P31873
P31874,2026,R_P31874,S_P31874
P31876,2026,R_P31876,S_P31876
P31877,2026,R_P31877,S_P31877
P31878,2026,R_P31876,S_P31876
P31879,2026,R_P31879,S_P31879
P31880,2025,R_P31880,S_P31880
P31881,2026,R_P31881,S_P31881
P31883,2026,R_P13654,S_P13654
P31885,2026,R_P31885,S_P31885
P31886,2021,R_P31886,S_P31886
P31887,2026,R_P31887,S_P31887
P31888,2026,R_P31888,S_P31888
P31889,2021,R_P31889,S_P31889
P31890,2021,R_P31890,S_P31890
P31891,2026,R_P31891,S_P31891
P31894,2026,R_P31894,S_P31894
P31895,2026,R_P31895,S_P31895
P31896,2026,R_P31896,S_P31896
P31897,2020,R_P31897,S_P31897
P31918,2025,R_P31918,S_P31918
P31928,2026,R_P31928,S_P31928
P31930,2025,R_P31930,S_P31930
P31939,2022,R_P31939,S_P31939
P31976,2026,R_P31976,S_P31976
P31989,2023,R_P31989,S_P31989
P31997,2023,R_P31997,S_P31997
P31998,2024,R_P31998,S_P31998
P31999,2019,R_P31999,S_P31999
P32001,2023,R_P32001,S_P32001
P32002,2019,R_P32002,S_P32002
P32003,2023,R_P32003,S_P32003
P32004,2023,R_P32004,S_P32004
P32006,2023,R_P32003,S_P32003
P32009,2023,R_P32009,S_P32009
P32014,2026,R_P32014,S_P32014
P32016,2022,R_P32015,S_P32015
P32017,2022,R_P32017,S_P32017
P32020,2023,R_P32020,S_P32020
P32021,2022,R_P32021,S_P32021
P32022,2023,R_P32020,S_P32020
P32023,2023,R_P32023,S_P32023
P32049,2020,R_P32049,S_P32049
P32053,2019,R_P32053,S_P32053
P32056,2019,R_P32056,S_P32056
P32058,2019,R_P32058,S_P32058
P32065,2026,R_P32065,S_P32065
P32101,2022,R_P32101,S_P32101
P32107,2022,R_P32107,S_P32107
P32108,2023,R_P32108,S_P32108
P32109,2023,R_P32109,S_P32109
P32110,2022,R_P32110,S_P32110
P32111,2023,R_P32111,S_P32111
P32112,2022,R_P32112,S_P32112
P32126,2026,R_P32126,S_P32126
P32134,2023,R_P32134,S_P32134
P32135,2023,R_P32135,S_P32135
P32137,2023,R_P32137,S_P32137
P32138,2023,R_P32138,S_P32138
P32140,2023,R_P32140,S_P32140
P32141,2022,R_P32141,S_P32141
P32143,2023,R_P32143,S_P32143
P32144,2023,R_P32144,S_P32144
P32145,2023,R_P32145,S_P32145
P32147,2023,R_P32147,S_P32147
P32151,2024,R_P32151,S_P32151
P32156,2022,R_P32156,S_P32156
P32160,2022,R_P32160,S_P32160
P32162,2023,R_P32162,S_P32162
P32165,2022,R_P32165,S_P32165
P32166,2023,R_P32166,S_P32166
P32167,2022,R_P32167,S_P32167
P32169,2023,R_P32169,S_P32169
P32170,2023,R_P32170,S_P32170
P32172,2023,R_P32172,S_P32172
P32173,2022,R_P32173,S_P32173
P32175,2022,R_P32175,S_P32175
P32176,2022,R_P32176,S_P32176
P32177,2023,R_P32177,S_P32177
P32180,2023,R_P32180,S_P32180
P32181,2023,R_P32181,S_P32181
P32183,2023,R_P32183,S_P32183
P32184,2022,R_P13522,S_P13522
P32185,2023,R_P32185,S_P32185
P32189,2023,R_P32189,S_P32189
P32190,2023,R_P32190,S_P32190
P32191,2022,R_P32191,S_P32191
P32193,2021,R_P32193,S_P32193
P32194,2023,R_P32194,S_P32194
P32195,2022,R_P32195,S_P32195
P32196,2024,R_P32196,S_P32196
P32197,2022,R_P32197,S_P32197
P32198,2022,R_P32198,S_P32198
P32199,2022,R_P32199,S_P32199
P32200,2023,R_P32200,S_P32200
P32207,2020,R_P32207,S_P32207
P32208,2022,R_P32208,S_P32208
P32209,2023,R_P32209,S_P32209
P32210,2023,R_P32210,S_P32210
P32211,2023,R_P32211,S_P32211
P32212,2022,R_P32212,S_P32212
P32213,2022,R_P32213,S_P32213
P32214,2023,R_P32214,S_P32214
P32215,2023,R_P32215,S_P32215
P32216,2023,R_P32216,S_P32216
P32217,2023,R_P32217,S_P32217
P32218,2023,R_P32218,S_P32218
P32219,2024,R_P32219,S_P32219
P32222,2022,R_P32222,S_P32222
P32223,2023,R_P32223,S_P32223
P32224,2023,R_P32224,S_P32224
P32225,2023,R_P32225,S_P32225
P32227,2022,R_P32227,S_P32227
P32229,2024,R_P32229,S_P32229
P32231,2025,R_P32231,S_P32231
P32232,2023,R_P32232,S_P32232
P32233,2022,R_P32233,S_P32233
P32234,2023,R_P32234,S_P32234
P32235,2022,R_P32235,S_P32235
P32238,2022,R_P32238,S_P32238
P32239,2022,R_P32239,S_P32239
P32240,2023,R_P32240,S_P32240
P32241,2023,R_P32241,S_P32241
P32242,2022,R_P32242,S_P32242
P32243,2022,R_P32243,S_P32243
P32244,2023,R_P32244,S_P32244
P32245,2022,R_P32245,S_P32245
P32246,2022,R_P32246,S_P32246
P32247,2022,R_P32247,S_P32247
P32249,2023,R_P13512,S_P13512
P32250,2024,R_P32250,S_P32250
P32252,2022,R_P32252,S_P32252
P32253,2023,R_P32253,S_P32253
P32255,2024,R_P32255,S_P32255
P32256,2022,R_P32256,S_P32256
P32257,2022,R_P32257,S_P32257
P32258,2022,R_P32258,S_P32258
P32259,2023,R_P32259,S_P32259
P32262,2022,R_P32261,S_P32261
P32263,2022,R_P32263,S_P32263
P32265,2022,R_P32265,S_P32265
P32266,2022,R_P32266,S_P32266
P32310,2025,R_P32310,S_P32310
P32320,2024,R_P32320,S_P32320
P32327,2023,R_P32327,S_P32327
P32342,2022,R_P32342,S_P32342
P32343,2022,R_P32343,S_P32343
P32344,2022,R_P19470,S_P19470
P32345,2022,R_P32345,S_P32345
P32347,2021,R_P32347,S_P32347
P32348,2022,R_P13436,S_P13436
P32349,2022,R_P32349,S_P32349
P32351,2022,R_P32351,S_P32351
P32352,2022,R_P32352,S_P32352
P32353,2022,R_P32353,S_P32353
P32354,2023,R_P32354,S_P32354
P32356,2022,R_P32356,S_P32356
P32358,2022,R_P32358,S_P32358
P32360,2023,R_P32360,S_P32360
P32361,2022,R_P32361,S_P32361
P32362,2022,R_P32362,S_P32362
P32363,2022,R_P32363,S_P32363
P32364,2022,R_P13433,S_P13433
P32365,2022,R_P32365,S_P32365
P32366,2020,R_P32366,S_P32366
P32367,2025,R_P32367,S_P32367
P32368,2022,R_P32368,S_P32368
P32369,2022,R_P32369,S_P32369
P32370,2022,R_P32370,S_P32370
P32373,2021,R_P32373,S_P32373
P32374,2022,R_P32374,S_P32374
P32375,2021,R_P32375,S_P32375
P32376,2021,R_P32376,S_P32376
P32377,2022,R_P32377,S_P32377
P32378,2022,R_P32378,S_P32378
P32379,2022,R_P32379,S_P32379
P32380,2022,R_P32380,S_P32380
P32381,2022,R_P32381,S_P32381
P32382,2021,R_P32382,S_P32382
P32383,2022,R_P32383,S_P32383
P32386,2022,R_P32386,S_P32386
P32422,2019,R_P32422,S_P32422
P32426,2019,R_P32426,S_P32426
P32427,2019,R_P32427,S_P32427
P32444,2025,R_P32444,S_P32444
P32451,2021,R_P32449,S_P32449
P32490,2021,R_P32490,S_P32490
P32544,2023,R_P32542,S_P32542
P32545,2022,R_P32545,S_P32545
P32564,2026,R_P32563,S_P32563
P32570,2026,R_P32570,S_P32570
P32581,2026,R_P32581,S_P32581
P32582,2022,R_P32582,S_P32582
P32584,2022,R_P32584,S_P32584
P32585,2023,R_P32585,S_P32585
P32586,2022,R_P32586,S_P32586
P32587,2022,R_P32587,S_P32587
P32588,2022,R_P32588,S_P32588
P32589,2022,R_P32589,S_P32589
P32590,2022,R_P32590,S_P32590
P32591,2022,R_P32591,S_P32591
P32593,2022,R_P32593,S_P32593
P32594,2022,R_P32594,S_P32594
P32596,2022,R_P32596,S_P32596
P32625,2026,R_P32625,S_P32625
P32683,2023,R_P32683,S_P32683
P32686,2025,R_P32686,S_P32686
P32687,2025,R_P15745,S_P15745
P32689,2023,R_P32689,S_P32689
P32691,2021,R_P32691,S_P32691
P32715,2022,R_P13422,S_P13422
P32716,2022,R_P32716,S_P32716
P32717,2022,R_P32717,S_P32717
P32719,2022,R_P32719,S_P32719
P32720,2022,R_P32720,S_P32720
P32722,2022,R_P32722,S_P32722
P32723,2022,R_P32723,S_P32723
P32724,2022,R_P32724,S_P32724
P32731,2022,R_P32729,S_P32729
P32732,2022,R_P32732,S_P32732
P32740,2020,R_P32740,S_P32740
P32783,2025,R_P32783,S_P32783
P32856,2021,R_P32856,S_P32856
P32865,2021,R_P13158,S_P13158
P32901,2026,R_P32901,S_P32901
P32911,2022,R_P32911,S_P32911
P32916,2021,R_P32916,S_P32916
P32918,2026,R_P32918,S_P32918
P32921,2023,R_P32921,S_P32921
P32925,2025,R_P13113,S_P13114
P32955,2024,R_P32955,S_P32955
P32995,2023,R_P32995,S_P32995
P33013,2026,R_P33013,S_P33013
P33017,2026,R_P33017,S_P33017
P33019,2023,R_P33017,S_P33017
P33039,2022,R_P33039,S_P33039
P33041,2022,R_P33041,S_P33041
P33042,2022,R_P33042,S_P33042
P33043,2023,R_P33043,S_P33043
P33045,2022,R_P33045,S_P33045
P33046,2022,R_P33046,S_P33046
P33047,2023,R_P33047,S_P33047
P33048,2023,R_P33048,S_P33048
P33049,2023,R_P33049,S_P33049
P33050,2023,R_P33050,S_P33050
P33051,2022,R_P33051,S_P33051
P33052,2022,R_P33052,S_P33052
P33055,2022,R_P33055,S_P33055
P33056,2023,R_P33056,S_P33056
P33057,2023,R_P33057,S_P33057
P33075,2022,R_P33075,S_P33075
P33078,2022,R_P33078,S_P33078
P33079,2023,R_P33079,S_P33079
P33080,2022,R_P33080,S_P33080
P33081,2023,R_P33081,S_P33081
P33084,2023,R_P33084,S_P33084
P33085,2022,R_P33085,S_P33085
P33087,2022,R_P33085,S_P33085
P33089,2026,R_P33089,S_P33089
P33094,2020,R_P33094,S_P33094
P33096,2020,R_P33096,S_P33096
P33141,2019,R_P33141,S_P33141
P33144,2019,R_P12985,S_P12985
P33154,2021,R_P33154,S_P33154
P33155,2021,R_P33155,S_P33155
P33191,2026,R_P33187,S_P33187
P33201,2020,R_P33201,S_P33201
P33202,2020,R_P33202,S_P33202
P33206,2022,R_P33206,S_P33206
P33208,2019,R_P33208,S_P33208
P33211,2019,R_P33211,S_P33211
P33237,2019,R_P33237,S_P33237
P33239,2019,R_P33239,S_P33239
P33261,2019,R_P33261,S_P33261
P33265,2019,R_P33264,S_P33264
P33266,2019,R_P33266,S_P33266
P33267,2019,R_P33267,S_P33267
P33268,2019,R_P33268,S_P33268
P33269,2020,R_P33269,S_P33269
P33273,2019,R_P33273,S_P33273
P33284,2023,R_P33284,S_P33284
P33285,2022,R_P33285,S_P33285
P33286,2023,R_P33286,S_P33286
P33287,2022,R_P33287,S_P33287
P33288,2022,R_P33288,S_P33288
P33289,2023,R_P33287,S_P33287
P33290,2021,R_P33290,S_P33290
P33291,2021,R_P33291,S_P33291
P33292,2021,R_P33292,S_P33292
P33294,2023,R_P33294,S_P33294
P33295,2022,R_P33295,S_P33295
P33296,2023,R_P33296,S_P33296
P33297,2022,R_P33297,S_P33297
P33298,2023,R_P33298,S_P33298
P33299,2023,R_P33299,S_P33299
P33302,2022,R_P33302,S_P33302
P33303,2022,R_P33303,S_P33303
P33305,2023,R_P33305,S_P33305
P33306,2022,R_P33306,S_P33306
P33307,2022,R_P33307,S_P33307
P33308,2022,R_P33308,S_P33308
P33309,2023,R_P33309,S_P33309
P33310,2023,R_P33310,S_P33310
P33311,2022,R_P33311,S_P33311
P33313,2023,R_P33311,S_P33311
P33324,2025,R_P33323,S_P33323
P33395,2026,R_P33395,S_P33395
P33426,2023,R_P33426,S_P33426
P33466,2023,R_P33466,S_P33466
P33532,2026,R_P33532,S_P33532
P33533,2026,R_P33533,S_P33533
P33534,2026,R_P33534,S_P33534
P33542,2025,R_P33542,S_P33542
P33551,2024,R_P33551,S_P33551
P33553,2022,R_P33553,S_P33553
P33584,2025,R_P33583,S_P33583
P33588,2024,R_P33588,S_P33588
P33614,2021,R_P33614,S_P33614
P33651,2023,R_P33651,S_P33651
P33679,2021,R_P33679,S_P33679
P33681,2026,R_P33681,S_P33681
P33682,2026,R_P33682,S_P33682
P33683,2026,R_P33683,S_P33683
P33697,2020,R_P33697,S_P33697
P33704,2026,R_P33704,S_P33704
P33745,2022,R_P33744,S_P33744
P33754,2024,R_P33754,S_P33754
P33794,2019,R_P33794,S_P33794
P33807,2025,R_P33807,S_P33807
P33832,2025,R_P33832,S_P33832
P33850,2025,R_P33850,S_P33850
P33852,2021,R_P33852,S_P33852
P33856,2025,R_P33856,S_P33856
P33890,2024,R_P33890,S_P33890
P33891,2024,R_P33891,S_P33891
P33914,2022,R_P33914,S_P33914
P33915,2022,R_P33915,S_P33915
P33919,2022,R_P33919,S_P33919
P33920,2022,R_P33920,S_P33920
P33922,2022,R_P12684,S_P12684
P33923,2022,R_P33921,S_P33921
P33924,2022,R_P33924,S_P33924
P33925,2022,R_P33925,S_P33925
P33927,2025,R_P33927,S_P33927
P33929,2023,R_P33929,S_P33929
P33930,2022,R_P33930,S_P33930
P33931,2022,R_P33931,S_P33931
P33932,2022,R_P33932,S_P33932
P33933,2022,R_P33933,S_P33933
P33935,2025,R_P33935,S_P33935
P33936,2025,R_P33927,S_P33927
P33939,2024,R_P33939,S_P33939
P33942,2025,R_P33942,S_P33942
P33943,2026,R_P33943,S_P33943
P33944,2022,R_P33944,S_P33944
P33945,2026,R_P33945,S_P33945
P33948,2022,R_P33948,S_P33948
P33949,2022,R_P33949,S_P33949
P33951,2022,R_P33951,S_P33951
P33952,2022,R_P33952,S_P33952
P33953,2022,R_P33953,S_P33953
P33955,2022,R_P33955,S_P33955
P33956,2022,R_P33956,S_P33956
P33957,2022,R_P33957,S_P33957
P33959,2022,R_P33959,S_P33959
P33961,2022,R_P33961,S_P33961
P33962,2023,R_P33962,S_P33962
P33963,2023,R_P33963,S_P33963
P33964,2022,R_P33964,S_P33964
P33966,2022,R_P33966,S_P33966
P33968,2022,R_P33965,S_P33965
P33969,2022,R_P33965,S_P33965
P33970,2022,R_P33970,S_P33970
P33971,2026,R_P33971,S_P33971
P33973,2025,R_P33973,S_P33973
P33974,2025,R_P33974,S_P33974
P33976,2025,R_P33976,S_P33976
P33977,2022,R_P33977,S_P33977
P33979,2022,R_P33979,S_P33979
P33980,2022,R_P33980,S_P33980
P33982,2025,R_P33982,S_P33982
P33983,2022,R_P33983,S_P33983
P33984,2022,R_P33984,S_P33984
P33993,2019,R_P33993,S_P33993
P34002,2026,R_P34002,S_P34002
P34003,2019,R_P34003,S_P34003
P34005,2020,R_P34005,S_P34005
P34006,2019,R_P34006,S_P34006
P34007,2019,R_P34007,S_P34007
P34013,2019,R_P34013,S_P34013
P34022,2023,R_P34022,S_P34022
P34023,2022,R_P34023,S_P34023
P34024,2022,R_P34024,S_P34024
P34025,2023,R_P34025,S_P34025
P34026,2022,R_P34026,S_P34026
P34027,2022,R_P34027,S_P34027
P34029,2022,R_P34029,S_P34029
P34031,2022,R_P34031,S_P34031
P34032,2022,R_P34032,S_P34032
P34033,2022,R_P34033,S_P34033
P34034,2023,R_P34034,S_P34034
P34035,2022,R_P34035,S_P34035
P34036,2022,R_P34036,S_P34036
P34037,2023,R_P34037,S_P34037
P34039,2022,R_P34039,S_P34039
P34059,2021,R_P34059,S_P34059
P34061,2021,R_P34061,S_P34061
P34062,2022,R_P34062,S_P34062
P34063,2021,R_P34063,S_P34063
P34065,2022,R_P34065,S_P34065
P34066,2021,R_P34066,S_P34066
P34067,2022,R_P34067,S_P34067
P34068,2022,R_P34058,S_P34058
P34070,2022,R_P34070,S_P34070
P34072,2022,R_P34072,S_P34072
P34073,2021,R_P34073,S_P34073
P34074,2021,R_P34074,S_P34074
P34075,2021,R_P34075,S_P34075
P34077,2021,R_P34077,S_P34077
P34078,2026,R_P34078,S_P34078
P34082,2026,R_P34082,S_P34082
P34083,2026,R_P12580,S_P12580
P34087,2026,R_P34087,S_P34087
P34088,2026,R_P34088,S_P34088
P34089,2022,R_P34089,S_P34089
P34090,2026,R_P34090,S_P34090
P34091,2026,R_P34091,S_P34091
P34092,2022,R_P34092,S_P34092
P34094,2026,R_P34094,S_P34094
P34095,2026,R_P34090,S_P34090
P34096,2026,R_P34096,S_P34096
P34100,2026,R_P34100,S_P34100
P34101,2026,R_P34101,S_P34101
P34102,2026,R_P34102,S_P34102
P34103,2026,R_P34103,S_P34103
P34104,2026,R_P34104,S_P34104
P34105,2026,R_P34105,S_P34105
P34106,2026,R_P34106,S_P34106
P34107,2026,R_P34107,S_P34107
P34108,2026,R_P34108,S_P34108
P34109,2026,R_P34109,S_P34109
P34110,2026,R_P34110,S_P34110
P34112,2026,R_P34112,S_P34112
P34113,2026,R_P34113,S_P34113
P34115,2026,R_P34115,S_P34115
P34117,2026,R_P34114,S_P34114
P34119,2026,R_P34119,S_P34119
P34120,2026,R_P34120,S_P34120
P34122,2024,R_P34122,S_P34122
P34123,2022,R_P34123,S_P34123
P34124,2026,R_P34124,S_P34124
P34125,2026,R_P34125,S_P34125
P34126,2026,R_P34126,S_P34126
P34127,2026,R_P34127,S_P34127
P34128,2026,R_P34128,S_P34128
P34130,2026,R_P34130,S_P34130
P34133,2026,R_P34132,S_P34132
P34134,2026,R_P34134,S_P34134
P34135,2026,R_P34135,S_P34135
P34137,2026,R_P34137,S_P34137
P34138,2026,R_P34138,S_P34138
P34140,2026,R_P34140,S_P34140
P34142,2025,R_P34142,S_P34142
P34143,2025,R_P34143,S_P34143
P34145,2025,R_P34145,S_P34145
P34146,2025,R_P34146,S_P34146
P34147,2025,R_P34147,S_P34147
P34148,2025,R_P34148,S_P34148
P34149,2026,R_P34149,S_P34149
P34150,2026,R_P34150,S_P34150
P34151,2026,R_P34151,S_P34151
P34152,2026,R_P34152,S_P34152
P34156,2026,R_P34156,S_P34156
P34157,2026,R_P34157,S_P34157
P34158,2026,R_P34158,S_P34158
P34161,2026,R_P34161,S_P34161
P34164,2026,R_P12548,S_P12548
P34165,2026,R_P34165,S_P34165
P34166,2026,R_P34166,S_P34166
P34167,2026,R_P34167,S_P34167
P34168,2026,R_P34168,S_P34168
P34173,2026,R_P34173,S_P34173
P34176,2022,R_P34176,S_P34176
P34177,2022,R_P34177,S_P34177
P34178,2022,R_P34178,S_P34178
P34179,2026,R_P34179,S_P34179
P34180,2026,R_P34180,S_P34180
P34181,2026,R_P34181,S_P34181
P34182,2026,R_P34182,S_P34182
P34183,2026,R_P34183,S_P34183
P34184,2026,R_P34184,S_P34184
P34185,2026,R_P34185,S_P34185
P34186,2026,R_P34186,S_P34186
P34188,2026,R_P34186,S_P34186
P34190,2025,R_P34190,S_P34190
P34191,2026,R_P34191,S_P34191
P34192,2025,R_P34192,S_P34192
P34193,2026,R_P34193,S_P34193
P34194,2026,R_P34194,S_P34194
P34196,2026,R_P34196,S_P34196
P34197,2026,R_P34197,S_P34197
P34198,2026,R_P34198,S_P34198
P34201,2026,R_P34200,S_P34200
P34204,2024,R_P34204,S_P34204
P34205,2026,R_P12542,S_P12542
P34208,2026,R_P34208,S_P34208
P34209,2026,R_P34209,S_P34209
P34210,2026,R_P34210,S_P34210
P34211,2026,R_P34211,S_P34211
P34212,2026,R_P34212,S_P34212
P34213,2026,R_P34213,S_P34213
P34214,2026,R_P34214,S_P34214
P34216,2026,R_P34216,S_P34216
P34217,2026,R_P34217,S_P34217
P34219,2026,R_P34219,S_P34219
P34220,2026,R_P34220,S_P34220
P34222,2026,R_P34222,S_P34222
P34223,2026,R_P34223,S_P34223
P34224,2026,R_P34224,S_P34224
P34227,2025,R_P34227,S_P34227
P34228,2026,R_P34228,S_P34228
P34229,2026,R_P34229,S_P34229
P34233,2026,R_P34233,S_P34233
P34235,2026,R_P34235,S_P34235
P34236,2026,R_P34236,S_P34236
P34237,2026,R_P34237,S_P34237
P34238,2026,R_P34238,S_P34238
P34255,2026,R_P34255,S_P34255
P34256,2026,R_P34256,S_P34256
P34259,2025,R_P34259,S_P34259
P34260,2026,R_P34260,S_P34260
P34261,2026,R_P34261,S_P34261
P34262,2026,R_P34262,S_P34262
P34263,2026,R_P34263,S_P34263
P34265,2026,R_P34265,S_P34265
P34266,2026,R_P34266,S_P34266
P34268,2026,R_P34268,S_P34268
P34271,2026,R_P34271,S_P34271
P34272,2026,R_P34269,S_P34269
P34273,2026,R_P34273,S_P34273
P34274,2026,R_P34274,S_P34274
P34277,2026,R_P34277,S_P34277
P34280,2025,R_P34280,S_P34280
P34281,2025,R_P34281,S_P34281
P34282,2026,R_P34282,S_P34282
P34283,2026,R_P34283,S_P34283
P34284,2026,R_P34284,S_P34284
P34285,2026,R_P34285,S_P34285
P34287,2026,R_P12510,S_P12510
P34288,2025,R_P34288,S_P34288
P34300,2024,R_P34300,S_P34300
P34301,2024,R_P34301,S_P34301
P34303,2024,R_P34303,S_P34303
P34304,2024,R_P34304,S_P34304
P34305,2024,R_P34305,S_P34305
P34306,2024,R_P34306,S_P34306
P34307,2024,R_P34307,S_P34307
P34309,2024,R_P34309,S_P34309
P34310,2024,R_P34310,S_P34310
P34312,2024,R_P34309,S_P34309
P34313,2024,R_P34313,S_P34313
P34315,2024,R_P34315,S_P34315
P34317,2024,R_P34317,S_P34317
P34318,2024,R_P34318,S_P34318
P34319,2024,R_P34319,S_P34319
P34320,2024,R_P34320,S_P34320
P34321,2024,R_P34321,S_P34321
P34324,2024,R_P34324,S_P34324
P34326,2024,R_P34326,S_P34326
P34327,2024,R_P34327,S_P34327
P34332,2024,R_P34332,S_P34332
P34333,2024,R_P34333,S_P34333
P34334,2024,R_P34334,S_P34334
P34335,2024,R_P34335,S_P34335
P34337,2024,R_P34337,S_P34337
P34338,2024,R_P34338,S_P34338
P34339,2024,R_P34337,S_P34337
P34340,2024,R_P34340,S_P34340
P34341,2024,R_P34341,S_P34341
P34342,2024,R_P34342,S_P34342
P34344,2024,R_P34344,S_P34344
P34345,2024,R_P34345,S_P34345
P34347,2024,R_P34347,S_P34347
P34348,2024,R_P34348,S_P34348
P34350,2024,R_P34350,S_P34350
P34351,2024,R_P34351,S_P34351
P34352,2024,R_P34352,S_P34352
P34373,2024,R_P34373,S_P34373
P34374,2024,R_P34374,S_P34374
P34375,2024,R_P34375,S_P34375
P34376,2022,R_P34376,S_P34376
P34381,2024,R_P34381,S_P34381
P34382,2023,R_P34382,S_P34382
P34383,2023,R_P34383,S_P34383
P34385,2022,R_P34385,S_P34385
P34386,2022,R_P34376,S_P34376
P34388,2024,R_P34388,S_P34388
P34389,2024,R_P34389,S_P34389
P34390,2024,R_P34390,S_P34390
P34391,2025,R_P34391,S_P34391
P34392,2024,R_P34392,S_P34392
P34393,2025,R_P34393,S_P34393
P34394,2025,R_P34394,S_P34394
P34396,2025,R_P34396,S_P34396
P34397,2025,R_P34397,S_P34397
P34398,2025,R_P34398,S_P34398
P34400,2025,R_P34400,S_P34400
P34401,2025,R_P34401,S_P34401
P34402,2025,R_P34402,S_P34402
P34403,2025,R_P34403,S_P34403
P34404,2025,R_P34404,S_P34404
P34406,2025,R_P34406,S_P34406
P34407,2025,R_P34407,S_P34407
P34408,2025,R_P34408,S_P34408
P34410,2025,R_P34410,S_P34410
P34414,2025,R_P34414,S_P34414
P34417,2023,R_P34417,S_P34417
P34418,2025,R_P34418,S_P34418
P34419,2025,R_P34419,S_P34419
P34421,2025,R_P12473,S_P12473
P34422,2025,R_P34422,S_P34422
P34425,2025,R_P34425,S_P34425
P34426,2025,R_P34426,S_P34426
P34427,2020,R_P34427,S_P34427
P34428,2020,R_P34427,S_P34427
P34430,2025,R_P34430,S_P34430
P34431,2020,R_P34430,S_P34430
P34432,2025,R_P34432,S_P34432
P34433,2025,R_P34433,S_P34433
P34435,2025,R_P34435,S_P34435
P34436,2025,R_P34436,S_P34436
P34437,2025,R_P34437,S_P34437
P34438,2025,R_P34438,S_P34438
P34440,2025,R_P34440,S_P34440
P34442,2025,R_P34442,S_P34442
P34443,2025,R_P34443,S_P34443
P34446,2026,R_P34446,S_P34446
P34447,2026,R_P34447,S_P34447
P34448,2026,R_P34448,S_P34448
P34449,2026,R_P34449,S_P34449
P34450,2026,R_P34450,S_P34450
P34451,2024,R_P34451,S_P34451
P34452,2025,R_P34452,S_P34452
P34454,2025,R_P34454,S_P34454
P34455,2025,R_P34455,S_P34455
P34456,2025,R_P34456,S_P34456
P34458,2025,R_P34458,S_P34458
P34459,2025,R_P34459,S_P34459
P34462,2025,R_P34462,S_P34462
P34463,2025,R_P34462,S_P34462
P34464,2025,R_P34464,S_P34464
P34465,2025,R_P34465,S_P34465
P34466,2025,R_P34466,S_P34466
P34468,2026,R_P34468,S_P34468
P34469,2026,R_P34469,S_P34469
P34470,2024,R_P34470,S_P34470
P34471,2025,R_P34471,S_P34471
P34473,2024,R_P34473,S_P34473
P34474,2026,R_P34474,S_P34474
P34475,2024,R_P34475,S_P34475
P34476,2026,R_P34476,S_P34476
P34477,2026,R_P34477,S_P34477
P34478,2026,R_P34478,S_P34478
P34479,2026,R_P34479,S_P34479
P34480,2026,R_P34480,S_P34480
P34481,2026,R_P34481,S_P34481
P34483,2026,R_P34483,S_P34483
P34484,2026,R_P34484,S_P34484
P34485,2026,R_P34485,S_P34485
P34486,2026,R_P34486,S_P34486
P34487,2026,R_P34468,S_P34468
P34488,2026,R_P34488,S_P34488
P34489,2026,R_P34489,S_P34489
P34490,2026,R_P34490,S_P34490
P34491,2026,R_P34491,S_P34491
P34492,2026,R_P34492,S_P34492
P34493,2026,R_P34493,S_P34493
P34495,2026,R_P34495,S_P34495
P34496,2026,R_P34496,S_P34496
P34498,2026,R_P34498,S_P34498
P34499,2026,R_P34499,S_P34499
P34500,2026,R_P34500,S_P34500
P34502,2026,R_P34502,S_P34502
P34503,2026,R_P34503,S_P34503
P34504,2026,R_P34504,S_P34504
P34505,2026,R_P34505,S_P34505
P34507,2026,R_P34507,S_P34507
P34508,2026,R_P34508,S_P34508
P34509,2026,R_P34509,S_P34509
P34510,2026,R_P34510,S_P34510
P34511,2026,R_P34511,S_P34511
P34512,2026,R_P34512,S_P34512
P34513,2026,R_P34512,S_P34512
P34514,2026,R_P34514,S_P34514
P34515,2025,R_P34515,S_P34515
P34516,2025,R_P34516,S_P34516
P34518,2026,R_P34518,S_P34518
P34521,2025,R_P34521,S_P34521
P34522,2025,R_P34522,S_P34522
P34527,2025,R_P34527,S_P34527
P34528,2025,R_P34523,S_P34523
P34529,2025,R_P34529,S_P34529
P34530,2026,R_P34530,S_P34530
P34531,2026,R_P34531,S_P34531
P34532,2026,R_P34532,S_P34532
P34533,2026,R_P34533,S_P34533
P34534,2026,R_P34534,S_P34534
P34538,2023,R_P34538,S_P34538
P34539,2023,R_P34539,S_P34539
P34545,2024,R_P34545,S_P34545
P34548,2024,R_P34548,S_P34548
P34562,2025,R_P34562,S_P34562
P34573,2023,R_P34573,S_P34573
P34574,2023,R_P34574,S_P34574
P34575,2023,R_P34575,S_P34575
P34578,2024,R_P34578,S_P34578
P34580,2023,R_P34580,S_P34580
P34581,2023,R_P34581,S_P34581
P34583,2023,R_P34582,S_P34582
P34594,2022,R_P34594,S_P34594
P34613,2023,R_P34613,S_P34613
P34614,2023,R_P34614,S_P34614
P34615,2020,R_P34615,S_P34615
P34625,2022,R_P34625,S_P34625
P34629,2025,R_P34629,S_P34629
P34640,2023,R_P34640,S_P34640
P34664,2024,R_P34664,S_P34664
P34689,2023,R_P34689,S_P34689
P34709,2023,R_P34709,S_P34709
P34710,2023,R_P34710,S_P34710
P34711,2023,R_P34711,S_P34711
P34712,2022,R_P34712,S_P34712
P34715,2026,R_P34715,S_P34715
P34717,2026,R_P34717,S_P34717
P34722,2024,R_P34722,S_P34722
P34723,2025,R_P34723,S_P34723
P34729,2026,R_P34729,S_P34729
P34736,2019,R_P34736,S_P34736
P34743,2021,R_P34743,S_P34743
P34745,2023,R_P34745,S_P34745
P34750,2023,R_P12301,S_P12301
P34751,2023,R_P12351,S_P12351
P34760,2025,R_P34760,S_P34760
P34764,2022,R_P34764,S_P34764
P34786,2022,R_P34786,S_P34786
P34800,2026,R_P34800,S_P34800
P34801,2026,R_P34801,S_P34801
P34802,2026,R_P34802,S_P34802
P34803,2026,R_P34803,S_P34803
P34807,2026,R_P34807,S_P34807
P34842,2023,R_P34842,S_P34842
P34843,2023,R_P34843,S_P34843
P34845,2023,R_P34845,S_P34845
P34846,2023,R_P34846,S_P34846
P34847,2023,R_P34847,S_P34847
P34850,2023,R_P34850,S_P34850
P34851,2023,R_P34851,S_P34851
P34852,2023,R_P34852,S_P34852
P34853,2023,R_P34853,S_P34853
P34854,2025,R_P34854,S_P34854
P34855,2026,R_P34855,S_P34855
P34856,2025,R_P15708,S_P15708
P34857,2025,R_P34857,S_P34857
P34858,2026,R_P34858,S_P34858
P34869,2023,R_P34868,S_P34868
P34870,2025,R_P34870,S_P34870
P34873,2023,R_P34873,S_P34873
P34874,2023,R_P34874,S_P34874
P34879,2025,R_P34879,S_P34879
P34888,2026,R_P34888,S_P34888
P34889,2025,R_P34889,S_P34889
P34890,2026,R_P34890,S_P34890
P34891,2025,R_P34891,S_P34891
P34892,2024,R_P34892,S_P34892
P34893,2026,R_P34893,S_P34893
P34894,2024,R_P34894,S_P34894
P34895,2026,R_P34895,S_P34895
P34896,2025,R_P34896,S_P34896
P34898,2025,R_P34898,S_P34898
P34899,2025,R_P34899,S_P34899
P34901,2025,R_P34901,S_P34901
P34902,2025,R_P34902,S_P34902
P34909,2026,R_P34909,S_P34909
P34910,2026,R_P34910,S_P34910
P34911,2026,R_P34911,S_P34911
P34912,2026,R_P34912,S_P34912
P34926,2023,R_P34926,S_P34926
P34928,2023,R_P34928,S_P34928
P34929,2023,R_P34929,S_P34929
P34930,2023,R_P34930,S_P34930
P34931,2023,R_P34928,S_P34928
P34932,2023,R_P34932,S_P34932
P34933,2023,R_P34933,S_P34933
P34934,2023,R_P34932,S_P34932
P34935,2023,R_P34935,S_P34935
P34937,2023,R_P34937,S_P34937
P34939,2023,R_P34939,S_P34939
P34940,2023,R_P34940,S_P34940
P34941,2023,R_P34941,S_P34941
P34944,2023,R_P34944,S_P34944
P34945,2023,R_P34945,S_P34945
P34946,2023,R_P34946,S_P34946
P34947,2023,R_P34942,S_P34942
P34948,2023,R_P34948,S_P34948
P34954,2022,R_P34954,S_P34954
P34956,2026,R_P34956,S_P34956
P34957,2026,R_P34957,S_P34957
P34959,2025,R_P34956,S_P34956
P34961,2026,R_P34961,S_P34961
P34962,2026,R_P12239,S_P12239
P34967,2026,R_P34967,S_P34967
P34969,2026,R_P34969,S_P34969
P34970,2026,R_P34970,S_P34970
P34971,2026,R_P34970,S_P34970
P34972,2026,R_P34972,S_P34972
P34973,2026,R_P34973,S_P34973
P34974,2026,R_P34974,S_P34974
P34976,2026,R_P34976,S_P34976
P34977,2026,R_P34977,S_P34977
P34978,2026,R_P34978,S_P34978
P34979,2026,R_P34979,S_P34979
P34988,2026,R_P34988,S_P34988
P34989,2026,R_P34989,S_P34989
P34990,2026,R_P34990,S_P34990
P34991,2026,R_P34991,S_P34991
P34993,2026,R_P34993,S_P34993
P34994,2026,R_P34994,S_P34994
P34995,2026,R_P34995,S_P34995
P34996,2026,R_P34996,S_P34996
P34997,2026,R_P34997,S_P34997
P34998,2026,R_P34998,S_P34998
P34999,2026,R_P34999,S_P34999
P35000,2026,R_P35000,S_P35000
P35001,2026,R_P35001,S_P35001
P35002,2025,R_P35002,S_P35002
P35003,2026,R_P35003,S_P35003
P35005,2026,R_P35005,S_P35005
P35008,2026,R_P35008,S_P35008
P35026,2023,R_P35026,S_P35026
P35039,2026,R_P35039,S_P35039
P35040,2025,R_P35040,S_P35040
P35066,2021,R_P35066,S_P35066
P35078,2025,R_P35078,S_P35078
P35080,2026,R_P35080,S_P35080
P35081,2025,R_P35081,S_P35081
P35085,2026,R_P35085,S_P35085
P35087,2026,R_P35087,S_P35087
P35091,2026,R_P35091,S_P35091
P35093,2026,R_P35093,S_P35093
P35094,2026,R_P35094,S_P35094
P35095,2026,R_P35095,S_P35095
P35096,2026,R_P35096,S_P35096
P35097,2026,R_P35097,S_P35097
P35098,2025,R_P35098,S_P35098
P35100,2026,R_P35100,S_P35100
P35102,2026,R_P35102,S_P35102
P35146,2022,R_P35146,S_P35146
P35147,2022,R_P35147,S_P35147
P35148,2022,R_P35148,S_P35148
P35149,2022,R_P35146,S_P35146
P35150,2022,R_P35150,S_P35150
P35153,2022,R_P35153,S_P35153
P35159,2022,R_P35159,S_P35159
P35160,2022,R_P35160,S_P35160
P35161,2022,R_P35161,S_P35161
P35163,2022,R_P35160,S_P35160
P35164,2022,R_P35164,S_P35164
P35165,2022,R_P35165,S_P35165
P35166,2022,R_P35166,S_P35166
P35167,2025,R_P35167,S_P35167
P35169,2025,R_P35169,S_P35169
P35171,2025,R_P35171,S_P35171
P35172,2022,R_P35172,S_P35172
P35173,2022,R_P35173,S_P35173
P35175,2022,R_P35175,S_P35175
P35176,2022,R_P35176,S_P35176
P35177,2022,R_P35177,S_P35177
P35179,2022,R_P35179,S_P35179
P35180,2022,R_P35180,S_P35180
P35181,2022,R_P35181,S_P35181
P35182,2022,R_P35182,S_P35182
P35184,2022,R_P35184,S_P35184
P35186,2022,R_P35186,S_P35186
P35187,2022,R_P35185,S_P35185
P35188,2022,R_P35188,S_P35188
P35189,2022,R_P35189,S_P35189
P35190,2022,R_P35190,S_P35190
P35191,2022,R_P35191,S_P35191
P35192,2022,R_P35192,S_P35192
P35194,2022,R_P35194,S_P35194
P35195,2022,R_P35195,S_P35195
P35196,2022,R_P35196,S_P35196
P35197,2022,R_P35197,S_P35197
P35198,2022,R_P35198,S_P35198
P35201,2022,R_P35201,S_P35201
P35202,2022,R_P35202,S_P35202
P35204,2022,R_P35204,S_P35204
P35206,2022,R_P35206,S_P35206
P35207,2022,R_P35207,S_P35207
P35208,2022,R_P35208,S_P35208
P35209,2022,R_P35209,S_P35209
P35210,2022,R_P35210,S_P35210
P35212,2022,R_P35212,S_P35212
P35213,2022,R_P35213,S_P35213
P35214,2022,R_P35214,S_P35214
P35215,2022,R_P35215,S_P35215
P35217,2022,R_P35217,S_P35217
P35218,2022,R_P35218,S_P35218
P35219,2022,R_P35219,S_P35219
P35221,2022,R_P35221,S_P35221
P35222,2022,R_P35222,S_P35222
P35225,2022,R_P35225,S_P35225
P35226,2022,R_P35226,S_P35226
P35227,2022,R_P35227,S_P35227
P35229,2022,R_P35229,S_P35229
P35230,2022,R_P35230,S_P35230
P35231,2022,R_P35230,S_P35230
P35232,2022,R_P35226,S_P35226
P35234,2022,R_P35234,S_P35234
P35235,2022,R_P35235,S_P35235
P35236,2022,R_P35236,S_P35236
P35238,2025,R_P35238,S_P35238
P35240,2022,R_P35240,S_P35240
P35241,2022,R_P35241,S_P35241
P35243,2022,R_P35243,S_P35243
P35244,2022,R_P35244,S_P35244
P35246,2022,R_P35246,S_P35246
P35247,2022,R_P35247,S_P35247
P35249,2022,R_P35249,S_P35249
P35252,2022,R_P35252,S_P35252
P35253,2022,R_P35253,S_P35253
P35254,2022,R_P35254,S_P35254
P35256,2022,R_P35256,S_P35256
P35258,2022,R_P35254,S_P35254
P35260,2022,R_P35260,S_P35260
P35261,2022,R_P35261,S_P35261
P35262,2022,R_P35262,S_P35262
P35264,2022,R_P35264,S_P35264
P35265,2022,R_P35265,S_P35265
P35267,2022,R_P35267,S_P35267
P35268,2022,R_P35268,S_P35268
P35269,2022,R_P35269,S_P35269
P35271,2022,R_P35271,S_P35271
P35272,2022,R_P35272,S_P35272
P35273,2022,R_P35273,S_P35273
P35274,2022,R_P35274,S_P35274
P35275,2025,R_P35275,S_P35275
P35276,2022,R_P35276,S_P35276
P35277,2022,R_P35277,S_P35277
P35278,2022,R_P35278,S_P35278
P35279,2022,R_P35279,S_P35279
P35281,2022,R_P35281,S_P35281
P35282,2022,R_P35282,S_P35282
P35283,2022,R_P35283,S_P35283
P35291,2023,R_P12173,S_P12173
P35309,2025,R_P35309,S_P35309
P35310,2026,R_P35310,S_P35310
P35311,2022,R_P35311,S_P35311
P35312,2025,R_P35311,S_P35311
P35313,2025,R_P35313,S_P35313
P35315,2026,R_P35315,S_P35315
P35317,2025,R_P35317,S_P35317
P35318,2025,R_P35315,S_P35315
P35321,2025,R_P35321,S_P35321
P35323,2025,R_P35323,S_P35323
P35324,2026,R_P35324,S_P35324
P35325,2025,R_P35325,S_P35325
P35326,2026,R_P35326,S_P35326
P35327,2025,R_P35327,S_P35327
P35328,2025,R_P35328,S_P35328
P35329,2026,R_P35329,S_P35329
P35330,2025,R_P35330,S_P35330
P35331,2026,R_P35331,S_P35331
P35334,2025,R_P35334,S_P35334
P35335,2025,R_P35335,S_P35335
P35336,2025,R_P35336,S_P35336
P35337,2025,R_P35337,S_P35337
P35338,2025,R_P35333,S_P35333
P35340,2025,R_P35340,S_P35340
P35342,2025,R_P35342,S_P35342
P35343,2025,R_P35343,S_P35343
P35344,2025,R_P35344,S_P35344
P35345,2025,R_P35345,S_P35345
P35346,2025,R_P35346,S_P35346
P35347,2026,R_P35347,S_P35347
P35348,2025,R_P35348,S_P35348
P35349,2026,R_P35347,S_P35347
P35350,2025,R_P35350,S_P35350
P35351,2022,R_P35351,S_P35351
P35352,2026,R_P35352,S_P35352
P35353,2025,R_P35353,S_P35353
P35354,2026,R_P35354,S_P35354
P35355,2025,R_P35355,S_P35355
P35356,2025,R_P35356,S_P35356
P35357,2025,R_P35357,S_P35357
P35358,2025,R_P35358,S_P35358
P35359,2025,R_P35359,S_P35359
P35360,2025,R_P35358,S_P35358
P35361,2025,R_P35361,S_P35361
P35362,2025,R_P35362,S_P35362
P35363,2025,R_P35363,S_P35363
P35374,2026,R_P35374,S_P35374
P35417,2023,R_P35417,S_P35417
P35433,2022,R_P35433,S_P35433
P35434,2022,R_P35434,S_P35434
P35437,2021,R_P35437,S_P35437
P35438,2021,R_P35438,S_P35438
P35439,2022,R_P35439,S_P35439
P35440,2022,R_P35440,S_P35440
P35441,2022,R_P35441,S_P35441
P35442,2021,R_P35442,S_P35442
P35443,2022,R_P35443,S_P35443
P35444,2022,R_P35444,S_P35444
P35445,2022,R_P35445,S_P35445
P35446,2021,R_P35446,S_P35446
P35447,2021,R_P35447,S_P35447
P35449,2021,R_P35449,S_P35449
P35450,2022,R_P35450,S_P35450
P35451,2022,R_P35451,S_P35451
P35452,2021,R_P35452,S_P35452
P35453,2021,R_P35453,S_P35453
P35454,2022,R_P35454,S_P35454
P35455,2021,R_P35455,S_P35455
P35456,2021,R_P35456,S_P35456
P35457,2021,R_P35457,S_P35457
P35458,2022,R_P35458,S_P35458
P35459,2021,R_P35459,S_P35459
P35460,2021,R_P35460,S_P35460
P35461,2023,R_P35461,S_P35461
P35462,2021,R_P35462,S_P35462
P35463,2021,R_P35463,S_P35463
P35464,2024,R_P35464,S_P35464
P35465,2022,R_P35465,S_P35465
P35468,2021,R_P35468,S_P35468
P35469,2021,R_P35469,S_P35469
P35471,2021,R_P35471,S_P35471
P35473,2019,R_P35473,S_P35473
P35474,2019,R_P35474,S_P35474
P35475,2021,R_P35475,S_P35475
P35476,2021,R_P35476,S_P35476
P35477,2021,R_P35477,S_P35477
P35478,2021,R_P35478,S_P35478
P35480,2022,R_P35480,S_P35480
P35483,2021,R_P35483,S_P35483
P35487,2021,R_P35487,S_P35487
P35488,2022,R_P35488,S_P35488
P35500,2020,R_P35500,S_P35500
P35506,2022,R_P35506,S_P35506
P35507,2022,R_P35507,S_P35507
P35508,2022,R_P35508,S_P35508
P35512,2025,R_P35512,S_P35512
P35513,2025,R_P35513,S_P35513
P35514,2025,R_P35514,S_P35514
P35515,2025,R_P35515,S_P35515
P35516,2025,R_P35516,S_P35516
P35518,2025,R_P35518,S_P35518
P35538,2022,R_P35538,S_P35538
P35540,2022,R_P35540,S_P35540
P35541,2022,R_P35539,S_P35539
P35543,2022,R_P35538,S_P35538
P35544,2022,R_P35544,S_P35544
P35545,2022,R_P35545,S_P35545
P35546,2022,R_P35546,S_P35546
P35547,2022,R_P35547,S_P35547
P35548,2022,R_P35548,S_P35548
P35549,2022,R_P35549,S_P35549
P35550,2022,R_P35550,S_P35550
P35551,2022,R_P35551,S_P35551
P35552,2022,R_P35552,S_P35552
P35554,2022,R_P35554,S_P35554
P35555,2022,R_P35555,S_P35555
P35556,2022,R_P35556,S_P35556
P35558,2022,R_P35558,S_P35558
P35559,2022,R_P35559,S_P35559
P35561,2022,R_P35561,S_P35561
P35562,2022,R_P35562,S_P35562
P35563,2022,R_P35563,S_P35563
P35565,2022,R_P35565,S_P35565
P35566,2022,R_P35566,S_P35566
P35567,2022,R_P35567,S_P35567
P35568,2022,R_P35568,S_P35568
P35569,2022,R_P35569,S_P35569
P35571,2022,R_P35571,S_P35571
P35572,2022,R_P35572,S_P35572
P35573,2022,R_P35573,S_P35573
P35574,2022,R_P35574,S_P35574
P35575,2022,R_P35575,S_P35575
P35577,2022,R_P35577,S_P35577
P35579,2022,R_P35579,S_P35579
P35580,2022,R_P35580,S_P35580
P35581,2022,R_P12012,S_P12012
P35582,2022,R_P35582,S_P35582
P35583,2022,R_P35583,S_P35583
P35585,2022,R_P35585,S_P35585
P35586,2022,R_P35586,S_P35586
P35587,2022,R_P35587,S_P35587
P35588,2022,R_P35588,S_P35588
P35589,2022,R_P35589,S_P35589
P35590,2022,R_P35590,S_P35590
P35591,2022,R_P35591,S_P35591
P35592,2022,R_P35592,S_P35592
P35594,2022,R_P35594,S_P35594
P35595,2022,R_P35595,S_P35595
P35597,2022,R_P35597,S_P35597
P35599,2022,R_P35599,S_P35599
P35600,2022,R_P35600,S_P35600
P35601,2022,R_P35601,S_P35601
P35602,2022,R_P35602,S_P35602
P35604,2022,R_P35604,S_P35604
P35605,2022,R_P35605,S_P35605
P35606,2022,R_P35606,S_P35606
P35607,2022,R_P35607,S_P35607
P35609,2022,R_P35609,S_P35609
P35610,2022,R_P35609,S_P35609
P35612,2022,R_P35612,S_P35612
P35613,2022,R_P35613,S_P35613
P35615,2022,R_P35615,S_P35615
P35616,2022,R_P12009,S_P12009
P35617,2022,R_P35617,S_P35617
P35618,2022,R_P35618,S_P35618
P35620,2022,R_P35620,S_P35620
P35621,2022,R_P35621,S_P35621
P35623,2022,R_P35623,S_P35623
P35624,2022,R_P35624,S_P35624
P35625,2022,R_P35625,S_P35625
P35626,2022,R_P35626,S_P35626
P35627,2022,R_P35627,S_P35627
P35644,2025,R_P35642,S_P35642
P35645,2026,R_P35645,S_P35645
P35667,2023,R_P35667,S_P35667
P35683,2021,R_P35683,S_P35683
P35684,2021,R_P35684,S_P35684
P35686,2021,R_P35686,S_P35686
P35688,2022,R_P35688,S_P35688
P35689,2022,R_P35689,S_P35689
P35690,2022,R_P35690,S_P35690
P35692,2021,R_P35692,S_P35692
P35693,2021,R_P35693,S_P35693
P35694,2024,R_P35694,S_P35694
P35695,2022,R_P35695,S_P35695
P35697,2022,R_P35697,S_P35697
P35713,2021,R_P35713,S_P35713
P35720,2021,R_P35720,S_P35720
P35721,2021,R_P35721,S_P35721
P35722,2021,R_P35722,S_P35722
P35723,2021,R_P35723,S_P35723
P35732,2022,R_P35732,S_P35732
P35736,2021,R_P35736,S_P35736
P35755,2021,R_P35755,S_P35755
P35756,2021,R_P35756,S_P35756
P35757,2022,R_P35756,S_P35756
P35758,2021,R_P35755,S_P35755
P35759,2021,R_P35759,S_P35759
P35761,2021,R_P35761,S_P35761
P35762,2021,R_P35762,S_P35762
P35763,2021,R_P35763,S_P35763
P35770,2021,R_P35770,S_P35770
P35773,2022,R_P35773,S_P35773
P35774,2021,R_P35774,S_P35774
P35775,2021,R_P35775,S_P35775
P35782,2023,R_P35782,S_P35782
P35789,2021,R_P35789,S_P35789
P35790,2021,R_P35790,S_P35790
P35791,2021,R_P35791,S_P35791
P35792,2022,R_P35792,S_P35792
P35793,2021,R_P35793,S_P35793
P35794,2021,R_P35794,S_P35794
P35795,2022,R_P35795,S_P35795
P35796,2021,R_P35796,S_P35796
P35797,2021,R_P35797,S_P35797
P35798,2021,R_P35798,S_P35798
P35799,2021,R_P35799,S_P35799
P35800,2021,R_P35800,S_P35800
P35801,2021,R_P16681,S_P16681
P35802,2021,R_P35802,S_P35802
P35804,2021,R_P35804,S_P35804
P35807,2023,R_P35807,S_P35807
P35808,2021,R_P35808,S_P35808
P35809,2021,R_P35809,S_P35809
P35810,2021,R_P35810,S_P35810
P35811,2021,R_P35811,S_P35811
P35812,2021,R_P35812,S_P35812
P35813,2021,R_P35813,S_P35813
P35814,2021,R_P35814,S_P35814
P35815,2022,R_P35815,S_P35815
P35816,2022,R_P35816,S_P35816
P35818,2021,R_P35818,S_P35818
P35821,2021,R_P35821,S_P35821
P35822,2021,R_P35822,S_P35822
P35823,2021,R_P35823,S_P35823
P35824,2021,R_P35824,S_P35824
P35825,2022,R_P35825,S_P35825
P35827,2021,R_P16702,S_P16702
P35828,2021,R_P35828,S_P35828
P35830,2021,R_P35830,S_P35830
P35832,2021,R_P35832,S_P35832
P35833,2021,R_P35831,S_P35831
P35834,2021,R_P35834,S_P35834
P35836,2021,R_P35836,S_P35836
P35839,2021,R_P35839,S_P35839
P35840,2022,R_P35840,S_P35840
P35841,2021,R_P35841,S_P35841
P35842,2022,R_P35842,S_P35842
P35843,2022,R_P35843,S_P35843
P35844,2021,R_P35844,S_P35844
P35845,2022,R_P35845,S_P35845
P35846,2021,R_P35846,S_P35846
P35878,2023,R_P35878,S_P35878
P35880,2023,R_P35880,S_P35880
P35881,2023,R_P35881,S_P35881
P35882,2023,R_P35882,S_P35882
P35883,2023,R_P35881,S_P35881
P35885,2023,R_P35885,S_P35885
P35886,2023,R_P35886,S_P35886
P35887,2023,R_P35887,S_P35887
P35888,2023,R_P35888,S_P35888
P35889,2022,R_P35889,S_P35889
P35890,2023,R_P35890,S_P35890
P35891,2023,R_P35891,S_P35891
P35893,2023,R_P35893,S_P35893
P35894,2023,R_P35894,S_P35894
P35897,2023,R_P35897,S_P35897
P35912,2023,R_P35912,S_P35912
P35913,2023,R_P35913,S_P35913
P35948,2026,R_P35948,S_P35948
P35950,2026,R_P35950,S_P35950
P35954,2026,R_P35954,S_P35954
P35957,2026,R_P35957,S_P35957
P35959,2026,R_P35959,S_P35959
P35960,2026,R_P35960,S_P35960
P35961,2026,R_P35961,S_P35961
P35964,2026,R_P35964,S_P35964
P35966,2026,R_P35966,S_P35966
P35967,2026,R_P35967,S_P35967
P35969,2026,R_P35969,S_P35969
P35970,2026,R_P35970,S_P35970
P35972,2025,R_P35972,S_P35972
P35973,2025,R_P35973,S_P35973
P35974,2025,R_P35974,S_P35974
P35976,2025,R_P35976,S_P35976
P35978,2026,R_P35978,S_P35978
P35987,2026,R_P35987,S_P35987
P35988,2026,R_P35978,S_P35978
P35989,2026,R_P35989,S_P35989
P35990,2026,R_P35990,S_P35990
P35991,2026,R_P35991,S_P35991
P35994,2026,R_P35994,S_P35994
P35997,2026,R_P35993,S_P35993
P35998,2025,R_P35998,S_P35998
P35999,2025,R_P35999,S_P35999
P36003,2026,R_P36003,S_P36003
P36004,2026,R_P36004,S_P36004
P36005,2025,R_P36005,S_P36005
P36006,2026,R_P36006,S_P36006
P36007,2025,R_P36007,S_P36007
P36008,2025,R_P36008,S_P36008
P36009,2025,R_P36009,S_P36009
P36010,2026,R_P36008,S_P36008
P36011,2023,R_P36011,S_P36011
P36013,2025,R_P36013,S_P36013
P36017,2025,R_P36017,S_P36017
P36019,2026,R_P36019,S_P36019
P36020,2026,R_P36020,S_P36020
P36021,2026,R_P36021,S_P36021
P36023,2020,R_P36023,S_P36023
P36024,2019,R_P36024,S_P36024
P36025,2019,R_P36025,S_P36025
P36026,2020,R_P36026,S_P36026
P36032,2020,R_P36032,S_P36032
P36033,2019,R_P36033,S_P36033
P36034,2019,R_P36034,S_P36034
P36035,2019,R_P36035,S_P36035
P36038,2019,R_P36038,S_P36038
P36039,2025,R_P36039,S_P36039
P36040,2019,R_P36040,S_P36040
P36044,2020,R_P36044,S_P36044
P36045,2019,R_P36045,S_P36045
P36046,2020,R_P36046,S_P36046
P36047,2019,R_P36047,S_P36047
P36049,2020,R_P36049,S_P36049
P36050,2019,R_P36050,S_P36050
P36052,2019,R_P11844,S_P11844
P36053,2019,R_P36053,S_P36053
P36055,2019,R_P36055,S_P36055
P36058,2019,R_P36058,S_P36058
P36060,2022,R_P36060,S_P36060
P36061,2023,R_P36061,S_P36061
P36062,2023,R_P36062,S_P36062
P36063,2024,R_P36063,S_P36063
P36064,2020,R_P36064,S_P36064
P36067,2019,R_P36067,S_P36067
P36069,2019,R_P36069,S_P36069
P36072,2024,R_P36072,S_P36072
P36073,2019,R_P36073,S_P36073
P36075,2024,R_P36075,S_P36075
P36076,2019,R_P36076,S_P36076
P36077,2024,R_P36077,S_P36077
P36079,2019,R_P36079,S_P36079
P36081,2019,R_P36079,S_P36079
P36082,2026,R_P36082,S_P36082
P36084,2026,R_P36084,S_P36084
P36086,2026,R_P36086,S_P36086
P36091,2026,R_P36091,S_P36091
P36094,2026,R_P36094,S_P36094
P36095,2026,R_P36095,S_P36095
P36097,2026,R_P36097,S_P36097
P36098,2026,R_P36098,S_P36098
P36099,2026,R_P36099,S_P36099
P36100,2025,R_P36100,S_P36100
P36102,2023,R_P36102,S_P36102
P36105,2024,R_P36105,S_P36105
P36106,2024,R_P36106,S_P36106
P36107,2023,R_P36107,S_P36107
P36111,2023,R_P36111,S_P36111
P36112,2023,R_P36112,S_P36112
P36113,2023,R_P36113,S_P36113
P36114,2023,R_P36114,S_P36114
P36115,2024,R_P36115,S_P36115
P36119,2024,R_P36119,S_P36119
P36120,2026,R_P36120,S_P36120
P36123,2026,R_P36123,S_P36123
P36125,2026,R_P36125,S_P36125
P36126,2023,R_P36126,S_P36126
P36129,2026,R_P36129,S_P36129
P36130,2026,R_P36130,S_P36130
P36132,2026,R_P36132,S_P36132
P36136,2026,R_P11815,S_P11815
P36138,2026,R_P36138,S_P36138
P36139,2026,R_P36139,S_P36139
P36140,2026,R_P36140,S_P36140
P36143,2026,R_P36143,S_P36143
P36144,2026,R_P36144,S_P36144
P36146,2026,R_P36146,S_P36146
P36153,2020,R_P36153,S_P36153
P36154,2026,R_P36154,S_P36154
P36158,2026,R_P36158,S_P36158
P36159,2026,R_P36159,S_P36159
P36160,2026,R_P36160,S_P36160
P36161,2026,R_P36161,S_P36161
P36162,2026,R_P36162,S_P36162
P36163,2026,R_P36163,S_P36163
P36164,2026,R_P36164,S_P36164
P36165,2025,R_P36164,S_P36164
P36166,2026,R_P36166,S_P36166
P36167,2026,R_P36167,S_P36167
P36169,2026,R_P36169,S_P36169
P36170,2026,R_P36170,S_P36170
P36172,2026,R_P36172,S_P36172
P36174,2026,R_P36174,S_P36174
P36177,2026,R_P36177,S_P36177
P36178,2026,R_P36178,S_P36178
P36183,2025,R_P36183,S_P36183
P36184,2025,R_P36184,S_P36184
P36185,2026,R_P36185,S_P36185
P36189,2026,R_P36189,S_P36189
P36195,2026,R_P36195,S_P36195
P36199,2025,R_P36199,S_P36199
P36201,2026,R_P36201,S_P36201
P36202,2026,R_P36202,S_P36202
P36204,2026,R_P36203,S_P36203
P36206,2026,R_P36206,S_P36206
P36207,2026,R_P36205,S_P36205
P36209,2026,R_P36209,S_P36209
P36210,2020,R_P36210,S_P36210
P36211,2020,R_P36211,S_P36211
P36213,2026,R_P36213,S_P36213
P36214,2026,R_P36214,S_P36214
P36217,2026,R_P36217,S_P36217
P36219,2026,R_P36219,S_P36219
P36220,2026,R_P36220,S_P36220
P36223,2026,R_P36223,S_P36223
P36227,2026,R_P36227,S_P36227
P36228,2026,R_P11779,S_P11779
P36229,2026,R_P36229,S_P36229
P36230,2026,R_P36230,S_P36230
P36231,2026,R_P36231,S_P36231
P36232,2025,R_P36232,S_P36232
P36233,2026,R_P36233,S_P36233
P36234,2023,R_P36234,S_P36234
P36235,2023,R_P36235,S_P36235
P36237,2023,R_P36237,S_P36237
P36238,2023,R_P36238,S_P36238
P36240,2023,R_P36240,S_P36240
P36242,2023,R_P36242,S_P36242
P36250,2025,R_P36250,S_P36250
P36251,2026,R_P36251,S_P36251
P36252,2026,R_P36252,S_P36252
P36254,2026,R_P36254,S_P36254
P36256,2026,R_P36256,S_P36256
P36257,2026,R_P36257,S_P36257
P36260,2026,R_P36260,S_P36260
P36261,2026,R_P36261,S_P36261
P36262,2026,R_P36259,S_P36259
P36263,2026,R_P36263,S_P36263
P36264,2026,R_P36264,S_P36264
P36265,2026,R_P36265,S_P36265
P36266,2026,R_P36266,S_P36266
P36267,2026,R_P36267,S_P36267
P36268,2025,R_P36268,S_P36268
P36269,2022,R_P36269,S_P36269
P36271,2026,R_P36271,S_P36271
P36274,2026,R_P36274,S_P36274
P36279,2026,R_P36279,S_P36279
P36280,2026,R_P36280,S_P36280
P36281,2025,R_P36281,S_P36281
P36284,2026,R_P36284,S_P36284
P36298,2019,R_P36298,S_P36298
P36327,2024,R_P12040,S_P12040
P36339,2026,R_P36339,S_P36339
P36370,2025,R_P36370,S_P36370
P36371,2025,R_P36371,S_P36371
P36373,2023,R_P36373,S_P36373
P36374,2023,R_P36374,S_P36374
P36377,2023,R_P36377,S_P36377
P36383,2019,R_P36383,S_P36383
P36391,2019,R_P36391,S_P36391
P36399,2020,R_P36397,S_P36397
P36412,2025,R_P36412,S_P36412
P36414,2024,R_P36414,S_P36414
P36415,2024,R_P36415,S_P36415
P36416,2024,R_P15070,S_P15070
P36418,2025,R_P36418,S_P36418
P36419,2024,R_P36419,S_P36419
P36421,2024,R_P36421,S_P36421
P36422,2024,R_P36422,S_P36422
P36423,2024,R_P36423,S_P36423
P36425,2024,R_P36425,S_P36425
P36432,2019,R_P11660,S_P11660
P36441,2019,R_P36441,S_P36441
P36454,2024,R_P20835,S_P20835
P36465,2026,R_P36465,S_P36465
P36467,2026,R_P36467,S_P36467
P36479,2020,R_P36479,S_P36479
P36484,2019,R_P36484,S_P36484
P36506,2020,R_P36506,S_P36506
P36522,2026,R_P36522,S_P36522
P36526,2026,R_P36526,S_P36526
P36527,2025,R_P36527,S_P36527
P36529,2025,R_P36529,S_P36529
P36530,2026,R_P36530,S_P36530
P36531,2026,R_P36531,S_P36531
P36532,2026,R_P36528,S_P36528
P36533,2026,R_P36533,S_P36533
P36534,2026,R_P36534,S_P36534
P36536,2026,R_P36536,S_P36536
P36537,2026,R_P36537,S_P36537
P36539,2026,R_P36539,S_P36539
P36540,2026,R_P36540,S_P36540
P36541,2026,R_P36541,S_P36541
P36543,2026,R_P36543,S_P36543
P36544,2026,R_P36544,S_P36544
P36545,2026,R_P36545,S_P36545
P36546,2026,R_P36546,S_P36546
P36548,2026,R_P36548,S_P36548
P36551,2026,R_P36551,S_P36551
P36553,2026,R_P36553,S_P36553
P36554,2026,R_P36554,S_P36554
P36556,2026,R_P36556,S_P36556
P36557,2026,R_P36557,S_P36557
P36558,2026,R_P36558,S_P36558
P36559,2026,R_P36559,S_P36559
P36561,2026,R_P36561,S_P36561
P36562,2026,R_P36562,S_P36562
P36564,2026,R_P36564,S_P36564
P36567,2025,R_P36567,S_P36567
P36568,2026,R_P36568,S_P36568
P36569,2026,R_P36569,S_P36569
P36571,2026,R_P36571,S_P36571
P36572,2026,R_P36572,S_P36572
P36573,2026,R_P36573,S_P36573
P36574,2026,R_P36574,S_P36574
P36576,2026,R_P36576,S_P36576
P36578,2023,R_P36578,S_P36578
P36579,2020,R_P36579,S_P36579
P36580,2026,R_P36580,S_P36580
P36581,2026,R_P36581,S_P36581
P36582,2021,R_P36582,S_P36582
P36584,2026,R_P36583,S_P36583
P36585,2021,R_P36585,S_P36585
P36586,2026,R_P36586,S_P36586
P36587,2021,R_P36587,S_P36587
P36588,2026,R_P36588,S_P36588
P36590,2026,R_P36590,S_P36590
P36591,2023,R_P36591,S_P36591
P36592,2026,R_P36589,S_P36589
P36593,2026,R_P36593,S_P36593
P36594,2026,R_P36593,S_P36593
P36595,2026,R_P36595,S_P36595
P36596,2026,R_P36596,S_P36596
P36599,2026,R_P36599,S_P36599
P36601,2026,R_P36601,S_P36601
P36602,2026,R_P36602,S_P36602
P36603,2026,R_P36603,S_P36603
P36604,2026,R_P36604,S_P36604
P36605,2026,R_P36605,S_P36605
P36606,2026,R_P11509,S_P11509
P36619,2024,R_P36619,S_P36619
P36629,2019,R_P36629,S_P36629
P36636,2025,R_P11493,S_P11493
P36655,2019,R_P36655,S_P36655
P36656,2019,R_P36656,S_P36656
P36657,2019,R_P36657,S_P36657
P36671,2025,R_P36671,S_P36671
P36707,2025,R_P36707,S_P36707
P36708,2025,R_P11487,S_P11487
P36710,2025,R_P36710,S_P36710
P36712,2023,R_P36712,S_P36712
P36724,2025,R_P36724,S_P36724
P36726,2026,R_P36724,S_P36724
P36751,2021,R_P36751,S_P36751
P36766,2026,R_P36766,S_P36766
P36770,2025,R_P36770,S_P36770
P36772,2024,R_P36768,S_P36768
P36815,2026,R_P36815,S_P36815
P36818,2026,R_P36818,S_P36818
P36827,2022,R_P36827,S_P36827
P36829,2024,R_P36829,S_P36829
P36834,2026,R_P36834,S_P36834
P36835,2024,R_P36835,S_P36835
P36838,2024,R_P36838,S_P36838
P36840,2025,R_P36840,S_P36840
P36847,2020,R_P36847,S_P36847
P36863,2024,R_P36863,S_P36863
P36885,2026,R_P36885,S_P36885
P36896,2024,R_P36896,S_P36896
P36898,2024,R_P36898,S_P36898
P36899,2024,R_P36899,S_P36899
P36904,2021,R_P36904,S_P36904
P36907,2022,R_P36907,S_P36907
P36909,2021,R_P36909,S_P36909
P36910,2022,R_P36910,S_P36910
P36911,2022,R_P36911,S_P36911
P36912,2022,R_P36912,S_P36912
P36913,2022,R_P36913,S_P36913
P36914,2022,R_P36914,S_P36914
P36923,2022,R_P11418,S_P11418
P36927,2023,R_P36927,S_P36927
P36929,2022,R_P36929,S_P36929
P36931,2022,R_P36931,S_P36931
P36932,2021,R_P36932,S_P36932
P36933,2022,R_P36933,S_P36933
P36934,2022,R_P36934,S_P36934
P36935,2022,R_P36935,S_P36935
P36936,2022,R_P36936,S_P36936
P36939,2022,R_P36939,S_P36939
P36940,2022,R_P36940,S_P36940
P36942,2021,R_P36942,S_P36942
P36943,2022,R_P36943,S_P36943
P36945,2022,R_P36945,S_P36945
P36946,2022,R_P36946,S_P36946
P36947,2022,R_P36947,S_P36947
P36948,2022,R_P36948,S_P36948
P36949,2022,R_P36949,S_P36949
P36950,2023,R_P36950,S_P36950
P36951,2022,R_P36951,S_P36951
P36952,2022,R_P36952,S_P36952
P36953,2022,R_P36953,S_P36953
P36954,2022,R_P36954,S_P36954
P36956,2022,R_P36956,S_P36956
P36957,2022,R_P36957,S_P36957
P36963,2022,R_P36963,S_P36963
P36964,2022,R_P36964,S_P36964
P36965,2022,R_P36965,S_P36965
P36966,2023,R_P36966,S_P36966
P36967,2022,R_P36967,S_P36967
P36968,2022,R_P36968,S_P36968
P36969,2021,R_P36969,S_P36969
P36970,2022,R_P36970,S_P36970
P36971,2022,R_P36971,S_P36971
P36975,2022,R_P36975,S_P36975
P36976,2022,R_P36976,S_P36976
P36977,2022,R_P36977,S_P36977
P36979,2022,R_P11406,S_P11406
P36988,2022,R_P36986,S_P36986
P36992,2021,R_P36992,S_P36992
P36994,2021,R_P36994,S_P36994
P36995,2022,R_P36995,S_P36995
P36996,2022,R_P36996,S_P36996
P36997,2022,R_P36997,S_P36997
P37024,2023,R_P37024,S_P37024
P37025,2020,R_P37024,S_P37024
P37038,2025,R_P37038,S_P37038
P37039,2020,R_P37039,S_P37039
P37050,2019,R_P37050,S_P37050
P37059,2025,R_P37059,S_P37059
P37061,2020,R_P37061,S_P37061
P37062,2020,R_P37062,S_P37062
P37112,2024,R_P37108,S_P37108
P37114,2025,R_P37114,S_P37114
P37115,2024,R_P37115,S_P37115
P37118,2024,R_P37118,S_P37118
P37124,2025,R_P37124,S_P37124
P37127,2023,R_P37127,S_P37127
P37131,2025,R_P37131,S_P37131
P37141,2024,R_P37141,S_P37141
P37142,2023,R_P37142,S_P37142
P37143,2023,R_P37143,S_P37143
P37145,2024,R_P37145,S_P37145
P37146,2023,R_P37146,S_P37146
P37155,2023,R_P37155,S_P37155
P37156,2023,R_P37156,S_P37156
P37157,2024,R_P37157,S_P37157
P37158,2023,R_P37158,S_P37158
P37189,2026,R_P37189,S_P37189
P37226,2026,R_P37226,S_P37226
P37227,2026,R_P37227,S_P37227
P37228,2026,R_P37228,S_P37228
P37232,2026,R_P37232,S_P37232
P37233,2026,R_P37233,S_P37233
P37235,2026,R_P37235,S_P37235
P37236,2026,R_P37236,S_P37236
P37238,2026,R_P37238,S_P37238
P37242,2026,R_P37242,S_P37242
P37246,2026,R_P37246,S_P37246
P37247,2026,R_P37247,S_P37247
P37248,2026,R_P37248,S_P37248
P37251,2026,R_P37251,S_P37251
P37252,2026,R_P37252,S_P37252
P37257,2023,R_P37257,S_P37257
P37258,2026,R_P37258,S_P37258
P37259,2026,R_P37259,S_P37259
P37260,2026,R_P37260,S_P37260
P37261,2026,R_P37261,S_P37261
P37262,2026,R_P37262,S_P37262
P37268,2026,R_P37268,S_P37268
P37269,2026,R_P37269,S_P37269
P37270,2025,R_P37270,S_P37270
P37271,2026,R_P37271,S_P37271
P37273,2026,R_P37273,S_P37273
P37274,2026,R_P37274,S_P37274
P37276,2026,R_P37276,S_P37276
P37278,2026,R_P37278,S_P37278
P37281,2026,R_P37281,S_P37281
P37282,2026,R_P37282,S_P37282
P37284,2026,R_P11327,S_P11327
P37285,2026,R_P37285,S_P37285
P37286,2025,R_P37286,S_P37286
P37287,2026,R_P37287,S_P37287
P37289,2026,R_P37289,S_P37289
P37290,2025,R_P37290,S_P37290
P37291,2025,R_P37291,S_P37291
P37292,2025,R_P37292,S_P37292
P37293,2026,R_P37293,S_P37293
P37295,2025,R_P37295,S_P37295
P37297,2025,R_P37297,S_P37297
P37298,2025,R_P37298,S_P37298
P37299,2025,R_P37299,S_P37299
P37300,2026,R_P37300,S_P37300
P37301,2026,R_P37301,S_P37301
P37302,2025,R_P37302,S_P37302
P37303,2025,R_P37298,S_P37298
P37304,2025,R_P37304,S_P37304
P37305,2025,R_P37305,S_P37305
P37306,2025,R_P37306,S_P37306
P37307,2026,R_P37305,S_P37305
P37308,2026,R_P37308,S_P37308
P37309,2026,R_P37309,S_P37309
P37312,2026,R_P37308,S_P37308
P37314,2025,R_P37314,S_P37314
P37315,2026,R_P37315,S_P37315
P37316,2026,R_P37316,S_P37316
P37317,2025,R_P37317,S_P37317
P37319,2025,R_P37319,S_P37319
P37320,2026,R_P37320,S_P37320
P37322,2025,R_P37322,S_P37322
P37323,2025,R_P37323,S_P37323
P37324,2026,R_P37323,S_P37323
P37326,2025,R_P37326,S_P37326
P37327,2026,R_P37327,S_P37327
P37328,2025,R_P37328,S_P37328
P37329,2025,R_P37329,S_P37329
P37330,2025,R_P37330,S_P37330
P37332,2026,R_P37332,S_P37332
P37333,2026,R_P37331,S_P37331
P37335,2026,R_P37335,S_P37335
P37337,2026,R_P37337,S_P37337
P37338,2026,R_P11307,S_P11307
P37360,2025,R_P37360,S_P37360
P37362,2025,R_P37362,S_P37362
P37363,2025,R_P37363,S_P37363
P37364,2026,R_P37364,S_P37364
P37366,2025,R_P37366,S_P37366
P37369,2025,R_P37369,S_P37369
P37371,2025,R_P37371,S_P37371
P37372,2025,R_P37372,S_P37372
P37374,2023,R_P37374,S_P37374
P37375,2025,R_P37375,S_P37375
P37376,2025,R_P37376,S_P37376
P37377,2025,R_P37377,S_P37377
P37378,2025,R_P37378,S_P37378
P37379,2025,R_P37379,S_P37379
P37381,2025,R_P37381,S_P37381
P37383,2026,R_P37383,S_P37383
P37385,2026,R_P37385,S_P37385
P37387,2026,R_P37387,S_P37387
P37390,2026,R_P37390,S_P37390
P37391,2026,R_P37391,S_P37391
P37394,2026,R_P37394,S_P37394
P37397,2026,R_P37397,S_P37397
P37399,2026,R_P37399,S_P37399
P37401,2026,R_P37400,S_P37400
P37405,2026,R_P37404,S_P37404
P37407,2026,R_P37403,S_P37403
P37409,2026,R_P37409,S_P37409
P37412,2026,R_P37412,S_P37412
P37413,2026,R_P37413,S_P37413
P37414,2026,R_P37414,S_P37414
P37415,2026,R_P37415,S_P37415
P37417,2026,R_P37417,S_P37417
P37418,2026,R_P37418,S_P37418
P37421,2024,R_P37421,S_P37421
P37422,2024,R_P37422,S_P37422
P37423,2024,R_P37423,S_P37423
P37425,2024,R_P37425,S_P37425
P37426,2024,R_P37426,S_P37426
P37427,2024,R_P37427,S_P37427
P37428,2024,R_P37421,S_P37421
P37449,2022,R_P37449,S_P37449
P37457,2023,R_P37457,S_P37457
P37460,2025,R_P37460,S_P37460
P37502,2019,R_P37502,S_P37502
P37512,2026,R_P11262,S_P11262
P37513,2025,R_P37513,S_P37513
P37519,2026,R_P37519,S_P37519
P37524,2026,R_P37524,S_P37524
P37533,2020,R_P37533,S_P37533
P37535,2026,R_P37535,S_P37535
P37537,2026,R_P37537,S_P37537
P37538,2026,R_P37538,S_P37538
P37541,2026,R_P37541,S_P37541
P37542,2026,R_P37542,S_P37542
P37543,2026,R_P37543,S_P37543
P37544,2026,R_P37539,S_P37539
P37558,2026,R_P37558,S_P37558
P37560,2026,R_P37560,S_P37560
P37562,2025,R_P37562,S_P37562
P37563,2025,R_P37563,S_P37563
P37564,2025,R_P37564,S_P37564
P37566,2025,R_P37566,S_P37566
P37568,2026,R_P37568,S_P37568
P37569,2023,R_P37569,S_P37569
P37570,2026,R_P37570,S_P37570
P37573,2026,R_P37573,S_P37573
P37574,2026,R_P37574,S_P37574
P37575,2026,R_P37575,S_P37575
P37578,2020,R_P37578,S_P37578
P37579,2026,R_P37569,S_P37569
P37580,2026,R_P37580,S_P37580
P37581,2026,R_P37581,S_P37581
P37582,2026,R_P37582,S_P37582
P37583,2026,R_P37583,S_P37583
P37584,2025,R_P37584,S_P37584
P37585,2025,R_P37585,S_P37585
P37586,2025,R_P37586,S_P37586
P37587,2026,R_P37587,S_P37587
P37588,2025,R_P37588,S_P37588
P37589,2025,R_P37589,S_P37589
P37590,2025,R_P37590,S_P37590
P37591,2025,R_P37591,S_P37591
P37592,2026,R_P37592,S_P37592
P37593,2025,R_P37593,S_P37593
P37595,2026,R_P37595,S_P37595
P37597,2026,R_P37597,S_P37597
P37599,2026,R_P37599,S_P37599
P37600,2026,R_P37600,S_P37600
P37602,2026,R_P37602,S_P37602
P37603,2026,R_P37600,S_P37600
P37607,2026,R_P37607,S_P37607
P37608,2026,R_P37608,S_P37608
P37610,2026,R_P37610,S_P37610
P37611,2026,R_P37611,S_P37611
P37614,2026,R_P37614,S_P37614
P37615,2025,R_P37615,S_P37615
P37616,2025,R_P37616,S_P37616
P37617,2026,R_P37617,S_P37617
P37618,2025,R_P37618,S_P37618
P37619,2025,R_P11246,S_P11246
P37620,2026,R_P37620,S_P37620
P37624,2026,R_P37624,S_P37624
P37627,2026,R_P37625,S_P37625
P37629,2021,R_P37629,S_P37629
P37631,2026,R_P37631,S_P37631
P37632,2026,R_P37632,S_P37632
P37634,2026,R_P37634,S_P37634
P37635,2025,R_P37635,S_P37635
P37636,2026,R_P37636,S_P37636
P37637,2025,R_P37637,S_P37637
P37638,2025,R_P37638,S_P37638
P37640,2026,R_P37640,S_P37640
P37641,2025,R_P37641,S_P37641
P37642,2025,R_P37642,S_P37642
P37643,2026,R_P37643,S_P37643
P37644,2025,R_P37644,S_P37644
P37645,2025,R_P37644,S_P37644
P37648,2025,R_P37635,S_P37635
P37650,2025,R_P37650,S_P37650
P37651,2025,R_P37651,S_P37651
P37652,2026,R_P37652,S_P37652
P37653,2025,R_P37653,S_P37653
P37654,2025,R_P11244,S_P11244
P37655,2026,R_P37655,S_P37655
P37657,2025,R_P37657,S_P37657
P37658,2025,R_P37658,S_P37658
P37659,2026,R_P37659,S_P37659
P37660,2025,R_P37660,S_P37660
P37661,2025,R_P37661,S_P37661
P37676,2025,R_P37676,S_P37676
P37677,2025,R_P37677,S_P37677
P37680,2025,R_P37680,S_P37680
P37681,2025,R_P37681,S_P37681
P37682,2025,R_P37682,S_P37682
P37683,2025,R_P37683,S_P37683
P37684,2025,R_P37684,S_P37684
P37685,2023,R_P37685,S_P37685
P37687,2025,R_P37687,S_P37687
P37688,2026,R_P37688,S_P37688
P37689,2025,R_P37689,S_P37689
P37697,2024,R_P37697,S_P37697
P37699,2023,R_P37692,S_P37692
P37701,2026,R_P37701,S_P37701
P37702,2023,R_P37702,S_P37702
P37726,2023,R_P37726,S_P37726
P37740,2026,R_P37740,S_P37740
P37744,2026,R_P37744,S_P37744
P37745,2026,R_P37745,S_P37745
P37752,2026,R_P37752,S_P37752
P37753,2026,R_P37753,S_P37753
P37757,2025,R_P37757,S_P37757
P37762,2026,R_P37762,S_P37762
P37763,2026,R_P37763,S_P37763
P37764,2026,R_P37764,S_P37764
P37765,2025,R_P37765,S_P37765
P37766,2026,R_P37766,S_P37766
P37768,2025,R_P37768,S_P37768
P37770,2025,R_P37770,S_P37770
P37771,2025,R_P37771,S_P37771
P37772,2025,R_P37772,S_P37772
P37773,2025,R_P37773,S_P37773
P37774,2025,R_P37774,S_P37774
P37775,2025,R_P37775,S_P37775
P37776,2026,R_P37776,S_P37776
P37777,2021,R_P37777,S_P37777
P37778,2025,R_P37778,S_P37778
P37779,2026,R_P37779,S_P37779
P37780,2021,R_P37780,S_P37780
P37781,2021,R_P37781,S_P37781
P37782,2025,R_P37782,S_P37782
P37784,2025,R_P37784,S_P37784
P37786,2026,R_P37784,S_P37784
P37787,2025,R_P37787,S_P37787
P37788,2026,R_P37788,S_P37788
P37789,2026,R_P37789,S_P37789
P37790,2025,R_P37790,S_P37790
P37791,2026,R_P37791,S_P37791
P37792,2025,R_P37792,S_P37792
P37793,2026,R_P37793,S_P37793
P37794,2025,R_P37794,S_P37794
P37795,2025,R_P37795,S_P37795
P37796,2025,R_P37796,S_P37796
P37797,2026,R_P37797,S_P37797
P37798,2025,R_P37798,S_P37798
P37799,2025,R_P37799,S_P37799
P37801,2025,R_P37801,S_P37801
P37802,2025,R_P37802,S_P37802
P37803,2025,R_P11239,S_P11239
P37807,2026,R_P37807,S_P37807
P37809,2025,R_P37809,S_P37809
P37810,2025,R_P37810,S_P37810
P37811,2025,R_P37811,S_P37811
P37812,2026,R_P37812,S_P37812
P37813,2026,R_P37813,S_P37813
P37814,2025,R_P37814,S_P37814
P37815,2025,R_P37815,S_P37815
P37816,2025,R_P37816,S_P37816
P37824,2023,R_P37824,S_P37824
P37827,2025,R_P37827,S_P37827
P37828,2025,R_P37828,S_P37828
P37841,2026,R_P37841,S_P37841
P37842,2025,R_P37842,S_P37842
P37843,2025,R_P37843,S_P37843
P37844,2026,R_P37844,S_P37844
P37845,2026,R_P37845,S_P37845
P37848,2026,R_P37848,S_P37848
P37849,2025,R_P37849,S_P37849
P37852,2026,R_P37852,S_P37852
P37853,2025,R_P37852,S_P37852
P37862,2026,R_P37862,S_P37862
P37863,2023,R_P37863,S_P37863
P37864,2023,R_P37864,S_P37864
P37868,2026,R_P37868,S_P37868
P37869,2026,R_P37869,S_P37869
P37871,2026,R_P37871,S_P37871
P37872,2026,R_P37872,S_P37872
P37889,2026,R_P37889,S_P37889
P37904,2026,R_P37904,S_P37904
P37906,2022,R_P37906,S_P37906
P37909,2025,R_P37909,S_P37909
P37928,2022,R_P37928,S_P37928
P37930,2022,R_P37927,S_P37927
P37952,2025,R_P37952,S_P37952
P37996,2021,R_P37996,S_P37996
P38007,2022,R_P38007,S_P38007
P38010,2022,R_P38010,S_P38010
P38011,2022,R_P38007,S_P38007
P38035,2026,R_P38035,S_P38035
P38063,2022,R_P38063,S_P38063
P38064,2022,R_P38064,S_P38064
P38131,2020,R_P38131,S_P38131
P38144,2026,R_P38144,S_P38144
P38154,2022,R_P38154,S_P38154
P38161,2020,R_P38161,S_P38161
P38165,2023,R_P38165,S_P38165
P38166,2026,R_P38166,S_P38166
P38167,2026,R_P38167,S_P38167
P38206,2026,R_P38206,S_P38206
P38217,2025,R_P38217,S_P38217
P38235,2026,R_P38235,S_P38235
P38238,2025,R_P38238,S_P38238
P38239,2026,R_P38238,S_P38238
P38259,2022,R_P38259,S_P38259
P38260,2021,R_P38260,S_P38260
P38261,2022,R_P38261,S_P38261
P38262,2023,R_P38262,S_P38262
P38271,2020,R_P38271,S_P38271
P38275,2020,R_P38275,S_P38275
P38276,2020,R_P38275,S_P38275
P38277,2023,R_P38277,S_P38277
P38278,2022,R_P38278,S_P38278
P38279,2023,R_P38279,S_P38279
P38281,2022,R_P38281,S_P38281
P38283,2022,R_P38283,S_P38283
P38287,2023,R_P38287,S_P38287
P38288,2022,R_P38288,S_P38288
P38289,2022,R_P38289,S_P38289
P38290,2022,R_P38290,S_P38290
P38291,2021,R_P38291,S_P38291
P38293,2021,R_P38291,S_P38291
P38294,2023,R_P38294,S_P38294
P38295,2022,R_P38295,S_P38295
P38296,2023,R_P38296,S_P38296
P38297,2022,R_P38297,S_P38297
P38318,2023,R_P38318,S_P38318
P38329,2025,R_P38329,S_P38329
P38333,2025,R_P38333,S_P38333
P38335,2022,R_P38335,S_P38335
P38347,2024,R_P38347,S_P38347
P38349,2026,R_P11172,S_P11172
P38350,2026,R_P38350,S_P38350
P38351,2021,R_P38351,S_P38351
P38352,2026,R_P38352,S_P38352
P38361,2025,R_P38361,S_P38361
P38364,2025,R_P38364,S_P38364
P38377,2025,R_P38377,S_P38377
P38389,2026,R_P38384,S_P38384
P38392,2026,R_P38392,S_P38392
P38393,2026,R_P38393,S_P38393
P38404,2025,R_P38404,S_P38404
P38411,2024,R_P38411,S_P38411
P38433,2020,R_P38433,S_P38433
P38454,2024,R_P38454,S_P38454
P38455,2021,R_P38455,S_P38455
P38456,2024,R_P38456,S_P38456
P38457,2024,R_P38457,S_P38457
P38458,2024,R_P38458,S_P38458
P38459,2024,R_P38459,S_P38459
P38460,2024,R_P38460,S_P38460
P38461,2023,R_P38461,S_P38461
P38462,2024,R_P38462,S_P38462
P38463,2023,R_P38463,S_P38463
P38467,2024,R_P38467,S_P38467
P38468,2024,R_P38468,S_P38468
P38469,2025,R_P38469,S_P38469
P38470,2025,R_P38470,S_P38470
P38472,2024,R_P38472,S_P38472
P38473,2025,R_P38473,S_P38473
P38474,2025,R_P38474,S_P38474
P38478,2025,R_P38478,S_P38478
P38500,2019,R_P38500,S_P38500
P38504,2025,R_P38504,S_P38504
P38519,2019,R_P38519,S_P38519
P38522,2019,R_P38522,S_P38522
P38537,2024,R_P38537,S_P38537
P38540,2022,R_P38540,S_P38540
P38567,2024,R_P38567,S_P38567
P38576,2025,R_P38576,S_P38576
P38580,2025,R_P38580,S_P38580
P38599,2019,R_P38599,S_P38599
P38602,2020,R_P38599,S_P38599
P38603,2019,R_P38603,S_P38603
P38606,2020,R_P38606,S_P38606
P38617,2019,R_P38617,S_P38617
P38623,2023,R_P38623,S_P38623
P38627,2023,R_P38627,S_P38627
P38628,2023,R_P38628,S_P38628
P38629,2020,R_P38627,S_P38627
P38641,2019,R_P38641,S_P38641
P38642,2019,R_P38642,S_P38642
P38644,2025,R_P38644,S_P38644
P38646,2019,R_P38646,S_P38646
P38648,2019,R_P38648,S_P38648
P38662,2019,R_P38662,S_P38662
P38676,2019,R_P38676,S_P38676
P38693,2020,R_P38693,S_P38693
P38706,2025,R_P38706,S_P38706
P38707,2025,R_P38707,S_P38707
P38709,2024,R_P38709,S_P38709
P38711,2024,R_P38711,S_P38711
P38712,2024,R_P38712,S_P38712
P38713,2024,R_P38713,S_P38713
P38714,2024,R_P38714,S_P38714
P38715,2024,R_P38715,S_P38715
P38718,2024,R_P38718,S_P38718
P38720,2024,R_P38720,S_P38720
P38721,2025,R_P38721,S_P38721
P38722,2024,R_P38722,S_P38722
P38723,2024,R_P38723,S_P38723
P38727,2024,R_P38727,S_P38727
P38729,2024,R_P38729,S_P38729
P38732,2025,R_P38732,S_P38732
P38733,2024,R_P38733,S_P38733
P38734,2024,R_P38734,S_P38734
P38735,2024,R_P38735,S_P38735
P38736,2025,R_P38736,S_P38736
P38737,2024,R_P38737,S_P38737
P38738,2025,R_P38738,S_P38738
P38740,2024,R_P38740,S_P38740
P38741,2024,R_P38741,S_P38741
P38744,2024,R_P38744,S_P38744
P38745,2024,R_P38745,S_P38745
P38746,2025,R_P38746,S_P38746
P38748,2025,R_P38748,S_P38748
P38749,2025,R_P38749,S_P38749
P38750,2025,R_P38750,S_P38750
P38751,2025,R_P38751,S_P38751
P38753,2024,R_P38753,S_P38753
P38754,2024,R_P38754,S_P38754
P38755,2024,R_P38755,S_P38755
P38756,2025,R_P38756,S_P38756
P38757,2024,R_P38757,S_P38757
P38758,2025,R_P38758,S_P38758
P38759,2024,R_P38759,S_P38759
P38762,2024,R_P38762,S_P38762
P38765,2025,R_P38765,S_P38765
P38766,2024,R_P38766,S_P38766
P38767,2024,R_P38767,S_P38767
P38768,2024,R_P38768,S_P38768
P38769,2025,R_P38768,S_P38768
P38770,2024,R_P38770,S_P38770
P38776,2025,R_P11147,S_P11147
P38777,2025,R_P38777,S_P38777
P38778,2024,R_P38778,S_P38778
P38779,2024,R_P38779,S_P38779
P38780,2024,R_P38780,S_P38780
P38782,2025,R_P38782,S_P38782
P38783,2024,R_P38783,S_P38783
P38797,2025,R_P38797,S_P38797
P38845,2025,R_P11003,S_P11003
P38853,2024,R_P38853,S_P38853
P38854,2024,R_P38854,S_P38854
P38855,2024,R_P38855,S_P38855
P38870,2019,R_P38870,S_P38870
P38871,2019,R_P38861,S_P38861
P38872,2019,R_P38872,S_P38872
P38884,2022,R_P38884,S_P38884
P38902,2021,R_P38902,S_P38902
P38903,2024,R_P38902,S_P38902
P38904,2020,R_P38902,S_P38902
P38906,2024,R_P38906,S_P38906
P38907,2023,R_P38907,S_P38907
P38918,2026,R_P38918,S_P38918
P38925,2026,R_P38925,S_P38925
P38926,2026,R_P38926,S_P38926
P38929,2024,R_P38929,S_P38929
P38930,2024,R_P38930,S_P38930
P38932,2024,R_P38932,S_P38932
P38933,2024,R_P38933,S_P38933
P38936,2024,R_P38936,S_P38936
P38937,2024,R_P38937,S_P38937
P38939,2026,R_P38939,S_P38939
P38942,2024,R_P38942,S_P38942
P38943,2024,R_P38943,S_P38943
P38944,2024,R_P38944,S_P38944
P38945,2024,R_P38945,S_P38945
P38946,2023,R_P38945,S_P38945
P38947,2024,R_P38947,S_P38947
P38949,2024,R_P38949,S_P38949
P38950,2024,R_P38950,S_P38950
P38951,2023,R_P38951,S_P38951
P38952,2024,R_P38952,S_P38952
P38953,2024,R_P38953,S_P38953
P38954,2023,R_P38954,S_P38954
P38955,2024,R_P38955,S_P38955
P38956,2024,R_P38956,S_P38956
P38958,2024,R_P38958,S_P38958
P38959,2024,R_P38959,S_P38959
P38961,2025,R_P38961,S_P38961
P38962,2024,R_P38962,S_P38962
P38963,2024,R_P38963,S_P38963
P38965,2024,R_P38965,S_P38965
P38969,2024,R_P38969,S_P38969
P38971,2024,R_P38971,S_P38971
P38972,2023,R_P38972,S_P38972
P38973,2024,R_P38973,S_P38973
P38975,2024,R_P38975,S_P38975
P38976,2023,R_P38976,S_P38976
P38977,2024,R_P38977,S_P38977
P38978,2024,R_P38978,S_P38978
P38981,2024,R_P38981,S_P38981
P38982,2024,R_P38982,S_P38982
P38983,2023,R_P38983,S_P38983
P38985,2024,R_P38985,S_P38985
P38986,2025,R_P38986,S_P38986
P38987,2025,R_P38987,S_P38987
P38989,2024,R_P38989,S_P38989
P38990,2024,R_P38990,S_P38990
P39001,2024,R_P39001,S_P39001
P39002,2023,R_P39002,S_P39002
P39059,2024,R_P39059,S_P39059
P39061,2025,R_P39061,S_P39061
P39074,2019,R_P39074,S_P39074
P39092,2020,R_P39092,S_P39092
P39093,2023,R_P39093,S_P39093
P39094,2020,R_P39094,S_P39094
P39095,2022,R_P39095,S_P39095
P39097,2019,R_P39097,S_P39097
P39099,2020,R_P39099,S_P39099
P39100,2020,R_P39100,S_P39100
P39101,2019,R_P39101,S_P39101
P39141,2025,R_P39141,S_P39141
P39145,2022,R_P39144,S_P39144
P39146,2025,R_P39146,S_P39146
P39153,2025,R_P39153,S_P39153
P39157,2024,R_P39157,S_P39157
P39161,2025,R_P39161,S_P39161
P39162,2025,R_P39161,S_P39161
P39206,2026,R_P39206,S_P39206
P39229,2019,R_P39229,S_P39229
P39230,2019,R_P39230,S_P39230
P39231,2021,R_P39231,S_P39231
P39236,2019,R_P39236,S_P39236
P39237,2019,R_P39237,S_P39237
P39239,2019,R_P39239,S_P39239
P39242,2020,R_P39242,S_P39242
P39285,2025,R_P39285,S_P39285
P39310,2024,R_P39309,S_P39309
P39311,2024,R_P39311,S_P39311
P39312,2023,R_P39312,S_P39312
P39313,2024,R_P39313,S_P39313
P39314,2024,R_P39314,S_P39314
P39316,2024,R_P39314,S_P39314
P39317,2024,R_P39317,S_P39317
P39318,2024,R_P39318,S_P39318
P39319,2024,R_P39317,S_P39317
P39346,2020,R_P39346,S_P39346
P39419,2023,R_P39419,S_P39419
P39420,2024,R_P39420,S_P39420
P39421,2024,R_P39421,S_P39421
P39422,2024,R_P39422,S_P39422
P39423,2023,R_P39423,S_P39423
P39424,2024,R_P39424,S_P39424
P39425,2024,R_P39425,S_P39425
P39426,2024,R_P39426,S_P39426
P39427,2024,R_P39427,S_P39427
P39428,2024,R_P39428,S_P39428
P39429,2024,R_P39429,S_P39429
P39432,2024,R_P39432,S_P39432
P39433,2024,R_P39431,S_P39431
P39434,2024,R_P39434,S_P39434
P39435,2024,R_P39435,S_P39435
P39436,2024,R_P39436,S_P39436
P39440,2024,R_P39440,S_P39440
P39442,2023,R_P39442,S_P39442
P39443,2024,R_P39443,S_P39443
P39444,2024,R_P39444,S_P39444
P39445,2025,R_P39445,S_P39445
P39446,2023,R_P39446,S_P39446
P39447,2024,R_P39447,S_P39447
P39448,2024,R_P39448,S_P39448
P39451,2026,R_P39451,S_P39451
P39461,2024,R_P39461,S_P39461
P39463,2024,R_P39463,S_P39463
P39464,2024,R_P39464,S_P39464
P39467,2024,R_P39467,S_P39467
P39468,2024,R_P39467,S_P39467
P39469,2024,R_P39469,S_P39469
P39470,2024,R_P39470,S_P39470
P39472,2024,R_P39472,S_P39472
P39473,2024,R_P39473,S_P39473
P39474,2024,R_P39474,S_P39474
P39475,2024,R_P39475,S_P39475
P39476,2024,R_P39476,S_P39476
P39477,2024,R_P39477,S_P39477
P39478,2024,R_P39478,S_P39478
P39479,2024,R_P39469,S_P39469
P39480,2024,R_P39480,S_P39480
P39481,2024,R_P39481,S_P39481
P39482,2024,R_P39482,S_P39482
P39492,2020,R_P39492,S_P39492
P39494,2020,R_P39494,S_P39494
P39496,2024,R_P39496,S_P39496
P39498,2024,R_P39498,S_P39498
P39499,2024,R_P39499,S_P39499
P39500,2024,R_P39500,S_P39500
P39502,2024,R_P39502,S_P39502
P39504,2023,R_P39504,S_P39504
P39506,2024,R_P39506,S_P39506
P39507,2024,R_P39507,S_P39507
P39509,2024,R_P39509,S_P39509
P39511,2024,R_P39511,S_P39511
P39514,2021,R_P39514,S_P39514
P39522,2019,R_P39522,S_P39522
P39523,2022,R_P39523,S_P39523
P39531,2026,R_P39531,S_P39531
P39535,2025,R_P39535,S_P39535
P39536,2026,R_P39531,S_P39531
P39538,2023,R_P39538,S_P39538
P39541,2022,R_P39541,S_P39541
P39542,2023,R_P39542,S_P39542
P39544,2023,R_P39544,S_P39544
P39545,2023,R_P39545,S_P39545
P39546,2022,R_P39546,S_P39546
P39547,2023,R_P39547,S_P39547
P39548,2023,R_P39548,S_P39548
P39550,2022,R_P39550,S_P39550
P39554,2020,R_P39554,S_P39554
P39556,2019,R_P39556,S_P39556
P39557,2020,R_P39557,S_P39557
P39558,2019,R_P39558,S_P39558
P39559,2019,R_P39559,S_P39559
P39561,2023,R_P39561,S_P39561
P39566,2019,R_P39566,S_P39566
P39567,2019,R_P39567,S_P39567
P39570,2023,R_P39569,S_P39569
P39575,2023,R_P39575,S_P39575
P39576,2023,R_P39576,S_P39576
P39577,2023,R_P39577,S_P39577
P39578,2023,R_P39578,S_P39578
P39579,2023,R_P39579,S_P39579
P39583,2023,R_P39583,S_P39583
P39584,2023,R_P39584,S_P39584
P39585,2022,R_P39585,S_P39585
P39587,2024,R_P39587,S_P39587
P39590,2023,R_P39590,S_P39590
P39591,2023,R_P39591,S_P39591
P39593,2023,R_P39593,S_P39593
P39595,2024,R_P39595,S_P39595
P39596,2023,R_P39596,S_P39596
P39597,2023,R_P39597,S_P39597
P39599,2023,R_P39599,S_P39599
P39600,2025,R_P39600,S_P39600
P39602,2023,R_P39602,S_P39602
P39603,2023,R_P39603,S_P39603
P39604,2023,R_P39604,S_P39604
P39605,2024,R_P39605,S_P39605
P39606,2026,R_P39606,S_P39606
P39620,2025,R_P39610,S_P39610
P39624,2020,R_P39624,S_P39624
P39625,2023,R_P39625,S_P39625
P39626,2020,R_P39626,S_P39626
P39627,2020,R_P39627,S_P39627
P39628,2022,R_P39628,S_P39628
P39629,2020,R_P39629,S_P39629
P39630,2023,R_P39630,S_P39630
P39631,2023,R_P39631,S_P39631
P39633,2025,R_P39633,S_P39633
P39634,2023,R_P39634,S_P39634
P39635,2023,R_P39635,S_P39635
P39636,2023,R_P39636,S_P39636
P39640,2023,R_P39640,S_P39640
P39641,2023,R_P39641,S_P39641
P39642,2023,R_P39642,S_P39642
P39643,2023,R_P39643,S_P39643
P39645,2025,R_P39645,S_P39645
P39646,2025,R_P39645,S_P39645
P39647,2025,R_P39647,S_P39647
P39659,2020,R_P39659,S_P39659
P39661,2020,R_P39661,S_P39661
P39662,2020,R_P39662,S_P39662
P39665,2026,R_P39665,S_P39665
P39668,2026,R_P39668,S_P39668
P39670,2026,R_P39670,S_P39670
P39672,2026,R_P39672,S_P39672
P39674,2026,R_P39674,S_P39674
P39676,2026,R_P39676,S_P39676
P39677,2026,R_P39677,S_P39677
P39678,2026,R_P39678,S_P39678
P39682,2026,R_P39682,S_P39682
P39683,2026,R_P39683,S_P39683
P39690,2026,R_P39690,S_P39690
P39691,2026,R_P39691,S_P39691
P39693,2026,R_P39693,S_P39693
P39694,2026,R_P39694,S_P39694
P39695,2026,R_P39692,S_P39692
P39698,2019,R_P39698,S_P39698
P39700,2026,R_P39700,S_P39700
P39701,2026,R_P39701,S_P39701
P39703,2021,R_P39699,S_P39699
P39704,2021,R_P39704,S_P39704
P39707,2026,R_P39707,S_P39707
P39708,2026,R_P39708,S_P39708
P39709,2026,R_P39709,S_P39709
P39710,2026,R_P39710,S_P39710
P39713,2022,R_P39713,S_P39713
P39714,2026,R_P39714,S_P39714
P39717,2026,R_P39717,S_P39717
P39719,2026,R_P39719,S_P39719
P39722,2026,R_P39722,S_P39722
P39724,2026,R_P39724,S_P39724
P39725,2026,R_P39725,S_P39725
P39726,2026,R_P39726,S_P39726
P39728,2026,R_P39728,S_P39728
P39730,2026,R_P39730,S_P39730
P39731,2026,R_P39731,S_P39731
P39735,2022,R_P39735,S_P39735
P39736,2022,R_P39736,S_P39736
P39737,2026,R_P39737,S_P39737
P39738,2026,R_P39738,S_P39738
P39739,2026,R_P39739,S_P39739
P39740,2026,R_P39740,S_P39740
P39741,2026,R_P39741,S_P39741
P39742,2026,R_P39742,S_P39742
P39743,2026,R_P39743,S_P39743
P39745,2026,R_P39745,S_P39745
P39746,2026,R_P39746,S_P39746
P39748,2025,R_P39748,S_P39748
P39750,2026,R_P39750,S_P39750
P39751,2026,R_P39751,S_P39751
P39752,2026,R_P39752,S_P39752
P39753,2025,R_P39753,S_P39753
P39754,2026,R_P39754,S_P39754
P39755,2026,R_P39746,S_P39746
P39756,2026,R_P39746,S_P39746
P39757,2026,R_P39757,S_P39757
P39758,2026,R_P39758,S_P39758
P39759,2026,R_P39759,S_P39759
P39760,2026,R_P39760,S_P39760
P39761,2026,R_P39761,S_P39761
P39762,2026,R_P39762,S_P39762
P39763,2026,R_P39763,S_P39763
P39764,2025,R_P39764,S_P39764
P39766,2026,R_P39766,S_P39766
P39767,2023,R_P39767,S_P39767
P39769,2026,R_P39769,S_P39769
P39771,2026,R_P39771,S_P39771
P39772,2026,R_P39772,S_P39772
P39773,2026,R_P39773,S_P39773
P39776,2026,R_P39776,S_P39776
P39777,2025,R_P39777,S_P39777
P39778,2026,R_P39778,S_P39778
P39779,2026,R_P39779,S_P39779
P39780,2022,R_P39780,S_P39780
P39781,2025,R_P39781,S_P39781
P39783,2026,R_P39783,S_P39783
P39785,2026,R_P39785,S_P39785
P39786,2025,R_P39786,S_P39786
P39787,2025,R_P39787,S_P39787
P39788,2026,R_P39788,S_P39788
P39789,2026,R_P39789,S_P39789
P39790,2026,R_P39790,S_P39790
P39797,2025,R_P39793,S_P39793
P39798,2025,R_P39798,S_P39798
P39800,2020,R_P39800,S_P39800
P39801,2026,R_P39801,S_P39801
P39806,2025,R_P39806,S_P39806
P39808,2026,R_P39807,S_P39807
P39809,2025,R_P39809,S_P39809
P39812,2025,R_P39812,S_P39812
P39813,2025,R_P39813,S_P39813
P39814,2026,R_P39814,S_P39814
P39816,2026,R_P39816,S_P39816
P39818,2025,R_P39818,S_P39818
P39820,2025,R_P39815,S_P39815
P39821,2023,R_P39821,S_P39821
P39823,2026,R_P39823,S_P39823
P39824,2025,R_P39824,S_P39824
P39825,2026,R_P39825,S_P39825
P39826,2024,R_P39826,S_P39826
P39832,2026,R_P39832,S_P39832
P39834,2025,R_P39834,S_P39834
P39835,2025,R_P39835,S_P39835
P39836,2025,R_P39836,S_P39836
P39841,2025,R_P10770,S_P10770
P39844,2025,R_P39844,S_P39844
P39846,2026,R_P39846,S_P39846
P39847,2020,R_P39847,S_P39847
P39853,2026,R_P39853,S_P39853
P39856,2026,R_P39856,S_P39856
P39863,2025,R_P39863,S_P39863
P39928,2025,R_P39928,S_P39928
P39929,2026,R_P39929,S_P39929
P39930,2022,R_P39930,S_P39930
P39931,2022,R_P39931,S_P39931
P39932,2022,R_P39932,S_P39932
P39933,2022,R_P39933,S_P39933
P39935,2023,R_P39935,S_P39935
P39936,2026,R_P10742,S_P10742
P39937,2025,R_P39937,S_P39937
P39938,2026,R_P39938,S_P39938
P39940,2025,R_P39940,S_P39940
P39943,2025,R_P39942,S_P39942
P39944,2025,R_P39944,S_P39944
P39945,2025,R_P39945,S_P39945
P39946,2026,R_P39946,S_P39946
P39947,2022,R_P39947,S_P39947
P39949,2025,R_P39949,S_P39949
P39950,2026,R_P10733,S_P10733
P39951,2025,R_P39951,S_P39951
P39952,2022,R_P39952,S_P39952
P39953,2022,R_P39953,S_P39953
P39954,2022,R_P39954,S_P39954
P39956,2023,R_P39956,S_P39956
P39957,2022,R_P39957,S_P39957
P39959,2023,R_P39959,S_P39959
P39960,2022,R_P39960,S_P39960
P39963,2022,R_P39963,S_P39963
P39964,2022,R_P39964,S_P39964
P39965,2023,R_P39965,S_P39965
P39966,2023,R_P39966,S_P39966
P39967,2023,R_P39967,S_P39967
P39968,2025,R_P39968,S_P39968
P39969,2022,R_P39969,S_P39969
P39971,2022,R_P39970,S_P39970
P39972,2023,R_P39972,S_P39972
P39973,2022,R_P39973,S_P39973
P39975,2026,R_P39975,S_P39975
P39976,2025,R_P39976,S_P39976
P39977,2026,R_P39977,S_P39977
P39978,2025,R_P39968,S_P39968
P39979,2026,R_P39976,S_P39976
P39980,2025,R_P39980,S_P39980
P39981,2026,R_P39981,S_P39981
P39982,2025,R_P39982,S_P39982
P39983,2026,R_P39983,S_P39983
P39984,2025,R_P39983,S_P39983
P39985,2026,R_P39985,S_P39985
P39986,2026,R_P39986,S_P39986
P39988,2025,R_P39988,S_P39988
P39989,2026,R_P39989,S_P39989
P39990,2025,R_P39990,S_P39990
P39991,2024,R_P39991,S_P39991
P39992,2025,R_P39992,S_P39992
P39993,2024,R_P39993,S_P39993
P39994,2025,R_P39994,S_P39994
P39996,2025,R_P39996,S_P39996
P39997,2025,R_P39997,S_P39997
P39998,2025,R_P39998,S_P39998
P40000,2025,R_P40000,S_P40000
P40002,2025,R_P40002,S_P40002
P40003,2026,R_P40003,S_P40003
P40004,2026,R_P40004,S_P40004
P40006,2026,R_P40006,S_P40006
P40007,2025,R_P40007,S_P40007
P40008,2025,R_P40008,S_P40008
P40009,2024,R_P40009,S_P40009
P40010,2025,R_P40010,S_P40010
P40012,2025,R_P40012,S_P40012
P40013,2026,R_P40011,S_P40011
P40014,2026,R_P40014,S_P40014
P40015,2026,R_P40015,S_P40015
P40016,2026,R_P40016,S_P40016
P40018,2025,R_P40018,S_P40018
P40019,2025,R_P40019,S_P40019
P40021,2022,R_P40021,S_P40021
P40022,2022,R_P40022,S_P40022
P40023,2022,R_P40023,S_P40023
P40024,2022,R_P40021,S_P40021
P40025,2022,R_P40021,S_P40021
P40026,2022,R_P40026,S_P40026
P40028,2022,R_P40028,S_P40028
P40029,2023,R_P40029,S_P40029
P40030,2022,R_P40030,S_P40030
P40031,2022,R_P40031,S_P40031
P40034,2022,R_P40034,S_P40034
P40035,2022,R_P40035,S_P40035
P40036,2022,R_P40036,S_P40036
P40037,2022,R_P40037,S_P40037
P40040,2022,R_P40040,S_P40040
P40041,2022,R_P40041,S_P40041
P40042,2024,R_P40042,S_P40042
P40043,2022,R_P40043,S_P40043
P40044,2022,R_P40044,S_P40044
P40045,2022,R_P40045,S_P40045
P40046,2022,R_P40046,S_P40046
P40047,2022,R_P40047,S_P40047
P40048,2022,R_P40048,S_P40048
P40049,2022,R_P40049,S_P40049
P40050,2022,R_P40050,S_P40050
P40051,2022,R_P40051,S_P40051
P40052,2022,R_P40052,S_P40052
P40054,2022,R_P40054,S_P40054
P40055,2022,R_P40055,S_P40055
P40057,2023,R_P40057,S_P40057
P40061,2022,R_P40061,S_P40061
P40064,2022,R_P40064,S_P40064
P40065,2022,R_P40065,S_P40065
P40066,2022,R_P40066,S_P40066
P40069,2022,R_P40069,S_P40069
P40070,2022,R_P40070,S_P40070
P40073,2022,R_P40073,S_P40073
P40074,2022,R_P40074,S_P40074
P40075,2022,R_P40075,S_P40075
P40077,2022,R_P40077,S_P40077
P40078,2022,R_P40077,S_P40077
P40096,2022,R_P40096,S_P40096
P40102,2024,R_P40102,S_P40102
P40103,2025,R_P40103,S_P40103
P40104,2025,R_P40104,S_P40104
P40105,2025,R_P40105,S_P40105
P40107,2025,R_P40107,S_P40107
P40108,2025,R_P40108,S_P40108
P40109,2025,R_P40109,S_P40109
P40110,2026,R_P40110,S_P40110
P40112,2025,R_P40112,S_P40112
P40114,2025,R_P40114,S_P40114
P40116,2025,R_P40116,S_P40116
P40117,2025,R_P40117,S_P40117
P40118,2025,R_P40118,S_P40118
P40119,2026,R_P40119,S_P40119
P40122,2025,R_P40122,S_P40122
P40123,2026,R_P40123,S_P40123
P40124,2025,R_P40124,S_P40124
P40125,2026,R_P40125,S_P40125
P40126,2025,R_P40126,S_P40126
P40127,2025,R_P40127,S_P40127
P40131,2025,R_P40131,S_P40131
P40132,2025,R_P40132,S_P40132
P40134,2025,R_P10701,S_P10701
P40135,2025,R_P40135,S_P40135
P40137,2025,R_P40137,S_P40137
P40138,2025,R_P40138,S_P40138
P40140,2025,R_P40140,S_P40140
P40141,2026,R_P40141,S_P40141
P40142,2025,R_P40142,S_P40142
P40143,2025,R_P10696,S_P10696
P40144,2025,R_P40144,S_P40144
P40145,2025,R_P40145,S_P40145
P40146,2025,R_P40146,S_P40146
P40147,2026,R_P40144,S_P40144
P40148,2025,R_P40148,S_P40148
P40149,2026,R_P40144,S_P40144
P40150,2025,R_P40150,S_P40150
P40154,2026,R_P40154,S_P40154
P40158,2025,R_P40158,S_P40158
P40159,2025,R_P40159,S_P40159
P40160,2025,R_P40160,S_P40160
P40161,2025,R_P40161,S_P40161
P40162,2025,R_P40162,S_P40162
P40163,2025,R_P40163,S_P40163
P40165,2025,R_P40165,S_P40165
P40166,2025,R_P40166,S_P40166
P40167,2025,R_P40167,S_P40167
P40170,2025,R_P40170,S_P40170
P40171,2025,R_P40171,S_P40171
P40172,2025,R_P40172,S_P40172
P40173,2025,R_P40173,S_P40173
P40174,2025,R_P40174,S_P40174
P40177,2025,R_P40177,S_P40177
P40178,2025,R_P40178,S_P40178
P40179,2025,R_P40179,S_P40179
P40181,2025,R_P40181,S_P40181
P40182,2025,R_P40182,S_P40182
P40183,2025,R_P40183,S_P40183
P40189,2026,R_P40187,S_P40187
P40190,2025,R_P40190,S_P40190
P40192,2026,R_P40192,S_P40192
P40193,2026,R_P40193,S_P40193
P40195,2026,R_P40195,S_P40195
P40196,2025,R_P40196,S_P40196
P40198,2025,R_P40198,S_P40198
P40199,2025,R_P40199,S_P40199
P40201,2025,R_P40201,S_P40201
P40202,2020,R_P40202,S_P40202
P40203,2025,R_P40203,S_P40203
P40204,2026,R_P40204,S_P40204
P40205,2026,R_P40202,S_P40202
P40206,2025,R_P40206,S_P40206
P40208,2026,R_P40208,S_P40208
P40210,2022,R_P40210,S_P40210
P40211,2022,R_P40211,S_P40211
P40212,2021,R_P40212,S_P40212
P40214,2026,R_P40214,S_P40214
P40215,2026,R_P40215,S_P40215
P40216,2026,R_P40216,S_P40216
P40217,2026,R_P40217,S_P40217
P40218,2025,R_P40218,S_P40218
P40219,2025,R_P40219,S_P40219
P40220,2025,R_P40220,S_P40220
P40221,2025,R_P40221,S_P40221
P40223,2025,R_P40223,S_P40223
P40224,2025,R_P40224,S_P40224
P40226,2025,R_P40226,S_P40226
P40227,2026,R_P40227,S_P40227
P40228,2025,R_P40228,S_P40228
P40229,2025,R_P40229,S_P40229
P40230,2025,R_P40230,S_P40230
P40231,2023,R_P40231,S_P40231
P40232,2025,R_P40232,S_P40232
P40234,2025,R_P40234,S_P40234
P40235,2026,R_P40235,S_P40235
P40236,2025,R_P40236,S_P40236
P40237,2025,R_P40237,S_P40237
P40238,2025,R_P40238,S_P40238
P40240,2025,R_P40240,S_P40240
P40241,2025,R_P40241,S_P40241
P40242,2026,R_P40242,S_P40242
P40243,2025,R_P40243,S_P40243
P40244,2025,R_P40244,S_P40244
P40245,2025,R_P40245,S_P40245
P40246,2025,R_P40246,S_P40246
P40248,2025,R_P40248,S_P40248
P40249,2025,R_P40249,S_P40249
P40250,2026,R_P40250,S_P40250
P40251,2025,R_P40251,S_P40251
P40252,2025,R_P40252,S_P40252
P40253,2025,R_P40253,S_P40253
P40254,2025,R_P40254,S_P40254
P40255,2025,R_P40253,S_P40253
P40256,2025,R_P40256,S_P40256
P40257,2025,R_P40257,S_P40257
P40258,2025,R_P40258,S_P40258
P40259,2025,R_P40259,S_P40259
P40260,2026,R_P40260,S_P40260
P40261,2025,R_P40261,S_P40261
P40262,2025,R_P40262,S_P40262
P40263,2026,R_P10676,S_P10676
P40264,2025,R_P40264,S_P40264
P40265,2025,R_P40265,S_P40265
P40266,2026,R_P40266,S_P40266
P40267,2026,R_P40267,S_P40267
P40268,2025,R_P40268,S_P40268
P40271,2025,R_P40271,S_P40271
P40272,2026,R_P40272,S_P40272
P40273,2025,R_P40273,S_P40273
P40274,2025,R_P40274,S_P40274
P40275,2025,R_P40275,S_P40275
P40276,2025,R_P10708,S_P10709
P40277,2025,R_P10708,S_P10709
P40278,2025,R_P40278,S_P40278
P40279,2026,R_P40278,S_P40278
P40281,2025,R_P40281,S_P40281
P40282,2025,R_P40280,S_P40280
P40283,2025,R_P10667,S_P10667
P40284,2025,R_P40284,S_P40284
P40285,2025,R_P40285,S_P40285
P40286,2026,R_P40286,S_P40286
P40288,2026,R_P40286,S_P40286
P40289,2025,R_P40289,S_P40289
P40290,2026,R_P40290,S_P40290
P40291,2025,R_P40291,S_P40291
P40293,2025,R_P40293,S_P40293
P40294,2025,R_P40294,S_P40294
P40295,2025,R_P40295,S_P40295
P40296,2026,R_P40296,S_P40296
P40297,2025,R_P40292,S_P40292
P40298,2025,R_P40298,S_P40298
P40324,2025,R_P40324,S_P40324
P40325,2025,R_P40325,S_P40325
P40326,2025,R_P40326,S_P40326
P40327,2026,R_P40326,S_P40326
P40328,2025,R_P40328,S_P40328
P40329,2025,R_P40329,S_P40329
P40331,2025,R_P40331,S_P40331
P40332,2025,R_P40332,S_P40332
P40333,2025,R_P40333,S_P40333
P40334,2025,R_P40334,S_P40334
P40335,2025,R_P40335,S_P40335
P40336,2025,R_P40336,S_P40336
P40339,2025,R_P40339,S_P40339
P40340,2026,R_P40340,S_P40340
P40341,2025,R_P40341,S_P40341
P40343,2025,R_P40343,S_P40343
P40345,2025,R_P40345,S_P40345
P40346,2025,R_P40346,S_P40346
P40348,2025,R_P40348,S_P40348
P40349,2025,R_P40349,S_P40349
P40350,2020,R_P40350,S_P40350
P40351,2020,R_P40351,S_P40351
P40352,2025,R_P40352,S_P40352
P40353,2020,R_P40353,S_P40353
P40354,2026,R_P40354,S_P40354
P40356,2026,R_P40356,S_P40356
P40358,2025,R_P40358,S_P40358
P40359,2022,R_P40359,S_P40359
P40360,2022,R_P40360,S_P40360
P40361,2025,R_P40361,S_P40361
P40363,2025,R_P40363,S_P40363
P40365,2025,R_P40365,S_P40365
P40366,2025,R_P40366,S_P40366
P40367,2026,R_P40367,S_P40367
P40368,2025,R_P40367,S_P40367
P40370,2025,R_P40370,S_P40370
P40371,2025,R_P40371,S_P40371
P40372,2026,R_P40372,S_P40372
P40373,2025,R_P40373,S_P40373
P40374,2025,R_P40374,S_P40374
P40375,2025,R_P40375,S_P40375
P40376,2025,R_P40376,S_P40376
P40377,2025,R_P40377,S_P40377
P40378,2026,R_P40378,S_P40378
P40379,2025,R_P10634,S_P10635
P40381,2025,R_P40381,S_P40381
P40383,2025,R_P40383,S_P40383
P40384,2025,R_P40384,S_P40384
P40385,2025,R_P40385,S_P40385
P40386,2025,R_P40386,S_P40386
P40387,2025,R_P40387,S_P40387
P40388,2026,R_P40388,S_P40388
P40389,2026,R_P40389,S_P40389
P40406,2022,R_P40406,S_P40406
P40452,2024,R_P40452,S_P40452
P40453,2023,R_P40453,S_P40453
P40455,2024,R_P40455,S_P40455
P40456,2024,R_P40456,S_P40456
P40458,2024,R_P40458,S_P40458
P40484,2023,R_P40484,S_P40484
P40503,2024,R_P40498,S_P40498
P40509,2024,R_P40509,S_P40509
P40526,2024,R_P40526,S_P40526
P40527,2024,R_P40527,S_P40527
P40528,2024,R_P40528,S_P40528
P40530,2024,R_P40530,S_P40530
P40531,2024,R_P40531,S_P40531
P40532,2024,R_P40532,S_P40532
P40533,2024,R_P40533,S_P40533
P40534,2024,R_P40534,S_P40534
P40537,2024,R_P40537,S_P40537
P40538,2024,R_P40538,S_P40538
P40539,2024,R_P40539,S_P40539
P40541,2024,R_P40540,S_P40540
P40549,2020,R_P40549,S_P40549
P40552,2024,R_P40552,S_P40552
P40553,2024,R_P40553,S_P40553
P40556,2025,R_P40556,S_P40556
P40563,2025,R_P40563,S_P40563
P40567,2024,R_P40567,S_P40567
P40568,2024,R_P40568,S_P40568
P40569,2024,R_P40569,S_P40569
P40571,2024,R_P40571,S_P40571
P40573,2024,R_P40573,S_P40573
P40574,2024,R_P40574,S_P40574
P40575,2024,R_P40575,S_P40575
P40576,2024,R_P40576,S_P40576
P40578,2024,R_P40578,S_P40578
P40579,2024,R_P40575,S_P40575
P40601,2025,R_P40601,S_P40601
P40618,2025,R_P40618,S_P40618
P40623,2026,R_P40623,S_P40623
P40627,2025,R_P40627,S_P40627
P40649,2021,R_P40649,S_P40649
P40654,2026,R_P40654,S_P40654
P40657,2025,R_P40657,S_P40657
P40658,2025,R_P40655,S_P40655
P40659,2025,R_P40659,S_P40659
P40660,2025,R_P40660,S_P40660
P40661,2026,R_P40661,S_P40661
P40662,2025,R_P40662,S_P40662
P40667,2025,R_P40667,S_P40667
P40668,2025,R_P40668,S_P40668
P40669,2025,R_P40669,S_P40669
P40672,2025,R_P40672,S_P40672
P40673,2025,R_P40673,S_P40673
P40674,2025,R_P40674,S_P40674
P40675,2025,R_P40675,S_P40675
P40676,2026,R_P40676,S_P40676
P40677,2025,R_P10448,S_P10448
P40681,2026,R_P40681,S_P40681
P40683,2026,R_P40683,S_P40683
P40688,2025,R_P40688,S_P40688
P40690,2025,R_P40688,S_P40688
P40692,2024,R_P40692,S_P40692
P40693,2025,R_P40693,S_P40693
P40694,2025,R_P40694,S_P40694
P40696,2026,R_P40696,S_P40696
P40697,2025,R_P40697,S_P40697
P40698,2025,R_P40698,S_P40698
P40700,2025,R_P40700,S_P40700
P40701,2025,R_P10665,S_P10666
P40702,2025,R_P40702,S_P40702
P40703,2025,R_P40703,S_P40703
P40704,2026,R_P40704,S_P40704
P40705,2025,R_P40705,S_P40705
P40706,2025,R_P40706,S_P40706
P40707,2025,R_P40707,S_P40707
P40708,2025,R_P40708,S_P40708
P40709,2025,R_P40709,S_P40709
P40711,2025,R_P40711,S_P40711
P40712,2026,R_P40712,S_P40712
P40714,2025,R_P40714,S_P40714
P40715,2026,R_P40715,S_P40715
P40716,2025,R_P40716,S_P40716
P40718,2021,R_P10435,S_P10435
P40719,2025,R_P40719,S_P40719
P40720,2025,R_P10432,S_P10432
P40721,2025,R_P40721,S_P40721
P40723,2020,R_P40723,S_P40723
P40724,2025,R_P40724,S_P40724
P40726,2025,R_P40726,S_P40726
P40727,2025,R_P40727,S_P40727
P40728,2026,R_P40728,S_P40728
P40729,2025,R_P40729,S_P40729
P40730,2025,R_P40730,S_P40730
P40731,2025,R_P40731,S_P40731
P40732,2025,R_P40732,S_P40732
P40733,2025,R_P40733,S_P40733
P40747,2025,R_P40747,S_P40747
P40749,2025,R_P40749,S_P40749
P40757,2025,R_P40757,S_P40757
P40758,2025,R_P40758,S_P40758
P40759,2025,R_P40759,S_P40759
P40760,2025,R_P40760,S_P40760
P40763,2025,R_P40763,S_P40763
P40775,2025,R_P40775,S_P40775
P40776,2025,R_P40776,S_P40776
P40790,2026,R_P40790,S_P40790
P40794,2024,R_P40794,S_P40794
P40803,2020,R_P40803,S_P40803
P40804,2020,R_P40804,S_P40804
P40808,2025,R_P40808,S_P40808
P40841,2024,R_P40841,S_P40841
P40855,2023,R_P40855,S_P40855
P40856,2023,R_P10369,S_P10369
P40857,2023,R_P40857,S_P40857
P40864,2025,R_P10348,S_P10348
P40880,2025,R_P40880,S_P40880
P40881,2025,R_P40881,S_P40881
P40883,2024,R_P40883,S_P40883
P40890,2025,R_P10328,S_P10328
P40914,2025,R_P40914,S_P40914
P40915,2025,R_P40915,S_P40915
P40920,2026,R_P40920,S_P40920
P40921,2026,R_P40921,S_P40921
P40922,2026,R_P40922,S_P40922
P40924,2026,R_P40924,S_P40924
P40925,2026,R_P40925,S_P40925
P40926,2026,R_P40921,S_P40921
P40928,2026,R_P40928,S_P40928
P40929,2025,R_P40929,S_P40929
P40955,2025,R_P40955,S_P40955
P40966,2025,R_P40966,S_P40966
P40967,2025,R_P40967,S_P40967
P40968,2025,R_P40968,S_P40968
P40977,2026,R_P40977,S_P40977
P40978,2025,R_P40978,S_P40978
P41043,2021,R_P41043,S_P41043
P41060,2024,R_P41060,S_P41060
P41061,2023,R_P41061,S_P41061
P41076,2022,R_P41076,S_P41076
P41077,2022,R_P41077,S_P41077
P41079,2022,R_P41079,S_P41079
P41081,2022,R_P41081,S_P41081
P41083,2022,R_P41083,S_P41083
P41084,2022,R_P41084,S_P41084
P41086,2025,R_P41086,S_P41086
P41087,2022,R_P41087,S_P41087
P41088,2022,R_P41088,S_P41088
P41090,2025,R_P41090,S_P41090
P41092,2026,R_P41092,S_P41092
P41093,2022,R_P41093,S_P41093
P41127,2026,R_P41127,S_P41127
P41156,2025,R_P41156,S_P41156
P41158,2020,R_P41158,S_P41158
P41166,2026,R_P41166,S_P41166
P41185,2025,R_P41185,S_P41185
P41201,2023,R_P41196,S_P41196
P41209,2020,R_P41209,S_P41209
P41218,2023,R_P41218,S_P41218
P41232,2025,R_P41232,S_P41232
P41233,2026,R_P41233,S_P41233
P41234,2025,R_P41234,S_P41234
P41235,2025,R_P41235,S_P41235
P41236,2026,R_P41236,S_P41236
P41237,2026,R_P41237,S_P41237
P41238,2026,R_P41238,S_P41238
P41240,2025,R_P41240,S_P41240
P41241,2025,R_P41241,S_P41241
P41242,2026,R_P41242,S_P41242
P41243,2025,R_P41243,S_P41243
P41244,2026,R_P41244,S_P41244
P41246,2025,R_P41244,S_P41244
P41249,2025,R_P41249,S_P41249
P41262,2025,R_P41261,S_P41261
P41277,2021,R_P41277,S_P41277
P41278,2021,R_P10254,S_P10254
P41292,2019,R_P41292,S_P41292
P41293,2020,R_P41293,S_P41293
P41330,2025,R_P41330,S_P41330
P41331,2025,R_P41331,S_P41331
P41332,2026,R_P41332,S_P41332
P41333,2026,R_P41333,S_P41333
P41334,2025,R_P41334,S_P41334
P41335,2025,R_P41334,S_P41334
P41336,2025,R_P41336,S_P41336
P41338,2025,R_P41338,S_P41338
P41340,2025,R_P41340,S_P41340
P41343,2025,R_P41343,S_P41343
P41344,2025,R_P41344,S_P41344
P41345,2025,R_P41345,S_P41345
P41346,2026,R_P41346,S_P41346
P41347,2025,R_P41347,S_P41347
P41348,2025,R_P41348,S_P41348
P41354,2025,R_P41354,S_P41354
P41355,2026,R_P41355,S_P41355
P41356,2025,R_P41356,S_P41356
P41357,2025,R_P41357,S_P41357
P41359,2025,R_P41359,S_P41359
P41360,2025,R_P41360,S_P41360
P41361,2025,R_P41361,S_P41361
P41362,2025,R_P41362,S_P41362
P41366,2020,R_P41366,S_P41366
P41374,2025,R_P41374,S_P41374
P41375,2025,R_P41375,S_P41375
P41377,2025,R_P41377,S_P41377
P41382,2025,R_P41382,S_P41382
P41408,2025,R_P41408,S_P41408
P41429,2025,R_P41429,S_P41429
P41430,2019,R_P41430,S_P41430
P41433,2026,R_P41433,S_P41433
P41434,2025,R_P41434,S_P41434
P41437,2025,R_P41437,S_P41437
P41439,2025,R_P41439,S_P41439
P41440,2020,R_P41440,S_P41440
P41441,2020,R_P41441,S_P41441
P41442,2025,R_P41442,S_P41442
P41457,2024,R_P41457,S_P41457
P41470,2025,R_P41470,S_P41470
P41471,2024,R_P41471,S_P41471
P41480,2023,R_P41480,S_P41480
P41494,2019,R_P41494,S_P41494
P41511,2026,R_P41508,S_P41508
P41524,2026,R_P41524,S_P41524
P41530,2021,R_P41530,S_P41530
P41532,2020,R_P41532,S_P41532
P41535,2025,R_P41535,S_P41535
P41549,2024,R_P41549,S_P41549
P41550,2024,R_P41550,S_P41550
P41576,2022,R_P41576,S_P41576
P41579,2024,R_P41579,S_P41579
P41583,2022,R_P10119,S_P10119
P41593,2025,R_P41593,S_P41593
P41596,2025,R_P41596,S_P41596
P41613,2025,R_P41613,S_P41613
P41625,2026,R_P41625,S_P41625
P41652,2022,R_P41652,S_P41652
P41654,2022,R_P41654,S_P41654
P41655,2022,R_P41655,S_P41655
P41656,2022,R_P41656,S_P41656
P41657,2022,R_P41657,S_P41657
P41658,2022,R_P41658,S_P41658
P41659,2022,R_P41659,S_P41659
P41660,2022,R_P41660,S_P41660
P41661,2022,R_P41660,S_P41660
P41662,2022,R_P41662,S_P41662
P41663,2022,R_P41663,S_P41663
P41664,2022,R_P41663,S_P41663
P41665,2022,R_P41665,S_P41665
P41668,2022,R_P41668,S_P41668
P41670,2020,R_P41670,S_P41670
P41672,2020,R_P41672,S_P41672
P41673,2020,R_P41673,S_P41673
P41674,2020,R_P41674,S_P41674
P41715,2025,R_P41715,S_P41715
P41729,2021,R_P41729,S_P41729
P41730,2026,R_P41730,S_P41730
P41738,2026,R_P41738,S_P41738
P41740,2026,R_P41740,S_P41740
P41741,2025,R_P41741,S_P41741
P41742,2026,R_P41742,S_P41742
P41744,2026,R_P41744,S_P41744
P41745,2023,R_P41745,S_P41745
P41747,2023,R_P41747,S_P41747
P41752,2026,R_P41752,S_P41752
P41754,2026,R_P41754,S_P41754
P41755,2026,R_P41755,S_P41755
P41756,2025,R_P41756,S_P41756
P41757,2026,R_P41757,S_P41757
P41759,2026,R_P41759,S_P41759
P41760,2026,R_P41760,S_P41760
P41761,2026,R_P41761,S_P41761
P41762,2026,R_P41762,S_P41762
P41763,2023,R_P41763,S_P41763
P41764,2025,R_P41764,S_P41764
P41765,2026,R_P11866,S_P11866
P41767,2026,R_P41767,S_P41767
P41769,2025,R_P41769,S_P41769
P41770,2026,R_P41770,S_P41770
P41771,2026,R_P41771,S_P41771
P41777,2023,R_P41777,S_P41777
P41796,2026,R_P41796,S_P41796
P41797,2026,R_P41797,S_P41797
P41798,2026,R_P41798,S_P41798
P41799,2026,R_P41799,S_P41799
P41800,2026,R_P41800,S_P41800
P41801,2026,R_P41801,S_P41801
P41803,2026,R_P41803,S_P41803
P41804,2026,R_P41804,S_P41804
P41805,2026,R_P41805,S_P41805
P41806,2024,R_P41806,S_P41806
P41811,2026,R_P41811,S_P41811
P41812,2025,R_P41812,S_P41812
P41814,2026,R_P41814,S_P41814
P41815,2026,R_P41815,S_P41815
P41816,2025,R_P41815,S_P41815
P41817,2026,R_P41817,S_P41817
P41818,2026,R_P41818,S_P41818
P41819,2026,R_P41819,S_P41819
P41821,2026,R_P41821,S_P41821
P41822,2026,R_P41822,S_P41822
P41823,2026,R_P41823,S_P41823
P41827,2026,R_P41827,S_P41827
P41828,2026,R_P41828,S_P41828
P41830,2025,R_P41830,S_P41830
P41836,2021,R_P41836,S_P41836
P41838,2021,R_P41838,S_P41838
P41839,2026,R_P41839,S_P41839
P41841,2026,R_P41840,S_P41840
P41844,2026,R_P41839,S_P41839
P41849,2025,R_P41849,S_P41849
P41851,2025,R_P41851,S_P41851
P41852,2023,R_P41852,S_P41852
P41854,2023,R_P41854,S_P41854
P41855,2026,R_P41855,S_P41855
P41856,2023,R_P41856,S_P41856
P41857,2026,R_P10021,S_P10021
P41858,2026,R_P41858,S_P41858
P41861,2026,R_P41861,S_P41861
P41863,2026,R_P41863,S_P41863
P41864,2023,R_P41864,S_P41864
P41865,2023,R_P41865,S_P41865
P41866,2025,R_P41866,S_P41866
P41869,2021,R_P41869,S_P41869
P41870,2021,R_P41870,S_P41870
P41872,2025,R_P41872,S_P41872
P41873,2025,R_P41873,S_P41873
P41874,2026,R_P41874,S_P41874
P41875,2025,R_P41875,S_P41875
P41876,2025,R_P41876,S_P41876
P41877,2026,R_P41877,S_P41877
P41878,2025,R_P41878,S_P41878
P41889,2026,R_P41889,S_P41889
P41890,2025,R_P41890,S_P41890
P41891,2026,R_P41891,S_P41891
P41892,2026,R_P41891,S_P41891
P41893,2025,R_P41893,S_P41893
P41895,2026,R_P41894,S_P41894
P41899,2024,R_P41899,S_P41899
P41900,2026,R_P41900,S_P41900
P41901,2026,R_P41901,S_P41901
P41925,2025,R_P41925,S_P41925
P41926,2025,R_P41926,S_P41926
P41928,2026,R_P41928,S_P41928
P41929,2025,R_P41929,S_P41929
P41930,2025,R_P41930,S_P41930
P41931,2026,R_P41931,S_P41931
P41932,2025,R_P41932,S_P41932
P41934,2026,R_P41934,S_P41934
P41935,2025,R_P41935,S_P41935
P41936,2026,R_P41936,S_P41936
P41937,2025,R_P41937,S_P41937
P41938,2026,R_P41938,S_P41938
P41939,2025,R_P41939,S_P41939
P41940,2025,R_P41940,S_P41940
P41941,2025,R_P41940,S_P41940
P41943,2023,R_P41943,S_P41943
P41944,2023,R_P41944,S_P41944
P41945,2023,R_P41945,S_P41945
P41947,2025,R_P41947,S_P41947
P41948,2026,R_P41947,S_P41947
P41949,2025,R_P41949,S_P41949
P41950,2025,R_P41950,S_P41950
P41951,2025,R_P41951,S_P41951
P41952,2026,R_P41952,S_P41952
P41953,2025,R_P41953,S_P41953
P41954,2026,R_P41954,S_P41954
P41959,2026,R_P41959,S_P41959
P41961,2026,R_P41961,S_P41961
P41962,2026,R_P41962,S_P41962
P41963,2025,R_P41963,S_P41963
P41965,2025,R_P41965,S_P41965
P41967,2025,R_P41967,S_P41967
P41968,2025,R_P41968,S_P41968
P41971,2025,R_P41971,S_P41971
P41973,2025,R_P41968,S_P41968
P41974,2026,R_P41974,S_P41974
P41977,2025,R_P41977,S_P41977
P42005,2024,R_P42005,S_P42005
P42030,2025,R_P42030,S_P42030
P42046,2025,R_P42046,S_P42046
P42049,2024,R_P42049,S_P42049
P42053,2022,R_P42053,S_P42053
P42054,2026,R_P42054,S_P42054
P42061,2026,R_P42061,S_P42061
P42064,2026,R_P42064,S_P42064
P42100,2025,R_P42100,S_P42100
P42102,2026,R_P42102,S_P42102
P42104,2025,R_P42104,S_P42104
P42113,2023,R_P42113,S_P42113
P42120,2026,R_P42120,S_P42120
P42129,2026,R_P42129,S_P42129
P42163,2022,R_P42163,S_P42163
P42172,2023,R_P42172,S_P42172
P42174,2023,R_P42174,S_P42174
P42176,2023,R_P42176,S_P42176
P42183,2019,R_P42183,S_P42183
P42188,2019,R_P42188,S_P42188
P42190,2026,R_P42190,S_P42190
P42194,2020,R_P42194,S_P42194
P42217,2019,R_P42217,S_P42217
P42235,2025,R_P42235,S_P42235
P42243,2019,R_P42243,S_P42243
P42247,2019,R_P42247,S_P42247
P42249,2019,R_P42249,S_P42249
P42250,2019,R_P42250,S_P42250
P42254,2020,R_P42254,S_P42254
P42255,2019,R_P42255,S_P42255
P42257,2019,R_P42257,S_P42257
P42258,2019,R_P42258,S_P42258
P42265,2024,R_P42265,S_P42265
P42266,2024,R_P42266,S_P42266
P42269,2024,R_P42269,S_P42269
P42270,2024,R_P42270,S_P42270
P42271,2024,R_P42270,S_P42270
P42272,2024,R_P42272,S_P42272
P42273,2024,R_P42273,S_P42273
P42274,2024,R_P42274,S_P42274
P42275,2024,R_P42275,S_P42275
P42276,2023,R_P42276,S_P42276
P42277,2024,R_P42274,S_P42274
P42278,2024,R_P42278,S_P42278
P42279,2024,R_P42279,S_P42279
P42280,2024,R_P42280,S_P42280
P42281,2024,R_P42281,S_P42281
P42283,2024,R_P42283,S_P42283
P42284,2024,R_P42284,S_P42284
P42285,2024,R_P42285,S_P42285
P42286,2024,R_P42286,S_P42286
P42287,2024,R_P42287,S_P42287
P42288,2024,R_P42288,S_P42288
P42289,2024,R_P42289,S_P42289
P42290,2024,R_P42290,S_P42290
P42291,2024,R_P42291,S_P42291
P42292,2024,R_P42292,S_P42292
P42293,2023,R_P42293,S_P42293
P42294,2024,R_P42294,S_P42294
P42295,2024,R_P42295,S_P42295
P42296,2026,R_P42296,S_P42296
P42297,2026,R_P42297,S_P42297
P42298,2026,R_P42298,S_P42298
P42299,2026,R_P42299,S_P42299
P42300,2025,R_P42300,S_P42300
P42301,2026,R_P42301,S_P42301
P42302,2026,R_P42300,S_P42300
P42303,2026,R_P42303,S_P42303
P42304,2026,R_P42304,S_P42304
P42305,2026,R_P42305,S_P42305
P42308,2024,R_P42308,S_P42308
P42311,2023,R_P42311,S_P42311
P42313,2024,R_P42313,S_P42313
P42315,2026,R_P42315,S_P42315
P42318,2026,R_P42318,S_P42318
P42323,2026,R_P42323,S_P42323
P42324,2026,R_P42324,S_P42324
P42325,2026,R_P42325,S_P42325
P42326,2026,R_P42326,S_P42326
P42329,2025,R_P42329,S_P42329
P42333,2020,R_P42333,S_P42333
P42334,2026,R_P42334,S_P42334
P42336,2026,R_P42336,S_P42336
P42339,2026,R_P42337,S_P42337
P42343,2026,R_P42343,S_P42343
P42345,2026,R_P42345,S_P42345
P42347,2026,R_P42347,S_P42347
P42353,2026,R_P42353,S_P42353
P42354,2025,R_P42354,S_P42354
P42355,2024,R_P42355,S_P42355
P42356,2024,R_P42356,S_P42356
P42357,2024,R_P42357,S_P42357
P42358,2024,R_P42355,S_P42355
P42359,2024,R_P42355,S_P42355
P42360,2024,R_P42360,S_P42360
P42361,2024,R_P42360,S_P42360
P42362,2022,R_P42362,S_P42362
P42364,2024,R_P42364,S_P42364
P42366,2024,R_P42366,S_P42366
P42367,2024,R_P42367,S_P42367
P42368,2024,R_P42368,S_P42368
P42369,2024,R_P42369,S_P42369
P42370,2024,R_P42370,S_P42370
P42372,2024,R_P42372,S_P42372
P42375,2023,R_P42375,S_P42375
P42376,2024,R_P42376,S_P42376
P42377,2024,R_P42377,S_P42377
P42378,2024,R_P42378,S_P42378
P42380,2024,R_P42380,S_P42380
P42381,2024,R_P42381,S_P42381
P42382,2026,R_P42382,S_P42382
P42384,2024,R_P42384,S_P42384
P42385,2026,R_P42385,S_P42385
P42386,2023,R_P42386,S_P42386
P42387,2024,R_P42387,S_P42387
P42389,2024,R_P42389,S_P42389
P42390,2024,R_P42390,S_P42390
P42391,2024,R_P42391,S_P42391
P42392,2024,R_P42392,S_P42392
P42394,2021,R_P42394,S_P42394
P42395,2026,R_P42395,S_P42395
P42396,2026,R_P42396,S_P42396
P42402,2024,R_P42402,S_P42402
P42404,2024,R_P42404,S_P42404
P42405,2024,R_P42405,S_P42405
P42406,2024,R_P42406,S_P42406
P42407,2023,R_P42407,S_P42407
P42408,2024,R_P42408,S_P42408
P42409,2024,R_P09897,S_P09897
P42410,2024,R_P42410,S_P42410
P42411,2024,R_P42411,S_P42411
P42412,2024,R_P42412,S_P42412
P42413,2024,R_P42413,S_P42413
P42414,2024,R_P42414,S_P42414
P42416,2024,R_P42416,S_P42416
P42417,2024,R_P42417,S_P42417
P42418,2025,R_P42418,S_P42418
P42419,2024,R_P42419,S_P42419
P42420,2024,R_P42420,S_P42420
P42421,2024,R_P42421,S_P42421
P42422,2023,R_P42422,S_P42422
P42424,2023,R_P42424,S_P42424
P42427,2024,R_P42427,S_P42427
P42428,2023,R_P42428,S_P42428
P42429,2024,R_P42429,S_P42429
P42430,2025,R_P42430,S_P42430
P42431,2024,R_P42431,S_P42431
P42432,2025,R_P42432,S_P42432
P42433,2024,R_P42433,S_P42433
P42434,2025,R_P42434,S_P42434
P42437,2025,R_P42437,S_P42437
P42438,2024,R_P42438,S_P42438
P42439,2025,R_P42438,S_P42438
P42440,2024,R_P09891,S_P09891
P42441,2024,R_P42441,S_P42441
P42444,2025,R_P42444,S_P42444
P42445,2025,R_P42445,S_P42445
P42446,2025,R_P42446,S_P42446
P42447,2024,R_P42447,S_P42447
P42448,2025,R_P42448,S_P42448
P42451,2024,R_P42451,S_P42451
P42452,2024,R_P42452,S_P42452
P42453,2024,R_P42453,S_P42453
P42457,2024,R_P42457,S_P42457
P42458,2025,R_P42458,S_P42458
P42459,2025,R_P42457,S_P42457
P42460,2025,R_P42460,S_P42460
P42461,2025,R_P42461,S_P42461
P42462,2024,R_P42462,S_P42462
P42463,2025,R_P42463,S_P42463
P42465,2024,R_P42465,S_P42465
P42466,2024,R_P42466,S_P42466
P42468,2024,R_P42468,S_P42468
P42469,2024,R_P42469,S_P42469
P42470,2025,R_P42470,S_P42470
P42471,2024,R_P42471,S_P42471
P42472,2024,R_P42472,S_P42472
P42473,2024,R_P42473,S_P42473
P42475,2024,R_P42475,S_P42475
P42479,2024,R_P42479,S_P42479
P42480,2025,R_P42480,S_P42480
P42483,2024,R_P42483,S_P42483
P42484,2024,R_P42484,S_P42484
P42485,2024,R_P42485,S_P42485
P42486,2026,R_P42486,S_P42486
P42488,2025,R_P42488,S_P42488
P42489,2025,R_P42489,S_P42489
P42491,2025,R_P42491,S_P42491
P42492,2024,R_P42492,S_P42492
P42493,2025,R_P42493,S_P42493
P42494,2024,R_P42494,S_P42494
P42495,2024,R_P42495,S_P42495
P42496,2024,R_P42496,S_P42496
P42497,2024,R_P42497,S_P42497
P42498,2024,R_P42498,S_P42498
P42499,2024,R_P42499,S_P42499
P42500,2024,R_P42500,S_P42500
P42501,2024,R_P42501,S_P42501
P42502,2024,R_P42502,S_P42502
P42503,2025,R_P42503,S_P42503
P42504,2024,R_P42504,S_P42504
P42505,2024,R_P42505,S_P42505
P42506,2024,R_P42506,S_P42506
P42508,2025,R_P42508,S_P42508
P42509,2024,R_P42509,S_P42509
P42510,2024,R_P42509,S_P42509
P42514,2025,R_P42514,S_P42514
P42515,2024,R_P42515,S_P42515
P42518,2024,R_P42513,S_P42513
P42519,2024,R_P42519,S_P42519
P42520,2024,R_P42520,S_P42520
P42521,2025,R_P42521,S_P42521
P42522,2024,R_P42521,S_P42521
P42523,2025,R_P42523,S_P42523
P42525,2024,R_P09871,S_P09871
P42526,2024,R_P42526,S_P42526
P42527,2024,R_P42527,S_P42527
P42528,2025,R_P42528,S_P42528
P42529,2024,R_P42529,S_P42529
P42530,2025,R_P42530,S_P42530
P42531,2025,R_P42531,S_P42531
P42533,2025,R_P42533,S_P42533
P42534,2024,R_P42534,S_P42534
P42535,2024,R_P42535,S_P42535
P42536,2025,R_P42536,S_P42536
P42537,2025,R_P42537,S_P42537
P42538,2025,R_P42538,S_P42538
P42539,2024,R_P42539,S_P42539
P42541,2024,R_P42541,S_P42541
P42542,2024,R_P42542,S_P42542
P42544,2024,R_P42544,S_P42544
P42545,2025,R_P42545,S_P42545
P42546,2024,R_P42545,S_P42545
P42547,2024,R_P42547,S_P42547
P42548,2024,R_P42548,S_P42548
P42549,2024,R_P42549,S_P42549
P42551,2024,R_P09868,S_P09868
P42552,2024,R_P42552,S_P42552
P42554,2025,R_P42554,S_P42554
P42555,2024,R_P42555,S_P42555
P42556,2025,R_P42556,S_P42556
P42557,2024,R_P42557,S_P42557
P42558,2025,R_P42558,S_P42558
P42559,2025,R_P42559,S_P42559
P42560,2025,R_P42560,S_P42560
P42562,2025,R_P42562,S_P42562
P42563,2024,R_P42563,S_P42563
P42564,2024,R_P42564,S_P42564
P42565,2024,R_P42565,S_P42565
P42566,2024,R_P42566,S_P42566
P42567,2024,R_P42567,S_P42567
P42568,2024,R_P42568,S_P42568
P42569,2024,R_P42569,S_P42569
P42570,2025,R_P42570,S_P42570
P42571,2026,R_P42571,S_P42571
P42572,2024,R_P42572,S_P42572
P42573,2024,R_P42573,S_P42573
P42574,2024,R_P42573,S_P42573
P42575,2025,R_P42575,S_P42575
P42578,2025,R_P42578,S_P42578
P42586,2025,R_P42586,S_P42586
P42595,2021,R_P42595,S_P42595
P42600,2020,R_P42600,S_P42600
P42601,2019,R_P42601,S_P42601
P42602,2020,R_P42602,S_P42602
P42606,2019,R_P42606,S_P42606
P42609,2019,R_P42609,S_P42609
P42610,2019,R_P42610,S_P42610
P42611,2020,R_P42611,S_P42611
P42614,2019,R_P42614,S_P42614
P42615,2019,R_P42615,S_P42615
P42623,2019,R_P42623,S_P42623
P42626,2024,R_P42626,S_P42626
P42628,2019,R_P42628,S_P42628
P42639,2020,R_P42639,S_P42639
P42641,2020,R_P42641,S_P42641
P42642,2019,R_P42642,S_P42642
P42656,2019,R_P42656,S_P42656
P42673,2019,R_P42673,S_P42673
P42675,2019,R_P42675,S_P42675
P42688,2026,R_P42688,S_P42688
P42689,2020,R_P42689,S_P42689
P42691,2020,R_P42691,S_P42691
P42692,2020,R_P42692,S_P42692
P42706,2025,R_P42706,S_P42706
P42707,2019,R_P42707,S_P42707
P42721,2025,R_P42721,S_P42721
P42722,2019,R_P42722,S_P42722
P42724,2023,R_P42724,S_P42724
P42739,2019,R_P42739,S_P42739
P42741,2019,R_P42741,S_P42741
P42745,2026,R_P42745,S_P42745
P42748,2019,R_P42748,S_P42748
P42793,2025,R_P42793,S_P42793
P42794,2025,R_P42794,S_P42794
P42796,2025,R_P42796,S_P42796
P42797,2026,R_P42797,S_P42797
P42798,2019,R_P42798,S_P42798
P42812,2024,R_P42812,S_P42812
P42813,2019,R_P42813,S_P42813
P42818,2026,R_P42818,S_P42818
P42820,2026,R_P42820,S_P42820
P42821,2026,R_P42821,S_P42821
P42822,2025,R_P42822,S_P42822
P42824,2025,R_P42824,S_P42824
P42826,2026,R_P42826,S_P42826
P42827,2026,R_P42827,S_P42827
P42835,2019,R_P42835,S_P42835
P42838,2026,R_P42838,S_P42838
P42839,2019,R_P42839,S_P42839
P42846,2026,R_P42846,S_P42846
P42848,2026,R_P42848,S_P42848
P42850,2026,R_P42850,S_P42850
P42851,2026,R_P42851,S_P42851
P42853,2024,R_P42853,S_P42853
P42854,2026,R_P42854,S_P42854
P42855,2025,R_P42855,S_P42855
P42856,2026,R_P42856,S_P42856
P42857,2019,R_P42857,S_P42857
P42860,2021,R_P42860,S_P42860
P42863,2019,R_P42861,S_P42861
P42869,2025,R_P42868,S_P42868
P42873,2019,R_P42873,S_P42873
P42879,2020,R_P42879,S_P42879
P42888,2021,R_P42888,S_P42888
P42908,2023,R_P42908,S_P42908
P42913,2024,R_P42913,S_P42913
P42951,2021,R_P42951,S_P42951
P42954,2021,R_P42954,S_P42954
P42956,2022,R_P42956,S_P42956
P42957,2022,R_P42957,S_P42957
P42958,2022,R_P42958,S_P42958
P42959,2022,R_P42959,S_P42959
P42961,2022,R_P42961,S_P42961
P42962,2022,R_P42962,S_P42962
P42963,2021,R_P42963,S_P42963
P42964,2022,R_P42964,S_P42964
P42966,2022,R_P42966,S_P42966
P42967,2022,R_P42967,S_P42967
P42969,2022,R_P42969,S_P42969
P42970,2022,R_P42970,S_P42970
P42971,2022,R_P42969,S_P42969
P42973,2022,R_P42973,S_P42973
P42974,2023,R_P42974,S_P42974
P42975,2023,R_P42975,S_P42975
P42977,2023,R_P42977,S_P42977
P42978,2022,R_P42978,S_P42978
P42979,2021,R_P42979,S_P42979
P42985,2021,R_P42985,S_P42985
P43033,2025,R_P43033,S_P43033
P43038,2023,R_P43038,S_P43038
P43039,2020,R_P43039,S_P43039
P43040,2020,R_P43040,S_P43040
P43065,2025,R_P43060,S_P43060
P43071,2022,R_P43071,S_P43071
P43076,2023,R_P43076,S_P43076
P43090,2025,R_P43090,S_P43090
P43092,2019,R_P43092,S_P43092
P43112,2022,R_P43112,S_P43112
P43113,2023,R_P43113,S_P43113
P43126,2026,R_P43126,S_P43126
P43132,2025,R_P43132,S_P43132
P43141,2022,R_P43141,S_P43141
P43143,2022,R_P43143,S_P43143
P43144,2023,R_P43144,S_P43144
P43146,2021,R_P43146,S_P43146
P43148,2022,R_P43148,S_P43148
P43149,2022,R_P43149,S_P43149
P43150,2022,R_P43150,S_P43150
P43151,2022,R_P43151,S_P43151
P43152,2022,R_P43152,S_P43152
P43153,2022,R_P43153,S_P43153
P43154,2022,R_P43154,S_P43154
P43155,2022,R_P43155,S_P43155
P43156,2022,R_P43156,S_P43156
P43157,2022,R_P43157,S_P43157
P43158,2022,R_P43158,S_P43158
P43160,2022,R_P43160,S_P43160
P43163,2022,R_P43163,S_P43163
P43164,2022,R_P43164,S_P43164
P43166,2022,R_P43166,S_P43166
P43167,2022,R_P43167,S_P43167
P43168,2022,R_P43168,S_P43168
P43169,2022,R_P43164,S_P43164
P43170,2022,R_P43170,S_P43170
P43171,2023,R_P43171,S_P43171
P43172,2022,R_P43172,S_P43172
P43173,2022,R_P43173,S_P43173
P43175,2023,R_P43175,S_P43175
P43176,2022,R_P43176,S_P43176
P43179,2023,R_P43179,S_P43179
P43183,2024,R_P43183,S_P43183
P43184,2024,R_P43184,S_P43184
P43186,2025,R_P43186,S_P43186
P43187,2025,R_P43186,S_P43186
P43212,2026,R_P43212,S_P43212
P43213,2024,R_P43213,S_P43213
P43239,2019,R_P09735,S_P09735
P43290,2020,R_P43290,S_P43290
P43320,2019,R_P43320,S_P43320
P43334,2021,R_P43334,S_P43334
P43348,2023,R_P43348,S_P43348
P43360,2021,R_P43360,S_P43360
P43376,2019,R_P43376,S_P43376
P43386,2022,R_P43386,S_P43386
P43387,2022,R_P43387,S_P43387
P43391,2025,R_P43391,S_P43391
P43392,2021,R_P43392,S_P43392
P43399,2021,R_P43399,S_P43399
P43420,2019,R_P43420,S_P43420
P43421,2019,R_P43421,S_P43421
P43423,2019,R_P43423,S_P43423
P43428,2019,R_P43428,S_P43428
P43431,2019,R_P43431,S_P43431
P43432,2020,R_P43432,S_P43432
P43437,2019,R_P43437,S_P43437
P43470,2022,R_P43470,S_P43470
P43476,2026,R_P43476,S_P43476
P43480,2025,R_P43480,S_P43480
P43485,2019,R_P43485,S_P43485
P43491,2026,R_P43491,S_P43491
P43495,2026,R_P43495,S_P43495
P43504,2020,R_P43504,S_P43504
P43511,2019,R_P43511,S_P43511
P43512,2019,R_P43512,S_P43512
P43515,2019,R_P43515,S_P43515
P43517,2025,R_P43517,S_P43517
P43519,2020,R_P43519,S_P43519
P43520,2019,R_P43520,S_P43520
P43536,2024,R_P43536,S_P43536
P43540,2024,R_P43540,S_P43540
P43546,2026,R_P43546,S_P43546
P43548,2020,R_P09596,S_P09596
P43551,2023,R_P09594,S_P09594
P43555,2023,R_P09563,S_P09563
P43557,2023,R_P09492,S_P09492
P43564,2020,R_P09299,S_P09300
P43567,2019,R_P09255,S_P09256
P43568,2019,R_P09253,S_P09253
P43569,2019,R_P09253,S_P09253
P43570,2019,R_P09241,S_P09241
P43571,2019,R_P09241,S_P09241
P43572,2022,R_P09238,S_P09238
P43573,2022,R_P09238,S_P09238
P43576,2023,R_P09211,S_P09212
P43577,2023,R_P09211,S_P09212
P43578,2023,R_P09151,S_P09151
P43594,2022,R_P08869,S_P08869
P43595,2024,R_P08869,S_P08869
P43596,2023,R_P08865,S_P08866
P43597,2023,R_P08865,S_P08866
P43599,2022,R_P08865,S_P08866
P43600,2023,R_P08865,S_P08866
P43606,2020,R_P08815,S_P08825
P43607,2019,R_P08815,S_P08825
P43610,2019,R_P08721,S_P08721
P43611,2019,R_P08721,S_P08721
P43622,2022,R_P08557,S_P08557
P43623,2022,R_P08557,S_P08557
P43624,2022,R_P08554,S_P08554
P43625,2023,R_P08554,S_P08554
P43626,2023,R_P08544,S_P08544
P43627,2026,R_P08544,S_P08544
P43628,2023,R_P08428,S_P08429
P43629,2022,R_P08428,S_P08429
P43635,2019,R_P08312,S_P08313
P43637,2020,R_P08299,S_P08299
P43638,2020,R_P08290,S_P08290
P43639,2025,R_P08290,S_P08290
P43640,2020,R_P08290,S_P08290
P43642,2020,R_P08290,S_P08290
P43644,2019,R_P08278,S_P08278
P43645,2019,R_P08278,S_P08278
P43647,2020,R_P08281,S_P08281
P43648,2020,R_P08232,S_P08232
P43649,2019,R_P08232,S_P08232
P43650,2020,R_P08228,S_P08228
P43651,2019,R_P08228,S_P08228
P43652,2019,R_P08217,S_P08217
P43657,2023,R_P08174,S_P08174
P43660,2019,R_P08165,S_P08166
P43661,2020,R_P08165,S_P08166
P43662,2020,R_P08140,S_P08154
P43663,2022,R_P08140,S_P08154
P43664,2023,R_P08003,S_P08003
P43665,2023,R_P08003,S_P08003
P43666,2019,R_P07988,S_P07988
P43667,2020,R_P07988,S_P07988
P43669,2022,R_P07978,S_P07978
P43670,2023,R_P07975,S_P07975
P43671,2022,R_P07975,S_P07975
P43672,2022,R_P07835,S_P07835
P43673,2022,R_P07835,S_P07835
P43674,2022,R_P07823,S_P07823
P43675,2023,R_P07823,S_P07823
P43676,2022,R_P07815,S_P07815
P43679,2022,R_P07780,S_P07780
P43680,2019,R_P07710,S_P07710
P43681,2019,R_P07710,S_P07710
P43687,2019,R_P07649,S_P07649
P43688,2020,R_P07649,S_P07649
P43689,2019,R_P07649,S_P07649
P43698,2021,R_P07513,S_P07513
P43699,2019,R_P07513,S_P07513
P43700,2019,R_P07497,S_P07497
P43701,2019,R_P07497,S_P07497
P43702,2019,R_P07491,S_P07491
P43703,2020,R_P07491,S_P07491
P43704,2022,R_P07441,S_P07441
P43706,2022,R_P07439,S_P07439
P43707,2022,R_P07439,S_P07439
P43709,2022,R_P07423,S_P07424
P43710,2025,R_P07420,S_P07421
P43711,2021,R_P07420,S_P07421
P43712,2020,R_P07336,S_P07336
P43713,2019,R_P07336,S_P07336
P43714,2019,R_P07314,S_P07314
P43716,2019,R_P07304,S_P07304
P43717,2019,R_P07304,S_P07304
P43718,2019,R_P07221,S_P07221
P43719,2019,R_P07221,S_P07221
P43720,2019,R_P07210,S_P07210
P43722,2022,R_P07188,S_P07188
P43723,2022,R_P07188,S_P07188
P43730,2019,R_P07080,S_P07080
P43731,2020,R_P07080,S_P07080
P43733,2020,R_P07046,S_P07046
P43734,2019,R_P07018,S_P07023
P43735,2019,R_P07018,S_P07023
P43736,2019,R_P07002,S_P07002
P43737,2020,R_P07002,S_P07002
P43738,2020,R_P06916,S_P06916
P43739,2020,R_P06916,S_P06916
P43740,2020,R_P06864,S_P06864
P43741,2019,R_P06864,S_P06864
P43742,2020,R_P06852,S_P06853
P43743,2019,R_P06852,S_P06853
P43745,2024,R_P06788,S_P06788
P43746,2023,R_P06790,S_P06790
P43747,2022,R_P06790,S_P06790
P43749,2023,R_P06772,S_P06786
P43750,2022,R_P06733,S_P06734
P43752,2022,R_P06705,S_P06705
P43753,2023,R_P06705,S_P06705
P43754,2022,R_P06676,S_P06676
P43755,2023,R_P06676,S_P06676
P43757,2022,R_P06646,S_P06646
P43758,2022,R_P06506,S_P06510
P43760,2023,R_P06506,S_P06506
P43761,2022,R_P06506,S_P06506
P43762,2022,R_P06506,S_P06506
P43764,2022,R_P06495,S_P06495
P43765,2023,R_P06495,S_P06495
P43766,2023,R_P06496,S_P06496
P43768,2023,R_P06496,S_P06496
P43770,2022,R_P06496,S_P06496
P43771,2023,R_P06496,S_P06496
P43772,2023,R_P06424,S_P06424
P43773,2023,R_P06424,S_P06424
P43779,2024,R_P06108,S_P06108
P43780,2023,R_P05985,S_P05985
P43787,2023,R_P05583,S_P05583
P43790,2023,R_P05551,S_P05551
P43794,2023,R_P04971,S_P04971
P43804,2025,R_P04676,S_P04676
P43805,2020,R_P04676,S_P04676
P43806,2019,R_P04676,S_P04676
P43807,2019,R_P04676,S_P04676
P43808,2025,R_P01618,S_P01618
P43815,2022,R_P02809,S_P02810
P43818,2021,R_P04375,S_P04375
P43819,2019,R_P04375,S_P04375
P43821,2024,R_P04225,S_P04225
P43824,2025,R_P04041,S_P04041
P43828,2022,R_P04041,S_P04041
P43832,2020,R_P03993,S_P03993
P43834,2020,R_P03993,S_P03993
P43835,2020,R_P03993,S_P03993
P43845,2023,R_P03588,S_P03588
P43846,2026,R_P03584,S_P03584
P43849,2025,R_P03584,S_P03584
P43850,2025,R_P03584,S_P03584
P43853,2020,R_P03561,S_P03561
P43855,2020,R_P03513,S_P03513
P43862,2019,R_P03094,S_P03094
P43863,2019,R_P03094,S_P03094
P43864,2020,R_P03079,S_P03079
P43865,2019,R_P03079,S_P03079
P43866,2026,R_P02924,S_P02924
P43872,2022,R_P02885,S_P02886
P43876,2022,R_P02885,S_P02886
P43878,2019,R_P02830,S_P02830
P43879,2020,R_P02830,S_P02830
P43887,2024,R_P02739,S_P02739
P43888,2024,R_P02655,S_P02656
P43892,2020,R_P02612,S_P02612
P43896,2019,R_P02577,S_P02577
P43898,2020,R_P02551,S_P02551
P43899,2020,R_P02551,S_P02551
P43900,2019,R_P02460,S_P02460
P43901,2020,R_P02460,S_P02460
P43906,2025,R_P02432,S_P02433
P43907,2023,R_P02432,S_P02433
P43908,2024,R_P02425,S_P02425
P43909,2025,R_P02425,S_P02425
P43916,2025,R_P02332,S_P02332
P43918,2020,R_P02298,S_P02298
P43919,2020,R_P02298,S_P02298
P43921,2022,R_P02284,S_P02286
P43923,2019,R_P02265,S_P02265
P43933,2026,R_P02130,S_P02130
P43935,2020,R_P02127,S_P02128
P43936,2019,R_P02127,S_P02128
P43937,2021,R_P02127,S_P02128
P43938,2019,R_P02127,S_P02128
P43939,2021,R_P02127,S_P02128
P43943,2025,R_P02085,S_P02085
P43946,2025,R_P02085,S_P02085
P43951,2021,R_P02041,S_P02042
P43953,2019,R_P02041,S_P02042
P43954,2020,R_P02041,S_P02042
P43956,2019,R_P02021,S_P02021
P43957,2020,R_P02021,S_P02021
P43958,2019,R_P02021,S_P02021
P43959,2019,R_P02021,S_P02021
P43962,2026,R_P01985,S_P01986
P43979,2025,R_P01691,S_P01692
P43981,2024,R_P01691,S_P01692
P43982,2020,R_P01681,S_P01681
P43987,2026,R_P01643,S_P01643
P43989,2025,R_P01643,S_P01643
P43993,2023,R_P01486,S_P01487
P43995,2024,R_P01486,S_P01487
P43998,2020,R_P01471,S_P01472
P43999,2020,R_P01471,S_P01472
P44005,2023,R_P01256,S_P01258
P44008,2023,R_P01256,S_P01258
P44009,2023,R_P01256,S_P01258
P44011,2019,R_P01222,S_P01222
P44014,2023,R_P01209,S_P01210
P44020,2025,R_P01138,S_P01138
P44021,2022,R_P01138,S_P01138
P44024,2025,R_P01138,S_P01138
P44027,2025,R_P01114,S_P01115
P44031,2019,R_P01114,S_P01115
P44036,2023,R_P01012,S_P01023
