pipe_id,predicted_cost
P01002,17541.90714763627
P01054,17541.90714763627
P01066,17541.90714763627
P01078,59976.623158649309
P01112,17541.90714763627
P01140,65027.63509787705
P01148,17541.90714763627
P01161,17541.90714763627
P01166,118883.4183036983
P01238,39195.637275022338
P01317,41436.20970510679
P01350,46487.221644334531
P01380,118883.4183036983
P01452,39195.637275022338
P01571,17541.90714763627
P01689,165994.78657259443
P01720,46487.221644334531
P01767,17541.90714763627
P01803,17541.90714763627
P01805,59976.623158649309
P01813,59976.623158649309
P01815,17541.90714763627
P01836,17541.90714763627
P01838,17541.90714763627
P01846,17541.90714763627
P01922,58276.155510279888
P01959,21476.068201437731
P01978,41436.20970510679
P01986,59976.623158649309
P02000,166612.91986824048
P02031,39195.637275022338
P02032,17541.90714763627
P02062,39195.637275022338
P02085,39195.637275022338
P02099,17541.90714763627
P02155,39195.637275022338
P02191,182625.67723902641
P02227,59976.623158649309
P02245,17541.90714763627
P02246,17541.90714763627
P02316,46487.221644334531
P02318,17541.90714763627
P02364,39195.637275022338
P02365,39195.637275022338
P02410,39195.637275022338
P02412,46487.221644334531
P02432,17541.90714763627
P02545,46487.221644334531
P02600,59976.623158649309
P02649,46487.221644334531
P02663,39195.637275022338
P02665,17541.90714763627
P02666,17541.90714763627
P02667,17541.90714763627
P02670,17541.90714763627
P02674,17541.90714763627
P02707,39195.637275022338
P02708,39195.637275022338
P02717,17541.90714763627
P02728,58276.155510279888
P02764,39195.637275022338
P02864,17541.90714763627
P02878,46487.221644334531
P02908,17541.90714763627
P02912,39195.637275022338
P02914,17541.90714763627
P03008,58276.155510279888
P03057,17541.90714763627
P03076,17541.90714763627
P03259,46487.221644334531
P03314,26938.177632134662
P03349,46487.221644334531
P03371,39195.637275022338
P03387,39195.637275022338
P03388,39195.637275022338
P03402,66256.373592610049
P03412,26938.177632134662
P03485,205319.3987816388
P03490,17541.90714763627
P03493,17541.90714763627
P03591,41436.20970510679
P03655,17541.90714763627
P03702,39195.637275022338
P03704,39195.637275022338
P03791,46487.221644334531
P03798,46487.221644334531
P03881,59976.623158649309
P03884,59976.623158649309
P03917,134994.61665698202
P03986,39195.637275022338
P03988,17541.90714763627
P04074,41436.20970510679
P04076,41436.20970510679
P04147,194017.42433465339
P04152,58276.155510279888
P04184,17541.90714763627
P04186,17541.90714763627
P04221,59976.623158649309
P04224,17541.90714763627
P04249,17541.90714763627
P04262,39195.637275022338
P04289,46487.221644334531
P04293,58276.155510279888
P04305,17541.90714763627
P04306,17541.90714763627
P04308,17541.90714763627
P04311,59976.623158649309
P04416,59976.623158649309
P04417,59976.623158649309
P04467,46487.221644334531
P04495,59976.623158649309
P04496,39195.637275022338
P04521,17541.90714763627
P04535,17541.90714763627
P04581,43129.798328823803
P04600,39195.637275022338
P04698,17541.90714763627
P04701,17541.90714763627
P04707,17541.90714763627
P04752,46487.221644334531
P04754,46487.221644334531
P04801,17541.90714763627
P04860,39195.637275022338
P04861,39195.637275022338
P04862,39195.637275022338
P04865,43129.798328823803
P04868,46487.221644334531
P04869,46487.221644334531
P04986,39195.637275022338
P05007,17541.90714763627
P05036,17541.90714763627
P05040,183903.50359516375
P05042,213025.57050662881
P05043,46487.221644334531
P05047,17541.90714763627
P05055,39195.637275022338
P05060,39195.637275022338
P05103,17541.90714763627
P05106,17541.90714763627
P05128,41436.20970510679
P05134,17541.90714763627
P05139,17541.90714763627
P05140,46487.221644334531
P05163,153236.24863474953
P05168,118883.4183036983
P05229,17541.90714763627
P05323,46487.221644334531
P05402,17541.90714763627
P05432,41436.20970510679
P05435,17541.90714763627
P05447,39195.637275022338
P05448,39195.637275022338
P05458,17541.90714763627
P05476,17541.90714763627
P05486,17541.90714763627
P05504,17541.90714763627
P05551,17541.90714763627
P05560,46487.221644334531
P05575,46487.221644334531
P05576,58276.155510279888
P05594,17541.90714763627
P05608,39195.637275022338
P05758,46487.221644334531
P05769,46487.221644334531
P05800,17541.90714763627
P05828,39195.637275022338
P05834,39195.637275022338
P05924,118883.4183036983
P05925,118883.4183036983
P05970,58276.155510279888
P05978,17541.90714763627
P06017,41436.20970510679
P06030,46487.221644334531
P06072,65027.63509787705
P06077,39195.637275022338
P06124,46487.221644334531
P06182,17541.90714763627
P06184,17541.90714763627
P06189,17541.90714763627
P06193,17541.90714763627
P06200,41436.20970510679
P06235,17541.90714763627
P06245,46487.221644334531
P06287,17541.90714763627
P06292,153236.24863474953
P06302,134994.61665698202
P06312,17541.90714763627
P06314,143033.70333717021
P06315,17541.90714763627
P06331,17541.90714763627
P06370,17541.90714763627
P06425,17541.90714763627
P06437,17541.90714763627
P06454,17541.90714763627
P06764,17541.90714763627
P06802,17541.90714763627
P07084,17541.90714763627
P07090,17541.90714763627
P07131,17541.90714763627
P07177,17541.90714763627
P07302,35923.350625163868
P07333,31989.189571362404
P07468,17541.90714763627
P07632,17541.90714763627
P07949,17541.90714763627
P08016,26938.177632134662
P08140,17541.90714763627
P08142,17541.90714763627
P08275,17541.90714763627
P08337,41436.20970510679
P08398,17541.90714763627
P08496,21476.068201437731
P08497,78813.835513926577
P08525,17541.90714763627
P08540,17541.90714763627
P08551,17541.90714763627
P08940,17541.90714763627
P08942,116464.82213237837
P09041,17541.90714763627
P09042,17541.90714763627
P09096,17541.90714763627
P09568,21476.068201437731
P09724,17541.90714763627
P09725,21476.068201437731
P09897,17541.90714763627
P09898,17541.90714763627
P09900,17541.90714763627
P09901,17541.90714763627
P09902,17541.90714763627
P09904,17541.90714763627
P09922,17541.90714763627
P09924,17541.90714763627
P09925,17541.90714763627
P09929,17541.90714763627
P09932,17541.90714763627
P09939,17541.90714763627
P09941,17541.90714763627
P09942,17541.90714763627
P09943,17541.90714763627
P10039,17541.90714763627
P10058,17541.90714763627
P10059,17541.90714763627
P10064,17541.90714763627
P10077,41436.20970510679
P10219,46487.221644334531
P10438,21476.068201437731
P10451,17541.90714763627
P10490,41436.20970510679
P10724,46487.221644334531
P10787,17541.90714763627
P10815,17541.90714763627
P10818,17541.90714763627
P10819,17541.90714763627
P10820,17541.90714763627
P10822,17541.90714763627
P10823,17541.90714763627
P10828,17541.90714763627
P10829,17541.90714763627
P10830,17541.90714763627
P10831,17541.90714763627
P10833,17541.90714763627
P10843,46487.221644334531
P10868,17541.90714763627
P10977,17541.90714763627
P10979,118339.52373949932
P10980,118339.52373949932
P11003,17541.90714763627
P11218,41436.20970510679
P11352,17541.90714763627
P11353,17541.90714763627
P11401,46487.221644334531
P11418,17541.90714763627
P11581,41436.20970510679
P11624,17541.90714763627
P11634,17541.90714763627
P11647,17541.90714763627
P11694,216853.95081027836
P11769,17541.90714763627
P11775,17541.90714763627
P11818,17541.90714763627
P11819,17541.90714763627
P11822,17541.90714763627
P11823,17541.90714763627
P11838,17541.90714763627
P11900,17541.90714763627
P11902,17541.90714763627
P11948,17541.90714763627
P12004,21476.068201437731
P12005,21476.068201437731
P12011,17541.90714763627
P12012,17541.90714763627
P12013,46487.221644334531
P12025,17541.90714763627
P12041,116464.82213237837
P12045,17541.90714763627
P12134,17541.90714763627
P12139,46487.221644334531
P12142,46487.221644334531
P12144,216821.3684080088
P12147,46487.221644334531
P12249,17541.90714763627
P12253,17541.90714763627
P12254,17541.90714763627
P12256,17541.90714763627
P12257,17541.90714763627
P12262,17541.90714763627
P12266,17541.90714763627
P12300,17541.90714763627
P12302,17541.90714763627
P12320,17541.90714763627
P12340,17541.90714763627
P12347,17541.90714763627
P12349,17541.90714763627
P12367,17541.90714763627
P12368,17541.90714763627
P12374,17541.90714763627
P12403,17541.90714763627
P12404,17541.90714763627
P12405,17541.90714763627
P12556,17541.90714763627
P12654,46487.221644334531
P12656,46487.221644334531
P12675,17541.90714763627
P12680,46487.221644334531
P12681,46487.221644334531
P12692,46487.221644334531
P12988,17541.90714763627
P13007,46487.221644334531
P13008,46487.221644334531
P13049,17541.90714763627
P13296,17541.90714763627
P13439,17541.90714763627
P13498,17541.90714763627
P13507,46487.221644334531
P13509,46487.221644334531
P13511,17541.90714763627
P13512,46487.221644334531
P13513,17541.90714763627
P13514,17541.90714763627
P13518,17541.90714763627
P13521,58276.155510279888
P13532,46487.221644334531
P13533,46487.221644334531
P13536,46487.221644334531
P13547,17541.90714763627
P13550,17541.90714763627
P13551,17541.90714763627
P13613,17541.90714763627
P13706,134739.03651241539
P13709,46487.221644334531
P13743,17541.90714763627
P13775,17541.90714763627
P13783,46487.221644334531
P13786,17541.90714763627
P13787,17541.90714763627
P13788,17541.90714763627
P13789,17541.90714763627
P13790,17541.90714763627
P13839,17541.90714763627
P13855,46487.221644334531
P13858,46487.221644334531
P13881,17541.90714763627
P13911,17541.90714763627
P13912,17541.90714763627
P13913,17541.90714763627
P13914,17541.90714763627
P13919,17541.90714763627
P13946,17541.90714763627
P13947,17541.90714763627
P13949,17541.90714763627
P13951,17541.90714763627
P13953,17541.90714763627
P13955,17541.90714763627
P13966,17541.90714763627
P13967,17541.90714763627
P14005,17541.90714763627
P14006,46487.221644334531
P14057,17541.90714763627
P14074,17541.90714763627
P14075,17541.90714763627
P14076,17541.90714763627
P14078,17541.90714763627
P14081,17541.90714763627
P14124,17541.90714763627
P14125,17541.90714763627
P14126,21476.068201437731
P14143,17541.90714763627
P14183,17541.90714763627
P14184,17541.90714763627
P14292,17541.90714763627
P14336,17541.90714763627
P14337,17541.90714763627
P14355,17541.90714763627
P14362,17541.90714763627
P14363,17541.90714763627
P14369,17541.90714763627
P14372,17541.90714763627
P14376,17541.90714763627
P14377,17541.90714763627
P14378,17541.90714763627
P14390,17541.90714763627
P14391,17541.90714763627
P14394,17541.90714763627
P14395,17541.90714763627
P14415,17541.90714763627
P14417,17541.90714763627
P14418,17541.90714763627
P14420,17541.90714763627
P14443,17541.90714763627
P14480,17541.90714763627
P14486,17541.90714763627
P14489,17541.90714763627
P14525,17541.90714763627
P14601,17541.90714763627
P14611,17541.90714763627
P14613,17541.90714763627
P14618,17541.90714763627
P14636,17541.90714763627
P14675,17541.90714763627
P14677,17541.90714763627
P14680,17541.90714763627
P14681,17541.90714763627
P14686,17541.90714763627
P14687,17541.90714763627
P14740,17541.90714763627
P14741,17541.90714763627
P14778,17541.90714763627
P14779,17541.90714763627
P14789,17541.90714763627
P14817,21476.068201437731
P14847,17541.90714763627
P14848,17541.90714763627
P14858,17541.90714763627
P14859,17541.90714763627
P14866,17541.90714763627
P14868,17541.90714763627
P14869,17541.90714763627
P14870,17541.90714763627
P14872,17541.90714763627
P14873,17541.90714763627
P14895,17541.90714763627
P14900,17541.90714763627
P14903,17541.90714763627
P14905,17541.90714763627
P14907,17541.90714763627
P14908,17541.90714763627
P14909,17541.90714763627
P14910,17541.90714763627
P14912,17541.90714763627
P14914,17541.90714763627
P14915,17541.90714763627
P14917,17541.90714763627
P14919,17541.90714763627
P14954,17541.90714763627
P14993,17541.90714763627
P15013,130429.98846563407
P15016,17541.90714763627
P15024,17541.90714763627
P15044,17541.90714763627
P15079,46487.221644334531
P15187,17541.90714763627
P15242,46487.221644334531
P15245,46487.221644334531
P15257,46487.221644334531
P15447,17541.90714763627
P15457,17541.90714763627
P15464,41436.20970510679
P15465,41436.20970510679
P15467,17541.90714763627
P15468,17541.90714763627
P15469,17541.90714763627
P15470,17541.90714763627
P15471,41436.20970510679
P15481,17541.90714763627
P15482,17541.90714763627
P15484,17541.90714763627
P15485,17541.90714763627
P15489,17541.90714763627
P15490,17541.90714763627
P15491,17541.90714763627
P15492,17541.90714763627
P15501,17541.90714763627
P15513,17541.90714763627
P15514,17541.90714763627
P15515,17541.90714763627
P15516,17541.90714763627
P15517,17541.90714763627
P15518,17541.90714763627
P15524,17541.90714763627
P15526,17541.90714763627
P15528,17541.90714763627
P15530,17541.90714763627
P15531,17541.90714763627
P15535,17541.90714763627
P15540,17541.90714763627
P15664,17541.90714763627
P15730,17541.90714763627
P15804,17541.90714763627
P15810,17541.90714763627
P15834,17541.90714763627
P15835,17541.90714763627
P15837,17541.90714763627
P15838,17541.90714763627
P15839,17541.90714763627
P15840,17541.90714763627
P15848,17541.90714763627
P15885,46487.221644334531
P15943,17541.90714763627
P15944,41436.20970510679
P15945,17541.90714763627
P15979,17541.90714763627
P16166,17541.90714763627
P16237,17541.90714763627
P16238,17541.90714763627
P16240,17541.90714763627
P16241,17541.90714763627
P16246,17541.90714763627
P16248,17541.90714763627
P16250,17541.90714763627
P16264,17541.90714763627
P16278,17541.90714763627
P16300,17541.90714763627
P16311,17541.90714763627
P16316,17541.90714763627
P16363,17541.90714763627
P16398,17541.90714763627
P16399,17541.90714763627
P16424,17541.90714763627
P16426,17541.90714763627
P16433,17541.90714763627
P16541,17541.90714763627
P16557,17541.90714763627
P16692,17541.90714763627
P16823,17541.90714763627
P16824,17541.90714763627
P16826,17541.90714763627
P16840,17541.90714763627
P16895,41436.20970510679
P16924,41436.20970510679
P17055,46487.221644334531
P17060,46487.221644334531
P17123,17541.90714763627
P17168,46487.221644334531
P17169,46487.221644334531
P17172,46487.221644334531
P17183,17541.90714763627
P17238,41436.20970510679
P17498,17541.90714763627
P17552,17541.90714763627
P17600,17541.90714763627
P17675,41436.20970510679
P17678,41436.20970510679
P17693,17541.90714763627
P17694,17541.90714763627
P17729,17541.90714763627
P17749,17541.90714763627
P17753,17541.90714763627
P17761,17541.90714763627
P17812,17541.90714763627
P17874,17541.90714763627
P17880,17541.90714763627
P17889,17541.90714763627
P17931,17541.90714763627
P17932,17541.90714763627
P17935,17541.90714763627
P17936,17541.90714763627
P17938,17541.90714763627
P17939,17541.90714763627
P17940,17541.90714763627
P17941,17541.90714763627
P17942,17541.90714763627
P17943,17541.90714763627
P17944,17541.90714763627
P17945,17541.90714763627
P17946,17541.90714763627
P17948,17541.90714763627
P17950,17541.90714763627
P17952,17541.90714763627
P17953,17541.90714763627
P17954,17541.90714763627
P18057,17541.90714763627
P18305,17541.90714763627
P18351,21476.068201437731
P18376,17541.90714763627
P18377,17541.90714763627
P18378,17541.90714763627
P18414,17541.90714763627
P18415,17541.90714763627
P18454,17541.90714763627
P18455,17541.90714763627
P18456,17541.90714763627
P18457,17541.90714763627
P18595,17541.90714763627
P18657,17541.90714763627
P18658,17541.90714763627
P18659,17541.90714763627
P18662,17541.90714763627
P18691,17541.90714763627
P18711,17541.90714763627
P18779,17541.90714763627
P18798,58276.155510279888
P18807,17541.90714763627
P18816,21476.068201437731
P18818,21476.068201437731
P18822,17541.90714763627
P18842,41436.20970510679
P18843,41436.20970510679
P18868,17541.90714763627
P18896,17541.90714763627
P18929,41436.20970510679
P18934,41436.20970510679
P18939,41436.20970510679
P18944,17541.90714763627
P18945,17541.90714763627
P18946,17541.90714763627
P18950,17541.90714763627
P18986,46487.221644334531
P18988,46487.221644334531
P18990,46487.221644334531
P18991,46487.221644334531
P18992,46487.221644334531
P18993,46487.221644334531
P19024,17541.90714763627
P19026,17541.90714763627
P19102,17541.90714763627
P19103,17541.90714763627
P19104,17541.90714763627
P19106,17541.90714763627
P19129,17541.90714763627
P19133,17541.90714763627
P19165,17541.90714763627
P19167,17541.90714763627
P19177,17541.90714763627
P19178,17541.90714763627
P19180,17541.90714763627
P19181,17541.90714763627
P19183,17541.90714763627
P19184,17541.90714763627
P19189,17541.90714763627
P19191,17541.90714763627
P19192,17541.90714763627
P19300,41436.20970510679
P19306,41436.20970510679
P19309,53225.143571052147
P19316,41436.20970510679
P19321,17541.90714763627
P19322,41436.20970510679
P19323,41436.20970510679
P19325,41436.20970510679
P19333,41436.20970510679
P19338,41436.20970510679
P19340,41436.20970510679
P19341,41436.20970510679
P19349,41436.20970510679
P19350,41436.20970510679
P19352,41436.20970510679
P19353,41436.20970510679
P19355,41436.20970510679
P19361,41436.20970510679
P19364,41436.20970510679
P19423,17541.90714763627
P19445,17541.90714763627
P19468,17541.90714763627
P19494,17541.90714763627
P19499,17541.90714763627
P19515,17541.90714763627
P20039,17541.90714763627
P20108,17541.90714763627
P20112,17541.90714763627
P20116,17541.90714763627
P20161,17541.90714763627
P20162,17541.90714763627
P20163,21476.068201437731
P20165,21476.068201437731
P20169,17541.90714763627
P20170,17541.90714763627
P20178,17541.90714763627
P20179,17541.90714763627
P20199,17541.90714763627
P20205,17541.90714763627
P20275,17541.90714763627
P20276,17541.90714763627
P20281,17541.90714763627
P20284,17541.90714763627
P20285,17541.90714763627
P20287,17541.90714763627
P20293,17541.90714763627
P20295,17541.90714763627
P20296,17541.90714763627
P20298,17541.90714763627
P20300,17541.90714763627
P20301,17541.90714763627
P20302,17541.90714763627
P20303,17541.90714763627
P20304,17541.90714763627
P20305,17541.90714763627
P20319,17541.90714763627
P20320,17541.90714763627
P20321,17541.90714763627
P20323,17541.90714763627
P20324,17541.90714763627
P20326,17541.90714763627
P20327,17541.90714763627
P20328,17541.90714763627
P20329,17541.90714763627
P20332,17541.90714763627
P20333,17541.90714763627
P20335,17541.90714763627
P20337,17541.90714763627
P20338,17541.90714763627
P20339,17541.90714763627
P20340,17541.90714763627
P20341,17541.90714763627
P20342,17541.90714763627
P20343,17541.90714763627
P20344,17541.90714763627
P20345,17541.90714763627
P20347,17541.90714763627
P20422,17541.90714763627
P20444,17541.90714763627
P20534,17541.90714763627
P20535,17541.90714763627
P20536,17541.90714763627
P20545,17541.90714763627
P20549,17541.90714763627
P20571,17541.90714763627
P20572,17541.90714763627
P20574,17541.90714763627
P20577,17541.90714763627
P20578,17541.90714763627
P20580,17541.90714763627
P20582,17541.90714763627
P20584,17541.90714763627
P20585,17541.90714763627
P20589,17541.90714763627
P20590,17541.90714763627
P20592,17541.90714763627
P20610,17541.90714763627
P20625,17541.90714763627
P20626,17541.90714763627
P20657,41436.20970510679
P20658,41436.20970510679
P20699,17541.90714763627
P20700,17541.90714763627
P20701,17541.90714763627
P20702,17541.90714763627
P20704,17541.90714763627
P20706,17541.90714763627
P20707,17541.90714763627
P20709,17541.90714763627
P20711,17541.90714763627
P20712,17541.90714763627
P20713,17541.90714763627
P20714,17541.90714763627
P20715,17541.90714763627
P20716,17541.90714763627
P20717,17541.90714763627
P20722,17541.90714763627
P20723,17541.90714763627
P20791,41436.20970510679
P20807,17541.90714763627
P20808,17541.90714763627
P20839,118339.52373949932
P20841,152692.35407055056
P20862,17541.90714763627
P20892,17541.90714763627
P20897,17541.90714763627
P20898,17541.90714763627
P20899,17541.90714763627
P20917,116464.82213237837
P20925,17541.90714763627
P20945,17541.90714763627
P20959,21476.068201437731
P20960,17541.90714763627
P20961,17541.90714763627
P20962,118339.52373949932
P20966,118339.52373949932
P20967,118339.52373949932
P20969,17541.90714763627
P21039,17541.90714763627
P21040,17541.90714763627
P21041,17541.90714763627
P21044,17541.90714763627
P21046,17541.90714763627
P21047,17541.90714763627
P21142,17541.90714763627
P21143,17541.90714763627
P21181,17541.90714763627
P21195,17541.90714763627
P21313,17541.90714763627
P21314,17541.90714763627
P21315,17541.90714763627
P21329,17541.90714763627
P21372,134739.03651241539
P21376,17541.90714763627
P21449,17541.90714763627
P21450,17541.90714763627
P21453,17541.90714763627
P21454,17541.90714763627
P21455,17541.90714763627
P21456,17541.90714763627
P21460,21476.068201437731
P21462,17541.90714763627
P21463,118339.52373949932
P21465,152692.35407055056
P21467,17541.90714763627
P21469,17541.90714763627
P21472,17541.90714763627
P21501,82111.991801327138
P21513,82111.991801327138
P21550,17541.90714763627
P21551,17541.90714763627
P21556,17541.90714763627
P21583,41436.20970510679
P21584,17541.90714763627
P21586,17541.90714763627
P21587,17541.90714763627
P21612,17541.90714763627
P21623,17541.90714763627
P21625,17541.90714763627
P21626,17541.90714763627
P21630,17541.90714763627
P21632,17541.90714763627
P21636,17541.90714763627
P21637,17541.90714763627
P21638,17541.90714763627
P21639,17541.90714763627
P21648,17541.90714763627
P21691,17541.90714763627
P21692,17541.90714763627
P21694,17541.90714763627
P21696,17541.90714763627
P21697,17541.90714763627
P21708,21476.068201437731
P21711,17541.90714763627
P21713,198912.65138543944
P21728,17541.90714763627
P21729,17541.90714763627
P21732,17541.90714763627
P21735,17541.90714763627
P21736,17541.90714763627
P21737,17541.90714763627
P21742,17541.90714763627
P21750,17541.90714763627
P21759,17541.90714763627
P21760,17541.90714763627
P21762,17541.90714763627
P21763,17541.90714763627
P21765,17541.90714763627
P21767,17541.90714763627
P21768,17541.90714763627
P21807,53225.143571052147
P21808,53225.143571052147
P21814,53225.143571052147
P21816,17541.90714763627
P21817,17541.90714763627
P21819,17541.90714763627
P21822,17541.90714763627
P21825,17541.90714763627
P21827,17541.90714763627
P21828,17541.90714763627
P21829,17541.90714763627
P21831,17541.90714763627
P21833,17541.90714763627
P21869,17541.90714763627
P21886,17541.90714763627
P21938,17541.90714763627
P21940,17541.90714763627
P21942,17541.90714763627
P21944,17541.90714763627
P21946,17541.90714763627
P21947,17541.90714763627
P21950,17541.90714763627
P21952,17541.90714763627
P21966,17541.90714763627
P21967,17541.90714763627
P21970,17541.90714763627
P21971,17541.90714763627
P21973,17541.90714763627
P21977,17541.90714763627
P21983,17541.90714763627
P21984,17541.90714763627
P21985,17541.90714763627
P21986,17541.90714763627
P22017,17541.90714763627
P22032,17541.90714763627
P22036,17541.90714763627
P22052,17541.90714763627
P22053,21476.068201437731
P22077,17541.90714763627
P22082,17541.90714763627
P22083,17541.90714763627
P22084,17541.90714763627
P22086,17541.90714763627
P22087,17541.90714763627
P22362,17541.90714763627
P22365,17541.90714763627
P22366,17541.90714763627
P22465,17541.90714763627
P22474,17541.90714763627
P22476,17541.90714763627
P22701,17541.90714763627
P22738,17541.90714763627
P22827,169124.44924573615
P22894,41436.20970510679
P22895,41436.20970510679
P22908,17541.90714763627
P22910,17541.90714763627
P22912,185104.62421425249
P22914,150751.79388320129
P22916,41436.20970510679
P22917,41436.20970510679
P22918,41436.20970510679
P22919,53225.143571052147
P22920,53225.143571052147
P22922,53225.143571052147
P22926,41436.20970510679
P22972,17541.90714763627
P22981,17541.90714763627
P22998,17541.90714763627
P22999,17541.90714763627
P23000,17541.90714763627
P23002,17541.90714763627
P23003,17541.90714763627
P23007,17541.90714763627
P23042,17541.90714763627
P23044,17541.90714763627
P23047,17541.90714763627
P23064,17541.90714763627
P23091,17541.90714763627
P23121,17541.90714763627
P23149,46487.221644334531
P23201,17541.90714763627
P23206,41436.20970510679
P23212,41436.20970510679
P23220,41436.20970510679
P23259,17541.90714763627
P23274,41436.20970510679
P23314,17541.90714763627
P23319,113985.87515715222
P23320,113985.87515715222
P23321,113985.87515715222
P23322,113985.87515715222
P23323,113985.87515715222
P23324,113985.87515715222
P23460,17541.90714763627
P23619,17541.90714763627
P23620,17541.90714763627
P23621,17541.90714763627
P23623,17541.90714763627
P23625,17541.90714763627
P23626,17541.90714763627
P23627,17541.90714763627
P23628,17541.90714763627
P23630,17541.90714763627
P23631,17541.90714763627
P23634,17541.90714763627
P23635,17541.90714763627
P23638,17541.90714763627
P23639,17541.90714763627
P23641,17541.90714763627
P23737,17541.90714763627
P23779,17541.90714763627
P23895,17541.90714763627
P23933,17541.90714763627
P23952,17541.90714763627
P24047,17541.90714763627
P24070,17541.90714763627
P24080,176798.03856845663
P24082,17541.90714763627
P24128,17541.90714763627
P24161,17541.90714763627
P24162,17541.90714763627
P24163,17541.90714763627
P24164,17541.90714763627
P24166,17541.90714763627
P24169,17541.90714763627
P24171,17541.90714763627
P24229,17541.90714763627
P24253,17541.90714763627
P24266,17541.90714763627
P24272,17541.90714763627
P24317,17541.90714763627
P24339,17541.90714763627
P24341,17541.90714763627
P24346,17541.90714763627
P24382,17541.90714763627
P24419,17541.90714763627
P24429,17541.90714763627
P24433,17541.90714763627
P24473,17541.90714763627
P24481,132477.57950316428
P24515,17541.90714763627
P24601,17541.90714763627
P24606,17541.90714763627
P24609,17541.90714763627
P24709,17541.90714763627
P24805,17541.90714763627
P24830,17541.90714763627
P24963,17541.90714763627
P24967,41436.20970510679
P24968,41436.20970510679
P24973,17541.90714763627
P24975,17541.90714763627
P25021,17541.90714763627
P25058,17541.90714763627
P25280,53225.143571052147
P25281,41436.20970510679
P25332,17541.90714763627
P25334,17541.90714763627
P25350,46487.221644334531
P25472,17541.90714763627
P25481,17541.90714763627
P25579,46487.221644334531
P25581,46487.221644334531
P25606,17541.90714763627
P25668,17541.90714763627
P25877,17541.90714763627
P25878,41436.20970510679
P25941,17541.90714763627
P25944,17541.90714763627
P25946,41436.20970510679
P25983,17541.90714763627
P26003,17541.90714763627
P26006,17541.90714763627
P26008,17541.90714763627
P26009,17541.90714763627
P26010,17541.90714763627
P26011,17541.90714763627
P26012,17541.90714763627
P26013,17541.90714763627
P26014,17541.90714763627
P26015,17541.90714763627
P26016,17541.90714763627
P26017,17541.90714763627
P26019,17541.90714763627
P26020,17541.90714763627
P26021,17541.90714763627
P26023,17541.90714763627
P26024,17541.90714763627
P26026,17541.90714763627
P26028,17541.90714763627
P26029,17541.90714763627
P26030,17541.90714763627
P26031,17541.90714763627
P26179,17541.90714763627
P26250,17541.90714763627
P26257,17541.90714763627
P26271,17541.90714763627
P26293,17541.90714763627
P26335,17541.90714763627
P26468,17541.90714763627
P26472,17541.90714763627
P26517,17541.90714763627
P26525,17541.90714763627
P26542,17541.90714763627
P26686,17541.90714763627
P26748,17541.90714763627
P26749,17541.90714763627
P26750,17541.90714763627
P26751,17541.90714763627
P26753,17541.90714763627
P26755,17541.90714763627
P26756,17541.90714763627
P26757,17541.90714763627
P26773,17541.90714763627
P26802,17541.90714763627
P26819,17541.90714763627
P26820,17541.90714763627
P26821,17541.90714763627
P26822,17541.90714763627
P26845,17541.90714763627
P26846,17541.90714763627
P26919,17541.90714763627
P26936,17541.90714763627
P26953,17541.90714763627
P26961,17541.90714763627
P26963,17541.90714763627
P26974,17541.90714763627
P27043,17541.90714763627
P27057,17541.90714763627
P27066,17541.90714763627
P27072,17541.90714763627
P27074,17541.90714763627
P27127,17541.90714763627
P27182,17541.90714763627
P27194,17541.90714763627
P27198,17541.90714763627
P27209,17541.90714763627
P27217,21476.068201437731
P27222,17541.90714763627
P27255,17541.90714763627
P27256,17541.90714763627
P27284,17541.90714763627
P27445,17541.90714763627
P27631,41436.20970510679
P27632,17541.90714763627
P27633,17541.90714763627
P27634,17541.90714763627
P27635,41436.20970510679
P27636,41436.20970510679
P27637,17541.90714763627
P27639,82700.486901091936
P27651,17541.90714763627
P27657,17541.90714763627
P27658,17541.90714763627
P27660,17541.90714763627
P27661,17541.90714763627
P27791,17541.90714763627
P27806,17541.90714763627
P27811,17541.90714763627
P27816,17541.90714763627
P27819,17541.90714763627
P27820,17541.90714763627
P27821,17541.90714763627
P27823,17541.90714763627
P27829,17541.90714763627
P27833,17541.90714763627
P27834,17541.90714763627
P27835,17541.90714763627
P27836,17541.90714763627
P27838,17541.90714763627
P27867,17541.90714763627
P27891,17541.90714763627
P27892,17541.90714763627
P27930,17541.90714763627
P28007,17541.90714763627
P28019,17541.90714763627
P28029,17541.90714763627
P28050,17541.90714763627
P28062,17541.90714763627
P28100,17541.90714763627
P28113,17541.90714763627
P28205,17541.90714763627
P28206,17541.90714763627
P28222,17541.90714763627
P28476,17541.90714763627
P28478,17541.90714763627
P28484,17541.90714763627
P28485,17541.90714763627
P28492,17541.90714763627
P28494,17541.90714763627
P28495,17541.90714763627
P28496,17541.90714763627
P28497,17541.90714763627
P28498,17541.90714763627
P28499,17541.90714763627
P28502,17541.90714763627
P28503,17541.90714763627
P28504,17541.90714763627
P28506,17541.90714763627
P28507,17541.90714763627
P28509,17541.90714763627
P28511,17541.90714763627
P28512,17541.90714763627
P28513,17541.90714763627
P28515,17541.90714763627
P28516,17541.90714763627
P28517,17541.90714763627
P28518,17541.90714763627
P28521,17541.90714763627
P28523,17541.90714763627
P28527,17541.90714763627
P28531,17541.90714763627
P28532,17541.90714763627
P28533,17541.90714763627
P28534,17541.90714763627
P28536,17541.90714763627
P28537,17541.90714763627
P28540,17541.90714763627
P28542,17541.90714763627
P28543,17541.90714763627
P28544,17541.90714763627
P28545,17541.90714763627
P28546,17541.90714763627
P28547,17541.90714763627
P28548,17541.90714763627
P28549,17541.90714763627
P28550,17541.90714763627
P28551,17541.90714763627
P28554,17541.90714763627
P28555,17541.90714763627
P28559,17541.90714763627
P28562,17541.90714763627
P28564,17541.90714763627
P28567,17541.90714763627
P28568,17541.90714763627
P28570,17541.90714763627
P28573,17541.90714763627
P28575,17541.90714763627
P28576,17541.90714763627
P28577,17541.90714763627
P28579,17541.90714763627
P28580,17541.90714763627
P28581,17541.90714763627
P28584,17541.90714763627
P28585,17541.90714763627
P28586,17541.90714763627
P28587,17541.90714763627
P28588,17541.90714763627
P28590,17541.90714763627
P28591,17541.90714763627
P28592,17541.90714763627
P28593,17541.90714763627
P28594,17541.90714763627
P28595,17541.90714763627
P28597,118339.52373949932
P28598,152692.35407055056
P28599,17541.90714763627
P28657,118339.52373949932
P28690,118339.52373949932
P28693,41436.20970510679
P28694,100609.20392366128
P28696,17541.90714763627
P28697,17541.90714763627
P28698,17541.90714763627
P28699,41436.20970510679
P28700,17541.90714763627
P28706,17541.90714763627
P28823,17541.90714763627
P28848,17541.90714763627
P28881,17541.90714763627
P28889,17541.90714763627
P28944,17541.90714763627
P29112,46487.221644334531
P29116,17541.90714763627
P29117,46487.221644334531
P29123,41436.20970510679
P29127,46487.221644334531
P29128,46487.221644334531
P29129,46487.221644334531
P29130,17541.90714763627
P29131,46487.221644334531
P29137,41436.20970510679
P29141,46487.221644334531
P29151,58276.155510279888
P29155,17541.90714763627
P29176,17541.90714763627
P29180,17541.90714763627
P29190,17541.90714763627
P29192,17541.90714763627
P29324,17541.90714763627
P29325,17541.90714763627
P29327,17541.90714763627
P29404,17541.90714763627
P29424,17541.90714763627
P29440,17541.90714763627
P29455,17541.90714763627
P29483,17541.90714763627
P29485,17541.90714763627
P29526,17541.90714763627
P29553,17541.90714763627
P29591,17541.90714763627
P29593,17541.90714763627
P29596,17541.90714763627
P29599,17541.90714763627
P29602,17541.90714763627
P29603,17541.90714763627
P29607,17541.90714763627
P29608,17541.90714763627
P29639,17541.90714763627
P29641,17541.90714763627
P29644,17541.90714763627
P29645,17541.90714763627
P29648,17541.90714763627
P29658,17541.90714763627
P29660,17541.90714763627
P29662,17541.90714763627
P29663,17541.90714763627
P29665,17541.90714763627
P29667,17541.90714763627
P29670,17541.90714763627
P29672,17541.90714763627
P29675,17541.90714763627
P29677,17541.90714763627
P29678,17541.90714763627
P29680,17541.90714763627
P29688,17541.90714763627
P29689,17541.90714763627
P29691,17541.90714763627
P29719,17541.90714763627
P29749,17541.90714763627
P29781,17541.90714763627
P29843,17541.90714763627
P29844,17541.90714763627
P29845,17541.90714763627
P29846,17541.90714763627
P29847,17541.90714763627
P29848,17541.90714763627
P29849,17541.90714763627
P29850,17541.90714763627
P29852,17541.90714763627
P29854,17541.90714763627
P29855,17541.90714763627
P29864,17541.90714763627
P29866,17541.90714763627
P30025,17541.90714763627
P30027,82700.486901091936
P30028,17541.90714763627
P30030,17541.90714763627
P30032,17541.90714763627
P30098,17541.90714763627
P30106,17541.90714763627
P30111,17541.90714763627
P30120,17541.90714763627
P30148,17541.90714763627
P30159,17541.90714763627
P30172,130429.98846563407
P30188,17541.90714763627
P30398,17541.90714763627
P30401,17541.90714763627
P30407,17541.90714763627
P30415,17541.90714763627
P30417,17541.90714763627
P30421,17541.90714763627
P30430,17541.90714763627
P30436,17541.90714763627
P30444,17541.90714763627
P30447,17541.90714763627
P30450,17541.90714763627
P30453,17541.90714763627
P30457,17541.90714763627
P30461,17541.90714763627
P30465,17541.90714763627
P30521,17541.90714763627
P30530,17541.90714763627
P30548,17541.90714763627
P30550,17541.90714763627
P30570,17541.90714763627
P30573,17541.90714763627
P30575,17541.90714763627
P30576,17541.90714763627
P30577,17541.90714763627
P30578,17541.90714763627
P30628,17541.90714763627
P30629,17541.90714763627
P30636,17541.90714763627
P30637,17541.90714763627
P30644,17541.90714763627
P30645,17541.90714763627
P30665,17541.90714763627
P30667,17541.90714763627
P30668,17541.90714763627
P30669,17541.90714763627
P30670,17541.90714763627
P30672,17541.90714763627
P30673,17541.90714763627
P30674,17541.90714763627
P30675,17541.90714763627
P30676,17541.90714763627
P30677,17541.90714763627
P30678,17541.90714763627
P30680,17541.90714763627
P30682,17541.90714763627
P30683,17541.90714763627
P30688,17541.90714763627
P30690,17541.90714763627
P30693,17541.90714763627
P30695,17541.90714763627
P30696,17541.90714763627
P30697,17541.90714763627
P30698,17541.90714763627
P30699,17541.90714763627
P30701,17541.90714763627
P30702,17541.90714763627
P30703,17541.90714763627
P30704,17541.90714763627
P30705,17541.90714763627
P30707,17541.90714763627
P30710,17541.90714763627
P30711,17541.90714763627
P30712,17541.90714763627
P30713,17541.90714763627
P30714,17541.90714763627
P30718,17541.90714763627
P30720,17541.90714763627
P30747,17541.90714763627
P30769,17541.90714763627
P30770,17541.90714763627
P31073,17541.90714763627
P31079,17541.90714763627
P31080,17541.90714763627
P31081,17541.90714763627
P31082,118339.52373949932
P31190,17541.90714763627
P31227,17541.90714763627
P31228,17541.90714763627
P31231,17541.90714763627
P31233,17541.90714763627
P31236,17541.90714763627
P31242,17541.90714763627
P31243,17541.90714763627
P31244,17541.90714763627
P31245,17541.90714763627
P31246,17541.90714763627
P31247,17541.90714763627
P31385,17541.90714763627
P31387,17541.90714763627
P31388,17541.90714763627
P31390,17541.90714763627
P31393,17541.90714763627
P31394,17541.90714763627
P31395,17541.90714763627
P31398,17541.90714763627
P31402,17541.90714763627
P31403,183057.03317672235
P31404,183057.03317672235
P31467,17541.90714763627
P31510,46487.221644334531
P31511,46487.221644334531
P31514,46487.221644334531
P31581,17541.90714763627
P31583,17541.90714763627
P31588,17541.90714763627
P31589,17541.90714763627
P31590,17541.90714763627
P31593,17541.90714763627
P31596,17541.90714763627
P31599,17541.90714763627
P31600,17541.90714763627
P31602,17541.90714763627
P31603,17541.90714763627
P31604,17541.90714763627
P31607,17541.90714763627
P31613,17541.90714763627
P31615,17541.90714763627
P31616,17541.90714763627
P31620,17541.90714763627
P31621,17541.90714763627
P31624,17541.90714763627
P31626,17541.90714763627
P31645,17541.90714763627
P31650,17541.90714763627
P31670,46487.221644334531
P31695,17541.90714763627
P31697,17541.90714763627
P31705,17541.90714763627
P31706,17541.90714763627
P31717,17541.90714763627
P31779,46487.221644334531
P31781,58276.155510279888
P31782,46487.221644334531
P31786,17541.90714763627
P31788,17541.90714763627
P31789,46487.221644334531
P31790,17541.90714763627
P31792,17541.90714763627
P31795,17541.90714763627
P31797,17541.90714763627
P31989,17541.90714763627
P31997,17541.90714763627
P32001,118339.52373949932
P32003,17541.90714763627
P32004,17541.90714763627
P32006,17541.90714763627
P32009,17541.90714763627
P32020,46487.221644334531
P32022,46487.221644334531
P32023,17541.90714763627
P32108,17541.90714763627
P32109,17541.90714763627
P32111,17541.90714763627
P32134,46487.221644334531
P32135,46487.221644334531
P32137,46487.221644334531
P32138,46487.221644334531
P32140,58276.155510279888
P32143,46487.221644334531
P32144,46487.221644334531
P32145,46487.221644334531
P32147,46487.221644334531
P32162,46487.221644334531
P32166,17541.90714763627
P32169,21476.068201437731
P32170,46487.221644334531
P32172,46487.221644334531
P32177,46487.221644334531
P32180,17541.90714763627
P32181,17541.90714763627
P32183,58276.155510279888
P32185,46487.221644334531
P32189,58276.155510279888
P32190,46487.221644334531
P32194,46487.221644334531
P32200,17541.90714763627
P32209,17541.90714763627
P32210,17541.90714763627
P32211,17541.90714763627
P32214,17541.90714763627
P32215,17541.90714763627
P32216,17541.90714763627
P32217,17541.90714763627
P32218,17541.90714763627
P32223,198481.29544774347
P32224,17541.90714763627
P32225,17541.90714763627
P32232,58276.155510279888
P32234,46487.221644334531
P32240,17541.90714763627
P32241,17541.90714763627
P32244,46487.221644334531
P32249,17541.90714763627
P32253,17541.90714763627
P32259,46487.221644334531
P32327,17541.90714763627
P32354,209873.04254337048
P32360,21476.068201437731
P32544,17541.90714763627
P32585,17541.90714763627
P32683,17541.90714763627
P32689,17541.90714763627
P32921,17541.90714763627
P32995,17541.90714763627
P33019,17541.90714763627
P33043,46487.221644334531
P33047,46487.221644334531
P33048,46487.221644334531
P33049,46487.221644334531
P33050,46487.221644334531
P33056,46487.221644334531
P33057,17541.90714763627
P33079,46487.221644334531
P33081,46487.221644334531
P33084,46487.221644334531
P33284,17541.90714763627
P33286,21476.068201437731
P33289,17541.90714763627
P33294,17541.90714763627
P33296,17541.90714763627
P33298,17541.90714763627
P33299,17541.90714763627
P33305,17541.90714763627
P33309,17541.90714763627
P33310,17541.90714763627
P33313,41436.20970510679
P33426,17541.90714763627
P33466,17541.90714763627
P33651,17541.90714763627
P33929,46487.221644334531
P33962,17541.90714763627
P33963,46487.221644334531
P34022,46487.221644334531
P34025,46487.221644334531
P34034,46487.221644334531
P34037,46487.221644334531
P34382,17541.90714763627
P34383,17541.90714763627
P34417,200965.75019929171
P34538,17541.90714763627
P34539,17541.90714763627
P34573,17541.90714763627
P34574,17541.90714763627
P34575,17541.90714763627
P34580,17541.90714763627
P34581,17541.90714763627
P34583,21476.068201437731
P34613,17541.90714763627
P34614,17541.90714763627
P34640,17541.90714763627
P34689,17541.90714763627
P34709,17541.90714763627
P34710,17541.90714763627
P34711,17541.90714763627
P34745,17541.90714763627
P34750,17541.90714763627
P34751,17541.90714763627
P34842,205319.3987816388
P34843,21476.068201437731
P34845,21476.068201437731
P34846,17541.90714763627
P34847,17541.90714763627
P34850,17541.90714763627
P34851,200965.75019929171
P34852,17541.90714763627
P34853,183057.03317672235
P34869,17541.90714763627
P34873,17541.90714763627
P34874,17541.90714763627
P34926,152692.35407055056
P34928,17541.90714763627
P34929,17541.90714763627
P34930,17541.90714763627
P34931,17541.90714763627
P34932,17541.90714763627
P34933,17541.90714763627
P34934,17541.90714763627
P34935,17541.90714763627
P34937,17541.90714763627
P34939,17541.90714763627
P34940,17541.90714763627
P34941,17541.90714763627
P34944,17541.90714763627
P34945,17541.90714763627
P34946,17541.90714763627
P34947,17541.90714763627
P34948,17541.90714763627
P35026,17541.90714763627
P35291,17541.90714763627
P35417,17541.90714763627
P35461,17541.90714763627
P35667,41436.20970510679
P35782,17541.90714763627
P35807,17541.90714763627
P35878,17541.90714763627
P35880,17541.90714763627
P35881,17541.90714763627
P35882,17541.90714763627
P35883,17541.90714763627
P35885,17541.90714763627
P35886,17541.90714763627
P35887,17541.90714763627
P35888,17541.90714763627
P35890,17541.90714763627
P35891,17541.90714763627
P35893,17541.90714763627
P35894,17541.90714763627
P35897,17541.90714763627
P35912,17541.90714763627
P35913,17541.90714763627
P36011,17541.90714763627
P36061,17541.90714763627
P36062,17541.90714763627
P36102,17541.90714763627
P36107,17541.90714763627
P36111,17541.90714763627
P36112,17541.90714763627
P36113,17541.90714763627
P36114,17541.90714763627
P36126,17541.90714763627
P36234,17541.90714763627
P36235,17541.90714763627
P36237,17541.90714763627
P36238,17541.90714763627
P36240,17541.90714763627
P36242,17541.90714763627
P36373,17541.90714763627
P36374,17541.90714763627
P36377,17541.90714763627
P36578,17541.90714763627
P36591,17541.90714763627
P36712,41436.20970510679
P36927,17541.90714763627
P36950,17541.90714763627
P36966,17541.90714763627
P37024,17541.90714763627
P37127,17541.90714763627
P37142,17541.90714763627
P37143,17541.90714763627
P37146,17541.90714763627
P37155,17541.90714763627
P37156,17541.90714763627
P37158,17541.90714763627
P37257,118339.52373949932
P37374,17541.90714763627
P37457,17541.90714763627
P37569,17541.90714763627
P37685,17541.90714763627
P37699,17541.90714763627
P37702,17541.90714763627
P37726,17541.90714763627
P37824,17541.90714763627
P37863,17541.90714763627
P37864,17541.90714763627
P38165,17541.90714763627
P38262,17541.90714763627
P38277,17541.90714763627
P38279,17541.90714763627
P38287,169091.86684346662
P38294,17541.90714763627
P38296,17541.90714763627
P38318,17541.90714763627
P38461,17541.90714763627
P38463,17541.90714763627
P38623,41436.20970510679
P38627,41436.20970510679
P38628,41436.20970510679
P38907,17541.90714763627
P38946,17541.90714763627
P38951,17541.90714763627
P38954,17541.90714763627
P38972,17541.90714763627
P38976,17541.90714763627
P38983,17541.90714763627
P39002,17541.90714763627
P39093,17541.90714763627
P39312,17541.90714763627
P39419,17541.90714763627
P39423,17541.90714763627
P39442,17541.90714763627
P39446,17541.90714763627
P39504,17541.90714763627
P39538,46487.221644334531
P39542,46487.221644334531
P39544,46487.221644334531
P39545,46487.221644334531
P39547,46487.221644334531
P39548,46487.221644334531
P39561,46487.221644334531
P39570,46487.221644334531
P39575,17541.90714763627
P39576,17541.90714763627
P39577,17541.90714763627
P39578,17541.90714763627
P39579,17541.90714763627
P39583,17541.90714763627
P39584,17541.90714763627
P39590,17541.90714763627
P39591,17541.90714763627
P39593,17541.90714763627
P39596,17541.90714763627
P39597,17541.90714763627
P39599,17541.90714763627
P39602,17541.90714763627
P39603,17541.90714763627
P39604,17541.90714763627
P39625,17541.90714763627
P39630,17541.90714763627
P39631,17541.90714763627
P39634,17541.90714763627
P39635,17541.90714763627
P39636,17541.90714763627
P39640,17541.90714763627
P39641,17541.90714763627
P39642,17541.90714763627
P39643,17541.90714763627
P39767,152692.35407055056
P39821,17541.90714763627
P39935,58276.155510279888
P39956,17541.90714763627
P39959,17541.90714763627
P39965,58276.155510279888
P39966,17541.90714763627
P39967,58276.155510279888
P39972,46487.221644334531
P40029,46487.221644334531
P40057,17541.90714763627
P40231,17541.90714763627
P40453,17541.90714763627
P40484,17541.90714763627
P40855,17541.90714763627
P40856,17541.90714763627
P40857,17541.90714763627
P41061,46487.221644334531
P41201,17541.90714763627
P41218,17541.90714763627
P41480,17541.90714763627
P41745,17541.90714763627
P41747,17541.90714763627
P41763,17541.90714763627
P41777,17541.90714763627
P41852,17541.90714763627
P41854,17541.90714763627
P41856,17541.90714763627
P41864,17541.90714763627
P41865,17541.90714763627
P41943,17541.90714763627
P41944,17541.90714763627
P41945,17541.90714763627
P42113,116497.4045346479
P42172,58276.155510279888
P42174,58276.155510279888
P42176,58276.155510279888
P42276,17541.90714763627
P42293,17541.90714763627
P42311,17541.90714763627
P42375,17541.90714763627
P42386,17541.90714763627
P42407,17541.90714763627
P42422,17541.90714763627
P42424,17541.90714763627
P42428,17541.90714763627
P42724,17541.90714763627
P42908,17541.90714763627
P42974,17541.90714763627
P42975,17541.90714763627
P42977,17541.90714763627
P43038,41436.20970510679
P43076,58276.155510279888
P43113,17541.90714763627
P43144,17541.90714763627
P43171,17541.90714763627
P43175,17541.90714763627
P43179,21476.068201437731
P43348,116497.4045346479
P43551,211747.74415049143
P43555,17541.90714763627
P43557,17541.90714763627
P43576,169091.86684346662
P43577,169091.86684346662
P43578,134352.28111028523
P43596,134739.03651241539
P43597,134739.03651241539
P43600,169091.86684346662
P43625,169091.86684346662
P43626,169124.44924573615
P43628,17541.90714763627
P43657,26938.177632134662
P43664,26938.177632134662
P43665,26938.177632134662
P43670,17541.90714763627
P43675,41436.20970510679
P43746,17541.90714763627
P43749,198481.29544774347
P43753,17541.90714763627
P43755,134739.03651241539
P43760,216821.3684080088
P43765,58276.155510279888
P43766,58276.155510279888
P43768,46487.221644334531
P43771,58276.155510279888
P43772,17541.90714763627
P43773,17541.90714763627
P43780,17541.90714763627
P43787,39195.637275022338
P43790,17541.90714763627
P43794,17541.90714763627
P43845,17541.90714763627
P43907,17541.90714763627
P43993,39195.637275022338
P44005,113985.87515715222
P44008,166612.91986824048
P44009,200998.33260156124
P44014,46487.221644334531
P44036,17541.90714763627
P01003,13576.331928208509
P01005,13576.331928208509
P01011,24269.223760544988
P01032,13576.331928208509
P01057,13576.331928208509
P01062,24269.223760544988
P01064,13576.331928208509
P01065,20445.43916416193
P01114,13576.331928208509
P01115,13576.331928208509
P01193,13576.331928208509
P01205,20445.43916416193
P01249,13576.331928208509
P01261,20445.43916416193
P01277,20445.43916416193
P01331,24269.223760544988
P01386,13576.331928208509
P01401,13576.331928208509
P01407,20445.43916416193
P01558,13576.331928208509
P01572,13576.331928208509
P01595,13576.331928208509
P01603,18027.296087924438
P01645,20445.43916416193
P01650,13576.331928208509
P01761,13576.331928208509
P01857,20445.43916416193
P01874,13576.331928208509
P01945,20445.43916416193
P01985,20445.43916416193
P02005,13576.331928208509
P02009,13576.331928208509
P02087,13576.331928208509
P02144,20445.43916416193
P02146,13576.331928208509
P02162,20445.43916416193
P02263,13576.331928208509
P02274,13576.331928208509
P02319,20445.43916416193
P02347,13576.331928208509
P02404,13576.331928208509
P02428,13576.331928208509
P02504,13576.331928208509
P02526,13576.331928208509
P02533,20445.43916416193
P02611,13576.331928208509
P02650,20445.43916416193
P02683,20445.43916416193
P02697,13576.331928208509
P02700,20445.43916416193
P02712,20445.43916416193
P02733,13576.331928208509
P02745,20445.43916416193
P02845,20445.43916416193
P02862,13576.331928208509
P02920,13576.331928208509
P02937,13576.331928208509
P02977,13576.331928208509
P02998,20445.43916416193
P03024,13576.331928208509
P03058,13576.331928208509
P03080,13576.331928208509
P03088,13576.331928208509
P03195,13576.331928208509
P03217,13576.331928208509
P03218,13576.331928208509
P03226,20445.43916416193
P03260,20445.43916416193
P03278,13576.331928208509
P03335,13576.331928208509
P03394,13576.331928208509
P03398,136130.8544700293
P03415,13576.331928208509
P03451,13576.331928208509
P03477,13576.331928208509
P03491,20445.43916416193
P03619,13576.331928208509
P03623,13576.331928208509
P03652,13576.331928208509
P03665,13576.331928208509
P03738,13576.331928208509
P03774,13576.331928208509
P03834,13576.331928208509
P03854,158175.82611055969
P03888,24269.223760544988
P03895,20445.43916416193
P03906,20445.43916416193
P03919,13576.331928208509
P03939,13576.331928208509
P03943,13576.331928208509
P03946,13576.331928208509
P03949,13576.331928208509
P03965,200985.06870292156
P04003,13576.331928208509
P04047,24269.223760544988
P04077,20445.43916416193
P04078,20445.43916416193
P04082,24269.223760544988
P04124,20445.43916416193
P04131,13576.331928208509
P04144,20445.43916416193
P04165,20445.43916416193
P04247,13576.331928208509
P04252,13576.331928208509
P04259,13576.331928208509
P04327,13576.331928208509
P04337,20445.43916416193
P04400,13576.331928208509
P04410,24269.223760544988
P04433,20445.43916416193
P04451,13576.331928208509
P04481,136130.8544700293
P04536,13576.331928208509
P04559,13576.331928208509
P04583,20445.43916416193
P04635,18027.296087924438
P04705,13576.331928208509
P04764,13576.331928208509
P04864,13576.331928208509
P04962,24269.223760544988
P04969,180653.47075343825
P05102,13576.331928208509
P05126,13576.331928208509
P05278,20445.43916416193
P05313,24269.223760544988
P05329,20445.43916416193
P05342,13576.331928208509
P05446,13576.331928208509
P05449,13576.331928208509
P05450,13576.331928208509
P05457,13576.331928208509
P05559,20445.43916416193
P05588,13576.331928208509
P05609,13576.331928208509
P05618,13576.331928208509
P05669,13576.331928208509
P05759,20445.43916416193
P05760,20445.43916416193
P05764,20445.43916416193
P05765,20445.43916416193
P05767,20445.43916416193
P05787,13576.331928208509
P05799,13576.331928208509
P05814,63023.651799902371
P05829,13576.331928208509
P05950,13576.331928208509
P05979,20445.43916416193
P05991,13576.331928208509
P06014,20445.43916416193
P06025,24269.223760544988
P06050,20445.43916416193
P06062,13576.331928208509
P06177,132475.9385621676
P06199,13576.331928208509
P06213,24269.223760544988
P06282,13576.331928208509
P06300,13576.331928208509
P06395,15042.705995078268
P06396,15042.705995078268
P06397,13576.331928208509
P06921,13576.331928208509
P07079,18027.296087924438
P07098,13576.331928208509
P07102,13576.331928208509
P07265,13576.331928208509
P07266,13576.331928208509
P07287,13576.331928208509
P07409,13576.331928208509
P07541,13576.331928208509
P07603,175925.39379949952
P07611,13576.331928208509
P07612,13576.331928208509
P07621,15042.705995078268
P07954,13576.331928208509
P08111,13576.331928208509
P08139,13576.331928208509
P08154,13576.331928208509
P08185,202876.07524280989
P08236,13576.331928208509
P08840,13576.331928208509
P08848,13576.331928208509
P08878,20445.43916416193
P09113,15042.705995078268
P09155,13576.331928208509
P09207,13576.331928208509
P09254,15042.705995078268
P09305,13576.331928208509
P09307,15042.705995078268
P09599,13576.331928208509
P09742,13576.331928208509
P09743,13576.331928208509
P09812,13576.331928208509
P09813,13576.331928208509
P09864,13576.331928208509
P09866,13576.331928208509
P09867,13576.331928208509
P09868,13576.331928208509
P09869,13576.331928208509
P09871,13576.331928208509
P09872,13576.331928208509
P09873,13576.331928208509
P09874,13576.331928208509
P09876,13576.331928208509
P09877,13576.331928208509
P09878,13576.331928208509
P09879,13576.331928208509
P09880,13576.331928208509
P09881,13576.331928208509
P09882,13576.331928208509
P09883,13576.331928208509
P09884,13576.331928208509
P09885,13576.331928208509
P09886,13576.331928208509
P09888,13576.331928208509
P09889,13576.331928208509
P09890,13576.331928208509
P09892,13576.331928208509
P09893,13576.331928208509
P09894,13576.331928208509
P09895,13576.331928208509
P09896,13576.331928208509
P09899,13576.331928208509
P09903,13576.331928208509
P09905,13576.331928208509
P09923,13576.331928208509
P09926,13576.331928208509
P09927,13576.331928208509
P09931,13576.331928208509
P09934,13576.331928208509
P09936,13576.331928208509
P09938,13576.331928208509
P09944,13576.331928208509
P09945,13576.331928208509
P10182,13576.331928208509
P10316,40022.913157258212
P10543,13576.331928208509
P10545,13576.331928208509
P10546,13576.331928208509
P10547,13576.331928208509
P10549,13576.331928208509
P10550,13576.331928208509
P10551,13576.331928208509
P10552,13576.331928208509
P10553,13576.331928208509
P10555,13576.331928208509
P10566,13576.331928208509
P10572,13576.331928208509
P10608,13576.331928208509
P10679,13576.331928208509
P10827,13576.331928208509
P10876,13576.331928208509
P10896,225013.7000032214
P10898,13576.331928208509
P10974,13576.331928208509
P10975,13576.331928208509
P10976,13576.331928208509
P10978,209882.68984914539
P11038,13576.331928208509
P11042,13576.331928208509
P11043,13576.331928208509
P11044,13576.331928208509
P11045,13576.331928208509
P11046,13576.331928208509
P11050,13576.331928208509
P11052,13576.331928208509
P11053,13576.331928208509
P11054,13576.331928208509
P11062,13576.331928208509
P11063,13576.331928208509
P11064,13576.331928208509
P11066,13576.331928208509
P11067,13576.331928208509
P11068,13576.331928208509
P11072,13576.331928208509
P11073,13576.331928208509
P11148,13576.331928208509
P11193,13576.331928208509
P11216,31118.784320900679
P11237,13576.331928208509
P11354,13576.331928208509
P11355,13576.331928208509
P11358,13576.331928208509
P11528,13576.331928208509
P11616,13576.331928208509
P11617,13576.331928208509
P11618,13576.331928208509
P11620,13576.331928208509
P11621,13576.331928208509
P11821,13576.331928208509
P11899,13576.331928208509
P11906,13576.331928208509
P11997,13576.331928208509
P12110,40245.546526043065
P12177,13576.331928208509
P12228,13576.331928208509
P12248,13576.331928208509
P12255,13576.331928208509
P12258,13576.331928208509
P12265,13576.331928208509
P12341,13576.331928208509
P12343,13576.331928208509
P12344,13576.331928208509
P12345,13576.331928208509
P12375,13576.331928208509
P12461,13576.331928208509
P12493,13576.331928208509
P12494,13576.331928208509
P12497,13576.331928208509
P12499,13576.331928208509
P12500,13576.331928208509
P12501,13576.331928208509
P12525,13576.331928208509
P12527,13576.331928208509
P12529,13576.331928208509
P12632,13576.331928208509
P12653,29955.828904964721
P12668,37904.020015850598
P12713,13576.331928208509
P12941,13576.331928208509
P13195,13576.331928208509
P13390,13576.331928208509
P13434,13576.331928208509
P13604,13576.331928208509
P13610,13576.331928208509
P13643,13576.331928208509
P13671,13576.331928208509
P13693,13576.331928208509
P13702,13576.331928208509
P13745,18027.296087924438
P13856,29955.828904964721
P13920,13576.331928208509
P13921,13576.331928208509
P13925,13576.331928208509
P13927,13576.331928208509
P13928,13576.331928208509
P13929,13576.331928208509
P13931,13576.331928208509
P14013,13576.331928208509
P14080,13576.331928208509
P14082,13576.331928208509
P14121,138261.76961818014
P14223,13576.331928208509
P14275,13576.331928208509
P14341,13576.331928208509
P14364,13576.331928208509
P14375,13576.331928208509
P14392,13576.331928208509
P14434,13576.331928208509
P14435,13576.331928208509
P14436,13576.331928208509
P14440,13576.331928208509
P14442,13576.331928208509
P14446,13576.331928208509
P14448,13576.331928208509
P14451,13576.331928208509
P14452,13576.331928208509
P14455,13576.331928208509
P14458,13576.331928208509
P14459,13576.331928208509
P14463,13576.331928208509
P14466,13576.331928208509
P14468,13576.331928208509
P14469,13576.331928208509
P14473,13576.331928208509
P14476,13576.331928208509
P14477,13576.331928208509
P14479,13576.331928208509
P14481,13576.331928208509
P14487,13576.331928208509
P14488,13576.331928208509
P14550,13576.331928208509
P14552,13576.331928208509
P14553,13576.331928208509
P14556,13576.331928208509
P14559,13576.331928208509
P14560,13576.331928208509
P14562,13576.331928208509
P14563,13576.331928208509
P14575,13576.331928208509
P14576,13576.331928208509
P14577,13576.331928208509
P14584,13576.331928208509
P14585,13576.331928208509
P14608,13576.331928208509
P14609,13576.331928208509
P14610,13576.331928208509
P14616,13576.331928208509
P14635,13576.331928208509
P14637,13576.331928208509
P14638,13576.331928208509
P14640,13576.331928208509
P14657,13576.331928208509
P14661,13576.331928208509
P14662,13576.331928208509
P14663,13576.331928208509
P14664,13576.331928208509
P14665,13576.331928208509
P14666,13576.331928208509
P14669,13576.331928208509
P14672,13576.331928208509
P14674,13576.331928208509
P14679,13576.331928208509
P14742,13576.331928208509
P14753,13576.331928208509
P14780,13576.331928208509
P14786,13576.331928208509
P14787,13576.331928208509
P14808,13576.331928208509
P14809,13576.331928208509
P14810,13576.331928208509
P14814,13576.331928208509
P14860,13576.331928208509
P14865,13576.331928208509
P14871,13576.331928208509
P14901,13576.331928208509
P14918,13576.331928208509
P14923,13576.331928208509
P14926,13576.331928208509
P14947,13576.331928208509
P14952,13576.331928208509
P14953,13576.331928208509
P14955,13576.331928208509
P14957,13576.331928208509
P14959,13576.331928208509
P14960,13576.331928208509
P14961,13576.331928208509
P14962,13576.331928208509
P14963,13576.331928208509
P14964,13576.331928208509
P14965,13576.331928208509
P14966,13576.331928208509
P14967,13576.331928208509
P14971,13576.331928208509
P14972,13576.331928208509
P14973,13576.331928208509
P14974,13576.331928208509
P14975,13576.331928208509
P14977,13576.331928208509
P14980,13576.331928208509
P14985,13576.331928208509
P14988,13576.331928208509
P14989,13576.331928208509
P14991,13576.331928208509
P14992,13576.331928208509
P14994,13576.331928208509
P14995,13576.331928208509
P14996,13576.331928208509
P14997,13576.331928208509
P14998,13576.331928208509
P15000,13576.331928208509
P15001,13576.331928208509
P15002,13576.331928208509
P15004,13576.331928208509
P15006,13576.331928208509
P15008,13576.331928208509
P15009,13576.331928208509
P15011,13576.331928208509
P15014,13576.331928208509
P15015,13576.331928208509
P15017,13576.331928208509
P15070,13576.331928208509
P15071,13576.331928208509
P15072,13576.331928208509
P15073,13576.331928208509
P15083,172682.75977542519
P15133,13576.331928208509
P15148,13576.331928208509
P15151,13576.331928208509
P15153,13576.331928208509
P15178,13576.331928208509
P15179,13576.331928208509
P15181,13576.331928208509
P15234,13576.331928208509
P15236,13576.331928208509
P15237,13576.331928208509
P15243,29955.828904964721
P15256,29955.828904964721
P15258,13576.331928208509
P15260,13576.331928208509
P15261,13576.331928208509
P15263,13576.331928208509
P15264,13576.331928208509
P15265,13576.331928208509
P15267,13576.331928208509
P15269,13576.331928208509
P15270,13576.331928208509
P15272,13576.331928208509
P15279,13576.331928208509
P15280,13576.331928208509
P15282,13576.331928208509
P15302,13576.331928208509
P15305,13576.331928208509
P15307,13576.331928208509
P15308,13576.331928208509
P15325,13576.331928208509
P15341,13576.331928208509
P15343,13576.331928208509
P15344,13576.331928208509
P15345,13576.331928208509
P15347,13576.331928208509
P15364,13576.331928208509
P15366,13576.331928208509
P15413,13576.331928208509
P15416,13576.331928208509
P15417,13576.331928208509
P15422,13576.331928208509
P15423,13576.331928208509
P15424,13576.331928208509
P15431,13576.331928208509
P15433,13576.331928208509
P15434,13576.331928208509
P15443,13576.331928208509
P15444,13576.331928208509
P15483,13576.331928208509
P15487,13576.331928208509
P15488,13576.331928208509
P15511,13576.331928208509
P15512,13576.331928208509
P15519,13576.331928208509
P15520,13576.331928208509
P15521,13576.331928208509
P15522,13576.331928208509
P15523,13576.331928208509
P15536,13576.331928208509
P15537,13576.331928208509
P15541,13576.331928208509
P15542,13576.331928208509
P15544,13576.331928208509
P15545,13576.331928208509
P15546,13576.331928208509
P15547,13576.331928208509
P15548,13576.331928208509
P15556,13576.331928208509
P15586,13576.331928208509
P15587,13576.331928208509
P15588,13576.331928208509
P15836,13576.331928208509
P15876,13576.331928208509
P15880,13576.331928208509
P15881,13576.331928208509
P15883,40521.149138727815
P15948,13576.331928208509
P15949,13576.331928208509
P15951,13576.331928208509
P15952,13576.331928208509
P15956,13576.331928208509
P15964,13576.331928208509
P15966,13576.331928208509
P15968,13576.331928208509
P15971,13576.331928208509
P15974,13576.331928208509
P15976,13576.331928208509
P15978,13576.331928208509
P15981,13576.331928208509
P16058,13576.331928208509
P16059,13576.331928208509
P16061,193373.23370153244
P16069,13576.331928208509
P16071,13576.331928208509
P16072,13576.331928208509
P16073,13576.331928208509
P16085,13576.331928208509
P16148,13576.331928208509
P16150,13576.331928208509
P16152,13576.331928208509
P16153,13576.331928208509
P16239,13576.331928208509
P16242,13576.331928208509
P16370,13576.331928208509
P16379,13576.331928208509
P16389,13576.331928208509
P16391,13576.331928208509
P16408,13576.331928208509
P16422,13576.331928208509
P16434,13576.331928208509
P16436,13576.331928208509
P16467,13576.331928208509
P16468,13576.331928208509
P16469,13576.331928208509
P16472,13576.331928208509
P16476,13576.331928208509
P16477,13576.331928208509
P16478,13576.331928208509
P16480,13576.331928208509
P16483,13576.331928208509
P16484,13576.331928208509
P16485,13576.331928208509
P16523,13576.331928208509
P16568,13576.331928208509
P16606,13576.331928208509
P16607,13576.331928208509
P16608,13576.331928208509
P16659,13576.331928208509
P16667,13576.331928208509
P16670,13576.331928208509
P16676,13576.331928208509
P16677,13576.331928208509
P16689,13576.331928208509
P16822,13576.331928208509
P16825,13576.331928208509
P16827,13576.331928208509
P16897,13576.331928208509
P17012,13576.331928208509
P17042,13576.331928208509
P17124,13576.331928208509
P17185,13576.331928208509
P17219,13576.331928208509
P17221,13576.331928208509
P17222,13576.331928208509
P17225,13576.331928208509
P17235,13576.331928208509
P17490,13576.331928208509
P17494,13576.331928208509
P17646,13576.331928208509
P17686,13576.331928208509
P17688,13576.331928208509
P17690,13576.331928208509
P17691,13576.331928208509
P17692,13576.331928208509
P17695,13576.331928208509
P17697,13576.331928208509
P17698,13576.331928208509
P17771,13576.331928208509
P17772,13576.331928208509
P17773,13576.331928208509
P17876,13576.331928208509
P17877,13576.331928208509
P17879,13576.331928208509
P17882,13576.331928208509
P17884,13576.331928208509
P17886,13576.331928208509
P17888,13576.331928208509
P17890,13576.331928208509
P17892,13576.331928208509
P17901,13576.331928208509
P17910,13576.331928208509
P18090,13576.331928208509
P18208,13576.331928208509
P18280,13576.331928208509
P18313,13576.331928208509
P18318,13576.331928208509
P18320,13576.331928208509
P18321,13576.331928208509
P18323,13576.331928208509
P18327,13576.331928208509
P18329,13576.331928208509
P18330,13576.331928208509
P18335,13576.331928208509
P18419,13576.331928208509
P18420,13576.331928208509
P18422,13576.331928208509
P18424,13576.331928208509
P18425,13576.331928208509
P18448,13576.331928208509
P18449,13576.331928208509
P18450,13576.331928208509
P18572,13576.331928208509
P18573,13576.331928208509
P18575,13576.331928208509
P18583,13576.331928208509
P18653,13576.331928208509
P18699,13576.331928208509
P18767,13576.331928208509
P18808,13576.331928208509
P18809,13576.331928208509
P18817,142785.44444601316
P18869,13576.331928208509
P18949,13576.331928208509
P18994,40521.149138727815
P19016,13576.331928208509
P19019,13576.331928208509
P19020,13576.331928208509
P19065,13576.331928208509
P19157,13576.331928208509
P19176,13576.331928208509
P19179,13576.331928208509
P19182,13576.331928208509
P19185,13576.331928208509
P19188,13576.331928208509
P19190,13576.331928208509
P19198,13576.331928208509
P19220,13576.331928208509
P19233,13576.331928208509
P19236,13576.331928208509
P19294,13576.331928208509
P19312,26085.987873723974
P19403,195629.75923083184
P19525,13576.331928208509
P19528,13576.331928208509
P19610,13576.331928208509
P20081,13576.331928208509
P20082,13576.331928208509
P20167,13576.331928208509
P20168,13576.331928208509
P20171,13576.331928208509
P20172,13576.331928208509
P20177,13576.331928208509
P20193,13576.331928208509
P20194,13576.331928208509
P20195,13576.331928208509
P20196,13576.331928208509
P20197,13576.331928208509
P20200,13576.331928208509
P20201,13576.331928208509
P20203,13576.331928208509
P20204,13576.331928208509
P20206,13576.331928208509
P20208,13576.331928208509
P20209,13576.331928208509
P20211,13576.331928208509
P20224,13576.331928208509
P20226,13576.331928208509
P20227,13576.331928208509
P20231,13576.331928208509
P20232,13576.331928208509
P20233,13576.331928208509
P20235,13576.331928208509
P20238,13576.331928208509
P20278,13576.331928208509
P20279,13576.331928208509
P20282,13576.331928208509
P20290,13576.331928208509
P20297,13576.331928208509
P20306,13576.331928208509
P20322,13576.331928208509
P20325,13576.331928208509
P20331,13576.331928208509
P20348,13576.331928208509
P20354,13576.331928208509
P20356,13576.331928208509
P20359,13576.331928208509
P20360,13576.331928208509
P20361,13576.331928208509
P20365,13576.331928208509
P20366,13576.331928208509
P20370,13576.331928208509
P20371,13576.331928208509
P20376,13576.331928208509
P20377,13576.331928208509
P20426,13576.331928208509
P20463,13576.331928208509
P20575,13576.331928208509
P20581,13576.331928208509
P20583,13576.331928208509
P20587,13576.331928208509
P20591,13576.331928208509
P20631,13576.331928208509
P20650,29955.828904964721
P20675,13576.331928208509
P20698,13576.331928208509
P20703,13576.331928208509
P20721,13576.331928208509
P20758,13576.331928208509
P20779,13576.331928208509
P20810,13576.331928208509
P20820,13576.331928208509
P20821,13576.331928208509
P20822,13576.331928208509
P20824,13576.331928208509
P20842,13576.331928208509
P20863,13576.331928208509
P20864,13576.331928208509
P21043,13576.331928208509
P21045,13576.331928208509
P21052,13576.331928208509
P21055,13576.331928208509
P21125,13576.331928208509
P21411,13576.331928208509
P21416,13576.331928208509
P21447,13576.331928208509
P21448,13576.331928208509
P21461,99431.961537184121
P21466,13576.331928208509
P21468,13576.331928208509
P21503,128392.61626087889
P21549,13576.331928208509
P21585,13576.331928208509
P21622,13576.331928208509
P21634,13576.331928208509
P21640,13576.331928208509
P21721,13576.331928208509
P21725,13576.331928208509
P21726,13576.331928208509
P21727,13576.331928208509
P21734,13576.331928208509
P21741,13576.331928208509
P21764,13576.331928208509
P21769,13576.331928208509
P21806,13576.331928208509
P21904,13576.331928208509
P21906,13576.331928208509
P21909,13576.331928208509
P21913,13576.331928208509
P21914,13576.331928208509
P21917,13576.331928208509
P21919,13576.331928208509
P21920,13576.331928208509
P21925,13576.331928208509
P21937,13576.331928208509
P21943,13576.331928208509
P21945,13576.331928208509
P21951,13576.331928208509
P21953,13576.331928208509
P21954,13576.331928208509
P21965,13576.331928208509
P21968,13576.331928208509
P21972,13576.331928208509
P21976,13576.331928208509
P21978,13576.331928208509
P21980,13576.331928208509
P22010,13576.331928208509
P22011,13576.331928208509
P22012,13576.331928208509
P22014,13576.331928208509
P22015,13576.331928208509
P22018,13576.331928208509
P22020,13576.331928208509
P22021,13576.331928208509
P22024,13576.331928208509
P22027,13576.331928208509
P22028,13576.331928208509
P22029,13576.331928208509
P22030,13576.331928208509
P22031,13576.331928208509
P22033,13576.331928208509
P22037,13576.331928208509
P22038,13576.331928208509
P22085,13576.331928208509
P22744,13576.331928208509
P23001,13576.331928208509
P23142,13576.331928208509
P23258,13576.331928208509
P23277,29955.828904964721
P23454,13576.331928208509
P23596,13576.331928208509
P23622,13576.331928208509
P23632,13576.331928208509
P23636,13576.331928208509
P23637,13576.331928208509
P23728,13576.331928208509
P23730,13576.331928208509
P23731,13576.331928208509
P23732,13576.331928208509
P23734,13576.331928208509
P23740,13576.331928208509
P23744,13576.331928208509
P23747,13576.331928208509
P23748,13576.331928208509
P23843,13576.331928208509
P23870,13576.331928208509
P23981,13576.331928208509
P24129,13576.331928208509
P24130,13576.331928208509
P24131,13576.331928208509
P24152,13576.331928208509
P24227,13576.331928208509
P24243,13576.331928208509
P24244,13576.331928208509
P24245,13576.331928208509
P24247,13576.331928208509
P24248,13576.331928208509
P24249,13576.331928208509
P24250,13576.331928208509
P24251,13576.331928208509
P24252,13576.331928208509
P24254,13576.331928208509
P24255,13576.331928208509
P24256,13576.331928208509
P24258,13576.331928208509
P24259,13576.331928208509
P24261,13576.331928208509
P24263,13576.331928208509
P24264,13576.331928208509
P24265,13576.331928208509
P24268,13576.331928208509
P24269,13576.331928208509
P24270,13576.331928208509
P24271,13576.331928208509
P24273,13576.331928208509
P24274,13576.331928208509
P24275,13576.331928208509
P24372,13576.331928208509
P24380,13576.331928208509
P24383,13576.331928208509
P24420,13576.331928208509
P24454,13576.331928208509
P24466,31118.784320900679
P24732,155244.08953836732
P25331,13576.331928208509
P25333,13576.331928208509
P25509,13576.331928208509
P25510,31118.784320900679
P25511,13576.331928208509
P25553,13576.331928208509
P25558,13576.331928208509
P25563,40022.913157258212
P25576,45279.834331159858
P25689,13576.331928208509
P25951,13576.331928208509
P26022,13576.331928208509
P26202,18027.296087924438
P26522,13576.331928208509
P26524,13576.331928208509
P26537,13576.331928208509
P26538,13576.331928208509
P26539,13576.331928208509
P26541,13576.331928208509
P26605,13576.331928208509
P26640,13576.331928208509
P26679,13576.331928208509
P26688,13576.331928208509
P26731,13576.331928208509
P26736,13576.331928208509
P26754,13576.331928208509
P26758,13576.331928208509
P26798,13576.331928208509
P26855,13576.331928208509
P26929,13576.331928208509
P27290,13576.331928208509
P27291,13576.331928208509
P27292,13576.331928208509
P27293,13576.331928208509
P27294,13576.331928208509
P27297,13576.331928208509
P27298,13576.331928208509
P27301,13576.331928208509
P27302,13576.331928208509
P27305,13576.331928208509
P27397,13576.331928208509
P27419,13576.331928208509
P27440,13576.331928208509
P27441,13576.331928208509
P27443,13576.331928208509
P27499,13576.331928208509
P27501,13576.331928208509
P27502,13576.331928208509
P27503,13576.331928208509
P27506,13576.331928208509
P27507,13576.331928208509
P27509,13576.331928208509
P27510,13576.331928208509
P27512,13576.331928208509
P27515,13576.331928208509
P27520,13576.331928208509
P27522,13576.331928208509
P27539,13576.331928208509
P27540,13576.331928208509
P27542,13576.331928208509
P27543,13576.331928208509
P27546,13576.331928208509
P27548,13576.331928208509
P27549,13576.331928208509
P27551,13576.331928208509
P27554,13576.331928208509
P27557,13576.331928208509
P27558,13576.331928208509
P27559,13576.331928208509
P27562,13576.331928208509
P27563,13576.331928208509
P27564,13576.331928208509
P27575,13576.331928208509
P27576,13576.331928208509
P27579,13576.331928208509
P27583,13576.331928208509
P27584,13576.331928208509
P27585,13576.331928208509
P27589,13576.331928208509
P27597,13576.331928208509
P27599,13576.331928208509
P27601,13576.331928208509
P27602,13576.331928208509
P27604,13576.331928208509
P27605,13576.331928208509
P27606,13576.331928208509
P27610,13576.331928208509
P27611,13576.331928208509
P27613,13576.331928208509
P27614,13576.331928208509
P27615,13576.331928208509
P27617,13576.331928208509
P27618,13576.331928208509
P27622,13576.331928208509
P27625,13576.331928208509
P27626,13576.331928208509
P27629,13576.331928208509
P27630,13576.331928208509
P27652,13576.331928208509
P27683,13576.331928208509
P27809,13576.331928208509
P27824,13576.331928208509
P27826,13576.331928208509
P27830,13576.331928208509
P27831,13576.331928208509
P27832,13576.331928208509
P27837,13576.331928208509
P28449,13576.331928208509
P28450,13576.331928208509
P28452,13576.331928208509
P28454,13576.331928208509
P28455,13576.331928208509
P28456,13576.331928208509
P28457,13576.331928208509
P28458,13576.331928208509
P28460,13576.331928208509
P28470,13576.331928208509
P28471,13576.331928208509
P28474,13576.331928208509
P28475,13576.331928208509
P28479,13576.331928208509
P28481,13576.331928208509
P28486,13576.331928208509
P28487,13576.331928208509
P28490,13576.331928208509
P28491,13576.331928208509
P28500,13576.331928208509
P28508,13576.331928208509
P28514,13576.331928208509
P28520,13576.331928208509
P28522,13576.331928208509
P28524,13576.331928208509
P28528,13576.331928208509
P28530,13576.331928208509
P28553,13576.331928208509
P28556,13576.331928208509
P28557,13576.331928208509
P28558,13576.331928208509
P28560,13576.331928208509
P28563,13576.331928208509
P28574,13576.331928208509
P28583,13576.331928208509
P28596,13576.331928208509
P28644,13576.331928208509
P28691,13576.331928208509
P28703,13576.331928208509
P28715,13576.331928208509
P28717,13576.331928208509
P28718,13576.331928208509
P28719,13576.331928208509
P28733,13576.331928208509
P28734,13576.331928208509
P28744,13576.331928208509
P28745,13576.331928208509
P28746,13576.331928208509
P28812,13576.331928208509
P28813,13576.331928208509
P28815,13576.331928208509
P28820,13576.331928208509
P28821,13576.331928208509
P28822,13576.331928208509
P28824,13576.331928208509
P28826,13576.331928208509
P28828,13576.331928208509
P28829,13576.331928208509
P28830,13576.331928208509
P28831,13576.331928208509
P28846,13576.331928208509
P28847,13576.331928208509
P28850,13576.331928208509
P28851,13576.331928208509
P28852,13576.331928208509
P28853,13576.331928208509
P28855,13576.331928208509
P28856,13576.331928208509
P28858,13576.331928208509
P28860,13576.331928208509
P28956,13576.331928208509
P28960,13576.331928208509
P28964,13576.331928208509
P28966,13576.331928208509
P28967,13576.331928208509
P28968,13576.331928208509
P28969,13576.331928208509
P29036,13576.331928208509
P29044,13576.331928208509
P29046,13576.331928208509
P29049,13576.331928208509
P29052,13576.331928208509
P29060,13576.331928208509
P29061,13576.331928208509
P29068,13576.331928208509
P29069,13576.331928208509
P29070,13576.331928208509
P29071,13576.331928208509
P29072,13576.331928208509
P29075,13576.331928208509
P29076,13576.331928208509
P29077,13576.331928208509
P29078,13576.331928208509
P29079,13576.331928208509
P29080,13576.331928208509
P29081,13576.331928208509
P29082,13576.331928208509
P29084,13576.331928208509
P29086,13576.331928208509
P29088,13576.331928208509
P29089,13576.331928208509
P29090,13576.331928208509
P29092,13576.331928208509
P29093,13576.331928208509
P29094,13576.331928208509
P29095,13576.331928208509
P29098,13576.331928208509
P29099,13576.331928208509
P29102,13576.331928208509
P29103,13576.331928208509
P29108,13576.331928208509
P29111,29955.828904964721
P29154,13576.331928208509
P29156,13576.331928208509
P29157,13576.331928208509
P29158,13576.331928208509
P29160,13576.331928208509
P29161,13576.331928208509
P29162,13576.331928208509
P29163,13576.331928208509
P29164,13576.331928208509
P29165,13576.331928208509
P29166,13576.331928208509
P29167,13576.331928208509
P29168,13576.331928208509
P29169,13576.331928208509
P29170,13576.331928208509
P29171,13576.331928208509
P29174,13576.331928208509
P29175,13576.331928208509
P29177,13576.331928208509
P29178,13576.331928208509
P29179,13576.331928208509
P29182,13576.331928208509
P29185,13576.331928208509
P29186,13576.331928208509
P29187,13576.331928208509
P29188,13576.331928208509
P29189,13576.331928208509
P29191,13576.331928208509
P29194,13576.331928208509
P29195,13576.331928208509
P29222,13576.331928208509
P29223,13576.331928208509
P29226,13576.331928208509
P29227,13576.331928208509
P29228,13576.331928208509
P29229,13576.331928208509
P29326,13576.331928208509
P29338,13576.331928208509
P29339,13576.331928208509
P29340,13576.331928208509
P29342,13576.331928208509
P29343,13576.331928208509
P29347,13576.331928208509
P29391,13576.331928208509
P29395,13576.331928208509
P29396,13576.331928208509
P29397,13576.331928208509
P29398,13576.331928208509
P29399,181089.40041890467
P29402,13576.331928208509
P29405,13576.331928208509
P29406,13576.331928208509
P29407,13576.331928208509
P29408,13576.331928208509
P29409,13576.331928208509
P29410,13576.331928208509
P29425,13576.331928208509
P29427,13576.331928208509
P29428,13576.331928208509
P29429,223295.1869543567
P29430,13576.331928208509
P29431,13576.331928208509
P29433,13576.331928208509
P29434,13576.331928208509
P29435,13576.331928208509
P29436,13576.331928208509
P29437,13576.331928208509
P29438,13576.331928208509
P29441,13576.331928208509
P29442,209882.68984914539
P29445,13576.331928208509
P29450,13576.331928208509
P29458,13576.331928208509
P29459,13576.331928208509
P29460,13576.331928208509
P29473,13576.331928208509
P29474,13576.331928208509
P29475,136566.78413549572
P29477,13576.331928208509
P29478,13576.331928208509
P29481,13576.331928208509
P29486,13576.331928208509
P29487,13576.331928208509
P29489,13576.331928208509
P29491,13576.331928208509
P29492,13576.331928208509
P29493,13576.331928208509
P29494,13576.331928208509
P29497,13576.331928208509
P29498,255703.44626279679
P29499,13576.331928208509
P29502,13576.331928208509
P29503,13576.331928208509
P29506,13576.331928208509
P29509,13576.331928208509
P29510,13576.331928208509
P29511,13576.331928208509
P29512,13576.331928208509
P29514,13576.331928208509
P29515,13576.331928208509
P29517,13576.331928208509
P29518,13576.331928208509
P29519,13576.331928208509
P29522,13576.331928208509
P29523,13576.331928208509
P29528,13576.331928208509
P29529,13576.331928208509
P29531,13576.331928208509
P29532,13576.331928208509
P29533,13576.331928208509
P29534,13576.331928208509
P29536,13576.331928208509
P29537,13576.331928208509
P29538,13576.331928208509
P29539,13576.331928208509
P29540,13576.331928208509
P29542,13576.331928208509
P29544,13576.331928208509
P29546,13576.331928208509
P29547,13576.331928208509
P29548,13576.331928208509
P29549,13576.331928208509
P29550,13576.331928208509
P29551,13576.331928208509
P29554,13576.331928208509
P29556,13576.331928208509
P29557,13576.331928208509
P29559,13576.331928208509
P29562,13576.331928208509
P29563,13576.331928208509
P29564,13576.331928208509
P29566,13576.331928208509
P29567,13576.331928208509
P29568,13576.331928208509
P29590,13576.331928208509
P29598,13576.331928208509
P29600,13576.331928208509
P29604,13576.331928208509
P29647,13576.331928208509
P29659,13576.331928208509
P29671,13576.331928208509
P29673,13576.331928208509
P29676,13576.331928208509
P29690,13576.331928208509
P29698,13576.331928208509
P29699,13576.331928208509
P29701,13576.331928208509
P29756,13576.331928208509
P29794,13576.331928208509
P29795,13576.331928208509
P29796,13576.331928208509
P29820,13576.331928208509
P29822,13576.331928208509
P29842,13576.331928208509
P29851,13576.331928208509
P29853,13576.331928208509
P29856,13576.331928208509
P29862,13576.331928208509
P29925,31318.935906063823
P30010,13576.331928208509
P30024,13576.331928208509
P30034,13576.331928208509
P30035,13576.331928208509
P30042,13576.331928208509
P30046,13576.331928208509
P30050,13576.331928208509
P30052,13576.331928208509
P30053,13576.331928208509
P30085,13576.331928208509
P30086,13576.331928208509
P30089,13576.331928208509
P30090,13576.331928208509
P30092,13576.331928208509
P30093,13576.331928208509
P30094,13576.331928208509
P30095,13576.331928208509
P30097,13576.331928208509
P30100,13576.331928208509
P30101,13576.331928208509
P30103,13576.331928208509
P30104,13576.331928208509
P30105,13576.331928208509
P30107,13576.331928208509
P30108,13576.331928208509
P30109,13576.331928208509
P30112,13576.331928208509
P30114,13576.331928208509
P30116,13576.331928208509
P30117,13576.331928208509
P30118,13576.331928208509
P30121,13576.331928208509
P30133,13576.331928208509
P30134,13576.331928208509
P30135,13576.331928208509
P30136,13576.331928208509
P30138,13576.331928208509
P30146,13576.331928208509
P30149,13576.331928208509
P30150,13576.331928208509
P30152,13576.331928208509
P30154,13576.331928208509
P30155,13576.331928208509
P30156,13576.331928208509
P30158,13576.331928208509
P30160,13576.331928208509
P30161,13576.331928208509
P30162,13576.331928208509
P30164,13576.331928208509
P30166,13576.331928208509
P30167,13576.331928208509
P30168,212729.86672059359
P30169,13576.331928208509
P30170,13576.331928208509
P30173,13576.331928208509
P30174,13576.331928208509
P30175,13576.331928208509
P30176,13576.331928208509
P30178,13576.331928208509
P30180,13576.331928208509
P30181,13576.331928208509
P30182,13576.331928208509
P30185,13576.331928208509
P30186,13576.331928208509
P30187,13576.331928208509
P30189,13576.331928208509
P30191,13576.331928208509
P30192,13576.331928208509
P30193,13576.331928208509
P30195,13576.331928208509
P30198,13576.331928208509
P30199,13576.331928208509
P30200,13576.331928208509
P30201,13576.331928208509
P30203,13576.331928208509
P30204,13576.331928208509
P30205,13576.331928208509
P30207,13576.331928208509
P30249,13576.331928208509
P30250,13576.331928208509
P30269,13576.331928208509
P30270,13576.331928208509
P30271,13576.331928208509
P30273,13576.331928208509
P30274,13576.331928208509
P30275,13576.331928208509
P30277,13576.331928208509
P30278,13576.331928208509
P30285,13576.331928208509
P30287,13576.331928208509
P30288,13576.331928208509
P30289,13576.331928208509
P30290,13576.331928208509
P30292,13576.331928208509
P30399,13576.331928208509
P30400,13576.331928208509
P30402,13576.331928208509
P30403,13576.331928208509
P30404,13576.331928208509
P30405,13576.331928208509
P30406,13576.331928208509
P30408,13576.331928208509
P30409,13576.331928208509
P30410,13576.331928208509
P30411,13576.331928208509
P30412,13576.331928208509
P30414,13576.331928208509
P30416,13576.331928208509
P30418,13576.331928208509
P30420,13576.331928208509
P30424,13576.331928208509
P30425,13576.331928208509
P30426,13576.331928208509
P30429,13576.331928208509
P30431,13576.331928208509
P30432,13576.331928208509
P30433,13576.331928208509
P30434,13576.331928208509
P30437,13576.331928208509
P30438,13576.331928208509
P30439,13576.331928208509
P30440,13576.331928208509
P30441,13576.331928208509
P30442,13576.331928208509
P30443,13576.331928208509
P30445,13576.331928208509
P30449,13576.331928208509
P30451,13576.331928208509
P30452,13576.331928208509
P30454,13576.331928208509
P30455,13576.331928208509
P30458,13576.331928208509
P30459,13576.331928208509
P30460,13576.331928208509
P30463,13576.331928208509
P30464,13576.331928208509
P30468,13576.331928208509
P30473,13576.331928208509
P30478,13576.331928208509
P30479,13576.331928208509
P30482,13576.331928208509
P30483,13576.331928208509
P30484,13576.331928208509
P30489,13576.331928208509
P30495,13576.331928208509
P30496,13576.331928208509
P30497,13576.331928208509
P30499,13576.331928208509
P30502,13576.331928208509
P30503,13576.331928208509
P30505,13576.331928208509
P30514,13576.331928208509
P30515,13576.331928208509
P30516,13576.331928208509
P30517,13576.331928208509
P30518,13576.331928208509
P30519,13576.331928208509
P30520,13576.331928208509
P30522,13576.331928208509
P30523,13576.331928208509
P30525,13576.331928208509
P30527,13576.331928208509
P30528,13576.331928208509
P30531,13576.331928208509
P30532,13576.331928208509
P30533,13576.331928208509
P30534,13576.331928208509
P30537,13576.331928208509
P30545,13576.331928208509
P30571,13576.331928208509
P30639,13576.331928208509
P30643,13576.331928208509
P30666,13576.331928208509
P30679,13576.331928208509
P30681,13576.331928208509
P30684,13576.331928208509
P30691,13576.331928208509
P30692,13576.331928208509
P30706,13576.331928208509
P30709,13576.331928208509
P30715,13576.331928208509
P30717,13576.331928208509
P30758,13576.331928208509
P30842,13576.331928208509
P30870,13576.331928208509
P30872,13576.331928208509
P30912,13576.331928208509
P31067,13576.331928208509
P31077,13576.331928208509
P31123,13576.331928208509
P31229,13576.331928208509
P31230,13576.331928208509
P31232,13576.331928208509
P31329,13576.331928208509
P31345,13576.331928208509
P31347,13576.331928208509
P31461,13576.331928208509
P31464,13576.331928208509
P31466,13576.331928208509
P31513,37904.020015850598
P31591,13576.331928208509
P31598,13576.331928208509
P31614,13576.331928208509
P31618,13576.331928208509
P31652,13576.331928208509
P31691,29955.828904964721
P31692,40521.149138727815
P31713,13576.331928208509
P31720,13576.331928208509
P31721,13576.331928208509
P31785,26085.987873723974
P31806,13576.331928208509
P31851,13576.331928208509
P31998,154342.79452135798
P32151,13576.331928208509
P32196,29955.828904964721
P32219,13576.331928208509
P32229,13576.331928208509
P32250,37904.020015850598
P32255,29955.828904964721
P32320,13576.331928208509
P32955,13576.331928208509
P33551,13576.331928208509
P33588,13576.331928208509
P33754,13576.331928208509
P33890,13576.331928208509
P33891,13576.331928208509
P33939,31118.784320900679
P34122,13576.331928208509
P34204,13576.331928208509
P34300,13576.331928208509
P34301,13576.331928208509
P34303,13576.331928208509
P34304,13576.331928208509
P34305,13576.331928208509
P34306,13576.331928208509
P34307,13576.331928208509
P34309,13576.331928208509
P34310,13576.331928208509
P34312,13576.331928208509
P34313,13576.331928208509
P34315,13576.331928208509
P34317,13576.331928208509
P34318,13576.331928208509
P34319,13576.331928208509
P34320,13576.331928208509
P34321,13576.331928208509
P34324,13576.331928208509
P34326,13576.331928208509
P34327,13576.331928208509
P34332,13576.331928208509
P34333,13576.331928208509
P34334,13576.331928208509
P34335,13576.331928208509
P34337,13576.331928208509
P34338,13576.331928208509
P34339,13576.331928208509
P34340,13576.331928208509
P34341,13576.331928208509
P34342,13576.331928208509
P34344,13576.331928208509
P34345,13576.331928208509
P34347,13576.331928208509
P34348,13576.331928208509
P34350,13576.331928208509
P34351,13576.331928208509
P34352,13576.331928208509
P34373,13576.331928208509
P34374,13576.331928208509
P34375,13576.331928208509
P34381,13576.331928208509
P34388,13576.331928208509
P34389,13576.331928208509
P34390,13576.331928208509
P34392,13576.331928208509
P34451,13576.331928208509
P34470,13576.331928208509
P34473,13576.331928208509
P34475,13576.331928208509
P34545,13576.331928208509
P34548,13576.331928208509
P34578,13576.331928208509
P34664,13576.331928208509
P34722,13576.331928208509
P34892,13576.331928208509
P34894,13576.331928208509
P35464,113175.60255272768
P35694,13576.331928208509
P36063,13576.331928208509
P36072,18027.296087924438
P36075,18027.296087924438
P36077,18027.296087924438
P36105,13576.331928208509
P36106,13576.331928208509
P36115,13576.331928208509
P36119,13576.331928208509
P36327,13576.331928208509
P36414,13576.331928208509
P36415,13576.331928208509
P36416,13576.331928208509
P36419,13576.331928208509
P36421,13576.331928208509
P36422,13576.331928208509
P36423,13576.331928208509
P36425,13576.331928208509
P36454,13576.331928208509
P36619,13576.331928208509
P36772,13576.331928208509
P36829,13576.331928208509
P36835,13576.331928208509
P36838,13576.331928208509
P36863,13576.331928208509
P36896,13576.331928208509
P36898,156529.08546155671
P36899,13576.331928208509
P37112,13576.331928208509
P37115,13576.331928208509
P37118,13576.331928208509
P37141,13576.331928208509
P37145,13576.331928208509
P37157,13576.331928208509
P37421,13576.331928208509
P37422,13576.331928208509
P37423,13576.331928208509
P37425,13576.331928208509
P37426,13576.331928208509
P37427,13576.331928208509
P37428,13576.331928208509
P37697,13576.331928208509
P38347,13576.331928208509
P38411,13576.331928208509
P38454,13576.331928208509
P38456,13576.331928208509
P38457,151705.45964651511
P38458,13576.331928208509
P38459,13576.331928208509
P38460,13576.331928208509
P38462,13576.331928208509
P38467,13576.331928208509
P38468,13576.331928208509
P38472,13576.331928208509
P38537,13576.331928208509
P38567,13576.331928208509
P38709,13576.331928208509
P38711,13576.331928208509
P38712,13576.331928208509
P38713,13576.331928208509
P38714,13576.331928208509
P38715,13576.331928208509
P38718,13576.331928208509
P38720,13576.331928208509
P38722,13576.331928208509
P38723,13576.331928208509
P38727,13576.331928208509
P38729,13576.331928208509
P38733,13576.331928208509
P38734,13576.331928208509
P38735,13576.331928208509
P38737,13576.331928208509
P38740,13576.331928208509
P38741,13576.331928208509
P38744,13576.331928208509
P38745,208014.96829557489
P38753,13576.331928208509
P38754,13576.331928208509
P38755,13576.331928208509
P38757,13576.331928208509
P38759,13576.331928208509
P38762,13576.331928208509
P38766,13576.331928208509
P38767,13576.331928208509
P38768,13576.331928208509
P38770,13576.331928208509
P38778,13576.331928208509
P38779,13576.331928208509
P38780,13576.331928208509
P38783,13576.331928208509
P38853,13576.331928208509
P38854,13576.331928208509
P38855,13576.331928208509
P38903,13576.331928208509
P38906,13576.331928208509
P38929,13576.331928208509
P38930,181089.40041890467
P38932,13576.331928208509
P38933,13576.331928208509
P38936,13576.331928208509
P38937,13576.331928208509
P38942,13576.331928208509
P38943,13576.331928208509
P38944,13576.331928208509
P38945,13576.331928208509
P38947,13576.331928208509
P38949,13576.331928208509
P38950,223482.7352965748
P38952,13576.331928208509
P38953,13576.331928208509
P38955,13576.331928208509
P38956,13576.331928208509
P38958,13576.331928208509
P38959,13576.331928208509
P38962,13576.331928208509
P38963,13576.331928208509
P38965,13576.331928208509
P38969,13576.331928208509
P38971,13576.331928208509
P38973,13576.331928208509
P38975,13576.331928208509
P38977,249558.37508433856
P38978,13576.331928208509
P38981,13576.331928208509
P38982,13576.331928208509
P38985,13576.331928208509
P38989,13576.331928208509
P38990,13576.331928208509
P39001,13576.331928208509
P39059,13576.331928208509
P39157,13576.331928208509
P39310,13576.331928208509
P39311,13576.331928208509
P39313,193373.23370153244
P39314,13576.331928208509
P39316,13576.331928208509
P39317,193373.23370153244
P39318,193373.23370153244
P39319,208014.96829557489
P39420,13576.331928208509
P39421,13576.331928208509
P39422,13576.331928208509
P39424,13576.331928208509
P39425,13576.331928208509
P39426,13576.331928208509
P39427,13576.331928208509
P39428,13576.331928208509
P39429,13576.331928208509
P39432,13576.331928208509
P39433,13576.331928208509
P39434,281198.84138602752
P39435,13576.331928208509
P39436,193373.23370153244
P39440,273390.51744164032
P39443,13576.331928208509
P39444,249558.37508433856
P39447,13576.331928208509
P39448,13576.331928208509
P39461,13576.331928208509
P39463,13576.331928208509
P39464,211066.61395466464
P39467,13576.331928208509
P39468,13576.331928208509
P39469,13576.331928208509
P39470,13576.331928208509
P39472,249558.37508433856
P39473,13576.331928208509
P39474,13576.331928208509
P39475,13576.331928208509
P39476,13576.331928208509
P39477,13576.331928208509
P39478,13576.331928208509
P39479,13576.331928208509
P39480,13576.331928208509
P39481,13576.331928208509
P39482,13576.331928208509
P39496,13576.331928208509
P39498,13576.331928208509
P39499,13576.331928208509
P39500,13576.331928208509
P39502,13576.331928208509
P39506,13576.331928208509
P39507,13576.331928208509
P39509,13576.331928208509
P39511,13576.331928208509
P39587,13576.331928208509
P39595,13576.331928208509
P39605,13576.331928208509
P39826,13576.331928208509
P39991,13576.331928208509
P39993,13576.331928208509
P40009,13576.331928208509
P40042,29955.828904964721
P40102,13576.331928208509
P40452,13576.331928208509
P40455,13576.331928208509
P40456,13576.331928208509
P40458,13576.331928208509
P40503,13576.331928208509
P40509,13576.331928208509
P40526,13576.331928208509
P40527,13576.331928208509
P40528,13576.331928208509
P40530,13576.331928208509
P40531,13576.331928208509
P40532,13576.331928208509
P40533,13576.331928208509
P40534,13576.331928208509
P40537,13576.331928208509
P40538,13576.331928208509
P40539,13576.331928208509
P40541,13576.331928208509
P40552,13576.331928208509
P40553,13576.331928208509
P40567,13576.331928208509
P40568,13576.331928208509
P40569,13576.331928208509
P40571,13576.331928208509
P40573,13576.331928208509
P40574,13576.331928208509
P40575,13576.331928208509
P40576,13576.331928208509
P40578,13576.331928208509
P40579,13576.331928208509
P40692,13576.331928208509
P40794,13576.331928208509
P40841,13576.331928208509
P40883,13576.331928208509
P41060,36153.072126017469
P41457,13576.331928208509
P41471,13576.331928208509
P41549,206730.74428361407
P41550,206730.74428361407
P41579,206730.74428361407
P41806,13576.331928208509
P41899,13576.331928208509
P42005,122853.62653259166
P42049,27982.010745805921
P42265,13576.331928208509
P42266,13576.331928208509
P42269,13576.331928208509
P42270,13576.331928208509
P42271,13576.331928208509
P42272,13576.331928208509
P42273,13576.331928208509
P42274,13576.331928208509
P42275,13576.331928208509
P42277,13576.331928208509
P42278,13576.331928208509
P42279,13576.331928208509
P42280,13576.331928208509
P42281,13576.331928208509
P42283,13576.331928208509
P42284,13576.331928208509
P42285,13576.331928208509
P42286,13576.331928208509
P42287,13576.331928208509
P42288,13576.331928208509
P42289,13576.331928208509
P42290,13576.331928208509
P42291,13576.331928208509
P42292,13576.331928208509
P42294,13576.331928208509
P42295,13576.331928208509
P42308,13576.331928208509
P42313,13576.331928208509
P42355,13576.331928208509
P42356,13576.331928208509
P42357,13576.331928208509
P42358,13576.331928208509
P42359,13576.331928208509
P42360,13576.331928208509
P42361,13576.331928208509
P42364,13576.331928208509
P42366,13576.331928208509
P42367,13576.331928208509
P42368,13576.331928208509
P42369,13576.331928208509
P42370,13576.331928208509
P42372,13576.331928208509
P42376,13576.331928208509
P42377,13576.331928208509
P42378,13576.331928208509
P42380,13576.331928208509
P42381,13576.331928208509
P42384,13576.331928208509
P42387,13576.331928208509
P42389,13576.331928208509
P42390,13576.331928208509
P42391,13576.331928208509
P42392,13576.331928208509
P42402,13576.331928208509
P42404,13576.331928208509
P42405,13576.331928208509
P42406,13576.331928208509
P42408,13576.331928208509
P42409,13576.331928208509
P42410,13576.331928208509
P42411,13576.331928208509
P42412,13576.331928208509
P42413,13576.331928208509
P42414,13576.331928208509
P42416,13576.331928208509
P42417,13576.331928208509
P42419,13576.331928208509
P42420,13576.331928208509
P42421,13576.331928208509
P42427,13576.331928208509
P42429,13576.331928208509
P42431,13576.331928208509
P42433,13576.331928208509
P42438,13576.331928208509
P42440,13576.331928208509
P42441,13576.331928208509
P42447,13576.331928208509
P42451,13576.331928208509
P42452,13576.331928208509
P42453,13576.331928208509
P42457,13576.331928208509
P42462,13576.331928208509
P42465,13576.331928208509
P42466,13576.331928208509
P42468,13576.331928208509
P42469,13576.331928208509
P42471,13576.331928208509
P42472,13576.331928208509
P42473,13576.331928208509
P42475,13576.331928208509
P42479,13576.331928208509
P42483,13576.331928208509
P42484,13576.331928208509
P42485,13576.331928208509
P42492,13576.331928208509
P42494,13576.331928208509
P42495,13576.331928208509
P42496,13576.331928208509
P42497,13576.331928208509
P42498,13576.331928208509
P42499,13576.331928208509
P42500,13576.331928208509
P42501,13576.331928208509
P42502,13576.331928208509
P42504,13576.331928208509
P42505,13576.331928208509
P42506,13576.331928208509
P42509,13576.331928208509
P42510,13576.331928208509
P42515,13576.331928208509
P42518,13576.331928208509
P42519,13576.331928208509
P42520,13576.331928208509
P42522,13576.331928208509
P42525,13576.331928208509
P42526,13576.331928208509
P42527,13576.331928208509
P42529,13576.331928208509
P42534,13576.331928208509
P42535,13576.331928208509
P42539,13576.331928208509
P42541,13576.331928208509
P42542,13576.331928208509
P42544,13576.331928208509
P42546,13576.331928208509
P42547,13576.331928208509
P42548,13576.331928208509
P42549,13576.331928208509
P42551,13576.331928208509
P42552,13576.331928208509
P42555,13576.331928208509
P42557,13576.331928208509
P42563,13576.331928208509
P42564,13576.331928208509
P42565,13576.331928208509
P42566,13576.331928208509
P42567,13576.331928208509
P42568,13576.331928208509
P42569,13576.331928208509
P42572,13576.331928208509
P42573,13576.331928208509
P42574,13576.331928208509
P42626,13576.331928208509
P42812,13576.331928208509
P42853,13576.331928208509
P42913,13576.331928208509
P43183,13576.331928208509
P43184,128314.27806374706
P43213,171667.7609725761
P43536,13576.331928208509
P43540,13576.331928208509
P43595,20445.43916416193
P43745,13576.331928208509
P43779,20445.43916416193
P43821,13576.331928208509
P43887,63023.651799902371
P43888,20445.43916416193
P43908,13576.331928208509
P43981,13576.331928208509
P43995,13576.331928208509
P01015,5118.4682602652247
P01017,5118.4682602652247
P01070,5398.113441358104
P01074,52254.943177399873
P01084,51648.884893002913
P01107,6004.171725755069
P01184,5133.9756606066285
P01188,52426.591062168853
P01236,56791.52572677649
P01252,6004.171725755069
P01302,6004.171725755069
P01341,52426.591062168853
P01371,5398.113441358104
P01413,6253.084252764902
P01414,6253.084252764902
P01416,5133.9756606066285
P01435,51369.239711910042
P01442,77641.720128476794
P01479,51648.884893002913
P01484,5133.9756606066285
P01517,45980.003763057801
P01537,244921.2838703038
P01546,73570.147302565834
P01548,5133.9756606066285
P01579,5398.113441358104
P01598,55998.83023792231
P01666,6253.084252764902
P01686,5398.113441358104
P01705,5136.4547793815073
P01708,5118.4682602652247
P01727,5398.113441358104
P01742,5398.113441358104
P01745,5398.113441358104
P01746,6004.171725755069
P01769,5398.113441358104
P01797,113227.50031403356
P01823,5398.113441358104
P01826,5398.113441358104
P01840,51369.239711910042
P01842,56510.184902309913
P01852,52254.943177399873
P01913,53596.633092765624
P01927,6517.2220335163775
P01937,5398.113441358104
P01940,62545.175628000441
P01951,30197.796722439354
P01960,94275.547615816045
P01976,57116.243186706874
P01990,5416.0999604743865
P02066,5398.113441358104
P02088,5398.113441358104
P02158,51975.297996307003
P02211,5398.113441358104
P02212,52254.943177399873
P02230,5133.9756606066285
P02248,6517.2220335163775
P02290,54948.364812883541
P02296,52254.943177399873
P02328,5133.9756606066285
P02368,5398.113441358104
P02413,5724.5265446621897
P02414,5724.5265446621897
P02415,5398.113441358104
P02429,5416.0999604743865
P02491,5398.113441358104
P02531,5133.9756606066285
P02595,5398.113441358104
P02681,51120.948953457671
P02694,5398.113441358104
P02696,5398.113441358104
P02698,5398.113441358104
P02704,5133.9756606066285
P02711,55998.83023792231
P02766,52254.943177399873
P02784,95492.561419943522
P02785,5398.113441358104
P02836,53032.649346565813
P02840,52426.591062168853
P02847,61230.29095755353
P02853,5398.113441358104
P02865,5398.113441358104
P02881,5398.113441358104
P02927,5133.9756606066285
P02947,5398.113441358104
P02994,5398.113441358104
P02996,5398.113441358104
P03040,5416.0999604743865
P03214,5398.113441358104
P03215,5398.113441358104
P03285,5398.113441358104
P03334,5136.4547793815073
P03341,6517.2220335163775
P03368,5133.9756606066285
P03489,5416.0999604743865
P03494,5398.113441358104
P03505,5398.113441358104
P03520,62018.935331828907
P03523,5398.113441358104
P03576,51369.239711910042
P03598,50003.536004673122
P03611,55672.417134618227
P03629,5398.113441358104
P03644,5398.113441358104
P03647,127942.23794084437
P03649,5398.113441358104
P03651,5398.113441358104
P03660,5398.113441358104
P03666,5398.113441358104
P03668,5398.113441358104
P03797,55392.771953525349
P03878,56789.830083402783
P03887,5398.113441358104
P03892,67803.839099644771
P03903,52426.591062168853
P03914,5398.113441358104
P03915,25491.159844008314
P03925,51648.884893002913
P03947,5398.113441358104
P03966,6004.171725755069
P03975,5398.113441358104
P03987,51898.655122623612
P03989,51898.655122623612
P04050,53596.633092765624
P04054,52254.943177399873
P04072,5398.113441358104
P04109,5133.9756606066285
P04122,51369.239711910042
P04126,56510.184902309913
P04137,61139.77542832218
P04154,5724.5265446621897
P04188,5118.4682602652247
P04211,51648.884893002913
P04216,52426.591062168853
P04218,51648.884893002913
P04220,51648.884893002913
P04263,5398.113441358104
P04276,52254.943177399873
P04338,29235.046904530747
P04347,5133.9756606066285
P04355,52254.943177399873
P04360,51648.884893002913
P04384,267511.93476231967
P04412,51648.884893002913
P04428,6253.084252764902
P04498,5398.113441358104
P04501,5398.113441358104
P04538,5398.113441358104
P04544,5398.113441358104
P04553,55392.771953525349
P04694,51898.655122623612
P04742,6517.2220335163775
P04744,62018.935331828907
P04749,5398.113441358104
P04832,51898.655122623612
P04884,51648.884893002913
P05053,5133.9756606066285
P05054,6253.084252764902
P05067,5398.113441358104
P05117,6253.084252764902
P05154,22896.992522194359
P05157,5398.113441358104
P05158,207398.1586723683
P05203,5398.113441358104
P05227,150261.86863972098
P05231,5398.113441358104
P05233,5133.9756606066285
P05260,5398.113441358104
P05262,5398.113441358104
P05272,73570.147302565834
P05275,73570.147302565834
P05279,55998.83023792231
P05328,51648.884893002913
P05339,5398.113441358104
P05340,5398.113441358104
P05346,5398.113441358104
P05399,5398.113441358104
P05429,5398.113441358104
P05430,5398.113441358104
P05462,5398.113441358104
P05468,242497.46303275283
P05533,6004.171725755069
P05591,5398.113441358104
P05633,51648.884893002913
P05656,5133.9756606066285
P05668,5398.113441358104
P05717,5133.9756606066285
P05740,5133.9756606066285
P05783,5398.113441358104
P05798,5398.113441358104
P05903,5398.113441358104
P05927,186682.48497219963
P05942,5133.9756606066285
P05952,6253.084252764902
P05960,5724.5265446621897
P05961,313117.1044220652
P05973,51975.297996307003
P05974,52254.943177399873
P06015,5398.113441358104
P06018,55672.417134618227
P06024,5398.113441358104
P06040,85409.657107513805
P06056,51648.884893002913
P06074,52426.591062168853
P06082,62545.175628000441
P06102,85409.657107513805
P06148,547602.66488515853
P06229,70341.916277882279
P06307,6022.1582448713516
P06338,5398.113441358104
P06342,56510.184902309913
P06349,5398.113441358104
P06350,5398.113441358104
P06377,149021.28050378585
P06409,5398.113441358104
P06723,5398.113441358104
P06859,5398.113441358104
P06905,5398.113441358104
P07031,74149.781000176183
P07060,5398.113441358104
P07080,5398.113441358104
P07094,5398.113441358104
P07153,29427.460128196341
P07157,35346.111487762137
P07336,38918.350663515594
P07358,5398.113441358104
P07484,5398.113441358104
P07622,23327.08195189547
P07652,24131.042021547302
P07719,5398.113441358104
P08043,33700.762599432339
P08149,5398.113441358104
P08197,5398.113441358104
P08198,133066.16097269632
P08210,5398.113441358104
P08262,5398.113441358104
P08274,5398.113441358104
P08276,5398.113441358104
P08304,34568.405318596197
P08361,66589.485122062993
P08377,94430.160553523281
P08391,27462.683393353545
P08393,106495.33343546611
P08410,43972.291014102666
P08451,5398.113441358104
P08485,5398.113441358104
P08521,5398.113441358104
P08756,120923.29545867382
P08794,5133.9756606066285
P08813,5398.113441358104
P08827,5398.113441358104
P08846,5398.113441358104
P09218,5398.113441358104
P09360,5133.9756606066285
P09394,73809.271682372593
P09476,5133.9756606066285
P09605,5398.113441358104
P09619,5133.9756606066285
P09639,74955.38793528208
P09703,5501.0818244895772
P09814,5501.0818244895772
P09816,5501.0818244895772
P09817,5501.0818244895772
P09967,5501.0818244895772
P09990,5501.0818244895772
P09991,5501.0818244895772
P10000,228077.83279903
P10025,5501.0818244895772
P10031,5398.113441358104
P10038,5398.113441358104
P10121,721230.05715676316
P10210,51652.587633344017
P10212,51652.587633344017
P10222,51652.587633344017
P10251,5118.4682602652247
P10256,5398.113441358104
P10330,5501.0818244895772
P10416,5221.4366433966979
P10418,5221.4366433966979
P10419,5221.4366433966979
P10422,5118.4682602652247
P10424,5221.4366433966979
P10427,5221.4366433966979
P10429,5221.4366433966979
P10433,5118.4682602652247
P10436,5724.5265446621897
P10439,415133.6860555287
P10440,320713.70845587773
P10441,5398.113441358104
P10442,320713.70845587773
P10450,5136.4547793815073
P10492,81583.508222329256
P10548,5236.9440437381018
P10554,5236.9440437381018
P10573,5398.113441358104
P10626,5501.0818244895772
P10627,5501.0818244895772
P10631,5398.113441358104
P10633,5501.0818244895772
P10635,5501.0818244895772
P10638,5501.0818244895772
P10665,15558.315335363295
P10668,15558.315335363295
P10669,5724.5265446621897
P10677,5398.113441358104
P10683,5118.4682602652247
P10686,15558.315335363295
P10688,5724.5265446621897
P10689,5118.4682602652247
P10696,5724.5265446621897
P10698,601028.27937152272
P10700,5724.5265446621897
P10701,15558.315335363295
P10702,15558.315335363295
P10710,5724.5265446621897
P10713,5501.0818244895772
P10727,51652.587633344017
P10728,15837.960516456174
P10729,51652.587633344017
P10733,35952.169772159097
P10737,5398.113441358104
P10739,5501.0818244895772
P10740,5501.0818244895772
P10741,5501.0818244895772
P10746,51372.94245225114
P10765,5501.0818244895772
P10766,5501.0818244895772
P10770,5398.113441358104
P10771,5501.0818244895772
P10772,5501.0818244895772
P10776,5501.0818244895772
P10781,5398.113441358104
P10904,5501.0818244895772
P10910,22701.106322686035
P10995,5236.9440437381018
P11034,5398.113441358104
P11035,5501.0818244895772
P11036,5501.0818244895772
P11039,5501.0818244895772
P11040,5501.0818244895772
P11041,5220.2137609660676
P11047,5501.0818244895772
P11048,5501.0818244895772
P11058,5416.0999604743865
P11059,5501.0818244895772
P11061,5501.0818244895772
P11069,5501.0818244895772
P11074,5416.0999604743865
P11109,122942.8512578964
P11130,5398.113441358104
P11132,5501.0818244895772
P11146,5501.0818244895772
P11234,5501.0818244895772
P11238,5416.0999604743865
P11239,5416.0999604743865
P11245,5501.0818244895772
P11253,5501.0818244895772
P11254,5501.0818244895772
P11294,5416.0999604743865
P11295,5501.0818244895772
P11298,5501.0818244895772
P11310,5501.0818244895772
P11311,5501.0818244895772
P11313,258065.13468919549
P11315,5501.0818244895772
P11317,5501.0818244895772
P11319,5398.113441358104
P11320,5501.0818244895772
P11321,5501.0818244895772
P11363,3384.2409900382359
P11430,5501.0818244895772
P11495,5398.113441358104
P11534,5501.0818244895772
P11757,5220.2137609660676
P11758,5501.0818244895772
P11773,5501.0818244895772
P11778,5501.0818244895772
P11781,5501.0818244895772
P11784,5501.0818244895772
P11785,5501.0818244895772
P11795,5501.0818244895772
P11817,5501.0818244895772
P11855,5501.0818244895772
P11857,5501.0818244895772
P11858,5501.0818244895772
P11859,457733.62147231941
P11861,5398.113441358104
P11866,5501.0818244895772
P11867,5398.113441358104
P12038,5501.0818244895772
P12040,5501.0818244895772
P12105,34568.405318596197
P12114,5398.113441358104
P12120,5118.4682602652247
P12175,5221.4366433966979
P12235,5501.0818244895772
P12319,5501.0818244895772
P12387,5501.0818244895772
P12388,5501.0818244895772
P12442,250738.84200181169
P12443,163697.05767311563
P12446,346397.06675258558
P12447,346397.06675258558
P12448,346397.06675258558
P12449,5398.113441358104
P12451,5501.0818244895772
P12454,5501.0818244895772
P12455,5501.0818244895772
P12456,5501.0818244895772
P12458,5501.0818244895772
P12467,5501.0818244895772
P12470,5501.0818244895772
P12471,5398.113441358104
P12474,5501.0818244895772
P12475,5501.0818244895772
P12476,442645.367581314
P12477,5501.0818244895772
P12479,5398.113441358104
P12480,5501.0818244895772
P12481,5501.0818244895772
P12485,5501.0818244895772
P12486,5501.0818244895772
P12489,5501.0818244895772
P12490,5398.113441358104
P12491,5501.0818244895772
P12492,5501.0818244895772
P12521,5501.0818244895772
P12524,5501.0818244895772
P12526,5501.0818244895772
P12528,5501.0818244895772
P12554,5501.0818244895772
P12629,5221.4366433966979
P12696,5398.113441358104
P12722,5501.0818244895772
P12746,5501.0818244895772
P12893,5501.0818244895772
P12934,5355.3607673277802
P13095,5501.0818244895772
P13100,5501.0818244895772
P13303,5501.0818244895772
P13335,24131.042021547302
P13475,5501.0818244895772
P13626,5398.113441358104
P13653,5501.0818244895772
P13655,5501.0818244895772
P13669,5501.0818244895772
P13756,5221.4366433966979
P13778,36929.612434356291
P13779,51652.587633344017
P13780,35174.463602993157
P13784,226632.14656963412
P13785,5398.113441358104
P13791,34568.405318596197
P13810,36929.612434356291
P13891,5501.0818244895772
P13892,5398.113441358104
P13894,5221.4366433966979
P13895,5118.4682602652247
P13900,5501.0818244895772
P13917,5398.113441358104
P13922,5501.0818244895772
P13930,5501.0818244895772
P13935,5501.0818244895772
P13965,5398.113441358104
P14015,5501.0818244895772
P14016,5398.113441358104
P14017,5501.0818244895772
P14100,5398.113441358104
P14305,5398.113441358104
P14342,5236.9440437381018
P14358,5398.113441358104
P14444,5501.0818244895772
P14445,5501.0818244895772
P14449,5501.0818244895772
P14454,5501.0818244895772
P14456,5501.0818244895772
P14465,5501.0818244895772
P14472,5501.0818244895772
P14474,5501.0818244895772
P14551,5501.0818244895772
P14557,5220.2137609660676
P14558,5501.0818244895772
P14561,368673.14484410238
P14574,5501.0818244895772
P14579,5501.0818244895772
P14583,5501.0818244895772
P14604,5501.0818244895772
P14617,5501.0818244895772
P14658,5501.0818244895772
P14660,5398.113441358104
P14668,5236.9440437381018
P14670,5236.9440437381018
P14671,5236.9440437381018
P14704,15837.960516456174
P14744,5398.113441358104
P14836,5501.0818244895772
P14949,5501.0818244895772
P14968,5501.0818244895772
P15054,5632.9915595265911
P15062,5979.4055708410278
P15075,5236.9440437381018
P15076,5236.9440437381018
P15077,5236.9440437381018
P15089,5501.0818244895772
P15092,5501.0818244895772
P15113,5501.0818244895772
P15130,3188.354790529917
P15164,5501.0818244895772
P15173,5398.113441358104
P15193,5501.0818244895772
P15194,5501.0818244895772
P15259,5236.9440437381018
P15262,5236.9440437381018
P15266,5236.9440437381018
P15271,5236.9440437381018
P15275,5133.9756606066285
P15281,5501.0818244895772
P15301,5501.0818244895772
P15303,5501.0818244895772
P15304,5398.113441358104
P15312,5501.0818244895772
P15315,5501.0818244895772
P15316,5501.0818244895772
P15318,5398.113441358104
P15322,5398.113441358104
P15323,5501.0818244895772
P15329,5501.0818244895772
P15330,5501.0818244895772
P15331,248940.9973939932
P15332,5501.0818244895772
P15334,5501.0818244895772
P15336,242231.33644968743
P15408,5398.113441358104
P15415,5501.0818244895772
P15420,5398.113441358104
P15421,5501.0818244895772
P15425,5501.0818244895772
P15435,5501.0818244895772
P15437,5501.0818244895772
P15445,5501.0818244895772
P15448,5501.0818244895772
P15508,36291.529070094948
P15510,36291.529070094948
P15533,5501.0818244895772
P15538,5501.0818244895772
P15704,5398.113441358104
P15729,5501.0818244895772
P15745,445322.97965223121
P15789,5501.0818244895772
P15830,5501.0818244895772
P15857,5221.4366433966979
P15860,5501.0818244895772
P15942,5501.0818244895772
P15946,5398.113441358104
P15950,5501.0818244895772
P15965,5501.0818244895772
P15969,5236.9440437381018
P15973,5236.9440437381018
P16079,5501.0818244895772
P16155,248940.9973939932
P16156,248940.9973939932
P16157,457733.62147231941
P16160,5501.0818244895772
P16182,5501.0818244895772
P16213,28117.45772779356
P16228,5220.2137609660676
P16355,5236.9440437381018
P16371,5501.0818244895772
P16381,5501.0818244895772
P16382,5501.0818244895772
P16383,5501.0818244895772
P16384,5501.0818244895772
P16387,5398.113441358104
P16388,5398.113441358104
P16390,5501.0818244895772
P16429,5398.113441358104
P16446,5501.0818244895772
P16470,5501.0818244895772
P16471,5501.0818244895772
P16473,5501.0818244895772
P16475,5416.0999604743865
P16479,5501.0818244895772
P16481,5501.0818244895772
P16513,5501.0818244895772
P16514,5398.113441358104
P16561,5501.0818244895772
P16597,5501.0818244895772
P16598,5501.0818244895772
P16615,5501.0818244895772
P16628,5501.0818244895772
P16675,5501.0818244895772
P16884,24096.129458193849
P16892,5501.0818244895772
P17003,6517.2220335163775
P17008,29533.641388481941
P17151,5501.0818244895772
P17152,5501.0818244895772
P17180,38901.939300096376
P17220,5501.0818244895772
P17224,5501.0818244895772
P17226,5398.113441358104
P17266,5501.0818244895772
P17318,5416.0999604743865
P17441,5398.113441358104
P17443,5501.0818244895772
P17450,5501.0818244895772
P17497,5133.9756606066285
P17506,5133.9756606066285
P17515,5133.9756606066285
P17528,24096.129458193849
P17529,24096.129458193849
P17904,5398.113441358104
P17933,5398.113441358104
P18187,24096.129458193849
P18265,24096.129458193849
P18314,5501.0818244895772
P18322,5236.9440437381018
P18325,5501.0818244895772
P18334,5501.0818244895772
P18354,5501.0818244895772
P18421,5501.0818244895772
P18435,5501.0818244895772
P18505,5501.0818244895772
P18588,5458.3291504592535
P18593,5501.0818244895772
P18618,5501.0818244895772
P18766,4238.4914226924584
P18847,5501.0818244895772
P18871,5501.0818244895772
P19146,6517.2220335163775
P19147,29533.641388481941
P19263,5398.113441358104
P19285,5501.0818244895772
P19372,5398.113441358104
P19374,5501.0818244895772
P19429,5398.113441358104
P19688,440159.83554903744
P19689,5501.0818244895772
P19692,5501.0818244895772
P19705,5501.0818244895772
P19707,5501.0818244895772
P19708,5398.113441358104
P19712,5398.113441358104
P20126,5416.0999604743865
P20128,5501.0818244895772
P20133,5501.0818244895772
P20134,5501.0818244895772
P20250,5501.0818244895772
P20357,5501.0818244895772
P20367,5501.0818244895772
P20369,5501.0818244895772
P20375,5501.0818244895772
P20419,5501.0818244895772
P20902,5501.0818244895772
P20980,5236.9440437381018
P21063,5398.113441358104
P21093,5501.0818244895772
P21099,5501.0818244895772
P21153,5501.0818244895772
P21188,5501.0818244895772
P21190,5501.0818244895772
P21191,5501.0818244895772
P21286,5501.0818244895772
P21377,5221.4366433966979
P21380,5501.0818244895772
P21399,5458.3291504592535
P21645,5501.0818244895772
P21647,5501.0818244895772
P21774,5398.113441358104
P21838,5501.0818244895772
P21870,5398.113441358104
P21899,5501.0818244895772
P21900,5501.0818244895772
P21901,5501.0818244895772
P21902,5501.0818244895772
P21903,5501.0818244895772
P21905,5501.0818244895772
P21912,5398.113441358104
P21916,5398.113441358104
P21918,5398.113441358104
P21922,5398.113441358104
P21923,5398.113441358104
P21926,5501.0818244895772
P21927,5501.0818244895772
P21957,24096.129458193849
P22034,5501.0818244895772
P22656,5501.0818244895772
P22658,5501.0818244895772
P22673,5398.113441358104
P22679,5501.0818244895772
P22680,5398.113441358104
P22681,5501.0818244895772
P22683,5501.0818244895772
P22684,5501.0818244895772
P22687,5398.113441358104
P22688,5501.0818244895772
P22897,35174.463602993157
P23151,5398.113441358104
P23154,5398.113441358104
P23156,5398.113441358104
P23241,5501.0818244895772
P23261,5501.0818244895772
P23328,5398.113441358104
P23444,5133.9756606066285
P23521,5501.0818244895772
P23550,5133.9756606066285
P23720,5398.113441358104
P23733,5133.9756606066285
P23839,5398.113441358104
P23861,5501.0818244895772
P23931,5133.9756606066285
P24016,5398.113441358104
P24132,5501.0818244895772
P24351,5398.113441358104
P24493,5398.113441358104
P24551,5501.0818244895772
P24747,24096.129458193849
P24748,24096.129458193849
P24758,24096.129458193849
P24789,5133.9756606066285
P24831,5398.113441358104
P24870,24360.267238945329
P24906,5501.0818244895772
P24911,5501.0818244895772
P24922,5501.0818244895772
P24957,5398.113441358104
P25015,38046.677901458082
P25074,5501.0818244895772
P25148,5501.0818244895772
P25154,5501.0818244895772
P25191,5398.113441358104
P25225,5398.113441358104
P25279,5398.113441358104
P25419,39161.470261086317
P25423,5501.0818244895772
P25425,5501.0818244895772
P25426,39161.470261086317
P25485,5398.113441358104
P25487,5398.113441358104
P25502,6517.2220335163775
P25691,6517.2220335163775
P25693,6517.2220335163775
P25979,5501.0818244895772
P26047,29533.641388481941
P26383,5501.0818244895772
P26393,5398.113441358104
P26439,6517.2220335163775
P26461,5398.113441358104
P26540,519574.69373853912
P26574,5398.113441358104
P26684,5398.113441358104
P26726,5398.113441358104
P26729,5501.0818244895772
P26732,5501.0818244895772
P26734,5398.113441358104
P26778,5398.113441358104
P26807,5501.0818244895772
P26863,5398.113441358104
P26973,5398.113441358104
P27048,5398.113441358104
P27153,5398.113441358104
P27174,5501.0818244895772
P27212,5398.113441358104
P27218,5398.113441358104
P27229,5632.9915595265911
P27241,5979.4055708410278
P27242,5632.9915595265911
P27295,5398.113441358104
P27296,5398.113441358104
P27299,5501.0818244895772
P27340,5501.0818244895772
P27410,5133.9756606066285
P27414,5398.113441358104
P27416,5398.113441358104
P27504,5236.9440437381018
P27508,5416.0999604743865
P27516,5398.113441358104
P27517,5133.9756606066285
P27518,5133.9756606066285
P27519,5133.9756606066285
P27523,5398.113441358104
P27545,5501.0818244895772
P27547,5501.0818244895772
P27553,5501.0818244895772
P27555,5501.0818244895772
P27560,5501.0818244895772
P27561,5501.0818244895772
P27566,5501.0818244895772
P27577,5236.9440437381018
P27580,5236.9440437381018
P27586,5501.0818244895772
P27587,5501.0818244895772
P27590,5398.113441358104
P27598,5398.113441358104
P27600,5398.113441358104
P27607,5398.113441358104
P27609,5398.113441358104
P27620,5501.0818244895772
P27627,5501.0818244895772
P27628,5501.0818244895772
P27645,21295.440509604283
P27648,5398.113441358104
P27649,5398.113441358104
P27723,5398.113441358104
P27734,5501.0818244895772
P27801,5501.0818244895772
P28236,419919.4058669334
P28239,5398.113441358104
P28241,36323.554149959331
P28242,28719.470470912522
P28246,29533.641388481941
P28253,5501.0818244895772
P28254,5501.0818244895772
P28257,5501.0818244895772
P28302,5398.113441358104
P28303,5398.113441358104
P28304,5398.113441358104
P28389,5398.113441358104
P28416,5501.0818244895772
P28472,5501.0818244895772
P28488,5398.113441358104
P28526,5398.113441358104
P28541,5398.113441358104
P28707,21521.597993204879
P28714,5398.113441358104
P28732,5398.113441358104
P28740,5398.113441358104
P28776,5133.9756606066285
P28859,5501.0818244895772
P28862,5416.0999604743865
P28877,5398.113441358104
P28878,5398.113441358104
P28882,5398.113441358104
P28883,5398.113441358104
P28884,5398.113441358104
P28885,379602.6897562322
P28886,379602.6897562322
P28894,5501.0818244895772
P28895,5501.0818244895772
P28898,5501.0818244895772
P28900,5501.0818244895772
P28902,5398.113441358104
P28905,5398.113441358104
P28908,435935.70663700829
P28912,5398.113441358104
P28919,5398.113441358104
P28931,5398.113441358104
P28935,5398.113441358104
P28937,5398.113441358104
P28945,5501.0818244895772
P28946,5398.113441358104
P28947,5398.113441358104
P28948,5398.113441358104
P28951,5398.113441358104
P28952,5398.113441358104
P28953,5501.0818244895772
P28955,5236.9440437381018
P28961,5501.0818244895772
P28963,5501.0818244895772
P29034,5398.113441358104
P29041,5398.113441358104
P29043,5398.113441358104
P29047,5133.9756606066285
P29064,5133.9756606066285
P29066,5133.9756606066285
P29073,5133.9756606066285
P29083,5133.9756606066285
P29087,5133.9756606066285
P29101,5236.9440437381018
P29104,5236.9440437381018
P29106,5236.9440437381018
P29107,5236.9440437381018
P29173,5398.113441358104
P29193,5398.113441358104
P29211,5501.0818244895772
P29214,5398.113441358104
P29217,5501.0818244895772
P29244,5398.113441358104
P29256,5398.113441358104
P29269,5501.0818244895772
P29293,5398.113441358104
P29295,23050.589340967417
P29344,5133.9756606066285
P29345,5133.9756606066285
P29393,5236.9440437381018
P29432,5398.113441358104
P29446,22896.992522194359
P29476,5398.113441358104
P29482,5398.113441358104
P29490,5501.0818244895772
P29496,5398.113441358104
P29505,5398.113441358104
P29524,5236.9440437381018
P29530,5501.0818244895772
P29605,5501.0818244895772
P29733,5501.0818244895772
P29770,5501.0818244895772
P29778,5501.0818244895772
P29793,5398.113441358104
P29918,640503.22836380883
P29982,15837.960516456174
P30033,5236.9440437381018
P30036,5236.9440437381018
P30038,5501.0818244895772
P30039,5501.0818244895772
P30040,5501.0818244895772
P30043,5501.0818244895772
P30047,5501.0818244895772
P30048,5501.0818244895772
P30049,5501.0818244895772
P30096,5398.113441358104
P30261,5416.0999604743865
P30286,5398.113441358104
P30301,5501.0818244895772
P30331,5398.113441358104
P30462,5501.0818244895772
P30469,5501.0818244895772
P30471,5501.0818244895772
P30474,5501.0818244895772
P30475,5501.0818244895772
P30480,5398.113441358104
P30481,5398.113441358104
P30485,5398.113441358104
P30487,5398.113441358104
P30491,5398.113441358104
P30492,5398.113441358104
P30493,5501.0818244895772
P30494,5501.0818244895772
P30500,5501.0818244895772
P30501,5501.0818244895772
P30506,5398.113441358104
P30653,5398.113441358104
P30746,5398.113441358104
P30776,5398.113441358104
P30809,5501.0818244895772
P30871,5398.113441358104
P30880,5398.113441358104
P31178,5398.113441358104
P31338,5501.0818244895772
P31339,5398.113441358104
P31367,5398.113441358104
P31370,5398.113441358104
P31444,6517.2220335163775
P31462,5398.113441358104
P31465,5398.113441358104
P31503,5501.0818244895772
P31612,334010.199930139
P31636,51652.587633344017
P31638,35174.463602993157
P31643,6004.171725755069
P31648,5501.0818244895772
P31715,5398.113441358104
P31770,5398.113441358104
P31810,24096.129458193849
P31815,24096.129458193849
P31816,5133.9756606066285
P31818,24096.129458193849
P31848,5398.113441358104
P31880,5398.113441358104
P31918,555364.43476001057
P31930,24096.129458193849
P32231,40067.44121048176
P32310,36291.529070094948
P32367,5398.113441358104
P32444,5220.2137609660676
P32686,5398.113441358104
P32687,247129.8356236775
P32783,5501.0818244895772
P32925,5398.113441358104
P33324,5501.0818244895772
P33542,5501.0818244895772
P33584,5501.0818244895772
P33807,5501.0818244895772
P33832,5398.113441358104
P33850,5416.0999604743865
P33856,284906.04654986662
P33927,74436.92123589135
P33935,76192.070067254477
P33936,74436.92123589135
P33942,36649.967253263407
P33973,353644.94323040964
P33974,51372.94245225114
P33976,15558.315335363295
P33982,46231.997261851255
P34142,5501.0818244895772
P34143,5398.113441358104
P34145,5501.0818244895772
P34146,5501.0818244895772
P34147,5501.0818244895772
P34148,5501.0818244895772
P34190,5398.113441358104
P34192,5501.0818244895772
P34227,5501.0818244895772
P34259,6517.2220335163775
P34280,29533.641388481941
P34281,29533.641388481941
P34288,6517.2220335163775
P34391,5398.113441358104
P34393,5398.113441358104
P34394,5398.113441358104
P34396,5398.113441358104
P34397,5398.113441358104
P34398,5501.0818244895772
P34400,5501.0818244895772
P34401,5501.0818244895772
P34402,5501.0818244895772
P34403,5398.113441358104
P34404,5398.113441358104
P34406,156987.39672880986
P34407,156987.39672880986
P34408,5398.113441358104
P34410,5398.113441358104
P34414,5501.0818244895772
P34418,442645.367581314
P34419,5501.0818244895772
P34421,5501.0818244895772
P34422,5398.113441358104
P34425,5398.113441358104
P34426,5398.113441358104
P34430,5501.0818244895772
P34432,5501.0818244895772
P34433,5398.113441358104
P34435,5398.113441358104
P34436,5398.113441358104
P34437,5398.113441358104
P34438,5398.113441358104
P34440,5398.113441358104
P34442,5398.113441358104
P34443,5398.113441358104
P34452,5398.113441358104
P34454,5398.113441358104
P34455,5398.113441358104
P34456,5398.113441358104
P34458,381774.0280451217
P34459,242231.33644968743
P34462,5398.113441358104
P34463,156987.39672880986
P34464,5398.113441358104
P34465,5398.113441358104
P34466,5398.113441358104
P34471,5501.0818244895772
P34515,5501.0818244895772
P34516,5501.0818244895772
P34521,5501.0818244895772
P34522,5501.0818244895772
P34527,5501.0818244895772
P34528,5501.0818244895772
P34529,5501.0818244895772
P34562,5398.113441358104
P34629,5398.113441358104
P34723,5398.113441358104
P34760,659420.20702816313
P34854,5398.113441358104
P34856,5398.113441358104
P34857,5398.113441358104
P34870,5398.113441358104
P34879,5398.113441358104
P34889,5398.113441358104
P34891,5398.113441358104
P34896,6517.2220335163775
P34898,6517.2220335163775
P34899,6517.2220335163775
P34901,6517.2220335163775
P34902,6517.2220335163775
P34959,5398.113441358104
P35002,5501.0818244895772
P35040,5398.113441358104
P35078,15931.34662094436
P35081,5501.0818244895772
P35098,5398.113441358104
P35167,15558.315335363295
P35169,15558.315335363295
P35171,15558.315335363295
P35238,194292.89873769839
P35275,460665.04374649219
P35309,5118.4682602652247
P35312,5724.5265446621897
P35313,5118.4682602652247
P35317,5118.4682602652247
P35318,5118.4682602652247
P35321,5118.4682602652247
P35323,15558.315335363295
P35325,15558.315335363295
P35327,5118.4682602652247
P35328,5398.113441358104
P35330,35174.463602993157
P35334,6004.171725755069
P35335,5118.4682602652247
P35336,6004.171725755069
P35337,6004.171725755069
P35338,6004.171725755069
P35340,39357.35646059463
P35342,5398.113441358104
P35343,5398.113441358104
P35344,5398.113441358104
P35345,5398.113441358104
P35346,36929.612434356291
P35348,6004.171725755069
P35350,58850.87484391914
P35353,74716.566416984235
P35355,74716.566416984235
P35356,35174.463602993157
P35357,74716.566416984235
P35358,35174.463602993157
P35359,36929.612434356291
P35360,35174.463602993157
P35361,35174.463602993157
P35362,6004.171725755069
P35363,35174.463602993157
P35512,36929.612434356291
P35513,5398.113441358104
P35514,36929.612434356291
P35515,36929.612434356291
P35516,35174.463602993157
P35518,35174.463602993157
P35644,90265.462339229096
P35972,5398.113441358104
P35973,266443.72763589513
P35974,451023.9605280137
P35976,5398.113441358104
P35998,463689.71573757601
P35999,5398.113441358104
P36005,5398.113441358104
P36007,5398.113441358104
P36008,5398.113441358104
P36009,5398.113441358104
P36013,347023.56100189826
P36017,5398.113441358104
P36039,5398.113441358104
P36100,5501.0818244895772
P36165,5398.113441358104
P36183,5398.113441358104
P36184,5398.113441358104
P36199,5501.0818244895772
P36232,5398.113441358104
P36250,5398.113441358104
P36268,5501.0818244895772
P36281,5398.113441358104
P36370,5501.0818244895772
P36371,5398.113441358104
P36412,5398.113441358104
P36418,5501.0818244895772
P36527,5398.113441358104
P36529,5398.113441358104
P36567,5501.0818244895772
P36636,5501.0818244895772
P36671,77546.133232972788
P36707,77546.133232972788
P36708,77546.133232972788
P36710,77546.133232972788
P36724,5398.113441358104
P36770,5398.113441358104
P36840,5501.0818244895772
P37038,4496.9479710195992
P37059,5398.113441358104
P37114,5398.113441358104
P37124,5501.0818244895772
P37131,5416.0999604743865
P37270,5398.113441358104
P37286,5501.0818244895772
P37290,5501.0818244895772
P37291,5501.0818244895772
P37292,5398.113441358104
P37295,5398.113441358104
P37297,5398.113441358104
P37298,5501.0818244895772
P37299,442645.367581314
P37302,5501.0818244895772
P37303,5501.0818244895772
P37304,5501.0818244895772
P37305,5398.113441358104
P37306,5398.113441358104
P37314,442645.367581314
P37317,435935.70663700829
P37319,5398.113441358104
P37322,5398.113441358104
P37323,5398.113441358104
P37326,5398.113441358104
P37328,266443.72763589513
P37329,5416.0999604743865
P37330,5398.113441358104
P37360,5398.113441358104
P37362,536324.77249653847
P37363,5398.113441358104
P37366,39357.35646059463
P37369,311928.1043082184
P37371,5398.113441358104
P37372,5416.0999604743865
P37375,5398.113441358104
P37376,495660.22307848762
P37377,5398.113441358104
P37378,248940.9973939932
P37379,5501.0818244895772
P37381,442645.367581314
P37460,22896.992522194359
P37513,5398.113441358104
P37562,5398.113441358104
P37563,579747.24905983149
P37564,5398.113441358104
P37566,5398.113441358104
P37584,579747.24905983149
P37585,5398.113441358104
P37586,5398.113441358104
P37588,5398.113441358104
P37589,5398.113441358104
P37590,5398.113441358104
P37591,5398.113441358104
P37593,5398.113441358104
P37615,5416.0999604743865
P37616,39357.35646059463
P37618,5416.0999604743865
P37619,5416.0999604743865
P37635,586456.91000413708
P37637,5416.0999604743865
P37638,5398.113441358104
P37641,5501.0818244895772
P37642,5501.0818244895772
P37644,5398.113441358104
P37645,586456.91000413708
P37648,311928.1043082184
P37650,388483.68898942741
P37651,311694.5754302346
P37653,346397.06675258558
P37654,468566.53587460861
P37657,5416.0999604743865
P37658,5416.0999604743865
P37660,5416.0999604743865
P37661,5416.0999604743865
P37676,5416.0999604743865
P37677,5398.113441358104
P37680,5416.0999604743865
P37681,5416.0999604743865
P37682,5416.0999604743865
P37683,5416.0999604743865
P37684,5398.113441358104
P37687,5416.0999604743865
P37689,5416.0999604743865
P37757,5416.0999604743865
P37765,5501.0818244895772
P37768,536324.77249653847
P37770,543034.43344084406
P37771,5501.0818244895772
P37772,543034.43344084406
P37773,457733.62147231941
P37774,5501.0818244895772
P37775,536324.77249653847
P37778,465827.45210049633
P37782,305732.51733453467
P37784,536324.77249653847
P37787,543034.43344084406
P37790,457733.62147231941
P37792,5501.0818244895772
P37794,346397.06675258558
P37795,395986.9906542183
P37796,346397.06675258558
P37798,346397.06675258558
P37799,5501.0818244895772
P37801,5416.0999604743865
P37802,5501.0818244895772
P37803,5398.113441358104
P37809,5416.0999604743865
P37810,580916.94962950912
P37811,5398.113441358104
P37814,468566.53587460861
P37815,538830.32739266707
P37816,468566.53587460861
P37827,5398.113441358104
P37828,5398.113441358104
P37842,5416.0999604743865
P37843,5416.0999604743865
P37849,5501.0818244895772
P37853,39161.470261086317
P37909,5398.113441358104
P37952,52575.935429577068
P38217,198179.02077459599
P38238,5398.113441358104
P38329,24360.267238945329
P38333,24360.267238945329
P38361,24096.129458193849
P38364,24096.129458193849
P38377,24096.129458193849
P38404,5133.9756606066285
P38469,5398.113441358104
P38470,5398.113441358104
P38473,5501.0818244895772
P38474,5501.0818244895772
P38478,5398.113441358104
P38504,5398.113441358104
P38576,5398.113441358104
P38580,5398.113441358104
P38644,6004.171725755069
P38706,5501.0818244895772
P38707,5501.0818244895772
P38721,5398.113441358104
P38732,5501.0818244895772
P38736,5398.113441358104
P38738,5501.0818244895772
P38746,5398.113441358104
P38748,5398.113441358104
P38749,5416.0999604743865
P38750,5416.0999604743865
P38751,5501.0818244895772
P38756,5398.113441358104
P38758,22896.992522194359
P38765,5501.0818244895772
P38769,5501.0818244895772
P38776,5416.0999604743865
P38777,5398.113441358104
P38782,5416.0999604743865
P38797,5398.113441358104
P38845,5501.0818244895772
P38961,22896.992522194359
P38986,5501.0818244895772
P38987,5501.0818244895772
P39061,3384.2409900382359
P39141,244400.07546370063
P39146,5501.0818244895772
P39153,5398.113441358104
P39161,5501.0818244895772
P39162,5501.0818244895772
P39285,5398.113441358104
P39445,5398.113441358104
P39535,36649.967253263407
P39600,5398.113441358104
P39620,5398.113441358104
P39633,5398.113441358104
P39645,5501.0818244895772
P39646,5501.0818244895772
P39647,5501.0818244895772
P39748,5501.0818244895772
P39753,5501.0818244895772
P39764,276091.00826161139
P39777,5398.113441358104
P39781,5501.0818244895772
P39786,5398.113441358104
P39787,5398.113441358104
P39797,5501.0818244895772
P39798,5501.0818244895772
P39806,5501.0818244895772
P39809,5398.113441358104
P39812,5501.0818244895772
P39813,5501.0818244895772
P39818,5501.0818244895772
P39820,5501.0818244895772
P39824,5501.0818244895772
P39834,5398.113441358104
P39835,5398.113441358104
P39836,5398.113441358104
P39841,5398.113441358104
P39844,5398.113441358104
P39863,5398.113441358104
P39928,15558.315335363295
P39937,36649.967253263407
P39940,76192.070067254477
P39943,5398.113441358104
P39944,5398.113441358104
P39945,5398.113441358104
P39949,35174.463602993157
P39951,35174.463602993157
P39968,35174.463602993157
P39976,35174.463602993157
P39978,35174.463602993157
P39980,35174.463602993157
P39982,35174.463602993157
P39984,35174.463602993157
P39988,35174.463602993157
P39990,5501.0818244895772
P39992,5501.0818244895772
P39994,5501.0818244895772
P39996,5501.0818244895772
P39997,5398.113441358104
P39998,5501.0818244895772
P40000,5501.0818244895772
P40002,38901.939300096376
P40007,5501.0818244895772
P40008,5501.0818244895772
P40010,5501.0818244895772
P40012,5501.0818244895772
P40018,5501.0818244895772
P40019,36291.529070094948
P40103,5398.113441358104
P40104,5501.0818244895772
P40105,5501.0818244895772
P40107,5501.0818244895772
P40108,5398.113441358104
P40109,5398.113441358104
P40112,5724.5265446621897
P40114,15558.315335363295
P40116,5398.113441358104
P40117,5398.113441358104
P40118,5724.5265446621897
P40122,5398.113441358104
P40124,5398.113441358104
P40126,5398.113441358104
P40127,34568.405318596197
P40131,5398.113441358104
P40132,5724.5265446621897
P40134,5724.5265446621897
P40135,15558.315335363295
P40137,622739.82942082337
P40138,5118.4682602652247
P40140,5118.4682602652247
P40142,5118.4682602652247
P40143,5724.5265446621897
P40144,15558.315335363295
P40145,15558.315335363295
P40146,15558.315335363295
P40148,15558.315335363295
P40150,15558.315335363295
P40158,5118.4682602652247
P40159,29003.420265366702
P40160,5118.4682602652247
P40161,34894.81842190028
P40162,325981.28524614684
P40163,325981.28524614684
P40165,5118.4682602652247
P40166,5118.4682602652247
P40167,5118.4682602652247
P40170,5118.4682602652247
P40171,5118.4682602652247
P40172,5118.4682602652247
P40173,5118.4682602652247
P40174,5118.4682602652247
P40177,5724.5265446621897
P40178,5724.5265446621897
P40179,5724.5265446621897
P40181,5724.5265446621897
P40182,5724.5265446621897
P40183,15558.315335363295
P40190,15558.315335363295
P40196,15558.315335363295
P40198,15558.315335363295
P40199,15558.315335363295
P40201,15558.315335363295
P40203,5118.4682602652247
P40206,5118.4682602652247
P40218,5398.113441358104
P40219,5398.113441358104
P40220,5398.113441358104
P40221,5398.113441358104
P40223,5398.113441358104
P40224,5398.113441358104
P40226,5398.113441358104
P40228,5398.113441358104
P40229,5398.113441358104
P40230,5398.113441358104
P40232,5398.113441358104
P40234,5398.113441358104
P40236,5398.113441358104
P40237,5398.113441358104
P40238,5398.113441358104
P40240,341772.79678477882
P40241,5724.5265446621897
P40243,15558.315335363295
P40244,15558.315335363295
P40245,15558.315335363295
P40246,601028.27937152272
P40248,15558.315335363295
P40249,409781.93858619279
P40251,5501.0818244895772
P40252,409781.93858619279
P40253,5501.0818244895772
P40254,5501.0818244895772
P40255,5501.0818244895772
P40256,5398.113441358104
P40257,15558.315335363295
P40258,5398.113441358104
P40259,5398.113441358104
P40261,601028.27937152272
P40262,15558.315335363295
P40264,15558.315335363295
P40265,15558.315335363295
P40268,15558.315335363295
P40271,15558.315335363295
P40273,15558.315335363295
P40274,601028.27937152272
P40275,620004.83089959517
P40276,15558.315335363295
P40277,5724.5265446621897
P40278,620004.83089959517
P40281,15558.315335363295
P40282,15558.315335363295
P40283,601028.27937152272
P40284,5501.0818244895772
P40285,5501.0818244895772
P40289,5501.0818244895772
P40291,5501.0818244895772
P40293,5501.0818244895772
P40294,5501.0818244895772
P40295,5501.0818244895772
P40297,5501.0818244895772
P40298,15558.315335363295
P40324,5501.0818244895772
P40325,5501.0818244895772
P40326,5501.0818244895772
P40328,5501.0818244895772
P40329,5501.0818244895772
P40331,5501.0818244895772
P40332,5501.0818244895772
P40333,5501.0818244895772
P40334,5501.0818244895772
P40335,5501.0818244895772
P40336,5501.0818244895772
P40339,5501.0818244895772
P40341,5398.113441358104
P40343,5501.0818244895772
P40345,5501.0818244895772
P40346,5501.0818244895772
P40348,5501.0818244895772
P40349,5501.0818244895772
P40352,5501.0818244895772
P40358,5501.0818244895772
P40361,5501.0818244895772
P40363,5501.0818244895772
P40365,5501.0818244895772
P40366,5501.0818244895772
P40368,5501.0818244895772
P40370,5398.113441358104
P40371,5398.113441358104
P40373,5398.113441358104
P40374,5398.113441358104
P40375,5398.113441358104
P40376,5501.0818244895772
P40377,5501.0818244895772
P40379,5501.0818244895772
P40381,5501.0818244895772
P40383,5501.0818244895772
P40384,5501.0818244895772
P40385,5501.0818244895772
P40386,5501.0818244895772
P40387,5501.0818244895772
P40556,5416.0999604743865
P40563,5501.0818244895772
P40601,5398.113441358104
P40618,5398.113441358104
P40627,5961.4190517247453
P40657,15558.315335363295
P40658,15558.315335363295
P40659,5724.5265446621897
P40660,5724.5265446621897
P40662,5221.4366433966979
P40667,5221.4366433966979
P40668,5221.4366433966979
P40669,5221.4366433966979
P40672,5221.4366433966979
P40673,5221.4366433966979
P40674,5221.4366433966979
P40675,5221.4366433966979
P40677,5221.4366433966979
P40688,5118.4682602652247
P40690,5118.4682602652247
P40693,5221.4366433966979
P40694,5221.4366433966979
P40697,5724.5265446621897
P40698,5724.5265446621897
P40700,5724.5265446621897
P40701,5724.5265446621897
P40702,15558.315335363295
P40703,15558.315335363295
P40705,15558.315335363295
P40706,15558.315335363295
P40707,601028.27937152272
P40708,601028.27937152272
P40709,15558.315335363295
P40711,15558.315335363295
P40714,15558.315335363295
P40716,15558.315335363295
P40719,5724.5265446621897
P40720,5221.4366433966979
P40721,5118.4682602652247
P40724,5118.4682602652247
P40726,5118.4682602652247
P40727,5118.4682602652247
P40729,5221.4366433966979
P40730,5221.4366433966979
P40731,381174.44303629216
P40732,5118.4682602652247
P40733,309449.97434018459
P40747,5398.113441358104
P40749,5118.4682602652247
P40757,5398.113441358104
P40758,5398.113441358104
P40759,5398.113441358104
P40760,5398.113441358104
P40763,5501.0818244895772
P40775,5501.0818244895772
P40776,5501.0818244895772
P40808,383954.96404898266
P40864,5398.113441358104
P40880,5398.113441358104
P40881,5398.113441358104
P40890,5398.113441358104
P40914,5398.113441358104
P40915,5398.113441358104
P40929,5501.0818244895772
P40955,5118.4682602652247
P40966,36649.967253263407
P40967,36649.967253263407
P40968,36649.967253263407
P40978,5221.4366433966979
P41086,34288.760137503319
P41090,34288.760137503319
P41156,5398.113441358104
P41185,5398.113441358104
P41232,329290.05711550993
P41234,34568.405318596197
P41235,34568.405318596197
P41240,5398.113441358104
P41241,5398.113441358104
P41243,5398.113441358104
P41246,5398.113441358104
P41249,5398.113441358104
P41262,5398.113441358104
P41330,6004.171725755069
P41331,6004.171725755069
P41334,35952.169772159097
P41335,35174.463602993157
P41336,6004.171725755069
P41338,6004.171725755069
P41340,5398.113441358104
P41343,5398.113441358104
P41344,5398.113441358104
P41345,6004.171725755069
P41347,175871.04974634355
P41348,6004.171725755069
P41354,5501.0818244895772
P41356,175238.18892164589
P41357,5501.0818244895772
P41359,5501.0818244895772
P41360,5501.0818244895772
P41361,15837.960516456174
P41362,337569.07417718432
P41374,76471.715248347362
P41375,76471.715248347362
P41377,76471.715248347362
P41382,36929.612434356291
P41408,5118.4682602652247
P41429,5118.4682602652247
P41434,5398.113441358104
P41437,5501.0818244895772
P41439,5118.4682602652247
P41442,5118.4682602652247
P41470,5398.113441358104
P41535,5501.0818244895772
P41593,5398.113441358104
P41596,5416.0999604743865
P41613,5398.113441358104
P41715,5501.0818244895772
P41741,5501.0818244895772
P41756,5501.0818244895772
P41764,5501.0818244895772
P41769,5398.113441358104
P41812,5398.113441358104
P41816,5501.0818244895772
P41830,5398.113441358104
P41849,5398.113441358104
P41851,5398.113441358104
P41866,5501.0818244895772
P41872,5398.113441358104
P41873,5398.113441358104
P41875,5398.113441358104
P41876,5398.113441358104
P41878,5398.113441358104
P41890,5398.113441358104
P41893,5398.113441358104
P41925,5501.0818244895772
P41926,5501.0818244895772
P41929,5501.0818244895772
P41930,5501.0818244895772
P41932,5398.113441358104
P41935,5398.113441358104
P41937,5398.113441358104
P41939,5398.113441358104
P41940,5398.113441358104
P41941,5398.113441358104
P41947,5501.0818244895772
P41949,5501.0818244895772
P41950,5501.0818244895772
P41951,5501.0818244895772
P41953,5398.113441358104
P41963,5398.113441358104
P41965,5398.113441358104
P41967,5398.113441358104
P41968,5398.113441358104
P41971,5398.113441358104
P41973,5398.113441358104
P41977,5398.113441358104
P42030,5398.113441358104
P42046,5501.0818244895772
P42100,201750.42937572769
P42104,32377.796771512971
P42235,301540.34789099958
P42300,5501.0818244895772
P42329,5501.0818244895772
P42354,5501.0818244895772
P42418,5501.0818244895772
P42430,5398.113441358104
P42432,368673.14484410238
P42434,5501.0818244895772
P42437,5398.113441358104
P42439,5501.0818244895772
P42444,5133.9756606066285
P42445,5133.9756606066285
P42446,5133.9756606066285
P42448,5416.0999604743865
P42458,5416.0999604743865
P42459,5398.113441358104
P42460,5416.0999604743865
P42461,5416.0999604743865
P42463,5416.0999604743865
P42470,5416.0999604743865
P42480,5501.0818244895772
P42488,5398.113441358104
P42489,5398.113441358104
P42491,5151.9621797229111
P42493,5133.9756606066285
P42503,5133.9756606066285
P42508,5236.9440437381018
P42514,5236.9440437381018
P42521,5133.9756606066285
P42523,5236.9440437381018
P42528,5501.0818244895772
P42530,5220.2137609660676
P42531,5416.0999604743865
P42533,5236.9440437381018
P42536,5236.9440437381018
P42537,5236.9440437381018
P42538,2924.217009778441
P42545,5398.113441358104
P42554,5416.0999604743865
P42556,5416.0999604743865
P42558,5416.0999604743865
P42559,5398.113441358104
P42560,5416.0999604743865
P42562,3120.1032092867599
P42570,5133.9756606066285
P42575,5133.9756606066285
P42578,5133.9756606066285
P42586,5398.113441358104
P42706,5220.2137609660676
P42721,76542.859197665501
P42793,5398.113441358104
P42794,5398.113441358104
P42796,314004.04751157202
P42822,5398.113441358104
P42824,5398.113441358104
P42855,5398.113441358104
P42869,5220.2137609660676
P43033,5398.113441358104
P43065,650870.97650528839
P43090,92810.117863155727
P43132,5416.0999604743865
P43186,5501.0818244895772
P43187,130655.52401056318
P43391,5501.0818244895772
P43480,39963.414744991598
P43517,158849.25513331761
P43639,48787.928172932312
P43710,56510.184902309913
P43804,20321.794264087268
P43808,5398.113441358104
P43824,5398.113441358104
P43849,5398.113441358104
P43850,5398.113441358104
P43906,5398.113441358104
P43909,5398.113441358104
P43916,523264.78118639358
P43943,5398.113441358104
P43946,5398.113441358104
P43979,5398.113441358104
P43989,62545.175628000441
P44020,25491.159844008314
P44024,49498.368302609109
P44027,5398.113441358104
P01033,6811.9635677368933
P01063,52049.902040704983
P01079,6811.9635677368933
P01106,24246.083460277059
P01156,26218.79361778286
P01162,6811.9635677368933
P01197,6811.9635677368933
P01206,6811.9635677368933
P01239,6811.9635677368933
P01303,6811.9635677368933
P01314,11183.867107966664
P01315,11183.867107966664
P01332,14136.313700055098
P01379,6811.9635677368933
P01443,12166.271764426059
P01463,6811.9635677368933
P01502,24451.899215429294
P01510,6811.9635677368933
P01576,6811.9635677368933
P01623,15897.470530683468
P01626,14707.276564115482
P01637,6811.9635677368933
P01638,14427.212692049699
P01648,6811.9635677368933
P01664,63538.645836208263
P01667,6811.9635677368933
P01718,6811.9635677368933
P01741,124352.24182072713
P01749,6811.9635677368933
P01753,6811.9635677368933
P01757,6811.9635677368933
P01766,6811.9635677368933
P01770,6811.9635677368933
P01776,6811.9635677368933
P01812,12163.603542549296
P01816,6811.9635677368933
P01841,25442.204716475691
P01844,14136.313700055098
P01859,6811.9635677368933
P01860,130241.32334186025
P01879,6811.9635677368933
P01889,6811.9635677368933
P01918,30464.350712833104
P01923,14136.313700055098
P01934,6811.9635677368933
P01962,6811.9635677368933
P01981,33745.7591854809
P01999,6811.9635677368933
P02025,6811.9635677368933
P02037,6811.9635677368933
P02040,6811.9635677368933
P02053,6811.9635677368933
P02075,34268.205207258463
P02077,14136.313700055098
P02095,60962.744112992914
P02124,14136.313700055098
P02152,27680.963763431897
P02159,11183.867107966664
P02165,35637.31825697462
P02178,17870.18068818927
P02206,6811.9635677368933
P02228,15897.470530683468
P02232,14669.032867510745
P02241,6811.9635677368933
P02284,24043.576679603269
P02285,24043.576679603269
P02408,6811.9635677368933
P02423,6811.9635677368933
P02435,31484.818257857256
P02442,31484.818257857256
P02459,6811.9635677368933
P02508,6811.9635677368933
P02521,6811.9635677368933
P02535,6811.9635677368933
P02536,6811.9635677368933
P02541,14669.032867510745
P02546,13950.833930442845
P02580,24451.899215429294
P02586,6811.9635677368933
P02685,6811.9635677368933
P02689,6811.9635677368933
P02805,6811.9635677368933
P02808,6811.9635677368933
P02812,6811.9635677368933
P02852,6811.9635677368933
P02863,6811.9635677368933
P02886,97896.412292781635
P02887,198219.71167520445
P02888,6811.9635677368933
P02913,6811.9635677368933
P02921,6811.9635677368933
P02923,6811.9635677368933
P02978,68988.958138785514
P02982,6811.9635677368933
P03028,6811.9635677368933
P03068,6811.9635677368933
P03070,6811.9635677368933
P03157,6811.9635677368933
P03178,36811.878228824637
P03201,6811.9635677368933
P03213,6811.9635677368933
P03225,6811.9635677368933
P03332,198818.09024780599
P03337,6811.9635677368933
P03343,6811.9635677368933
P03352,6811.9635677368933
P03369,6811.9635677368933
P03439,6811.9635677368933
P03444,11183.867107966664
P03452,6811.9635677368933
P03458,6811.9635677368933
P03459,6811.9635677368933
P03461,6811.9635677368933
P03462,6811.9635677368933
P03463,6811.9635677368933
P03578,6811.9635677368933
P03602,17870.18068818927
P03628,6811.9635677368933
P03631,6811.9635677368933
P03654,6811.9635677368933
P03675,6811.9635677368933
P03684,6811.9635677368933
P03696,13950.833930442845
P03724,6811.9635677368933
P03751,6811.9635677368933
P03772,6811.9635677368933
P03786,12163.603542549296
P03808,6811.9635677368933
P03809,6811.9635677368933
P03815,11978.123772937044
P03908,6811.9635677368933
P03923,18343.521103228213
P03933,6811.9635677368933
P03934,6811.9635677368933
P03935,6811.9635677368933
P03979,6811.9635677368933
P04044,11183.867107966664
P04051,34268.205207258463
P04070,6811.9635677368933
P04101,13156.577265472462
P04108,6811.9635677368933
P04127,25442.204716475691
P04133,14707.276564115482
P04143,14136.313700055098
P04161,14136.313700055098
P04164,14136.313700055098
P04169,14136.313700055098
P04213,11183.867107966664
P04251,6811.9635677368933
P04273,13156.577265472462
P04285,34268.205207258463
P04291,24449.230993552526
P04329,19323.257537810849
P04334,6811.9635677368933
P04386,45412.317381811808
P04387,6811.9635677368933
P04393,6811.9635677368933
P04394,6811.9635677368933
P04396,6811.9635677368933
P04398,6811.9635677368933
P04403,38290.544006682729
P04408,14136.313700055098
P04421,13950.833930442845
P04434,6811.9635677368933
P04466,11978.123772937044
P04525,6811.9635677368933
P04531,6811.9635677368933
P04560,6811.9635677368933
P04564,33745.7591854809
P04567,13727.540129532848
P04570,12163.603542549296
P04598,6811.9635677368933
P04599,6811.9635677368933
P04689,26992.904015118711
P04690,12163.603542549296
P04691,6811.9635677368933
P04697,6811.9635677368933
P04700,6811.9635677368933
P04736,6811.9635677368933
P04758,11183.867107966664
P04771,6811.9635677368933
P04830,6811.9635677368933
P04831,6811.9635677368933
P04834,24451.899215429294
P04836,24263.751223940271
P04873,6811.9635677368933
P04900,6811.9635677368933
P04901,6811.9635677368933
P04909,6811.9635677368933
P04924,6811.9635677368933
P04960,34268.205207258463
P04964,6811.9635677368933
P04966,6811.9635677368933
P04970,172426.2612374298
P05039,6811.9635677368933
P05049,19323.257537810849
P05059,6811.9635677368933
P05081,15897.470530683468
P05097,6811.9635677368933
P05098,6811.9635677368933
P05099,6811.9635677368933
P05107,6811.9635677368933
P05109,31484.818257857256
P05112,6811.9635677368933
P05113,6811.9635677368933
P05114,6811.9635677368933
P05136,43127.222158508965
P05138,42941.74238889671
P05141,6811.9635677368933
P05142,23469.494558969891
P05143,24451.899215429294
P05148,6811.9635677368933
P05149,6811.9635677368933
P05156,6811.9635677368933
P05258,6811.9635677368933
P05283,6811.9635677368933
P05284,6811.9635677368933
P05286,6811.9635677368933
P05288,31484.818257857256
P05291,6811.9635677368933
P05292,6811.9635677368933
P05302,6811.9635677368933
P05362,14136.313700055098
P05392,6811.9635677368933
P05394,6811.9635677368933
P05408,6811.9635677368933
P05441,6811.9635677368933
P05443,15359.210376474928
P05455,6811.9635677368933
P05460,6811.9635677368933
P05537,6811.9635677368933
P05556,25442.204716475691
P05558,25442.204716475691
P05704,6811.9635677368933
P05705,6811.9635677368933
P05712,6811.9635677368933
P05716,6811.9635677368933
P05762,14136.313700055098
P05768,11183.867107966664
P05797,6811.9635677368933
P05801,6811.9635677368933
P05805,6811.9635677368933
P05812,6811.9635677368933
P05838,6811.9635677368933
P05864,34268.205207258463
P05907,11134.133960095056
P05944,6811.9635677368933
P05949,52027.139869092767
P05951,6811.9635677368933
P05968,14136.313700055098
P05977,10998.387338354411
P06069,11183.867107966664
P06079,11183.867107966664
P06086,6811.9635677368933
P06087,6811.9635677368933
P06088,6811.9635677368933
P06145,166195.68010563074
P06151,6811.9635677368933
P06159,26218.79361778286
P06170,42871.662837179108
P06171,6811.9635677368933
P06187,6811.9635677368933
P06201,15359.210376474928
P06230,71145.738556222364
P06236,6811.9635677368933
P06273,6811.9635677368933
P06343,24451.899215429294
P06344,23469.494558969891
P06352,6811.9635677368933
P06376,70449.940051360347
P06378,31192.946188253223
P06379,6811.9635677368933
P06380,32185.919911176392
P06383,143277.45297728368
P06385,6811.9635677368933
P06386,6811.9635677368933
P06387,6811.9635677368933
P06388,6811.9635677368933
P06399,6811.9635677368933
P06402,38538.079953127024
P06403,43597.627407045242
P06404,31192.946188253223
P06405,32185.919911176392
P06408,30213.209753670591
P06411,6811.9635677368933
P06413,6811.9635677368933
P06416,6811.9635677368933
P06418,6811.9635677368933
P06420,6811.9635677368933
P06421,6811.9635677368933
P06423,6811.9635677368933
P06428,6811.9635677368933
P06430,6811.9635677368933
P06447,6811.9635677368933
P06448,6811.9635677368933
P06573,6811.9635677368933
P06870,6811.9635677368933
P07133,34926.81317638739
P07139,30213.209753670591
P07154,70176.366050131081
P07158,48847.701789746701
P07159,71617.504840617417
P07160,110047.27662017998
P07257,30213.209753670591
P07259,30213.209753670591
P07293,62407.591897011283
P07294,33165.656345759016
P07298,6811.9635677368933
P07299,6811.9635677368933
P07506,6811.9635677368933
P07544,115322.33458344585
P07546,111776.51497651589
P07547,6811.9635677368933
P07555,85365.251290891116
P07556,6811.9635677368933
P07559,109088.18106338989
P07568,33165.656345759016
P07573,100996.58778571236
P07576,33165.656345759016
P07578,30213.209753670591
P07580,6811.9635677368933
P07583,6811.9635677368933
P07589,41956.800128309311
P07590,75217.525142108731
P07595,37558.343518544389
P07598,6811.9635677368933
P07599,62747.936964095388
P07600,55068.064105881225
P07601,74365.904658769112
P07617,6811.9635677368933
P07619,109088.18106338989
P07623,68908.083518445594
P07625,73624.65177333726
P07627,34926.81317638739
P07633,37558.343518544389
P07640,6811.9635677368933
P07641,33165.656345759016
P07645,47349.928195702611
P07646,64165.978300291405
P07655,6811.9635677368933
P07656,61427.855462428655
P07657,6811.9635677368933
P07683,125196.40377724718
P07684,124598.89412692231
P07692,6811.9635677368933
P07694,6811.9635677368933
P07696,6811.9635677368933
P07698,6811.9635677368933
P07702,6811.9635677368933
P07708,56006.193877062535
P07709,77931.464906691268
P07776,6811.9635677368933
P07777,6811.9635677368933
P07778,6811.9635677368933
P07780,33496.360256006425
P07783,6811.9635677368933
P07784,69926.190348952499
P07790,6811.9635677368933
P07994,6811.9635677368933
P07996,6811.9635677368933
P07997,6811.9635677368933
P07998,6811.9635677368933
P08000,38766.793606766478
P08005,6811.9635677368933
P08006,38766.793606766478
P08009,75457.485270996505
P08012,38766.793606766478
P08014,38766.793606766478
P08171,75457.485270996505
P08172,38766.793606766478
P08181,136959.88719198669
P08187,104695.45870912093
P08188,6811.9635677368933
P08189,86137.252111585462
P08191,6811.9635677368933
P08194,6811.9635677368933
P08196,6811.9635677368933
P08200,105308.83331462846
P08201,72186.02432284836
P08203,6811.9635677368933
P08217,6811.9635677368933
P08222,6811.9635677368933
P08225,6811.9635677368933
P08241,54243.507650337408
P08242,6811.9635677368933
P08243,6811.9635677368933
P08281,67170.271869284537
P08320,6811.9635677368933
P08322,161180.16873886003
P08338,156913.18513339487
P08340,131414.94812112729
P08344,6811.9635677368933
P08346,6811.9635677368933
P08348,6811.9635677368933
P08350,6811.9635677368933
P08353,98906.3615205651
P08356,34053.190184049672
P08357,6811.9635677368933
P08359,95945.114725630076
P08363,6811.9635677368933
P08364,6811.9635677368933
P08365,6811.9635677368933
P08367,6811.9635677368933
P08368,34053.190184049672
P08369,6811.9635677368933
P08374,96634.142150685584
P08379,34053.190184049672
P08380,35035.594840509075
P08383,6811.9635677368933
P08387,75457.485270996505
P08388,75457.485270996505
P08390,38766.793606766478
P08392,38766.793606766478
P08396,6811.9635677368933
P08399,70038.304824866238
P08400,6811.9635677368933
P08401,6811.9635677368933
P08404,89435.05611386009
P08405,6811.9635677368933
P08406,6811.9635677368933
P08408,6811.9635677368933
P08411,38766.793606766478
P08412,38766.793606766478
P08446,133327.19986102887
P08448,46591.560049149419
P08450,166894.90567703723
P08463,6811.9635677368933
P08476,6811.9635677368933
P08481,6811.9635677368933
P08489,6811.9635677368933
P08501,6811.9635677368933
P08502,6811.9635677368933
P08524,6811.9635677368933
P08526,6811.9635677368933
P08527,6811.9635677368933
P08587,6811.9635677368933
P08593,61691.263847869639
P08602,6811.9635677368933
P08604,77227.764373559607
P08609,33165.656345759016
P08615,51829.361136191277
P08616,37788.496236307881
P08617,50776.177856098737
P08620,97799.470792597916
P08624,6811.9635677368933
P08625,6811.9635677368933
P08626,33165.656345759016
P08633,6811.9635677368933
P08639,6811.9635677368933
P08641,132677.4679454914
P08644,78170.317451237352
P08648,68120.269960947393
P08650,6811.9635677368933
P08655,6811.9635677368933
P08656,128045.61453545417
P08657,6811.9635677368933
P08659,6811.9635677368933
P08660,6811.9635677368933
P08749,6811.9635677368933
P08785,6811.9635677368933
P08789,6811.9635677368933
P08792,6811.9635677368933
P08793,85014.615252097865
P08796,6811.9635677368933
P08797,6811.9635677368933
P08801,6811.9635677368933
P08803,6811.9635677368933
P08804,6811.9635677368933
P08805,6811.9635677368933
P08807,6811.9635677368933
P08809,6811.9635677368933
P08810,6811.9635677368933
P08812,6811.9635677368933
P08815,6811.9635677368933
P08816,6811.9635677368933
P08817,6811.9635677368933
P08820,6811.9635677368933
P08821,6811.9635677368933
P08822,6811.9635677368933
P08828,6811.9635677368933
P08829,6811.9635677368933
P08830,6811.9635677368933
P08831,6811.9635677368933
P08832,126986.6714875668
P08834,179468.87239341883
P08835,134589.12113661133
P08837,116172.9052559024
P08842,6811.9635677368933
P08843,6811.9635677368933
P08844,6811.9635677368933
P08847,52340.396198280541
P08849,50526.193636166769
P08850,6811.9635677368933
P08851,6811.9635677368933
P08852,6811.9635677368933
P08853,6811.9635677368933
P08856,6811.9635677368933
P08859,6811.9635677368933
P08998,6811.9635677368933
P08999,6811.9635677368933
P09002,6811.9635677368933
P09004,6811.9635677368933
P09009,6811.9635677368933
P09030,6811.9635677368933
P09031,6811.9635677368933
P09033,6811.9635677368933
P09034,6811.9635677368933
P09036,6811.9635677368933
P09037,6811.9635677368933
P09038,6811.9635677368933
P09040,6811.9635677368933
P09053,6811.9635677368933
P09055,98057.89432639
P09056,100302.74311666896
P09058,114333.17255431483
P09060,70959.265955265466
P09061,6811.9635677368933
P09074,6811.9635677368933
P09077,6811.9635677368933
P09078,6811.9635677368933
P09080,6811.9635677368933
P09082,6811.9635677368933
P09085,6811.9635677368933
P09088,6811.9635677368933
P09089,6811.9635677368933
P09094,6811.9635677368933
P09097,6811.9635677368933
P09099,6811.9635677368933
P09101,6811.9635677368933
P09104,6811.9635677368933
P09107,46510.847710366703
P09112,31192.946188253223
P09114,147684.96565461537
P09115,85436.528654417125
P09116,102006.1342318284
P09120,6811.9635677368933
P09121,6811.9635677368933
P09126,94853.107261156838
P09138,28187.092642781936
P09141,15504.799581709653
P09145,37558.343518544389
P09146,34926.81317638739
P09173,6811.9635677368933
P09194,6811.9635677368933
P09196,6811.9635677368933
P09197,61427.855462428655
P09202,6811.9635677368933
P09203,62407.591897011283
P09210,6811.9635677368933
P09346,6811.9635677368933
P09353,6811.9635677368933
P09359,6811.9635677368933
P09362,6811.9635677368933
P09368,43526.805357162972
P09373,6811.9635677368933
P09375,6811.9635677368933
P09377,6811.9635677368933
P09378,6811.9635677368933
P09379,6811.9635677368933
P09382,6811.9635677368933
P09384,6811.9635677368933
P09385,6811.9635677368933
P09386,6811.9635677368933
P09388,6811.9635677368933
P09389,6811.9635677368933
P09390,6811.9635677368933
P09391,84045.333185195341
P09393,34973.221504067078
P09395,30213.209753670591
P09396,30213.209753670591
P09398,62443.775381205785
P09399,6811.9635677368933
P09400,45958.716440650962
P09401,30213.209753670591
P09449,42271.946941261202
P09450,43526.805357162972
P09452,38766.793606766478
P09453,6811.9635677368933
P09454,6811.9635677368933
P09455,38766.793606766478
P09457,6811.9635677368933
P09458,6811.9635677368933
P09460,6811.9635677368933
P09461,6811.9635677368933
P09464,6811.9635677368933
P09465,6811.9635677368933
P09473,65267.835892807736
P09474,36025.900341555469
P09477,36025.900341555469
P09479,34053.190184049672
P09482,34053.190184049672
P09484,187855.33513425649
P09487,6811.9635677368933
P09488,6811.9635677368933
P09489,77282.341415343864
P09493,6811.9635677368933
P09495,6811.9635677368933
P09496,6811.9635677368933
P09500,6811.9635677368933
P09501,6811.9635677368933
P09505,6811.9635677368933
P09506,6811.9635677368933
P09507,6811.9635677368933
P09509,6811.9635677368933
P09510,6811.9635677368933
P09519,6811.9635677368933
P09522,6811.9635677368933
P09524,6811.9635677368933
P09526,6811.9635677368933
P09527,6811.9635677368933
P09529,6811.9635677368933
P09530,6811.9635677368933
P09533,6811.9635677368933
P09534,6811.9635677368933
P09538,6811.9635677368933
P09541,6811.9635677368933
P09542,6811.9635677368933
P09543,6811.9635677368933
P09546,6811.9635677368933
P09565,6811.9635677368933
P09567,138993.07589020827
P09570,6811.9635677368933
P09571,6811.9635677368933
P09590,6811.9635677368933
P09591,6811.9635677368933
P09592,6811.9635677368933
P09593,6811.9635677368933
P09595,40525.409671269314
P09596,38813.201934446166
P09597,38813.201934446166
P09602,43526.805357162972
P09603,6811.9635677368933
P09604,6811.9635677368933
P09606,6811.9635677368933
P09609,6811.9635677368933
P09612,34053.190184049672
P09614,34053.190184049672
P09615,6811.9635677368933
P09616,34053.190184049672
P09617,34053.190184049672
P09620,38766.793606766478
P09621,6811.9635677368933
P09624,6811.9635677368933
P09824,6811.9635677368933
P09906,6811.9635677368933
P09909,6811.9635677368933
P09910,6811.9635677368933
P09911,6811.9635677368933
P09912,6811.9635677368933
P09913,6811.9635677368933
P09914,6811.9635677368933
P09915,6811.9635677368933
P09916,6811.9635677368933
P09918,6811.9635677368933
P09919,6811.9635677368933
P09920,6811.9635677368933
P09928,6811.9635677368933
P09992,6811.9635677368933
P09997,6811.9635677368933
P09998,6811.9635677368933
P10012,6811.9635677368933
P10014,6811.9635677368933
P10017,6811.9635677368933
P10018,6811.9635677368933
P10019,6811.9635677368933
P10020,6811.9635677368933
P10023,6811.9635677368933
P10028,6811.9635677368933
P10029,6811.9635677368933
P10030,6811.9635677368933
P10036,6811.9635677368933
P10037,6811.9635677368933
P10040,6811.9635677368933
P10156,6811.9635677368933
P10176,6811.9635677368933
P10213,29010.156736764795
P10215,29010.156736764795
P10216,29010.156736764795
P10220,28247.419216441383
P10221,29010.156736764795
P10366,6811.9635677368933
P10393,6811.9635677368933
P10394,6811.9635677368933
P10404,6811.9635677368933
P10405,6811.9635677368933
P10426,6811.9635677368933
P10431,6811.9635677368933
P10432,6811.9635677368933
P10434,6811.9635677368933
P10435,6811.9635677368933
P10437,6811.9635677368933
P10449,6811.9635677368933
P10531,6811.9635677368933
P10628,6811.9635677368933
P10629,6811.9635677368933
P10630,6811.9635677368933
P10632,6811.9635677368933
P10637,6811.9635677368933
P10666,395828.1618879835
P10670,6811.9635677368933
P10673,6811.9635677368933
P10680,6811.9635677368933
P10681,6811.9635677368933
P10682,6811.9635677368933
P10684,6811.9635677368933
P10685,6811.9635677368933
P10690,6811.9635677368933
P10691,6811.9635677368933
P10692,6811.9635677368933
P10704,6811.9635677368933
P10715,6811.9635677368933
P10734,24775.374361481936
P10735,6811.9635677368933
P10736,6811.9635677368933
P10744,28224.399465802093
P10745,23795.637926899301
P10767,6811.9635677368933
P10775,6811.9635677368933
P10777,6811.9635677368933
P10778,6811.9635677368933
P10780,6811.9635677368933
P10782,6811.9635677368933
P10783,6811.9635677368933
P10784,6811.9635677368933
P10785,6811.9635677368933
P10786,6811.9635677368933
P10791,6811.9635677368933
P10793,6811.9635677368933
P10797,6811.9635677368933
P11065,6811.9635677368933
P11086,6811.9635677368933
P11117,65179.99002241312
P11171,6811.9635677368933
P11233,6811.9635677368933
P11236,6811.9635677368933
P11241,6811.9635677368933
P11246,6811.9635677368933
P11248,6811.9635677368933
P11249,6811.9635677368933
P11252,6811.9635677368933
P11255,6811.9635677368933
P11256,6811.9635677368933
P11259,6811.9635677368933
P11260,6811.9635677368933
P11263,6811.9635677368933
P11287,6811.9635677368933
P11290,6811.9635677368933
P11292,116532.57280696998
P11293,101144.55479724077
P11297,6811.9635677368933
P11318,6811.9635677368933
P11323,6811.9635677368933
P11326,6811.9635677368933
P11328,6811.9635677368933
P11330,6811.9635677368933
P11331,6811.9635677368933
P11333,6811.9635677368933
P11336,6811.9635677368933
P11337,6811.9635677368933
P11338,6811.9635677368933
P11422,6811.9635677368933
P11507,6811.9635677368933
P11508,6811.9635677368933
P11513,6811.9635677368933
P11518,6811.9635677368933
P11520,6811.9635677368933
P11568,39837.537316714493
P11588,38074.149334500216
P11683,6811.9635677368933
P11702,6811.9635677368933
P11765,6811.9635677368933
P11766,6811.9635677368933
P11774,6811.9635677368933
P11777,6811.9635677368933
P11779,6811.9635677368933
P11780,6811.9635677368933
P11782,6811.9635677368933
P11783,6811.9635677368933
P11787,6811.9635677368933
P11788,6811.9635677368933
P11789,6811.9635677368933
P11790,6811.9635677368933
P11792,6811.9635677368933
P11794,6811.9635677368933
P11796,6811.9635677368933
P11797,6811.9635677368933
P11799,6811.9635677368933
P11800,6811.9635677368933
P11802,6811.9635677368933
P11806,6811.9635677368933
P11807,6811.9635677368933
P11810,6811.9635677368933
P11812,6811.9635677368933
P11814,6811.9635677368933
P11815,6811.9635677368933
P11824,6811.9635677368933
P11825,6811.9635677368933
P11828,6811.9635677368933
P11829,6811.9635677368933
P11830,6811.9635677368933
P11846,6811.9635677368933
P11847,6811.9635677368933
P11854,6811.9635677368933
P11865,6811.9635677368933
P11868,6811.9635677368933
P11870,6811.9635677368933
P11871,6811.9635677368933
P12023,22771.076564346444
P12101,30354.081355298531
P12102,30354.081355298531
P12104,6811.9635677368933
P12107,30457.305387846383
P12108,30638.592382114723
P12109,28561.999933949919
P12116,6811.9635677368933
P12136,59853.354780567293
P12171,6811.9635677368933
P12180,6811.9635677368933
P12212,6811.9635677368933
P12213,6811.9635677368933
P12214,6811.9635677368933
P12215,6811.9635677368933
P12216,6811.9635677368933
P12218,6811.9635677368933
P12230,6811.9635677368933
P12233,6811.9635677368933
P12236,6811.9635677368933
P12237,6811.9635677368933
P12238,6811.9635677368933
P12240,6811.9635677368933
P12242,6811.9635677368933
P12243,6811.9635677368933
P12244,165212.30313018651
P12318,224935.57493551917
P12382,6811.9635677368933
P12439,6811.9635677368933
P12440,317431.87631550769
P12444,6811.9635677368933
P12445,284780.93451538635
P12450,6811.9635677368933
P12453,6811.9635677368933
P12459,6811.9635677368933
P12462,6811.9635677368933
P12463,6811.9635677368933
P12466,6811.9635677368933
P12469,6811.9635677368933
P12473,6811.9635677368933
P12478,6811.9635677368933
P12482,6811.9635677368933
P12488,6811.9635677368933
P12498,6811.9635677368933
P12510,6811.9635677368933
P12513,6811.9635677368933
P12520,6811.9635677368933
P12522,6811.9635677368933
P12523,6811.9635677368933
P12531,6811.9635677368933
P12534,6811.9635677368933
P12535,6811.9635677368933
P12537,6811.9635677368933
P12540,6811.9635677368933
P12542,6811.9635677368933
P12553,6811.9635677368933
P12555,6811.9635677368933
P12557,6811.9635677368933
P12564,6811.9635677368933
P12566,6811.9635677368933
P12571,6811.9635677368933
P12572,6811.9635677368933
P12573,6811.9635677368933
P12575,6811.9635677368933
P12576,6811.9635677368933
P12577,6811.9635677368933
P12578,6811.9635677368933
P12647,6811.9635677368933
P12650,6811.9635677368933
P12671,417913.96603853209
P12719,6811.9635677368933
P12784,6811.9635677368933
P12828,6811.9635677368933
P12926,6811.9635677368933
P13011,6811.9635677368933
P13013,6811.9635677368933
P13041,43374.877962076323
P13050,31460.444726641785
P13055,48041.919162803322
P13059,63822.834166035667
P13094,6811.9635677368933
P13097,31460.444726641785
P13098,31460.444726641785
P13193,298319.37265871093
P13222,6811.9635677368933
P13227,6811.9635677368933
P13459,6811.9635677368933
P13531,38571.528908169712
P13647,6811.9635677368933
P13654,6811.9635677368933
P13664,6811.9635677368933
P13666,6811.9635677368933
P13667,6811.9635677368933
P13668,6811.9635677368933
P13670,6811.9635677368933
P13672,6811.9635677368933
P13673,6811.9635677368933
P13674,6811.9635677368933
P13686,6811.9635677368933
P13687,6811.9635677368933
P13688,6811.9635677368933
P13689,6811.9635677368933
P13690,6811.9635677368933
P13692,6811.9635677368933
P13695,6811.9635677368933
P13697,6811.9635677368933
P13782,26933.564288599991
P13792,21474.663366091259
P13867,6811.9635677368933
P13868,6811.9635677368933
P13889,6811.9635677368933
P13890,6811.9635677368933
P13901,6811.9635677368933
P13909,6811.9635677368933
P13910,6811.9635677368933
P13915,6811.9635677368933
P13932,6811.9635677368933
P13933,6811.9635677368933
P13934,6811.9635677368933
P13948,6811.9635677368933
P14010,151956.98242046882
P14011,148263.36837682338
P14012,6811.9635677368933
P14014,72470.35590104037
P14018,6811.9635677368933
P14020,6811.9635677368933
P14021,6811.9635677368933
P14025,6811.9635677368933
P14026,6811.9635677368933
P14027,6811.9635677368933
P14029,6811.9635677368933
P14030,6811.9635677368933
P14089,6811.9635677368933
P14092,6811.9635677368933
P14123,142945.23437321201
P14142,6811.9635677368933
P14410,6811.9635677368933
P14411,6811.9635677368933
P14414,6811.9635677368933
P14682,6811.9635677368933
P14684,6811.9635677368933
P14737,45209.212986320563
P14745,6811.9635677368933
P14785,6811.9635677368933
P14813,6811.9635677368933
P14816,6811.9635677368933
P14821,6811.9635677368933
P14840,6811.9635677368933
P14853,6811.9635677368933
P14854,6811.9635677368933
P14856,6811.9635677368933
P14876,6811.9635677368933
P14878,6811.9635677368933
P14880,6811.9635677368933
P14887,6811.9635677368933
P14890,6811.9635677368933
P14893,6811.9635677368933
P14898,6811.9635677368933
P14906,6811.9635677368933
P14920,6811.9635677368933
P14921,6811.9635677368933
P14922,6811.9635677368933
P14925,6811.9635677368933
P14927,6811.9635677368933
P14929,6811.9635677368933
P15034,6811.9635677368933
P15035,6811.9635677368933
P15037,6811.9635677368933
P15038,6811.9635677368933
P15040,6811.9635677368933
P15050,6811.9635677368933
P15051,6811.9635677368933
P15175,6811.9635677368933
P15176,6811.9635677368933
P15177,6811.9635677368933
P15183,6811.9635677368933
P15188,6811.9635677368933
P15191,6811.9635677368933
P15192,6811.9635677368933
P15196,6811.9635677368933
P15197,6811.9635677368933
P15203,6811.9635677368933
P15204,6811.9635677368933
P15205,6811.9635677368933
P15206,6811.9635677368933
P15209,6811.9635677368933
P15210,6811.9635677368933
P15213,6811.9635677368933
P15216,94826.815293632884
P15218,6811.9635677368933
P15221,111488.08658732696
P15222,6811.9635677368933
P15226,6811.9635677368933
P15228,6811.9635677368933
P15229,6811.9635677368933
P15233,6811.9635677368933
P15235,6811.9635677368933
P15240,6811.9635677368933
P15313,6811.9635677368933
P15314,6811.9635677368933
P15320,6811.9635677368933
P15324,6811.9635677368933
P15326,6811.9635677368933
P15333,6811.9635677368933
P15335,6811.9635677368933
P15337,6811.9635677368933
P15338,309228.98021506931
P15355,6811.9635677368933
P15377,6811.9635677368933
P15414,6811.9635677368933
P15446,29010.156736764795
P15551,6811.9635677368933
P15707,6811.9635677368933
P15708,6811.9635677368933
P15709,6811.9635677368933
P15722,29010.156736764795
P15723,28247.419216441383
P15724,28247.419216441383
P15798,135924.71158898619
P15824,6811.9635677368933
P15856,6811.9635677368933
P15858,6811.9635677368933
P15859,6811.9635677368933
P15886,6811.9635677368933
P15890,6811.9635677368933
P15891,6811.9635677368933
P15897,6811.9635677368933
P15898,6811.9635677368933
P15907,6811.9635677368933
P15909,6811.9635677368933
P15910,6811.9635677368933
P15924,6811.9635677368933
P15925,6811.9635677368933
P15926,6811.9635677368933
P15927,6811.9635677368933
P15970,6811.9635677368933
P16070,6811.9635677368933
P16090,6811.9635677368933
P16097,6811.9635677368933
P16158,6811.9635677368933
P16161,6811.9635677368933
P16162,6811.9635677368933
P16163,6811.9635677368933
P16164,6811.9635677368933
P16169,6811.9635677368933
P16170,6811.9635677368933
P16171,6811.9635677368933
P16173,6811.9635677368933
P16175,6811.9635677368933
P16176,6811.9635677368933
P16177,6811.9635677368933
P16178,6811.9635677368933
P16179,6811.9635677368933
P16181,6811.9635677368933
P16183,6811.9635677368933
P16185,6811.9635677368933
P16186,6811.9635677368933
P16187,6811.9635677368933
P16188,6811.9635677368933
P16190,6811.9635677368933
P16193,6811.9635677368933
P16314,6811.9635677368933
P16315,6811.9635677368933
P16392,6811.9635677368933
P16415,6811.9635677368933
P16491,204042.648327854
P16493,180761.40359620904
P16494,176864.9802342761
P16495,186835.98605111821
P16496,6811.9635677368933
P16498,6811.9635677368933
P16500,6811.9635677368933
P16501,6811.9635677368933
P16503,6811.9635677368933
P16504,6811.9635677368933
P16506,6811.9635677368933
P16507,6811.9635677368933
P16516,6811.9635677368933
P16517,6811.9635677368933
P16519,6811.9635677368933
P16520,6811.9635677368933
P16521,6811.9635677368933
P16522,6811.9635677368933
P16524,6811.9635677368933
P16525,6811.9635677368933
P16526,6811.9635677368933
P16528,6811.9635677368933
P16529,6811.9635677368933
P16530,6811.9635677368933
P16534,146499.78281389654
P16540,6811.9635677368933
P16542,6811.9635677368933
P16544,6811.9635677368933
P16545,6811.9635677368933
P16546,6811.9635677368933
P16548,6811.9635677368933
P16550,6811.9635677368933
P16552,6811.9635677368933
P16558,141192.65004812615
P16565,6811.9635677368933
P16566,6811.9635677368933
P16569,6811.9635677368933
P16570,6811.9635677368933
P16571,141192.65004812615
P16573,6811.9635677368933
P16574,6811.9635677368933
P16611,6811.9635677368933
P16643,6811.9635677368933
P16660,6811.9635677368933
P16661,6811.9635677368933
P16687,20515.24868424813
P16734,32313.948872978217
P16735,32313.948872978217
P16736,32313.948872978217
P16744,6811.9635677368933
P16750,6811.9635677368933
P16751,6811.9635677368933
P16752,6811.9635677368933
P16753,6811.9635677368933
P16756,6811.9635677368933
P16757,6811.9635677368933
P16758,6811.9635677368933
P16762,6811.9635677368933
P16763,6811.9635677368933
P16787,6811.9635677368933
P16788,6811.9635677368933
P16789,6811.9635677368933
P16832,6811.9635677368933
P16834,6811.9635677368933
P16867,529789.36614673806
P16893,6811.9635677368933
P17133,6811.9635677368933
P17136,6811.9635677368933
P17137,6811.9635677368933
P17147,6811.9635677368933
P17148,6811.9635677368933
P17149,6811.9635677368933
P17150,6811.9635677368933
P17154,6811.9635677368933
P17246,6811.9635677368933
P17248,6811.9635677368933
P17249,6811.9635677368933
P17255,6811.9635677368933
P17256,6811.9635677368933
P17257,6811.9635677368933
P17258,6811.9635677368933
P17261,6811.9635677368933
P17262,6811.9635677368933
P17264,6811.9635677368933
P17265,6811.9635677368933
P17278,6811.9635677368933
P17287,6811.9635677368933
P17306,6811.9635677368933
P17308,6811.9635677368933
P17309,6811.9635677368933
P17313,6811.9635677368933
P17314,6811.9635677368933
P17315,6811.9635677368933
P17317,6811.9635677368933
P17319,6811.9635677368933
P17323,6811.9635677368933
P17324,6811.9635677368933
P17325,6811.9635677368933
P17415,6811.9635677368933
P17422,6811.9635677368933
P17424,6811.9635677368933
P17442,6811.9635677368933
P17444,6811.9635677368933
P17447,6811.9635677368933
P17448,6811.9635677368933
P17479,6811.9635677368933
P17482,6811.9635677368933
P17483,6811.9635677368933
P17486,6811.9635677368933
P17501,6811.9635677368933
P17502,6811.9635677368933
P17503,6811.9635677368933
P17504,6811.9635677368933
P17508,31460.444726641785
P17518,6811.9635677368933
P17521,6811.9635677368933
P17523,6811.9635677368933
P17527,6811.9635677368933
P17530,6811.9635677368933
P17539,6811.9635677368933
P17540,6811.9635677368933
P17542,6811.9635677368933
P17562,65344.139402053726
P17660,31460.444726641785
P17829,6811.9635677368933
P17855,6811.9635677368933
P17856,6811.9635677368933
P17857,6811.9635677368933
P17927,15732.474436816688
P17934,6811.9635677368933
P17964,31055.929909635041
P17974,6811.9635677368933
P17993,31460.444726641785
P18049,6811.9635677368933
P18051,6811.9635677368933
P18053,6811.9635677368933
P18054,6811.9635677368933
P18061,6811.9635677368933
P18063,6811.9635677368933
P18065,6811.9635677368933
P18123,32313.948872978217
P18127,32313.948872978217
P18128,136439.83325997792
P18156,6811.9635677368933
P18157,6811.9635677368933
P18159,6811.9635677368933
P18161,6811.9635677368933
P18191,6811.9635677368933
P18194,6811.9635677368933
P18195,6811.9635677368933
P18211,6811.9635677368933
P18217,6811.9635677368933
P18225,6811.9635677368933
P18227,6811.9635677368933
P18231,6811.9635677368933
P18253,6811.9635677368933
P18258,6811.9635677368933
P18259,6811.9635677368933
P18261,6811.9635677368933
P18262,6811.9635677368933
P18279,6811.9635677368933
P18281,6811.9635677368933
P18296,6811.9635677368933
P18300,6811.9635677368933
P18434,6811.9635677368933
P18460,6811.9635677368933
P18519,31460.444726641785
P18522,6811.9635677368933
P18557,6811.9635677368933
P18558,6811.9635677368933
P18650,6811.9635677368933
P18651,6811.9635677368933
P18654,6811.9635677368933
P18655,6811.9635677368933
P18656,6811.9635677368933
P18731,6811.9635677368933
P18735,6811.9635677368933
P18739,6811.9635677368933
P18749,6811.9635677368933
P18752,6811.9635677368933
P18755,6811.9635677368933
P18769,6811.9635677368933
P18771,6811.9635677368933
P18796,6811.9635677368933
P19035,6811.9635677368933
P19037,6811.9635677368933
P19038,6811.9635677368933
P19041,6811.9635677368933
P19052,27335.51595487681
P19124,31460.444726641785
P19250,6811.9635677368933
P19252,6811.9635677368933
P19253,6811.9635677368933
P19265,6811.9635677368933
P19282,6811.9635677368933
P19573,6811.9635677368933
P19574,6811.9635677368933
P19590,6811.9635677368933
P19599,6811.9635677368933
P19630,6811.9635677368933
P19680,262476.74535221065
P19684,183694.70750687475
P19685,6811.9635677368933
P19686,6811.9635677368933
P19696,6811.9635677368933
P19697,186835.98605111821
P19699,6811.9635677368933
P19701,179802.85157164771
P19703,6811.9635677368933
P19715,6811.9635677368933
P19720,6811.9635677368933
P19773,6811.9635677368933
P19812,6811.9635677368933
P19813,6811.9635677368933
P19814,6811.9635677368933
P19851,6811.9635677368933
P19856,6811.9635677368933
P19860,6811.9635677368933
P19861,175667.99119040987
P19864,6811.9635677368933
P19865,6811.9635677368933
P19866,6811.9635677368933
P19867,6811.9635677368933
P19868,6811.9635677368933
P19891,6811.9635677368933
P19894,6811.9635677368933
P19897,6811.9635677368933
P19899,6811.9635677368933
P19905,6811.9635677368933
P19906,6811.9635677368933
P19907,6811.9635677368933
P19908,6811.9635677368933
P19911,6811.9635677368933
P19913,6811.9635677368933
P19915,6811.9635677368933
P19916,6811.9635677368933
P19920,6811.9635677368933
P19925,6811.9635677368933
P19926,6811.9635677368933
P19928,6811.9635677368933
P19938,6811.9635677368933
P19941,6811.9635677368933
P19954,6811.9635677368933
P19955,6811.9635677368933
P19979,6811.9635677368933
P20002,6811.9635677368933
P20004,6811.9635677368933
P20007,6811.9635677368933
P20010,6811.9635677368933
P20022,6811.9635677368933
P20026,6811.9635677368933
P20036,6811.9635677368933
P20040,6811.9635677368933
P20041,6811.9635677368933
P20042,6811.9635677368933
P20047,6811.9635677368933
P20048,6811.9635677368933
P20049,6811.9635677368933
P20050,6811.9635677368933
P20053,6811.9635677368933
P20066,6811.9635677368933
P20068,6811.9635677368933
P20129,6811.9635677368933
P20136,6811.9635677368933
P20141,6811.9635677368933
P20142,6811.9635677368933
P20144,6811.9635677368933
P20212,6811.9635677368933
P20213,6811.9635677368933
P20215,6811.9635677368933
P20218,6811.9635677368933
P20219,6811.9635677368933
P20220,6811.9635677368933
P20221,6811.9635677368933
P20243,6811.9635677368933
P20244,6811.9635677368933
P20247,6811.9635677368933
P20251,6811.9635677368933
P20260,6811.9635677368933
P20267,6811.9635677368933
P20269,6811.9635677368933
P20270,6811.9635677368933
P20272,6811.9635677368933
P20274,6811.9635677368933
P20307,297687.38663280976
P20311,6811.9635677368933
P20312,6811.9635677368933
P20315,6811.9635677368933
P20318,6811.9635677368933
P20368,6811.9635677368933
P20387,6811.9635677368933
P20436,6811.9635677368933
P20527,6811.9635677368933
P20546,6811.9635677368933
P20665,6811.9635677368933
P20666,6811.9635677368933
P20695,6811.9635677368933
P20725,6811.9635677368933
P20726,6811.9635677368933
P20766,6811.9635677368933
P20786,6811.9635677368933
P20848,6811.9635677368933
P20849,6811.9635677368933
P20855,6811.9635677368933
P21016,6811.9635677368933
P21021,6811.9635677368933
P21059,28567.768955701431
P21112,6811.9635677368933
P21118,6811.9635677368933
P21123,6811.9635677368933
P21145,6811.9635677368933
P21150,6811.9635677368933
P21151,6811.9635677368933
P21160,6811.9635677368933
P21168,6811.9635677368933
P21169,6811.9635677368933
P21172,6811.9635677368933
P21174,6811.9635677368933
P21179,6811.9635677368933
P21183,6811.9635677368933
P21185,6811.9635677368933
P21186,6811.9635677368933
P21193,6811.9635677368933
P21231,6811.9635677368933
P21243,15735.028619598545
P21247,15735.028619598545
P21249,6811.9635677368933
P21253,6811.9635677368933
P21256,6811.9635677368933
P21283,6811.9635677368933
P21308,6811.9635677368933
P21364,128699.05292634371
P21379,6811.9635677368933
P21381,6811.9635677368933
P21384,6811.9635677368933
P21388,6811.9635677368933
P21392,6811.9635677368933
P21393,239564.72286051689
P21680,6811.9635677368933
P21715,6811.9635677368933
P21921,6811.9635677368933
P21930,6811.9635677368933
P21959,6811.9635677368933
P21960,6811.9635677368933
P21961,6811.9635677368933
P21962,6811.9635677368933
P21963,304720.5211122802
P21979,6811.9635677368933
P21988,6811.9635677368933
P21989,6811.9635677368933
P21990,6811.9635677368933
P21991,6811.9635677368933
P21992,6811.9635677368933
P21993,6811.9635677368933
P22000,6811.9635677368933
P22001,6811.9635677368933
P22003,6811.9635677368933
P22004,6811.9635677368933
P22005,6811.9635677368933
P22006,6811.9635677368933
P22007,6811.9635677368933
P22009,6811.9635677368933
P22013,6811.9635677368933
P22066,6811.9635677368933
P22067,6811.9635677368933
P22070,6811.9635677368933
P22103,6811.9635677368933
P22104,6811.9635677368933
P22109,6811.9635677368933
P22117,6811.9635677368933
P22119,6811.9635677368933
P22122,6811.9635677368933
P22124,6811.9635677368933
P22126,6811.9635677368933
P22128,6811.9635677368933
P22139,6811.9635677368933
P22141,6811.9635677368933
P22143,6811.9635677368933
P22145,6811.9635677368933
P22148,6811.9635677368933
P22149,6811.9635677368933
P22161,6811.9635677368933
P22163,6811.9635677368933
P22164,6811.9635677368933
P22168,6811.9635677368933
P22193,6811.9635677368933
P22202,6811.9635677368933
P22205,6811.9635677368933
P22227,6811.9635677368933
P22259,6811.9635677368933
P22264,6811.9635677368933
P22265,6811.9635677368933
P22289,6811.9635677368933
P22291,6811.9635677368933
P22293,6811.9635677368933
P22315,6811.9635677368933
P22318,6811.9635677368933
P22321,6811.9635677368933
P22323,6811.9635677368933
P22324,6811.9635677368933
P22327,6811.9635677368933
P22331,6811.9635677368933
P22334,6811.9635677368933
P22338,6811.9635677368933
P22339,89486.125595916819
P22342,6811.9635677368933
P22343,103080.9124452227
P22346,6811.9635677368933
P22350,6811.9635677368933
P22351,6811.9635677368933
P22352,6811.9635677368933
P22354,6811.9635677368933
P22355,6811.9635677368933
P22356,6811.9635677368933
P22357,6811.9635677368933
P22358,6811.9635677368933
P22359,6811.9635677368933
P22360,6811.9635677368933
P22361,6811.9635677368933
P22364,6811.9635677368933
P22368,6811.9635677368933
P22369,6811.9635677368933
P22372,6811.9635677368933
P22373,6811.9635677368933
P22375,6811.9635677368933
P22380,6811.9635677368933
P22383,6811.9635677368933
P22384,6811.9635677368933
P22388,6811.9635677368933
P22389,6811.9635677368933
P22390,6811.9635677368933
P22391,6811.9635677368933
P22392,6811.9635677368933
P22393,6811.9635677368933
P22394,6811.9635677368933
P22395,6811.9635677368933
P22401,6811.9635677368933
P22403,6811.9635677368933
P22437,6811.9635677368933
P22443,6811.9635677368933
P22452,6811.9635677368933
P22455,6811.9635677368933
P22457,6811.9635677368933
P22458,6811.9635677368933
P22460,6811.9635677368933
P22467,6811.9635677368933
P22468,6811.9635677368933
P22470,6811.9635677368933
P22471,6811.9635677368933
P22472,6811.9635677368933
P22480,6811.9635677368933
P22484,6811.9635677368933
P22485,6811.9635677368933
P22488,6811.9635677368933
P22489,6811.9635677368933
P22491,211377.9270641394
P22521,6811.9635677368933
P22540,6811.9635677368933
P22543,6811.9635677368933
P22555,6811.9635677368933
P22557,6811.9635677368933
P22564,6811.9635677368933
P22654,6811.9635677368933
P22655,6811.9635677368933
P22659,6811.9635677368933
P22660,6811.9635677368933
P22661,6811.9635677368933
P22675,412192.53125822439
P22682,6811.9635677368933
P22689,6811.9635677368933
P22698,6811.9635677368933
P23013,31038.17290249404
P23099,6811.9635677368933
P23100,6811.9635677368933
P23104,6811.9635677368933
P23107,6811.9635677368933
P23110,6811.9635677368933
P23327,6811.9635677368933
P23329,6811.9635677368933
P23346,6811.9635677368933
P23351,6811.9635677368933
P23361,6811.9635677368933
P23364,6811.9635677368933
P23366,6811.9635677368933
P23367,6811.9635677368933
P23376,6811.9635677368933
P23385,6811.9635677368933
P23387,6811.9635677368933
P23390,6811.9635677368933
P23396,6811.9635677368933
P23399,6811.9635677368933
P23408,6811.9635677368933
P23418,6811.9635677368933
P23456,6811.9635677368933
P23545,6811.9635677368933
P23549,6811.9635677368933
P23560,6811.9635677368933
P23750,6811.9635677368933
P23757,6811.9635677368933
P23758,6811.9635677368933
P23759,6811.9635677368933
P23783,6811.9635677368933
P23784,6811.9635677368933
P23785,6811.9635677368933
P23797,6811.9635677368933
P23800,6811.9635677368933
P23802,6811.9635677368933
P23806,6811.9635677368933
P23807,6811.9635677368933
P23808,6811.9635677368933
P23814,6811.9635677368933
P23819,6811.9635677368933
P23820,6811.9635677368933
P23822,6811.9635677368933
P23857,6811.9635677368933
P23864,6811.9635677368933
P23865,6811.9635677368933
P23866,6811.9635677368933
P23883,6811.9635677368933
P23884,6811.9635677368933
P23886,6811.9635677368933
P23890,6811.9635677368933
P23904,6811.9635677368933
P23905,6811.9635677368933
P23910,6811.9635677368933
P23911,6811.9635677368933
P23913,6811.9635677368933
P23962,6811.9635677368933
P23965,6811.9635677368933
P23966,6811.9635677368933
P23967,6811.9635677368933
P23972,6811.9635677368933
P23978,6811.9635677368933
P23982,6811.9635677368933
P23983,6811.9635677368933
P23984,6811.9635677368933
P23986,6811.9635677368933
P23993,6811.9635677368933
P24000,6811.9635677368933
P24002,6811.9635677368933
P24012,6811.9635677368933
P24014,6811.9635677368933
P24027,6811.9635677368933
P24030,6811.9635677368933
P24196,15732.474436816688
P24197,15732.474436816688
P24213,45503.015863412256
P24214,45503.015863412256
P24216,45503.015863412256
P24278,6811.9635677368933
P24530,31460.444726641785
P24539,15735.028619598545
P24750,6811.9635677368933
P24754,6811.9635677368933
P24757,6811.9635677368933
P24759,6811.9635677368933
P24760,6811.9635677368933
P24764,6811.9635677368933
P24765,6811.9635677368933
P24766,6811.9635677368933
P24768,6811.9635677368933
P24769,6811.9635677368933
P24776,6811.9635677368933
P24792,31460.444726641785
P24795,6811.9635677368933
P24807,6811.9635677368933
P24809,6811.9635677368933
P24810,6811.9635677368933
P24813,6811.9635677368933
P24819,120847.56750310092
P24823,6811.9635677368933
P24826,6811.9635677368933
P24837,6811.9635677368933
P24838,6811.9635677368933
P24839,6811.9635677368933
P24842,6811.9635677368933
P24843,6811.9635677368933
P24844,6811.9635677368933
P24891,6811.9635677368933
P24893,6811.9635677368933
P24894,6811.9635677368933
P24896,6811.9635677368933
P24897,6811.9635677368933
P24899,6811.9635677368933
P24901,6811.9635677368933
P24902,6811.9635677368933
P24905,6811.9635677368933
P24907,6811.9635677368933
P24908,6811.9635677368933
P24909,6811.9635677368933
P24919,170079.97058637158
P24921,6811.9635677368933
P24923,6811.9635677368933
P24934,6811.9635677368933
P24945,6811.9635677368933
P24948,6811.9635677368933
P24949,138268.82709111809
P24951,6811.9635677368933
P24952,6811.9635677368933
P24953,6811.9635677368933
P24954,6811.9635677368933
P24956,6811.9635677368933
P24961,6811.9635677368933
P24962,6811.9635677368933
P25145,6811.9635677368933
P25149,6811.9635677368933
P25150,6811.9635677368933
P25151,6811.9635677368933
P25152,6811.9635677368933
P25153,6811.9635677368933
P25155,6811.9635677368933
P25156,6811.9635677368933
P25157,6811.9635677368933
P25158,6811.9635677368933
P25159,6811.9635677368933
P25160,6811.9635677368933
P25163,6811.9635677368933
P25164,6811.9635677368933
P25166,6811.9635677368933
P25167,6811.9635677368933
P25168,6811.9635677368933
P25188,6811.9635677368933
P25190,6811.9635677368933
P25192,6811.9635677368933
P25194,6811.9635677368933
P25196,6811.9635677368933
P25211,6811.9635677368933
P25214,6811.9635677368933
P25216,6811.9635677368933
P25217,6811.9635677368933
P25235,6811.9635677368933
P25237,6811.9635677368933
P25241,6811.9635677368933
P25242,6811.9635677368933
P25244,6811.9635677368933
P25246,6811.9635677368933
P25252,6811.9635677368933
P25253,6811.9635677368933
P25254,6811.9635677368933
P25255,6811.9635677368933
P25256,6811.9635677368933
P25259,6811.9635677368933
P25264,6811.9635677368933
P25266,6811.9635677368933
P25267,6811.9635677368933
P25268,6811.9635677368933
P25270,6811.9635677368933
P25271,6811.9635677368933
P25272,6811.9635677368933
P25379,6811.9635677368933
P25380,6811.9635677368933
P25383,6811.9635677368933
P25410,6811.9635677368933
P25411,6811.9635677368933
P25412,6811.9635677368933
P25413,6811.9635677368933
P25414,6811.9635677368933
P25416,6811.9635677368933
P25417,6811.9635677368933
P25421,6811.9635677368933
P25427,6811.9635677368933
P25428,6811.9635677368933
P25429,6811.9635677368933
P25432,6811.9635677368933
P25433,6811.9635677368933
P25435,6811.9635677368933
P25436,6811.9635677368933
P25439,6811.9635677368933
P25441,6811.9635677368933
P25443,6811.9635677368933
P25445,6811.9635677368933
P25453,6811.9635677368933
P25454,6811.9635677368933
P25462,6811.9635677368933
P25463,6811.9635677368933
P25464,6811.9635677368933
P25465,6811.9635677368933
P25470,6811.9635677368933
P25476,6811.9635677368933
P25478,6811.9635677368933
P25479,6811.9635677368933
P25674,6811.9635677368933
P25676,48094.863876210569
P25725,6811.9635677368933
P25742,6811.9635677368933
P25921,6811.9635677368933
P25923,6811.9635677368933
P25925,6811.9635677368933
P25947,6811.9635677368933
P25985,6811.9635677368933
P25986,6811.9635677368933
P25987,6811.9635677368933
P25989,6811.9635677368933
P25990,6811.9635677368933
P25993,6811.9635677368933
P25994,6811.9635677368933
P25995,6811.9635677368933
P25999,6811.9635677368933
P26116,6811.9635677368933
P26132,6811.9635677368933
P26134,6811.9635677368933
P26135,6811.9635677368933
P26136,6811.9635677368933
P26137,6811.9635677368933
P26167,6811.9635677368933
P26168,6811.9635677368933
P26169,6811.9635677368933
P26172,6811.9635677368933
P26178,6811.9635677368933
P26181,6811.9635677368933
P26182,6811.9635677368933
P26196,32313.948872978217
P26373,6811.9635677368933
P26377,6811.9635677368933
P26378,6811.9635677368933
P26392,6811.9635677368933
P26394,6811.9635677368933
P26398,6811.9635677368933
P26399,6811.9635677368933
P26407,6811.9635677368933
P26408,6811.9635677368933
P26413,6811.9635677368933
P26414,6811.9635677368933
P26415,6811.9635677368933
P26420,6811.9635677368933
P26423,6811.9635677368933
P26429,6811.9635677368933
P26431,6811.9635677368933
P26433,6811.9635677368933
P26446,6811.9635677368933
P26479,176536.72965894602
P26610,6811.9635677368933
P26611,6811.9635677368933
P26612,6811.9635677368933
P26616,6811.9635677368933
P26617,6811.9635677368933
P26621,6811.9635677368933
P26622,6811.9635677368933
P26623,6811.9635677368933
P26624,6811.9635677368933
P26625,6811.9635677368933
P26626,6811.9635677368933
P26627,6811.9635677368933
P26628,6811.9635677368933
P26629,6811.9635677368933
P26631,6811.9635677368933
P26632,6811.9635677368933
P26633,6811.9635677368933
P26634,6811.9635677368933
P26637,6811.9635677368933
P26638,6811.9635677368933
P26643,6811.9635677368933
P26644,6811.9635677368933
P26645,6811.9635677368933
P26646,165062.93725580518
P26648,132917.09474287371
P26651,6811.9635677368933
P26652,6811.9635677368933
P26654,6811.9635677368933
P26655,6811.9635677368933
P26659,6811.9635677368933
P26662,6811.9635677368933
P26663,6811.9635677368933
P26667,6811.9635677368933
P26671,6811.9635677368933
P26675,6811.9635677368933
P26677,6811.9635677368933
P26678,6811.9635677368933
P26680,6811.9635677368933
P26681,6811.9635677368933
P26685,6811.9635677368933
P26687,6811.9635677368933
P26689,6811.9635677368933
P26694,6811.9635677368933
P26697,146499.78281389654
P26698,6811.9635677368933
P26699,6811.9635677368933
P26700,6811.9635677368933
P26704,6811.9635677368933
P26707,6811.9635677368933
P26708,204378.80866473803
P26711,207425.22848142919
P26712,6811.9635677368933
P26714,6811.9635677368933
P26715,6811.9635677368933
P26718,6811.9635677368933
P26719,204042.648327854
P26720,154174.46499357402
P26721,223469.5467648418
P26722,208427.25397148804
P26723,191448.77942611816
P26724,215073.15457797516
P26728,6811.9635677368933
P26809,6811.9635677368933
P26858,6811.9635677368933
P26859,6811.9635677368933
P26860,108148.5661515019
P26892,32316.503055760066
P27251,6811.9635677368933
P27253,6811.9635677368933
P27257,6811.9635677368933
P27261,6811.9635677368933
P27263,6811.9635677368933
P27264,6811.9635677368933
P27265,6811.9635677368933
P27266,6811.9635677368933
P27267,6811.9635677368933
P27271,6811.9635677368933
P27277,6811.9635677368933
P27279,6811.9635677368933
P27280,6811.9635677368933
P27281,6811.9635677368933
P27282,6811.9635677368933
P27283,6811.9635677368933
P27285,6811.9635677368933
P27286,6811.9635677368933
P27287,6811.9635677368933
P27288,6811.9635677368933
P27289,6811.9635677368933
P27446,6811.9635677368933
P27667,6811.9635677368933
P27668,6811.9635677368933
P27671,6811.9635677368933
P27672,6811.9635677368933
P27675,6811.9635677368933
P27676,6811.9635677368933
P27680,6811.9635677368933
P27682,6811.9635677368933
P27685,344800.63399066892
P27688,6811.9635677368933
P27693,6811.9635677368933
P27695,109685.21705882676
P27703,6811.9635677368933
P27704,6811.9635677368933
P27705,6811.9635677368933
P27707,6811.9635677368933
P27708,6811.9635677368933
P27711,6811.9635677368933
P27716,6811.9635677368933
P27718,6811.9635677368933
P27724,6811.9635677368933
P27728,6811.9635677368933
P27738,6811.9635677368933
P27740,6811.9635677368933
P27741,6811.9635677368933
P27748,46763.589009537289
P27972,6811.9635677368933
P28235,6811.9635677368933
P28237,437759.46024357789
P28243,6811.9635677368933
P28245,6811.9635677368933
P28252,6811.9635677368933
P28258,6811.9635677368933
P28403,6811.9635677368933
P28419,6811.9635677368933
P28465,6811.9635677368933
P28466,6811.9635677368933
P28467,6811.9635677368933
P28468,6811.9635677368933
P28538,6811.9635677368933
P28763,32313.948872978217
P28764,32313.948872978217
P28767,32313.948872978217
P28773,32313.948872978217
P28861,6811.9635677368933
P28863,6811.9635677368933
P28865,184200.21621493745
P28867,6811.9635677368933
P28868,6811.9635677368933
P28870,264754.635575347
P28871,6811.9635677368933
P28873,6811.9635677368933
P28876,6811.9635677368933
P28880,6811.9635677368933
P28888,6811.9635677368933
P28890,6811.9635677368933
P28891,6811.9635677368933
P28892,6811.9635677368933
P28893,6811.9635677368933
P28896,6811.9635677368933
P28899,6811.9635677368933
P28901,6811.9635677368933
P28911,6811.9635677368933
P28915,6811.9635677368933
P28925,6811.9635677368933
P28926,6811.9635677368933
P28927,6811.9635677368933
P28928,6811.9635677368933
P28929,6811.9635677368933
P28933,6811.9635677368933
P28936,6811.9635677368933
P28941,6811.9635677368933
P28943,6811.9635677368933
P29184,6811.9635677368933
P29196,87793.680814162391
P29198,6811.9635677368933
P29199,6811.9635677368933
P29200,6811.9635677368933
P29202,6811.9635677368933
P29203,6811.9635677368933
P29208,6811.9635677368933
P29209,6811.9635677368933
P29210,6811.9635677368933
P29213,6811.9635677368933
P29215,6811.9635677368933
P29216,6811.9635677368933
P29219,6811.9635677368933
P29221,6811.9635677368933
P29231,6811.9635677368933
P29233,6811.9635677368933
P29235,6811.9635677368933
P29307,6811.9635677368933
P29346,6811.9635677368933
P29353,6811.9635677368933
P29355,6811.9635677368933
P29356,6811.9635677368933
P29357,6811.9635677368933
P29358,6811.9635677368933
P29359,6811.9635677368933
P29360,6811.9635677368933
P29361,6811.9635677368933
P29364,6811.9635677368933
P29365,6811.9635677368933
P29368,6811.9635677368933
P29369,6811.9635677368933
P29370,6811.9635677368933
P29371,6811.9635677368933
P29376,6811.9635677368933
P29381,6811.9635677368933
P29383,6811.9635677368933
P29389,6811.9635677368933
P29390,6811.9635677368933
P29579,6811.9635677368933
P29580,6811.9635677368933
P29581,6811.9635677368933
P29583,6811.9635677368933
P29584,6811.9635677368933
P29585,6811.9635677368933
P29628,6811.9635677368933
P29632,6811.9635677368933
P29653,6811.9635677368933
P29654,6811.9635677368933
P29657,6811.9635677368933
P29710,6811.9635677368933
P29726,111211.32929562972
P29727,180813.68067256137
P29728,6811.9635677368933
P29748,6811.9635677368933
P29750,6811.9635677368933
P29751,6811.9635677368933
P29786,6811.9635677368933
P29787,6811.9635677368933
P29788,6811.9635677368933
P29789,6811.9635677368933
P29790,6811.9635677368933
P29791,6811.9635677368933
P29882,6811.9635677368933
P29887,6811.9635677368933
P29915,76073.557907698123
P30021,6811.9635677368933
P30022,6811.9635677368933
P30044,6811.9635677368933
P30051,6811.9635677368933
P30054,263877.90181357891
P30329,6811.9635677368933
P30336,6811.9635677368933
P30446,6811.9635677368933
P30580,6811.9635677368933
P30581,6811.9635677368933
P30582,6811.9635677368933
P30584,6811.9635677368933
P30585,6811.9635677368933
P30761,48097.418058992414
P30768,6811.9635677368933
P30836,6811.9635677368933
P30964,20007.714969266119
P31127,6811.9635677368933
P31152,6811.9635677368933
P31154,6811.9635677368933
P31177,6811.9635677368933
P31266,48097.418058992414
P31308,6811.9635677368933
P31309,6811.9635677368933
P31310,6811.9635677368933
P31312,6811.9635677368933
P31313,6811.9635677368933
P31314,6811.9635677368933
P31331,6811.9635677368933
P31332,136079.68686664884
P31333,6811.9635677368933
P31340,118170.08672391892
P31341,94287.406436267716
P31342,6811.9635677368933
P31343,6811.9635677368933
P31346,6811.9635677368933
P31349,118170.08672391892
P31351,6811.9635677368933
P31352,6811.9635677368933
P31355,6811.9635677368933
P31356,6811.9635677368933
P31396,6811.9635677368933
P31433,6811.9635677368933
P31438,6811.9635677368933
P31440,6811.9635677368933
P31441,6811.9635677368933
P31442,6811.9635677368933
P31443,6811.9635677368933
P31473,6811.9635677368933
P31477,6811.9635677368933
P31493,6811.9635677368933
P31501,6811.9635677368933
P31502,6811.9635677368933
P31505,6811.9635677368933
P31574,32790.227961481687
P31578,23447.37352359706
P31610,21474.663366091259
P31611,21660.143135703514
P31623,6811.9635677368933
P31627,6811.9635677368933
P31629,6811.9635677368933
P31632,6811.9635677368933
P31633,6811.9635677368933
P31634,6811.9635677368933
P31637,26933.564288599991
P31640,6811.9635677368933
P31642,26593.921102757315
P31644,22862.722336499912
P31647,6811.9635677368933
P31680,24864.35191175864
P31683,26933.564288599991
P31684,26933.564288599991
P31690,23884.615477176001
P31830,6811.9635677368933
P31832,6811.9635677368933
P31833,6811.9635677368933
P31835,6811.9635677368933
P31836,6811.9635677368933
P31837,6811.9635677368933
P31838,6811.9635677368933
P31839,6811.9635677368933
P31840,6811.9635677368933
P31841,6811.9635677368933
P31844,6811.9635677368933
P31846,6811.9635677368933
P31847,6811.9635677368933
P31849,6811.9635677368933
P31850,6811.9635677368933
P31853,6811.9635677368933
P31854,6811.9635677368933
P31855,6811.9635677368933
P31858,6811.9635677368933
P31860,6811.9635677368933
P31869,6811.9635677368933
P31873,6811.9635677368933
P31874,6811.9635677368933
P31876,6811.9635677368933
P31877,6811.9635677368933
P31878,6811.9635677368933
P31879,6811.9635677368933
P31881,6811.9635677368933
P31883,6811.9635677368933
P31885,6811.9635677368933
P31887,6811.9635677368933
P31888,6811.9635677368933
P31891,6811.9635677368933
P31894,155819.19796816065
P31895,155819.19796816065
P31896,6811.9635677368933
P31928,6811.9635677368933
P31976,6811.9635677368933
P32014,38571.528908169712
P32065,6811.9635677368933
P32126,6811.9635677368933
P32564,37561.83927473738
P32570,74807.725201590874
P32581,48094.863876210569
P32625,31460.444726641785
P32901,62084.490299573779
P32918,6811.9635677368933
P33013,48041.919162803322
P33017,6811.9635677368933
P33089,6811.9635677368933
P33191,6811.9635677368933
P33395,6811.9635677368933
P33532,6811.9635677368933
P33533,6811.9635677368933
P33534,6811.9635677368933
P33681,6811.9635677368933
P33682,6811.9635677368933
P33683,6811.9635677368933
P33704,6811.9635677368933
P33943,28224.399465802093
P33945,28224.399465802093
P33971,6811.9635677368933
P34002,6811.9635677368933
P34078,6811.9635677368933
P34082,6811.9635677368933
P34083,6811.9635677368933
P34087,6811.9635677368933
P34088,6811.9635677368933
P34090,6811.9635677368933
P34091,6811.9635677368933
P34094,6811.9635677368933
P34095,6811.9635677368933
P34096,6811.9635677368933
P34100,6811.9635677368933
P34101,6811.9635677368933
P34102,6811.9635677368933
P34103,6811.9635677368933
P34104,6811.9635677368933
P34105,6811.9635677368933
P34106,6811.9635677368933
P34107,6811.9635677368933
P34108,6811.9635677368933
P34109,6811.9635677368933
P34110,6811.9635677368933
P34112,6811.9635677368933
P34113,6811.9635677368933
P34115,6811.9635677368933
P34117,6811.9635677368933
P34119,6811.9635677368933
P34120,6811.9635677368933
P34124,6811.9635677368933
P34125,6811.9635677368933
P34126,6811.9635677368933
P34127,6811.9635677368933
P34128,6811.9635677368933
P34130,6811.9635677368933
P34133,6811.9635677368933
P34134,6811.9635677368933
P34135,6811.9635677368933
P34137,6811.9635677368933
P34138,6811.9635677368933
P34140,6811.9635677368933
P34149,6811.9635677368933
P34150,6811.9635677368933
P34151,6811.9635677368933
P34152,6811.9635677368933
P34156,6811.9635677368933
P34157,6811.9635677368933
P34158,6811.9635677368933
P34161,6811.9635677368933
P34164,6811.9635677368933
P34165,6811.9635677368933
P34166,6811.9635677368933
P34167,6811.9635677368933
P34168,6811.9635677368933
P34173,6811.9635677368933
P34179,6811.9635677368933
P34180,6811.9635677368933
P34181,6811.9635677368933
P34182,6811.9635677368933
P34183,6811.9635677368933
P34184,6811.9635677368933
P34185,6811.9635677368933
P34186,6811.9635677368933
P34188,6811.9635677368933
P34191,6811.9635677368933
P34193,6811.9635677368933
P34194,6811.9635677368933
P34196,6811.9635677368933
P34197,6811.9635677368933
P34198,6811.9635677368933
P34201,6811.9635677368933
P34205,6811.9635677368933
P34208,6811.9635677368933
P34209,6811.9635677368933
P34210,6811.9635677368933
P34211,6811.9635677368933
P34212,6811.9635677368933
P34213,6811.9635677368933
P34214,6811.9635677368933
P34216,6811.9635677368933
P34217,6811.9635677368933
P34219,6811.9635677368933
P34220,6811.9635677368933
P34222,6811.9635677368933
P34223,6811.9635677368933
P34224,6811.9635677368933
P34228,6811.9635677368933
P34229,6811.9635677368933
P34233,6811.9635677368933
P34235,6811.9635677368933
P34236,6811.9635677368933
P34237,6811.9635677368933
P34238,6811.9635677368933
P34255,6811.9635677368933
P34256,6811.9635677368933
P34260,6811.9635677368933
P34261,6811.9635677368933
P34262,6811.9635677368933
P34263,6811.9635677368933
P34265,6811.9635677368933
P34266,6811.9635677368933
P34268,6811.9635677368933
P34271,6811.9635677368933
P34272,6811.9635677368933
P34273,6811.9635677368933
P34274,6811.9635677368933
P34277,6811.9635677368933
P34282,6811.9635677368933
P34283,6811.9635677368933
P34284,6811.9635677368933
P34285,6811.9635677368933
P34287,6811.9635677368933
P34446,6811.9635677368933
P34447,6811.9635677368933
P34448,6811.9635677368933
P34449,6811.9635677368933
P34450,6811.9635677368933
P34468,6811.9635677368933
P34469,6811.9635677368933
P34474,6811.9635677368933
P34476,6811.9635677368933
P34477,6811.9635677368933
P34478,6811.9635677368933
P34479,6811.9635677368933
P34480,6811.9635677368933
P34481,6811.9635677368933
P34483,6811.9635677368933
P34484,6811.9635677368933
P34485,6811.9635677368933
P34486,6811.9635677368933
P34487,6811.9635677368933
P34488,6811.9635677368933
P34489,6811.9635677368933
P34490,6811.9635677368933
P34491,6811.9635677368933
P34492,6811.9635677368933
P34493,6811.9635677368933
P34495,6811.9635677368933
P34496,6811.9635677368933
P34498,6811.9635677368933
P34499,6811.9635677368933
P34500,6811.9635677368933
P34502,6811.9635677368933
P34503,130515.3109352301
P34504,6811.9635677368933
P34505,6811.9635677368933
P34507,6811.9635677368933
P34508,6811.9635677368933
P34509,6811.9635677368933
P34510,6811.9635677368933
P34511,6811.9635677368933
P34512,6811.9635677368933
P34513,6811.9635677368933
P34514,6811.9635677368933
P34518,6811.9635677368933
P34530,6811.9635677368933
P34531,6811.9635677368933
P34532,6811.9635677368933
P34533,6811.9635677368933
P34534,6811.9635677368933
P34715,6811.9635677368933
P34717,233152.83684878331
P34729,6811.9635677368933
P34800,6811.9635677368933
P34801,6811.9635677368933
P34802,6811.9635677368933
P34803,6811.9635677368933
P34807,53356.791599509197
P34855,6811.9635677368933
P34858,173457.13144000492
P34888,6811.9635677368933
P34890,6811.9635677368933
P34893,6811.9635677368933
P34895,6811.9635677368933
P34909,6811.9635677368933
P34910,6811.9635677368933
P34911,6811.9635677368933
P34912,6811.9635677368933
P34956,6811.9635677368933
P34957,6811.9635677368933
P34961,6811.9635677368933
P34962,6811.9635677368933
P34967,6811.9635677368933
P34969,6811.9635677368933
P34970,6811.9635677368933
P34971,6811.9635677368933
P34972,6811.9635677368933
P34973,6811.9635677368933
P34974,6811.9635677368933
P34976,6811.9635677368933
P34977,6811.9635677368933
P34978,6811.9635677368933
P34979,6811.9635677368933
P34988,6811.9635677368933
P34989,6811.9635677368933
P34990,6811.9635677368933
P34991,6811.9635677368933
P34993,6811.9635677368933
P34994,89588.770819961617
P34995,6811.9635677368933
P34996,6811.9635677368933
P34997,171340.19830980009
P34998,6811.9635677368933
P34999,180772.75691480641
P35000,6811.9635677368933
P35001,6811.9635677368933
P35003,6811.9635677368933
P35005,6811.9635677368933
P35008,6811.9635677368933
P35039,6811.9635677368933
P35080,6811.9635677368933
P35085,6811.9635677368933
P35087,6811.9635677368933
P35091,6811.9635677368933
P35093,6811.9635677368933
P35094,6811.9635677368933
P35095,6811.9635677368933
P35096,6811.9635677368933
P35097,6811.9635677368933
P35100,6811.9635677368933
P35102,6811.9635677368933
P35310,6811.9635677368933
P35315,6811.9635677368933
P35324,6811.9635677368933
P35326,6811.9635677368933
P35329,6811.9635677368933
P35331,29143.450460004991
P35347,6811.9635677368933
P35349,6811.9635677368933
P35352,24743.786721852244
P35354,50466.512538386247
P35374,6811.9635677368933
P35645,6811.9635677368933
P35948,6811.9635677368933
P35950,6811.9635677368933
P35954,6811.9635677368933
P35957,6811.9635677368933
P35959,6811.9635677368933
P35960,6811.9635677368933
P35961,6811.9635677368933
P35964,6811.9635677368933
P35966,6811.9635677368933
P35967,6811.9635677368933
P35969,6811.9635677368933
P35970,6811.9635677368933
P35978,6811.9635677368933
P35987,6811.9635677368933
P35988,6811.9635677368933
P35989,6811.9635677368933
P35990,6811.9635677368933
P35991,6811.9635677368933
P35994,6811.9635677368933
P35997,6811.9635677368933
P36003,6811.9635677368933
P36004,6811.9635677368933
P36006,344900.23461431637
P36010,6811.9635677368933
P36019,6811.9635677368933
P36020,6811.9635677368933
P36021,6811.9635677368933
P36082,6811.9635677368933
P36084,6811.9635677368933
P36086,6811.9635677368933
P36091,6811.9635677368933
P36094,6811.9635677368933
P36095,6811.9635677368933
P36097,6811.9635677368933
P36098,6811.9635677368933
P36099,6811.9635677368933
P36120,6811.9635677368933
P36123,6811.9635677368933
P36125,6811.9635677368933
P36129,6811.9635677368933
P36130,6811.9635677368933
P36132,6811.9635677368933
P36136,6811.9635677368933
P36138,6811.9635677368933
P36139,6811.9635677368933
P36140,6811.9635677368933
P36143,6811.9635677368933
P36144,6811.9635677368933
P36146,6811.9635677368933
P36154,6811.9635677368933
P36158,6811.9635677368933
P36159,6811.9635677368933
P36160,6811.9635677368933
P36161,6811.9635677368933
P36162,6811.9635677368933
P36163,6811.9635677368933
P36164,6811.9635677368933
P36166,6811.9635677368933
P36167,6811.9635677368933
P36169,6811.9635677368933
P36170,6811.9635677368933
P36172,6811.9635677368933
P36174,6811.9635677368933
P36177,6811.9635677368933
P36178,6811.9635677368933
P36185,6811.9635677368933
P36189,6811.9635677368933
P36195,6811.9635677368933
P36201,6811.9635677368933
P36202,6811.9635677368933
P36204,6811.9635677368933
P36206,6811.9635677368933
P36207,6811.9635677368933
P36209,6811.9635677368933
P36213,6811.9635677368933
P36214,6811.9635677368933
P36217,6811.9635677368933
P36219,6811.9635677368933
P36220,6811.9635677368933
P36223,6811.9635677368933
P36227,6811.9635677368933
P36228,6811.9635677368933
P36229,6811.9635677368933
P36230,6811.9635677368933
P36231,6811.9635677368933
P36233,6811.9635677368933
P36251,6811.9635677368933
P36252,6811.9635677368933
P36254,6811.9635677368933
P36256,6811.9635677368933
P36257,6811.9635677368933
P36260,6811.9635677368933
P36261,6811.9635677368933
P36262,6811.9635677368933
P36263,6811.9635677368933
P36264,6811.9635677368933
P36265,6811.9635677368933
P36266,6811.9635677368933
P36267,6811.9635677368933
P36271,6811.9635677368933
P36274,6811.9635677368933
P36279,6811.9635677368933
P36280,6811.9635677368933
P36284,6811.9635677368933
P36339,6811.9635677368933
P36465,39837.537316714493
P36467,39837.537316714493
P36522,6811.9635677368933
P36526,6811.9635677368933
P36530,6811.9635677368933
P36531,6811.9635677368933
P36532,6811.9635677368933
P36533,6811.9635677368933
P36534,6811.9635677368933
P36536,6811.9635677368933
P36537,6811.9635677368933
P36539,6811.9635677368933
P36540,6811.9635677368933
P36541,6811.9635677368933
P36543,6811.9635677368933
P36544,6811.9635677368933
P36545,6811.9635677368933
P36546,6811.9635677368933
P36548,6811.9635677368933
P36551,6811.9635677368933
P36553,6811.9635677368933
P36554,6811.9635677368933
P36556,6811.9635677368933
P36557,6811.9635677368933
P36558,6811.9635677368933
P36559,6811.9635677368933
P36561,6811.9635677368933
P36562,6811.9635677368933
P36564,6811.9635677368933
P36568,6811.9635677368933
P36569,6811.9635677368933
P36571,6811.9635677368933
P36572,6811.9635677368933
P36573,6811.9635677368933
P36574,6811.9635677368933
P36576,6811.9635677368933
P36580,6811.9635677368933
P36581,6811.9635677368933
P36584,6811.9635677368933
P36586,6811.9635677368933
P36588,6811.9635677368933
P36590,6811.9635677368933
P36592,6811.9635677368933
P36593,6811.9635677368933
P36594,6811.9635677368933
P36595,6811.9635677368933
P36596,6811.9635677368933
P36599,6811.9635677368933
P36601,6811.9635677368933
P36602,6811.9635677368933
P36603,6811.9635677368933
P36604,6811.9635677368933
P36605,6811.9635677368933
P36606,6811.9635677368933
P36726,6811.9635677368933
P36766,6811.9635677368933
P36815,6811.9635677368933
P36818,6811.9635677368933
P36834,6811.9635677368933
P36885,6811.9635677368933
P37189,6811.9635677368933
P37226,6811.9635677368933
P37227,6811.9635677368933
P37228,6811.9635677368933
P37232,146786.31491961394
P37233,6811.9635677368933
P37235,146499.78281389654
P37236,6811.9635677368933
P37238,92550.044995027041
P37242,6811.9635677368933
P37246,6811.9635677368933
P37247,113725.9289667893
P37248,6811.9635677368933
P37251,6811.9635677368933
P37252,113725.9289667893
P37258,6811.9635677368933
P37259,6811.9635677368933
P37260,6811.9635677368933
P37261,6811.9635677368933
P37262,6811.9635677368933
P37268,6811.9635677368933
P37269,6811.9635677368933
P37271,6811.9635677368933
P37273,6811.9635677368933
P37274,6811.9635677368933
P37276,6811.9635677368933
P37278,6811.9635677368933
P37281,6811.9635677368933
P37282,6811.9635677368933
P37284,6811.9635677368933
P37285,6811.9635677368933
P37287,6811.9635677368933
P37289,6811.9635677368933
P37293,6811.9635677368933
P37300,325951.56704375532
P37301,325951.56704375532
P37307,6811.9635677368933
P37308,6811.9635677368933
P37309,6811.9635677368933
P37312,6811.9635677368933
P37315,6811.9635677368933
P37316,6811.9635677368933
P37320,6811.9635677368933
P37324,6811.9635677368933
P37327,6811.9635677368933
P37332,6811.9635677368933
P37333,6811.9635677368933
P37335,6811.9635677368933
P37337,6811.9635677368933
P37338,6811.9635677368933
P37364,6811.9635677368933
P37383,191674.60660467829
P37385,6811.9635677368933
P37387,6811.9635677368933
P37390,6811.9635677368933
P37391,6811.9635677368933
P37394,6811.9635677368933
P37397,134907.81907461421
P37399,67230.008200169192
P37401,6811.9635677368933
P37405,97946.388751086255
P37407,89861.177979082539
P37409,6811.9635677368933
P37412,6811.9635677368933
P37413,6811.9635677368933
P37414,6811.9635677368933
P37415,6811.9635677368933
P37417,6811.9635677368933
P37418,6811.9635677368933
P37512,6811.9635677368933
P37519,6811.9635677368933
P37524,6811.9635677368933
P37535,98131.367763523158
P37537,6811.9635677368933
P37538,6811.9635677368933
P37541,6811.9635677368933
P37542,6811.9635677368933
P37543,6811.9635677368933
P37544,6811.9635677368933
P37558,6811.9635677368933
P37560,6811.9635677368933
P37568,116326.66515584486
P37570,6811.9635677368933
P37573,6811.9635677368933
P37574,6811.9635677368933
P37575,6811.9635677368933
P37579,6811.9635677368933
P37580,100794.99819000966
P37581,6811.9635677368933
P37582,6811.9635677368933
P37583,120034.33117058336
P37587,6811.9635677368933
P37592,6811.9635677368933
P37595,6811.9635677368933
P37597,6811.9635677368933
P37599,6811.9635677368933
P37600,98232.920856803641
P37602,6811.9635677368933
P37603,98232.920856803641
P37607,6811.9635677368933
P37608,129113.94697651859
P37610,6811.9635677368933
P37611,6811.9635677368933
P37614,6811.9635677368933
P37617,6811.9635677368933
P37620,6811.9635677368933
P37624,6811.9635677368933
P37627,6811.9635677368933
P37631,6811.9635677368933
P37632,6811.9635677368933
P37634,6811.9635677368933
P37636,6811.9635677368933
P37640,6811.9635677368933
P37643,6811.9635677368933
P37652,303521.12163663039
P37655,6811.9635677368933
P37659,6811.9635677368933
P37688,6811.9635677368933
P37701,6811.9635677368933
P37740,6811.9635677368933
P37744,6811.9635677368933
P37745,6811.9635677368933
P37752,6811.9635677368933
P37753,6811.9635677368933
P37762,6811.9635677368933
P37763,6811.9635677368933
P37764,6811.9635677368933
P37766,6811.9635677368933
P37776,209098.21200111383
P37779,261415.19717798661
P37786,292456.89830817952
P37788,315353.38365632982
P37789,334082.76685838785
P37791,334387.97578931652
P37793,6811.9635677368933
P37797,273801.11734939599
P37807,6811.9635677368933
P37812,6811.9635677368933
P37813,6811.9635677368933
P37841,6811.9635677368933
P37844,6811.9635677368933
P37845,6811.9635677368933
P37848,6811.9635677368933
P37852,6811.9635677368933
P37862,6811.9635677368933
P37868,6811.9635677368933
P37869,6811.9635677368933
P37871,6811.9635677368933
P37872,6811.9635677368933
P37889,6811.9635677368933
P37904,6811.9635677368933
P38035,274675.83140293439
P38144,307298.1654552595
P38166,6811.9635677368933
P38167,6811.9635677368933
P38206,6811.9635677368933
P38235,6811.9635677368933
P38239,6811.9635677368933
P38349,6811.9635677368933
P38350,6811.9635677368933
P38352,6811.9635677368933
P38389,32316.503055760066
P38392,6811.9635677368933
P38393,6811.9635677368933
P38918,48094.863876210569
P38925,360469.22888648498
P38926,376627.50093642651
P38939,48094.863876210569
P39206,6811.9635677368933
P39451,388495.11227932834
P39531,28224.399465802093
P39536,28224.399465802093
P39606,6811.9635677368933
P39665,6811.9635677368933
P39668,6811.9635677368933
P39670,6811.9635677368933
P39672,6811.9635677368933
P39674,6811.9635677368933
P39676,6811.9635677368933
P39677,6811.9635677368933
P39678,6811.9635677368933
P39682,6811.9635677368933
P39683,6811.9635677368933
P39690,6811.9635677368933
P39691,6811.9635677368933
P39693,6811.9635677368933
P39694,6811.9635677368933
P39695,6811.9635677368933
P39700,6811.9635677368933
P39701,6811.9635677368933
P39707,6811.9635677368933
P39708,6811.9635677368933
P39709,6811.9635677368933
P39710,6811.9635677368933
P39714,6811.9635677368933
P39717,6811.9635677368933
P39719,6811.9635677368933
P39722,6811.9635677368933
P39724,6811.9635677368933
P39725,6811.9635677368933
P39726,6811.9635677368933
P39728,6811.9635677368933
P39730,6811.9635677368933
P39731,6811.9635677368933
P39737,6811.9635677368933
P39738,6811.9635677368933
P39739,6811.9635677368933
P39740,6811.9635677368933
P39741,6811.9635677368933
P39742,6811.9635677368933
P39743,6811.9635677368933
P39745,6811.9635677368933
P39746,6811.9635677368933
P39750,6811.9635677368933
P39751,6811.9635677368933
P39752,6811.9635677368933
P39754,6811.9635677368933
P39755,6811.9635677368933
P39756,6811.9635677368933
P39757,6811.9635677368933
P39758,6811.9635677368933
P39759,6811.9635677368933
P39760,6811.9635677368933
P39761,6811.9635677368933
P39762,6811.9635677368933
P39763,6811.9635677368933
P39766,6811.9635677368933
P39769,6811.9635677368933
P39771,6811.9635677368933
P39772,6811.9635677368933
P39773,6811.9635677368933
P39776,6811.9635677368933
P39778,6811.9635677368933
P39779,6811.9635677368933
P39783,6811.9635677368933
P39785,6811.9635677368933
P39788,6811.9635677368933
P39789,6811.9635677368933
P39790,6811.9635677368933
P39801,6811.9635677368933
P39808,6811.9635677368933
P39814,6811.9635677368933
P39816,6811.9635677368933
P39823,6811.9635677368933
P39825,6811.9635677368933
P39832,6811.9635677368933
P39846,6811.9635677368933
P39853,6811.9635677368933
P39856,6811.9635677368933
P39929,28824.67696715254
P39936,28224.399465802093
P39938,28224.399465802093
P39946,28561.999933949919
P39950,28561.999933949919
P39975,28561.999933949919
P39977,28561.999933949919
P39979,28561.999933949919
P39981,28561.999933949919
P39983,24775.374361481936
P39985,50466.512538386247
P39986,50466.512538386247
P39989,6811.9635677368933
P40003,24775.374361481936
P40004,26748.084518987736
P40006,6811.9635677368933
P40013,6811.9635677368933
P40014,6811.9635677368933
P40015,6811.9635677368933
P40016,6811.9635677368933
P40110,6811.9635677368933
P40119,6811.9635677368933
P40123,6811.9635677368933
P40125,6811.9635677368933
P40141,366110.74448402441
P40147,6811.9635677368933
P40149,6811.9635677368933
P40154,6811.9635677368933
P40189,6811.9635677368933
P40192,6811.9635677368933
P40193,6811.9635677368933
P40195,6811.9635677368933
P40204,6811.9635677368933
P40205,6811.9635677368933
P40208,6811.9635677368933
P40214,6811.9635677368933
P40215,6811.9635677368933
P40216,6811.9635677368933
P40217,6811.9635677368933
P40227,6811.9635677368933
P40235,6811.9635677368933
P40242,6811.9635677368933
P40250,6811.9635677368933
P40260,6811.9635677368933
P40263,6811.9635677368933
P40266,6811.9635677368933
P40267,386015.13004711561
P40272,6811.9635677368933
P40279,6811.9635677368933
P40286,6811.9635677368933
P40288,6811.9635677368933
P40290,6811.9635677368933
P40296,6811.9635677368933
P40327,6811.9635677368933
P40340,6811.9635677368933
P40354,6811.9635677368933
P40356,6811.9635677368933
P40367,6811.9635677368933
P40372,6811.9635677368933
P40378,6811.9635677368933
P40388,6811.9635677368933
P40389,6811.9635677368933
P40623,6811.9635677368933
P40654,6811.9635677368933
P40661,6811.9635677368933
P40676,6811.9635677368933
P40681,6811.9635677368933
P40683,294881.90819341206
P40696,6811.9635677368933
P40704,6811.9635677368933
P40712,6811.9635677368933
P40715,6811.9635677368933
P40728,6811.9635677368933
P40790,6811.9635677368933
P40920,6811.9635677368933
P40921,6811.9635677368933
P40922,6811.9635677368933
P40924,6811.9635677368933
P40925,6811.9635677368933
P40926,6811.9635677368933
P40928,6811.9635677368933
P40977,6811.9635677368933
P41092,28224.399465802093
P41127,6811.9635677368933
P41166,6811.9635677368933
P41233,21474.663366091259
P41236,21474.663366091259
P41237,58062.8668037319
P41238,21474.663366091259
P41242,6811.9635677368933
P41244,6811.9635677368933
P41332,6811.9635677368933
P41333,6811.9635677368933
P41346,6811.9635677368933
P41355,6811.9635677368933
P41433,6811.9635677368933
P41511,6811.9635677368933
P41524,6811.9635677368933
P41625,6811.9635677368933
P41730,6811.9635677368933
P41738,6811.9635677368933
P41740,6811.9635677368933
P41742,6811.9635677368933
P41744,6811.9635677368933
P41752,6811.9635677368933
P41754,6811.9635677368933
P41755,6811.9635677368933
P41757,6811.9635677368933
P41759,6811.9635677368933
P41760,6811.9635677368933
P41761,6811.9635677368933
P41762,6811.9635677368933
P41765,6811.9635677368933
P41767,6811.9635677368933
P41770,6811.9635677368933
P41771,6811.9635677368933
P41796,6811.9635677368933
P41797,6811.9635677368933
P41798,6811.9635677368933
P41799,6811.9635677368933
P41800,6811.9635677368933
P41801,6811.9635677368933
P41803,6811.9635677368933
P41804,6811.9635677368933
P41805,6811.9635677368933
P41811,6811.9635677368933
P41814,6811.9635677368933
P41815,6811.9635677368933
P41817,6811.9635677368933
P41818,6811.9635677368933
P41819,6811.9635677368933
P41821,6811.9635677368933
P41822,6811.9635677368933
P41823,6811.9635677368933
P41827,6811.9635677368933
P41828,6811.9635677368933
P41839,6811.9635677368933
P41841,6811.9635677368933
P41844,6811.9635677368933
P41855,6811.9635677368933
P41857,6811.9635677368933
P41858,6811.9635677368933
P41861,6811.9635677368933
P41863,6811.9635677368933
P41874,6811.9635677368933
P41877,6811.9635677368933
P41889,6811.9635677368933
P41891,6811.9635677368933
P41892,6811.9635677368933
P41895,6811.9635677368933
P41900,6811.9635677368933
P41901,6811.9635677368933
P41928,6811.9635677368933
P41931,6811.9635677368933
P41934,6811.9635677368933
P41936,6811.9635677368933
P41938,6811.9635677368933
P41948,6811.9635677368933
P41952,6811.9635677368933
P41954,6811.9635677368933
P41959,6811.9635677368933
P41961,6811.9635677368933
P41962,6811.9635677368933
P41974,6811.9635677368933
P42054,6811.9635677368933
P42061,6811.9635677368933
P42064,6811.9635677368933
P42102,49922.816409037361
P42120,62004.562393564513
P42129,31594.249437256101
P42190,88975.78031985971
P42296,6811.9635677368933
P42297,6811.9635677368933
P42298,109809.09114966648
P42299,6811.9635677368933
P42301,83812.255218492268
P42302,6811.9635677368933
P42303,6811.9635677368933
P42304,6811.9635677368933
P42305,6811.9635677368933
P42315,6811.9635677368933
P42318,6811.9635677368933
P42323,6811.9635677368933
P42324,6811.9635677368933
P42325,6811.9635677368933
P42326,6811.9635677368933
P42334,6811.9635677368933
P42336,6811.9635677368933
P42339,6811.9635677368933
P42343,6811.9635677368933
P42345,6811.9635677368933
P42347,6811.9635677368933
P42353,6811.9635677368933
P42382,6811.9635677368933
P42385,6811.9635677368933
P42395,6811.9635677368933
P42396,6811.9635677368933
P42486,6811.9635677368933
P42571,6811.9635677368933
P42688,28395.180247524026
P42745,6811.9635677368933
P42797,6811.9635677368933
P42818,6811.9635677368933
P42820,6811.9635677368933
P42821,6811.9635677368933
P42826,6811.9635677368933
P42827,6811.9635677368933
P42838,6811.9635677368933
P42846,6811.9635677368933
P42848,6811.9635677368933
P42850,6811.9635677368933
P42851,6811.9635677368933
P42854,6811.9635677368933
P42856,6811.9635677368933
P43126,288008.58593801362
P43212,136834.9981765243
P43476,22960.161561354558
P43491,22960.161561354558
P43495,22960.161561354558
P43546,6811.9635677368933
P43627,99512.411062379804
P43846,6811.9635677368933
P43866,6811.9635677368933
P43933,110974.3587188589
P43962,11183.867107966664
P43987,15897.470530683468
