pipe_id,predicted_cost
P01002,18512.496429078619
P01054,18731.047209184129
P01066,18512.496429078619
P01078,72194.118435495882
P01112,18437.916690030528
P01140,69883.729122894554
P01148,36294.822722483681
P01161,18300.610257332613
P01166,170642.60913918322
P01238,15290.208857648788
P01317,70275.394270212622
P01350,72311.702539566599
P01380,176461.65108128299
P01452,17907.416825528082
P01571,18860.961271785411
P01689,189762.3111840167
P01720,70729.113258459576
P01767,18258.433739301039
P01803,18300.610257332613
P01805,68909.101876274392
P01813,72311.702539566599
P01815,15715.829517843331
P01836,18696.658528896623
P01838,14635.497451504947
P01846,14754.504253863486
P01922,70437.789974641841
P01959,15284.008395749288
P01978,66100.986410956917
P01986,72002.781971868419
P02000,188179.72190290969
P02031,17990.810317118539
P02032,17990.810317118539
P02062,15163.686516840136
P02085,18227.027242626093
P02099,18345.64161512367
P02155,34890.180400595033
P02191,189762.3111840167
P02227,69552.371741223222
P02245,7960.7928053361466
P02246,8228.5623014170706
P02316,70275.394270212622
P02318,18512.496429078619
P02364,18305.152378119099
P02365,18305.152378119099
P02410,15715.829517843331
P02412,70437.789974641841
P02432,18346.624686056439
P02545,70729.113258459576
P02600,71037.747607548052
P02649,72311.702539566599
P02663,18436.384632945239
P02665,18258.433739301039
P02666,18258.433739301039
P02667,18258.433739301039
P02670,22762.644498365567
P02674,17999.69190043494
P02707,18023.586304173437
P02708,18023.586304173437
P02717,34003.022004455532
P02728,70729.113258459576
P02764,34071.077285432584
P02864,18305.152378119099
P02878,70729.113258459576
P02908,15367.36467513654
P02912,17990.810317118539
P02914,15585.915455242051
P03008,70729.113258459576
P03057,18852.329651236701
P03076,17999.69190043494
P03259,72311.702539566599
P03314,35287.63868048929
P03349,70729.113258459576
P03371,34071.077285432584
P03387,18305.152378119099
P03388,18023.586304173437
P03402,173411.28363624378
P03412,37892.209088484531
P03485,187523.78174055615
P03490,15284.008395749288
P03493,15367.36467513654
P03591,69998.888800231391
P03655,18258.433739301039
P03702,18436.384632945239
P03704,18436.384632945239
P03791,70729.113258459576
P03798,70611.529154388845
P03881,72194.118435495882
P03884,72311.702539566599
P03917,176793.00846295431
P03986,18017.179720477168
P03988,18203.708863045445
P04074,69768.142126074439
P04076,69650.558022003708
P04147,181034.05827532813
P04152,72311.702539566599
P04184,18731.047209184129
P04186,18731.047209184129
P04221,72194.118435495882
P04224,17870.593481186625
P04249,14970.990870411741
P04262,15163.686516840136
P04289,70437.789974641841
P04293,70392.978374283339
P04305,15715.829517843331
P04306,15200.509861181588
P04308,15715.829517843331
P04311,72311.702539566599
P04416,72194.118435495882
P04417,72194.118435495882
P04467,70611.529154388845
P04495,72311.702539566599
P04496,34003.022004455532
P04521,18300.610257332613
P04535,17990.91536009578
P04581,15310.272756130676
P04600,15284.008395749288
P04698,15200.509861181588
P04701,18345.64161512367
P04707,18860.961271785411
P04752,70729.113258459576
P04754,70729.113258459576
P04801,18258.433739301039
P04860,15292.784936088448
P04861,15292.784936088448
P04862,15292.784936088448
P04865,15551.526774954544
P04868,70611.529154388845
P04869,70611.529154388845
P04986,17907.416825528082
P05007,8373.3018848587999
P05036,18848.631313254853
P05040,188179.72190290969
P05042,188179.72190290969
P05043,70729.113258459576
P05047,34307.455428614965
P05055,18346.624686056439
P05060,18346.624686056439
P05103,18305.152378119099
P05106,18305.152378119099
P05128,66676.894011564291
P05134,18245.181170982789
P05139,18203.708863045445
P05140,70139.619894599979
P05163,177947.02694760784
P05168,176461.65108128299
P05229,18227.027242626093
P05323,70420.192690761396
P05402,15242.612629277281
P05432,69883.729122894554
P05435,15547.046053436714
P05447,18784.84947565203
P05448,18784.84947565203
P05458,18394.912325007896
P05476,18860.961271785411
P05486,18387.74438321936
P05504,17889.366802044886
P05551,18376.722053465997
P05560,69768.142126074439
P05575,70257.20399867071
P05576,70257.20399867071
P05594,15284.008395749288
P05608,34890.180400595033
P05758,72311.702539566599
P05769,72194.118435495882
P05800,18394.912325007896
P05828,15715.829517843331
P05834,18106.939667365965
P05924,170642.60913918322
P05925,182598.97353814705
P05970,70729.113258459576
P05978,15367.36467513654
P06017,71702.93948824401
P06030,72194.118435495882
P06072,72311.702539566599
P06077,15292.784936088448
P06124,70437.789974641841
P06182,36177.23861841295
P06184,18860.961271785411
P06189,18860.961271785411
P06193,18675.256908313211
P06200,66937.030481570459
P06235,17912.685181625533
P06245,70420.192690761396
P06287,17990.91536009578
P06292,178612.21882830383
P06302,168360.24953721449
P06312,18115.437098012044
P06314,166789.02666784372
P06315,18115.437098012044
P06331,18860.961271785411
P06370,36099.113482919944
P06425,34890.180400595033
P06437,33823.233472081134
P06454,34119.523981327089
P06764,34447.482312889333
P06802,18305.152378119099
P07084,18235.754803780168
P07090,18235.754803780168
P07131,12621.627263656264
P07177,34119.523981327089
P07302,65989.608637757716
P07333,64407.019356650701
P07468,13173.770264659466
P07632,13056.186160588735
P07949,17871.394458130762
P08016,60359.80520703362
P08140,17374.48543242969
P08142,17374.48543242969
P08275,18071.452060891381
P08337,68643.624847118655
P08398,16300.498860587926
P08496,17887.289961073377
P08497,163592.90878973686
P08525,19803.469133337589
P08540,14845.67856317646
P08551,15277.604728247739
P08940,15277.604728247739
P08942,175760.10975740245
P09041,16465.177516675685
P09042,17331.940533776131
P09096,12748.149604464918
P09568,16337.322204929378
P09724,10874.264013499291
P09725,10874.264013499291
P09897,15721.480123746136
P09898,15721.480123746136
P09900,15407.733834418665
P09901,15407.733834418665
P09902,15559.518513921712
P09904,15873.264803249183
P09922,10970.326057113656
P09924,10970.326057113656
P09925,10970.326057113656
P09929,10970.326057113656
P09932,10970.326057113656
P09939,10970.326057113656
P09941,10970.326057113656
P09942,10970.326057113656
P09943,10970.326057113656
P10039,11100.288364844955
P10058,12759.002208432144
P10059,12759.002208432144
P10064,12759.002208432144
P10077,75334.37301558083
P10219,74566.133629910822
P10438,11197.164265415024
P10451,11197.164265415024
P10490,74159.262161560095
P10724,64646.937407975092
P10787,11190.048311733755
P10815,15163.686516840136
P10818,15163.686516840136
P10819,15163.686516840136
P10820,15163.686516840136
P10822,15163.686516840136
P10823,15163.686516840136
P10828,15163.686516840136
P10829,15163.686516840136
P10830,15163.686516840136
P10831,18308.818270782216
P10833,15163.686516840136
P10843,65606.513257272556
P10868,10970.326057113656
P10977,11127.725926755396
P10979,197182.83794837768
P10980,197182.83794837768
P11003,10836.580167052143
P11218,74369.338651260463
P11352,15715.829517843331
P11353,15715.829517843331
P11401,75643.29358327901
P11418,12837.928320869289
P11581,74159.262161560095
P11624,11197.164265415024
P11634,11011.616780608429
P11647,11011.616780608429
P11694,197182.83794837768
P11769,22422.476851820877
P11775,11075.086976572158
P11818,18692.177807378797
P11819,18692.177807378797
P11822,18435.340611590869
P11823,18435.340611590869
P11838,33823.233472081134
P11900,15409.215660007329
P11902,18784.84947565203
P11948,10806.285640093418
P12004,13298.815250904783
P12005,13298.815250904783
P12011,13298.815250904783
P12012,13298.815250904783
P12013,64141.50808023625
P12025,12039.912228201869
P12041,170200.79970361176
P12045,10736.847301433791
P12134,13181.231146834056
P12139,64141.50808023625
P12142,64023.923976165526
P12144,181587.51314356711
P12147,64529.353303904369
P12249,15200.509861181588
P12253,15163.686516840136
P12254,15163.686516840136
P12256,15715.829517843331
P12257,15715.829517843331
P12262,15715.829517843331
P12266,15715.829517843331
P12300,15242.612629277281
P12302,15242.612629277281
P12320,15715.829517843331
P12340,15242.612629277281
P12347,15242.612629277281
P12349,15242.612629277281
P12367,15242.612629277281
P12368,15242.612629277281
P12374,15242.612629277281
P12403,15242.612629277281
P12404,15242.612629277281
P12405,15242.612629277281
P12556,15220.357753704053
P12654,64529.353303904369
P12656,64529.353303904369
P12675,13298.815250904783
P12680,64141.50808023625
P12681,64141.50808023625
P12692,64023.923976165526
P12988,15467.978267873208
P13007,65724.097361343272
P13008,65724.097361343272
P13049,20182.541644058168
P13296,10854.200115017404
P13439,10828.108011865166
P13498,15290.208857648788
P13507,64646.937407975092
P13509,64141.50808023625
P13511,13181.231146834056
P13512,64141.50808023625
P13513,13298.815250904783
P13514,13298.815250904783
P13518,13302.513588886628
P13521,64646.937407975092
P13532,65724.097361343272
P13533,65724.097361343272
P13536,65724.097361343272
P13547,15715.829517843331
P13550,12548.528914766568
P13551,12548.528914766568
P13613,15200.509861181588
P13706,179348.98370010659
P13709,64141.50808023625
P13743,24525.85227705555
P13775,21611.564938947307
P13783,74566.133629910822
P13786,33823.233472081134
P13787,33823.233472081134
P13788,33823.233472081134
P13789,15715.829517843331
P13790,15715.829517843331
P13839,15163.686516840136
P13855,64646.937407975092
P13858,64646.937407975092
P13881,21978.016543387072
P13911,18696.658528896623
P13912,18696.658528896623
P13913,18696.658528896623
P13914,18696.658528896623
P13919,10870.989677215326
P13946,15715.829517843331
P13947,15715.829517843331
P13949,15715.829517843331
P13951,15715.829517843331
P13953,15715.829517843331
P13955,15715.829517843331
P13966,12885.524549240796
P13967,12885.524549240796
P14005,13298.815250904783
P14006,64141.50808023625
P14057,10880.000360388129
P14074,18553.661887607632
P14075,18553.661887607632
P14076,18553.661887607632
P14078,18553.661887607632
P14081,18553.661887607632
P14124,10806.285640093418
P14125,10806.285640093418
P14126,10736.847301433791
P14143,10806.285640093418
P14183,15200.509861181588
P14184,15200.509861181588
P14292,10812.133476565265
P14336,18160.488446841639
P14337,18160.488446841639
P14355,10551.694133151765
P14362,18437.916690030528
P14363,18437.916690030528
P14369,18437.916690030528
P14372,18743.377167714687
P14376,18743.377167714687
P14377,18743.377167714687
P14378,18743.377167714687
P14390,18743.377167714687
P14391,18743.377167714687
P14394,18743.377167714687
P14395,18743.377167714687
P14415,18435.340611590869
P14417,18435.340611590869
P14418,18435.340611590869
P14420,18435.340611590869
P14443,10940.129353793933
P14480,15783.504856360383
P14486,10970.326057113656
P14489,10970.326057113656
P14525,11142.033568032732
P14601,11286.924212303824
P14611,11286.924212303824
P14613,15631.72017685734
P14618,15631.72017685734
P14636,15782.81933001861
P14675,18553.661887607632
P14677,18553.661887607632
P14680,15409.215660007329
P14681,15409.215660007329
P14686,15715.829517843331
P14687,15715.829517843331
P14740,18553.661887607632
P14741,18553.661887607632
P14778,18553.661887607632
P14779,18553.661887607632
P14789,10888.63198093684
P14817,18175.947656438668
P14847,18692.177807378797
P14848,18692.177807378797
P14858,18308.818270782216
P14859,18308.818270782216
P14866,18696.658528896623
P14868,18696.658528896623
P14869,18696.658528896623
P14870,18696.658528896623
P14872,18696.658528896623
P14873,18696.658528896623
P14895,18696.658528896623
P14900,18696.658528896623
P14903,18696.658528896623
P14905,18696.658528896623
P14907,18696.658528896623
P14908,18696.658528896623
P14909,18696.658528896623
P14910,18435.340611590869
P14912,18435.340611590869
P14914,18696.658528896623
P14915,18696.658528896623
P14917,18696.658528896623
P14919,18696.658528896623
P14954,15872.579276907411
P14993,11127.725926755396
P15013,197182.83794837768
P15016,18477.363987235582
P15024,10985.327029683362
P15044,18167.316035889959
P15079,64646.937407975092
P15187,18175.947656438668
P15242,65724.097361343272
P15245,65724.097361343272
P15257,64141.50808023625
P15447,10828.108011865166
P15457,10551.694133151765
P15464,69220.454425056465
P15465,69220.454425056465
P15467,15409.215660007329
P15468,18784.84947565203
P15469,18437.916690030528
P15470,15409.215660007329
P15471,69220.454425056465
P15481,18784.84947565203
P15482,18784.84947565203
P15484,15409.215660007329
P15485,18784.84947565203
P15489,15409.215660007329
P15490,15409.215660007329
P15491,15409.215660007329
P15492,18784.84947565203
P15501,10958.070319596469
P15513,15163.686516840136
P15514,18308.818270782216
P15515,18308.818270782216
P15516,18308.818270782216
P15517,18308.818270782216
P15518,18308.818270782216
P15524,18308.818270782216
P15526,18308.818270782216
P15528,18308.818270782216
P15530,18784.84947565203
P15531,18784.84947565203
P15535,18308.818270782216
P15540,15872.579276907411
P15664,12748.149604464918
P15730,10806.285640093418
P15804,10869.398735359937
P15810,10869.398735359937
P15834,18784.84947565203
P15835,18784.84947565203
P15837,18743.377167714687
P15838,18743.377167714687
P15839,18308.818270782216
P15840,18308.818270782216
P15848,10985.507881506906
P15885,64646.937407975092
P15943,15409.215660007329
P15944,69220.454425056465
P15945,15409.215660007329
P15979,11106.706077455266
P16166,10730.36517937508
P16237,15283.903352772049
P16238,15283.903352772049
P16240,15283.903352772049
P16241,15283.903352772049
P16246,18308.818270782216
P16248,18429.035106714131
P16250,10736.847301433791
P16264,10537.532673672476
P16278,10675.38632811189
P16300,10605.947989452265
P16311,10806.285640093418
P16316,10806.285640093418
P16363,15715.829517843331
P16398,12795.825552773593
P16399,12795.825552773593
P16424,12829.936400855751
P16426,12829.936400855751
P16433,12885.524549240796
P16541,15261.66031833042
P16557,15571.848472452266
P16692,10874.264013499291
P16823,15547.046053436714
P16824,18692.177807378797
P16826,18692.177807378797
P16840,10973.177922976352
P16895,72002.781971868419
P16924,65724.097361343272
P17055,64646.937407975092
P17060,64646.937407975092
P17123,15163.686516840136
P17168,65724.097361343272
P17169,65724.097361343272
P17172,65724.097361343272
P17183,18784.84947565203
P17238,65724.097361343272
P17498,10803.367127742376
P17552,10880.67059719556
P17600,10605.947989452265
P17675,75643.29358327901
P17678,75525.709479208279
P17693,10970.326057113656
P17694,10970.326057113656
P17729,10854.200115017404
P17749,10854.200115017404
P17753,10806.285640093418
P17761,18214.742303142139
P17812,10537.532673672476
P17874,15783.504856360383
P17880,15872.579276907411
P17889,10970.326057113656
P17931,18435.340611590869
P17932,18435.340611590869
P17935,18696.658528896623
P17936,18696.658528896623
P17938,18696.658528896623
P17939,18784.84947565203
P17940,18784.84947565203
P17941,18784.84947565203
P17942,18784.84947565203
P17943,18784.84947565203
P17944,18784.84947565203
P17945,18784.84947565203
P17946,18784.84947565203
P17948,18435.340611590869
P17950,18435.340611590869
P17952,18784.84947565203
P17953,18784.84947565203
P17954,18784.84947565203
P18057,15420.063792949222
P18305,10736.847301433791
P18351,10906.018505711771
P18376,20313.440956039696
P18377,20313.440956039696
P18378,20313.440956039696
P18414,18308.818270782216
P18415,18308.818270782216
P18454,15409.215660007329
P18455,15409.215660007329
P18456,15409.215660007329
P18457,15409.215660007329
P18595,20313.440956039696
P18657,18784.84947565203
P18658,18784.84947565203
P18659,18784.84947565203
P18662,18784.84947565203
P18691,10614.912271395522
P18711,15234.910624667198
P18779,12759.002208432144
P18798,64141.50808023625
P18807,10747.286078440662
P18816,21123.74204720365
P18818,21123.74204720365
P18822,10605.947989452265
P18842,65724.097361343272
P18843,65724.097361343272
P18868,18696.658528896623
P18896,10551.694133151765
P18929,65115.334310020691
P18934,65115.334310020691
P18939,75034.530531956421
P18944,18743.377167714687
P18945,18743.377167714687
P18946,18743.377167714687
P18950,18743.377167714687
P18986,65724.097361343272
P18988,64646.937407975092
P18990,64646.937407975092
P18991,65724.097361343272
P18992,65724.097361343272
P18993,65724.097361343272
P19024,12795.825552773593
P19026,12795.825552773593
P19102,18784.84947565203
P19103,18784.84947565203
P19104,18784.84947565203
P19106,20077.30298393693
P19129,20313.440956039696
P19133,20313.440956039696
P19165,18553.661887607632
P19167,18553.661887607632
P19177,18308.818270782216
P19178,18308.818270782216
P19180,18308.818270782216
P19181,18308.818270782216
P19183,18784.84947565203
P19184,18784.84947565203
P19189,18784.84947565203
P19191,18784.84947565203
P19192,18784.84947565203
P19300,65724.097361343272
P19306,65724.097361343272
P19309,65724.097361343272
P19316,65724.097361343272
P19321,12837.928320869289
P19322,65115.334310020691
P19323,65115.334310020691
P19325,65115.334310020691
P19333,65115.334310020691
P19338,65115.334310020691
P19340,65115.334310020691
P19341,65115.334310020691
P19349,65724.097361343272
P19350,65724.097361343272
P19352,65724.097361343272
P19353,65724.097361343272
P19355,65724.097361343272
P19361,65724.097361343272
P19364,65724.097361343272
P19423,10551.694133151765
P19445,20347.55180412186
P19468,10867.923777436185
P19494,18058.363552367944
P19499,18058.363552367944
P19515,10854.200115017404
P20039,10916.069542847281
P20108,15571.848472452266
P20112,15571.848472452266
P20116,15571.848472452266
P20161,15242.612629277281
P20162,15242.612629277281
P20163,15242.612629277281
P20165,15242.612629277281
P20169,15872.579276907411
P20170,15872.579276907411
P20178,15872.579276907411
P20179,15872.579276907411
P20199,15407.733834418665
P20205,15407.733834418665
P20275,18743.377167714687
P20276,18743.377167714687
P20281,18743.377167714687
P20284,18784.84947565203
P20285,18784.84947565203
P20287,18784.84947565203
P20293,18437.916690030528
P20295,18784.84947565203
P20296,18784.84947565203
P20298,18784.84947565203
P20300,18784.84947565203
P20301,18437.916690030528
P20302,18784.84947565203
P20303,18784.84947565203
P20304,18784.84947565203
P20305,18784.84947565203
P20319,18784.84947565203
P20320,18784.84947565203
P20321,18784.84947565203
P20323,18784.84947565203
P20324,18784.84947565203
P20326,18784.84947565203
P20327,18784.84947565203
P20328,18784.84947565203
P20329,18784.84947565203
P20332,18784.84947565203
P20333,18784.84947565203
P20335,18784.84947565203
P20337,18784.84947565203
P20338,18784.84947565203
P20339,18784.84947565203
P20340,18784.84947565203
P20341,18784.84947565203
P20342,18784.84947565203
P20343,18784.84947565203
P20344,18784.84947565203
P20345,18784.84947565203
P20347,18784.84947565203
P20422,12795.825552773593
P20444,10843.108984434872
P20534,18308.818270782216
P20535,18308.818270782216
P20536,18308.818270782216
P20545,11169.726703504584
P20549,11100.288364844955
P20571,18743.377167714687
P20572,18743.377167714687
P20574,18743.377167714687
P20577,18743.377167714687
P20578,18743.377167714687
P20580,18743.377167714687
P20582,18743.377167714687
P20584,18743.377167714687
P20585,18743.377167714687
P20589,15163.686516840136
P20590,15163.686516840136
P20592,18743.377167714687
P20610,12750.725682904576
P20625,15163.686516840136
P20626,15163.686516840136
P20657,65115.334310020691
P20658,65115.334310020691
P20699,15283.903352772049
P20700,15283.903352772049
P20701,15283.903352772049
P20702,15283.903352772049
P20704,15283.903352772049
P20706,15283.903352772049
P20707,15283.903352772049
P20709,15283.903352772049
P20711,15283.903352772049
P20712,15283.903352772049
P20713,15283.903352772049
P20714,15283.903352772049
P20715,15283.903352772049
P20716,15283.903352772049
P20717,15283.903352772049
P20722,15283.903352772049
P20723,15283.903352772049
P20791,75525.709479208279
P20807,15292.784936088448
P20808,15292.784936088448
P20839,172241.38774366974
P20841,172241.38774366974
P20862,18743.377167714687
P20892,15283.903352772049
P20897,10537.532673672476
P20898,18692.177807378797
P20899,18692.177807378797
P20917,170200.79970361176
P20925,10874.264013499291
P20945,10874.264013499291
P20959,15200.509861181588
P20960,15200.509861181588
P20961,15200.509861181588
P20962,172241.38774366974
P20966,172241.38774366974
P20967,172241.38774366974
P20969,21123.74204720365
P21039,15163.686516840136
P21040,15163.686516840136
P21041,15163.686516840136
P21044,15163.686516840136
P21046,15163.686516840136
P21047,15163.686516840136
P21142,18784.84947565203
P21143,18784.84947565203
P21181,18784.84947565203
P21195,23111.109341072355
P21313,18784.84947565203
P21314,18784.84947565203
P21315,18784.84947565203
P21329,10537.532673672476
P21372,195482.63266873604
P21376,11169.3401082331
P21449,21123.74204720365
P21450,21123.74204720365
P21453,21123.74204720365
P21454,21123.74204720365
P21455,20313.440956039696
P21456,20313.440956039696
P21460,15200.509861181588
P21462,15200.509861181588
P21463,172241.38774366974
P21465,172241.38774366974
P21467,15200.509861181588
P21469,15200.509861181588
P21472,10874.264013499291
P21501,186524.69130134152
P21513,188017.70555585687
P21550,18692.177807378797
P21551,18435.340611590869
P21556,18435.340611590869
P21583,69552.371741223222
P21584,15292.784936088448
P21586,15292.784936088448
P21587,18437.916690030528
P21612,10985.327029683362
P21623,15283.903352772049
P21625,15283.903352772049
P21626,15283.903352772049
P21630,15283.903352772049
P21632,15283.903352772049
P21636,12905.588447722686
P21637,15283.903352772049
P21638,15283.903352772049
P21639,15283.903352772049
P21648,12837.928320869289
P21691,15163.686516840136
P21692,15163.686516840136
P21694,15163.686516840136
P21696,15163.686516840136
P21697,15163.686516840136
P21708,10985.507881506906
P21711,10985.507881506906
P21713,199493.9940224039
P21728,18784.84947565203
P21729,18743.377167714687
P21732,18743.377167714687
P21735,18743.377167714687
P21736,18743.377167714687
P21737,18743.377167714687
P21742,18743.377167714687
P21750,10974.859881794389
P21759,18308.818270782216
P21760,18308.818270782216
P21762,18308.818270782216
P21763,18308.818270782216
P21765,18308.818270782216
P21767,18308.818270782216
P21768,18308.818270782216
P21807,65724.097361343272
P21808,65724.097361343272
P21814,65724.097361343272
P21816,13311.145209435341
P21817,13311.145209435341
P21819,13311.145209435341
P21822,13311.145209435341
P21825,12759.002208432144
P21827,12759.002208432144
P21828,12795.825552773593
P21829,12795.825552773593
P21831,12795.825552773593
P21833,12795.825552773593
P21869,12795.825552773593
P21886,10985.507881506906
P21938,18784.84947565203
P21940,18784.84947565203
P21942,18784.84947565203
P21944,18784.84947565203
P21946,18784.84947565203
P21947,18784.84947565203
P21950,18784.84947565203
P21952,18784.84947565203
P21966,18784.84947565203
P21967,18784.84947565203
P21970,18437.916690030528
P21971,18437.916690030528
P21973,18784.84947565203
P21977,18437.916690030528
P21983,18784.84947565203
P21984,18784.84947565203
P21985,18743.377167714687
P21986,18743.377167714687
P22017,15407.733834418665
P22032,15407.733834418665
P22036,15407.733834418665
P22052,15242.612629277281
P22053,15242.612629277281
P22077,10736.847301433791
P22082,18308.818270782216
P22083,18177.918958800685
P22084,18177.918958800685
P22086,18177.918958800685
P22087,18177.918958800685
P22362,10869.503778337175
P22365,10869.503778337175
P22366,10869.503778337175
P22465,15420.063792949222
P22474,15420.063792949222
P22476,15420.063792949222
P22701,10621.13247181139
P22738,10985.507881506906
P22827,199493.9940224039
P22894,65724.097361343272
P22895,65724.097361343272
P22908,12837.928320869289
P22910,12837.928320869289
P22912,172020.01006896127
P22914,172020.01006896127
P22916,65724.097361343272
P22917,65724.097361343272
P22918,65724.097361343272
P22919,65724.097361343272
P22920,65724.097361343272
P22922,65724.097361343272
P22926,65724.097361343272
P22972,10985.507881506906
P22981,10985.507881506906
P22998,18308.818270782216
P22999,18308.818270782216
P23000,18308.818270782216
P23002,18308.818270782216
P23003,18308.818270782216
P23007,10588.517477493217
P23042,18784.84947565203
P23044,18784.84947565203
P23047,18784.84947565203
P23064,10537.532673672476
P23091,10537.532673672476
P23121,12795.825552773593
P23149,64646.937407975092
P23201,10828.108011865166
P23206,65115.334310020691
P23212,75034.530531956421
P23220,65115.334310020691
P23259,18123.665102500192
P23274,65724.097361343272
P23314,21123.74204720365
P23319,189762.3111840167
P23320,189762.3111840167
P23321,189762.3111840167
P23322,189762.3111840167
P23323,189762.3111840167
P23324,189762.3111840167
P23460,11060.086004002453
P23619,18784.84947565203
P23620,18437.916690030528
P23621,18437.916690030528
P23623,18437.916690030528
P23625,18437.916690030528
P23626,15409.215660007329
P23627,15409.215660007329
P23628,15409.215660007329
P23630,15409.215660007329
P23631,15409.215660007329
P23634,18429.035106714131
P23635,15283.903352772049
P23638,18429.035106714131
P23639,18429.035106714131
P23641,18429.035106714131
P23737,10736.847301433791
P23779,10736.847301433791
P23895,10872.805466402002
P23933,10872.805466402002
P23952,15107.631767806422
P24047,10551.694133151765
P24070,10671.623025175037
P24080,190938.22408936161
P24082,10671.623025175037
P24128,20313.440956039696
P24161,18784.84947565203
P24162,18784.84947565203
P24163,18696.658528896623
P24164,18784.84947565203
P24166,18784.84947565203
P24169,18784.84947565203
P24171,18435.340611590869
P24229,11100.288364844955
P24253,10970.326057113656
P24266,15873.264803249183
P24272,15872.579276907411
P24317,10551.694133151765
P24339,10537.532673672476
P24341,10537.532673672476
P24346,10675.38632811189
P24382,20182.541644058168
P24419,10806.285640093418
P24429,10605.947989452265
P24433,10605.947989452265
P24473,10880.67059719556
P24481,187158.49959049039
P24515,20182.541644058168
P24601,10806.285640093418
P24606,10605.947989452265
P24609,10537.532673672476
P24709,10854.200115017404
P24805,10803.367127742376
P24830,15228.989374252764
P24963,10828.108011865166
P24967,75034.530531956421
P24968,75034.530531956421
P24973,12383.786130373635
P24975,12383.786130373635
P25021,10806.285640093418
P25058,10985.507881506906
P25280,65724.097361343272
P25281,65724.097361343272
P25332,18784.84947565203
P25334,18784.84947565203
P25350,65724.097361343272
P25472,15571.848472452266
P25481,15163.686516840136
P25579,64646.937407975092
P25581,64646.937407975092
P25606,20276.61761169825
P25668,20427.71676485952
P25877,13311.145209435341
P25878,65724.097361343272
P25941,12759.002208432144
P25944,12759.002208432144
P25946,72002.781971868419
P25983,15255.253734634151
P26003,23111.109341072355
P26006,23111.109341072355
P26008,23111.109341072355
P26009,18692.177807378797
P26010,21123.74204720365
P26011,21123.74204720365
P26012,23111.109341072355
P26013,23111.109341072355
P26014,23111.109341072355
P26015,21123.74204720365
P26016,21123.74204720365
P26017,21123.74204720365
P26019,21123.74204720365
P26020,21123.74204720365
P26021,21123.74204720365
P26023,21123.74204720365
P26024,15547.046053436714
P26026,18692.177807378797
P26028,18692.177807378797
P26029,18692.177807378797
P26030,18692.177807378797
P26031,15547.046053436714
P26179,10958.070319596469
P26250,10874.264013499291
P26257,10874.264013499291
P26271,10854.200115017404
P26293,10854.200115017404
P26335,10877.219832517032
P26468,20427.71676485952
P26472,20313.440956039696
P26517,11054.765368342987
P26525,11127.725926755396
P26542,15715.829517843331
P26686,15261.66031833042
P26748,15715.829517843331
P26749,15715.829517843331
P26750,15715.829517843331
P26751,15715.829517843331
P26753,15715.829517843331
P26755,15290.208857648788
P26756,15715.829517843331
P26757,15290.208857648788
P26773,12383.786130373635
P26802,10812.133476565265
P26819,12075.951726735701
P26820,12075.951726735701
P26821,12075.951726735701
P26822,12075.951726735701
P26845,12795.825552773593
P26846,12795.825552773593
P26919,18238.602062269209
P26936,10588.023227036119
P26953,10874.264013499291
P26961,10806.285640093418
P26963,10806.285640093418
P26974,10605.947989452265
P27043,10806.285640093418
P27057,10675.38632811189
P27066,10806.285640093418
P27072,10675.38632811189
P27074,10806.285640093418
P27127,10537.532673672476
P27182,10605.947989452265
P27194,10605.947989452265
P27198,10736.847301433791
P27209,10736.847301433791
P27217,10806.285640093418
P27222,10869.398735359937
P27255,10730.36517937508
P27256,10730.36517937508
P27284,10730.36517937508
P27445,11017.942024001535
P27631,69220.454425056465
P27632,15409.215660007329
P27633,15409.215660007329
P27634,15409.215660007329
P27635,69220.454425056465
P27636,69220.454425056465
P27637,15409.215660007329
P27639,168360.24953721449
P27651,33823.233472081134
P27657,21859.408752298761
P27658,21859.408752298761
P27660,21859.408752298761
P27661,21859.408752298761
P27791,10985.507881506906
P27806,10985.507881506906
P27811,10985.507881506906
P27816,18784.84947565203
P27819,18784.84947565203
P27820,18784.84947565203
P27821,18784.84947565203
P27823,18743.377167714687
P27829,18784.84947565203
P27833,18784.84947565203
P27834,18784.84947565203
P27835,18784.84947565203
P27836,18784.84947565203
P27838,18784.84947565203
P27867,10565.541061078296
P27891,10565.541061078296
P27892,10565.541061078296
P27930,10602.36440541975
P28007,10602.184686515408
P28019,10565.541061078296
P28029,10565.541061078296
P28050,10588.517477493217
P28062,10551.694133151765
P28100,10551.694133151765
P28113,10669.046946735376
P28205,15242.612629277281
P28206,15242.612629277281
P28222,15163.686516840136
P28476,15872.579276907411
P28478,15872.579276907411
P28484,15872.579276907411
P28485,15872.579276907411
P28492,18308.818270782216
P28494,18308.818270782216
P28495,18308.818270782216
P28496,18308.818270782216
P28497,18784.84947565203
P28498,18784.84947565203
P28499,18784.84947565203
P28502,15409.215660007329
P28503,18784.84947565203
P28504,15409.215660007329
P28506,18784.84947565203
P28507,18784.84947565203
P28509,18784.84947565203
P28511,18784.84947565203
P28512,18308.818270782216
P28513,18429.035106714131
P28515,18429.035106714131
P28516,18429.035106714131
P28517,18429.035106714131
P28518,18429.035106714131
P28521,18429.035106714131
P28523,18429.035106714131
P28527,18308.818270782216
P28531,18308.818270782216
P28532,18308.818270782216
P28533,18308.818270782216
P28534,18308.818270782216
P28536,18308.818270782216
P28537,18308.818270782216
P28540,15163.686516840136
P28542,15163.686516840136
P28543,15163.686516840136
P28544,18308.818270782216
P28545,18308.818270782216
P28546,18308.818270782216
P28547,18308.818270782216
P28548,18308.818270782216
P28549,18308.818270782216
P28550,18308.818270782216
P28551,18308.818270782216
P28554,18308.818270782216
P28555,18308.818270782216
P28559,18784.84947565203
P28562,18308.818270782216
P28564,15163.686516840136
P28567,18784.84947565203
P28568,18784.84947565203
P28570,18308.818270782216
P28573,18784.84947565203
P28575,18784.84947565203
P28576,18784.84947565203
P28577,18784.84947565203
P28579,18784.84947565203
P28580,18308.818270782216
P28581,18784.84947565203
P28584,18784.84947565203
P28585,18784.84947565203
P28586,18308.818270782216
P28587,18308.818270782216
P28588,18308.818270782216
P28590,18308.818270782216
P28591,18308.818270782216
P28592,18308.818270782216
P28593,18308.818270782216
P28594,18308.818270782216
P28595,18308.818270782216
P28597,173411.28363624378
P28598,173411.28363624378
P28599,15163.686516840136
P28657,176461.65108128299
P28690,173411.28363624378
P28693,69220.454425056465
P28694,168360.24953721449
P28696,18784.84947565203
P28697,18784.84947565203
P28698,18784.84947565203
P28699,69220.454425056465
P28700,18784.84947565203
P28706,10537.532673672476
P28823,15783.504856360383
P28848,18163.617697908117
P28881,15467.978267873208
P28889,15467.978267873208
P28944,15255.253734634151
P29112,64646.937407975092
P29116,13302.513588886628
P29117,65724.097361343272
P29123,65115.334310020691
P29127,65724.097361343272
P29128,65724.097361343272
P29129,65724.097361343272
P29130,13311.145209435341
P29131,65724.097361343272
P29137,65115.334310020691
P29141,65724.097361343272
P29151,65724.097361343272
P29155,10970.326057113656
P29176,15873.264803249183
P29180,15873.264803249183
P29190,15559.518513921712
P29192,15559.518513921712
P29324,15200.509861181588
P29325,15200.509861181588
P29327,15200.509861181588
P29404,11054.765368342987
P29424,11286.924212303824
P29440,11127.725926755396
P29455,11286.924212303824
P29483,11197.164265415024
P29485,11286.924212303824
P29526,11197.164265415024
P29553,15872.579276907411
P29591,18696.658528896623
P29593,18696.658528896623
P29596,18696.658528896623
P29599,18696.658528896623
P29602,18696.658528896623
P29603,18696.658528896623
P29607,18784.84947565203
P29608,18696.658528896623
P29639,10736.847301433791
P29641,18696.658528896623
P29644,18696.658528896623
P29645,18435.340611590869
P29648,18696.658528896623
P29658,18696.658528896623
P29660,18696.658528896623
P29662,18696.658528896623
P29663,18696.658528896623
P29665,18696.658528896623
P29667,18696.658528896623
P29670,18696.658528896623
P29672,18696.658528896623
P29675,18308.818270782216
P29677,18692.177807378797
P29678,18692.177807378797
P29680,18692.177807378797
P29688,18308.818270782216
P29689,18692.177807378797
P29691,18308.818270782216
P29719,23111.109341072355
P29749,15228.989374252764
P29781,18175.947656438668
P29843,18743.377167714687
P29844,18743.377167714687
P29845,18743.377167714687
P29846,18743.377167714687
P29847,18743.377167714687
P29848,18743.377167714687
P29849,18553.661887607632
P29850,18743.377167714687
P29852,18553.661887607632
P29854,18553.661887607632
P29855,18553.661887607632
P29864,18553.661887607632
P29866,18553.661887607632
P30025,15163.686516840136
P30027,168360.24953721449
P30028,15409.215660007329
P30030,15409.215660007329
P30032,18553.661887607632
P30098,15783.504856360383
P30106,15783.504856360383
P30111,15872.579276907411
P30120,15872.579276907411
P30148,10948.503685341908
P30159,11286.924212303824
P30172,197182.83794837768
P30188,11127.725926755396
P30398,10970.326057113656
P30401,10970.326057113656
P30407,10970.326057113656
P30415,15783.504856360383
P30417,15783.504856360383
P30421,15783.504856360383
P30430,11100.288364844955
P30436,11100.288364844955
P30444,10970.326057113656
P30447,10970.326057113656
P30450,11100.288364844955
P30453,11100.288364844955
P30457,10970.326057113656
P30461,10970.326057113656
P30465,11256.994903194332
P30521,15668.54352119879
P30530,15668.54352119879
P30548,11100.288364844955
P30550,11100.288364844955
P30570,18435.340611590869
P30573,18435.340611590869
P30575,18435.340611590869
P30576,18435.340611590869
P30577,18435.340611590869
P30578,18435.340611590869
P30628,18308.818270782216
P30629,18308.818270782216
P30636,18743.377167714687
P30637,18743.377167714687
P30644,18743.377167714687
P30645,18743.377167714687
P30665,18743.377167714687
P30667,18743.377167714687
P30668,18743.377167714687
P30669,18743.377167714687
P30670,18743.377167714687
P30672,18743.377167714687
P30673,18784.84947565203
P30674,18784.84947565203
P30675,18784.84947565203
P30676,18784.84947565203
P30677,18784.84947565203
P30678,18784.84947565203
P30680,18743.377167714687
P30682,18743.377167714687
P30683,18743.377167714687
P30688,18784.84947565203
P30690,18437.916690030528
P30693,18437.916690030528
P30695,18553.661887607632
P30696,18553.661887607632
P30697,18553.661887607632
P30698,18553.661887607632
P30699,18553.661887607632
P30701,18437.916690030528
P30702,18437.916690030528
P30703,18437.916690030528
P30704,18437.916690030528
P30705,18437.916690030528
P30707,18437.916690030528
P30710,18437.916690030528
P30711,18437.916690030528
P30712,18437.916690030528
P30713,18437.916690030528
P30714,18437.916690030528
P30718,18437.916690030528
P30720,18437.916690030528
P30747,18160.488446841639
P30769,18160.488446841639
P30770,18160.488446841639
P31073,10958.070319596469
P31079,15200.509861181588
P31080,15200.509861181588
P31081,15200.509861181588
P31082,172241.38774366974
P31190,10888.63198093684
P31227,18743.377167714687
P31228,18743.377167714687
P31231,18743.377167714687
P31233,18308.818270782216
P31236,18743.377167714687
P31242,18553.661887607632
P31243,18553.661887607632
P31244,18553.661887607632
P31245,18553.661887607632
P31246,18553.661887607632
P31247,18553.661887607632
P31385,12759.002208432144
P31387,12759.002208432144
P31388,12759.002208432144
P31390,12885.524549240796
P31393,12885.524549240796
P31394,12759.002208432144
P31395,12759.002208432144
P31398,12885.524549240796
P31402,12885.524549240796
P31403,189762.3111840167
P31404,189762.3111840167
P31467,18784.84947565203
P31510,64646.937407975092
P31511,64646.937407975092
P31514,64646.937407975092
P31581,15290.208857648788
P31583,12885.524549240796
P31588,15290.208857648788
P31589,15715.829517843331
P31590,15290.208857648788
P31593,15715.829517843331
P31596,15715.829517843331
P31599,15715.829517843331
P31600,15715.829517843331
P31602,15715.829517843331
P31603,15715.829517843331
P31604,15715.829517843331
P31607,33823.233472081134
P31613,15328.365172927894
P31615,15715.829517843331
P31616,15715.829517843331
P31620,15328.365172927894
P31621,15328.365172927894
P31624,33823.233472081134
P31626,33823.233472081134
P31645,21611.564938947307
P31650,21611.564938947307
P31670,65724.097361343272
P31695,21907.855448193259
P31697,21907.855448193259
P31705,21907.855448193259
P31706,10800.06543967755
P31717,10800.06543967755
P31779,64141.50808023625
P31781,64141.50808023625
P31782,64141.50808023625
P31786,13298.815250904783
P31788,13298.815250904783
P31789,64141.50808023625
P31790,13298.815250904783
P31792,13181.231146834056
P31795,13181.231146834056
P31797,13181.231146834056
P31989,15200.509861181588
P31997,15200.509861181588
P32001,172241.38774366974
P32003,20276.61761169825
P32004,15163.686516840136
P32006,15163.686516840136
P32009,15163.686516840136
P32020,65724.097361343272
P32022,65724.097361343272
P32023,13311.145209435341
P32108,13137.770804493692
P32109,12041.84087865354
P32111,12041.84087865354
P32134,65724.097361343272
P32135,65724.097361343272
P32137,64646.937407975092
P32138,64646.937407975092
P32140,65724.097361343272
P32143,65724.097361343272
P32144,65724.097361343272
P32145,65724.097361343272
P32147,65724.097361343272
P32162,65724.097361343272
P32166,12557.160535315281
P32169,18860.961271785411
P32170,72311.702539566599
P32172,65724.097361343272
P32177,65724.097361343272
P32180,12557.160535315281
P32181,12557.160535315281
P32183,64646.937407975092
P32185,65724.097361343272
P32189,64646.937407975092
P32190,65724.097361343272
P32194,64646.937407975092
P32200,13311.145209435341
P32209,12837.928320869289
P32210,12837.928320869289
P32211,12837.928320869289
P32214,13311.145209435341
P32215,13311.145209435341
P32216,13311.145209435341
P32217,13311.145209435341
P32218,13311.145209435341
P32223,182092.94247130596
P32224,13302.513588886628
P32225,13311.145209435341
P32232,64646.937407975092
P32234,64141.50808023625
P32240,13298.815250904783
P32241,13302.513588886628
P32244,64141.50808023625
P32249,13298.815250904783
P32253,13298.815250904783
P32259,64141.50808023625
P32327,10867.923777436185
P32354,197255.46457894336
P32360,10828.108011865166
P32544,10806.285640093418
P32585,15255.253734634151
P32683,10854.200115017404
P32689,10854.200115017404
P32921,15456.887137290672
P32995,20077.30298393693
P33019,20182.541644058168
P33043,64646.937407975092
P33047,65724.097361343272
P33048,65724.097361343272
P33049,65724.097361343272
P33050,65724.097361343272
P33056,65724.097361343272
P33057,15715.829517843331
P33079,65724.097361343272
P33081,65724.097361343272
P33084,65724.097361343272
P33284,13311.145209435341
P33286,13311.145209435341
P33289,13311.145209435341
P33294,13311.145209435341
P33296,13311.145209435341
P33298,13311.145209435341
P33299,13311.145209435341
P33305,13311.145209435341
P33309,13311.145209435341
P33310,13146.84246654655
P33313,65559.7946184545
P33426,20276.61761169825
P33466,15163.686516840136
P33651,10736.847301433791
P33929,64646.937407975092
P33962,13298.815250904783
P33963,64141.50808023625
P34022,65724.097361343272
P34025,64529.353303904369
P34034,64646.937407975092
P34037,64529.353303904369
P34382,10948.503685341908
P34383,10948.503685341908
P34417,199493.9940224039
P34538,10828.108011865166
P34539,15163.686516840136
P34573,15242.612629277281
P34574,15242.612629277281
P34575,15242.612629277281
P34580,15242.612629277281
P34581,15242.612629277281
P34583,15242.612629277281
P34613,15242.612629277281
P34614,15715.829517843331
P34640,15242.612629277281
P34689,10828.108011865166
P34709,15242.612629277281
P34710,15242.612629277281
P34711,15715.829517843331
P34745,15242.612629277281
P34750,15242.612629277281
P34751,15242.612629277281
P34842,169522.06470940739
P34843,15328.365172927894
P34845,15328.365172927894
P34846,15328.365172927894
P34847,15715.829517843331
P34850,15715.829517843331
P34851,189762.3111840167
P34852,15715.829517843331
P34853,189762.3111840167
P34869,15715.829517843331
P34873,15715.829517843331
P34874,15715.829517843331
P34926,172241.38774366974
P34928,15163.686516840136
P34929,15163.686516840136
P34930,15163.686516840136
P34931,15163.686516840136
P34932,15163.686516840136
P34933,15163.686516840136
P34934,15163.686516840136
P34935,15715.829517843331
P34937,15715.829517843331
P34939,15715.829517843331
P34940,15715.829517843331
P34941,15715.829517843331
P34944,15715.829517843331
P34945,15715.829517843331
P34946,15163.686516840136
P34947,15715.829517843331
P34948,15200.509861181588
P35026,15200.509861181588
P35291,18387.604040346785
P35417,11286.924212303824
P35461,10537.532673672476
P35667,72630.653334653529
P35782,20145.718299716718
P35807,10854.200115017404
P35878,15408.530133665554
P35880,18784.84947565203
P35881,18784.84947565203
P35882,18784.84947565203
P35883,18784.84947565203
P35885,15408.530133665554
P35886,18553.661887607632
P35887,15408.530133665554
P35888,18553.661887607632
P35890,15409.215660007329
P35891,15409.215660007329
P35893,15409.215660007329
P35894,18784.84947565203
P35897,15409.215660007329
P35912,15409.215660007329
P35913,15409.215660007329
P36011,15467.978267873208
P36061,21611.564938947307
P36062,33823.233472081134
P36102,18435.340611590869
P36107,18308.818270782216
P36111,18692.177807378797
P36112,18692.177807378797
P36113,18692.177807378797
P36114,18692.177807378797
P36126,15549.319207027662
P36234,22422.476851820877
P36235,22422.476851820877
P36237,22422.476851820877
P36238,22422.476851820877
P36240,22422.476851820877
P36242,11081.055119268054
P36373,11197.164265415024
P36374,11197.164265415024
P36377,11197.164265415024
P36578,18049.731931819235
P36591,18058.363552367944
P36712,74120.387901721871
P36927,12837.928320869289
P36950,10828.108011865166
P36966,10874.264013499291
P37024,10798.485438776555
P37127,15242.612629277281
P37142,10828.108011865166
P37143,15242.612629277281
P37146,15715.829517843331
P37155,15715.829517843331
P37156,15715.829517843331
P37158,15715.829517843331
P37257,187158.49959049039
P37374,18175.947656438668
P37457,11286.924212303824
P37569,15490.997985372833
P37685,15261.66031833042
P37699,15715.829517843331
P37702,15715.829517843331
P37726,16328.607246844322
P37824,18175.947656438668
P37863,15242.612629277281
P37864,15715.829517843331
P38165,20276.61761169825
P38262,10874.264013499291
P38277,12837.928320869289
P38279,12837.928320869289
P38287,172020.01006896127
P38294,10828.108011865166
P38296,10828.108011865166
P38318,10736.847301433791
P38461,11060.086004002453
P38463,11060.086004002453
P38623,74159.262161560095
P38627,74159.262161560095
P38628,74159.262161560095
P38907,11060.086004002453
P38946,11286.924212303824
P38951,11127.725926755396
P38954,11197.164265415024
P38972,15631.72017685734
P38976,11197.164265415024
P38983,11017.942024001535
P39002,11017.942024001535
P39093,12741.949142565416
P39312,11017.942024001535
P39419,11127.725926755396
P39423,10948.503685341908
P39442,10948.503685341908
P39446,11127.725926755396
P39504,11197.164265415024
P39538,64529.353303904369
P39542,64529.353303904369
P39544,64529.353303904369
P39545,64529.353303904369
P39547,64529.353303904369
P39548,64529.353303904369
P39561,65606.513257272556
P39570,65606.513257272556
P39575,18743.377167714687
P39576,18743.377167714687
P39577,18743.377167714687
P39578,18743.377167714687
P39579,18743.377167714687
P39583,18308.818270782216
P39584,15163.686516840136
P39590,15163.686516840136
P39591,15163.686516840136
P39593,15163.686516840136
P39596,18308.818270782216
P39597,18308.818270782216
P39599,18308.818270782216
P39602,18308.818270782216
P39603,18308.818270782216
P39604,18308.818270782216
P39625,20276.61761169825
P39630,15163.686516840136
P39631,15163.686516840136
P39634,15200.509861181588
P39635,15163.686516840136
P39636,15163.686516840136
P39640,15163.686516840136
P39641,15163.686516840136
P39642,15163.686516840136
P39643,15163.686516840136
P39767,183227.44902627615
P39821,11060.086004002453
P39935,64141.50808023625
P39956,12039.912228201869
P39959,22185.546842369946
P39965,63805.373196060013
P39966,24172.914136238651
P39967,63805.373196060013
P39972,63805.373196060013
P40029,64646.937407975092
P40057,13184.929484815901
P40231,11032.861522526237
P40453,10870.989677215326
P40484,10886.188297557865
P40855,11081.055119268054
P40856,11081.055119268054
P40857,11081.055119268054
P41061,74060.704302171987
P41201,11286.924212303824
P41218,18477.363987235582
P41480,11286.924212303824
P41745,11100.288364844955
P41747,11100.288364844955
P41763,11109.19782465432
P41777,10985.327029683362
P41852,11010.141822684673
P41854,11010.141822684673
P41856,11010.141822684673
P41864,11075.086976572158
P41865,11075.086976572158
P41943,11190.048311733755
P41944,11190.048311733755
P41945,11190.048311733755
P42113,186524.69130134152
P42172,75643.29358327901
P42174,75643.29358327901
P42176,75643.29358327901
P42276,10970.326057113656
P42293,10970.326057113656
P42311,15407.733834418665
P42375,15873.264803249183
P42386,15559.518513921712
P42407,15872.579276907411
P42422,15873.264803249183
P42424,15407.733834418665
P42428,15407.733834418665
P42724,21978.016543387072
P42908,10828.108011865166
P42974,10828.108011865166
P42975,12837.928320869289
P42977,10828.108011865166
P43038,74369.338651260463
P43076,75643.29358327901
P43113,12905.588447722686
P43144,10874.264013499291
P43171,10828.108011865166
P43175,12837.928320869289
P43179,10874.264013499291
P43348,186524.69130134152
P43551,173991.84405005421
P43555,18171.236941755171
P43557,16580.220618150284
P43576,175078.35546899604
P43577,175078.35546899604
P43578,175078.35546899604
P43596,173991.84405005421
P43597,173991.84405005421
P43600,173991.84405005421
P43625,186490.88303500428
P43626,176714.79984809889
P43628,14750.540552979546
P43657,59705.949067745278
P43664,60540.391183004758
P43665,60540.391183004758
P43670,18388.524565030515
P43675,70320.205870571124
P43746,18305.152378119099
P43749,188729.4124784648
P43753,34447.482312889333
P43755,185952.55887118541
P43760,188191.08831464592
P43765,70729.113258459576
P43766,72311.702539566599
P43768,72311.702539566599
P43771,70729.113258459576
P43772,34119.523981327089
P43773,34119.523981327089
P43780,15367.36467513654
P43787,15316.679339826944
P43790,18557.308029437128
P43794,17283.186927167997
P43845,15283.903352772049
P43907,17999.69190043494
P43993,18023.586304173437
P44005,187188.45305820263
P44008,187188.45305820263
P44009,187188.45305820263
P44014,70729.113258459576
P44036,18305.152378119099
P01003,16362.059426954002
P01005,15972.521931755766
P01011,40401.409438679926
P01032,16097.028443514264
P01057,16097.028443514264
P01062,36838.449473405009
P01064,14109.50789383948
P01065,41034.898748610962
P01114,15972.521931755766
P01115,15972.521931755766
P01193,15940.566292694895
P01205,40700.766123762784
P01249,19040.734382337418
P01261,37704.006932054086
P01277,35644.236448652569
P01331,40700.766123762784
P01386,16271.878616838623
P01401,15464.546329244056
P01407,40700.766123762784
P01558,16271.878616838623
P01572,15641.20960761204
P01595,16362.059426954002
P01603,19340.091067420275
P01645,40735.542063528097
P01650,14109.50789383948
P01761,15972.521931755766
P01857,40700.766123762784
P01874,14109.50789383948
P01945,40700.766123762784
P01985,35644.236448652569
P02005,14408.864578922336
P02009,18709.42205819369
P02087,14109.50789383948
P02144,39171.884710694678
P02146,15698.532338525194
P02162,40700.766123762784
P02263,16362.059426954002
P02274,15690.755650997662
P02319,37404.650246971229
P02347,16095.21533847064
P02404,15940.566292694895
P02428,15940.566292694895
P02504,14408.864578922336
P02526,15972.521931755766
P02533,40700.766123762784
P02611,15521.869060157211
P02650,37704.006932054086
P02683,37704.006932054086
P02697,19040.734382337418
P02700,40401.409438679926
P02712,40700.766123762784
P02733,14408.864578922336
P02745,40735.542063528097
P02845,41034.898748610962
P02862,16387.426518806285
P02920,15972.521931755766
P02937,15972.521931755766
P02977,16065.072804453395
P02998,37404.650246971229
P03024,15940.566292694895
P03058,15972.521931755766
P03080,14109.50789383948
P03088,15641.20960761204
P03195,15940.566292694895
P03217,16387.426518806285
P03218,16362.059426954002
P03226,40735.542063528097
P03260,40700.766123762784
P03278,15972.521931755766
P03335,15821.225745240068
P03394,14408.864578922336
P03398,126124.8655558844
P03415,16088.06983372343
P03451,15972.521931755766
P03477,16080.293146195898
P03491,37404.650246971229
P03619,15972.521931755766
P03623,15641.20960761204
P03652,16387.426518806285
P03665,16330.103787893133
P03738,15972.521931755766
P03774,15464.546329244056
P03834,19340.091067420275
P03854,146234.6730110012
P03888,37404.650246971229
P03895,39241.972353692807
P03906,39241.972353692807
P03919,15940.566292694895
P03939,19008.778743276547
P03943,15940.566292694895
P03946,15641.20960761204
P03949,15641.20960761204
P03965,135691.66787855298
P04003,15795.858653387782
P04047,35644.236448652569
P04077,37899.674001511092
P04078,37704.006932054086
P04082,37404.650246971229
P04124,40401.409438679926
P04131,15521.869060157211
P04144,40700.766123762784
P04165,40700.766123762784
P04247,15972.521931755766
P04252,15972.521931755766
P04259,14478.95222192047
P04327,16271.878616838623
P04337,37704.006932054086
P04400,16271.878616838623
P04410,40700.766123762784
P04433,39241.972353692807
P04451,16362.059426954002
P04481,126124.8655558844
P04536,15972.521931755766
P04559,14109.50789383948
P04583,37704.006932054086
P04635,19340.091067420275
P04705,15641.20960761204
P04764,16362.059426954002
P04864,16030.747102810275
P04962,39171.884710694678
P04969,135123.70151601057
P05102,16362.059426954002
P05126,16271.878616838623
P05278,40700.766123762784
P05313,40700.766123762784
P05329,40700.766123762784
P05342,15795.858653387782
P05446,16271.878616838623
P05449,16271.878616838623
P05450,16661.416112036859
P05457,16362.059426954002
P05559,40401.409438679926
P05588,15698.532338525194
P05609,15698.532338525194
P05618,14446.9965828596
P05669,15972.521931755766
P05759,37404.650246971229
P05760,40700.766123762784
P05764,40700.766123762784
P05765,40700.766123762784
P05767,37704.006932054086
P05787,18766.744789106848
P05799,16362.059426954002
P05814,135123.70151601057
P05829,15940.566292694895
P05950,16271.878616838623
P05979,40700.766123762784
P05991,14109.50789383948
P06014,40401.409438679926
P06025,41034.898748610962
P06050,40700.766123762784
P06062,19008.778743276547
P06177,146765.82839549589
P06199,14109.50789383948
P06213,41034.898748610962
P06282,15795.858653387782
P06300,19008.778743276547
P06395,41034.898748610962
P06396,41034.898748610962
P06397,16271.878616838623
P06921,15972.521931755766
P07079,15972.521931755766
P07098,16362.059426954002
P07102,15795.858653387782
P07265,16271.878616838623
P07266,16271.878616838623
P07287,14478.95222192047
P07409,16362.059426954002
P07541,15464.546329244056
P07603,144589.69518367475
P07611,15795.858653387782
P07612,16362.059426954002
P07621,40700.766123762784
P07954,15972.521931755766
P08111,16362.059426954002
P08139,15391.398965914805
P08154,15972.521931755766
P08185,382285.32572749048
P08236,15690.755650997662
P08840,14109.50789383948
P08848,15972.521931755766
P08878,40401.409438679926
P09113,37404.650246971229
P09155,15641.20960761204
P09207,15690.755650997662
P09254,40401.409438679926
P09305,14778.308907003327
P09307,39541.329038775672
P09599,14109.50789383948
P09742,16271.878616838623
P09743,16271.878616838623
P09812,15821.225745240068
P09813,15821.225745240068
P09864,14778.308907003327
P09866,14408.864578922336
P09867,14109.50789383948
P09868,14109.50789383948
P09869,14109.50789383948
P09871,14778.308907003327
P09872,14778.308907003327
P09873,15391.398965914805
P09874,15391.398965914805
P09876,16271.878616838623
P09877,16271.878616838623
P09878,16271.878616838623
P09879,14778.308907003327
P09880,14408.864578922336
P09881,14408.864578922336
P09882,15972.521931755766
P09883,15972.521931755766
P09884,14109.50789383948
P09885,14109.50789383948
P09886,14408.864578922336
P09888,14109.50789383948
P09889,14408.864578922336
P09890,14109.50789383948
P09892,13654.476028150466
P09893,13654.476028150466
P09894,13654.476028150466
P09895,13654.476028150466
P09896,13654.476028150466
P09899,14147.639897776742
P09903,13778.195569695752
P09905,14147.639897776742
P09923,14109.50789383948
P09926,14109.50789383948
P09927,14109.50789383948
P09931,14109.50789383948
P09934,14109.50789383948
P09936,14109.50789383948
P09938,14109.50789383948
P09944,14109.50789383948
P09945,14109.50789383948
P10182,15821.225745240068
P10316,37704.006932054086
P10543,16271.878616838623
P10545,16271.878616838623
P10546,16271.878616838623
P10547,16271.878616838623
P10549,16271.878616838623
P10550,16271.878616838623
P10551,14408.864578922336
P10552,16271.878616838623
P10553,14408.864578922336
P10555,14408.864578922336
P10566,15972.521931755766
P10572,15972.521931755766
P10608,15698.532338525194
P10679,16387.426518806285
P10827,13778.195569695752
P10876,14408.864578922336
P10896,188764.39411443399
P10898,14109.50789383948
P10974,13778.195569695752
P10975,13778.195569695752
P10976,14135.787875047168
P10978,591352.84204885352
P11038,14109.50789383948
P11042,14109.50789383948
P11043,14109.50789383948
P11044,13654.476028150466
P11045,13654.476028150466
P11046,13654.476028150466
P11050,13654.476028150466
P11052,14109.50789383948
P11053,14109.50789383948
P11054,14109.50789383948
P11062,14109.50789383948
P11063,13654.476028150466
P11064,13654.476028150466
P11066,13654.476028150466
P11067,13654.476028150466
P11068,13654.476028150466
P11072,13654.476028150466
P11073,13654.476028150466
P11148,13654.476028150466
P11193,14109.50789383948
P11216,40735.542063528097
P11237,15641.20960761204
P11354,13778.195569695752
P11355,13778.195569695752
P11358,14109.50789383948
P11528,14408.864578922336
P11616,14478.95222192047
P11617,14478.95222192047
P11618,14478.95222192047
P11620,14408.864578922336
P11621,14778.308907003327
P11821,14109.50789383948
P11899,13778.195569695752
P11906,14109.50789383948
P11997,16271.878616838623
P12110,40700.766123762784
P12177,15997.889023608052
P12228,14135.787875047168
P12248,14077.552254778609
P12255,14077.552254778609
P12258,14077.552254778609
P12265,14446.9965828596
P12341,13778.195569695752
P12343,13778.195569695752
P12344,13778.195569695752
P12345,13778.195569695752
P12375,13778.195569695752
P12461,15641.20960761204
P12493,16271.878616838623
P12494,16271.878616838623
P12497,16271.878616838623
P12499,16271.878616838623
P12500,16271.878616838623
P12501,16271.878616838623
P12525,15641.20960761204
P12527,15641.20960761204
P12529,15641.20960761204
P12632,15698.532338525194
P12653,37704.006932054086
P12668,40700.766123762784
P12713,14408.864578922336
P12941,19340.091067420275
P13195,16271.878616838623
P13390,15940.566292694895
P13434,16661.416112036859
P13604,15940.566292694895
P13610,14109.50789383948
P13643,14109.50789383948
P13671,16271.878616838623
P13693,14147.639897776742
P13702,14077.552254778609
P13745,15997.889023608052
P13856,40700.766123762784
P13920,15972.521931755766
P13921,15972.521931755766
P13925,16271.878616838623
P13927,16271.878616838623
P13928,16271.878616838623
P13929,16271.878616838623
P13931,16271.878616838623
P14013,13778.195569695752
P14080,14478.95222192047
P14082,14478.95222192047
P14121,188196.42775189161
P14223,14077.552254778609
P14275,18709.42205819369
P14341,14109.50789383948
P14364,14109.50789383948
P14375,14109.50789383948
P14392,14109.50789383948
P14434,14109.50789383948
P14435,13654.476028150466
P14436,14109.50789383948
P14440,14408.864578922336
P14442,14408.864578922336
P14446,14408.864578922336
P14448,14408.864578922336
P14451,13654.476028150466
P14452,13654.476028150466
P14455,13654.476028150466
P14458,13654.476028150466
P14459,13654.476028150466
P14463,14109.50789383948
P14466,14109.50789383948
P14468,14109.50789383948
P14469,14109.50789383948
P14473,14109.50789383948
P14476,14478.95222192047
P14477,14109.50789383948
P14479,13778.195569695752
P14481,14109.50789383948
P14487,14109.50789383948
P14488,14109.50789383948
P14550,14408.864578922336
P14552,14408.864578922336
P14553,14408.864578922336
P14556,14109.50789383948
P14559,14109.50789383948
P14560,14109.50789383948
P14562,14109.50789383948
P14563,14109.50789383948
P14575,14109.50789383948
P14576,14109.50789383948
P14577,14109.50789383948
P14584,14109.50789383948
P14585,14109.50789383948
P14608,13778.195569695752
P14609,13778.195569695752
P14610,13778.195569695752
P14616,13778.195569695752
P14635,13778.195569695752
P14637,13778.195569695752
P14638,13323.163704006738
P14640,13323.163704006738
P14657,13654.476028150466
P14661,14109.50789383948
P14662,14109.50789383948
P14663,14109.50789383948
P14664,14478.95222192047
P14665,14109.50789383948
P14666,13654.476028150466
P14669,16271.878616838623
P14672,14778.308907003327
P14674,14778.308907003327
P14679,13778.195569695752
P14742,14109.50789383948
P14753,19340.091067420275
P14780,14109.50789383948
P14786,14109.50789383948
P14787,14109.50789383948
P14808,14109.50789383948
P14809,14109.50789383948
P14810,13654.476028150466
P14814,14147.639897776742
P14860,14109.50789383948
P14865,14109.50789383948
P14871,14109.50789383948
P14901,14109.50789383948
P14918,14109.50789383948
P14923,15464.546329244056
P14926,15464.546329244056
P14947,14077.552254778609
P14952,14077.552254778609
P14953,14077.552254778609
P14955,14778.308907003327
P14957,14408.864578922336
P14959,14408.864578922336
P14960,14408.864578922336
P14961,14408.864578922336
P14962,14778.308907003327
P14963,14778.308907003327
P14964,14778.308907003327
P14965,14778.308907003327
P14966,14778.308907003327
P14967,14778.308907003327
P14971,14135.787875047168
P14972,14135.787875047168
P14973,14135.787875047168
P14974,14408.864578922336
P14975,14408.864578922336
P14977,14778.308907003327
P14980,14778.308907003327
P14985,14778.308907003327
P14988,14135.787875047168
P14989,14135.787875047168
P14991,14135.787875047168
P14992,14135.787875047168
P14994,14135.787875047168
P14995,14135.787875047168
P14996,15521.208362836738
P14997,14778.308907003327
P14998,14135.787875047168
P15000,14778.308907003327
P15001,14778.308907003327
P15002,14778.308907003327
P15004,14408.864578922336
P15006,14778.308907003327
P15008,14778.308907003327
P15009,14778.308907003327
P15011,14778.308907003327
P15014,14408.864578922336
P15015,14077.552254778609
P15017,14077.552254778609
P15070,15391.398965914805
P15071,16271.878616838623
P15072,16271.878616838623
P15073,16271.878616838623
P15083,184971.21292753759
P15133,14109.50789383948
P15148,14109.50789383948
P15151,14109.50789383948
P15153,14109.50789383948
P15178,14147.639897776742
P15179,14147.639897776742
P15181,14147.639897776742
P15234,13778.195569695752
P15236,13778.195569695752
P15237,13778.195569695752
P15243,37704.006932054086
P15256,40700.766123762784
P15258,14408.864578922336
P15260,14408.864578922336
P15261,14408.864578922336
P15263,14408.864578922336
P15264,16271.878616838623
P15265,14778.308907003327
P15267,16271.878616838623
P15269,16271.878616838623
P15270,16271.878616838623
P15272,16271.878616838623
P15279,14408.864578922336
P15280,14408.864578922336
P15282,14408.864578922336
P15302,16271.878616838623
P15305,16271.878616838623
P15307,16271.878616838623
P15308,16271.878616838623
P15325,14147.639897776742
P15341,14147.639897776742
P15343,14147.639897776742
P15344,14147.639897776742
P15345,14147.639897776742
P15347,13778.195569695752
P15364,14077.552254778609
P15366,13323.163704006738
P15413,14109.50789383948
P15416,14109.50789383948
P15417,14109.50789383948
P15422,14408.864578922336
P15423,14408.864578922336
P15424,14408.864578922336
P15431,14109.50789383948
P15433,14109.50789383948
P15434,14109.50789383948
P15443,14109.50789383948
P15444,14109.50789383948
P15483,14109.50789383948
P15487,14109.50789383948
P15488,14109.50789383948
P15511,13778.195569695752
P15512,14109.50789383948
P15519,14109.50789383948
P15520,14109.50789383948
P15521,14109.50789383948
P15522,14109.50789383948
P15523,14109.50789383948
P15536,14446.9965828596
P15537,14446.9965828596
P15541,13778.195569695752
P15542,13778.195569695752
P15544,14147.639897776742
P15545,13778.195569695752
P15546,14147.639897776742
P15547,14147.639897776742
P15548,15997.889023608052
P15556,13778.195569695752
P15586,14109.50789383948
P15587,14109.50789383948
P15588,14109.50789383948
P15836,14109.50789383948
P15876,14478.95222192047
P15880,14077.552254778609
P15881,14077.552254778609
P15883,40700.766123762784
P15948,14408.864578922336
P15949,14408.864578922336
P15951,16271.878616838623
P15952,14408.864578922336
P15956,14533.371090680836
P15964,14408.864578922336
P15966,16271.878616838623
P15968,16271.878616838623
P15971,16271.878616838623
P15974,16271.878616838623
P15976,16271.878616838623
P15978,14778.308907003327
P15981,14533.371090680836
P16058,13778.195569695752
P16059,14109.50789383948
P16061,188764.39411443399
P16069,14478.95222192047
P16071,14478.95222192047
P16072,14778.308907003327
P16073,14778.308907003327
P16085,14478.95222192047
P16148,13654.476028150466
P16150,13654.476028150466
P16152,13654.476028150466
P16153,14109.50789383948
P16239,13778.195569695752
P16242,14109.50789383948
P16370,13778.195569695752
P16379,14109.50789383948
P16389,15641.20960761204
P16391,16271.878616838623
P16408,15972.521931755766
P16422,14109.50789383948
P16434,14077.552254778609
P16436,14077.552254778609
P16467,14109.50789383948
P16468,14478.95222192047
P16469,14478.95222192047
P16472,15972.521931755766
P16476,15972.521931755766
P16477,15972.521931755766
P16478,16271.878616838623
P16480,16271.878616838623
P16483,16271.878616838623
P16484,14778.308907003327
P16485,14778.308907003327
P16523,13778.195569695752
P16568,14109.50789383948
P16606,15521.208362836738
P16607,15521.208362836738
P16608,15521.208362836738
P16659,19340.091067420275
P16667,14109.50789383948
P16670,14109.50789383948
P16676,16271.878616838623
P16677,16271.878616838623
P16689,16661.416112036859
P16822,14077.552254778609
P16825,14109.50789383948
P16827,14135.787875047168
P16897,16271.878616838623
P17012,14109.50789383948
P17042,16271.878616838623
P17124,14077.552254778609
P17185,14109.50789383948
P17219,15972.521931755766
P17221,16271.878616838623
P17222,16271.878616838623
P17225,16271.878616838623
P17235,15972.521931755766
P17490,14408.864578922336
P17494,14408.864578922336
P17646,14478.95222192047
P17686,13778.195569695752
P17688,14109.50789383948
P17690,14109.50789383948
P17691,14109.50789383948
P17692,14109.50789383948
P17695,14109.50789383948
P17697,16396.385128597121
P17698,16097.028443514264
P17771,14109.50789383948
P17772,14109.50789383948
P17773,14109.50789383948
P17876,14446.9965828596
P17877,13778.195569695752
P17879,13778.195569695752
P17882,13778.195569695752
P17884,14109.50789383948
P17886,13654.476028150466
P17888,14109.50789383948
P17890,14109.50789383948
P17892,14109.50789383948
P17901,13654.476028150466
P17910,14077.552254778609
P18090,16396.385128597121
P18208,14109.50789383948
P18280,14408.864578922336
P18313,14408.864578922336
P18318,13654.476028150466
P18320,16271.878616838623
P18321,16271.878616838623
P18323,16271.878616838623
P18327,13654.476028150466
P18329,13654.476028150466
P18330,13654.476028150466
P18335,13654.476028150466
P18419,14109.50789383948
P18420,14109.50789383948
P18422,14109.50789383948
P18424,14109.50789383948
P18425,14109.50789383948
P18448,14109.50789383948
P18449,14109.50789383948
P18450,14109.50789383948
P18572,13654.476028150466
P18573,13654.476028150466
P18575,13654.476028150466
P18583,13654.476028150466
P18653,13778.195569695752
P18699,14778.308907003327
P18767,15641.20960761204
P18808,14135.787875047168
P18809,14135.787875047168
P18817,135691.66787855298
P18869,14109.50789383948
P18949,14109.50789383948
P18994,40700.766123762784
P19016,15972.521931755766
P19019,15972.521931755766
P19020,15972.521931755766
P19065,14109.50789383948
P19157,14109.50789383948
P19176,14109.50789383948
P19179,14109.50789383948
P19182,14109.50789383948
P19185,14109.50789383948
P19188,14109.50789383948
P19190,14109.50789383948
P19198,16271.878616838623
P19220,16396.385128597121
P19233,16396.385128597121
P19236,14408.864578922336
P19294,16271.878616838623
P19312,40700.766123762784
P19403,145343.70108154428
P19525,15940.566292694895
P19528,15940.566292694895
P19610,19340.091067420275
P20081,13778.195569695752
P20082,13778.195569695752
P20167,14077.552254778609
P20168,14077.552254778609
P20171,14446.9965828596
P20172,14446.9965828596
P20177,14446.9965828596
P20193,14077.552254778609
P20194,14077.552254778609
P20195,14077.552254778609
P20196,14147.639897776742
P20197,14147.639897776742
P20200,14147.639897776742
P20201,14147.639897776742
P20203,14147.639897776742
P20204,15060.08664177108
P20206,15060.08664177108
P20208,14147.639897776742
P20209,14147.639897776742
P20211,14147.639897776742
P20224,13778.195569695752
P20226,14147.639897776742
P20227,14147.639897776742
P20231,13778.195569695752
P20232,13778.195569695752
P20233,14147.639897776742
P20235,14147.639897776742
P20238,14109.50789383948
P20278,14109.50789383948
P20279,14109.50789383948
P20282,14109.50789383948
P20290,14109.50789383948
P20297,13654.476028150466
P20306,13654.476028150466
P20322,14109.50789383948
P20325,14109.50789383948
P20331,14109.50789383948
P20348,15972.521931755766
P20354,13654.476028150466
P20356,13654.476028150466
P20359,13654.476028150466
P20360,13654.476028150466
P20361,13654.476028150466
P20365,14109.50789383948
P20366,14109.50789383948
P20370,13654.476028150466
P20371,13654.476028150466
P20376,13654.476028150466
P20377,13654.476028150466
P20426,15972.521931755766
P20463,15972.521931755766
P20575,14109.50789383948
P20581,14109.50789383948
P20583,14109.50789383948
P20587,14109.50789383948
P20591,14109.50789383948
P20631,14408.864578922336
P20650,41034.898748610962
P20675,14109.50789383948
P20698,13778.195569695752
P20703,13778.195569695752
P20721,13778.195569695752
P20758,16271.878616838623
P20779,16271.878616838623
P20810,14408.864578922336
P20820,13778.195569695752
P20821,14778.308907003327
P20822,16271.878616838623
P20824,16271.878616838623
P20842,14077.552254778609
P20863,14109.50789383948
P20864,14109.50789383948
P21043,14077.552254778609
P21045,14077.552254778609
P21052,14778.308907003327
P21055,15391.398965914805
P21125,14109.50789383948
P21411,19340.091067420275
P21416,19340.091067420275
P21447,14408.864578922336
P21448,14408.864578922336
P21461,135691.66787855298
P21466,14408.864578922336
P21468,14077.552254778609
P21503,236383.25182123561
P21549,14109.50789383948
P21585,14109.50789383948
P21622,13778.195569695752
P21634,13778.195569695752
P21640,13778.195569695752
P21721,16271.878616838623
P21725,14109.50789383948
P21726,14109.50789383948
P21727,14109.50789383948
P21734,14109.50789383948
P21741,14109.50789383948
P21764,14109.50789383948
P21769,14109.50789383948
P21806,19340.091067420275
P21904,13654.476028150466
P21906,14109.50789383948
P21909,13654.476028150466
P21913,13654.476028150466
P21914,13654.476028150466
P21917,13654.476028150466
P21919,13654.476028150466
P21920,13654.476028150466
P21925,13654.476028150466
P21937,14109.50789383948
P21943,14109.50789383948
P21945,14109.50789383948
P21951,14109.50789383948
P21953,14109.50789383948
P21954,14109.50789383948
P21965,13654.476028150466
P21968,14109.50789383948
P21972,13654.476028150466
P21976,14109.50789383948
P21978,14109.50789383948
P21980,14109.50789383948
P22010,14147.639897776742
P22011,13778.195569695752
P22012,13778.195569695752
P22014,13778.195569695752
P22015,14147.639897776742
P22018,15060.08664177108
P22020,14147.639897776742
P22021,15060.08664177108
P22024,14147.639897776742
P22027,14147.639897776742
P22028,14147.639897776742
P22029,14147.639897776742
P22030,14147.639897776742
P22031,14147.639897776742
P22033,14147.639897776742
P22037,14147.639897776742
P22038,14147.639897776742
P22085,14109.50789383948
P22744,14778.308907003327
P23001,14109.50789383948
P23142,14109.50789383948
P23258,14109.50789383948
P23277,40700.766123762784
P23454,14408.864578922336
P23596,15641.20960761204
P23622,14478.95222192047
P23632,14109.50789383948
P23636,14109.50789383948
P23637,13778.195569695752
P23728,13654.476028150466
P23730,13654.476028150466
P23731,13654.476028150466
P23732,13654.476028150466
P23734,16271.878616838623
P23740,14109.50789383948
P23744,14109.50789383948
P23747,14109.50789383948
P23748,14109.50789383948
P23843,14109.50789383948
P23870,14109.50789383948
P23981,15641.20960761204
P24129,14109.50789383948
P24130,14109.50789383948
P24131,14109.50789383948
P24152,14109.50789383948
P24227,13654.476028150466
P24243,14109.50789383948
P24244,14109.50789383948
P24245,14109.50789383948
P24247,14109.50789383948
P24248,14109.50789383948
P24249,14109.50789383948
P24250,14109.50789383948
P24251,14109.50789383948
P24252,14109.50789383948
P24254,14109.50789383948
P24255,14109.50789383948
P24256,14109.50789383948
P24258,13778.195569695752
P24259,13778.195569695752
P24261,13778.195569695752
P24263,13778.195569695752
P24264,13778.195569695752
P24265,13778.195569695752
P24268,13778.195569695752
P24269,13778.195569695752
P24270,14109.50789383948
P24271,13778.195569695752
P24273,13778.195569695752
P24274,14109.50789383948
P24275,13778.195569695752
P24372,14109.50789383948
P24380,14109.50789383948
P24383,14109.50789383948
P24420,14109.50789383948
P24454,14109.50789383948
P24466,37704.006932054086
P24732,184100.48803510811
P25331,14109.50789383948
P25333,14109.50789383948
P25509,15972.521931755766
P25510,40735.542063528097
P25511,15972.521931755766
P25553,19340.091067420275
P25558,19340.091067420275
P25563,37137.806158487867
P25576,37404.650246971229
P25689,14109.50789383948
P25951,15641.20960761204
P26022,14077.552254778609
P26202,15997.889023608052
P26522,14778.308907003327
P26524,15521.208362836738
P26537,14109.50789383948
P26538,14109.50789383948
P26539,14109.50789383948
P26541,13778.195569695752
P26605,14109.50789383948
P26640,14109.50789383948
P26679,14147.639897776742
P26688,13778.195569695752
P26731,14778.308907003327
P26736,15972.521931755766
P26754,14147.639897776742
P26758,14147.639897776742
P26798,15972.521931755766
P26855,15972.521931755766
P26929,14109.50789383948
P27290,13654.476028150466
P27291,13654.476028150466
P27292,13654.476028150466
P27293,13654.476028150466
P27294,13654.476028150466
P27297,15391.398965914805
P27298,15391.398965914805
P27301,14109.50789383948
P27302,14109.50789383948
P27305,13654.476028150466
P27397,14408.864578922336
P27419,14109.50789383948
P27440,14478.95222192047
P27441,14478.95222192047
P27443,14109.50789383948
P27499,14533.371090680836
P27501,14533.371090680836
P27502,16271.878616838623
P27503,16271.878616838623
P27506,16271.878616838623
P27507,14778.308907003327
P27509,14778.308907003327
P27510,14408.864578922336
P27512,14778.308907003327
P27515,16271.878616838623
P27520,14408.864578922336
P27522,14408.864578922336
P27539,14408.864578922336
P27540,14408.864578922336
P27542,14408.864578922336
P27543,14408.864578922336
P27546,14408.864578922336
P27548,14408.864578922336
P27549,14408.864578922336
P27551,14408.864578922336
P27554,14408.864578922336
P27557,14408.864578922336
P27558,14533.371090680836
P27559,14408.864578922336
P27562,14533.371090680836
P27563,14533.371090680836
P27564,14533.371090680836
P27575,14408.864578922336
P27576,14408.864578922336
P27579,14408.864578922336
P27583,14478.95222192047
P27584,14109.50789383948
P27585,14478.95222192047
P27589,16271.878616838623
P27597,14778.308907003327
P27599,16271.878616838623
P27601,16271.878616838623
P27602,14408.864578922336
P27604,14408.864578922336
P27605,14408.864578922336
P27606,14408.864578922336
P27610,14778.308907003327
P27611,16271.878616838623
P27613,16271.878616838623
P27614,16271.878616838623
P27615,14408.864578922336
P27617,14408.864578922336
P27618,14408.864578922336
P27622,14408.864578922336
P27625,14408.864578922336
P27626,14408.864578922336
P27629,14408.864578922336
P27630,14408.864578922336
P27652,15698.532338525194
P27683,14408.864578922336
P27809,14478.95222192047
P27824,14109.50789383948
P27826,14109.50789383948
P27830,14109.50789383948
P27831,14109.50789383948
P27832,14109.50789383948
P27837,14109.50789383948
P28449,14109.50789383948
P28450,13778.195569695752
P28452,13778.195569695752
P28454,14109.50789383948
P28455,14109.50789383948
P28456,13778.195569695752
P28457,13778.195569695752
P28458,14109.50789383948
P28460,13778.195569695752
P28470,13778.195569695752
P28471,13778.195569695752
P28474,13778.195569695752
P28475,13778.195569695752
P28479,14147.639897776742
P28481,14147.639897776742
P28486,14446.9965828596
P28487,14446.9965828596
P28490,14446.9965828596
P28491,14408.864578922336
P28500,14109.50789383948
P28508,14109.50789383948
P28514,14109.50789383948
P28520,14109.50789383948
P28522,14109.50789383948
P28524,14109.50789383948
P28528,14109.50789383948
P28530,14109.50789383948
P28553,14109.50789383948
P28556,14109.50789383948
P28557,14109.50789383948
P28558,14109.50789383948
P28560,14109.50789383948
P28563,13778.195569695752
P28574,14109.50789383948
P28583,14109.50789383948
P28596,14109.50789383948
P28644,14109.50789383948
P28691,13778.195569695752
P28703,14109.50789383948
P28715,14109.50789383948
P28717,14109.50789383948
P28718,14109.50789383948
P28719,14109.50789383948
P28733,14109.50789383948
P28734,14109.50789383948
P28744,14408.864578922336
P28745,14408.864578922336
P28746,14408.864578922336
P28812,14077.552254778609
P28813,14077.552254778609
P28815,14446.9965828596
P28820,13804.475550903438
P28821,13804.475550903438
P28822,13804.475550903438
P28824,14077.552254778609
P28826,14077.552254778609
P28828,14077.552254778609
P28829,14077.552254778609
P28830,14077.552254778609
P28831,14077.552254778609
P28846,13778.195569695752
P28847,13778.195569695752
P28850,13778.195569695752
P28851,13778.195569695752
P28852,13778.195569695752
P28853,13778.195569695752
P28855,14147.639897776742
P28856,13778.195569695752
P28858,14147.639897776742
P28860,14147.639897776742
P28956,16271.878616838623
P28960,14778.308907003327
P28964,14408.864578922336
P28966,14778.308907003327
P28967,14778.308907003327
P28968,14778.308907003327
P28969,16271.878616838623
P29036,14408.864578922336
P29044,14408.864578922336
P29046,14408.864578922336
P29049,13953.832713233323
P29052,13953.832713233323
P29060,14408.864578922336
P29061,14408.864578922336
P29068,14408.864578922336
P29069,14408.864578922336
P29070,14408.864578922336
P29071,14408.864578922336
P29072,14408.864578922336
P29075,14408.864578922336
P29076,14408.864578922336
P29077,14408.864578922336
P29078,14408.864578922336
P29079,16271.878616838623
P29080,16271.878616838623
P29081,16271.878616838623
P29082,14408.864578922336
P29084,14408.864578922336
P29086,14408.864578922336
P29088,14408.864578922336
P29089,14408.864578922336
P29090,14408.864578922336
P29092,14408.864578922336
P29093,14408.864578922336
P29094,14408.864578922336
P29095,14408.864578922336
P29098,14408.864578922336
P29099,16271.878616838623
P29102,14778.308907003327
P29103,14778.308907003327
P29108,14778.308907003327
P29111,37704.006932054086
P29154,14109.50789383948
P29156,14109.50789383948
P29157,14109.50789383948
P29158,14109.50789383948
P29160,14109.50789383948
P29161,14109.50789383948
P29162,14109.50789383948
P29163,14109.50789383948
P29164,14109.50789383948
P29165,14109.50789383948
P29166,14109.50789383948
P29167,14109.50789383948
P29168,13778.195569695752
P29169,14109.50789383948
P29170,14109.50789383948
P29171,14109.50789383948
P29174,13778.195569695752
P29175,13778.195569695752
P29177,13778.195569695752
P29178,13778.195569695752
P29179,13778.195569695752
P29182,13778.195569695752
P29185,13778.195569695752
P29186,13778.195569695752
P29187,13778.195569695752
P29188,13778.195569695752
P29189,13778.195569695752
P29191,13778.195569695752
P29194,13778.195569695752
P29195,13778.195569695752
P29222,14147.639897776742
P29223,13778.195569695752
P29226,13778.195569695752
P29227,13778.195569695752
P29228,13778.195569695752
P29229,14147.639897776742
P29326,14077.552254778609
P29338,14778.308907003327
P29339,16271.878616838623
P29340,16271.878616838623
P29342,16271.878616838623
P29343,16271.878616838623
P29347,15391.398965914805
P29391,14778.308907003327
P29395,14077.552254778609
P29396,15521.208362836738
P29397,14778.308907003327
P29398,14408.864578922336
P29399,184403.24656499515
P29402,14778.308907003327
P29405,14778.308907003327
P29406,15521.208362836738
P29407,14778.308907003327
P29408,14778.308907003327
P29409,14778.308907003327
P29410,14778.308907003327
P29425,14778.308907003327
P29427,14778.308907003327
P29428,14408.864578922336
P29429,184403.24656499515
P29430,14778.308907003327
P29431,14778.308907003327
P29433,15521.208362836738
P29434,15521.208362836738
P29435,15521.208362836738
P29436,14135.787875047168
P29437,15521.208362836738
P29438,14135.787875047168
P29441,14135.787875047168
P29442,452156.18478733138
P29445,14135.787875047168
P29450,14135.787875047168
P29458,14778.308907003327
P29459,14778.308907003327
P29460,14778.308907003327
P29473,14778.308907003327
P29474,14778.308907003327
P29475,184403.24656499515
P29477,14778.308907003327
P29478,14778.308907003327
P29481,14135.787875047168
P29486,14408.864578922336
P29487,14408.864578922336
P29489,14778.308907003327
P29491,14408.864578922336
P29492,14135.787875047168
P29493,14135.787875047168
P29494,14135.787875047168
P29497,14135.787875047168
P29498,591352.84204885352
P29499,14135.787875047168
P29502,14135.787875047168
P29503,14135.787875047168
P29506,14135.787875047168
P29509,14408.864578922336
P29510,14778.308907003327
P29511,14778.308907003327
P29512,14778.308907003327
P29514,14778.308907003327
P29515,14778.308907003327
P29517,14778.308907003327
P29518,14778.308907003327
P29519,14778.308907003327
P29522,14778.308907003327
P29523,14778.308907003327
P29528,14778.308907003327
P29529,14778.308907003327
P29531,14778.308907003327
P29532,14778.308907003327
P29533,14778.308907003327
P29534,14778.308907003327
P29536,14778.308907003327
P29537,14778.308907003327
P29538,14408.864578922336
P29539,14408.864578922336
P29540,14408.864578922336
P29542,14077.552254778609
P29544,14446.9965828596
P29546,14778.308907003327
P29547,14408.864578922336
P29548,14147.639897776742
P29549,14147.639897776742
P29550,14147.639897776742
P29551,14147.639897776742
P29554,14077.552254778609
P29556,14077.552254778609
P29557,14077.552254778609
P29559,14077.552254778609
P29562,14077.552254778609
P29563,14077.552254778609
P29564,14077.552254778609
P29566,14077.552254778609
P29567,14077.552254778609
P29568,14077.552254778609
P29590,14109.50789383948
P29598,14109.50789383948
P29600,14109.50789383948
P29604,14109.50789383948
P29647,14109.50789383948
P29659,14109.50789383948
P29671,14109.50789383948
P29673,14109.50789383948
P29676,14109.50789383948
P29690,14109.50789383948
P29698,14077.552254778609
P29699,14077.552254778609
P29701,14077.552254778609
P29756,15940.566292694895
P29794,13654.476028150466
P29795,14109.50789383948
P29796,14109.50789383948
P29820,14408.864578922336
P29822,14408.864578922336
P29842,14109.50789383948
P29851,14109.50789383948
P29853,14109.50789383948
P29856,14109.50789383948
P29862,14109.50789383948
P29925,40700.766123762784
P30010,14077.552254778609
P30024,13778.195569695752
P30034,16271.878616838623
P30035,16271.878616838623
P30042,15391.398965914805
P30046,14109.50789383948
P30050,14478.95222192047
P30052,14109.50789383948
P30053,14109.50789383948
P30085,13323.163704006738
P30086,13323.163704006738
P30089,13323.163704006738
P30090,13323.163704006738
P30092,13323.163704006738
P30093,13323.163704006738
P30094,13323.163704006738
P30095,13323.163704006738
P30097,13323.163704006738
P30100,14077.552254778609
P30101,14077.552254778609
P30103,13778.195569695752
P30104,14077.552254778609
P30105,14077.552254778609
P30107,13778.195569695752
P30108,13778.195569695752
P30109,13778.195569695752
P30112,13778.195569695752
P30114,13778.195569695752
P30116,14077.552254778609
P30117,13778.195569695752
P30118,13778.195569695752
P30121,13778.195569695752
P30133,13323.163704006738
P30134,13323.163704006738
P30135,13323.163704006738
P30136,13778.195569695752
P30138,13778.195569695752
P30146,14109.50789383948
P30149,14109.50789383948
P30150,14778.308907003327
P30152,13778.195569695752
P30154,14778.308907003327
P30155,14408.864578922336
P30156,14408.864578922336
P30158,14778.308907003327
P30160,14408.864578922336
P30161,14778.308907003327
P30162,14778.308907003327
P30164,14778.308907003327
P30166,14778.308907003327
P30167,15521.208362836738
P30168,184971.21292753759
P30169,14778.308907003327
P30170,14778.308907003327
P30173,14778.308907003327
P30174,14408.864578922336
P30175,14408.864578922336
P30176,14408.864578922336
P30178,14135.787875047168
P30180,14077.552254778609
P30181,13778.195569695752
P30182,14408.864578922336
P30185,13804.475550903438
P30186,14135.787875047168
P30187,14135.787875047168
P30189,14135.787875047168
P30191,14135.787875047168
P30192,14135.787875047168
P30193,15521.208362836738
P30195,15521.208362836738
P30198,15521.208362836738
P30199,15521.208362836738
P30200,14135.787875047168
P30201,14135.787875047168
P30203,15521.208362836738
P30204,14135.787875047168
P30205,14778.308907003327
P30207,14408.864578922336
P30249,14109.50789383948
P30250,14109.50789383948
P30269,14778.308907003327
P30270,14778.308907003327
P30271,14778.308907003327
P30273,14408.864578922336
P30274,14778.308907003327
P30275,14408.864578922336
P30277,14408.864578922336
P30278,14408.864578922336
P30285,14408.864578922336
P30287,14109.50789383948
P30288,14109.50789383948
P30289,14109.50789383948
P30290,14109.50789383948
P30292,14109.50789383948
P30399,14109.50789383948
P30400,14109.50789383948
P30402,14109.50789383948
P30403,14109.50789383948
P30404,14109.50789383948
P30405,14109.50789383948
P30406,14109.50789383948
P30408,14109.50789383948
P30409,14109.50789383948
P30410,13778.195569695752
P30411,13778.195569695752
P30412,13323.163704006738
P30414,13778.195569695752
P30416,13778.195569695752
P30418,13778.195569695752
P30420,13778.195569695752
P30424,14109.50789383948
P30425,14109.50789383948
P30426,14109.50789383948
P30429,14109.50789383948
P30431,14109.50789383948
P30432,14109.50789383948
P30433,14109.50789383948
P30434,14109.50789383948
P30437,14109.50789383948
P30438,14109.50789383948
P30439,14109.50789383948
P30440,14109.50789383948
P30441,14109.50789383948
P30442,14109.50789383948
P30443,14109.50789383948
P30445,14109.50789383948
P30449,14109.50789383948
P30451,14109.50789383948
P30452,14109.50789383948
P30454,14109.50789383948
P30455,14109.50789383948
P30458,14109.50789383948
P30459,14109.50789383948
P30460,14109.50789383948
P30463,14408.864578922336
P30464,14408.864578922336
P30468,14408.864578922336
P30473,14109.50789383948
P30478,14778.308907003327
P30479,14408.864578922336
P30482,14778.308907003327
P30483,16271.878616838623
P30484,14109.50789383948
P30489,14109.50789383948
P30495,14408.864578922336
P30496,14408.864578922336
P30497,14408.864578922336
P30499,14408.864578922336
P30502,13654.476028150466
P30503,13654.476028150466
P30505,13654.476028150466
P30514,14109.50789383948
P30515,13323.163704006738
P30516,13778.195569695752
P30517,13778.195569695752
P30518,13778.195569695752
P30519,13323.163704006738
P30520,13323.163704006738
P30522,13654.476028150466
P30523,13654.476028150466
P30525,13654.476028150466
P30527,13654.476028150466
P30528,13654.476028150466
P30531,13323.163704006738
P30532,13323.163704006738
P30533,13654.476028150466
P30534,13654.476028150466
P30537,13654.476028150466
P30545,14109.50789383948
P30571,14109.50789383948
P30639,14109.50789383948
P30643,14109.50789383948
P30666,14109.50789383948
P30679,14109.50789383948
P30681,14109.50789383948
P30684,14109.50789383948
P30691,14109.50789383948
P30692,14109.50789383948
P30706,14478.95222192047
P30709,14109.50789383948
P30715,14109.50789383948
P30717,14109.50789383948
P30758,14109.50789383948
P30842,15795.858653387782
P30870,15972.521931755766
P30872,15972.521931755766
P30912,15795.858653387782
P31067,14109.50789383948
P31077,14109.50789383948
P31123,14408.864578922336
P31229,14109.50789383948
P31230,14478.95222192047
P31232,14478.95222192047
P31329,13778.195569695752
P31345,13778.195569695752
P31347,13778.195569695752
P31461,16271.878616838623
P31464,15972.521931755766
P31466,15972.521931755766
P31513,40700.766123762784
P31591,14446.9965828596
P31598,14077.552254778609
P31614,15940.566292694895
P31618,15940.566292694895
P31652,15997.889023608052
P31691,37704.006932054086
P31692,37704.006932054086
P31713,15940.566292694895
P31720,16271.878616838623
P31721,15940.566292694895
P31785,37704.006932054086
P31806,14109.50789383948
P31851,16271.878616838623
P31998,135691.66787855298
P32151,16030.747102810275
P32196,40700.766123762784
P32219,16661.416112036859
P32229,16661.416112036859
P32250,37704.006932054086
P32255,40700.766123762784
P32320,16396.385128597121
P32955,14408.864578922336
P33551,14109.50789383948
P33588,14109.50789383948
P33754,14109.50789383948
P33890,14408.864578922336
P33891,14408.864578922336
P33939,40401.409438679926
P34122,15940.566292694895
P34204,13932.844615471497
P34300,16271.878616838623
P34301,16271.878616838623
P34303,16271.878616838623
P34304,16271.878616838623
P34305,16271.878616838623
P34306,16271.878616838623
P34307,16271.878616838623
P34309,16271.878616838623
P34310,16271.878616838623
P34312,16271.878616838623
P34313,16271.878616838623
P34315,16271.878616838623
P34317,16271.878616838623
P34318,16271.878616838623
P34319,16271.878616838623
P34320,16271.878616838623
P34321,16271.878616838623
P34324,16271.878616838623
P34326,16271.878616838623
P34327,16271.878616838623
P34332,16271.878616838623
P34333,16271.878616838623
P34334,16271.878616838623
P34335,16271.878616838623
P34337,16271.878616838623
P34338,16271.878616838623
P34339,16271.878616838623
P34340,14408.864578922336
P34341,14408.864578922336
P34342,14533.371090680836
P34344,14408.864578922336
P34345,14408.864578922336
P34347,14408.864578922336
P34348,14408.864578922336
P34350,16271.878616838623
P34351,14408.864578922336
P34352,16271.878616838623
P34373,16271.878616838623
P34374,16271.878616838623
P34375,16271.878616838623
P34381,14778.308907003327
P34388,16271.878616838623
P34389,16271.878616838623
P34390,16271.878616838623
P34392,15641.20960761204
P34451,15641.20960761204
P34470,15641.20960761204
P34473,15641.20960761204
P34475,15641.20960761204
P34545,14778.308907003327
P34548,14778.308907003327
P34578,13778.195569695752
P34664,14109.50789383948
P34722,14109.50789383948
P34892,16271.878616838623
P34894,15972.521931755766
P35464,188764.39411443399
P35694,15391.398965914805
P36063,15997.889023608052
P36072,15698.532338525194
P36075,15698.532338525194
P36077,15698.532338525194
P36105,14109.50789383948
P36106,14109.50789383948
P36115,14109.50789383948
P36119,15641.20960761204
P36327,15698.532338525194
P36414,14408.864578922336
P36415,15391.398965914805
P36416,14478.95222192047
P36419,14408.864578922336
P36421,16271.878616838623
P36422,14778.308907003327
P36423,14778.308907003327
P36425,14778.308907003327
P36454,19340.091067420275
P36619,15972.521931755766
P36772,14109.50789383948
P36829,14109.50789383948
P36835,14109.50789383948
P36838,14109.50789383948
P36863,14109.50789383948
P36896,16271.878616838623
P36898,145343.70108154428
P36899,16271.878616838623
P37112,14109.50789383948
P37115,14109.50789383948
P37118,14109.50789383948
P37141,13778.195569695752
P37145,14109.50789383948
P37157,13778.195569695752
P37421,14778.308907003327
P37422,14778.308907003327
P37423,14778.308907003327
P37425,14778.308907003327
P37426,14778.308907003327
P37427,14778.308907003327
P37428,14778.308907003327
P37697,13778.195569695752
P38347,14408.864578922336
P38411,14408.864578922336
P38454,14778.308907003327
P38456,14778.308907003327
P38457,184403.24656499515
P38458,14778.308907003327
P38459,14778.308907003327
P38460,14778.308907003327
P38462,14778.308907003327
P38467,14109.50789383948
P38468,13654.476028150466
P38472,14109.50789383948
P38537,15972.521931755766
P38567,15997.889023608052
P38709,13654.476028150466
P38711,13654.476028150466
P38712,13654.476028150466
P38713,13654.476028150466
P38714,13654.476028150466
P38715,13654.476028150466
P38718,13654.476028150466
P38720,14109.50789383948
P38722,14109.50789383948
P38723,14109.50789383948
P38727,14109.50789383948
P38729,14109.50789383948
P38733,14109.50789383948
P38734,14109.50789383948
P38735,14109.50789383948
P38737,14109.50789383948
P38740,14109.50789383948
P38741,14109.50789383948
P38744,14109.50789383948
P38745,188764.39411443399
P38753,13654.476028150466
P38754,13654.476028150466
P38755,14109.50789383948
P38757,13654.476028150466
P38759,14109.50789383948
P38762,14109.50789383948
P38766,14109.50789383948
P38767,14109.50789383948
P38768,14109.50789383948
P38770,14109.50789383948
P38778,14109.50789383948
P38779,14109.50789383948
P38780,14109.50789383948
P38783,14109.50789383948
P38853,14778.308907003327
P38854,14778.308907003327
P38855,14778.308907003327
P38903,14778.308907003327
P38906,14778.308907003327
P38929,14778.308907003327
P38930,184403.24656499515
P38932,14778.308907003327
P38933,15521.208362836738
P38936,15521.208362836738
P38937,14778.308907003327
P38942,14778.308907003327
P38943,14778.308907003327
P38944,14778.308907003327
P38945,14408.864578922336
P38947,14778.308907003327
P38949,14135.787875047168
P38950,452156.18478733138
P38952,14408.864578922336
P38953,14408.864578922336
P38955,14135.787875047168
P38956,14135.787875047168
P38958,14135.787875047168
P38959,15521.208362836738
P38962,14135.787875047168
P38963,14135.787875047168
P38965,13778.195569695752
P38969,13778.195569695752
P38971,14109.50789383948
P38973,14109.50789383948
P38975,14109.50789383948
P38977,591352.84204885352
P38978,14135.787875047168
P38981,14408.864578922336
P38982,14408.864578922336
P38985,14109.50789383948
P38989,13778.195569695752
P38990,14109.50789383948
P39001,14478.95222192047
P39059,14109.50789383948
P39157,15972.521931755766
P39310,14478.95222192047
P39311,14478.95222192047
P39313,188196.42775189161
P39314,14478.95222192047
P39316,14478.95222192047
P39317,188764.39411443399
P39318,188764.39411443399
P39319,188764.39411443399
P39420,14135.787875047168
P39421,14135.787875047168
P39422,14135.787875047168
P39424,14135.787875047168
P39425,14408.864578922336
P39426,14408.864578922336
P39427,14109.50789383948
P39428,14109.50789383948
P39429,14147.639897776742
P39432,14109.50789383948
P39433,14408.864578922336
P39434,591352.84204885352
P39435,14408.864578922336
P39436,184971.21292753759
P39440,591352.84204885352
P39443,14408.864578922336
P39444,591352.84204885352
P39447,14135.787875047168
P39448,14778.308907003327
P39461,14778.308907003327
P39463,14778.308907003327
P39464,184403.24656499515
P39467,15521.208362836738
P39468,15521.208362836738
P39469,14135.787875047168
P39470,14135.787875047168
P39472,591352.84204885352
P39473,14135.787875047168
P39474,14135.787875047168
P39475,14135.787875047168
P39476,14135.787875047168
P39477,14135.787875047168
P39478,14135.787875047168
P39479,14135.787875047168
P39480,14135.787875047168
P39481,15521.208362836738
P39482,15521.208362836738
P39496,14778.308907003327
P39498,15521.208362836738
P39499,15521.208362836738
P39500,15521.208362836738
P39502,14778.308907003327
P39506,14778.308907003327
P39507,14778.308907003327
P39509,14778.308907003327
P39511,14778.308907003327
P39587,14109.50789383948
P39595,13778.195569695752
P39605,13778.195569695752
P39826,15972.521931755766
P39991,16387.426518806285
P39993,16387.426518806285
P40009,16387.426518806285
P40042,40700.766123762784
P40102,16088.06983372343
P40452,15391.398965914805
P40455,15391.398965914805
P40456,15391.398965914805
P40458,15972.521931755766
P40503,15972.521931755766
P40509,15972.521931755766
P40526,16271.878616838623
P40527,16271.878616838623
P40528,16271.878616838623
P40530,16271.878616838623
P40531,15972.521931755766
P40532,15972.521931755766
P40533,15972.521931755766
P40534,15972.521931755766
P40537,15972.521931755766
P40538,15972.521931755766
P40539,15972.521931755766
P40541,15972.521931755766
P40552,15972.521931755766
P40553,15972.521931755766
P40567,16271.878616838623
P40568,16271.878616838623
P40569,14408.864578922336
P40571,14408.864578922336
P40573,14408.864578922336
P40574,14408.864578922336
P40575,14408.864578922336
P40576,14408.864578922336
P40578,14778.308907003327
P40579,14408.864578922336
P40692,16661.416112036859
P40794,15997.889023608052
P40841,15972.521931755766
P40883,15972.521931755766
P41060,40401.409438679926
P41457,16661.416112036859
P41471,16661.416112036859
P41549,239364.36552566284
P41550,239364.36552566284
P41579,239364.36552566284
P41806,15972.521931755766
P41899,15972.521931755766
P42005,149136.88226844074
P42049,40735.542063528097
P42265,14109.50789383948
P42266,14109.50789383948
P42269,14109.50789383948
P42270,14109.50789383948
P42271,14109.50789383948
P42272,14109.50789383948
P42273,14109.50789383948
P42274,14109.50789383948
P42275,14109.50789383948
P42277,14109.50789383948
P42278,14109.50789383948
P42279,14109.50789383948
P42280,14109.50789383948
P42281,14109.50789383948
P42283,14109.50789383948
P42284,14109.50789383948
P42285,14109.50789383948
P42286,14109.50789383948
P42287,14109.50789383948
P42288,14109.50789383948
P42289,14109.50789383948
P42290,14109.50789383948
P42291,14109.50789383948
P42292,14109.50789383948
P42294,14109.50789383948
P42295,14109.50789383948
P42308,14147.639897776742
P42313,13778.195569695752
P42355,13778.195569695752
P42356,13778.195569695752
P42357,13778.195569695752
P42358,14147.639897776742
P42359,14147.639897776742
P42360,13778.195569695752
P42361,13778.195569695752
P42364,14147.639897776742
P42366,13778.195569695752
P42367,13778.195569695752
P42368,13778.195569695752
P42369,13778.195569695752
P42370,13778.195569695752
P42372,14147.639897776742
P42376,13778.195569695752
P42377,13778.195569695752
P42378,13778.195569695752
P42380,13778.195569695752
P42381,14147.639897776742
P42384,14147.639897776742
P42387,14147.639897776742
P42389,13778.195569695752
P42390,13778.195569695752
P42391,13778.195569695752
P42392,13778.195569695752
P42402,13778.195569695752
P42404,13778.195569695752
P42405,13778.195569695752
P42406,13778.195569695752
P42408,14147.639897776742
P42409,14147.639897776742
P42410,13778.195569695752
P42411,13778.195569695752
P42412,13778.195569695752
P42413,13778.195569695752
P42414,13778.195569695752
P42416,13778.195569695752
P42417,14147.639897776742
P42419,13778.195569695752
P42420,13778.195569695752
P42421,14147.639897776742
P42427,14147.639897776742
P42429,13778.195569695752
P42431,14109.50789383948
P42433,13654.476028150466
P42438,13654.476028150466
P42440,14109.50789383948
P42441,14109.50789383948
P42447,14109.50789383948
P42451,13654.476028150466
P42452,14109.50789383948
P42453,14109.50789383948
P42457,14109.50789383948
P42462,14109.50789383948
P42465,13654.476028150466
P42466,14109.50789383948
P42468,13654.476028150466
P42469,13654.476028150466
P42471,14109.50789383948
P42472,14109.50789383948
P42473,14109.50789383948
P42475,14109.50789383948
P42479,14109.50789383948
P42483,15391.398965914805
P42484,14478.95222192047
P42485,15391.398965914805
P42492,14109.50789383948
P42494,16271.878616838623
P42495,16271.878616838623
P42496,16271.878616838623
P42497,14408.864578922336
P42498,14778.308907003327
P42499,14778.308907003327
P42500,14778.308907003327
P42501,14778.308907003327
P42502,16271.878616838623
P42504,16271.878616838623
P42505,16271.878616838623
P42506,14778.308907003327
P42509,14408.864578922336
P42510,14778.308907003327
P42515,16271.878616838623
P42518,16271.878616838623
P42519,16271.878616838623
P42520,14778.308907003327
P42522,16271.878616838623
P42525,14778.308907003327
P42526,14778.308907003327
P42527,14478.95222192047
P42529,15972.521931755766
P42534,14408.864578922336
P42535,14778.308907003327
P42539,14408.864578922336
P42541,16271.878616838623
P42542,16271.878616838623
P42544,15972.521931755766
P42546,14478.95222192047
P42547,15391.398965914805
P42548,14109.50789383948
P42549,14109.50789383948
P42551,14109.50789383948
P42552,14778.308907003327
P42555,14778.308907003327
P42557,14408.864578922336
P42563,14778.308907003327
P42564,16271.878616838623
P42565,16271.878616838623
P42566,14408.864578922336
P42567,14109.50789383948
P42568,16271.878616838623
P42569,16271.878616838623
P42572,14778.308907003327
P42573,16271.878616838623
P42574,16271.878616838623
P42626,15972.521931755766
P42812,15821.225745240068
P42853,15821.225745240068
P42913,16271.878616838623
P43183,16271.878616838623
P43184,145343.70108154428
P43213,145343.70108154428
P43536,16271.878616838623
P43540,19340.091067420275
P43595,40401.409438679926
P43745,16362.059426954002
P43779,40401.409438679926
P43821,14478.95222192047
P43887,126124.8655558844
P43888,41034.898748610962
P43908,14408.864578922336
P43981,15997.889023608052
P43995,15972.521931755766
P01015,9769.4346202599554
P01017,9769.4346202599554
P01070,14235.147819832846
P01074,20458.585981626453
P01084,13177.117643787476
P01107,15586.275322691588
P01184,9544.7656191837577
P01188,44043.288372963398
P01236,20166.305725508191
P01252,15675.418365030966
P01302,14392.197187127213
P01341,12110.828230900182
P01371,7736.9483013784193
P01413,9218.5755594733819
P01414,8751.0636306198103
P01416,8980.9072972282011
P01435,16170.704736922047
P01442,44196.103038067798
P01479,17693.170463405771
P01484,8700.2192405687492
P01517,12715.475328161119
P01537,185930.46638236925
P01546,13823.354453364356
P01548,8633.1245993264492
P01579,10024.758504908046
P01598,19198.595348200623
P01666,8941.8138791664605
P01686,10347.490166080144
P01705,8329.8816991175881
P01708,8329.8816991175881
P01727,10317.444138928098
P01742,9420.2598160836496
P01745,10029.473973747652
P01746,14072.69345939806
P01769,10677.046374930173
P01797,145438.46346263785
P01823,10822.505381174053
P01826,10791.284242269719
P01840,17898.148102862262
P01842,15871.073387459044
P01852,20235.715995307921
P01913,13184.747875757294
P01927,10588.332732100083
P01937,10564.098890621512
P01940,16500.402904948867
P01951,66554.176221861853
P01960,15470.697347394178
P01976,20088.643502790503
P01990,10019.868305248139
P02066,10321.524374090584
P02088,9002.1879330755182
P02158,19099.020497628011
P02211,9678.2260979817038
P02212,16078.447127315409
P02230,10155.255716197937
P02248,9257.3903239631763
P02290,13345.795021665544
P02296,18074.183539331101
P02328,8815.8096008051616
P02368,9583.7270473227873
P02413,15368.973006307406
P02414,15709.477938911839
P02415,10497.962966395702
P02429,10198.791885013232
P02491,9643.4473300219433
P02531,9966.3213407175099
P02595,10126.243846911146
P02681,14631.607666924248
P02694,9772.0998237928034
P02696,9773.7083502664245
P02698,10315.892178720918
P02704,9712.4319728105256
P02711,21435.657720593172
P02766,16960.223421852723
P02784,71144.519427265652
P02785,9252.4717244799394
P02836,18559.710680153017
P02840,16382.592849457382
P02847,15517.397345656203
P02853,10204.93802558365
P02865,10390.406247763003
P02881,10550.464799163565
P02927,9435.520639802784
P02947,10465.742613041444
P02994,11004.360408658791
P02996,10414.737724339417
P03040,11251.09267282874
P03214,10024.398805422366
P03215,13554.749739519337
P03285,10002.414797611693
P03334,9872.929579969672
P03341,10368.875097893151
P03368,9712.4319728105256
P03489,10362.718627225757
P03494,10567.055599645651
P03505,9967.3877016196002
P03520,13203.590484390865
P03523,10073.746387983389
P03576,15931.740216780712
P03598,14442.257962192863
P03611,14930.677903432052
P03629,9307.8777885870441
P03644,10746.39743711839
P03647,119798.37666262212
P03649,11451.68907562958
P03651,9742.305307546816
P03660,12157.0141368481
P03666,9467.4422147514906
P03668,11766.026872286502
P03797,15965.730055147642
P03878,14680.792303114946
P03887,10197.426446147292
P03892,18838.884567489797
P03903,11307.472732520877
P03914,8768.3784793983505
P03915,16053.010675552205
P03925,13914.598366385291
P03947,10106.311426866578
P03966,13969.099695101177
P03975,9792.2245811493885
P03987,14251.032335121216
P03989,14180.411044122884
P04050,13169.635613016177
P04054,19404.245896813707
P04072,9937.6013059019715
P04109,8863.6494594999858
P04122,17507.169359565938
P04126,14688.848202829538
P04137,19104.44845930687
P04154,14650.413091836184
P04188,10021.733601889522
P04211,13779.855213590379
P04216,12996.242795645096
P04218,12930.551036916848
P04220,13356.174000099116
P04263,10283.304670621699
P04276,18650.143313352084
P04338,15916.488853613186
P04347,9145.6116269164959
P04355,17390.786101032518
P04360,13427.974584055826
P04384,116248.15255589756
P04412,12703.975129243205
P04428,8815.3077729653087
P04498,13145.479217835167
P04501,12179.628707539299
P04538,9764.281469657044
P04544,8753.724111830521
P04553,14402.266441851314
P04694,14246.067248323749
P04742,10036.677912238803
P04744,14244.355235998812
P04749,10048.668441534584
P04832,16622.504761577864
P04884,16378.525488352228
P05053,8980.9072972282011
P05054,8984.7661057962177
P05067,10552.733701543437
P05117,9523.1502471765016
P05154,10451.040152101279
P05157,10341.579637251843
P05158,100210.4302121541
P05203,10217.819448055228
P05227,160888.24373993298
P05231,10014.81799436927
P05233,8327.2906956406441
P05260,9952.7918692235671
P05262,10017.728187789304
P05272,15592.299951707711
P05275,13361.00965577086
P05279,20014.049546251896
P05328,16495.46738302481
P05339,10557.474788592555
P05340,9925.1933240754061
P05346,10242.508955651308
P05399,10305.267956847236
P05429,10278.989385103658
P05430,10278.989385103658
P05462,10024.398805422366
P05468,121396.42721729352
P05533,13973.102873282964
P05591,10651.936046498024
P05633,18211.806139762761
P05656,8565.9582576145185
P05668,9830.3382471332116
P05717,8816.2696660604415
P05740,8933.847599480494
P05783,13476.966197111857
P05798,10225.339333481035
P05903,9983.1738809550952
P05927,109071.87712280048
P05942,9953.2458907206001
P05952,10011.152557243029
P05960,14977.229641835427
P05961,175959.58359133734
P05973,19800.917007334843
P05974,19940.953497636081
P06015,10659.99571807676
P06018,15548.68952756378
P06024,10115.47359165387
P06040,20551.067542793789
P06056,12598.27352092312
P06074,13283.880600643271
P06082,17095.438098200204
P06102,16356.905737713878
P06148,144766.57564603176
P06229,17537.331974132612
P06307,14404.320197924129
P06338,10016.046217267382
P06342,14758.743814893389
P06349,11290.25123421599
P06350,10101.834431775998
P06377,281040.70137020777
P06409,10132.140594474607
P06723,11517.533950624147
P06859,13111.041985213698
P06905,12925.49167428412
P07031,124000.18140650084
P07060,12293.148058600878
P07080,9874.7973713491847
P07094,13254.04900269788
P07153,23217.909242210302
P07157,24426.463959380089
P07336,27052.992031045083
P07358,12862.244072405851
P07484,13645.084809034412
P07622,216436.22534548209
P07652,23891.97178161627
P07719,13748.080168501485
P08043,22928.36895895905
P08149,13296.773317933552
P08197,9400.1922630799872
P08198,116061.77337787078
P08210,12993.358997882069
P08262,13290.066095149788
P08274,10099.880804890196
P08276,9991.9156271926113
P08304,23572.473680594889
P08361,88346.957122373889
P08377,117901.96419621266
P08391,22060.985289197612
P08393,125090.79315889635
P08410,22761.364824347627
P08451,13842.726893596837
P08485,12581.399369225112
P08521,10799.22097788632
P08756,107574.33827361588
P08794,12669.064606857004
P08813,9203.3715832317939
P08827,9356.7977644845705
P08846,12741.478858215314
P09218,9162.1661909990216
P09360,12186.280285716586
P09394,23172.229392528439
P09476,9926.1121986603575
P09605,8969.5621295546334
P09619,12643.425307456317
P09639,101569.36263612867
P09703,9113.6496745226541
P09814,8912.2826567292323
P09816,6977.3286383806881
P09817,7114.6293519444189
P09967,9253.7263584252578
P09990,9101.7461185250977
P09991,9110.7618139251608
P10000,310619.07117991819
P10025,8476.3216414940216
P10031,8501.5517672580354
P10038,8809.9261420353687
P10121,348671.08631926141
P10210,28149.344898503183
P10212,29119.14182078189
P10222,29128.157516181956
P10251,9972.6634425861648
P10256,9552.8522795854515
P10330,9098.4318674988845
P10416,7433.8007276976095
P10418,7424.7850322975501
P10419,7277.4540385186447
P10422,7323.7652930416843
P10424,7277.4540385186447
P10427,7277.4540385186447
P10429,7146.4564669807878
P10433,7201.783416903887
P10436,11508.655586352519
P10439,616945.48377867334
P10440,620485.9198077661
P10441,9202.5961388780288
P10442,409962.40570925892
P10450,7800.2929172953227
P10492,31302.508276549976
P10548,7328.8388383552774
P10554,7302.623879141378
P10573,9244.7944876977235
P10626,9121.6111572922637
P10627,9382.4969950436043
P10631,9176.9381072153647
P10633,6863.375896522004
P10635,6874.102490268182
P10638,8919.4736600651631
P10665,11898.321171017749
P10668,11534.829761177383
P10669,11727.457424664217
P10677,7562.0854968618914
P10683,7248.9364439255733
P10686,11061.221833324247
P10688,11098.517392447226
P10689,7864.4964064169908
P10696,11402.295585519129
P10698,700811.92657686118
P10700,11781.582737593351
P10701,11900.633867649336
P10702,12402.804401136618
P10710,11790.598432993414
P10713,9124.9865158828579
P10727,25404.283487928747
P10728,13596.885970346508
P10729,25404.283487928747
P10733,24252.454994662825
P10737,7441.0086241827339
P10739,9770.4910548474436
P10740,9633.1903412837164
P10741,9633.1903412837164
P10746,24851.21720026336
P10765,9574.8800765361884
P10766,9574.8800765361884
P10770,9453.4314517075018
P10771,9416.1358925845234
P10772,9565.8643811361235
P10776,9529.3045768948305
P10781,9745.6354654850293
P10904,8959.5098145125812
P10910,9209.3094895578615
P10995,5361.9519281796202
P11034,9409.4675123664019
P11035,9363.1562578433623
P11036,9401.5750490357022
P11039,9308.5368505499591
P11040,9299.5211551498996
P11041,9308.5368505499591
P11047,9228.9746823269033
P11048,7663.8749370524238
P11058,9511.5214062522045
P11059,9354.1405624432991
P11061,9354.1405624432991
P11069,9620.4609630165123
P11074,9564.7183236537512
P11109,23101.854984822305
P11130,9828.4831001176717
P11132,9110.8345948682763
P11146,7565.4755028632171
P11234,9903.8701751257831
P11238,9882.5884619826084
P11239,9882.5884619826084
P11245,9836.2772074595687
P11253,10312.214031663916
P11254,10224.472121238325
P11294,9852.77194799071
P11295,9915.0034224851006
P11298,10194.655607246426
P11310,9836.2772074595687
P11311,9836.2772074595687
P11313,337680.13542802172
P11315,9827.2615120595055
P11317,9827.2615120595055
P11319,9873.5727665825434
P11320,9836.2772074595687
P11321,9836.2772074595687
P11363,7567.1253735498613
P11430,9201.9910561049255
P11495,7030.1186853293002
P11534,6092.7501781254869
P11757,8747.1729059435711
P11758,9221.614852220242
P11773,9731.2267657151497
P11778,9896.7630416774955
P11781,9887.747346277436
P11784,9472.7764013853248
P11785,9481.7920967853861
P11795,9629.6658023536711
P11817,9423.5660310613894
P11855,9543.2359631220115
P11857,9700.1253640903597
P11858,9700.1253640903597
P11859,349024.56349161564
P11861,9882.5884619826084
P11866,9714.5704485510942
P11867,10030.05967039302
P12038,9521.5848816928938
P12040,9375.2684727291035
P12105,20566.00499166808
P12114,9161.2853110512551
P12120,6584.6017364858781
P12175,8818.6716712319612
P12235,6793.1111628814433
P12319,7505.3662283046033
P12387,6726.8713671671867
P12388,6671.2526899663899
P12442,315671.67810906802
P12443,334059.5941021808
P12446,337680.13542802172
P12447,345312.10312254512
P12448,333515.41840920231
P12449,9847.9147349198847
P12451,9792.5877849967819
P12454,9572.1916776951239
P12455,9572.1916776951239
P12456,9572.1916776951239
P12458,9561.6816752584
P12467,9792.5877849967819
P12470,9948.9344741757486
P12471,9847.9147349198847
P12474,9998.9779415166031
P12475,9836.2772074595687
P12476,345312.10312254512
P12477,9827.2615120595055
P12479,9588.8021785342953
P12480,9792.5877849967819
P12481,9801.6034803968432
P12485,9801.6034803968432
P12486,9801.6034803968432
P12489,9792.5877849967819
P12490,9838.8990395198216
P12491,9792.5877849967819
P12492,7194.0811501239477
P12521,9792.5877849967819
P12524,9792.5877849967819
P12526,9792.5877849967819
P12528,9792.5877849967819
P12554,9563.1759822950644
P12629,8770.8677110704302
P12696,9700.8434148254037
P12722,8242.2551054522919
P12746,9794.9993946347367
P12893,8276.9288325150155
P12934,9224.5527269057166
P13095,9181.2383334773294
P13100,9151.579426836608
P13303,10096.454431256179
P13335,23126.38938246396
P13475,9115.9666231490919
P13626,5559.1985544040544
P13653,8941.8293143470546
P13655,8749.1916376585032
P13669,9675.2302138437062
P13756,9596.8004643332606
P13778,26566.80633631676
P13779,28410.293006159682
P13780,26452.853594458076
P13784,292810.01200141112
P13785,9798.5677186164285
P13791,20672.749091127189
P13810,25391.216759809908
P13891,10640.284764697361
P13892,9974.2640934785923
P13894,7302.8031561597527
P13895,7192.7677215038284
P13900,8369.6634611726295
P13917,7397.457973616758
P13922,7290.4200471629338
P13930,9174.3552750335039
P13935,8625.6643472231044
P13965,10475.770743625872
P14015,8342.6704721975948
P14016,8843.6000719021213
P14017,8357.7827349387153
P14100,7619.554369878846
P14305,9343.0900162688522
P14342,8131.4043880556956
P14358,8724.3802388934819
P14444,8065.1140088195716
P14445,8065.1140088195716
P14449,7342.1310236936588
P14454,9244.086945068022
P14456,9620.4609630165123
P14465,7476.3125992101122
P14472,7467.2969038100528
P14474,7569.3507976958526
P14551,7515.0670183835537
P14557,7538.8593485436322
P14558,7514.7313904024559
P14561,485190.19639399205
P14574,9354.1405624432991
P14579,9456.1944563291017
P14583,7517.6398211651322
P14604,9228.7183823154755
P14617,9416.4580255082983
P14658,9509.3913737306502
P14660,7513.6081583330924
P14668,9253.1026404680815
P14670,9237.9903777269683
P14671,9189.4675377746207
P14704,12926.991571876297
P14744,9838.8990395198216
P14836,8398.6055459385425
P14949,7928.1759753648976
P14968,8318.3645600217824
P15054,10915.551210082711
P15062,11613.040917285456
P15075,7342.1310236936588
P15076,7281.4043517628743
P15077,9244.086945068022
P15089,7571.3580604865638
P15092,7679.5085217134183
P15113,8978.5103517979405
P15130,8305.8902081457491
P15164,9038.9586386657047
P15173,9088.6553567797164
P15193,9915.0034224851006
P15194,9915.0034224851006
P15259,9198.4832331746838
P15262,9198.4832331746838
P15266,7342.1310236936588
P15271,7453.8353724495901
P15275,7660.4381566204283
P15281,7992.8221949333456
P15301,9189.4675377746207
P15303,9198.4832331746838
P15304,9220.6665295565472
P15312,8763.2116382207314
P15315,9915.0034224851006
P15316,9852.6083690988726
P15318,9609.4872368181022
P15322,10202.178597007991
P15323,10584.642453164592
P15329,10593.658148564651
P15330,10750.004837743616
P15331,347613.08082698239
P15332,10584.642453164592
P15334,10224.472121238325
P15336,370542.77812929673
P15408,9036.9113833815009
P15415,7406.5702318792719
P15420,7513.6081583330924
P15421,7467.2969038100528
P15425,8065.1140088195716
P15435,7514.7313904024559
P15437,7421.6931919167146
P15445,7569.3507976958526
P15448,9201.9910561049255
P15508,23208.826033196445
P15510,23208.826033196445
P15533,7580.5130998371715
P15538,7311.1804259695491
P15704,9258.5733178546634
P15729,7617.0157576126949
P15745,321436.93608522043
P15789,7628.0750493026353
P15830,9726.9461254964463
P15857,7146.4564669807878
P15860,9412.7595865466192
P15942,8803.9246397324241
P15946,8008.5999098995162
P15950,7373.8664375337394
P15965,7253.1735173186353
P15969,7194.0811501239477
P15973,9276.4091689193046
P16079,6151.8313260830582
P16155,349024.56349161564
P16156,349024.56349161564
P16157,349024.56349161564
P16160,9836.2772074595687
P16182,10454.744325802531
P16213,26080.879332469627
P16228,9521.5848816928938
P16355,7494.857835652434
P16371,8707.4187928962383
P16381,9601.7673323377858
P16382,9758.6567333061339
P16383,9096.3061743454837
P16384,9645.6905525683978
P16387,9779.733693105858
P16388,9692.0018070914375
P16390,9483.6468797686994
P16429,7576.1515770552578
P16446,9034.8124303665554
P16470,9174.3552750335039
P16471,9276.4091689193046
P16473,9276.4091689193046
P16475,9346.8483815835243
P16479,9189.4675377746207
P16481,9198.4832331746838
P16513,9758.6567333061339
P16514,9970.3303724081998
P16561,8461.3370800760567
P16597,9230.5008332811776
P16598,9206.3728751399976
P16615,9201.9910561049255
P16628,8708.7597331480101
P16675,7287.5116164002611
P16884,5372.3769560798501
P16892,9493.8579749692726
P17003,8416.5051377485543
P17008,7792.4935451968049
P17151,9896.2041246111257
P17152,9827.2615120595055
P17180,13562.434188741609
P17220,7389.5655102860583
P17224,7287.5116164002611
P17226,7788.441216104773
P17266,9516.6996216159368
P17318,9112.1013235520004
P17441,9813.9836832292367
P17443,9758.6567333061339
P17450,9636.6748571683365
P17497,5392.2949872509998
P17506,5392.2949872509998
P17515,5638.439201688816
P17528,6140.7212641169026
P17529,6106.047537054179
P17904,7304.8854295973215
P17933,7732.7321394447827
P18187,5427.0503486060406
P18265,5266.1836295052599
P18314,8167.1679027053724
P18322,7342.1310236936588
P18325,7331.9208827532093
P18334,7287.5116164002611
P18354,9098.4140621072838
P18421,7412.6774965166551
P18435,7569.3507976958526
P18505,8583.515543678739
P18588,9033.3883612886202
P18593,8523.4230307112957
P18618,9878.9632417582325
P18766,9654.8601937046114
P18847,7773.1226552612316
P18871,9165.9126949108486
P19146,7853.9170624609578
P19147,7792.4935451968049
P19263,9244.6529177518969
P19285,9194.3481022031665
P19372,9104.4863833911368
P19374,9201.3915849482473
P19429,7613.9052360145943
P19688,344611.38381612994
P19689,9836.2772074595687
P19692,9827.2615120595055
P19705,9827.2615120595055
P19707,9827.2615120595055
P19708,9882.5884619826084
P19712,9921.3767267440817
P20126,9882.5884619826084
P20128,9827.2615120595055
P20133,9983.6082012384704
P20134,9957.9501695758081
P20250,8569.4990024828621
P20357,7398.5812056861178
P20367,7532.7520839062527
P20369,7730.3259374724148
P20375,7392.4739410487346
P20419,7585.3539400518748
P20902,9287.7567675882165
P20980,7998.8759744707131
P21063,7023.6398929037277
P21093,8940.6926854341182
P21099,8940.6926854341182
P21153,9054.6642136597802
P21188,10584.642453164592
P21190,10623.430717926063
P21191,10584.642453164592
P21286,8296.849687587699
P21377,8839.8795372147797
P21380,6977.3286383806881
P21399,9062.1717605339563
P21645,9272.6222263496129
P21647,9272.6222263496129
P21774,7579.0421718344296
P21838,8959.8583872359231
P21870,8368.2125275298276
P21899,9285.4248643193641
P21900,7570.8367385666861
P21901,7570.8367385666861
P21902,7290.4200471629338
P21903,7290.4200471629338
P21905,7290.4200471629338
P21912,7342.8385663233603
P21916,7240.3924046469874
P21918,7261.5310570370748
P21922,7843.0606233981707
P21923,7388.4422782166976
P21926,7268.2857800597521
P21927,7302.623879141378
P21957,6197.6504855282183
P22034,7650.0631745960964
P22656,9836.2772074595687
P22658,9321.8003540672089
P22673,9873.5727665825434
P22679,9827.2615120595055
P22680,9873.5727665825434
P22681,9827.2615120595055
P22683,9827.2615120595055
P22684,9827.2615120595055
P22687,9468.2742115536366
P22688,9827.2615120595055
P22897,32263.971953864253
P23151,10453.374351424478
P23154,9493.7675812717262
P23156,9590.0011505575512
P23241,9200.30959242065
P23261,7486.1800395391838
P23328,7023.6398929037277
P23444,6099.2600214797203
P23521,8317.0429367563047
P23550,6142.5539192551405
P23720,8990.2757616191084
P23733,7412.5702363578748
P23839,6271.9998813421989
P23861,6290.1129064346387
P23931,5412.2406674816739
P24016,10089.933071710146
P24132,8400.2205956162579
P24351,8952.0343807864374
P24493,10126.765265020666
P24551,9067.025664426088
P24747,6131.7055687168431
P24748,6091.1684463431156
P24758,6143.0310782348206
P24789,5392.2949872509998
P24831,9556.0249846293791
P24870,6822.112327898365
P24906,9754.1599961819593
P24911,9754.1599961819593
P24922,9758.6567333061339
P24957,9734.8150465041363
P25015,23184.196903873984
P25074,9607.4908920832058
P25148,9326.6759067802996
P25154,9065.7900690289553
P25191,9842.9496481224141
P25225,9890.4894462711763
P25279,9335.751798343812
P25419,9896.2041246111257
P25423,9896.2041246111257
P25425,9896.2041246111257
P25426,9896.2041246111257
P25485,7860.3955490014741
P25487,7860.3955490014741
P25502,7728.9832163365936
P25691,7540.3285052639912
P25693,7540.3285052639912
P25979,9831.7804703353922
P26047,8511.8810215357989
P26383,9259.2124240281264
P26393,9330.4750835305003
P26439,7757.4972904335555
P26461,8523.5887934101775
P26540,338734.20892527926
P26574,7761.9746298153987
P26684,9601.6833353404327
P26726,9244.7944876977235
P26729,9189.4675377746207
P26732,9285.4248643193641
P26734,9229.6822249566085
P26778,7576.1515770552578
P26807,8627.0126995031824
P26863,9708.0991709629161
P26973,7696.2261558209684
P27048,7589.7772778734143
P27153,8387.4462285575282
P27174,8401.0772700314483
P27212,7673.1951696349352
P27218,7673.1951696349352
P27229,11743.37985127367
P27241,11203.490891248028
P27242,11635.385770626855
P27295,7668.8589696204435
P27296,7668.8589696204435
P27299,7646.6756732385802
P27340,8536.5006866967851
P27410,6467.8203440895632
P27414,7633.2402134182012
P27416,8057.7308834004543
P27504,9237.9903777269683
P27508,9244.7944876977235
P27516,7342.8385663233603
P27517,7564.212573480705
P27518,7444.8924602091574
P27519,7342.8385663233603
P27523,7410.5543611275316
P27545,7262.1892127186948
P27547,7262.1892127186948
P27553,7337.9698821173406
P27555,7303.6317830357148
P27560,7405.6856769215119
P27561,7494.6431832965354
P27566,7405.6856769215119
P27577,7194.0811501239477
P27580,7296.1350440097449
P27586,7373.8664375337394
P27587,7373.8664375337394
P27590,7375.6010692214186
P27598,7795.5456873401708
P27600,7829.8837864217967
P27607,7497.6006433378898
P27609,7479.2700592514666
P27620,7235.5237204409714
P27627,7337.5776143267676
P27628,7201.1856213593455
P27645,20701.337366280764
P27648,7874.5860612594952
P27649,7839.6785364289462
P27723,10329.261761484941
P27734,9767.6724287061952
P27801,7726.6334084332339
P28236,679945.6412445833
P28239,6957.197241429054
P28241,21493.846064460493
P28242,22705.274350276726
P28246,9284.3388499146095
P28253,8725.3090915361099
P28254,9202.3096815585377
P28257,8877.4859817324796
P28302,8959.5517510875652
P28303,9190.6026441544236
P28304,8959.5517510875652
P28389,8903.4328812291787
P28416,8591.7471095166511
P28472,7324.6973181970679
P28488,7883.9610820266389
P28526,7338.0741353875273
P28541,7626.8243543602111
P28707,68251.586731260264
P28714,7420.1776920567791
P28732,9400.4518169663406
P28740,8739.8775101895917
P28776,5406.2263734781773
P28859,7293.8075485204499
P28862,10260.30915831892
P28877,9676.1795604492836
P28878,9798.1614365870792
P28882,9690.2485698337223
P28883,9589.5472176450512
P28884,9589.5472176450512
P28885,326412.46706177766
P28886,326412.46706177766
P28894,10033.885466347154
P28895,9645.6905525683978
P28898,10155.867342484951
P28900,10224.472121238325
P28902,9799.3948506062843
P28905,10639.969403087693
P28908,349994.1467487964
P28912,9852.77194799071
P28919,10013.100693297552
P28931,9618.5029322181636
P28935,10270.783375761364
P28937,10270.783375761364
P28945,9840.3917451583184
P28946,9970.3303724081998
P28947,10038.935151161571
P28948,10055.266312800875
P28951,9848.3484962704024
P28952,9970.3303724081998
P28953,9924.0191178851601
P28955,7414.3282278973093
P28961,7250.9129026106602
P28963,9198.4832331746838
P29034,9008.6543266164335
P29041,8120.0486909521023
P29043,8120.4409587426744
P29047,7354.1041791350726
P29064,7456.1580730208698
P29066,7354.1041791350726
P29073,7578.7065438533318
P29083,7910.776418202342
P29087,7998.9867899531782
P29101,9331.0285762127023
P29104,7281.4043517628743
P29106,9276.4091689193046
P29107,9174.3552750335039
P29173,7270.5473305156956
P29193,7602.9093887635236
P29211,9758.6567333061339
P29214,9804.9679878291736
P29217,9758.6567333061339
P29244,8612.6016100494999
P29256,9172.8761954741803
P29269,8889.5499226248685
P29293,8999.4992026394139
P29295,22890.93250122176
P29344,7333.8228709233008
P29345,7388.4422782166976
P29393,6622.7529245177138
P29432,5457.2486114907124
P29446,8887.9128263269376
P29476,7115.2449125866297
P29482,8702.0635677953542
P29490,8655.6443795767736
P29496,9189.5858330619521
P29505,9003.6286408348278
P29524,7559.7436218439689
P29530,7257.2499952093494
P29605,7316.5665663761247
P29733,9887.3787343258136
P29770,9992.2562581382335
P29778,9966.247472051602
P29793,7304.8854295973215
P29918,249079.45699509481
P29982,13285.028737433477
P30033,9340.0442716127636
P30036,9237.9903777269683
P30038,7373.8664375337394
P30039,7373.8664375337394
P30040,7373.8664375337394
P30043,7373.8664375337394
P30047,7654.2831289374881
P30048,7654.2831289374881
P30049,7475.9203314195402
P30096,7435.3118505594757
P30261,7483.1167091808711
P30286,7561.0426449254956
P30301,8216.8117214952581
P30331,8611.2521473341294
P30462,7284.9089311587159
P30469,7441.5822323379143
P30471,7339.5283384521135
P30474,7284.9089311587159
P30475,7284.9089311587159
P30480,7561.0426449254956
P30481,7513.6081583330924
P30485,7615.6620522188932
P30487,7615.6620522188932
P30491,7359.4510201260018
P30492,7788.441216104773
P30493,7287.5116164002611
P30494,7287.5116164002611
P30500,8073.7374364290627
P30501,7971.6835425432619
P30506,8213.4791572284084
P30653,8024.6448216158424
P30746,8228.1577365613375
P30776,8714.5146046118898
P30809,9067.2480316656802
P30871,9305.1605041679886
P30880,9139.1601104538604
P31178,7566.7897455687635
P31338,8220.0310613526235
P31339,8603.4488372674641
P31367,8959.5517510875652
P31370,9961.3902560527113
P31444,8815.3692749691763
P31462,7342.8385663233603
P31465,9244.7944876977235
P31503,8854.9232750287956
P31612,154871.14256479178
P31636,28548.708814652557
P31638,27562.242705965651
P31643,14296.539906490148
P31648,9764.2760672954355
P31715,9726.2026763799022
P31770,9339.1308000546305
P31810,5440.9817348332217
P31815,5440.9817348332217
P31816,5597.7511806225957
P31818,5440.9817348332217
P31848,9727.1844491513111
P31880,8882.2560566037755
P31918,441264.42506285512
P31930,5381.3926514799095
P32231,29906.104870241856
P32310,23329.693892300282
P32367,11396.231270216384
P32444,8920.6816043831423
P32686,7631.6651945749136
P32687,358200.24476560089
P32783,9055.9153741526607
P32925,8584.5547640676778
P33324,8388.3502008481046
P33542,7844.057549088524
P33584,8356.1290945098153
P33807,9096.3097811545686
P33832,8343.1857672687293
P33850,8293.6483425012739
P33856,194656.28429414044
P33927,29056.720602309801
P33935,29635.916455795414
P33936,29238.958694660381
P33942,28581.909334173219
P33973,564010.54002667777
P33974,24670.071816469117
P33976,13783.69876024189
P33982,32411.229829854805
P34142,9572.1916776951239
P34143,9847.9147349198847
P34145,9801.6034803968432
P34146,9801.6034803968432
P34147,9572.1916776951239
P34148,9572.1916776951239
P34190,8585.7987838163281
P34192,8294.8662423105197
P34227,8638.8494151869891
P34259,8608.2224039445573
P34280,8468.4806831452115
P34281,8413.8612758518102
P34288,8608.2224039445573
P34391,9847.9147349198847
P34393,9882.5884619826084
P34394,9882.5884619826084
P34396,9847.9147349198847
P34397,9847.9147349198847
P34398,9827.2615120595055
P34400,9827.2615120595055
P34401,9827.2615120595055
P34402,9700.1253640903597
P34403,9882.5884619826084
P34404,9847.9147349198847
P34406,336979.41612160654
P34407,336979.41612160654
P34408,9882.5884619826084
P34410,9882.5884619826084
P34414,9924.0191178851601
P34418,337611.5306492683
P34419,9767.6724287061952
P34421,9645.6905525683978
P34422,10004.261424098848
P34425,10004.261424098848
P34426,9847.9147349198847
P34430,9792.5877849967819
P34432,9792.5877849967819
P34433,9847.9147349198847
P34435,9618.5029322181636
P34436,9847.9147349198847
P34437,9847.9147349198847
P34438,9847.9147349198847
P34440,9847.9147349198847
P34442,9847.9147349198847
P34443,9618.5029322181636
P34452,10120.293630779266
P34454,9847.9147349198847
P34455,9847.9147349198847
P34456,9882.5884619826084
P34458,336979.41612160654
P34459,348323.84418520046
P34462,10320.379268062308
P34463,336979.41612160654
P34464,10069.288742077237
P34465,10201.054963794882
P34466,9755.4523140134606
P34471,9758.6567333061339
P34515,9543.2359631220115
P34516,9578.1434879525623
P34521,9578.1434879525623
P34522,9419.7086726866164
P34527,9543.2359631220115
P34528,9543.2359631220115
P34529,9543.2359631220115
P34562,7831.042139663452
P34629,6782.1983170902859
P34723,6854.4901309765119
P34760,1160065.9589512278
P34854,6948.1815460289945
P34856,9153.5402062954072
P34857,9296.4218642189808
P34870,8981.8768121729627
P34879,8815.3692749691763
P34889,8695.039678242123
P34891,8815.3692749691763
P34896,8938.8965654045787
P34898,8815.3692749691763
P34899,8815.3692749691763
P34901,8968.1611094505606
P34902,9164.3907451263003
P34959,8924.4514809438406
P35002,6865.4807777633141
P35040,7360.8017982920137
P35078,4618.955713569303
P35081,7305.4748483689136
P35098,7634.5456951904016
P35167,14284.626878097415
P35169,14769.921703813134
P35171,14102.388785746831
P35238,471761.6739309493
P35275,465695.29121968721
P35309,10289.951670441489
P35312,13800.199352870921
P35313,11410.650283507208
P35317,10472.189762792072
P35318,10083.994849013316
P35321,10608.49945867176
P35323,12014.143047831392
P35325,12153.729270812271
P35327,8229.5583922100559
P35328,8710.8819925656571
P35330,23830.829248008929
P35334,14634.8671548989
P35335,10913.448066231658
P35336,14883.475845696779
P35337,12270.516286791621
P35338,11611.277604418612
P35340,9221.6185383284555
P35342,9200.4950949939739
P35343,8969.3195566988943
P35344,9086.877981116384
P35345,10569.037594802903
P35346,23522.530666408729
P35348,11950.977480877304
P35350,24570.116610306075
P35353,26490.500928994159
P35355,26604.118042871749
P35356,25789.781622579041
P35357,26604.118042871749
P35358,24079.12235368952
P35359,25304.486796863319
P35360,25780.765927178974
P35361,25113.233009112671
P35362,14209.21274164756
P35363,25113.233009112671
P35512,25100.774790692441
P35513,10508.775416221142
P35514,25100.774790692441
P35515,23941.37195700124
P35516,25161.03696927421
P35518,25789.781622579041
P35644,30470.698936849531
P35972,10320.379268062308
P35973,336979.41612160654
P35974,348323.84418520046
P35976,9882.5884619826084
P35998,354408.9786346007
P35999,9882.5884619826084
P36005,9598.5629130451125
P36007,9598.5629130451125
P36008,9598.5629130451125
P36009,9598.5629130451125
P36013,323303.64580359141
P36017,9466.0199272096543
P36039,9177.3487448218511
P36100,7271.9674311385752
P36165,9719.3575653179396
P36183,9721.5414683667459
P36184,9692.2769243207622
P36199,10018.744917815297
P36232,9732.5052323862183
P36250,9727.1844491513111
P36268,9693.7696299592553
P36281,9452.0885409824714
P36370,9054.0605911693456
P36371,9233.2523796805581
P36412,9454.7234267175354
P36418,9198.4832331746838
P36527,9735.2895045567311
P36529,8739.8444094713268
P36567,8612.7646880063003
P36636,6905.5149771312463
P36671,28031.159061691957
P36707,28022.143366291893
P36708,28022.143366291893
P36710,27900.161490154096
P36724,9340.5477489317764
P36770,7759.8730152405906
P36840,8301.9564952716355
P37038,22018.334598788853
P37059,8916.2788773035536
P37114,7567.1253735498613
P37124,7103.5058283509534
P37131,7532.4516464871376
P37270,9670.7656283814431
P37286,9543.2359631220115
P37290,9827.2615120595055
P37291,9827.2615120595055
P37292,10270.783375761364
P37295,10270.783375761364
P37297,9882.5884619826084
P37298,9827.2615120595055
P37299,345312.10312254512
P37302,9660.6113765803402
P37303,9827.2615120595055
P37304,9827.2615120595055
P37305,9882.5884619826084
P37306,9882.5884619826084
P37314,345312.10312254512
P37317,336979.41612160654
P37319,9847.9147349198847
P37322,9882.5884619826084
P37323,9882.5884619826084
P37326,9882.5884619826084
P37328,336979.41612160654
P37329,9715.9383265034394
P37330,9368.1116085902486
P37360,10270.783375761364
P37362,348323.84418520046
P37363,10270.783375761364
P37366,10270.783375761364
P37369,337929.60391591256
P37371,9882.5884619826084
P37372,10492.157382918716
P37375,9970.3303724081998
P37376,334071.09462017543
P37377,9970.3303724081998
P37378,334771.81392659061
P37379,9757.3689824059911
P37381,334771.81392659061
P37460,7429.4804612995067
P37513,7495.9349413573254
P37562,10270.783375761364
P37563,348323.84418520046
P37564,10270.783375761364
P37566,10270.783375761364
P37584,334071.09462017543
P37585,9848.3484962704024
P37586,10236.543410049158
P37588,10201.635885218608
P37589,9970.3303724081998
P37590,9970.3303724081998
P37591,9970.3303724081998
P37593,9970.3303724081998
P37615,9882.5884619826084
P37616,9882.5884619826084
P37618,9602.1717705788578
P37619,9602.1717705788578
P37635,337680.13542802172
P37637,10270.783375761364
P37638,10270.783375761364
P37641,10224.472121238325
P37642,9836.2772074595687
P37644,9882.5884619826084
P37645,337680.13542802172
P37648,333358.87479576562
P37650,337680.13542802172
P37651,337680.13542802172
P37653,337680.13542802172
P37654,336979.41612160654
P37657,9602.1717705788578
P37658,9882.5884619826084
P37660,9481.327063565368
P37661,9882.5884619826084
P37676,9882.5884619826084
P37677,9882.5884619826084
P37680,9882.5884619826084
P37681,9882.5884619826084
P37682,10118.428606549438
P37683,9882.5884619826084
P37684,9882.5884619826084
P37687,9882.5884619826084
P37689,9602.1717705788578
P37757,9882.5884619826084
P37765,9767.6724287061952
P37768,336910.81134285312
P37770,350626.26127645816
P37771,9610.7830277378489
P37772,337611.5306492683
P37773,333446.81363044889
P37774,9645.6905525683978
P37775,349925.54197004298
P37778,345283.99266475154
P37782,337680.13542802172
P37784,336979.41612160654
P37787,337680.13542802172
P37790,337680.13542802172
P37792,9836.2772074595687
P37794,337680.13542802172
P37795,337680.13542802172
P37796,338512.41767064482
P37798,337680.13542802172
P37799,9836.2772074595687
P37801,9368.1116085902486
P37802,9836.2772074595687
P37803,9882.5884619826084
P37809,10103.96246913996
P37810,336979.41612160654
P37811,9882.5884619826084
P37814,336979.41612160654
P37815,336979.41612160654
P37816,336979.41612160654
P37827,8853.1118549974635
P37828,10004.903639261836
P37842,9882.5884619826084
P37843,9882.5884619826084
P37849,9836.2772074595687
P37853,9836.2772074595687
P37909,7632.781577750724
P37952,22749.540385691467
P38217,177467.72809387671
P38238,8293.6483425012739
P38329,6108.357351172097
P38333,6532.8480211543538
P38361,5561.311331560275
P38364,5561.311331560275
P38377,5561.311331560275
P38404,5448.9354960518031
P38469,9564.7183236537512
P38470,9791.938097655946
P38473,9643.5729492471091
P38474,7961.4718378555226
P38478,9396.436525354422
P38504,9058.7875895753368
P38576,8975.0272072565858
P38580,8540.8682971261769
P38644,11741.630162907984
P38706,9509.3913737306502
P38707,9509.3913737306502
P38721,9409.4675123664019
P38732,9416.6873117768155
P38736,9409.4675123664019
P38738,7756.7292906138573
P38746,9689.8842037701488
P38748,9680.8685083700875
P38749,9786.0923308111032
P38750,9689.8842037701488
P38751,9518.4070691307115
P38756,9181.8554705736315
P38758,9307.0213506900272
P38765,9465.2101517291649
P38769,9308.5368505499591
P38776,7336.7313016859771
P38777,9284.301632250008
P38782,9354.8481050730006
P38797,8365.5691376946634
P38845,8634.4497185254804
P38961,9036.9917327969633
P38986,9541.4089738371458
P38987,9986.9628294653157
P39061,8656.6330149073401
P39141,327669.0497930242
P39146,8853.3151146393902
P39153,9006.6803856110928
P39161,9083.8964215234519
P39162,9083.8964215234519
P39285,8707.6379036093676
P39445,9275.0296368385152
P39535,28365.016991294739
P39600,7250.7811861086702
P39620,7822.5509376472328
P39633,7866.2403601100159
P39645,7810.9134101869167
P39646,7810.9134101869167
P39647,7810.9134101869167
P39748,10139.07451454235
P39753,9693.3548902799248
P39764,478351.09741575457
P39777,9745.6354654850293
P39781,8932.8136189469951
P39786,9780.3091925477529
P39787,9745.6354654850293
P39797,8692.5511288577
P39798,9467.1407812865527
P39806,9476.0628097360823
P39809,9845.4199736832943
P39812,9695.2096732632399
P39813,9695.2096732632399
P39818,9755.1365904148006
P39820,9755.1365904148006
P39824,9476.0628097360823
P39834,9621.1913310592263
P39835,9621.1913310592263
P39836,9004.6605837810639
P39841,9462.4471471075649
P39844,9004.6605837810639
P39863,9621.1913310592263
P39928,14321.799872882821
P39937,27820.475388337021
P39940,28694.417091702664
P39943,9974.2640934785923
P39944,10156.502185829177
P39945,7421.2663350364928
P39949,25113.233009112671
P39951,24725.038095333919
P39968,24629.359551577822
P39976,24595.021452496199
P39978,24777.25954484678
P39980,24300.25895482436
P39982,24300.25895482436
P39984,25881.924822636331
P39988,24777.25954484678
P39990,10256.507340269931
P39992,9779.5067502475085
P39994,10256.507340269931
P39996,10256.507340269931
P39997,10302.818594792971
P39998,10256.507340269931
P40000,9779.5067502475085
P40002,13448.439881638462
P40007,10256.507340269931
P40008,9779.5067502475085
P40010,10256.507340269931
P40012,10256.507340269931
P40018,9779.5067502475085
P40019,21436.504172013549
P40103,7441.0086241827339
P40104,7394.6973696596942
P40105,7689.459867331534
P40107,7867.280470330792
P40108,7913.5917248538317
P40109,8301.7866386325877
P40112,11580.670073261472
P40114,12447.81948585514
P40116,8419.3450630500774
P40117,8031.1501492713214
P40118,11647.687924590302
P40122,8031.1501492713214
P40124,10298.401105441642
P40126,8419.3450630500774
P40127,18464.116420076785
P40131,8419.3450630500774
P40132,12060.454302354432
P40134,11946.945122172376
P40135,11640.164934828736
P40137,700811.92657686118
P40138,8070.9261936139519
P40140,7682.7312798351959
P40142,8253.1642859645362
P40143,11402.295585519129
P40144,11735.163549374782
P40145,11735.271483070312
P40146,11735.271483070312
P40148,11735.163549374782
P40150,11346.968635596026
P40158,10732.222498272187
P40159,20506.910647484889
P40160,10608.49945867176
P40161,23762.302980069489
P40162,442198.73014589376
P40163,468821.00468873262
P40165,10732.222498272187
P40166,9468.3834399343577
P40167,7864.4964064169908
P40170,7721.5195445966674
P40171,7426.7570469248312
P40172,7426.7570469248312
P40173,7387.9687821633561
P40174,7387.9687821633561
P40177,10925.294995496704
P40178,11402.295585519129
P40179,11107.533087847289
P40181,11107.533087847289
P40182,11107.533087847289
P40183,11039.747919503954
P40190,11217.56852250321
P40196,10731.582960217351
P40198,10549.344867866766
P40199,10988.00264880252
P40201,10988.00264880252
P40203,7392.0833198621076
P40206,7426.7570469248312
P40218,9475.0759634777969
P40219,8998.0753734553728
P40220,9475.0759634777969
P40221,9475.0759634777969
P40223,9455.1765586012843
P40224,9180.3134658059553
P40226,8972.8507285522173
P40228,7085.5578726082531
P40229,6883.4203753811562
P40230,6705.5997723818982
P40232,7016.936894135255
P40234,7016.936894135255
P40236,7886.5498872877652
P40237,7773.0407071057116
P40238,7590.8026147551282
P40240,690126.49956807937
P40241,12689.752840402358
P40243,12390.346182716386
P40244,12643.441585879318
P40245,12503.855362898445
P40246,730336.99490643339
P40248,12390.346182716386
P40249,680483.96478740277
P40251,8212.0242782983914
P40252,682004.45341180649
P40253,7687.4117349444195
P40254,7687.4117349444195
P40255,7338.4266051083832
P40256,7047.3234925898687
P40257,12298.202982659092
P40258,7139.5854942087899
P40259,6929.2111834292919
P40261,735122.0047905345
P40262,12668.543224753796
P40264,12528.957001772922
P40265,12528.957001772922
P40268,11540.692972304249
P40271,11579.902756246969
P40273,11540.692972304249
P40274,725179.14114850166
P40275,734421.28548411932
P40276,12528.957001772922
P40277,12866.777021868244
P40278,759630.87725293392
P40281,12247.435674313276
P40282,12247.435674313276
P40283,725179.14114850166
P40284,7035.3503371484549
P40285,7001.012238066829
P40289,7001.012238066829
P40291,7035.3503371484549
P40293,7001.012238066829
P40294,7001.012238066829
P40295,7001.012238066829
P40297,7178.832841066087
P40298,11541.5599471603
P40324,9342.0911907180234
P40325,8962.0277706564593
P40326,8996.701497719183
P40328,8996.701497719183
P40329,9342.0911907180234
P40331,9342.0911907180234
P40332,8928.4893554652263
P40333,9139.9536934909247
P40334,9342.0911907180234
P40335,8794.2283725109883
P40336,8928.4893554652263
P40339,9031.4519699473312
P40341,6707.5496538179468
P40343,7035.3503371484549
P40345,7292.4499549436769
P40346,7039.2466180852134
P40348,7178.832841066087
P40349,7035.3503371484549
P40352,7035.3503371484549
P40358,6863.7115245031018
P40361,9130.6268526923232
P40363,8894.1512563835968
P40365,8928.4893554652263
P40366,8894.1512563835968
P40368,8928.4893554652263
P40370,8974.8006099882659
P40371,8974.8006099882659
P40373,9235.6864477396084
P40374,9235.6864477396084
P40375,9437.8239449667035
P40376,8948.2316446114637
P40377,6923.3028136735629
P40379,6923.3028136735629
P40381,9190.5537698438857
P40383,9150.3691418385642
P40384,9209.1174823628062
P40385,8954.0781735351557
P40386,8988.4162726167851
P40387,8913.8935455298379
P40556,7287.8131972201436
P40563,7296.5273118003206
P40601,7287.8131972201436
P40618,7843.3597870431004
P40627,12188.705754183064
P40657,10922.297428781998
P40658,10597.148828028299
P40659,10968.500749609504
P40660,10933.82702254678
P40662,7202.6251894025336
P40667,7154.8212292409989
P40668,7154.8212292409989
P40669,7154.8212292409989
P40672,7316.2423032801198
P40673,7316.2423032801198
P40674,7316.2423032801198
P40675,7316.2423032801198
P40677,7202.6251894025336
P40688,7201.1324837640386
P40690,7473.3817962377316
P40693,7155.4721623808473
P40694,7277.4540385186447
P40697,11460.851626190984
P40698,11072.656712412228
P40700,11859.495180727636
P40701,11589.289736244433
P40702,11540.692972304249
P40703,11757.723359246223
P40705,11757.723359246223
P40706,11757.723359246223
P40707,700147.36998268636
P40708,700147.36998268636
P40709,11757.723359246223
P40711,11540.692972304249
P40714,11579.902756246969
P40716,11579.902756246969
P40719,11334.416845116655
P40720,7277.4540385186447
P40721,7323.7652930416843
P40724,7323.7652930416843
P40726,7323.7652930416843
P40727,7323.7652930416843
P40729,7268.4383431185852
P40730,7268.4383431185852
P40731,394865.45023869822
P40732,9886.9491613718419
P40733,616945.48377867334
P40747,9348.9125478418191
P40749,10161.526961273012
P40757,9556.4529535751553
P40758,9029.3737419275021
P40759,9211.6118342780865
P40760,9029.3737419275021
P40763,9267.9275662560576
P40775,9302.6012933187794
P40776,9120.3632009681969
P40808,290751.84230376623
P40864,9213.0041101908864
P40880,9979.1696416069044
P40881,9621.1913310592263
P40890,9530.4188546517835
P40914,9393.8611461288692
P40915,9393.8611461288692
P40929,8675.6366200366538
P40955,7864.4964064169908
P40966,27862.015448435228
P40967,27582.677444147681
P40968,23328.656184528751
P40978,7380.4457924017916
P41086,27016.767640391878
P41090,28990.070729699219
P41156,9091.3561502923221
P41185,9267.9261067432817
P41232,626890.663575541
P41234,18396.482439556818
P41235,20064.287046073976
P41240,7511.0955031368576
P41241,9170.5353473938048
P41243,9170.5353473938048
P41246,9552.8522795854515
P41249,9637.2127271601312
P41262,9552.8522795854515
P41330,14045.622079048826
P41331,14010.948351986102
P41334,26819.578283715116
P41335,27562.242705965651
P41336,14363.990470475141
P41338,13886.989880452718
P41340,9550.0150964708919
P41343,9540.9994010708306
P41344,9413.8632531016883
P41345,13730.100479484368
P41347,299821.11810264381
P41348,13886.989880452718
P41354,9800.9778173357518
P41356,282377.43694273842
P41357,9741.0509001841929
P41359,9800.9778173357518
P41360,9800.9778173357518
P41361,13840.67862592968
P41362,317851.58861997182
P41374,28474.079136712018
P41375,28680.035958140183
P41377,28680.035958140183
P41382,28253.219836478413
P41408,9322.1896656781137
P41429,10161.526961273012
P41434,9737.1074616205806
P41437,9268.2631942371554
P41439,10058.564346790909
P41442,9865.5940491131769
P41470,9233.2523796805581
P41535,10140.990698574222
P41593,9317.7650441839032
P41596,8950.9647168169577
P41613,10305.626682017701
P41715,7674.3631404871157
P41741,8536.0089796769826
P41756,8520.8967169358584
P41764,9551.7029234083093
P41769,8567.2079714588981
P41812,8674.7755211800722
P41816,9465.7978705615242
P41830,8114.432822681596
P41849,8566.9445507699165
P41851,8566.9445507699165
P41866,9417.9906755678385
P41872,9704.6380565655872
P41873,9433.2370605618999
P41875,9845.4199736832943
P41876,9455.2862346908169
P41878,9506.2911233928462
P41890,9577.5019085964395
P41893,9732.5052323862183
P41925,9589.3251609969193
P41926,9695.2096732632399
P41929,9538.3202722948918
P41930,9589.3251609969193
P41932,9584.6315268179314
P41935,9584.6315268179314
P41937,9584.6315268179314
P41939,9732.5052323862183
P41940,9540.9421043551483
P41941,9697.8315053234965
P41947,9574.8800765361884
P41949,9574.8800765361884
P41950,9574.8800765361884
P41951,9574.8800765361884
P41953,9777.5380202381893
P41963,9845.4199736832943
P41965,9612.1756356591632
P41967,9612.1756356591632
P41968,9455.2862346908169
P41971,9455.2862346908169
P41973,9455.2862346908169
P41977,9314.3045915326293
P42030,9015.4739899977885
P42046,8911.1884066910825
P42100,283909.20694042742
P42104,23484.597791188211
P42235,323528.28067150747
P42300,8435.6790484133926
P42329,8098.6478613277468
P42354,7231.2668519207546
P42418,7604.8187473608959
P42430,9564.7183236537512
P42432,460697.97194996336
P42434,9509.3913737306502
P42437,9299.4138949911194
P42439,9518.4070691307115
P42444,7295.0118119403851
P42445,7295.0118119403851
P42446,7179.6657327162065
P42448,8024.6570439737479
P42458,9354.8481050730006
P42459,9409.4675123664019
P42460,9409.4675123664019
P42461,9409.4675123664019
P42463,9386.3555261358033
P42470,9791.938097655946
P42480,8099.3097952029566
P42488,9346.8483815835243
P42489,9299.4138949911194
P42491,8251.4755404678799
P42493,7412.5702363578748
P42503,7297.2241571336999
P42508,9228.9746823269033
P42514,9198.4832331746838
P42521,9244.7944876977235
P42523,9300.5371270604846
P42528,9198.4832331746838
P42530,9198.4832331746838
P42531,9244.7944876977235
P42533,9198.4832331746838
P42536,9198.4832331746838
P42537,9198.4832331746838
P42538,9198.4832331746838
P42545,7905.3369307021931
P42554,9244.7944876977235
P42556,9244.7944876977235
P42558,9244.7944876977235
P42559,9299.4138949911194
P42560,9244.7944876977235
P42562,9244.7944876977235
P42570,9244.7944876977235
P42575,7297.2241571336999
P42578,9244.7944876977235
P42586,9331.7361188424038
P42706,8725.356517496657
P42721,25967.857564710223
P42793,7023.6398929037277
P42794,7023.6398929037277
P42796,619785.20050135092
P42822,7160.9406064674586
P42824,9146.775050614724
P42855,9314.2388207790955
P42869,8741.4619395898553
P43033,9567.49546409512
P43065,247621.80369309933
P43090,27772.051673216851
P43132,8941.9490214168982
P43186,8955.5646840454174
P43187,229283.83348837029
P43391,9197.4290270538368
P43480,13200.342420418658
P43517,100857.7728513302
P43639,96409.007812848839
P43710,14128.445455424901
P43804,133234.50025012353
P43808,10248.627448046434
P43824,10074.823340522638
P43849,10430.549321833068
P43850,10430.549321833068
P43906,10331.090793146352
P43909,10374.531537286928
P43916,140719.91256208264
P43943,9252.1065666073482
P43946,8938.9192692057513
P43979,11769.469509780831
P43989,17470.355962836467
P44020,13662.096492561428
P44024,13336.467127760019
P44027,10311.335199290672
P01033,9971.0469430775247
P01063,40155.418093593762
P01079,8060.8326098434663
P01106,31957.463415443053
P01156,28058.838444797751
P01162,8848.7211169093571
P01197,11670.940878640236
P01206,8191.9029233740403
P01239,12071.455158850729
P01303,7992.7593542884897
P01314,27795.882244821983
P01315,34923.407302562991
P01332,61665.173798152049
P01379,11016.628694260406
P01443,32402.177542171601
P01463,12766.278029410074
P01502,29132.270938553964
P01510,8281.1659109141947
P01576,9353.3157972774006
P01623,37964.895082011593
P01626,47850.661667169683
P01637,15832.926479203545
P01638,47085.887051313897
P01648,7757.6073049333208
P01664,99283.101673332727
P01667,7820.9789127843178
P01718,10703.518815668283
P01741,41498.691535744241
P01749,8588.2483572891942
P01753,8125.3866336214669
P01757,7314.8245444202066
P01766,9820.6734406235755
P01770,8538.2011539057166
P01776,9452.9217773549044
P01812,53673.573122312417
P01816,14623.555412352038
P01841,30041.556211264804
P01844,63143.317123134279
P01859,7392.5239232867752
P01860,103000.72090939638
P01879,12642.011512796877
P01889,9418.0227073905553
P01918,27833.69950690573
P01923,29375.661656756045
P01934,8743.3017427787381
P01962,8533.7424557690683
P01981,28810.866407827551
P01999,12607.429069193053
P02025,8947.6100299978934
P02037,10342.0482582185
P02040,8485.3134170389785
P02053,9060.5978341769569
P02075,28699.06233033898
P02077,40533.088681377965
P02095,160183.68229832055
P02124,33058.384943527562
P02152,30085.31725836256
P02159,46733.363737860935
P02165,109815.639346064
P02178,34821.893387962555
P02206,14558.491867990026
P02228,51202.464236532367
P02232,107628.47572147912
P02241,10860.427081419748
P02284,27812.694122505585
P02285,28775.322970113528
P02408,10285.761186852307
P02423,9075.8118630671379
P02435,29617.993142019739
P02442,27705.451948902672
P02459,8795.2639662336915
P02508,9321.9322172761458
P02521,10866.5838084692
P02535,8546.6858482991047
P02536,8692.8221841928898
P02541,49709.291068133964
P02546,47347.099411057512
P02580,27331.807220940005
P02586,9919.4926813647598
P02685,7928.7321826328371
P02689,10166.013551136728
P02805,8166.3104372193993
P02808,5899.2409291997028
P02812,8114.8133277946217
P02852,9750.3277613881473
P02863,8924.0400366361064
P02886,148679.77894501184
P02887,171690.25637429734
P02888,9531.6135452209164
P02913,10599.571822774167
P02921,10567.700910655463
P02923,7488.9139466311208
P02978,86092.630838795012
P02982,12070.297598075336
P03028,10999.594296157942
P03068,7656.2786995782953
P03070,7691.4314532709614
P03157,7304.3698618082381
P03178,27411.280151592211
P03201,11493.637996276544
P03213,9912.2270206550656
P03225,8140.4253420367932
P03332,129981.25310116836
P03337,8043.5479485908363
P03343,7368.3103732909985
P03352,8464.4789769938361
P03369,8452.5166886178231
P03439,11546.736328835859
P03444,32278.097298879329
P03452,8063.2784106383151
P03458,9110.3091564445713
P03459,8882.4402670380623
P03461,7805.3631950019299
P03462,7697.0752273803446
P03463,8215.4084982236818
P03578,12682.342082120598
P03602,31544.887637148939
P03628,9534.7025935102993
P03631,8274.4077527150112
P03654,9111.3965867169754
P03675,11585.187614425242
P03684,8959.5181672692343
P03696,50114.465416227358
P03724,11183.33649685202
P03751,7292.853578093851
P03772,11530.182438677724
P03786,41334.047145369928
P03808,8059.27363382365
P03809,7541.2841729852917
P03815,41079.618899077599
P03908,10671.387698728677
P03923,38898.156895868087
P03933,10223.984475591067
P03934,9355.0091877201194
P03935,11902.67264006898
P03979,10153.066763667648
P04044,47862.410357336412
P04051,26086.387137881065
P04070,13028.829773062223
P04101,42469.646214034197
P04108,8144.7410829020737
P04127,28165.398817169505
P04133,39962.632187164687
P04143,41028.181444683811
P04161,41563.081676568661
P04164,41036.798526818842
P04169,59629.320893886579
P04213,34099.918754165526
P04251,9587.3812367352839
P04273,33583.965456759623
P04285,29660.259802639252
P04291,31021.264795131647
P04329,43026.659210315775
P04334,11393.857428390313
P04386,115872.39486036988
P04387,7770.1646067387155
P04393,7313.4908803571343
P04394,7640.3170807091337
P04396,8121.6876958074899
P04398,11345.095260339796
P04403,93932.90680376938
P04408,45785.918910085842
P04421,47373.215070503
P04434,12918.23761425149
P04466,45847.90533694825
P04525,8816.5639293822824
P04531,6433.9953858220651
P04560,6671.2490179399174
P04564,25251.825767573584
P04567,27762.389296823872
P04570,44894.506369488117
P04598,10567.106063691261
P04599,9497.4067957911102
P04689,30720.807853448059
P04690,31840.322701139183
P04691,16405.906809417611
P04697,10327.342461617229
P04700,10006.588565852771
P04736,7795.2979958376382
P04758,34858.042756674564
P04771,9570.6410803597446
P04830,8867.2170039306075
P04831,8889.6601492210721
P04834,28325.42704745353
P04836,27829.783539624961
P04873,7245.7839096320786
P04900,8886.6680461280375
P04901,7927.2611237968267
P04909,8209.8852191630031
P04924,8145.7079205629307
P04960,28009.534309285398
P04964,8257.0753357797548
P04966,8394.2359408744305
P04970,96733.669507320927
P05039,10774.357306739956
P05049,40280.602889396978
P05059,7750.9744373622671
P05081,45373.805378882302
P05097,8352.2970716625969
P05098,7970.5430206853707
P05099,8243.3448281222663
P05107,7946.6726330245983
P05109,29094.370335100128
P05112,7174.8774626768136
P05113,7173.0406004542783
P05114,8053.5422376418283
P05136,31160.956355242062
P05138,29913.106227041531
P05141,7986.4738849562891
P05142,27786.386394600457
P05143,27533.54410420288
P05148,7629.1857811768714
P05149,7361.0559123957973
P05156,11231.815670201162
P05258,11166.86451039344
P05283,8155.8800302666386
P05284,8944.1960174925152
P05286,8911.9684605592083
P05288,28458.079594297851
P05291,8681.753191960499
P05292,10694.396148754378
P05302,8287.2766084365066
P05362,30939.378847569817
P05392,8778.3357664083305
P05394,7402.2010120321029
P05408,10505.173632846494
P05441,9989.2453162854399
P05443,38090.122268847328
P05455,11142.442028891088
P05460,8948.6025922048102
P05537,12002.820696534511
P05556,31753.482808520181
P05558,29084.376627560407
P05704,8619.1313332491882
P05705,8615.4478329119847
P05712,7604.5131624954956
P05716,7994.1125200575616
P05762,44941.803249815923
P05768,54267.879123955267
P05797,7741.2787143403038
P05801,9226.2547558673323
P05805,10127.677973979909
P05812,11516.40771646692
P05838,11274.816242697869
P05864,28773.330426622608
P05907,86844.928085644788
P05944,7775.996218000324
P05949,25780.444102302925
P05951,7784.4178851390971
P05968,52319.567675062659
P05977,27981.901529101226
P06069,47919.937647482657
P06079,36878.974405758592
P06086,8071.3243599994348
P06087,7697.4757802625209
P06088,8865.1868175472264
P06145,94926.789985608862
P06151,12768.852501504531
P06159,33047.119263039494
P06170,98236.014338049237
P06171,10647.314030145782
P06187,11897.891053004723
P06201,29903.412150371722
P06230,42375.859037449634
P06236,6812.2562718403206
P06273,3998.638168278791
P06343,28345.604083429931
P06344,27175.63991074888
P06352,9551.4744084840804
P06376,103941.20271288148
P06378,37266.136796036248
P06379,11770.041313069371
P06380,38334.20983835659
P06383,101720.19874322411
P06385,8914.120541125867
P06386,9601.8994843682249
P06387,10415.805324878129
P06388,8280.5048938092223
P06399,9330.3641832085523
P06402,39520.420032017217
P06403,106677.23915551289
P06404,43645.926930337111
P06405,42334.078025583884
P06408,39889.150000896123
P06411,13076.678427791465
P06413,9577.7653046100913
P06416,10464.432990962578
P06418,13687.085480872667
P06420,14151.319623365656
P06421,10839.836059596431
P06423,11241.916844560405
P06428,10942.175585620793
P06430,10336.145305162156
P06447,13168.67309244816
P06448,9991.2655032988405
P06573,9793.933427460126
P06870,13019.693112310058
P07133,42457.984478564882
P07139,42172.525821147763
P07154,81927.678100877703
P07158,96408.578525128163
P07159,41972.808727294512
P07160,105489.92579166782
P07257,42684.895891566994
P07259,42619.299328319656
P07293,42085.950593991394
P07294,39076.664011473433
P07298,10247.46286062778
P07299,10702.20297617808
P07506,11018.534297858338
P07544,111471.48475583315
P07546,97072.580572415362
P07547,12980.267585621656
P07555,105362.64426545512
P07556,9513.1307787599035
P07559,87516.029057516629
P07568,40184.622495589247
P07573,102400.75204497304
P07576,44967.412589391133
P07578,40326.133031142759
P07580,11995.523555082156
P07583,10489.6417681863
P07589,105224.05956069435
P07590,102785.11847646003
P07595,41769.566716809903
P07598,11774.110229055594
P07599,111982.42014778274
P07600,106364.91489185466
P07601,98481.033278422794
P07617,11640.319721040991
P07619,134056.22001899479
P07623,133277.99395908049
P07625,102542.2904186762
P07627,42775.252453998095
P07633,41605.611095723376
P07640,11208.426776709321
P07641,44552.493064290247
P07645,106699.81235225013
P07646,101665.21553929673
P07655,11002.138161835501
P07656,41202.501230924798
P07657,12673.690937563197
P07683,115655.8313229152
P07684,95229.026850840004
P07692,11968.612907124603
P07694,12336.940041266957
P07696,9114.7099350532244
P07698,8410.8201084424072
P07702,10145.114768259891
P07708,109408.00339004706
P07709,87975.04706068596
P07776,13018.157952694568
P07777,12461.375816628117
P07778,11567.573972846543
P07780,108988.38101157596
P07783,8994.6113899802804
P07784,97793.035005590922
P07790,8002.9622747791182
P07994,7328.3074296882696
P07996,9735.3519429747721
P07997,8404.5729152155218
P07998,8207.7021887122755
P08000,43728.787142657537
P08005,10214.042521690317
P08006,44322.353204175786
P08009,43439.684883432303
P08012,41807.972650108495
P08014,42287.154204911967
P08171,38853.264982886205
P08172,38337.186083901361
P08181,106941.76088955712
P08187,99450.010594519685
P08188,8327.357593092569
P08189,101401.53442464418
P08191,8051.2825307838466
P08194,7610.8686403408828
P08196,7334.6302306896323
P08200,96026.511293412623
P08201,95578.038350925417
P08203,9324.5009785671118
P08217,7942.5917051618126
P08222,13667.327638921795
P08225,11543.77123647374
P08241,114546.5423057992
P08242,10722.044024648014
P08243,11458.435706536489
P08281,49799.280444570613
P08320,14288.183267748736
P08322,108664.79658746682
P08338,95254.869822094377
P08340,90781.184067972397
P08344,9061.6599978425002
P08346,9436.8317339442074
P08348,7946.4078059270469
P08350,8679.761119255767
P08353,92169.143419061205
P08356,42377.45439837531
P08357,8473.8162484365166
P08359,92387.587980106939
P08363,8306.2512853187764
P08364,8015.0165319024891
P08365,10849.035891359399
P08367,8367.2087982436497
P08368,41050.915924158413
P08369,7359.765936958087
P08374,99039.021998544995
P08379,42616.619689819607
P08380,43002.779434071403
P08383,8045.201095572902
P08387,42248.942324396819
P08388,42123.158582815282
P08390,46624.94092633047
P08392,40412.373920190686
P08396,7435.7131062674307
P08399,94360.918791834687
P08400,8198.8321496824428
P08401,7465.7002319701132
P08404,101484.63015545713
P08405,8352.4483999433651
P08406,8087.959898273697
P08408,8141.3841995326693
P08411,37801.520954646548
P08412,41179.619540074498
P08446,99725.998546105315
P08448,98955.728749024536
P08450,94303.705320125679
P08463,8594.4886440632908
P08476,9911.6303390442044
P08481,9752.3994388804167
P08489,13020.991402432996
P08501,9986.1379729631735
P08502,8289.8314635915594
P08524,8928.2887152546391
P08526,9020.5558217320795
P08527,12302.553998184414
P08587,10554.440469561188
P08593,100901.0132780187
P08602,9904.4992738405272
P08604,96986.979448849655
P08609,43470.749100330569
P08615,106988.21728966141
P08616,107498.12686434126
P08617,97449.444302414966
P08620,132045.94820788305
P08624,8947.6685790544725
P08625,7739.7962896481476
P08626,44873.120268209474
P08633,8243.4697244401978
P08639,8721.1584145674897
P08641,93616.910042565927
P08644,87803.49610447773
P08648,90766.686108264446
P08650,9416.4977568733921
P08655,13087.665430791354
P08656,116013.75669630805
P08657,9053.2502108402805
P08659,11448.829338405292
P08660,9195.6227946096751
P08749,10897.140674115935
P08785,8344.5400813900669
P08789,8253.0143323444208
P08792,9062.1791749503991
P08793,91054.122694117643
P08796,7607.2988560005761
P08797,8104.6627029226511
P08801,8560.2996424929588
P08803,8171.3088477784186
P08804,7340.2132074539986
P08805,7987.0819534967159
P08807,7736.1724677048396
P08809,8243.1217734708371
P08810,8041.8660024977871
P08812,7847.2355475016811
P08815,7546.8474596749356
P08816,8559.2417494127549
P08817,8233.7673050638514
P08820,7304.4013658189942
P08821,9508.7519944512114
P08822,8178.1571918523514
P08828,8125.1705825736099
P08829,7444.611176017137
P08830,9067.4828069222312
P08831,8119.7220636922648
P08832,97098.595333320234
P08834,94931.406896751461
P08835,99327.517778233581
P08837,95039.130471804281
P08842,7494.3500724888072
P08843,7662.1820274939964
P08844,8334.4115154577776
P08847,94627.18638621128
P08849,89605.023431688867
P08850,8970.8661155068658
P08851,8988.7838000413904
P08852,12030.738773536856
P08853,11179.512284676592
P08856,11772.567885851136
P08859,20828.85384040829
P08998,9320.8796656406048
P08999,9899.1969849154902
P09002,10455.121021271225
P09004,10712.337773832003
P09009,11149.117010042612
P09030,7874.413724854061
P09031,7876.0586578443726
P09033,7905.0855722657107
P09034,8294.7196223800747
P09036,11539.808131575486
P09037,7290.369968474577
P09038,7306.3603323786483
P09040,7912.1412490824623
P09053,7599.8828222306074
P09055,101993.1922754562
P09056,100468.55641828204
P09058,100706.16860039148
P09060,98136.047615279778
P09061,8900.924889728125
P09074,10397.974554620943
P09077,10146.260796883929
P09078,10567.044092721218
P09080,7887.9897993817176
P09082,8700.261416207999
P09085,10708.644420406965
P09088,9389.1679209579015
P09089,10063.551427074945
P09094,11101.959491516753
P09097,10467.366215331454
P09099,10303.021553254172
P09101,10030.075381887826
P09104,10243.61931558069
P09107,108003.27600817411
P09112,36756.558546677763
P09114,108143.195887102
P09115,122845.52392209656
P09116,97137.339017068123
P09120,10814.01534798896
P09121,11006.708665464475
P09126,103538.24667271235
P09138,87492.787358193484
P09141,92172.427442283821
P09145,43389.714738444789
P09146,40804.108012852215
P09173,8764.7111004443686
P09194,10948.490764660251
P09196,10718.589627367526
P09197,46622.395850040542
P09202,8730.8523820179544
P09203,50200.547601291415
P09210,10303.600621446672
P09346,7867.2079934017856
P09353,7563.114252137424
P09359,9957.9045792679935
P09362,7719.7372984703652
P09368,41149.74914804133
P09373,8874.514118600604
P09375,8516.1496871494383
P09377,9826.8465372268784
P09378,6893.1551418923045
P09379,8208.346347677445
P09382,8419.829620717388
P09384,8079.3090274833194
P09385,7898.5658676205858
P09386,9135.1692452222196
P09388,7907.630915944068
P09389,8109.9328994040116
P09390,8853.8044299178473
P09391,102587.76105921484
P09393,39527.040636509962
P09395,42635.993127101086
P09396,42293.557575009385
P09398,95870.570988620035
P09399,8221.3526575324177
P09400,96200.100515909595
P09401,37968.99408447904
P09449,41955.563445371547
P09450,46776.609729355201
P09452,45640.422778716296
P09453,9261.63525294793
P09454,9383.5196915883716
P09455,41348.961446634319
P09457,7442.6262848699334
P09458,7725.7592811507711
P09460,8024.3336918751229
P09461,10886.999298759216
P09464,8455.9681037166229
P09465,8178.0873344645297
P09473,47933.842923403412
P09474,42451.624690552089
P09477,41462.219368989827
P09479,38037.980722802757
P09482,38076.443935041418
P09484,99099.789575988558
P09487,7563.4232417566891
P09488,7751.0367287213121
P09489,94940.088195154458
P09493,7798.8172007974463
P09495,8631.3577270776805
P09496,7512.7804055250817
P09500,8380.1766942392387
P09501,8055.4204075715388
P09505,7512.1170803675814
P09506,8223.3920679751282
P09507,7175.0883144712425
P09509,7365.3871385091188
P09510,9471.2173142705833
P09519,7231.3721881169477
P09522,7777.7249892779837
P09524,8394.2598245875779
P09526,7858.6836203028761
P09527,8369.5770448484836
P09529,7764.379342724762
P09530,7702.6393359924732
P09533,7804.461521527388
P09534,8284.1217168221156
P09538,7801.0537120931003
P09541,7826.1728594272136
P09542,8188.9541220441206
P09543,8288.153898198394
P09546,8824.5151069556523
P09565,8020.32260707366
P09567,99931.825391726277
P09570,7368.9773482933269
P09571,7610.8183043227291
P09590,9037.9987130275003
P09591,8034.4853323945354
P09592,8131.952291762067
P09593,9709.2340954737592
P09595,94390.505926484446
P09596,42016.54109757136
P09597,43577.475905681
P09602,39404.934727124011
P09603,8552.0980309565384
P09604,7573.8533367745476
P09606,8282.8720944555062
P09609,8024.3336918751229
P09612,42954.377548116194
P09614,41573.765288992312
P09615,8071.6233328930284
P09616,42541.2360438545
P09617,44223.039768362767
P09620,42432.333240966742
P09621,8017.6513946427258
P09624,8269.9415319336294
P09824,8904.2493875809014
P09906,11838.890639031761
P09909,12677.303613961692
P09910,12663.711556940931
P09911,10968.937682177768
P09912,10559.723544959488
P09913,12792.340462600239
P09914,12877.59729506158
P09915,12369.567674383983
P09916,13834.539377677838
P09918,9893.1367948565476
P09919,12114.749433926729
P09920,13062.935414777832
P09928,8171.7301928956513
P09992,11798.063995225652
P09997,9655.6233833089664
P09998,9954.7164404282194
P10012,11802.847711161428
P10014,11250.695151968255
P10017,11865.734800843664
P10018,10580.533750072023
P10019,9668.2183456422244
P10020,11076.50708213026
P10023,10881.322585049824
P10028,10862.386854595488
P10029,11480.652570601304
P10030,12636.908967422209
P10036,10707.526879450104
P10037,12450.690130871068
P10040,9105.3764550799442
P10156,12375.905156146666
P10176,11719.803792997636
P10213,97137.690960984983
P10215,95586.680889635594
P10216,107538.64818492169
P10220,103132.8386852465
P10221,98822.952547745183
P10366,12077.580752665959
P10393,9956.5939192393489
P10394,11369.574637594242
P10404,8416.4922037342949
P10405,8560.9512019204267
P10426,10144.509375342854
P10431,8899.2523275735803
P10432,9260.93168050231
P10434,10845.807990506268
P10435,10249.598524727253
P10437,9425.2133089659055
P10449,10404.145287069339
P10531,8282.6585983822988
P10628,8840.0529212378387
P10629,9737.1501543247141
P10630,9312.7923731754781
P10632,9223.9384440957783
P10637,9660.0509023932937
P10666,177296.54429726314
P10670,8250.9272053460554
P10673,9201.4735561574762
P10680,11007.554065184509
P10681,11139.723505179229
P10682,10524.822475140376
P10684,11560.01114951347
P10685,11202.473964782061
P10690,11634.86436830803
P10691,9589.0631897752719
P10692,10829.157077919726
P10704,8889.1024636328075
P10715,11287.978403405205
P10734,44731.697936030803
P10735,10744.090343378401
P10736,10998.908152869511
P10744,97509.994302528139
P10745,84077.890809390694
P10767,11579.235894851645
P10775,11534.952370834417
P10777,13490.036313982677
P10778,9860.2039529144022
P10780,11993.747546798497
P10782,11083.086142682399
P10783,10931.939386294584
P10784,11581.873026594092
P10785,9600.1234122302594
P10786,10908.970682099656
P10791,10839.060477094939
P10793,11026.447392191089
P10797,11476.009314242743
P11065,46035.392952892587
P11086,9066.6001250623776
P11117,39453.724131676121
P11171,6774.9785242052712
P11233,10217.873559762877
P11236,13179.362971773293
P11241,12816.072861635819
P11246,10052.302692275156
P11248,10341.83521245157
P11249,11734.679028149383
P11252,9357.4955999848462
P11255,12066.970513911623
P11256,11849.027214902511
P11259,13064.346066399055
P11260,12386.515135547095
P11263,11894.141485889892
P11287,11142.819777461937
P11290,10725.144292754332
P11292,189524.13199125903
P11293,213142.83723642401
P11297,2756.7860653738931
P11318,9601.8313870130041
P11323,12092.575060618659
P11326,10930.666462127851
P11328,10069.249221681919
P11330,10930.666462127851
P11331,12118.427197905865
P11333,12413.831708635707
P11336,11537.103573935772
P11337,11931.871916833516
P11338,12349.967792605201
P11422,11808.343086586199
P11507,11697.669086762671
P11508,10888.457343223412
P11513,11730.589174559096
P11518,11236.828494589794
P11520,11337.789652278823
P11568,45876.128595157003
P11588,40964.779327632685
P11683,11794.115093786162
P11702,9738.0920872064926
P11765,11569.522280400532
P11766,10227.055817380229
P11774,11535.615961622305
P11777,11487.44360309267
P11779,10734.661620235944
P11780,11332.151773397542
P11782,9215.2906760558435
P11783,12037.974387167727
P11787,10113.288629828716
P11788,11792.415203030538
P11789,10338.861277858192
P11790,9466.7971126384618
P11792,12170.127443367985
P11794,10343.021684175534
P11796,10400.187581164557
P11797,9987.4497746148263
P11799,12342.065150733391
P11800,10754.055463708704
P11802,9386.9044154769672
P11806,12830.080762339698
P11807,12814.287449158766
P11810,9145.6780760500224
P11812,10411.032736954265
P11814,11464.554356539444
P11815,11883.165108277528
P11824,9001.9961167349502
P11825,8359.8751927872509
P11828,9179.9174077031057
P11829,8785.4472181425263
P11830,9182.9263249765718
P11846,10401.796360989109
P11847,10123.221627291345
P11854,11268.363157878764
P11865,8658.5744106226302
P11868,9683.2219432762558
P11870,12431.29167554905
P11871,11117.160230981841
P12023,42894.175100117442
P12101,44062.945204780437
P12102,46013.695146055281
P12104,11394.544912446185
P12107,44558.905788040509
P12108,45033.032472207567
P12109,45519.94894947463
P12116,13563.297680182382
P12136,44033.617308498215
P12171,9694.1661863044465
P12180,8767.693308088812
P12212,10127.219311445597
P12213,11283.997612875724
P12214,11381.489265541604
P12215,12367.977875424893
P12216,11139.327803006719
P12218,12502.548869215982
P12230,19647.415766680329
P12233,12387.274172734707
P12236,10674.935791856646
P12237,11477.629883895668
P12238,12138.10084947866
P12240,10418.356689260914
P12242,12161.297115800771
P12243,9840.1285257079417
P12244,196955.67214362783
P12318,226238.94136867637
P12382,8450.7245693300756
P12439,11909.905559632243
P12440,274643.00825505349
P12444,10462.72928745846
P12445,218008.86096070943
P12450,9173.9057231978168
P12453,10453.733176225016
P12459,10789.892949956942
P12462,11096.939277443176
P12463,10314.478964203579
P12466,10465.01257859854
P12469,11106.083647679145
P12473,11266.771641985461
P12478,12377.798079950062
P12482,9592.5732482460899
P12488,12021.408400097263
P12498,8755.013534105954
P12510,9503.6014951474444
P12513,8353.0281274229019
P12520,12185.145014019148
P12522,10394.041309492621
P12523,10905.351927776035
P12531,8792.8838187757719
P12534,8678.5790742385725
P12535,8271.8372766833636
P12537,8578.7835638464931
P12540,8686.1465342073607
P12542,8766.2102637246244
P12553,13045.265504426883
P12555,10705.550465104374
P12557,10698.912908010499
P12564,8966.4232958405773
P12566,8794.9122896957924
P12571,8858.2966559105043
P12572,9544.2509582706207
P12573,9393.4749885854435
P12575,9697.1271286735537
P12576,9091.8118106689908
P12577,8370.4992183499962
P12578,8875.6831199037151
P12647,12030.163461236769
P12650,10891.661453428884
P12671,262938.62462060712
P12719,8691.9012621029069
P12784,8960.8774139947236
P12828,11046.865902106949
P12926,12253.146233319099
P13011,11964.405169865327
P13013,12278.681617920178
P13041,49047.129389253256
P13050,8266.200362513031
P13055,9146.5111861209807
P13059,8723.5746121855991
P13094,8267.3371896029275
P13097,8899.3574173340712
P13098,8517.8222646346185
P13193,204571.98696993923
P13222,9540.7825934520315
P13227,10545.239193112142
P13459,11289.548922566257
P13531,43473.097154509756
P13647,11912.721291463542
P13654,10356.885557486185
P13664,9169.9576689638998
P13666,8907.877717011379
P13667,12340.206279237967
P13668,10659.42969650458
P13670,9920.8532553650402
P13672,11334.836695737744
P13673,12448.766529507631
P13674,11839.901293826331
P13686,10280.347258921163
P13687,9461.8836151993182
P13688,9337.1820347752127
P13689,8864.6579020322533
P13690,10299.844901917257
P13692,10093.556387238046
P13695,11888.217878830585
P13697,13522.492307557461
P13782,106658.97540089092
P13792,52750.646353922668
P13867,8776.232326004334
P13868,8859.665403046849
P13889,11765.439396956555
P13890,11515.999108734064
P13901,8900.0801814668739
P13909,8379.5453655524252
P13910,9243.4721708179168
P13915,8636.6417518994349
P13932,10032.35495769593
P13933,12420.277944427637
P13934,10765.26334369538
P13948,9227.4673169203579
P14010,199955.63609114825
P14011,188618.26939220229
P14012,9728.7230911633342
P14014,208287.86495909863
P14018,11331.17541826384
P14020,10301.947976120638
P14021,12144.931982946367
P14025,4112.4249306306956
P14026,3657.9891955330568
P14027,10144.158695148177
P14029,12314.147072521748
P14030,7504.2327949352548
P14089,10223.028171632584
P14092,8757.6368465174637
P14123,222237.00226283108
P14142,11939.001855718863
P14410,11847.123787303404
P14411,11568.911946096983
P14414,9611.2578384643766
P14682,12642.528437310984
P14684,10132.13185183769
P14737,53668.15224053814
P14745,11378.916581520372
P14785,9060.6973834240416
P14813,11130.504806156205
P14816,12005.586555841321
P14821,11889.438133159483
P14840,8687.6776382160897
P14853,9518.9345778293864
P14854,9184.4343972831084
P14856,9086.1957632375306
P14876,8469.3419966817164
P14878,8887.0720455654046
P14880,8850.0526434562671
P14887,8740.321231523696
P14890,8507.260061617766
P14893,9237.8268141521439
P14898,8592.7807864633578
P14906,7757.8848967377999
P14920,11348.374339216434
P14921,11098.919941582411
P14922,10992.151910231994
P14925,11585.308439648888
P14927,10574.106662316048
P14929,8096.7287282527432
P15034,8933.3512319383335
P15035,8268.308197453709
P15037,9322.5872098108593
P15038,8897.8417589600322
P15040,9791.4587468970803
P15050,11471.862410371999
P15051,10558.077431175128
P15175,9728.0100092018965
P15176,8970.8230036794084
P15177,9284.0881738806493
P15183,9321.9533185194632
P15188,11814.44093574157
P15191,11459.074106410282
P15192,11850.063535584488
P15196,11679.888560247609
P15197,11680.281990701009
P15203,8832.5773148002445
P15204,8608.117756933374
P15205,8825.6847429590707
P15206,8685.7601865063189
P15209,9320.7350124729492
P15210,8804.1797287591762
P15213,11907.850918434917
P15216,217936.71415546621
P15218,10079.268030029483
P15221,207567.37026961561
P15222,11540.853680049524
P15226,9213.2878230914721
P15228,9342.8404109560324
P15229,8646.8236602976103
P15233,8610.8703628698713
P15235,9571.8034329310394
P15240,9436.7178701034045
P15313,9908.7154836105892
P15314,9963.3760281284176
P15320,12250.24176377026
P15324,10797.497161075469
P15326,11735.371569974721
P15333,11095.422100515978
P15335,11250.40317475315
P15337,9072.0034637414137
P15338,217638.0530235394
P15355,8906.6544374068835
P15377,7202.323355817909
P15414,8069.7525445402571
P15446,97206.154755868294
P15551,10173.920283212479
P15707,11386.387443831776
P15708,10838.249954276258
P15709,8962.7388872652373
P15722,97316.554606137724
P15723,105579.64943426492
P15724,95303.487019118678
P15798,203763.68446700275
P15824,11474.757534510218
P15856,12346.192251748058
P15858,8707.3951918225539
P15859,8496.4665740440942
P15886,8521.9255434397382
P15890,10283.006689779651
P15891,11451.350058365915
P15897,10802.591882213392
P15898,11539.032783712775
P15907,8474.210207543736
P15909,8755.4286196193862
P15910,9082.0183796758793
P15924,10269.902397760829
P15925,11529.1498218915
P15926,9436.1461586789646
P15927,11303.438855171466
P15970,46433.453304406357
P16070,7271.6197182524302
P16090,6380.3222545614954
P16097,7583.27889575683
P16158,10699.933346947209
P16161,12248.244629791232
P16162,9808.9342159026892
P16163,10151.05481633357
P16164,8104.7487331384873
P16169,8937.6547512656107
P16170,9301.9495465823238
P16171,8590.158010728519
P16173,9536.1472106691817
P16175,12679.561220715905
P16176,13297.972303793231
P16177,13088.44655934587
P16178,10475.379037261537
P16179,13165.402569097589
P16181,11249.533101020144
P16183,10449.654930824909
P16185,9869.5069913771968
P16186,11212.385784371094
P16187,11406.801817211404
P16188,9866.8120862588385
P16190,8815.4281660963097
P16193,11272.267786074994
P16314,10235.851521700772
P16315,11538.005213097371
P16392,12111.976902944874
P16415,12097.703078428069
P16491,193851.71813581631
P16493,206079.86647389253
P16494,211703.27181353979
P16495,207391.39964951231
P16496,10035.623948987351
P16498,11585.308439648888
P16500,11141.272546647364
P16501,11172.159578237701
P16503,10854.988315350403
P16504,11726.87278261969
P16506,11509.039899417276
P16507,10668.85643391843
P16516,11721.878773794197
P16517,10840.837479341204
P16519,11983.744771640086
P16520,10058.159513196952
P16521,12029.416709737628
P16522,11787.117830313256
P16524,12104.923407402031
P16525,10613.41560997982
P16526,11792.960130515259
P16528,10244.229989552419
P16529,9494.5584234786056
P16530,11794.777580307204
P16534,215264.51756056209
P16540,11737.920668606475
P16542,12613.365641350378
P16544,11498.363480545637
P16545,11455.981927212601
P16546,12724.47286980412
P16548,12059.235725600884
P16550,11421.841744053456
P16552,11285.937095350264
P16558,218654.71358845205
P16565,11005.863526936902
P16566,12042.461989412021
P16569,10979.99424171518
P16570,11330.975098597341
P16571,273040.76036266761
P16573,11289.615565047296
P16574,10036.368490856952
P16611,12317.216660142458
P16643,8506.2129953541589
P16660,9351.9357033392298
P16661,11449.788220460909
P16687,104846.56531144616
P16734,8107.4264160360508
P16735,8107.4264160360508
P16736,7593.6894684750623
P16744,8158.3230341092276
P16750,7121.63140916466
P16751,7363.0446645190495
P16752,7365.1468820901464
P16753,5970.1024359666444
P16756,6520.506271993454
P16757,5785.0022269823749
P16758,7205.1922063528327
P16762,5818.8234815782525
P16763,6104.8935532031319
P16787,7143.6044787206738
P16788,8606.2722977763042
P16789,7882.23215359401
P16832,11239.040259834641
P16834,11160.3139946353
P16867,258825.87207362556
P16893,11901.517276802006
P17133,12687.652868000252
P17136,12181.94101114646
P17137,13048.673897278786
P17147,9365.393686068348
P17148,11118.663660284608
P17149,11763.623170422965
P17150,10116.729699358308
P17154,10521.342732005269
P17246,11506.860447766188
P17248,11621.301366319824
P17249,11548.417020656852
P17255,8889.0854608566951
P17256,8993.2756801458163
P17257,9395.5898848359484
P17258,8905.3954599891113
P17261,9441.3285856015136
P17262,8671.4323750650547
P17264,13727.024694549424
P17265,10922.277188506559
P17278,13576.259453511377
P17287,11425.585662555481
P17306,9854.9761732017141
P17308,8947.75224751102
P17309,8899.6579909798056
P17313,8698.4476303703777
P17314,10454.8739837841
P17315,9026.3557086914352
P17317,9025.5041386709927
P17319,9320.3623361727969
P17323,8375.1849511920809
P17324,8874.9941755943219
P17325,10242.629060706766
P17415,11622.208699089975
P17422,10073.084212659767
P17424,11672.219330016367
P17442,8038.0283397240491
P17444,11283.624121876441
P17447,11028.436438961926
P17448,11519.016927769941
P17479,11580.856335606764
P17482,11125.580623225263
P17483,10760.038424806153
P17486,11606.944572346019
P17501,7966.0414757351609
P17502,7833.1881052571152
P17503,8524.9225988035723
P17504,9163.6888030937807
P17508,6486.4267121183766
P17518,6230.2893542433194
P17521,6531.3093482111444
P17523,6858.8311256229244
P17527,7089.6397849573477
P17530,6246.5897247168687
P17539,5848.0572501904862
P17540,6350.0947146825456
P17542,6559.2537603725323
P17562,48171.540739789401
P17660,9188.1780870272432
P17829,8741.9472696850753
P17855,10132.912960077738
P17856,9921.5343050778956
P17857,10202.792466353858
P17927,8932.1800957538726
P17934,8863.2603876763824
P17964,8764.9137240142918
P17974,9175.0086899626313
P17993,9480.8821343748277
P18049,11482.101492110343
P18051,11304.129784556369
P18053,11439.375143569034
P18054,10680.409352625027
P18061,10572.491189183917
P18063,11104.718988397774
P18065,11381.822909313036
P18123,8240.7615049287997
P18127,6606.9501473225173
P18128,101884.38027128096
P18156,6290.6287008250547
P18157,6169.9386579128586
P18159,6563.2406623851602
P18161,6085.5924911400289
P18191,6781.5926174933447
P18194,6056.7291333416506
P18195,6094.6522879626173
P18211,5346.5908586380647
P18217,5641.6761301626248
P18225,11616.475843487256
P18227,11725.124088133183
P18231,11943.555790489228
P18253,5934.8003440723478
P18258,6974.3255313991976
P18259,5733.1125493172294
P18261,6639.3659447589598
P18262,8079.2587585742476
P18279,6725.6324977286567
P18281,6039.7227022153929
P18296,6000.4782002916072
P18300,6197.1250801930328
P18434,8092.0971783956084
P18460,6283.3676275749494
P18519,6219.6710535652055
P18522,6229.6876219107726
P18557,9083.4338601273885
P18558,8453.1827299094948
P18650,8895.2746297945341
P18651,8883.5921278502974
P18654,8785.1585563675071
P18655,8964.6851560388313
P18656,8532.9170254850615
P18731,10422.282313813899
P18735,11975.393905186584
P18739,11413.530112437142
P18749,9589.0066422165182
P18752,11532.263475022572
P18755,11795.031529077558
P18769,9465.5752629283688
P18771,11303.212889874094
P18796,7912.7613555622884
P19035,8357.7059560055532
P19037,9272.840862460378
P19038,8279.9304554726587
P19041,9894.1912167615756
P19052,48403.825370372928
P19124,8861.5756060793392
P19250,15079.747924982332
P19252,14745.272586874766
P19253,14873.258910503817
P19265,9467.1239720981521
P19282,12638.99897999353
P19573,11949.840312911208
P19574,10777.652077197774
P19590,11390.747748959511
P19599,11737.928424627482
P19630,11748.126008035029
P19680,204533.31997943181
P19684,215467.95717001689
P19685,11895.064460246758
P19686,11792.538547891912
P19696,11782.232055089256
P19697,205040.46852207801
P19699,10546.092788406437
P19701,204615.34315553165
P19703,11871.825796727684
P19715,11219.531310774111
P19720,11546.744197583335
P19773,7545.0721390209364
P19812,10578.218874013031
P19813,10887.02989183898
P19814,10798.350777879485
P19851,8844.7576703753111
P19856,8805.5199102612314
P19860,11283.045335425601
P19861,207070.33006130479
P19864,11200.360796765532
P19865,12056.750232285283
P19866,11524.787703164691
P19867,10606.659365616022
P19868,11249.864616389819
P19891,11721.721974281743
P19894,6962.8033885077684
P19897,7732.8447640272016
P19899,8404.0445990697262
P19905,11486.268564511143
P19906,11108.8356108764
P19907,11392.787480058329
P19908,9882.9210249338339
P19911,11795.822132152543
P19913,10476.205997627016
P19915,12471.435781751748
P19916,11195.464463260059
P19920,11990.088587722574
P19925,11594.215390862082
P19926,10290.236577330785
P19928,11358.327321762436
P19938,10103.464745625875
P19941,10728.333230566092
P19954,10710.816258572024
P19955,9447.9410638076006
P19979,10863.195545005774
P20002,12819.576216482899
P20004,11154.358520764605
P20007,11130.607529563291
P20010,10717.827575012439
P20022,9461.7820190256316
P20026,9178.5232409652817
P20036,12002.591172007782
P20040,9178.1377841712492
P20041,8993.9463920988928
P20042,9356.7985597007719
P20047,11355.791986704782
P20048,8866.0767628660797
P20049,8797.9594156563362
P20050,8499.7630195029124
P20053,8665.6048637051608
P20066,8781.7794559334616
P20068,10142.44030689486
P20129,13020.19692035855
P20136,10036.68591654495
P20141,10601.753971093396
P20142,11260.004907887604
P20144,9660.83961887228
P20212,9317.733119728804
P20213,9590.0870722613363
P20215,9229.6035735023379
P20218,10158.174434150547
P20219,9243.3632930052663
P20220,9362.0019461525153
P20221,9552.8967827526285
P20243,9057.4883780079908
P20244,9456.3757946801034
P20247,12154.015353045485
P20251,9488.8302323582157
P20260,9376.2154132543164
P20267,8360.8310062683122
P20269,8649.2712451717198
P20270,8785.1696075753498
P20272,12051.808302170815
P20274,12679.300745530978
P20307,346099.28763639473
P20311,7528.6622348423152
P20312,7977.4753788783419
P20315,7354.4857693795166
P20318,6969.2415249558289
P20368,8943.9459233891357
P20387,8372.0950246534849
P20436,11323.350036874695
P20527,9257.7183737088635
P20546,8402.5798788667526
P20665,10560.502028496809
P20666,9393.1534398931435
P20695,15565.022398090749
P20725,9011.64465481351
P20726,9081.3623520532528
P20766,9714.2635748857992
P20786,10553.164618657933
P20848,11188.120364651268
P20849,10788.306409295739
P20855,6557.5172412521024
P21016,13433.24701301554
P21021,12771.311068169787
P21059,62536.827993390063
P21112,8089.6851627433789
P21118,9828.32291181445
P21123,6553.1138784058494
P21145,7187.7390894571618
P21150,6470.6627570043383
P21151,5905.0624738715487
P21160,6973.1512575064189
P21168,6085.8164174065896
P21169,6733.1530124769597
P21172,6638.9868323179908
P21174,8020.3857377869499
P21179,9038.9390664871808
P21183,11417.723356686482
P21185,5704.8937948269704
P21186,6246.2464024382862
P21193,5418.1450995180203
P21231,10753.628324857964
P21243,6157.5252686866843
P21247,7359.9168448589626
P21249,11756.40577121414
P21253,5790.6658087640353
P21256,5560.858620807976
P21283,5694.4257124735559
P21308,5998.1556726543859
P21364,38699.402729363326
P21379,11278.740956222831
P21381,9185.2569884834247
P21384,10572.807018018257
P21388,11105.949274684612
P21392,12448.277838847162
P21393,195656.56967609379
P21680,8924.4598606822765
P21715,11168.148913134512
P21921,25423.315235673985
P21930,9056.4508465621657
P21959,6648.2613352353328
P21960,5752.1690850277009
P21961,6846.5645867288731
P21962,6458.1903795543003
P21963,319391.12522810581
P21979,9254.4311297802942
P21988,12546.883846786515
P21989,10160.059550510725
P21990,10054.721412215673
P21991,10194.314928574278
P21992,11794.332695966505
P21993,8787.47188366107
P22000,11286.710754966534
P22001,12349.59701483919
P22003,13369.671710597384
P22004,8986.9754817580979
P22005,9730.8815072435646
P22006,9447.7810257989822
P22007,9814.6314685078087
P22009,9151.6652932232282
P22013,9301.2664025681624
P22066,10325.15192293546
P22067,9744.1042192147943
P22070,11735.705818899163
P22103,9302.0564804556998
P22104,8558.9347880614478
P22109,8607.720210890242
P22117,8603.3087088110915
P22119,8604.3071954541192
P22122,8847.9561774784852
P22124,8948.8205930344302
P22126,8177.373269641037
P22128,8834.079098609549
P22139,8885.080143209645
P22141,9007.7413549241282
P22143,8902.8012995664358
P22145,8578.7835638464931
P22148,8880.2673026759585
P22149,8693.7952225862464
P22161,11496.665609589596
P22163,11230.47023466945
P22164,9459.387669396916
P22168,9381.0395210613424
P22193,9490.6852785119354
P22202,10797.545194761333
P22205,10366.664613420957
P22227,9568.4214940297261
P22259,10743.094463537662
P22264,10781.675090027436
P22265,11069.060482157189
P22289,10911.997847337165
P22291,10666.406050054877
P22293,10942.638484191342
P22315,11264.409450120627
P22318,11687.420978906181
P22321,9487.8322076884742
P22323,10223.305518183006
P22324,10863.203027850295
P22327,11846.788841604361
P22331,11558.937030073719
P22334,10912.883472124777
P22338,7495.2413749265725
P22339,436881.98836842168
P22342,8913.9610325700814
P22343,331602.16217518959
P22346,7817.4483893496144
P22350,7335.6667610946206
P22351,7395.8542087515234
P22352,6295.1462845631577
P22354,7635.7574121199359
P22355,5894.5144814434316
P22356,7495.2413749265725
P22357,7454.6263532521771
P22358,8962.1664165389302
P22359,8215.9203198877294
P22360,6955.8681861804362
P22361,8282.685882398524
P22364,7245.1105507572429
P22368,6620.3794056764054
P22369,6983.2014417738428
P22372,7366.5959648765092
P22373,7078.9664083428179
P22375,7869.4075855819174
P22380,6882.447784482014
P22383,10820.539202127333
P22384,11803.349972631986
P22388,8533.253275879415
P22389,7790.0320475241388
P22390,8974.9077166941752
P22391,7289.1907938913346
P22392,7302.2978342541828
P22393,8895.3161162927827
P22394,8416.5355347751392
P22395,8207.8147192997385
P22401,11707.43062364767
P22403,13084.747796580061
P22437,10093.5516212312
P22443,11098.825530246741
P22452,10715.4561282261
P22455,10310.051292658443
P22457,10372.207689932948
P22458,10613.796171594122
P22460,10416.65896107283
P22467,9726.167382554484
P22468,10983.211425184316
P22470,12001.686985247619
P22471,11913.376659688482
P22472,11300.059164983344
P22480,11814.735058004062
P22484,11372.679584321691
P22485,11833.111331414868
P22488,11386.619899718247
P22489,11551.461258215841
P22491,205275.0140742863
P22521,5572.0008222469733
P22540,8586.5313167068161
P22543,7826.3142740351905
P22555,5750.6091296249942
P22557,5948.0429470887211
P22564,7122.5610987448963
P22654,11728.573135007431
P22655,11088.314457061835
P22659,9798.6640341945877
P22660,11637.904059826244
P22661,11063.323033954764
P22675,258701.48698798812
P22682,12392.742365663784
P22689,11973.619169713143
P22698,10255.124750244024
P23013,9062.4367549164435
P23099,9665.3794046347321
P23100,9820.1409036367022
P23104,8169.6986678727008
P23107,9061.9435134720625
P23110,9411.1865430485541
P23327,9654.2615745316361
P23329,8512.1687023557934
P23346,11431.869033163632
P23351,10792.531427580556
P23361,10800.181586668488
P23364,11548.104152155211
P23366,9459.6187291166407
P23367,9935.7573767804115
P23376,11792.361034263871
P23385,11309.363840290143
P23387,11045.283465916666
P23390,9677.9763521617351
P23396,10775.946413044216
P23399,11066.928582404769
P23408,9746.3195419113072
P23418,9227.1896510696679
P23456,6822.2978303524142
P23545,6386.2983686082152
P23549,6681.3215457173137
P23560,8188.2029332720449
P23750,6625.3352118241928
P23757,6230.0614326087889
P23758,6636.1321211112154
P23759,6613.462728372022
P23783,6390.4470972142626
P23784,7280.6073945508942
P23785,6129.8455202816149
P23797,9654.7637054974311
P23800,9118.5703767282557
P23802,8142.5518513661664
P23806,6133.6102551051335
P23807,7165.6536340718521
P23808,7931.0617447979712
P23814,7177.4487547453282
P23819,6846.2787725201633
P23820,6220.8657399462536
P23822,6442.1787974163344
P23857,6089.9388740820323
P23864,6871.7926718552881
P23865,6081.8435788262832
P23866,6652.0286118498634
P23883,7012.1422001849351
P23884,6631.8177967567899
P23886,7565.565634099974
P23890,6891.5100982840086
P23904,6803.147216375266
P23905,5844.3284394086659
P23910,6979.6069522592443
P23911,5822.4906644627299
P23913,6732.3354642328268
P23962,11039.513947773255
P23965,10415.146825937692
P23966,10722.34373435938
P23967,10833.426249818069
P23972,10211.011323740297
P23978,10699.910663717439
P23982,12750.48480496507
P23983,11482.101492110343
P23984,11559.983977011452
P23986,10716.934578508461
P23993,11396.93617190417
P24000,11685.331384362031
P24002,11621.334239513331
P24012,11303.212889874094
P24014,10375.55895950601
P24027,11424.652924851194
P24030,11391.184113176285
P24196,8286.9282970606364
P24197,8835.5068194915875
P24213,9175.3443406627957
P24214,8983.6757664330107
P24216,9687.0205729935606
P24278,8796.1465075194319
P24530,8507.9297731679253
P24539,8000.7372230290639
P24750,5982.6509962373057
P24754,7304.2671049245691
P24757,6136.2625669175723
P24759,6778.5850896871962
P24760,6962.6117068373023
P24764,6486.2014960200759
P24765,5948.7339778434434
P24766,5733.2657570403426
P24768,6889.5850290462404
P24769,6388.7482948227007
P24776,5723.861364115055
P24792,6412.5272615090144
P24795,7399.4764083575974
P24807,6625.7201132981718
P24809,8305.1826026195704
P24810,8034.5720725897809
P24813,6838.168477672818
P24819,202981.3203323468
P24823,10891.43946659637
P24826,11178.357196954141
P24837,10864.980491440425
P24838,11620.926623714669
P24839,11314.037158181338
P24842,11444.196705460759
P24843,12151.342919215287
P24844,10825.550652937423
P24891,12026.507824007178
P24893,11865.820786646023
P24894,11378.483168301354
P24896,12019.99553721576
P24897,11405.156723352502
P24899,11051.432434508291
P24901,11230.214108402441
P24902,11436.610125972493
P24905,11212.676667536613
P24907,11912.074060647336
P24908,11358.321900041625
P24909,12148.361105162932
P24919,228893.2222610288
P24921,11574.984341526484
P24923,12216.651616521873
P24934,11365.443101147335
P24945,11450.516951632137
P24948,11500.582520366601
P24949,207591.4891517488
P24951,11632.756577060329
P24952,12083.312043562866
P24953,10534.335802164676
P24954,11410.8309071001
P24956,11796.623123064452
P24961,11668.335437264035
P24962,11667.594527182831
P25145,10315.643901652742
P25149,9067.8986635464953
P25150,9405.6726229764281
P25151,9379.6856066947512
P25152,9901.3859238861223
P25153,10087.353428336395
P25155,9880.8725114244244
P25156,9799.0976428101858
P25157,8948.9479748072372
P25158,8087.3645925966084
P25159,9502.4359347737955
P25160,9094.1077200633899
P25163,9886.3834398368126
P25164,8989.8199491268424
P25166,8687.4730509338951
P25167,9055.1548074614038
P25168,9101.4414132868169
P25188,10339.848070442788
P25190,10422.206489441338
P25192,10555.858040384062
P25194,9958.1524200892563
P25196,12557.270835059386
P25211,12892.963348768131
P25214,13062.059604953603
P25216,13853.46064529554
P25217,13261.516500185637
P25235,9435.5442917071887
P25237,9453.0817325730168
P25241,9773.3520988761393
P25242,8726.7753230190428
P25244,8444.5680924838416
P25246,9284.5334736496152
P25252,9449.2047528500079
P25253,8749.6043109392776
P25254,10839.029890701786
P25255,8953.3136458548543
P25256,8823.1803833466474
P25259,9311.0290085831602
P25264,9103.9916240006969
P25266,11158.570671299569
P25267,11928.190831853151
P25268,11478.50169610235
P25270,11330.49726506874
P25271,11158.570671299569
P25272,11575.090575708
P25379,10288.817495481151
P25380,10724.134034835775
P25383,10724.134034835775
P25410,10940.124109407854
P25411,9540.15637880533
P25412,9958.1283597973488
P25413,9449.3575497800193
P25414,10062.357921507228
P25416,10609.102940313958
P25417,10751.48645321896
P25421,11160.844345217616
P25427,10941.257930742318
P25428,9737.2463803852843
P25429,11625.131055861102
P25432,10996.060357389972
P25433,10764.528012488412
P25435,11307.695474986913
P25436,11565.787560991115
P25439,11614.584940520244
P25441,11706.463536195908
P25443,11569.302795857944
P25445,11659.036211660125
P25453,13179.309079988763
P25454,12006.40328372218
P25462,11934.15559894286
P25463,12675.725929991017
P25464,12151.173751435968
P25465,12734.620170022436
P25470,13163.267553440117
P25476,12630.13961193007
P25478,14644.244816435636
P25479,13833.863438279212
P25674,8911.4235347802642
P25676,8457.4000052676965
P25725,9302.5957168907698
P25742,9005.1563130476716
P25921,12722.811192558471
P25923,12864.34063833964
P25925,12738.902604155108
P25947,10952.129339630204
P25985,10681.687457983786
P25986,9299.3375393196311
P25987,10205.530703616616
P25989,10914.541818198642
P25990,9700.7173773766863
P25993,11167.454842417699
P25994,11452.405677455085
P25995,11509.002760759888
P25999,11363.005923867737
P26116,12589.34186954267
P26132,6879.3800269195926
P26134,5967.5503664455464
P26135,6136.3724236918388
P26136,6182.9724467223641
P26137,6025.0988052044522
P26167,6449.6319413811107
P26168,5936.7826770661559
P26169,6167.7190454901247
P26172,6280.5448298220508
P26178,6514.8378001252713
P26181,8782.1648002980146
P26182,7148.0231988499763
P26196,7829.9704722374008
P26373,11367.162010765627
P26377,12218.371683729849
P26378,11737.510324551629
P26392,11877.218648643771
P26394,11852.048838243783
P26398,11385.245236010816
P26399,11561.545246955264
P26407,13711.392846718099
P26408,13047.125122109252
P26413,11005.717605580852
P26414,9915.7759485115112
P26415,10711.192433085278
P26420,9789.813624708202
P26423,10628.43856504414
P26429,9296.8158821955076
P26431,8982.6065110744639
P26433,8815.3703008226985
P26446,9163.5163492723605
P26479,198496.47125371735
P26610,8529.0724065822069
P26611,10658.88349386015
P26612,10620.66551124732
P26616,10505.421276996454
P26617,10828.144703210572
P26621,10850.489307097019
P26622,10207.62104792157
P26623,9538.1958574219316
P26624,10862.175406212016
P26625,11034.00827399463
P26626,11837.946064331009
P26627,11721.182995888305
P26628,9109.4052822086796
P26629,9766.3616986577981
P26631,11663.477544613055
P26632,10264.205481464916
P26633,10175.503856626168
P26634,10071.749779291426
P26637,9223.8390455685185
P26638,11270.824626913787
P26643,13975.546361707437
P26644,11426.039041343811
P26645,11854.020783244254
P26646,205014.59681783643
P26648,213991.62836257479
P26651,11399.639712127484
P26652,12484.367151400842
P26654,14141.306709492175
P26655,12820.465325239653
P26659,13173.522169115711
P26662,12078.674387004346
P26663,12115.491721433633
P26667,12703.97716901284
P26671,10160.187028732831
P26675,10789.57275411324
P26677,10585.49709112118
P26678,11330.229435495005
P26680,11703.301171936921
P26681,12029.416709737628
P26685,10457.689998670852
P26687,10457.45629808171
P26689,9805.9799000858275
P26694,11698.516299795294
P26697,235169.4259798484
P26698,12326.401481055816
P26699,10135.423537976914
P26700,11353.81541599664
P26704,11180.023675871333
P26707,10574.133906799849
P26708,210503.84043113011
P26711,206300.9133632796
P26712,10943.764000793495
P26714,10943.958025295622
P26715,10398.210622950195
P26718,9664.2708005780169
P26719,214077.99387380067
P26720,197063.57480294691
P26721,208082.52310732089
P26722,211181.19607453528
P26723,208082.52310732089
P26724,218548.56551490628
P26728,7266.7191813718309
P26809,10565.792981962168
P26858,9652.3395568823307
P26859,9226.0973394218399
P26860,202281.43591866168
P26892,8517.328382478423
P27251,10383.988163838832
P27253,8675.9448002228673
P27257,12596.615953781378
P27261,6969.2867660344673
P27263,8699.5360574092847
P27264,8120.3198433889484
P27265,9528.1766159677154
P27266,9040.2510284535056
P27267,9405.3963565906834
P27271,9811.0466697931606
P27277,9145.6780760500224
P27279,8708.3481444089848
P27280,8740.0787476966398
P27281,12453.603610134691
P27282,10919.402853918476
P27283,11801.709953707836
P27285,9544.5445297846181
P27286,8649.5062229266587
P27287,9028.7311791767061
P27288,8931.7134534618635
P27289,9239.0094097798392
P27446,8053.9224392994365
P27667,11483.694503338487
P27668,11669.848227509156
P27671,8754.4301329763621
P27672,8519.3821072016362
P27675,8754.4301329763621
P27676,8918.7787511942588
P27680,8501.115017510474
P27682,9025.3223745480318
P27685,188794.10123497824
P27688,10512.420169149944
P27693,11303.604467222882
P27695,204566.35460522241
P27703,11632.126180128733
P27704,8988.946758813996
P27705,8994.5937425893135
P27707,11632.126180128733
P27708,11472.424352468564
P27711,11016.774242723002
P27716,11944.06233791454
P27718,11099.732124079514
P27724,11467.046673945732
P27728,10848.939949713716
P27738,9321.5795329173106
P27740,10351.785404785023
P27741,9439.1718233348729
P27748,5644.2232641949086
P27972,12534.97172642095
P28235,11658.344338526833
P28237,239227.77794623765
P28243,11962.314381134614
P28245,12914.941863670196
P28252,9273.1050314832792
P28258,10122.994600855422
P28403,7569.5759884832623
P28419,8087.7823178355611
P28465,12084.996459709597
P28466,13064.644788134585
P28467,12357.774760297989
P28468,11355.167986737251
P28538,9475.8886133859087
P28763,6891.91707257097
P28764,6412.1406740857929
P28767,6494.5835072020818
P28773,7853.3422373439462
P28861,12216.715086485116
P28863,11605.0407499844
P28865,252468.8032777629
P28867,11531.921878503645
P28868,11197.607139177289
P28870,204566.90164142492
P28871,11631.971927339911
P28873,11197.607139177289
P28876,11904.93114483681
P28880,11190.495364568917
P28888,10320.579474846883
P28890,11468.961514770221
P28891,11709.036476745599
P28892,11688.40829704781
P28893,13206.308828286474
P28896,11586.410493192509
P28899,9464.5302276176935
P28901,11134.453257110141
P28911,11220.024699598822
P28915,11428.521791727562
P28925,10468.058073259839
P28926,12883.484342395568
P28927,10169.932164065602
P28928,9804.8559186863022
P28929,10468.365516148198
P28933,10261.672517407773
P28936,9565.3306448146996
P28941,9679.9167494778358
P28943,9582.5033328344689
P29184,9574.9506358117942
P29196,242049.2369938794
P29198,8699.9236394919681
P29199,8726.3343128262641
P29200,9234.3366621449713
P29202,10457.616709474192
P29203,8834.3863469947428
P29208,11275.044126090084
P29209,12058.161363143019
P29210,10776.045448332176
P29213,11464.877690389949
P29215,11779.903887340168
P29216,12147.131073088238
P29219,11459.074106410282
P29221,13814.388054977471
P29231,9937.6600494891318
P29233,10002.312910967572
P29235,12195.949160546266
P29307,7752.4665468013918
P29346,46291.94457857166
P29353,11804.185306789235
P29355,11839.22112190794
P29356,11497.838844501648
P29357,10647.490416915274
P29358,11594.627811268678
P29359,10595.769475306541
P29360,10665.027857781102
P29361,10946.146541323513
P29364,11060.580304683352
P29365,8689.8865526605477
P29368,8750.8361400877729
P29369,9163.9669541644544
P29370,8412.0890108317399
P29371,8879.301186539109
P29376,9569.8989399044858
P29381,8514.3400004289833
P29383,8129.0921097199425
P29389,7293.3623420895237
P29390,7002.3066310631948
P29579,8807.8857540281278
P29580,10816.330895064537
P29581,10644.404301295364
P29583,10319.977394896205
P29584,10730.483850155666
P29585,10029.173293645115
P29628,10356.961459961409
P29632,8205.9072704944629
P29653,11431.092008896696
P29654,11041.73029750696
P29657,8718.6354917745521
P29710,10782.637171835524
P29726,197019.61923859455
P29727,215358.43964393449
P29728,9353.2671106906764
P29748,11875.185321623991
P29750,11150.016432210285
P29751,11599.967891416411
P29786,11867.577702692884
P29787,11796.62951429392
P29788,12056.672872531048
P29789,12313.659495090727
P29790,11669.154191664627
P29791,10849.590741153334
P29882,8941.4518937129214
P29887,13742.664504938606
P29915,58442.32899613637
P30021,9942.6969514786615
P30022,10114.134462172004
P30044,8118.5916694941807
P30051,7034.7652023696392
P30054,217745.53102418399
P30329,5885.8754943081331
P30336,8478.1627063795568
P30446,8180.3940701817082
P30580,12385.347642041999
P30581,12463.248113482799
P30582,12394.569459217457
P30584,13146.606066790584
P30585,12167.605309857498
P30761,8643.5493514034024
P30768,9382.8747717615915
P30836,11522.852937429692
P30964,52348.997019798117
P31127,6040.6897546433574
P31152,8788.7884035049683
P31154,8923.0819982331159
P31177,8942.0592211203475
P31266,9190.9006153686369
P31308,8869.0572396787575
P31309,9144.9497795479183
P31310,8942.8360516810244
P31312,11960.447137319939
P31313,10551.492152509967
P31314,12013.127546106634
P31331,11706.238080573306
P31332,236695.29709802629
P31333,10349.338529619778
P31340,268720.04690294829
P31341,198791.42776093769
P31342,10802.352153037698
P31343,10215.392233155866
P31346,10869.692998083699
P31349,226046.08419390916
P31351,12432.686073464531
P31352,12013.127546106634
P31355,12372.021913000162
P31356,12309.725758106091
P31396,11868.18474328414
P31433,11840.341782007838
P31438,11814.960834526848
P31440,11045.786040004576
P31441,10898.934852997669
P31442,11549.590393311655
P31443,11387.033358796463
P31473,8545.2932592617362
P31477,8410.676027997044
P31493,9963.1390206646938
P31501,8705.7032388329862
P31502,8749.5587709531865
P31505,8629.7043485884242
P31574,106055.93223464854
P31578,48141.844655213114
P31610,47806.71558322003
P31611,57680.819836539296
P31623,10149.146910435407
P31627,10469.264114611688
P31629,10441.004900130803
P31632,10885.629302557723
P31633,10469.264114611688
P31634,11726.580543456934
P31637,97460.110994027098
P31640,12959.32023091225
P31642,94530.057253987165
P31644,61066.157502838018
P31647,10194.39912969416
P31680,111018.94053383854
P31683,47963.689983101496
P31684,94530.057253987165
P31690,49039.342734831429
P31830,11524.539724875282
P31832,11673.317483814955
P31833,11871.206081928878
P31835,12296.00288240643
P31836,10909.069769969354
P31837,12393.981274737473
P31838,12272.060186307481
P31839,11213.910835225495
P31840,12021.595844306752
P31841,12415.871195520867
P31844,11021.104416808072
P31846,12488.176882149972
P31847,11769.538608037945
P31849,13069.355236842084
P31850,11135.318297578384
P31853,8887.2612202499222
P31854,9065.0423739350117
P31855,8863.1284988648767
P31858,8336.7053000234446
P31860,8823.4817553555877
P31869,10070.803923740135
P31873,11068.7036644827
P31874,11822.081980297056
P31876,10955.5844709661
P31877,10743.473131641884
P31878,11566.117236753948
P31879,10259.539395639493
P31881,10423.786619207423
P31883,10081.298548920136
P31885,11071.160896241408
P31887,11381.815814434967
P31888,11063.411979881825
P31891,11074.878242769721
P31894,213292.40298480459
P31895,203686.38681158773
P31896,12211.457037934748
P31928,7314.1203534193119
P31976,10669.714334465491
P32014,38823.372673138205
P32065,11143.151885337304
P32126,8946.8643001500604
P32564,48572.016446757611
P32570,48365.920938563897
P32581,10895.899493227063
P32625,9524.9634700971874
P32901,10430.934700735568
P32918,8642.9161949861518
P33013,8368.4529266017635
P33017,8684.0017956187767
P33089,12605.833955961403
P33191,11434.154795828785
P33395,8958.3373849699055
P33532,15296.823799353824
P33533,14977.335681090641
P33534,14871.187495066686
P33681,9260.0416439195506
P33682,8504.0936613913109
P33683,8550.4769626352827
P33704,9662.0833700468538
P33943,96832.589712201836
P33945,107164.37506993741
P33971,14566.561612732579
P34002,11604.641010269832
P34078,11194.319601635592
P34082,11595.032325494984
P34083,10975.076114406453
P34087,11746.293931452958
P34088,11353.057848646611
P34090,11356.307618044331
P34091,11426.526776638477
P34094,11921.780499848472
P34095,11366.63248836439
P34096,8761.1821866721402
P34100,9325.8422622148137
P34101,8186.6668483580761
P34102,8071.3882973794207
P34103,9153.3173016941964
P34104,7827.046402774853
P34105,7950.7789609350866
P34106,8264.5258760335055
P34107,7840.8614801444237
P34108,7989.5273848642901
P34109,7796.1610464803307
P34110,9024.8749681354766
P34112,9414.7220123007646
P34113,9161.7750477669324
P34115,8325.0480118091255
P34117,11826.393963792096
P34119,9337.9224159788519
P34120,10386.491753813842
P34124,11547.897391396087
P34125,9078.6659558127576
P34126,9033.3235450343636
P34127,10742.211486435674
P34128,10916.08528621239
P34130,10964.802097782846
P34133,11922.709952483134
P34134,13235.497492357004
P34135,10986.526391944595
P34137,9998.0497271511831
P34138,11444.073674315248
P34140,11059.245928502804
P34149,12103.177161623151
P34150,11562.462819099772
P34151,10124.668094744844
P34152,9657.3575965239233
P34156,10850.66607180029
P34157,10123.353524901606
P34158,9379.6784379078672
P34161,10983.409051588324
P34164,10355.889454719105
P34165,10638.968395765403
P34166,12212.591402007383
P34167,11358.578026308633
P34168,11738.147682563913
P34173,9624.5704049495234
P34179,11366.295535049992
P34180,11669.895389401066
P34181,12325.604536417475
P34182,12316.283330670438
P34183,12123.920033167373
P34184,11504.281616783819
P34185,10934.890765581924
P34186,8967.4200919670002
P34188,8766.7251720823406
P34191,8655.2815088759598
P34193,11676.923868760368
P34194,11981.190356385199
P34196,11746.247007956368
P34197,11927.327629777596
P34198,11473.458823107838
P34201,8949.3682004594739
P34205,9251.5473812670716
P34208,9010.4005651841671
P34209,8415.6857223427796
P34210,9041.5467483294378
P34211,8456.5620355254214
P34212,8903.4676994811525
P34213,9181.5463834429083
P34214,8891.3716009534655
P34216,8822.6035484436688
P34217,9229.3714380303354
P34219,9441.0223484266407
P34220,8520.5935087877078
P34222,8821.7686517748989
P34223,9104.7870171197992
P34224,8899.5829843528554
P34228,8523.7668249051821
P34229,8960.446769652197
P34233,8595.5239693305994
P34235,8876.6426528730044
P34236,9178.1377841712492
P34237,8947.9551884580869
P34238,8492.5867993092397
P34255,9338.4746325666201
P34256,8389.4127489781495
P34260,8744.4570223437586
P34261,8902.3566749548627
P34262,7928.3592327339102
P34263,9299.5144175115256
P34265,9179.2532184097508
P34266,8189.1745894985361
P34268,9304.6445236610998
P34271,7932.1266670790792
P34272,7817.1418257578189
P34273,8104.7420273166608
P34274,8064.0218380525148
P34277,8857.3910385725103
P34282,8767.5114979487371
P34283,8043.4322646609107
P34284,8956.051006995247
P34285,9383.5279476070154
P34287,7943.7044102982582
P34446,13324.250575995422
P34447,10978.43409356454
P34448,11441.164788584796
P34449,10855.619920159328
P34450,12095.357837682501
P34468,11357.479259833504
P34469,11707.646172611736
P34474,11055.521128162536
P34476,10718.857515164091
P34477,11009.505148456314
P34478,10767.395097606595
P34479,11898.942982983945
P34480,11471.826630237363
P34481,10978.747979316997
P34483,11128.528074579282
P34484,12080.595325183738
P34485,11875.16596674342
P34486,11975.917616956634
P34487,11999.694633197156
P34488,11914.666679910411
P34489,11048.02428710986
P34490,12615.913630617457
P34491,11608.353869659661
P34492,11871.210684364696
P34493,12128.197306924372
P34495,11575.483076830444
P34496,12304.39139838047
P34498,12366.68755327454
P34499,12076.874138413636
P34500,11687.801027713482
P34502,12140.874595534344
P34503,208008.562332045
P34504,12299.737944240822
P34505,12247.348130400896
P34507,12336.612083360746
P34508,11763.35949375181
P34509,11363.877981738917
P34510,10733.831385516669
P34511,11143.78925367884
P34512,12631.368802360805
P34513,12299.405310500924
P34514,12965.697496374803
P34518,12896.305086515364
P34530,9902.4059639708394
P34531,8988.8549307663161
P34532,9775.3250376909982
P34533,10059.793789470386
P34534,10761.735701747984
P34715,7912.6827159075356
P34717,217340.54590612865
P34729,9003.9445274822756
P34800,12667.883450233028
P34801,11878.272145324576
P34802,11776.991770882543
P34803,12966.797619101952
P34807,127314.7385799957
P34855,11619.28133897611
P34858,249886.40252648928
P34888,12211.774599600947
P34890,12468.185716243779
P34893,11036.170045045154
P34895,10897.507714162772
P34909,9947.2898804306205
P34910,9457.5372102690544
P34911,10212.478799729735
P34912,11888.804432938943
P34956,11744.672130412006
P34957,12111.074772322563
P34961,10940.007129441539
P34962,10882.921410849451
P34967,11084.097491156959
P34969,10389.740565714614
P34970,9212.2292841490398
P34971,9659.9802066173434
P34972,9879.6373237331136
P34973,9894.8290911344448
P34974,11022.18099945386
P34976,9391.4213408563883
P34977,10503.242126201956
P34978,9226.7534386810894
P34979,10529.587285410456
P34988,12211.774599600947
P34989,11804.942936810234
P34990,11821.860139548857
P34991,12009.706543415516
P34993,19266.84503435509
P34994,195659.69592968552
P34995,10200.810116071554
P34996,10124.305235592181
P34997,195476.24240307437
P34998,11253.42121739898
P34999,213555.62444911199
P35000,10778.060833193331
P35001,10439.522159402344
P35003,10793.76294839478
P35005,9769.687932352168
P35008,10650.632692422265
P35039,12400.866229755469
P35080,11107.908095540331
P35085,10645.28117990697
P35087,12692.605274419018
P35091,10919.719298127198
P35093,10883.632199750027
P35094,11826.377064928274
P35095,10408.328865631731
P35096,9462.7984668188365
P35097,9375.8835437995967
P35100,10807.086951644624
P35102,9525.5862031590968
P35310,15314.386943086787
P35315,11741.544854082977
P35324,9839.0857924511929
P35326,67812.224636206636
P35329,11573.29045780852
P35331,45058.263066124753
P35347,13671.407063493116
P35349,14704.342928372234
P35352,43863.690972751465
P35354,49428.765493194362
P35374,7145.2199793844375
P35645,11718.595125752232
P35948,10978.10381497564
P35950,8668.4008371588643
P35954,9136.2057889968728
P35957,9273.9989518536313
P35959,9666.5229770085461
P35960,9312.2853940696605
P35961,7927.4517173046879
P35964,8939.8999636389417
P35966,7931.9686426841072
P35967,9110.2917053863239
P35969,8601.687934624475
P35970,9085.6459581602194
P35978,11586.689782677611
P35987,11786.146677909648
P35988,12180.345909137841
P35989,11598.041679303478
P35990,11904.93114483681
P35991,10982.81724961767
P35994,11421.479897385452
P35997,11838.811344036974
P36003,11383.503125173973
P36004,11036.851345269892
P36006,242314.7397115546
P36010,12969.000563599138
P36019,11381.612891994761
P36020,10669.762272858725
P36021,12293.892709569258
P36082,8894.550175831253
P36084,11013.890686287952
P36086,8715.7685019371056
P36091,10167.531164064676
P36094,8736.7819530771776
P36095,9500.8933336759037
P36097,9208.8696057384714
P36098,8678.4684818782262
P36099,8508.2935197543666
P36120,8890.7391073648359
P36123,11513.516542511394
P36125,11046.305849471752
P36129,12254.666936178548
P36130,12124.112193197239
P36132,10923.38514354682
P36136,12124.112193197239
P36138,8400.2717225216038
P36139,8884.6316851801603
P36140,9317.9171214350208
P36143,10918.157603549029
P36144,10444.592136771069
P36146,11829.871100246864
P36154,11980.491627601985
P36158,9861.9441448882717
P36159,10094.882909205218
P36160,9746.6401906299106
P36161,9854.9528629361776
P36162,10392.688203514845
P36163,10622.537464148816
P36164,9732.9286941044847
P36166,11891.539694495828
P36167,9078.8713979351924
P36169,8013.3012059030407
P36170,10094.969196316521
P36172,7109.7890172400039
P36174,9339.6665718914137
P36177,9641.5033356428794
P36178,11138.905313468334
P36185,10874.705883334937
P36189,11985.739543874692
P36195,12231.214964770685
P36201,10318.175605052218
P36202,10949.836659885228
P36204,9615.6912562110992
P36206,10251.09359891257
P36207,10047.877731021401
P36209,12738.577603300835
P36213,12725.347602797876
P36214,11842.686680869559
P36217,12647.701137194241
P36219,12121.178256638545
P36220,10885.411503700638
P36223,9749.2210015515884
P36227,10573.671005893786
P36228,9807.0283351053622
P36229,10448.099121829229
P36230,12314.993171624445
P36231,11211.831436130156
P36233,11071.91347807411
P36251,12770.161071826151
P36252,10991.090974895167
P36254,13434.804675537151
P36256,12248.527842807678
P36257,12584.506400091472
P36260,10428.818153836672
P36261,10332.21484041348
P36262,11169.567079936654
P36263,10079.10235380907
P36264,10980.254991176767
P36265,10164.168578202967
P36266,11016.664081301518
P36267,10210.194464929678
P36271,10959.686168076223
P36274,10290.329330198509
P36279,12334.556636006408
P36280,11458.60810205804
P36284,12565.891025211669
P36339,13370.771327246221
P36465,42911.588314460721
P36467,45623.471533663651
P36522,10999.680726588742
P36526,10633.004514300485
P36530,11737.032033839365
P36531,12523.99930650997
P36532,11319.643441257524
P36533,12718.583641434136
P36534,9310.6422611183716
P36536,9800.9763953909824
P36537,10912.767388951772
P36539,11342.913041543839
P36540,10317.350017143232
P36541,11005.802373543829
P36543,10426.586159523496
P36544,10016.184057740837
P36545,10444.517896884165
P36546,10444.517896884165
P36548,9298.9592823838102
P36551,9502.9405973445846
P36553,9286.4344577351185
P36554,11161.470050106378
P36556,11703.137938036962
P36557,12166.748592700074
P36558,12062.622150866891
P36559,12310.764796841517
P36561,10538.67604326778
P36562,10359.919912083569
P36564,10410.089423443644
P36568,8504.1761778641703
P36569,10666.809377616901
P36571,11362.394432852016
P36572,10592.774272298428
P36573,10993.208812424617
P36574,10393.462223026756
P36576,11273.576331463117
P36580,10988.74900448176
P36581,11037.594447017964
P36584,10756.638360403547
P36586,10514.996473532918
P36588,10790.180671346732
P36590,12008.399398190926
P36592,10103.360439423914
P36593,10363.690787398236
P36594,10845.222403379015
P36595,10362.117646042429
P36596,10668.183616069611
P36599,10952.009425143904
P36601,10814.048118247951
P36602,11611.05373430404
P36603,11782.980328073212
P36604,9960.6368615936462
P36605,11808.709384129164
P36606,11122.389660364866
P36726,9687.9550737735553
P36766,9115.8213472467123
P36815,9587.8763220995606
P36818,9555.6556371192855
P36834,9398.9667955695204
P36885,10988.771217218087
P37189,11533.429282299896
P37226,11348.766259129256
P37227,11655.655724662583
P37228,11657.322203579775
P37232,200697.22327972579
P37233,11464.200507706464
P37235,201216.18749090249
P37236,12415.435159297716
P37238,218189.04808811535
P37242,12349.080193148569
P37246,14992.58122641408
P37247,220580.58885666283
P37248,12658.850498847944
P37251,12108.873880231518
P37252,227180.82313855449
P37258,10616.630454115182
P37259,10292.754628314869
P37260,10347.716043253866
P37261,10768.805571557896
P37262,10123.878118012171
P37268,10378.123803158664
P37269,10842.906253819159
P37271,10477.053502864621
P37273,9447.92078520205
P37274,9965.3752239479873
P37276,10444.805790093777
P37278,12415.050940661127
P37281,12364.28228869335
P37282,11766.581943434689
P37284,10738.534280371874
P37285,10530.555442419178
P37287,14058.756274045118
P37289,11509.272844232324
P37293,10956.878561218617
P37300,254916.34716622395
P37301,239131.10287346144
P37307,2022.8662527294875
P37308,11573.764486242935
P37309,11111.52419958431
P37312,10847.675980502436
P37315,8322.3118613553488
P37316,10386.465658312656
P37320,8439.2153835194658
P37324,10756.076737471263
P37327,9334.6410326692276
P37332,9713.8335416269583
P37333,10768.260344976872
P37335,10956.965522407563
P37337,10239.900179925611
P37338,10513.392180476119
P37364,6741.4642284727233
P37383,205723.43932483171
P37385,10408.897931786616
P37387,9609.539951340168
P37390,11446.610332148475
P37391,11174.28358366147
P37394,10820.356760858436
P37397,200029.12148964565
P37399,211661.61489549748
P37401,12555.285375834304
P37405,215259.25540207839
P37407,228141.22608988019
P37409,12364.39945242521
P37412,11892.28479627601
P37413,11896.720575180339
P37414,11099.408601529758
P37415,12318.671724844708
P37417,10609.305560130526
P37418,11506.427644954229
P37512,11162.902115818524
P37519,12471.206906413376
P37524,12767.415278179054
P37535,200584.05421115176
P37537,10809.093559485826
P37538,12757.974990313232
P37541,12155.255534477084
P37542,13136.058264704792
P37543,12337.905470811167
P37544,12825.161678672946
P37558,13244.421317704897
P37560,12124.488914199335
P37568,234199.5935368877
P37570,12660.155079399476
P37573,11997.79511762547
P37574,12215.106671205411
P37575,12626.802461543017
P37579,14532.357391814174
P37580,214661.79355698437
P37581,12286.833678439372
P37582,13077.330414793802
P37583,228026.79232652037
P37587,10120.620432865246
P37592,11385.123855656697
P37595,10940.883539180695
P37597,10941.07242787434
P37599,10990.554255042349
P37600,218754.78731617055
P37602,11198.533092995043
P37603,210019.54643528449
P37607,11130.92454916381
P37608,219281.37773442731
P37610,11173.539803085989
P37611,10560.9949844314
P37614,9911.4262907046941
P37617,11799.664274870152
P37620,10719.572985639828
P37624,10424.422470530904
P37627,9744.5126205370143
P37631,10209.323449913829
P37632,10571.152397293745
P37634,10246.725490894582
P37636,11241.131235824816
P37640,9640.5214041140116
P37643,9514.2864769495955
P37652,232280.09955737329
P37655,12775.862847089606
P37659,12029.710998032093
P37688,13395.134646251829
P37701,10085.539161564197
P37740,10546.806785419887
P37744,9929.1246793925911
P37745,9869.9022193337369
P37752,10674.887607652132
P37753,10919.9599925273
P37762,10664.13049171917
P37763,10334.19656528505
P37764,9744.2582917970285
P37766,11443.541361077332
P37776,283259.41842767072
P37779,237408.67782938489
P37786,187769.14360602407
P37788,262036.17326991973
P37789,226874.72073957304
P37791,268547.88124304614
P37793,10064.089314675128
P37797,297372.14087103715
P37807,10398.423270197967
P37812,11032.238361892269
P37813,11402.537276841713
P37841,10861.405606743599
P37844,10784.638729691038
P37845,11643.797175224019
P37848,13732.955838665755
P37852,13122.296341365138
P37862,8573.1643710595272
P37868,11126.952462197116
P37869,11872.228511636242
P37871,9217.32601005176
P37872,9285.3771149778713
P37889,7292.7403634440379
P37904,9153.8141457176062
P38035,106886.92975502629
P38144,109862.05237646653
P38166,10003.343582303594
P38167,10084.986101440219
P38206,10066.03031687094
P38235,8211.5719305196144
P38239,8971.0204531227828
P38349,6230.3446204994689
P38350,5581.9772226937712
P38352,6691.178580386284
P38389,6718.6964380688223
P38392,5731.4395103721508
P38393,6202.3633836441513
P38918,6000.7702358871211
P38925,286000.18890698394
P38926,413182.04792008863
P38939,5696.3275345773836
P39206,12476.328309078526
P39451,475748.79278347146
P39531,102569.25749063128
P39536,105058.93742112014
P39606,7299.5512478445016
P39665,11122.949214442942
P39668,10495.773733594
P39670,10180.36050419548
P39672,9960.1265168485261
P39674,11360.213077231398
P39676,11970.712501250156
P39677,12404.80402012866
P39678,12250.479097502041
P39682,11523.931272676273
P39683,13153.537097901082
P39690,12080.384707201376
P39691,10539.20254135349
P39693,10548.401205195956
P39694,10729.610245461419
P39695,9568.3580223516328
P39700,9982.025663821194
P39701,10673.592399852036
P39707,11679.887577051646
P39708,11241.338951855094
P39709,10366.413094002248
P39710,12634.194417233375
P39714,9894.4022634974153
P39717,10975.420647130057
P39719,12137.504053085831
P39722,9864.9966631572006
P39724,9892.3647292986552
P39725,10137.74187652557
P39726,11648.984815212549
P39728,11659.241059523283
P39730,12255.165134037989
P39731,11218.474471474419
P39737,12710.97139783129
P39738,12008.664746390546
P39739,12587.767990901695
P39740,10330.675420336343
P39741,9601.9457220245222
P39742,9909.3426061534356
P39743,10715.201403928551
P39745,10547.965193676791
P39746,10560.502028496809
P39750,11020.806987160964
P39751,11105.847477729014
P39752,10839.597946895499
P39754,10627.980801272432
P39755,10908.196711754616
P39756,10928.152806893326
P39757,9769.687932352168
P39758,9730.8143232945476
P39759,9266.5603916457803
P39760,11235.920409773797
P39761,10399.003670943192
P39762,11635.549235486362
P39763,12395.670228564217
P39766,12716.923231148112
P39769,12873.148657588688
P39771,12122.660930554925
P39772,13785.639522145337
P39773,10311.131545067492
P39776,9073.5324816984594
P39778,11390.867832870155
P39779,10355.566011501489
P39783,10622.269724316049
P39785,12270.308550902815
P39788,10569.925703920451
P39789,10266.017582769106
P39790,10001.413672132419
P39801,9815.7623024851
P39808,11385.061228449367
P39814,10488.256005823958
P39816,10419.510162323944
P39823,9864.3020504558008
P39825,9792.7969651196909
P39832,9568.4490982008683
P39846,13170.821898357301
P39853,12548.521258594565
P39856,12721.326576910054
P39929,44239.24986318819
P39936,95520.729462467978
P39938,103207.27830924036
P39946,46120.693420511838
P39950,41715.437109088365
P39975,42466.982868803607
P39977,42173.819304510442
P39979,41045.35353419718
P39981,42622.279643171016
P39983,44847.894146974737
P39985,46300.534444853591
P39986,42460.264059308669
P39989,11985.136584898615
P40003,43730.720877937129
P40004,44405.694285468693
P40006,12163.918258792764
P40013,12211.378976291327
P40014,9938.1501593685498
P40015,12035.892438412167
P40016,11920.975662763318
P40110,10126.76278906396
P40119,10428.674789538762
P40123,10615.512788394291
P40125,11929.166327440196
P40141,219035.85197077671
P40147,11266.91208120197
P40149,11381.345844561807
P40154,9168.5002758916162
P40189,11823.58220458884
P40192,10466.896987255044
P40193,10267.944372530064
P40195,10397.879193065904
P40204,9752.5861129852128
P40205,9898.5900493428035
P40208,11655.702498753761
P40214,8567.5918145689357
P40215,9287.4394129413304
P40216,9622.0623163224045
P40217,10268.778209371832
P40227,11049.425545523904
P40235,10724.488213873605
P40242,9223.1775857632583
P40250,10335.516732207116
P40260,8682.2730767038302
P40263,10664.529561878817
P40266,12437.647803943888
P40267,200187.97808010352
P40272,9414.1922474474122
P40279,11092.610873311794
P40286,9094.5536650189006
P40288,9334.1889347110318
P40290,9377.7012723014996
P40296,10605.781533606982
P40327,8627.702330584485
P40340,8083.2936121726998
P40354,10287.213668290737
P40356,9077.9027524323592
P40367,9538.4213230023197
P40372,8560.1806195708596
P40378,9121.1792752097845
P40388,8937.835772011138
P40389,8777.7567663437694
P40623,9445.1310166735275
P40654,9380.7168900247489
P40661,9260.2234707579591
P40676,9115.6176643235722
P40681,10463.123759194135
P40683,221400.58432069997
P40696,9487.4568088428568
P40704,9988.7595801568241
P40712,9695.8798805518782
P40715,10125.708992675569
P40728,9522.9961597392048
P40790,11861.386255591897
P40920,7653.2360247397373
P40921,8508.1658372179736
P40922,11506.403020153441
P40924,7987.4106886320842
P40925,7697.7855081004673
P40926,9195.1079989280206
P40928,8657.3293344033664
P40977,9871.9164942916577
P41092,92935.2534365342
P41127,13198.469716127514
P41166,11210.429983640461
P41233,99981.593710267887
P41236,109156.48559065325
P41237,96000.529018920875
P41238,103772.48492700834
P41242,12137.754312570049
P41244,12979.305865484705
P41332,12457.685266597457
P41333,12534.399362168984
P41346,14672.815063048496
P41355,11272.192817597675
P41433,9693.688317936012
P41511,11385.43640975056
P41524,13665.513027780229
P41625,11408.627812537856
P41730,11385.564846790106
P41738,8436.9836123596142
P41740,7141.5782011407173
P41742,7843.7712989965512
P41744,8703.8716195148627
P41752,7359.6185732046579
P41754,11435.206826647049
P41755,10444.349408251144
P41757,8781.9413078601574
P41759,10765.732045586952
P41760,8800.6632130076032
P41761,8692.2478247060426
P41762,12793.666166080176
P41765,11222.528925980334
P41767,12144.034365926878
P41770,11259.102786539794
P41771,12245.386631256331
P41796,8670.8285742785883
P41797,11482.225782636397
P41798,8527.2057226168799
P41799,9672.1810504831337
P41800,8068.2232429451833
P41801,7197.3476013260661
P41803,8926.4292552683328
P41804,10863.860632188478
P41805,11114.65249297365
P41811,9095.7211204445648
P41814,11304.717329251647
P41815,9847.8570014015004
P41817,10027.269784652786
P41818,9641.1193265605179
P41819,9349.0819955717216
P41821,9769.2271181997021
P41822,10474.322371717761
P41823,9193.4583362411759
P41827,9672.6703355410245
P41828,9417.3986447937004
P41839,12628.271651787276
P41841,11105.672150094671
P41844,11301.04996445138
P41855,11762.592576533349
P41857,11404.210442104501
P41858,11006.468058963752
P41861,11363.203626350694
P41863,11314.805912072759
P41874,11305.566889830799
P41877,10734.972519289984
P41889,11766.570270856404
P41891,11070.110431594503
P41892,12216.706040344096
P41895,11002.988375765695
P41900,9209.6316955158363
P41901,10754.752002166504
P41928,10466.255215171272
P41931,10566.310728970398
P41934,11205.374262880099
P41936,9688.0790233258194
P41938,9876.4385378039224
P41948,10868.909647273582
P41952,9752.191201888294
P41954,11202.094023827232
P41959,10563.277995466869
P41961,10447.771911239392
P41962,11557.584617501589
P41974,11834.558624336032
P42054,9022.6162651607519
P42061,9366.2703774362672
P42064,9090.6673700868632
P42102,53631.917967623391
P42120,47628.675550297121
P42129,55600.429219332393
P42190,42171.489716372242
P42296,11198.037030038064
P42297,11716.723660224634
P42298,202469.64739220811
P42299,12056.131043011799
P42301,210847.85198911585
P42302,11918.970302673832
P42303,12118.427197905865
P42304,12544.416735488105
P42305,12326.525025464398
P42315,12597.959203370499
P42318,10387.944189325746
P42323,10227.49668781234
P42324,10757.10168789122
P42325,10689.864019138337
P42326,10002.983241830056
P42334,11206.838504766696
P42336,12793.90642933559
P42339,11026.250912077659
P42343,11713.071048002879
P42345,11488.821607684962
P42347,11914.374348294026
P42353,12144.604962928592
P42382,8014.8984611750493
P42385,9068.2443495101234
P42395,9942.4859826444244
P42396,9918.1817246553474
P42486,6846.7845086366469
P42571,46430.877847342323
P42688,51586.887030133068
P42745,9247.4176497931476
P42797,10493.357739350469
P42818,10557.748263554844
P42820,11633.583217409459
P42821,9238.3556423802875
P42826,9112.1514171492381
P42827,10557.704998116944
P42838,9264.1073340142884
P42846,9727.105252899004
P42848,9615.2367245834575
P42850,8982.4179398053602
P42851,9264.5646988971857
P42854,9295.0489753923794
P42856,9589.4466686632168
P43126,206453.828269099
P43212,199410.8130792336
P43476,49275.14343112347
P43491,50040.436649860509
P43495,49838.481574392921
P43546,11634.526678816268
P43627,104538.51124390106
P43846,10980.688244446012
P43866,10975.909087706224
P43933,109548.30023112842
P43962,40440.536188397877
P43987,46130.669599910878
