pipe_id,predicted_cost
P01002,21348.291015625
P01054,16572.263671875
P01066,22052.83203125
P01078,57647.08984375
P01112,16572.263671875
P01140,57159.22265625
P01148,16410.25
P01161,17269.037109375
P01166,77488.25
P01238,17844.5
P01317,47903.23828125
P01350,96417.65625
P01380,213457.890625
P01452,17445.07421875
P01571,17855.150390625
P01689,131290.28125
P01720,60375.71484375
P01767,21722.669921875
P01803,16572.263671875
P01805,77740.65625
P01813,68236.671875
P01815,17881.2265625
P01836,20762.17578125
P01838,18623.580078125
P01846,17453.783203125
P01922,91903.25
P01959,16590.5703125
P01978,47903.23828125
P01986,57159.22265625
P02000,128527.9609375
P02031,17445.07421875
P02032,18141.845703125
P02062,18744.439453125
P02085,22638.947265625
P02099,17158.376953125
P02155,17283.060546875
P02191,119307.078125
P02227,96417.65625
P02245,15988.25390625
P02246,16173.705078125
P02316,85044.484375
P02318,20762.17578125
P02364,18141.845703125
P02365,17445.07421875
P02410,17844.5
P02412,72616.8671875
P02432,21348.291015625
P02545,42811.296875
P02600,71299.6875
P02649,67973.5
P02663,18141.845703125
P02665,22316.552734375
P02666,21025.896484375
P02667,23013.326171875
P02670,17675.458984375
P02674,17269.037109375
P02707,16572.263671875
P02708,16572.263671875
P02717,20863.8828125
P02728,67973.5
P02764,17283.060546875
P02864,22308.783203125
P02878,53779.04296875
P02908,18975.447265625
P02912,17445.07421875
P02914,21044.203125
P03008,86700.9375
P03057,20056.16796875
P03076,17862.919921875
P03259,66009.515625
P03314,47654.015625
P03349,60375.71484375
P03371,17979.83203125
P03387,19638.322265625
P03388,17269.037109375
P03402,51422.6328125
P03412,28836.732421875
P03485,238336.9375
P03490,16590.5703125
P03493,18975.447265625
P03591,47421.36328125
P03655,21722.669921875
P03702,18727.958984375
P03704,18727.958984375
P03791,67973.5
P03798,69378.515625
P03881,147642.03125
P03884,81889.265625
P03917,144327.578125
P03986,17445.07421875
P03988,19638.322265625
P04074,53740.6171875
P04076,61577.796875
P04147,198460.265625
P04152,97779.0625
P04184,16572.263671875
P04186,17158.376953125
P04221,47545.2578125
P04224,19145.806640625
P04249,20266.103515625
P04262,17463.380859375
P04289,42811.296875
P04293,43633.43359375
P04305,16590.5703125
P04306,17369.650390625
P04308,16590.5703125
P04311,70200.65625
P04416,59276.3984375
P04417,72928.984375
P04467,81067.125
P04495,52972.046875
P04496,23057.130859375
P04521,17269.037109375
P04535,17862.919921875
P04581,18754.037109375
P04600,18754.037109375
P04698,17369.650390625
P04701,17685.296875
P04707,17158.376953125
P04752,51815.0625
P04754,65467.65234375
P04801,21722.669921875
P04860,17463.380859375
P04861,18754.037109375
P04862,17463.380859375
P04865,19202.650390625
P04868,69378.515625
P04869,82789.109375
P04986,18031.189453125
P05007,15401.54296875
P05036,20762.17578125
P05040,129293.5625
P05042,153912.9375
P05043,47903.23828125
P05047,25248.990234375
P05055,21348.291015625
P05060,20762.17578125
P05103,18559.693359375
P05106,17855.150390625
P05128,85044.484375
P05134,20056.16796875
P05139,19432.501953125
P05140,47081.1015625
P05163,208713.296875
P05168,273555.03125
P05229,20762.17578125
P05323,51333.1875
P05402,20714.716796875
P05432,59276.3984375
P05435,18975.447265625
P05447,20762.17578125
P05448,20762.17578125
P05458,16572.263671875
P05476,21348.291015625
P05486,22638.947265625
P05504,17269.037109375
P05551,19432.501953125
P05560,91903.25
P05575,91903.25
P05576,91903.25
P05594,17692.935546875
P05608,18573.716796875
P05758,100353.515625
P05769,56824.953125
P05800,17269.037109375
P05828,17463.380859375
P05834,18141.845703125
P05924,77488.25
P05925,170019.453125
P05970,62097.69140625
P05978,17881.2265625
P06017,97779.0625
P06030,66613.71875
P06072,80578.96875
P06077,17844.5
P06124,91903.25
P06182,17107.0234375
P06184,18559.693359375
P06189,19145.806640625
P06193,17269.037109375
P06200,85044.484375
P06235,18141.845703125
P06245,47903.23828125
P06287,18559.693359375
P06292,263302
P06302,110615.9453125
P06312,21736.501953125
P06314,111743.3671875
P06315,21736.501953125
P06331,21348.291015625
P06370,17107.0234375
P06425,19092.865234375
P06437,19092.865234375
P06454,22673.689453125
P06764,22673.689453125
P06802,19254.87890625
P07084,19254.87890625
P07090,19254.87890625
P07131,17190.056640625
P07177,22673.689453125
P07302,58286.26171875
P07333,45971.15625
P07468,19708.40625
P07632,21029.328125
P07949,22835.703125
P08016,57157.8203125
P08140,17269.037109375
P08142,19254.87890625
P08275,21875.208984375
P08337,73027.0078125
P08398,21549.634765625
P08496,21875.208984375
P08497,60916.20703125
P08525,17902.53125
P08540,18581.11328125
P08551,18581.11328125
P08940,18581.11328125
P08942,105363.5
P09041,18371.40234375
P09042,21348.291015625
P09096,16878.9453125
P09568,18141.845703125
P09724,17366.056640625
P09725,17366.056640625
P09897,19741.908203125
P09898,17955.640625
P09900,19045.134765625
P09901,19045.134765625
P09902,19045.134765625
P09904,17955.640625
P09922,20141.556640625
P09924,20141.556640625
P09925,19750.83984375
P09929,20141.556640625
P09932,21309.654296875
P09939,19240.353515625
P09941,20141.556640625
P09942,19240.353515625
P09943,20141.556640625
P10039,17949.697265625
P10058,17725.62109375
P10059,17725.62109375
P10064,17725.62109375
P10077,30142.427734375
P10219,39501.96875
P10438,18777.82421875
P10451,18252.017578125
P10490,79079.84375
P10724,58806.15625
P10787,18859.3125
P10815,18074.056640625
P10818,17881.306640625
P10819,17548.25
P10820,17881.306640625
P10822,17881.306640625
P10823,18262.34765625
P10828,17548.25
P10829,17548.25
P10830,17708.3046875
P10831,17148.822265625
P10833,17881.306640625
P10843,33311.484375
P10868,19240.353515625
P10977,20141.556640625
P10979,113576.5390625
P10980,113576.5390625
P11003,17949.697265625
P11218,48064.046875
P11352,19360.193359375
P11353,19200.138671875
P11401,61787.625
P11418,17171.5
P11581,72172.390625
P11624,18080.232421875
P11634,17747.17578125
P11647,17747.17578125
P11694,110503.953125
P11769,17941.625
P11775,18849.63671875
P11818,17148.822265625
P11819,17734.935546875
P11822,17148.822265625
P11823,17734.935546875
P11838,17859.619140625
P11900,19163.55078125
P11902,18371.40234375
P11948,17699.11328125
P12004,16610.279296875
P12005,16610.279296875
P12011,16770.333984375
P12012,16943.3359375
P12013,58806.15625
P12025,18607.748046875
P12041,191947.6875
P12045,17699.11328125
P12134,16610.279296875
P12139,54875.421875
P12142,95024.6484375
P12144,181220.5625
P12147,58788.36328125
P12249,19200.138671875
P12253,19200.138671875
P12254,19200.138671875
P12256,17708.3046875
P12257,17548.25
P12262,17548.25
P12266,17548.25
P12300,19725.9453125
P12302,19200.138671875
P12320,19200.138671875
P12340,19914.236328125
P12347,19533.1953125
P12349,19200.138671875
P12367,19200.138671875
P12368,19200.138671875
P12374,19360.193359375
P12403,18421.05859375
P12404,18421.05859375
P12405,18421.05859375
P12556,19016.7421875
P12654,39501.96875
P12656,33609.234375
P12675,16943.3359375
P12680,58557.5546875
P12681,84751.3984375
P12692,33311.484375
P12988,16650.75390625
P13007,79497.5703125
P13008,60211.1796875
P13049,17366.056640625
P13296,17366.056640625
P13439,18080.154296875
P13498,17167.12890625
P13507,74333.234375
P13509,58806.15625
P13511,17195.8359375
P13512,95024.6484375
P13513,16760.736328125
P13514,16610.279296875
P13518,16943.3359375
P13521,60211.1796875
P13532,69325.328125
P13533,69325.328125
P13536,69325.328125
P13547,17327.18359375
P13550,18940.8046875
P13551,18940.8046875
P13613,18262.34765625
P13706,153155.625
P13709,70682.796875
P13743,18354.689453125
P13775,18021.6328125
P13783,43218.9453125
P13786,17859.619140625
P13787,18385.42578125
P13788,17859.619140625
P13789,17881.306640625
P13790,17548.25
P13839,19552.005859375
P13855,58806.15625
P13858,39519.76171875
P13881,17941.625
P13911,18021.6328125
P13912,18607.748046875
P13913,18607.748046875
P13914,18607.748046875
P13919,19240.353515625
P13946,17881.306640625
P13947,18074.056640625
P13949,17548.25
P13951,17881.306640625
P13953,18074.056640625
P13955,17548.25
P13966,17324.455078125
P13967,17324.455078125
P14005,16610.279296875
P14006,58806.15625
P14057,19062.73046875
P14074,17674.62890625
P14075,17674.62890625
P14076,18067.9921875
P14078,17674.62890625
P14081,17734.935546875
P14124,17747.17578125
P14125,17747.17578125
P14126,17747.17578125
P14143,17907.23046875
P14183,17548.25
P14184,17548.25
P14292,17699.11328125
P14336,21935.51171875
P14337,21935.51171875
P14355,17699.11328125
P14362,18067.9921875
P14363,17674.62890625
P14369,17734.935546875
P14372,17148.822265625
P14376,17674.62890625
P14377,17862.919921875
P14378,17148.822265625
P14390,17734.935546875
P14391,17148.822265625
P14394,17734.935546875
P14395,18382.0703125
P14415,17734.935546875
P14417,17674.62890625
P14418,17685.296875
P14420,18371.40234375
P14443,19240.353515625
P14480,17955.640625
P14486,20141.556640625
P14489,19240.353515625
P14525,17949.697265625
P14601,20141.556640625
P14611,20141.556640625
P14613,18143.931640625
P14618,19045.134765625
P14636,17955.640625
P14675,18067.9921875
P14677,18067.9921875
P14680,17881.306640625
P14681,17881.306640625
P14686,17548.25
P14687,17881.306640625
P14740,17674.62890625
P14741,18067.9921875
P14778,18067.9921875
P14779,18271.41015625
P14789,18080.232421875
P14817,17726.0859375
P14847,17148.822265625
P14848,17862.919921875
P14858,18547.439453125
P14859,18607.748046875
P14866,19636.93359375
P14868,18021.6328125
P14869,19144.22265625
P14870,18547.439453125
P14872,18021.6328125
P14873,18021.6328125
P14895,18547.439453125
P14900,18021.6328125
P14903,18547.439453125
P14905,18607.748046875
P14907,18607.748046875
P14908,18607.748046875
P14909,18940.8046875
P14910,18067.9921875
P14912,17734.935546875
P14914,18735.73046875
P14915,18607.748046875
P14917,18067.9921875
P14919,17862.919921875
P14954,19045.134765625
P14993,20141.556640625
P15013,128527.9609375
P15016,17955.640625
P15024,17558.98046875
P15044,17726.0859375
P15079,69325.328125
P15187,17726.0859375
P15242,60211.1796875
P15245,95024.6484375
P15257,35869.32421875
P15447,17699.11328125
P15457,17366.056640625
P15464,96752.328125
P15465,98381.625
P15467,17548.25
P15468,18067.9921875
P15469,17481.87890625
P15470,17881.306640625
P15471,96752.328125
P15481,18271.41015625
P15482,17481.87890625
P15484,17548.25
P15485,17148.822265625
P15489,17490.587890625
P15490,17881.306640625
P15491,17548.25
P15492,17734.935546875
P15501,18585.07421875
P15513,17708.3046875
P15514,18067.9921875
P15515,18968.18359375
P15516,18067.9921875
P15517,17481.87890625
P15518,18067.9921875
P15524,17481.87890625
P15526,18067.9921875
P15528,18067.9921875
P15530,18067.9921875
P15531,18067.9921875
P15535,18067.9921875
P15540,18143.931640625
P15664,17363.05859375
P15730,17747.17578125
P15804,18252.017578125
P15810,20324.34375
P15834,18940.8046875
P15835,18021.6328125
P15837,18271.41015625
P15838,18067.9921875
P15839,18968.18359375
P15840,18067.9921875
P15848,17747.17578125
P15885,88611.71875
P15943,17881.306640625
P15944,98381.625
P15945,17881.306640625
P15979,18461.2734375
P16166,17558.98046875
P16237,17500.185546875
P16238,17500.185546875
P16240,17500.185546875
P16241,17683.337890625
P16246,22521.625
P16248,17148.822265625
P16250,17699.11328125
P16264,17699.11328125
P16278,19438.3828125
P16300,17366.056640625
P16311,19438.3828125
P16316,17699.11328125
P16363,19200.138671875
P16398,17011.4453125
P16399,17171.5
P16424,16943.3359375
P16426,16943.3359375
P16433,16991.3984375
P16541,17726.0859375
P16557,17726.0859375
P16692,18585.07421875
P16823,17548.25
P16824,18271.41015625
P16826,18067.9921875
P16840,18526.255859375
P16895,45518.04296875
P16924,36332.91015625
P17055,39519.76171875
P17060,60211.1796875
P17123,19533.1953125
P17168,88611.71875
P17169,69325.328125
P17172,69325.328125
P17183,17148.822265625
P17238,40244.2578125
P17498,18468.595703125
P17552,17699.11328125
P17600,17366.056640625
P17675,72569.1953125
P17678,46452.53125
P17693,20141.556640625
P17694,20141.556640625
P17729,17699.11328125
P17749,17699.11328125
P17753,17689.515625
P17761,17481.87890625
P17812,17699.11328125
P17874,17955.640625
P17880,18143.931640625
P17889,19240.353515625
P17931,17734.935546875
P17932,17862.919921875
P17935,18271.41015625
P17936,17148.822265625
P17938,17685.296875
P17939,17734.935546875
P17940,17734.935546875
P17941,17148.822265625
P17942,18764.123046875
P17943,18067.9921875
P17944,17862.919921875
P17945,17674.62890625
P17946,17734.935546875
P17948,18067.9921875
P17950,18067.9921875
P17952,18940.8046875
P17953,19636.93359375
P17954,18271.41015625
P18057,17523.564453125
P18305,17949.697265625
P18351,17949.697265625
P18376,17366.056640625
P18377,17366.056640625
P18378,17366.056640625
P18414,17148.822265625
P18415,18271.41015625
P18454,17548.25
P18455,17881.306640625
P18456,17881.306640625
P18457,17548.25
P18595,17366.056640625
P18657,17481.87890625
P18658,18067.9921875
P18659,17481.87890625
P18662,18067.9921875
P18691,17699.11328125
P18711,17187.228515625
P18779,16991.3984375
P18798,39519.76171875
P18807,17699.11328125
P18816,17747.17578125
P18818,17747.17578125
P18822,18080.232421875
P18842,36332.91015625
P18843,36332.91015625
P18868,18067.9921875
P18896,17366.056640625
P18929,43753.578125
P18934,48908.921875
P18939,36332.91015625
P18944,18067.9921875
P18945,18067.9921875
P18946,18067.9921875
P18950,18067.9921875
P18986,51250.90234375
P18988,88611.71875
P18990,69325.328125
P18991,69325.328125
P18992,104138.796875
P18993,69325.328125
P19024,17344.501953125
P19026,17011.4453125
P19102,18067.9921875
P19103,17734.935546875
P19104,17734.935546875
P19106,17699.11328125
P19129,17366.056640625
P19133,17366.056640625
P19165,18968.18359375
P19167,18067.9921875
P19177,17148.822265625
P19178,18067.9921875
P19180,18067.9921875
P19181,18067.9921875
P19183,17481.87890625
P19184,18067.9921875
P19189,17148.822265625
P19191,17481.87890625
P19192,18067.9921875
P19300,57024.32421875
P19306,60533.6484375
P19309,57024.32421875
P19316,30440.173828125
P19321,17334.904296875
P19322,57768.8515625
P19323,62924.1953125
P19325,57768.8515625
P19333,48366.79296875
P19338,48069.046875
P19340,30440.173828125
P19341,46434.73828125
P19349,36332.91015625
P19350,36332.91015625
P19352,40542.00390625
P19353,40542.00390625
P19355,40244.2578125
P19361,28476.193359375
P19364,46434.73828125
P19423,17699.11328125
P19445,17699.11328125
P19468,17689.515625
P19494,17856.62109375
P19499,17523.564453125
P19515,17516.513671875
P20039,18070.556640625
P20108,16853.275390625
P20112,16853.275390625
P20116,16853.275390625
P20161,18421.05859375
P20162,18421.05859375
P20163,18581.11328125
P20165,18421.05859375
P20169,17955.640625
P20170,19045.134765625
P20178,19045.134765625
P20179,19045.134765625
P20199,17955.640625
P20205,18143.931640625
P20275,18067.9921875
P20276,17148.822265625
P20281,18968.18359375
P20284,18067.9921875
P20285,18067.9921875
P20287,17148.822265625
P20293,17734.935546875
P20295,17734.935546875
P20296,17674.62890625
P20298,17674.62890625
P20300,18067.9921875
P20301,17148.822265625
P20302,18271.41015625
P20303,18067.9921875
P20304,17148.822265625
P20305,18067.9921875
P20319,18607.748046875
P20320,18607.748046875
P20321,18067.9921875
P20323,17481.87890625
P20324,18067.9921875
P20326,18067.9921875
P20327,17148.822265625
P20328,17148.822265625
P20329,17674.62890625
P20332,17734.935546875
P20333,17734.935546875
P20335,17148.822265625
P20337,17148.822265625
P20338,18067.9921875
P20339,18067.9921875
P20340,17148.822265625
P20341,18067.9921875
P20342,17862.919921875
P20343,17148.822265625
P20344,17148.822265625
P20345,18067.9921875
P20347,18067.9921875
P20422,17334.904296875
P20444,17526.111328125
P20534,17734.935546875
P20535,18067.9921875
P20536,18067.9921875
P20545,17949.697265625
P20549,19240.353515625
P20571,18067.9921875
P20572,18067.9921875
P20574,17734.935546875
P20577,18067.9921875
P20578,17148.822265625
P20580,17734.935546875
P20582,18067.9921875
P20584,18067.9921875
P20585,18968.18359375
P20589,17548.25
P20590,17548.25
P20592,17734.935546875
P20610,17363.05859375
P20625,19200.138671875
P20626,19200.138671875
P20657,48908.921875
P20658,48908.921875
P20699,17692.935546875
P20700,17327.18359375
P20701,17167.12890625
P20702,17500.185546875
P20704,17167.12890625
P20706,17500.185546875
P20707,17167.12890625
P20709,17500.185546875
P20711,17500.185546875
P20712,17500.185546875
P20713,17500.185546875
P20714,17500.185546875
P20715,17500.185546875
P20716,17500.185546875
P20717,17500.185546875
P20722,17500.185546875
P20723,17500.185546875
P20791,46452.53125
P20807,17548.25
P20808,17881.306640625
P20839,208435.40625
P20841,227251.21875
P20862,18271.41015625
P20892,17167.12890625
P20897,17366.056640625
P20898,17734.935546875
P20899,18067.9921875
P20917,164128.5
P20925,18575.4765625
P20945,18252.017578125
P20959,17548.25
P20960,17881.306640625
P20961,17548.25
P20962,194360.953125
P20966,143593.65625
P20967,208435.40625
P20969,18080.232421875
P21039,19533.1953125
P21040,19914.236328125
P21041,19200.138671875
P21044,19200.138671875
P21046,19200.138671875
P21047,19200.138671875
P21142,18067.9921875
P21143,18067.9921875
P21181,17734.935546875
P21195,17747.17578125
P21313,18067.9921875
P21314,18067.9921875
P21315,18067.9921875
P21329,16789.498046875
P21372,110503.953125
P21376,18633.13671875
P21449,18283.650390625
P21450,17747.17578125
P21453,17747.17578125
P21454,17747.17578125
P21455,17882.265625
P21456,17747.17578125
P21460,17708.3046875
P21462,17881.306640625
P21463,189676.828125
P21465,241325.671875
P21467,17881.306640625
P21469,17881.306640625
P21472,18585.07421875
P21501,113048.59375
P21513,193047.484375
P21550,18067.9921875
P21551,17674.62890625
P21556,18371.40234375
P21583,98381.625
P21584,17881.306640625
P21586,17881.306640625
P21587,18067.9921875
P21612,17949.697265625
P21623,17327.18359375
P21625,17327.18359375
P21626,17500.185546875
P21630,17167.12890625
P21632,17167.12890625
P21636,18230.462890625
P21637,17500.185546875
P21638,17500.185546875
P21639,17500.185546875
P21648,17344.501953125
P21691,18660.38671875
P21692,19200.138671875
P21694,21084.095703125
P21696,19360.193359375
P21697,18853.13671875
P21708,17366.056640625
P21711,17366.056640625
P21713,193047.484375
P21728,18067.9921875
P21729,18968.18359375
P21732,18382.0703125
P21735,18271.41015625
P21736,18271.41015625
P21737,18271.41015625
P21742,18067.9921875
P21750,17949.697265625
P21759,18067.9921875
P21760,18067.9921875
P21762,17148.822265625
P21763,18067.9921875
P21765,18067.9921875
P21767,18067.9921875
P21768,18067.9921875
P21807,36332.91015625
P21808,36332.91015625
P21814,36332.91015625
P21816,17171.5
P21817,17344.501953125
P21819,17344.501953125
P21822,17344.501953125
P21825,17344.501953125
P21827,17344.501953125
P21828,17344.501953125
P21829,17011.4453125
P21831,17344.501953125
P21833,17344.501953125
P21869,17011.4453125
P21886,17526.111328125
P21938,18067.9921875
P21940,18067.9921875
P21942,18067.9921875
P21944,17148.822265625
P21946,17148.822265625
P21947,18067.9921875
P21950,18067.9921875
P21952,18067.9921875
P21966,17148.822265625
P21967,18067.9921875
P21970,18067.9921875
P21971,18067.9921875
P21973,17148.822265625
P21977,17674.62890625
P21983,17481.87890625
P21984,18067.9921875
P21985,18271.41015625
P21986,18271.41015625
P22017,18143.931640625
P22032,19045.134765625
P22036,19045.134765625
P22052,18421.05859375
P22053,18421.05859375
P22077,17699.11328125
P22082,18067.9921875
P22083,18067.9921875
P22084,18968.18359375
P22086,22521.625
P22087,22521.625
P22362,17949.697265625
P22365,17949.697265625
P22366,17949.697265625
P22465,16074.1953125
P22474,16947.005859375
P22476,16947.005859375
P22701,17699.11328125
P22738,17366.056640625
P22827,128205.7578125
P22894,39842.23046875
P22895,36332.91015625
P22908,17344.501953125
P22910,17344.501953125
P22912,187113.296875
P22914,169563.09375
P22916,30142.427734375
P22917,36332.91015625
P22918,57024.32421875
P22919,51131.58984375
P22920,60533.6484375
P22922,54640.9140625
P22926,57024.32421875
P22972,17526.111328125
P22981,17366.056640625
P22998,17685.296875
P22999,17685.296875
P23000,18271.41015625
P23002,18968.18359375
P23003,18271.41015625
P23007,17699.11328125
P23042,18067.9921875
P23044,18067.9921875
P23047,17148.822265625
P23064,17366.056640625
P23091,17699.11328125
P23121,17011.4453125
P23149,88611.71875
P23201,17689.515625
P23206,46434.73828125
P23212,30440.173828125
P23220,46434.73828125
P23259,19254.87890625
P23274,36332.91015625
P23314,17747.17578125
P23319,166254.578125
P23320,218958.875
P23321,210483.078125
P23322,210483.078125
P23323,210483.078125
P23324,275324.84375
P23460,18859.3125
P23619,17481.87890625
P23620,17481.87890625
P23621,17481.87890625
P23623,18067.9921875
P23625,17481.87890625
P23626,17881.306640625
P23627,17548.25
P23628,17881.306640625
P23630,17881.306640625
P23631,17881.306640625
P23634,17685.296875
P23635,17500.185546875
P23638,18271.41015625
P23639,17481.87890625
P23641,17862.919921875
P23737,17949.697265625
P23779,20598.50390625
P23895,19854.408203125
P23933,18859.3125
P23952,21953.818359375
P24047,17699.11328125
P24070,17699.11328125
P24080,176483.9375
P24082,17699.11328125
P24128,17366.056640625
P24161,18067.9921875
P24162,18067.9921875
P24163,18968.18359375
P24164,18764.123046875
P24166,17734.935546875
P24169,17734.935546875
P24171,17862.919921875
P24229,20141.556640625
P24253,19052.0625
P24266,18652.4140625
P24272,17955.640625
P24317,17366.056640625
P24339,17699.11328125
P24341,17699.11328125
P24346,17366.056640625
P24382,17699.11328125
P24419,19438.3828125
P24429,17699.11328125
P24433,17366.056640625
P24473,17699.11328125
P24481,103510.453125
P24515,17902.53125
P24601,17526.111328125
P24606,17902.53125
P24609,17699.11328125
P24709,17699.11328125
P24805,19062.73046875
P24830,17726.0859375
P24963,17699.11328125
P24967,30440.173828125
P24968,36332.91015625
P24973,17685.296875
P24975,19144.22265625
P25021,17699.11328125
P25058,17366.056640625
P25280,28476.193359375
P25281,44051.328125
P25332,18067.9921875
P25334,17148.822265625
P25350,104138.796875
P25472,18635.701171875
P25481,19200.138671875
P25579,95024.6484375
P25581,60211.1796875
P25606,17699.11328125
P25668,17366.056640625
P25877,17011.4453125
P25878,30440.173828125
P25941,17725.62109375
P25944,18720.716796875
P25946,45518.04296875
P25983,17364.8515625
P26003,17747.17578125
P26006,20578.40625
P26008,17747.17578125
P26009,17148.822265625
P26010,17747.17578125
P26011,17882.265625
P26012,19362.4765625
P26013,17747.17578125
P26014,17747.17578125
P26015,18080.232421875
P26016,17747.17578125
P26017,19631.1328125
P26019,17882.265625
P26020,19362.4765625
P26021,20578.40625
P26023,19362.4765625
P26024,17548.25
P26026,18067.9921875
P26028,17148.822265625
P26029,17148.822265625
P26030,17674.62890625
P26031,17548.25
P26179,17949.697265625
P26250,18585.07421875
P26257,18252.017578125
P26271,17366.056640625
P26293,17689.515625
P26335,17949.697265625
P26468,17366.056640625
P26472,17366.056640625
P26517,20141.556640625
P26525,20141.556640625
P26542,17167.12890625
P26686,17726.0859375
P26748,17548.25
P26749,17548.25
P26750,17708.3046875
P26751,17548.25
P26753,17548.25
P26755,17881.306640625
P26756,17548.25
P26757,17881.306640625
P26773,18558.107421875
P26802,17699.11328125
P26819,18558.107421875
P26820,19144.22265625
P26821,18607.748046875
P26822,18021.6328125
P26845,16610.279296875
P26846,16943.3359375
P26919,18021.6328125
P26936,17699.11328125
P26953,18575.4765625
P26961,17699.11328125
P26963,17699.11328125
P26974,17366.056640625
P27043,17366.056640625
P27057,17366.056640625
P27066,17699.11328125
P27072,17699.11328125
P27074,17699.11328125
P27127,17902.53125
P27182,17902.53125
P27194,18709.154296875
P27198,17366.056640625
P27209,19438.3828125
P27217,17699.11328125
P27222,18252.017578125
P27255,17558.98046875
P27256,17558.98046875
P27284,17558.98046875
P27445,20141.556640625
P27631,96752.328125
P27632,18074.056640625
P27633,17881.306640625
P27634,17881.306640625
P27635,98381.625
P27636,94788.34375
P27637,17881.306640625
P27639,115370.734375
P27651,16986.80859375
P27657,18354.689453125
P27658,18021.6328125
P27660,18940.8046875
P27661,18354.689453125
P27791,17747.17578125
P27806,18080.232421875
P27811,17170.6171875
P27816,17148.822265625
P27819,18067.9921875
P27820,18067.9921875
P27821,18067.9921875
P27823,18968.18359375
P27829,17734.935546875
P27833,17734.935546875
P27834,18607.748046875
P27835,18021.6328125
P27836,18067.9921875
P27838,18607.748046875
P27867,17699.11328125
P27891,19438.3828125
P27892,17699.11328125
P27930,19438.3828125
P28007,17366.056640625
P28019,17699.11328125
P28029,17366.056640625
P28050,17699.11328125
P28062,17699.11328125
P28100,17699.11328125
P28113,17699.11328125
P28205,19533.1953125
P28206,19200.138671875
P28222,19360.193359375
P28476,17955.640625
P28478,19045.134765625
P28484,19045.134765625
P28485,19045.134765625
P28492,17674.62890625
P28494,18271.41015625
P28495,18271.41015625
P28496,18968.18359375
P28497,18067.9921875
P28498,17148.822265625
P28499,18067.9921875
P28502,17548.25
P28503,18067.9921875
P28504,17881.306640625
P28506,17481.87890625
P28507,17148.822265625
P28509,18067.9921875
P28511,17734.935546875
P28512,21602.455078125
P28513,17481.87890625
P28515,18067.9921875
P28516,17148.822265625
P28517,18067.9921875
P28518,18067.9921875
P28521,18067.9921875
P28523,17481.87890625
P28527,21935.51171875
P28531,21935.51171875
P28532,18067.9921875
P28533,18067.9921875
P28534,17148.822265625
P28536,17481.87890625
P28537,17148.822265625
P28540,17708.3046875
P28542,17708.3046875
P28543,17881.306640625
P28544,17674.62890625
P28545,18271.41015625
P28546,18067.9921875
P28547,18067.9921875
P28548,18067.9921875
P28549,17674.62890625
P28550,18067.9921875
P28551,18067.9921875
P28554,18067.9921875
P28555,18067.9921875
P28559,18271.41015625
P28562,17148.822265625
P28564,17881.306640625
P28567,18067.9921875
P28568,18067.9921875
P28570,17481.87890625
P28573,18067.9921875
P28575,17148.822265625
P28576,17734.935546875
P28577,17481.87890625
P28579,17674.62890625
P28580,18067.9921875
P28581,17685.296875
P28584,17674.62890625
P28585,17481.87890625
P28586,17674.62890625
P28587,18271.41015625
P28588,18067.9921875
P28590,17481.87890625
P28591,17481.87890625
P28592,17148.822265625
P28593,18271.41015625
P28594,17862.919921875
P28595,18271.41015625
P28597,70310.8125
P28598,117275.53125
P28599,17708.3046875
P28657,91249.5390625
P28690,70310.8125
P28693,96752.328125
P28694,117275.53125
P28696,17862.919921875
P28697,17685.296875
P28698,17674.62890625
P28699,98381.625
P28700,17148.822265625
P28706,17699.11328125
P28823,17955.640625
P28848,18635.701171875
P28881,16853.275390625
P28889,16853.275390625
P28944,16853.275390625
P29112,79497.5703125
P29116,16610.279296875
P29117,79497.5703125
P29123,104138.796875
P29127,95024.6484375
P29128,60211.1796875
P29129,95024.6484375
P29130,16610.279296875
P29131,60211.1796875
P29137,69325.328125
P29141,77533.59375
P29151,95024.6484375
P29155,20141.556640625
P29176,19045.134765625
P29180,19045.134765625
P29190,18143.931640625
P29192,19045.134765625
P29324,17548.25
P29325,17548.25
P29327,17548.25
P29404,19240.353515625
P29424,20408.451171875
P29440,18468.595703125
P29455,19240.353515625
P29483,20141.556640625
P29485,19052.0625
P29526,20141.556640625
P29553,17955.640625
P29591,18067.9921875
P29593,18067.9921875
P29596,17734.935546875
P29599,17734.935546875
P29602,18271.41015625
P29603,17734.935546875
P29607,18021.6328125
P29608,18940.8046875
P29639,17170.6171875
P29641,18607.748046875
P29644,17734.935546875
P29645,17862.919921875
P29648,18607.748046875
P29658,18607.748046875
P29660,18607.748046875
P29662,18607.748046875
P29663,19636.93359375
P29665,18607.748046875
P29667,18607.748046875
P29670,17148.822265625
P29672,18940.8046875
P29675,18607.748046875
P29677,17148.822265625
P29678,18067.9921875
P29680,18067.9921875
P29688,19254.87890625
P29689,18607.748046875
P29691,19840.9921875
P29719,17747.17578125
P29749,17856.62109375
P29781,16074.1953125
P29843,17481.87890625
P29844,17148.822265625
P29845,18067.9921875
P29846,18067.9921875
P29847,18067.9921875
P29848,17148.822265625
P29849,18067.9921875
P29850,18067.9921875
P29852,17734.935546875
P29854,18067.9921875
P29855,18067.9921875
P29864,17685.296875
P29866,18067.9921875
P30025,17881.306640625
P30027,129445.1796875
P30028,17881.306640625
P30030,17881.306640625
P30032,18067.9921875
P30098,19045.134765625
P30106,17955.640625
P30111,18143.931640625
P30120,18143.931640625
P30148,20141.556640625
P30159,20141.556640625
P30172,84299.4609375
P30188,19052.0625
P30398,20141.556640625
P30401,20141.556640625
P30407,20141.556640625
P30415,19045.134765625
P30417,17955.640625
P30421,19045.134765625
P30430,20408.451171875
P30436,19240.353515625
P30444,20141.556640625
P30447,20141.556640625
P30450,20141.556640625
P30453,19240.353515625
P30457,19052.0625
P30461,19750.83984375
P30465,19240.353515625
P30521,19045.134765625
P30530,19045.134765625
P30548,20141.556640625
P30550,20141.556640625
P30570,17674.62890625
P30573,17862.919921875
P30575,18067.9921875
P30576,17734.935546875
P30577,18067.9921875
P30578,18271.41015625
P30628,17685.296875
P30629,18382.0703125
P30636,17674.62890625
P30637,18067.9921875
P30644,18067.9921875
P30645,18067.9921875
P30665,17734.935546875
P30667,17862.919921875
P30668,17148.822265625
P30669,18067.9921875
P30670,18067.9921875
P30672,17734.935546875
P30673,18559.693359375
P30674,17674.62890625
P30675,17148.822265625
P30676,17148.822265625
P30677,18067.9921875
P30678,17148.822265625
P30680,17148.822265625
P30682,18067.9921875
P30683,18067.9921875
P30688,18067.9921875
P30690,18067.9921875
P30693,18067.9921875
P30695,17734.935546875
P30696,17481.87890625
P30697,17148.822265625
P30698,18067.9921875
P30699,18271.41015625
P30701,18067.9921875
P30702,18067.9921875
P30703,18067.9921875
P30704,18067.9921875
P30705,17734.935546875
P30707,17862.919921875
P30710,17862.919921875
P30711,18067.9921875
P30712,17862.919921875
P30713,18067.9921875
P30714,18067.9921875
P30718,17674.62890625
P30720,18067.9921875
P30747,21602.455078125
P30769,21935.51171875
P30770,22521.625
P31073,18080.232421875
P31079,17548.25
P31080,17881.306640625
P31081,18262.34765625
P31082,199959.609375
P31190,17747.17578125
P31227,18067.9921875
P31228,18968.18359375
P31231,18067.9921875
P31233,18968.18359375
P31236,18382.0703125
P31242,18067.9921875
P31243,17481.87890625
P31244,18067.9921875
P31245,18067.9921875
P31246,17734.935546875
P31247,18067.9921875
P31385,17392.564453125
P31387,17392.564453125
P31388,17392.564453125
P31390,16991.3984375
P31393,17324.455078125
P31394,16991.3984375
P31395,17324.455078125
P31398,17324.455078125
P31402,17324.455078125
P31403,146203.59375
P31404,154679.390625
P31467,18607.748046875
P31510,58806.15625
P31511,58806.15625
P31514,39519.76171875
P31581,17708.3046875
P31583,16991.3984375
P31588,17548.25
P31589,17708.3046875
P31590,17881.306640625
P31593,17881.306640625
P31596,17881.306640625
P31599,19163.55078125
P31600,17881.306640625
P31602,17548.25
P31603,17881.306640625
P31604,17548.25
P31607,18192.67578125
P31613,17881.306640625
P31615,17548.25
P31616,19432.205078125
P31620,18421.05859375
P31621,18754.115234375
P31624,17859.619140625
P31626,17859.619140625
P31645,19840.9921875
P31650,18021.6328125
P31670,39501.96875
P31695,21602.455078125
P31697,22521.625
P31705,22521.625
P31706,17366.056640625
P31717,17902.53125
P31779,74333.234375
P31781,39519.76171875
P31782,35869.32421875
P31786,16610.279296875
P31788,16610.279296875
P31789,55155.71875
P31790,16933.73828125
P31792,16943.3359375
P31795,16610.279296875
P31797,16933.73828125
P31989,17881.306640625
P31997,17881.306640625
P32001,199959.609375
P32003,17882.265625
P32004,18074.056640625
P32006,17548.25
P32009,18074.056640625
P32020,96436.5078125
P32022,96436.5078125
P32023,16770.333984375
P32108,17344.501953125
P32109,18021.6328125
P32111,18354.689453125
P32134,79497.5703125
P32135,60211.1796875
P32137,95024.6484375
P32138,60211.1796875
P32140,95024.6484375
P32143,95024.6484375
P32144,60211.1796875
P32145,95024.6484375
P32147,60211.1796875
P32162,104138.796875
P32166,18940.8046875
P32169,17734.935546875
P32170,86739.984375
P32172,95024.6484375
P32177,69325.328125
P32180,18940.8046875
P32181,18354.689453125
P32183,88611.71875
P32185,69325.328125
P32189,60211.1796875
P32190,60211.1796875
P32194,104138.796875
P32200,16943.3359375
P32209,16933.73828125
P32210,16943.3359375
P32211,16610.279296875
P32214,18682.60546875
P32215,16610.279296875
P32216,16943.3359375
P32217,16943.3359375
P32218,16610.279296875
P32223,125352.3828125
P32224,16610.279296875
P32225,16943.3359375
P32232,79497.5703125
P32234,95024.6484375
P32240,16943.3359375
P32241,16943.3359375
P32244,39519.76171875
P32249,16610.279296875
P32253,16610.279296875
P32259,39519.76171875
P32327,17366.056640625
P32354,218427.171875
P32360,17366.056640625
P32544,17699.11328125
P32585,17856.62109375
P32683,17689.515625
P32689,17366.056640625
P32921,16650.75390625
P32995,17699.11328125
P33019,17366.056640625
P33043,69325.328125
P33047,104138.796875
P33048,69325.328125
P33049,69325.328125
P33050,95024.6484375
P33056,79497.5703125
P33057,17692.935546875
P33079,58247.19921875
P33081,60211.1796875
P33084,95024.6484375
P33284,17011.4453125
P33286,19083.771484375
P33289,17011.4453125
P33294,17344.501953125
P33296,17344.501953125
P33298,19083.771484375
P33299,17344.501953125
P33305,17344.501953125
P33309,17344.501953125
P33310,17334.904296875
P33313,39476.18359375
P33426,17366.056640625
P33466,17500.185546875
P33651,17366.056640625
P33929,33311.484375
P33962,16610.279296875
P33963,33609.234375
P34022,33609.234375
P34025,58788.36328125
P34034,52895.62890625
P34037,39501.96875
P34382,17949.697265625
P34383,17949.697265625
P34417,214598.296875
P34538,17949.697265625
P34539,19914.236328125
P34573,18581.11328125
P34574,18581.11328125
P34575,18581.11328125
P34580,18946.865234375
P34581,18754.115234375
P34583,18421.05859375
P34613,19725.9453125
P34614,19200.138671875
P34640,19200.138671875
P34689,18686.310546875
P34709,18556.1484375
P34710,20036.359375
P34711,19200.138671875
P34745,19200.138671875
P34750,19200.138671875
P34751,19725.9453125
P34842,187569.65625
P34843,18754.115234375
P34845,18421.05859375
P34846,17548.25
P34847,17881.306640625
P34850,17683.337890625
P34851,144396.59375
P34852,17548.25
P34853,146203.59375
P34869,17708.3046875
P34873,17683.337890625
P34874,19163.55078125
P34926,166214.953125
P34928,18660.38671875
P34929,18660.38671875
P34930,18487.384765625
P34931,20399.576171875
P34932,20815.439453125
P34933,18327.330078125
P34934,20815.439453125
P34935,18074.056640625
P34937,17548.25
P34939,17881.306640625
P34940,17548.25
P34941,17548.25
P34944,18074.056640625
P34945,18421.05859375
P34946,19200.138671875
P34947,18556.1484375
P34948,19200.138671875
P35026,21084.095703125
P35291,17884.001953125
P35417,18080.232421875
P35461,18328.033203125
P35667,65918.5
P35782,17902.53125
P35807,17366.056640625
P35878,18074.056640625
P35880,17674.62890625
P35881,17734.935546875
P35882,18371.40234375
P35883,17674.62890625
P35885,17881.306640625
P35886,17674.62890625
P35887,17881.306640625
P35888,18067.9921875
P35890,17548.25
P35891,17881.306640625
P35893,17708.3046875
P35894,18271.41015625
P35897,17683.337890625
P35912,17881.306640625
P35913,19432.205078125
P36011,18143.931640625
P36061,18607.748046875
P36062,17859.619140625
P36102,18067.9921875
P36107,18607.748046875
P36111,17734.935546875
P36112,17148.822265625
P36113,17734.935546875
P36114,17734.935546875
P36126,16853.275390625
P36234,21658.6015625
P36235,17941.625
P36237,21658.6015625
P36238,17941.625
P36240,21658.6015625
P36242,19075.328125
P36373,17747.17578125
P36374,18080.232421875
P36377,18080.232421875
P36578,17429.833984375
P36591,18828.451171875
P36712,68455.4140625
P36927,17011.4453125
P36950,17699.11328125
P36966,17366.056640625
P37024,18283.650390625
P37127,18421.05859375
P37142,17747.17578125
P37143,18946.865234375
P37146,19200.138671875
P37155,20815.439453125
P37156,19200.138671875
P37158,19200.138671875
P37257,135228.765625
P37374,18840.705078125
P37457,18686.310546875
P37569,19016.7421875
P37685,18143.931640625
P37699,19200.138671875
P37702,19200.138671875
P37726,16853.275390625
P37824,17550.048828125
P37863,18581.11328125
P37864,19360.193359375
P38165,17699.11328125
P38262,17699.11328125
P38277,17344.501953125
P38279,17344.501953125
P38287,273567.78125
P38294,17366.056640625
P38296,17366.056640625
P38318,17949.697265625
P38461,20141.556640625
P38463,20141.556640625
P38623,67542.0859375
P38627,71427.9921875
P38628,55900.91015625
P38907,20141.556640625
P38946,19240.353515625
P38951,20141.556640625
P38954,20141.556640625
P38972,19045.134765625
P38976,20141.556640625
P38983,20141.556640625
P39002,18686.310546875
P39093,17030.001953125
P39312,20141.556640625
P39419,20141.556640625
P39423,20141.556640625
P39442,19240.353515625
P39446,19240.353515625
P39504,20141.556640625
P39538,33311.484375
P39542,52597.8828125
P39544,52597.8828125
P39545,33311.484375
P39547,33311.484375
P39548,52597.8828125
P39561,71662.1171875
P39570,58788.36328125
P39575,18067.9921875
P39576,18271.41015625
P39577,18067.9921875
P39578,17674.62890625
P39579,18067.9921875
P39583,18067.9921875
P39584,17548.25
P39590,17881.306640625
P39591,17881.306640625
P39593,17881.306640625
P39596,18271.41015625
P39597,18382.0703125
P39599,17481.87890625
P39602,17148.822265625
P39603,17734.935546875
P39604,17148.822265625
P39625,18080.232421875
P39630,17548.25
P39631,17548.25
P39634,17548.25
P39635,17548.25
P39636,17881.306640625
P39640,17548.25
P39641,17881.306640625
P39642,17708.3046875
P39643,17548.25
P39767,176483.9375
P39821,17949.697265625
P39935,44773.58984375
P39956,18021.6328125
P39959,18354.689453125
P39965,42802.09375
P39966,18354.689453125
P39967,46311.41796875
P39972,32700.263671875
P40029,58806.15625
P40057,16943.3359375
P40231,16789.498046875
P40453,19052.0625
P40484,18526.255859375
P40855,18080.232421875
P40856,18080.232421875
P40857,18080.232421875
P41061,59341.265625
P41201,17747.17578125
P41218,16983.810546875
P41480,17747.17578125
P41745,17949.697265625
P41747,17949.697265625
P41763,17949.697265625
P41777,17558.98046875
P41852,18849.63671875
P41854,17949.697265625
P41856,19240.353515625
P41864,17558.98046875
P41865,17558.98046875
P41943,17949.697265625
P41944,17949.697265625
P41945,17949.697265625
P42113,104572.796875
P42172,73428.8125
P42174,55894.890625
P42176,61787.625
P42276,19240.353515625
P42293,20141.556640625
P42311,19045.134765625
P42375,19045.134765625
P42386,19045.134765625
P42407,19045.134765625
P42422,19045.134765625
P42424,18143.931640625
P42428,17955.640625
P42724,17608.5703125
P42908,17699.11328125
P42974,17699.11328125
P42975,17344.501953125
P42977,17366.056640625
P43038,48064.046875
P43076,61787.625
P43113,18230.462890625
P43144,17366.056640625
P43171,17699.11328125
P43175,19083.771484375
P43179,17526.111328125
P43348,94303.8125
P43551,131733.0625
P43555,19840.9921875
P43557,20762.17578125
P43576,231677.34375
P43577,231677.34375
P43578,56728
P43596,101605.2734375
P43597,101605.2734375
P43600,149133.796875
P43625,163208.25
P43626,58815.47265625
P43628,18199.994140625
P43657,41630.73828125
P43664,57157.8203125
P43665,41630.73828125
P43670,19254.87890625
P43675,68757.203125
P43746,23421.81640625
P43749,119307.078125
P43753,22673.689453125
P43755,101975.0859375
P43760,263302
P43765,67414.5390625
P43766,66009.515625
P43768,66009.515625
P43771,67414.5390625
P43772,22673.689453125
P43773,22673.689453125
P43780,16971.69140625
P43787,17844.5
P43790,18141.845703125
P43794,17269.037109375
P43845,16590.5703125
P43907,18765.51171875
P43993,17269.037109375
P44005,148970.078125
P44008,130914.34375
P44009,130914.34375
P44014,46723.12109375
P44036,17269.037109375
P01003,21804.357421875
P01005,21872.955078125
P01011,44330.95703125
P01032,21798.89453125
P01057,21798.89453125
P01062,45858.93359375
P01064,21947.63671875
P01065,46897.72265625
P01114,21779.416015625
P01115,21779.416015625
P01193,21894.35546875
P01205,55056.06640625
P01249,21497.6875
P01261,46227.015625
P01277,55726.7734375
P01331,48968.0234375
P01386,21480.583984375
P01401,21918.9296875
P01407,50372.31640625
P01558,22302.169921875
P01572,21908.923828125
P01595,22274.580078125
P01603,21356.6171875
P01645,46227.015625
P01650,21703.11328125
P01761,21917.595703125
P01857,55056.06640625
P01874,21781.333984375
P01945,49542.55078125
P01985,49638.73046875
P02005,21660.591796875
P02009,21644.40625
P02087,21737.13671875
P02144,54075.81640625
P02146,21543.607421875
P02162,48968.0234375
P02263,21938.11328125
P02274,21534.4921875
P02319,46479.69140625
P02347,21474.857421875
P02404,21894.35546875
P02428,21897.07421875
P02504,21721.552734375
P02526,21834.8515625
P02533,55056.06640625
P02611,23138.021484375
P02650,46227.015625
P02683,52044.1796875
P02697,21958.916015625
P02700,50267.5625
P02712,48052.671875
P02733,21910.861328125
P02745,49899.48046875
P02845,52617.68359375
P02862,21510.2734375
P02920,21808.986328125
P02937,21744.03125
P02977,21649.228515625
P02998,46227.015625
P03024,21896.72265625
P03058,21798.89453125
P03080,21727.525390625
P03088,21948.8515625
P03195,22032.53515625
P03217,21510.2734375
P03218,22274.947265625
P03226,44357.953125
P03260,49542.55078125
P03278,21780.00390625
P03335,21455.77734375
P03394,21868.095703125
P03398,133812.765625
P03415,21510.2734375
P03451,21723.240234375
P03477,21439.283203125
P03491,52709.671875
P03619,21917.595703125
P03623,21963.390625
P03652,21510.2734375
P03665,21911.115234375
P03738,21754.490234375
P03774,22002.951171875
P03834,21863.099609375
P03854,165877
P03888,46227.015625
P03895,44217.24609375
P03906,49270.6484375
P03919,21951.541015625
P03939,21949.21875
P03943,21951.9375
P03946,21951.9375
P03949,21854.794921875
P03965,237732.734375
P04003,21761.7109375
P04047,49638.73046875
P04077,44427.13671875
P04078,43880.62109375
P04082,44357.953125
P04124,46920.52734375
P04131,21510.2734375
P04144,48871.84375
P04165,48871.84375
P04247,21726.326171875
P04252,21726.326171875
P04259,21867.134765625
P04327,21485.203125
P04337,52315.05859375
P04400,21439.283203125
P04410,55056.06640625
P04433,55358.69140625
P04451,21938.11328125
P04481,124675.109375
P04536,21798.89453125
P04559,21456.38671875
P04583,55056.06640625
P04635,21477.28125
P04705,22003.318359375
P04764,21843.033203125
P04864,21894.72265625
P04962,45285.37890625
P04969,156683.03125
P05102,21836.630859375
P05126,21480.583984375
P05278,52315.05859375
P05313,48871.84375
P05329,49588.78125
P05342,21870.236328125
P05446,21707.21484375
P05449,21752.580078125
P05450,22140.12890625
P05457,21836.998046875
P05559,44629.85546875
P05588,21451.234375
P05609,21525.88671875
P05618,21854.794921875
P05669,21872.955078125
P05759,46626.84375
P05760,48871.84375
P05764,48871.84375
P05765,48871.84375
P05767,46227.015625
P05787,21903.3671875
P05799,21836.998046875
P05814,129569.1953125
P05829,21894.35546875
P05950,21483.40234375
P05979,48871.84375
P05991,21754.548828125
P06014,44467.78515625
P06025,46227.015625
P06050,49542.55078125
P06062,21894.35546875
P06177,160995.34375
P06199,21726.31640625
P06213,49638.73046875
P06282,21796.17578125
P06300,21851.708984375
P06395,59215.9765625
P06396,59215.9765625
P06397,22026.984375
P06921,22098.306640625
P07079,21747.498046875
P07098,21776.50390625
P07102,21442.974609375
P07265,21886.8515625
P07266,21367.365234375
P07287,21632.6953125
P07409,21365.76171875
P07541,21505.666015625
P07603,157750.734375
P07611,22066.201171875
P07612,22111.24609375
P07621,52770.62109375
P07954,22641.7578125
P08111,21584.58203125
P08139,21420.396484375
P08154,21397.021484375
P08185,137395.953125
P08236,22304.037109375
P08840,21617.125
P08848,21597.60546875
P08878,46203.3203125
P09113,52742.609375
P09155,21989.046875
P09207,21984.337890625
P09254,53046.2578125
P09305,21605.232421875
P09307,55019.89453125
P09599,21671.974609375
P09742,21407.876953125
P09743,21407.876953125
P09812,22115.658203125
P09813,22115.658203125
P09864,22242.134765625
P09866,22242.134765625
P09867,21812.443359375
P09868,21641.763671875
P09869,21699.130859375
P09871,22242.134765625
P09872,22242.134765625
P09873,21966.40625
P09874,21966.40625
P09876,21841.259765625
P09877,21841.259765625
P09878,21841.259765625
P09879,22077.107421875
P09880,22231.68359375
P09881,22077.107421875
P09882,21548.115234375
P09883,21605.482421875
P09884,21548.115234375
P09885,21605.482421875
P09886,21755.076171875
P09888,21755.076171875
P09889,21833.74609375
P09890,21605.482421875
P09892,21623.513671875
P09893,21680.880859375
P09894,21680.880859375
P09895,21680.880859375
P09896,21680.880859375
P09899,21850.74609375
P09903,21876.986328125
P09905,21868.466796875
P09923,21943.015625
P09926,21964.05859375
P09927,21964.05859375
P09931,21850.74609375
P09934,21850.74609375
P09936,21829.703125
P09938,21829.703125
P09944,22054.83203125
P09945,21923.798828125
P10182,21577.630859375
P10316,50868.26953125
P10543,22157.4140625
P10545,22100.046875
P10546,22100.046875
P10547,22175.134765625
P10549,22100.046875
P10550,22157.4140625
P10551,22071.455078125
P10552,22157.4140625
P10553,22146.54296875
P10555,22071.455078125
P10566,22070.224609375
P10572,21966.40625
P10608,24745.4375
P10679,22235.25390625
P10827,21773.7421875
P10876,21866.7421875
P10896,186620.796875
P10898,21843.1875
P10974,21574.5390625
P10975,21592.259765625
P10976,21520.505859375
P10978,293876.75
P11038,21756.283203125
P11042,21623.513671875
P11043,21623.513671875
P11044,21623.513671875
P11045,21590.99609375
P11046,21623.513671875
P11050,21623.513671875
P11052,21605.482421875
P11053,21659.58203125
P11054,21659.58203125
P11062,21600.8046875
P11063,21600.8046875
P11064,21600.8046875
P11066,21702.18359375
P11067,21623.513671875
P11068,21623.513671875
P11072,21623.513671875
P11073,21702.18359375
P11148,21623.513671875
P11193,21441.998046875
P11216,41878.37890625
P11237,21909.291015625
P11354,21584.154296875
P11355,21584.154296875
P11358,29508.87109375
P11528,28589.1640625
P11616,22231.68359375
P11617,21966.40625
P11618,22231.68359375
P11620,22231.68359375
P11621,22231.68359375
P11821,21534.744140625
P11899,21548.326171875
P11906,21395.763671875
P11997,21538.6953125
P12110,45033.39453125
P12177,21427.919921875
P12228,28710.921875
P12248,23566.345703125
P12255,23188.865234375
P12258,23535.630859375
P12265,21551.03125
P12341,23583.859375
P12343,21993.193359375
P12344,21993.193359375
P12345,23583.859375
P12375,23620.21484375
P12461,28597.68359375
P12493,21855.8125
P12494,21873.533203125
P12497,21855.8125
P12499,21855.8125
P12500,21834.76953125
P12501,21855.8125
P12525,21926.64453125
P12527,21908.923828125
P12529,21926.64453125
P12632,22319.515625
P12653,32313.02734375
P12668,31747.021484375
P12713,21548.642578125
P12941,21480.916015625
P13195,21560.642578125
P13390,21464.453125
P13434,23553.271484375
P13604,21989.046875
P13610,21777.130859375
P13643,21351.37109375
P13671,21887.880859375
P13693,21880.33203125
P13702,21998.240234375
P13745,21297.146484375
P13856,31895.486328125
P13920,21832.05078125
P13921,21853.09375
P13925,21945.36328125
P13927,21966.40625
P13928,21984.126953125
P13929,21945.36328125
P13931,21966.40625
P14013,21880.69921875
P14080,21576.603515625
P14082,21576.603515625
P14121,80565.53125
P14223,21511.65625
P14275,21463.65234375
P14341,21477.375
P14364,21509.740234375
P14375,21529.796875
P14392,21535.61328125
P14434,21494.708984375
P14435,21817.47265625
P14436,21791.599609375
P14440,21554.22265625
P14442,21554.22265625
P14446,21554.22265625
P14448,21599.56640625
P14451,21611.431640625
P14452,21680.880859375
P14455,21680.880859375
P14458,21622.107421875
P14459,21680.880859375
P14463,21605.482421875
P14466,21659.58203125
P14468,21659.58203125
P14469,21548.115234375
P14473,21720.43359375
P14476,22175.134765625
P14477,21868.466796875
P14479,21600.779296875
P14481,21868.466796875
P14487,21868.466796875
P14488,21725.18359375
P14550,21687.107421875
P14552,21720.43359375
P14553,21641.763671875
P14556,21548.115234375
P14559,21702.18359375
P14560,21605.482421875
P14562,21734.98046875
P14563,21756.283203125
P14575,21622.107421875
P14576,21600.8046875
P14577,21600.8046875
P14584,21600.8046875
P14585,21600.8046875
P14608,21592.259765625
P14609,21555.904296875
P14610,21813.009765625
P14616,21851.462890625
P14635,21868.466796875
P14637,21442.88671875
P14638,21600.412109375
P14640,21838.515625
P14657,21680.880859375
P14661,21605.482421875
P14662,21548.115234375
P14663,21605.482421875
P14664,21548.115234375
P14665,21605.482421875
P14666,21680.880859375
P14669,21783.892578125
P14672,21841.259765625
P14674,21783.892578125
P14679,21615.189453125
P14742,21509.740234375
P14753,21478.2109375
P14780,21476.404296875
P14786,21517.892578125
P14787,21517.892578125
P14808,21850.74609375
P14809,21742.904296875
P14810,21876.619140625
P14814,21926.64453125
P14860,21462.93359375
P14865,21540.279296875
P14871,21455.6953125
P14901,21448.46875
P14918,21522.55859375
P14923,22508.72265625
P14926,22058.90234375
P14947,21876.986328125
P14952,21851.11328125
P14953,21612.642578125
P14955,21855.576171875
P14957,21929.712890625
P14959,21712.65234375
P14960,21929.712890625
P14961,21929.712890625
P14962,21929.712890625
P14963,21931.708984375
P14964,21950.755859375
P14965,21950.755859375
P14966,21949.4296875
P14967,21931.708984375
P14971,22022.576171875
P14972,22004.85546875
P14973,22022.576171875
P14974,21950.755859375
P14975,21672.607421875
P14977,22096.77734375
P14980,21533.83203125
P14985,21409.7109375
P14988,22064.068359375
P14989,22081.7890625
P14991,21968.4765625
P14992,21679.892578125
P14994,21538.2265625
P14995,22064.068359375
P14996,22096.77734375
P14997,21828.98046875
P14998,22096.77734375
P15000,21949.4296875
P15001,21962.62109375
P15002,21950.755859375
P15004,21672.607421875
P15006,21943.015625
P15008,21887.0703125
P15009,21600.17578125
P15011,21600.17578125
P15014,22096.77734375
P15015,21876.986328125
P15017,21876.619140625
P15070,21966.40625
P15071,21670.580078125
P15072,21727.947265625
P15073,21727.947265625
P15083,80817.8515625
P15133,21466.130859375
P15148,21483.560546875
P15151,22008.958984375
P15153,21989.95703125
P15178,21850.74609375
P15179,21424.251953125
P15181,21880.69921875
P15234,21906.205078125
P15236,21573.791015625
P15237,21833.361328125
P15243,35338.69921875
P15256,28955.533203125
P15258,22259.85546875
P15260,22242.134765625
P15261,22077.107421875
P15263,22242.134765625
P15264,21749.25
P15265,21761.89453125
P15267,21634.298828125
P15269,21502.462890625
P15270,21727.947265625
P15272,21727.947265625
P15279,21650.923828125
P15280,21629.62109375
P15282,21575.525390625
P15302,21966.40625
P15305,21966.40625
P15307,21966.40625
P15308,21984.126953125
P15325,21908.923828125
P15341,21893.916015625
P15343,21893.916015625
P15344,21850.658203125
P15345,21893.916015625
P15347,21464.44140625
P15364,21876.986328125
P15366,21600.412109375
P15413,21600.8046875
P15416,21600.8046875
P15417,21600.8046875
P15422,21554.22265625
P15423,21554.22265625
P15424,21554.22265625
P15431,21734.98046875
P15433,21548.115234375
P15434,21548.115234375
P15443,21605.482421875
P15444,21646.103515625
P15483,21503.12890625
P15487,21506.595703125
P15488,21509.244140625
P15511,21530.97265625
P15512,21462.138671875
P15519,21480.458984375
P15520,21528.669921875
P15521,21461.82421875
P15522,21498.1796875
P15523,21528.669921875
P15536,21656.236328125
P15537,21656.236328125
P15541,21613.009765625
P15542,21850.74609375
P15544,21678.822265625
P15545,21851.11328125
P15546,21591.087890625
P15547,21591.087890625
P15548,22093.6875
P15556,21943.67578125
P15586,21525.40625
P15587,21525.40625
P15588,21525.40625
P15836,21535.1171875
P15876,22168.60546875
P15880,21933.16015625
P15881,21870.78515625
P15883,31895.486328125
P15948,21945.19140625
P15949,21906.427734375
P15951,21739.751953125
P15952,21969.841796875
P15956,21952.12109375
P15964,21608.58203125
P15966,22100.046875
P15968,22157.4140625
P15971,21841.259765625
P15974,21727.947265625
P15976,21783.892578125
P15978,21841.259765625
P15981,21931.078125
P16058,21574.90625
P16059,21574.5390625
P16061,205624
P16069,21590.47265625
P16071,21830.36328125
P16072,21590.47265625
P16073,21590.47265625
P16085,21842.228515625
P16148,21680.880859375
P16150,21680.880859375
P16152,21680.880859375
P16153,21626.78515625
P16239,21529.49609375
P16242,21461.82421875
P16370,23147.892578125
P16379,28615.037109375
P16389,21851.708984375
P16391,21991.765625
P16408,21991.765625
P16422,21579.564453125
P16434,21511.970703125
P16436,21548.326171875
P16467,21638.71875
P16468,21966.40625
P16469,21945.36328125
P16472,21984.126953125
P16476,21966.40625
P16477,21809.46875
P16478,21966.40625
P16480,21966.40625
P16483,21984.126953125
P16484,21966.40625
P16485,21945.36328125
P16523,23070.5859375
P16568,23116.533203125
P16606,21965.333984375
P16607,21678.138671875
P16608,21629.6796875
P16659,21410.341796875
P16667,28576.2734375
P16670,28615.037109375
P16676,21809.46875
P16677,21853.09375
P16689,22102.38671875
P16822,21521.3984375
P16825,21486.533203125
P16827,21572.056640625
P16897,21605.55859375
P17012,21441.998046875
P17042,21913.990234375
P17124,23188.865234375
P17185,21460.98046875
P17219,21596.9375
P17221,21853.09375
P17222,21853.09375
P17225,21870.814453125
P17235,22066.951171875
P17490,21513.330078125
P17494,21436.9609375
P17646,21467.134765625
P17686,21332.25390625
P17688,21362.447265625
P17690,21850.74609375
P17691,21868.466796875
P17692,21725.18359375
P17695,21868.466796875
P17697,21784.890625
P17698,21784.890625
P17771,21600.8046875
P17772,21600.8046875
P17773,21600.8046875
P17876,21638.515625
P17877,21656.236328125
P17879,21850.74609375
P17882,21850.74609375
P17884,21850.74609375
P17886,21614.404296875
P17888,21812.642578125
P17890,21687.080078125
P17892,21925.955078125
P17901,21930.78515625
P17910,21343.541015625
P18090,21442.609375
P18208,23023.669921875
P18280,23294.65234375
P18313,21575.525390625
P18318,21622.107421875
P18320,21727.947265625
P18321,21727.947265625
P18323,21727.947265625
P18327,21600.8046875
P18329,21600.8046875
P18330,21600.8046875
P18335,21600.8046875
P18419,21548.115234375
P18420,21626.78515625
P18422,21605.482421875
P18424,21548.115234375
P18425,21646.103515625
P18448,21506.595703125
P18449,21525.23046875
P18450,21545.02734375
P18572,21951.828125
P18573,21877.3359375
P18575,21951.828125
P18583,21951.828125
P18653,21906.205078125
P18699,22047.689453125
P18767,22019.810546875
P18808,21557.693359375
P18809,21447.07421875
P18817,55183.51953125
P18869,21402.791015625
P18949,21517.892578125
P18994,29154.4765625
P19016,23710.658203125
P19019,21816.1015625
P19020,23670.61328125
P19065,21518.501953125
P19157,21441.05078125
P19176,21492.064453125
P19179,21511.494140625
P19182,21321.6171875
P19185,21475.138671875
P19188,21447.251953125
P19190,21447.251953125
P19198,21991.765625
P19220,21463.65234375
P19233,21463.65234375
P19236,21437.759765625
P19294,21480.9296875
P19312,32216.845703125
P19403,73708.7578125
P19525,21463.65234375
P19528,21970.412109375
P19610,22019.498046875
P20081,21442.88671875
P20082,21868.466796875
P20167,21630.36328125
P20168,21868.466796875
P20171,21850.74609375
P20172,21850.74609375
P20177,21850.74609375
P20193,21876.986328125
P20194,21656.236328125
P20195,21876.986328125
P20196,21870.361328125
P20197,21591.087890625
P20200,21573.3671875
P20201,21911.63671875
P20203,21893.916015625
P20204,21893.916015625
P20206,21893.916015625
P20208,21851.11328125
P20209,21850.74609375
P20211,21911.63671875
P20224,21442.88671875
P20226,21442.88671875
P20227,21424.251953125
P20231,21460.607421875
P20232,21851.11328125
P20233,21850.74609375
P20235,21460.607421875
P20238,21812.642578125
P20278,21481.935546875
P20279,21517.892578125
P20282,21566.15234375
P20290,21509.740234375
P20297,21431.89453125
P20306,21462.505859375
P20322,21602.4765625
P20325,21584.755859375
P20331,21512.361328125
P20348,21720.43359375
P20354,21622.107421875
P20356,21600.8046875
P20359,21600.8046875
P20360,21600.8046875
P20361,21600.8046875
P20365,21600.8046875
P20366,21600.8046875
P20370,21600.8046875
P20371,21600.8046875
P20376,21680.880859375
P20377,21623.513671875
P20426,21547.79296875
P20463,24028.154296875
P20575,21509.244140625
P20581,21480.646484375
P20583,21471.1796875
P20587,21753.52734375
P20591,21517.892578125
P20631,21886.28515625
P20650,37433.70703125
P20675,21583.16796875
P20698,21558.28125
P20703,21539.646484375
P20721,21531.353515625
P20758,21463.65234375
P20779,21634.298828125
P20810,21575.525390625
P20820,23620.21484375
P20821,21755.076171875
P20822,21755.076171875
P20824,21426.14453125
P20842,21700.365234375
P20863,21450.896484375
P20864,21456.0625
P21043,23188.865234375
P21045,23122.01953125
P21052,22018.103515625
P21055,21945.36328125
P21125,21517.892578125
P21411,21535.9765625
P21416,21535.9765625
P21447,21511.75
P21448,21675.37109375
P21461,70435.9140625
P21466,21420.810546875
P21468,21379.09765625
P21503,77179.0390625
P21549,21456.0625
P21585,21356.30078125
P21622,21522.453125
P21634,21606.4921875
P21640,21379.09765625
P21721,21480.9296875
P21725,21516.18359375
P21726,21535.61328125
P21727,21535.61328125
P21734,21473.416015625
P21741,21452.232421875
P21764,21447.619140625
P21769,21475.138671875
P21806,22104.27734375
P21904,21600.8046875
P21906,21600.8046875
P21909,21600.8046875
P21913,21600.8046875
P21914,21600.8046875
P21917,21600.8046875
P21919,21622.107421875
P21920,21632.734375
P21925,21600.8046875
P21937,21437.060546875
P21943,21481.935546875
P21945,21472.58984375
P21951,21501.50390625
P21953,21529.796875
P21954,21510.3671875
P21965,21462.505859375
P21968,21583.328125
P21972,21504.57421875
P21976,21509.740234375
P21978,21509.740234375
P21980,21479.859375
P22010,21868.466796875
P22011,21460.607421875
P22012,21460.607421875
P22014,21460.607421875
P22015,21868.466796875
P22018,21911.63671875
P22020,21911.63671875
P22021,21911.63671875
P22024,21530.197265625
P22027,21850.74609375
P22028,21850.74609375
P22029,21442.88671875
P22030,21442.88671875
P22031,21850.74609375
P22033,21865.32421875
P22037,21544.775390625
P22038,21893.916015625
P22085,21321.984375
P22744,21947.5625
P23001,21464.97265625
P23142,21613.28515625
P23258,21441.05078125
P23277,31991.66796875
P23454,22019.810546875
P23596,21464.01953125
P23622,21462.93359375
P23632,21456.0625
P23636,21456.0625
P23637,21486.09765625
P23728,21600.8046875
P23730,21600.8046875
P23731,21600.8046875
P23732,21600.8046875
P23734,21634.298828125
P23740,23023.669921875
P23744,21959.298828125
P23747,21959.298828125
P23748,21959.298828125
P23843,21898.052734375
P23870,21494.7265625
P23981,21624.673828125
P24129,21553.08203125
P24130,21553.08203125
P24131,21553.08203125
P24152,21387.91015625
P24227,21969.548828125
P24243,21812.642578125
P24244,21812.642578125
P24245,21812.642578125
P24247,21812.642578125
P24248,21812.642578125
P24249,21850.74609375
P24250,21850.74609375
P24251,21725.18359375
P24252,21850.74609375
P24254,21654.44921875
P24255,21654.44921875
P24256,21654.44921875
P24258,21612.642578125
P24259,21442.88671875
P24261,21827.19140625
P24263,21850.74609375
P24264,21850.74609375
P24265,21442.88671875
P24268,21894.33984375
P24269,21894.33984375
P24270,21850.74609375
P24271,21850.74609375
P24273,21876.619140625
P24274,21628.576171875
P24275,21876.619140625
P24372,21600.8046875
P24380,21470.27734375
P24383,21458.771484375
P24420,22004.681640625
P24454,21830.36328125
P24466,41897.11328125
P24732,133392.421875
P25331,21460.98046875
P25333,21456.0625
P25509,21520.974609375
P25510,41207.671875
P25511,21520.974609375
P25553,21535.9765625
P25558,21535.9765625
P25563,51538.9765625
P25576,47966.421875
P25689,21470.27734375
P25951,21909.291015625
P26022,21526.08203125
P26202,21917.896484375
P26522,21812.642578125
P26524,21874.140625
P26537,21812.642578125
P26538,21812.642578125
P26539,21866.7421875
P26541,21812.642578125
P26605,21436.9609375
P26640,23062.43359375
P26679,23088.306640625
P26688,23070.953125
P26731,21945.36328125
P26736,21945.36328125
P26754,21549.609375
P26758,21582.81640625
P26798,21496.86328125
P26855,21469.833984375
P26929,21422.416015625
P27290,21702.18359375
P27291,21622.107421875
P27292,21622.107421875
P27293,21702.18359375
P27294,21702.18359375
P27297,21626.78515625
P27298,21626.78515625
P27301,21605.482421875
P27302,21624.80078125
P27305,21648.36328125
P27397,21878.552734375
P27419,21842.228515625
P27440,21592.259765625
P27441,21830.36328125
P27443,21622.998046875
P27499,21931.078125
P27501,21931.078125
P27502,21783.892578125
P27503,21783.892578125
P27506,21841.259765625
P27507,21927.470703125
P27509,22231.68359375
P27510,21927.470703125
P27512,22128.822265625
P27515,22100.046875
P27520,21927.470703125
P27522,21927.470703125
P27539,21952.12109375
P27540,21952.12109375
P27542,21952.12109375
P27543,21952.12109375
P27546,21952.12109375
P27548,21952.12109375
P27549,21952.12109375
P27551,21952.12109375
P27554,21952.12109375
P27557,21952.12109375
P27558,21952.12109375
P27559,21952.12109375
P27562,21952.12109375
P27563,21952.12109375
P27564,21952.12109375
P27575,21641.763671875
P27576,22016.958984375
P27579,21641.763671875
P27583,21641.763671875
P27584,21323.56640625
P27585,21641.763671875
P27589,21720.43359375
P27597,21984.419921875
P27599,21984.419921875
P27601,21984.419921875
P27602,21969.841796875
P27604,21969.841796875
P27605,21969.841796875
P27606,21969.841796875
P27610,21720.43359375
P27611,21720.43359375
P27613,22175.134765625
P27614,22175.134765625
P27615,21945.19140625
P27617,21969.841796875
P27618,21969.841796875
P27622,21931.078125
P27625,21931.078125
P27626,21960.6640625
P27629,21931.078125
P27630,21931.078125
P27652,21663.736328125
P27683,22401.51171875
P27809,21531.849609375
P27824,21473.4921875
P27826,21450.896484375
P27830,21535.1171875
P27831,21548.798828125
P27832,21548.431640625
P27837,21535.1171875
P28449,21812.642578125
P28450,21812.642578125
P28452,21851.462890625
P28454,21590.47265625
P28455,21608.193359375
P28456,21830.36328125
P28457,21592.259765625
P28458,21592.259765625
P28460,21592.259765625
P28470,21868.466796875
P28471,21460.607421875
P28474,21844.912109375
P28475,21868.466796875
P28479,21644.94140625
P28481,21868.466796875
P28486,21870.78515625
P28487,21656.236328125
P28490,21894.33984375
P28491,21894.33984375
P28500,21557.455078125
P28508,21464.97265625
P28514,21461.82421875
P28520,21428.6171875
P28522,21428.6171875
P28524,21428.6171875
P28528,21397.578125
P28530,21428.6171875
P28553,21548.431640625
P28556,21473.125
P28557,21473.125
P28558,21511.494140625
P28560,21481.935546875
P28563,21530.97265625
P28574,21447.251953125
P28583,21455.6953125
P28596,21373.654296875
P28644,21525.23046875
P28691,21422.69140625
P28703,21659.615234375
P28715,21548.115234375
P28717,21548.115234375
P28718,21548.115234375
P28719,21548.115234375
P28733,21600.8046875
P28734,21600.8046875
P28744,21554.22265625
P28745,21554.22265625
P28746,21554.22265625
P28812,21894.33984375
P28813,21894.33984375
P28815,21656.236328125
P28820,21469.150390625
P28821,21469.150390625
P28822,21894.33984375
P28824,21894.33984375
P28826,21876.986328125
P28828,21432.794921875
P28829,21876.986328125
P28830,21876.986328125
P28831,21432.794921875
P28846,21511.5625
P28847,21851.11328125
P28850,21851.11328125
P28851,21851.11328125
P28852,21851.11328125
P28853,21511.5625
P28855,21851.11328125
P28856,21851.11328125
P28858,21526.140625
P28860,21526.140625
P28956,22157.4140625
P28960,22128.822265625
P28964,21927.470703125
P28966,21966.40625
P28967,21966.40625
P28968,21966.40625
P28969,21966.40625
P29036,21554.22265625
P29044,21575.525390625
P29046,21650.923828125
P29049,21629.62109375
P29052,21629.62109375
P29060,21575.525390625
P29061,21575.525390625
P29068,21650.923828125
P29069,21835.556640625
P29070,21835.556640625
P29071,21650.923828125
P29072,21650.923828125
P29075,21629.62109375
P29076,21629.62109375
P29077,21629.62109375
P29078,21629.62109375
P29079,21634.298828125
P29080,21502.462890625
P29081,21634.298828125
P29082,21629.62109375
P29084,21629.62109375
P29086,21629.62109375
P29088,21629.62109375
P29089,21629.62109375
P29090,21629.62109375
P29092,21629.62109375
P29093,21709.697265625
P29094,21629.62109375
P29095,21629.62109375
P29098,21629.62109375
P29099,21634.298828125
P29102,21761.89453125
P29103,21761.89453125
P29108,22242.134765625
P29111,29250.658203125
P29154,21894.33984375
P29156,21868.466796875
P29157,21742.904296875
P29158,21868.466796875
P29160,21894.33984375
P29161,21894.33984375
P29162,21894.33984375
P29163,21894.33984375
P29164,21894.33984375
P29165,21894.33984375
P29166,21894.33984375
P29167,21894.33984375
P29168,21656.236328125
P29169,21933.16015625
P29170,21672.169921875
P29171,21672.169921875
P29174,21933.16015625
P29175,21894.33984375
P29177,21894.33984375
P29178,21894.33984375
P29179,21656.236328125
P29182,21876.986328125
P29185,21876.986328125
P29186,21876.986328125
P29187,21876.986328125
P29188,21537.435546875
P29189,21537.435546875
P29191,21537.435546875
P29194,21537.435546875
P29195,21876.986328125
P29222,21876.619140625
P29223,21787.30078125
P29226,21442.88671875
P29227,21442.88671875
P29228,21850.74609375
P29229,21876.619140625
P29326,21504.732421875
P29338,22242.134765625
P29339,21862.5625
P29340,21657.044921875
P29342,21634.298828125
P29343,21727.947265625
P29347,21966.40625
P29391,21887.0703125
P29395,21638.515625
P29396,21950.755859375
P29397,23567.275390625
P29398,22079.056640625
P29399,144542.375
P29402,21950.755859375
P29405,21566.521484375
P29406,21712.65234375
P29407,21470.146484375
P29408,21887.0703125
P29409,21470.146484375
P29410,22000.3828125
P29425,21929.712890625
P29427,21672.607421875
P29428,21929.712890625
P29429,135674.1875
P29430,21858.240234375
P29431,21828.98046875
P29433,21950.755859375
P29434,21950.755859375
P29435,21950.755859375
P29436,21950.755859375
P29437,21615.1015625
P29438,21549.765625
P29441,21844.9140625
P29442,184538.71875
P29445,21944.921875
P29450,21551.552734375
P29458,22004.85546875
P29459,21504.572265625
P29460,22004.85546875
P29473,22096.77734375
P29474,21968.4765625
P29475,160769.90625
P29477,22096.77734375
P29478,23678.244140625
P29481,21949.4296875
P29486,21712.65234375
P29487,21931.708984375
P29489,21931.708984375
P29491,21931.708984375
P29492,21648.845703125
P29493,21662.171875
P29494,21950.755859375
P29497,21567.486328125
P29498,299215.5
P29499,21968.4765625
P29502,21968.4765625
P29503,22377.56640625
P29506,21922.4765625
P29509,21608.193359375
P29510,21949.4296875
P29511,21949.4296875
P29512,21962.62109375
P29514,21949.4296875
P29515,23633.455078125
P29517,22817.576171875
P29518,21470.146484375
P29519,21887.0703125
P29522,21887.0703125
P29523,21456.8203125
P29528,21470.146484375
P29529,21566.521484375
P29531,21950.755859375
P29532,21950.755859375
P29533,22024.95703125
P29534,23660.5234375
P29536,21931.708984375
P29537,22024.95703125
P29538,21929.712890625
P29539,21929.712890625
P29540,21929.712890625
P29542,21619.880859375
P29544,21619.880859375
P29546,21855.576171875
P29547,21598.470703125
P29548,21681.810546875
P29549,21613.009765625
P29550,21851.11328125
P29551,21851.11328125
P29554,21851.11328125
P29556,21850.74609375
P29557,21451.4296875
P29559,21876.619140625
P29562,21612.642578125
P29563,21850.74609375
P29564,21850.74609375
P29566,21612.642578125
P29567,21612.642578125
P29568,21638.8828125
P29590,21509.244140625
P29598,21490.609375
P29600,21457.40234375
P29604,21455.6953125
P29647,21490.609375
P29659,21440.689453125
P29671,21499.84765625
P29673,21481.568359375
P29676,21538.025390625
P29690,21509.244140625
P29698,21898.052734375
P29699,21923.92578125
P29701,21923.92578125
P29756,21906.205078125
P29794,21894.33984375
P29795,21868.466796875
P29796,21742.904296875
P29820,21969.841796875
P29822,21969.841796875
P29842,21517.892578125
P29851,21517.892578125
P29853,21512.361328125
P29856,21509.740234375
P29862,21509.740234375
P29925,43384.16796875
P30010,21548.326171875
P30024,21422.69140625
P30034,21783.892578125
P30035,21783.892578125
P30042,21641.763671875
P30046,21641.763671875
P30050,21641.763671875
P30052,21548.115234375
P30053,21659.58203125
P30085,21838.515625
P30086,21838.515625
P30089,21600.412109375
P30090,21600.412109375
P30092,21600.412109375
P30093,21600.412109375
P30094,21600.412109375
P30095,21600.412109375
P30097,21600.412109375
P30100,21469.150390625
P30101,21894.33984375
P30103,21618.1328125
P30104,21656.236328125
P30105,21542.751953125
P30107,21618.1328125
P30108,21618.1328125
P30109,21460.607421875
P30112,21460.607421875
P30114,21468.759765625
P30116,21451.4296875
P30117,21876.619140625
P30118,21442.88671875
P30121,21442.88671875
P30133,21838.515625
P30134,21600.412109375
P30135,21838.515625
P30136,21812.642578125
P30138,21812.642578125
P30146,21812.642578125
P30149,21590.47265625
P30150,21855.576171875
P30152,21555.904296875
P30154,23567.275390625
P30155,21931.708984375
P30156,23660.5234375
P30158,21931.708984375
P30160,21712.65234375
P30161,21712.65234375
P30162,21470.146484375
P30164,21566.521484375
P30166,21566.521484375
P30167,21950.755859375
P30168,135831.25
P30169,21931.708984375
P30170,22079.056640625
P30173,21811.259765625
P30174,21950.755859375
P30175,21950.755859375
P30176,21950.755859375
P30178,22249.330078125
P30180,21830.36328125
P30181,21592.259765625
P30182,21830.36328125
P30185,22249.330078125
P30186,21551.552734375
P30187,21848.33984375
P30189,21894.33984375
P30191,21968.4765625
P30192,21968.4765625
P30193,21968.4765625
P30195,21944.921875
P30198,21944.921875
P30199,21551.552734375
P30200,21650.6328125
P30201,21522.29296875
P30203,21695.826171875
P30204,21968.4765625
P30205,21735.732421875
P30207,21949.4296875
P30249,21600.8046875
P30250,21756.283203125
P30269,21906.427734375
P30270,21906.427734375
P30271,21906.427734375
P30273,21906.427734375
P30274,21906.427734375
P30275,21906.427734375
P30277,22071.455078125
P30278,22027.830078125
P30285,21749.25
P30287,21626.78515625
P30288,21626.78515625
P30289,21626.78515625
P30290,21626.78515625
P30292,21626.78515625
P30399,21685.138671875
P30400,21763.24609375
P30402,21868.466796875
P30403,21742.904296875
P30404,21742.904296875
P30405,21791.36328125
P30406,21868.466796875
P30408,21902.755859375
P30409,21829.703125
P30410,21600.412109375
P30411,21838.515625
P30412,21838.515625
P30414,21838.515625
P30416,21838.515625
P30418,21600.412109375
P30420,21838.515625
P30424,21894.33984375
P30425,21894.33984375
P30426,21870.78515625
P30429,21894.33984375
P30431,21894.33984375
P30432,21830.36328125
P30433,21830.36328125
P30434,21830.36328125
P30437,21830.36328125
P30438,21704.80078125
P30439,21704.80078125
P30440,21704.80078125
P30441,21704.80078125
P30442,21868.466796875
P30443,22003.89453125
P30445,21868.466796875
P30449,21855.576171875
P30451,21614.404296875
P30452,21829.703125
P30454,21829.703125
P30455,21685.138671875
P30458,21685.138671875
P30459,21685.138671875
P30460,21829.703125
P30463,21641.763671875
P30464,21641.763671875
P30468,21641.763671875
P30473,21641.763671875
P30478,21945.19140625
P30479,21945.19140625
P30482,22175.134765625
P30483,22175.134765625
P30484,21720.43359375
P30489,21720.43359375
P30495,21554.22265625
P30496,21554.22265625
P30497,21554.22265625
P30499,21554.22265625
P30502,21622.107421875
P30503,21622.107421875
P30505,21622.107421875
P30514,21494.708984375
P30515,21618.1328125
P30516,21618.1328125
P30517,21618.1328125
P30518,21856.236328125
P30519,21856.236328125
P30520,21618.1328125
P30522,21520.58203125
P30523,21856.236328125
P30525,21856.236328125
P30527,21856.236328125
P30528,21856.236328125
P30531,21838.8828125
P30532,21487.294921875
P30533,21817.47265625
P30534,21817.47265625
P30537,21481.818359375
P30545,21791.599609375
P30571,21583.328125
P30639,21409.978515625
P30643,21462.93359375
P30666,21490.181640625
P30679,21437.060546875
P30681,21406.021484375
P30684,21437.060546875
P30691,21509.740234375
P30692,21509.740234375
P30706,21522.92578125
P30709,21456.0625
P30715,21522.92578125
P30717,21456.0625
P30758,21477.375
P30842,22104.27734375
P30870,21505.666015625
P30872,21505.666015625
P30912,21428.791015625
P31067,21437.759765625
P31077,21437.759765625
P31123,21666.51171875
P31229,21535.61328125
P31230,21789.8515625
P31232,21576.603515625
P31329,21952.15234375
P31345,21880.69921875
P31347,21880.69921875
P31461,21984.126953125
P31464,21853.09375
P31466,21966.40625
P31513,31895.486328125
P31591,21526.548828125
P31598,21395.763671875
P31614,21562.904296875
P31618,21535.9765625
P31652,21388.998046875
P31691,29418.322265625
P31692,29572.017578125
P31713,21503.49609375
P31720,21518.62890625
P31721,21503.49609375
P31785,28684.65234375
P31806,22089.943359375
P31851,21887.880859375
P31998,70435.9140625
P32151,21463.65234375
P32196,29154.4765625
P32219,21484.646484375
P32229,22101.341796875
P32250,29096.962890625
P32255,28955.533203125
P32320,21463.65234375
P32955,21452.556640625
P33551,21362.447265625
P33588,21362.447265625
P33754,21362.447265625
P33890,21548.642578125
P33891,21548.642578125
P33939,41621.6796875
P34122,21909.291015625
P34204,21989.931640625
P34300,21834.76953125
P34301,21870.8203125
P34303,21853.09375
P34304,21853.09375
P34305,21966.69921875
P34306,21855.8125
P34307,21855.8125
P34309,21855.8125
P34310,21855.8125
P34312,21855.8125
P34313,21855.8125
P34315,21855.8125
P34317,21966.69921875
P34318,21966.69921875
P34319,21853.09375
P34320,21966.69921875
P34321,21966.69921875
P34324,21966.69921875
P34326,21981.70703125
P34327,21855.8125
P34332,23035.201171875
P34333,21855.8125
P34334,21855.8125
P34335,21855.8125
P34337,21855.8125
P34338,23035.201171875
P34339,21855.8125
P34340,21791.599609375
P34341,21791.599609375
P34342,21931.078125
P34344,21791.599609375
P34345,21791.599609375
P34347,22985.56640625
P34348,22985.56640625
P34350,21834.76953125
P34351,21791.599609375
P34352,21834.76953125
P34373,21834.76953125
P34374,21834.76953125
P34375,21855.8125
P34381,23052.921875
P34388,21888.541015625
P34389,23052.921875
P34390,21873.533203125
P34392,21908.923828125
P34451,21909.291015625
P34470,22037.53125
P34473,22037.53125
P34475,22037.53125
P34545,28578.9921875
P34548,28578.9921875
P34578,21632.365234375
P34664,21477.8046875
P34722,23007.9375
P34892,28617.755859375
P34894,28617.755859375
P35464,71577.671875
P35694,21531.759765625
P36063,22039.806640625
P36072,21571.400390625
P36075,21674.626953125
P36077,21763.517578125
P36105,21557.455078125
P36106,21450.529296875
P36115,21534.744140625
P36119,28615.037109375
P36327,22116.1640625
P36414,22231.68359375
P36415,21966.40625
P36416,21966.40625
P36419,22242.134765625
P36421,21841.259765625
P36422,22242.134765625
P36423,22077.107421875
P36425,22231.68359375
P36454,22027.125
P36619,21486.6015625
P36772,21486.4140625
P36829,21461
P36835,21461
P36838,21461
P36863,21433.5546875
P36896,21426.326171875
P36898,73292.65625
P36899,21466.37109375
P37112,21477.8046875
P37115,29508.87109375
P37118,29047.03125
P37141,21584.154296875
P37145,29508.87109375
P37157,23147.892578125
P37421,21887.0703125
P37422,22000.3828125
P37423,21887.0703125
P37425,21823.625
P37426,21486.080078125
P37427,22000.3828125
P37428,21486.080078125
P37697,23166.89453125
P38347,23425.685546875
P38411,22000.3828125
P38454,21509.720703125
P38456,23641.521484375
P38457,157954
P38458,21493.787109375
P38459,21929.712890625
P38460,21943.015625
P38462,21943.015625
P38467,21548.115234375
P38468,21623.513671875
P38472,21548.115234375
P38537,22133.326171875
P38567,21536.826171875
P38709,21623.513671875
P38711,21623.513671875
P38712,21623.513671875
P38713,21622.107421875
P38714,21622.107421875
P38715,21702.18359375
P38718,21623.513671875
P38720,21623.513671875
P38722,21600.8046875
P38723,21680.880859375
P38727,21600.8046875
P38729,21600.8046875
P38733,21600.8046875
P38734,21600.8046875
P38735,21600.8046875
P38737,21605.482421875
P38740,21548.115234375
P38741,21548.115234375
P38744,21605.482421875
P38745,213162.640625
P38753,21623.513671875
P38754,21623.513671875
P38755,21623.513671875
P38757,21623.513671875
P38759,21734.98046875
P38762,21600.8046875
P38766,21623.513671875
P38767,21623.513671875
P38768,21623.513671875
P38770,21623.513671875
P38778,21623.513671875
P38779,21623.513671875
P38780,21623.513671875
P38783,21623.513671875
P38853,21486.080078125
P38854,22004.85546875
P38855,21533.83203125
P38903,21409.7109375
P38906,21943.015625
P38929,22004.85546875
P38930,139248.84375
P38932,21931.708984375
P38933,21931.708984375
P38936,21632.912109375
P38937,22042.677734375
P38942,21522.29296875
P38943,21551.552734375
P38944,21551.552734375
P38945,22096.77734375
P38947,22096.77734375
P38949,22096.77734375
P38950,201901.3125
P38952,22932.53515625
P38953,21411.65234375
P38955,21875.49609375
P38956,22359.845703125
P38958,21567.486328125
P38959,21695.826171875
P38962,21538.2265625
P38963,22081.7890625
P38965,21925.955078125
P38969,21812.642578125
P38971,21789.087890625
P38973,21641.40234375
P38975,21592.259765625
P38977,333950.125
P38978,22022.576171875
P38981,21830.36328125
P38982,21943.67578125
P38985,21884.462890625
P38989,21592.259765625
P38990,21830.36328125
P39001,21943.67578125
P39059,21546.708984375
P39157,21538.6953125
P39310,21534.494140625
P39311,21534.494140625
P39313,200790.15625
P39314,21608.193359375
P39316,21884.462890625
P39317,205624
P39318,205624
P39319,315174.96875
P39420,21551.552734375
P39421,22022.576171875
P39422,21906.54296875
P39424,22377.56640625
P39425,21943.67578125
P39426,21830.36328125
P39427,21884.462890625
P39428,21884.462890625
P39429,21592.259765625
P39432,21884.462890625
P39433,21830.36328125
P39434,307766.03125
P39435,21429.373046875
P39436,169051.71875
P39440,299894.46875
P39443,21429.373046875
P39444,290797.5
P39447,21551.552734375
P39448,21968.4765625
P39461,23678.244140625
P39463,23678.244140625
P39464,115986.09375
P39467,22042.677734375
P39468,23694.177734375
P39469,21968.4765625
P39470,21522.29296875
P39472,308700.84375
P39473,22081.7890625
P39474,22081.7890625
P39475,21567.486328125
P39476,22081.7890625
P39477,21666.56640625
P39478,21968.4765625
P39479,21666.56640625
P39480,21695.826171875
P39481,21679.892578125
P39482,22022.576171875
P39496,22000.3828125
P39498,21927.201171875
P39499,21950.755859375
P39500,21678.10546875
P39502,21950.755859375
P39506,21887.0703125
P39507,21887.0703125
P39509,21887.0703125
P39511,21486.080078125
P39587,21495.525390625
P39595,21689.703125
P39605,21725.8984375
P39826,28578.9921875
P39991,22235.25390625
P39993,22235.25390625
P40009,22235.25390625
P40042,29322.140625
P40102,22319.515625
P40452,21966.40625
P40455,21966.40625
P40456,21981.4140625
P40458,21966.40625
P40503,21390.107421875
P40509,21460.44140625
P40526,21853.09375
P40527,21868.1015625
P40528,21853.09375
P40530,21853.09375
P40531,21853.09375
P40532,21868.1015625
P40533,21853.09375
P40534,21853.09375
P40537,21945.36328125
P40538,21832.05078125
P40539,21832.05078125
P40541,21832.05078125
P40552,21460.44140625
P40553,21463.16015625
P40567,21727.947265625
P40568,22157.4140625
P40569,21945.19140625
P40571,21969.841796875
P40573,21945.19140625
P40574,21945.19140625
P40575,22146.54296875
P40576,22146.54296875
P40578,22288.447265625
P40579,22146.54296875
P40692,21889.705078125
P40794,21560.30078125
P40841,21486.6015625
P40883,21451.740234375
P41060,47805.90234375
P41457,21933.84375
P41471,21470.66796875
P41549,233213.609375
P41550,269326.75
P41579,236767.015625
P41806,21885.822265625
P41899,21923.92578125
P42005,64319.09765625
P42049,44265.7109375
P42265,21986.173828125
P42266,21850.74609375
P42269,21725.18359375
P42270,21725.18359375
P42271,21725.18359375
P42272,21850.74609375
P42273,21850.74609375
P42274,21850.74609375
P42275,21986.173828125
P42277,21964.05859375
P42278,21725.18359375
P42279,21943.015625
P42280,21685.138671875
P42281,21685.138671875
P42283,21685.138671875
P42284,21685.138671875
P42285,21685.138671875
P42286,21685.138671875
P42287,21685.138671875
P42288,21943.015625
P42289,21685.138671875
P42290,21725.18359375
P42291,21725.18359375
P42292,22037.111328125
P42294,21964.05859375
P42295,21986.173828125
P42308,21868.466796875
P42313,21868.466796875
P42355,21613.009765625
P42356,21613.009765625
P42357,21613.009765625
P42358,21851.11328125
P42359,21613.009765625
P42360,21851.11328125
P42361,21851.11328125
P42364,21613.009765625
P42366,21876.986328125
P42367,21537.435546875
P42368,21537.435546875
P42369,21876.986328125
P42370,21876.986328125
P42372,21619.880859375
P42376,21656.236328125
P42377,21656.236328125
P42378,21894.33984375
P42380,21868.466796875
P42381,21894.33984375
P42384,21573.791015625
P42387,21894.33984375
P42389,21573.791015625
P42390,21573.791015625
P42391,21894.33984375
P42392,21537.435546875
P42402,21876.986328125
P42404,21876.986328125
P42405,21537.435546875
P42406,21876.986328125
P42408,21868.466796875
P42409,21907.287109375
P42410,21876.986328125
P42411,21876.986328125
P42412,21537.435546875
P42413,21537.435546875
P42414,21537.435546875
P42416,21876.986328125
P42417,21876.986328125
P42419,21876.986328125
P42420,21876.986328125
P42421,21537.435546875
P42427,21859.490234375
P42429,21868.466796875
P42431,21659.58203125
P42433,21680.880859375
P42438,21623.513671875
P42440,21548.115234375
P42441,21548.115234375
P42447,21548.115234375
P42451,21623.513671875
P42452,21623.513671875
P42453,21600.8046875
P42457,21600.8046875
P42462,21623.513671875
P42465,21623.513671875
P42466,21548.115234375
P42468,21623.513671875
P42469,21623.513671875
P42471,21548.115234375
P42472,21548.115234375
P42473,21548.115234375
P42475,21548.115234375
P42479,21605.482421875
P42483,21605.482421875
P42484,22231.68359375
P42485,21966.40625
P42492,21605.482421875
P42494,21812.443359375
P42495,21841.259765625
P42496,22270.7265625
P42497,22242.134765625
P42498,22077.107421875
P42499,22242.134765625
P42500,22270.7265625
P42501,22242.134765625
P42502,21727.947265625
P42504,21727.947265625
P42505,21841.259765625
P42506,22259.85546875
P42509,22259.85546875
P42510,22259.85546875
P42515,21841.259765625
P42518,21727.947265625
P42519,22157.4140625
P42520,22270.7265625
P42522,22113.7890625
P42525,22242.134765625
P42526,22248.2578125
P42527,21966.40625
P42529,21966.40625
P42534,22231.68359375
P42535,22231.68359375
P42539,22242.134765625
P42541,21841.259765625
P42542,21841.259765625
P42544,21548.115234375
P42546,21548.115234375
P42547,21548.115234375
P42548,21641.763671875
P42549,21548.115234375
P42551,21641.763671875
P42552,22231.68359375
P42555,22077.107421875
P42557,22231.68359375
P42563,22258.708984375
P42564,21727.947265625
P42565,21841.259765625
P42566,21812.443359375
P42567,21699.130859375
P42568,21841.259765625
P42569,21841.259765625
P42572,22157.4140625
P42573,22287.30078125
P42574,22157.4140625
P42626,21945.36328125
P42812,22115.658203125
P42853,22085.001953125
P42913,22066.951171875
P43183,21407.876953125
P43184,75127.3671875
P43213,73292.65625
P43536,21445.203125
P43540,21410.341796875
P43595,38695.76953125
P43745,22190.849609375
P43779,55726.7734375
P43821,22945.71484375
P43887,150978.109375
P43888,52315.05859375
P43908,21643.23828125
P43981,21451.234375
P43995,21741.3125
P01015,7562.6953125
P01017,7562.6953125
P01070,7562.6953125
P01074,30125.5546875
P01084,28278.267578125
P01107,10001.6767578125
P01184,7562.6953125
P01188,28278.267578125
P01236,28697.126953125
P01252,7562.6953125
P01302,7562.6953125
P01341,28278.267578125
P01371,7562.6953125
P01413,7981.55419921875
P01414,7981.55419921875
P01416,7981.55419921875
P01435,28697.126953125
P01442,28697.126953125
P01479,28697.126953125
P01484,7981.55419921875
P01517,28278.267578125
P01537,296296.09375
P01546,28665.2109375
P01548,7562.6953125
P01579,7562.6953125
P01598,30157.470703125
P01666,7562.6953125
P01686,7562.6953125
P01705,7562.6953125
P01708,7562.6953125
P01727,7562.6953125
P01742,7562.6953125
P01745,7562.6953125
P01746,7981.55419921875
P01769,7562.6953125
P01797,60536.73828125
P01823,7562.6953125
P01826,7562.6953125
P01840,30157.470703125
P01842,28697.126953125
P01852,28697.126953125
P01913,28278.267578125
P01927,7981.55419921875
P01937,7981.55419921875
P01940,30157.470703125
P01951,28278.267578125
P01960,117339.3203125
P01976,28697.126953125
P01990,7562.6953125
P02066,7562.6953125
P02088,7981.55419921875
P02158,28697.126953125
P02211,7562.6953125
P02212,28697.126953125
P02230,7562.6953125
P02248,7981.55419921875
P02290,17707.083984375
P02296,30157.470703125
P02328,7562.6953125
P02368,7562.6953125
P02413,9441.9013671875
P02414,10001.6767578125
P02415,7562.6953125
P02429,7981.55419921875
P02491,7981.55419921875
P02531,7981.55419921875
P02595,7562.6953125
P02681,28278.267578125
P02694,7562.6953125
P02696,7562.6953125
P02698,7562.6953125
P02704,7562.6953125
P02711,49820.1953125
P02766,29738.611328125
P02784,28278.267578125
P02785,7562.6953125
P02836,28278.267578125
P02840,28278.267578125
P02847,28278.267578125
P02853,7562.6953125
P02865,7562.6953125
P02881,7562.6953125
P02927,7981.55419921875
P02947,7981.55419921875
P02994,9441.9013671875
P02996,7562.6953125
P03040,7562.6953125
P03214,7562.6953125
P03215,7562.6953125
P03285,7562.6953125
P03334,7530.779296875
P03341,7981.55419921875
P03368,7981.55419921875
P03489,7562.6953125
P03494,7562.6953125
P03505,7981.55419921875
P03520,28697.126953125
P03523,7562.6953125
P03576,28697.126953125
P03598,28278.267578125
P03611,28278.267578125
P03629,7562.6953125
P03644,7981.55419921875
P03647,150219.375
P03649,7562.6953125
P03651,7562.6953125
P03660,7562.6953125
P03666,7562.6953125
P03668,7562.6953125
P03797,30157.470703125
P03878,30157.470703125
P03887,7981.55419921875
P03892,44429.69140625
P03903,28697.126953125
P03914,7562.6953125
P03915,30125.5546875
P03925,28697.126953125
P03947,7562.6953125
P03966,7562.6953125
P03975,7562.6953125
P03987,28278.267578125
P03989,28278.267578125
P04050,28278.267578125
P04054,29738.611328125
P04072,7981.55419921875
P04109,7562.6953125
P04122,28697.126953125
P04126,28278.267578125
P04137,30157.470703125
P04154,10001.6767578125
P04188,7562.6953125
P04211,28697.126953125
P04216,28278.267578125
P04218,28697.126953125
P04220,28697.126953125
P04263,7562.6953125
P04276,30157.470703125
P04338,30157.470703125
P04347,7562.6953125
P04355,28697.126953125
P04360,28278.267578125
P04384,257239.8125
P04412,28278.267578125
P04428,7562.6953125
P04498,7562.6953125
P04501,7562.6953125
P04538,7562.6953125
P04544,7562.6953125
P04553,28278.267578125
P04694,28278.267578125
P04742,7981.55419921875
P04744,28697.126953125
P04749,7562.6953125
P04832,28278.267578125
P04884,28278.267578125
P05053,7562.6953125
P05054,7981.55419921875
P05067,7562.6953125
P05117,7562.6953125
P05154,7562.6953125
P05157,7981.55419921875
P05158,180322.796875
P05203,7981.55419921875
P05227,305966.4375
P05231,7981.55419921875
P05233,7981.55419921875
P05260,7562.6953125
P05262,7562.6953125
P05272,30157.470703125
P05275,28697.126953125
P05279,30157.470703125
P05328,28697.126953125
P05339,7562.6953125
P05340,7562.6953125
P05346,7981.55419921875
P05399,7981.55419921875
P05429,7981.55419921875
P05430,7562.6953125
P05462,7562.6953125
P05468,156955.4375
P05533,7562.6953125
P05591,7981.55419921875
P05633,28697.126953125
P05656,7562.6953125
P05668,7562.6953125
P05717,7562.6953125
P05740,7562.6953125
P05783,7562.6953125
P05798,7562.6953125
P05903,7562.6953125
P05927,154435.265625
P05942,7562.6953125
P05952,7981.55419921875
P05960,7981.55419921875
P05961,212203.96875
P05973,28697.126953125
P05974,28278.267578125
P06015,7981.55419921875
P06018,28697.126953125
P06024,7981.55419921875
P06040,28697.126953125
P06056,28278.267578125
P06074,28278.267578125
P06082,28278.267578125
P06102,28278.267578125
P06148,293550.625
P06229,29738.611328125
P06307,7530.779296875
P06338,7562.6953125
P06342,28278.267578125
P06349,7562.6953125
P06350,7562.6953125
P06377,209771.796875
P06409,7562.6953125
P06723,7562.6953125
P06859,7562.6953125
P06905,7562.6953125
P07031,366294.53125
P07060,7981.55419921875
P07080,7562.6953125
P07094,7562.6953125
P07153,32650.58203125
P07157,51977.46484375
P07336,32650.58203125
P07358,7562.6953125
P07484,7562.6953125
P07622,134450.28125
P07652,32650.58203125
P07719,7562.6953125
P08043,33069.44140625
P08149,7562.6953125
P08197,7981.55419921875
P08198,164920.625
P08210,7562.6953125
P08262,7981.55419921875
P08274,7562.6953125
P08276,7562.6953125
P08304,33069.44140625
P08361,38797.6640625
P08377,261419.109375
P08391,32650.58203125
P08393,200039.609375
P08410,32650.58203125
P08451,7562.6953125
P08485,7981.55419921875
P08521,7562.6953125
P08756,11840.2705078125
P08794,7562.6953125
P08813,7562.6953125
P08827,7981.55419921875
P08846,7562.6953125
P09218,7981.55419921875
P09360,7562.6953125
P09394,121711.6171875
P09476,7981.55419921875
P09605,7562.6953125
P09619,7562.6953125
P09639,240218.546875
P09703,7981.55419921875
P09814,7530.779296875
P09816,7981.55419921875
P09817,7981.55419921875
P09967,7981.55419921875
P09990,7562.6953125
P09991,7562.6953125
P10000,93230.5078125
P10025,7562.6953125
P10031,7562.6953125
P10038,7562.6953125
P10121,385558.5625
P10210,32650.58203125
P10212,33069.44140625
P10222,33069.44140625
P10251,9441.9013671875
P10256,7562.6953125
P10330,7562.6953125
P10416,7949.63818359375
P10418,7949.63818359375
P10419,7949.63818359375
P10422,7949.63818359375
P10424,7949.63818359375
P10427,7949.63818359375
P10429,7949.63818359375
P10433,7949.63818359375
P10436,9441.9013671875
P10439,256018.390625
P10440,191357.078125
P10441,7949.63818359375
P10442,204566.421875
P10450,7949.63818359375
P10492,76172.71875
P10548,7562.6953125
P10554,7562.6953125
P10573,7562.6953125
P10626,7530.779296875
P10627,7530.779296875
P10631,7530.779296875
P10633,7981.55419921875
P10635,7981.55419921875
P10638,7562.6953125
P10665,7981.55419921875
P10668,7981.55419921875
P10669,7981.55419921875
P10677,7981.55419921875
P10683,7562.6953125
P10686,7562.6953125
P10688,7562.6953125
P10689,7562.6953125
P10696,9441.9013671875
P10698,437078.90625
P10700,10001.6767578125
P10701,10001.6767578125
P10702,10001.6767578125
P10710,10001.6767578125
P10713,7562.6953125
P10727,34110.9296875
P10728,9023.04296875
P10729,34110.9296875
P10733,33069.44140625
P10737,7981.55419921875
P10739,7981.55419921875
P10740,7981.55419921875
P10741,7981.55419921875
P10746,33069.44140625
P10765,7562.6953125
P10766,7562.6953125
P10770,7562.6953125
P10771,7562.6953125
P10772,7562.6953125
P10776,7562.6953125
P10781,7562.6953125
P10904,7562.6953125
P10910,7981.55419921875
P10995,7562.6953125
P11034,7981.55419921875
P11035,7981.55419921875
P11036,7981.55419921875
P11039,7981.55419921875
P11040,7981.55419921875
P11041,7981.55419921875
P11047,7981.55419921875
P11048,7981.55419921875
P11058,7981.55419921875
P11059,7981.55419921875
P11061,7981.55419921875
P11069,7981.55419921875
P11074,7981.55419921875
P11109,73100.5234375
P11130,7562.6953125
P11132,7562.6953125
P11146,25852.111328125
P11234,7562.6953125
P11238,7981.55419921875
P11239,7981.55419921875
P11245,7981.55419921875
P11253,7981.55419921875
P11254,7981.55419921875
P11294,7981.55419921875
P11295,7981.55419921875
P11298,7981.55419921875
P11310,7981.55419921875
P11311,7981.55419921875
P11313,148163.78125
P11315,7562.6953125
P11317,7981.55419921875
P11319,7981.55419921875
P11320,7981.55419921875
P11321,7981.55419921875
P11363,7562.6953125
P11430,7981.55419921875
P11495,7562.6953125
P11534,7562.6953125
P11757,7530.779296875
P11758,7562.6953125
P11773,7562.6953125
P11778,7981.55419921875
P11781,7981.55419921875
P11784,7562.6953125
P11785,7562.6953125
P11795,7562.6953125
P11817,7981.55419921875
P11855,7562.6953125
P11857,7562.6953125
P11858,7562.6953125
P11859,213920.015625
P11861,7981.55419921875
P11866,7562.6953125
P11867,7562.6953125
P12038,7530.779296875
P12040,7530.779296875
P12105,34529.7890625
P12114,10001.6767578125
P12120,7562.6953125
P12175,7530.779296875
P12235,7981.55419921875
P12319,7562.6953125
P12387,7562.6953125
P12388,7562.6953125
P12442,89789.9140625
P12443,102279.75
P12446,151776.875
P12447,151776.875
P12448,165689.1875
P12449,7562.6953125
P12451,7562.6953125
P12454,7562.6953125
P12455,7562.6953125
P12456,7562.6953125
P12458,7562.6953125
P12467,7562.6953125
P12470,7562.6953125
P12471,7562.6953125
P12474,7981.55419921875
P12475,7981.55419921875
P12476,200710.671875
P12477,7981.55419921875
P12479,7981.55419921875
P12480,7562.6953125
P12481,7562.6953125
P12485,7562.6953125
P12486,7562.6953125
P12489,7562.6953125
P12490,7562.6953125
P12491,7562.6953125
P12492,7562.6953125
P12521,7562.6953125
P12524,7562.6953125
P12526,7562.6953125
P12528,7562.6953125
P12554,7562.6953125
P12629,7530.779296875
P12696,7562.6953125
P12722,7562.6953125
P12746,7981.55419921875
P12893,7562.6953125
P12934,7981.55419921875
P13095,7562.6953125
P13100,7562.6953125
P13303,7562.6953125
P13335,33069.44140625
P13475,7530.779296875
P13626,7562.6953125
P13653,7562.6953125
P13655,7562.6953125
P13669,7562.6953125
P13756,7981.55419921875
P13778,33069.44140625
P13779,33069.44140625
P13780,32650.58203125
P13784,198822.5625
P13785,7562.6953125
P13791,32650.58203125
P13810,32650.58203125
P13891,10001.6767578125
P13892,10001.6767578125
P13894,7949.63818359375
P13895,7949.63818359375
P13900,7562.6953125
P13917,7562.6953125
P13922,7562.6953125
P13930,7562.6953125
P13935,7562.6953125
P13965,7562.6953125
P14015,7562.6953125
P14016,7562.6953125
P14017,7562.6953125
P14100,7562.6953125
P14305,7562.6953125
P14342,7562.6953125
P14358,7562.6953125
P14444,7562.6953125
P14445,7562.6953125
P14449,7981.55419921875
P14454,7981.55419921875
P14456,7981.55419921875
P14465,7981.55419921875
P14472,7981.55419921875
P14474,7981.55419921875
P14551,7981.55419921875
P14557,7981.55419921875
P14558,7981.55419921875
P14561,310663.40625
P14574,7981.55419921875
P14579,7981.55419921875
P14583,7981.55419921875
P14604,7981.55419921875
P14617,7981.55419921875
P14658,7981.55419921875
P14660,7981.55419921875
P14668,7562.6953125
P14670,7562.6953125
P14671,7562.6953125
P14704,7981.55419921875
P14744,7562.6953125
P14836,7562.6953125
P14949,7562.6953125
P14968,7981.55419921875
P15054,7949.63818359375
P15062,7949.63818359375
P15075,7981.55419921875
P15076,7981.55419921875
P15077,7981.55419921875
P15089,7562.6953125
P15092,7562.6953125
P15113,7562.6953125
P15130,7562.6953125
P15164,7562.6953125
P15173,7562.6953125
P15193,7562.6953125
P15194,7562.6953125
P15259,7981.55419921875
P15262,7981.55419921875
P15266,7562.6953125
P15271,7562.6953125
P15275,7562.6953125
P15281,7562.6953125
P15301,7562.6953125
P15303,7562.6953125
P15304,7562.6953125
P15312,7981.55419921875
P15315,7981.55419921875
P15316,7562.6953125
P15318,7562.6953125
P15322,7981.55419921875
P15323,7981.55419921875
P15329,7981.55419921875
P15330,7981.55419921875
P15331,291251.71875
P15332,7981.55419921875
P15334,7981.55419921875
P15336,262010.515625
P15408,7562.6953125
P15415,7981.55419921875
P15420,7981.55419921875
P15421,7981.55419921875
P15425,7562.6953125
P15435,7981.55419921875
P15437,7981.55419921875
P15445,7981.55419921875
P15448,7981.55419921875
P15508,34110.9296875
P15510,34110.9296875
P15533,7981.55419921875
P15538,7562.6953125
P15704,7981.55419921875
P15729,7562.6953125
P15745,156030.765625
P15789,7981.55419921875
P15830,7530.779296875
P15857,7949.63818359375
P15860,7530.779296875
P15942,7562.6953125
P15946,7562.6953125
P15950,7562.6953125
P15965,7562.6953125
P15969,7981.55419921875
P15973,7562.6953125
P16079,7562.6953125
P16155,154642.21875
P16156,154642.21875
P16157,154642.21875
P16160,7981.55419921875
P16182,7562.6953125
P16213,51977.46484375
P16228,7530.779296875
P16355,7562.6953125
P16371,7562.6953125
P16381,7981.55419921875
P16382,7981.55419921875
P16383,7981.55419921875
P16384,7981.55419921875
P16387,7562.6953125
P16388,7562.6953125
P16390,7562.6953125
P16429,7562.6953125
P16446,7562.6953125
P16470,7562.6953125
P16471,7562.6953125
P16473,7562.6953125
P16475,7562.6953125
P16479,7562.6953125
P16481,7562.6953125
P16513,7562.6953125
P16514,7562.6953125
P16561,7562.6953125
P16597,7981.55419921875
P16598,7981.55419921875
P16615,7981.55419921875
P16628,7949.63818359375
P16675,7562.6953125
P16884,7562.6953125
P16892,7562.6953125
P17003,7562.6953125
P17008,7981.55419921875
P17151,7981.55419921875
P17152,7981.55419921875
P17180,7562.6953125
P17220,7562.6953125
P17224,7562.6953125
P17226,7562.6953125
P17266,7562.6953125
P17318,7562.6953125
P17441,7562.6953125
P17443,7562.6953125
P17450,7562.6953125
P17497,7562.6953125
P17506,7562.6953125
P17515,7562.6953125
P17528,7562.6953125
P17529,7562.6953125
P17904,7562.6953125
P17933,7562.6953125
P18187,7562.6953125
P18265,7562.6953125
P18314,7562.6953125
P18322,7562.6953125
P18325,7562.6953125
P18334,7562.6953125
P18354,7562.6953125
P18421,7981.55419921875
P18435,7981.55419921875
P18505,7981.55419921875
P18588,7562.6953125
P18593,7562.6953125
P18618,7562.6953125
P18766,7562.6953125
P18847,7562.6953125
P18871,7562.6953125
P19146,7981.55419921875
P19147,7981.55419921875
P19263,7562.6953125
P19285,7562.6953125
P19372,7562.6953125
P19374,7562.6953125
P19429,7562.6953125
P19688,186577.03125
P19689,7981.55419921875
P19692,7981.55419921875
P19705,7981.55419921875
P19707,7981.55419921875
P19708,7981.55419921875
P19712,7981.55419921875
P20126,7981.55419921875
P20128,7981.55419921875
P20133,7981.55419921875
P20134,7562.6953125
P20250,7562.6953125
P20357,7562.6953125
P20367,7981.55419921875
P20369,7981.55419921875
P20375,7981.55419921875
P20419,7562.6953125
P20902,7949.63818359375
P20980,7562.6953125
P21063,7981.55419921875
P21093,7562.6953125
P21099,7562.6953125
P21153,7562.6953125
P21188,7981.55419921875
P21190,7981.55419921875
P21191,7981.55419921875
P21286,7562.6953125
P21377,7981.55419921875
P21380,7949.63818359375
P21399,7981.55419921875
P21645,7981.55419921875
P21647,7981.55419921875
P21774,7562.6953125
P21838,7562.6953125
P21870,7562.6953125
P21899,7981.55419921875
P21900,7981.55419921875
P21901,7981.55419921875
P21902,7981.55419921875
P21903,7981.55419921875
P21905,7981.55419921875
P21912,7562.6953125
P21916,7562.6953125
P21918,7562.6953125
P21922,7562.6953125
P21923,7562.6953125
P21926,7562.6953125
P21927,7562.6953125
P21957,7981.55419921875
P22034,7562.6953125
P22656,7981.55419921875
P22658,7981.55419921875
P22673,7981.55419921875
P22679,7562.6953125
P22680,7981.55419921875
P22681,7981.55419921875
P22683,7981.55419921875
P22684,7981.55419921875
P22687,7981.55419921875
P22688,7981.55419921875
P22897,28697.126953125
P23151,7562.6953125
P23154,7562.6953125
P23156,7562.6953125
P23241,7562.6953125
P23261,7562.6953125
P23328,7981.55419921875
P23444,7562.6953125
P23521,7562.6953125
P23550,7562.6953125
P23720,7562.6953125
P23733,7562.6953125
P23839,7562.6953125
P23861,7562.6953125
P23931,7562.6953125
P24016,7562.6953125
P24132,7562.6953125
P24351,7562.6953125
P24493,7562.6953125
P24551,7562.6953125
P24747,7562.6953125
P24748,7562.6953125
P24758,7562.6953125
P24789,7981.55419921875
P24831,7562.6953125
P24870,7562.6953125
P24906,7562.6953125
P24911,7562.6953125
P24922,7562.6953125
P24957,7562.6953125
P25015,32650.58203125
P25074,7562.6953125
P25148,7562.6953125
P25154,7562.6953125
P25191,7562.6953125
P25225,7981.55419921875
P25279,7981.55419921875
P25419,7981.55419921875
P25423,7981.55419921875
P25425,7981.55419921875
P25426,7981.55419921875
P25485,7562.6953125
P25487,7562.6953125
P25502,7981.55419921875
P25691,7562.6953125
P25693,7562.6953125
P25979,7562.6953125
P26047,7981.55419921875
P26383,7981.55419921875
P26393,7562.6953125
P26439,7981.55419921875
P26461,7562.6953125
P26540,469195.125
P26574,7981.55419921875
P26684,7562.6953125
P26726,7562.6953125
P26729,7562.6953125
P26732,7562.6953125
P26734,7562.6953125
P26778,7562.6953125
P26807,7562.6953125
P26863,7562.6953125
P26973,7562.6953125
P27048,7562.6953125
P27153,7981.55419921875
P27174,7562.6953125
P27212,7981.55419921875
P27218,7981.55419921875
P27229,9409.9853515625
P27241,7949.63818359375
P27242,7949.63818359375
P27295,7562.6953125
P27296,7562.6953125
P27299,7981.55419921875
P27340,7981.55419921875
P27410,7562.6953125
P27414,7562.6953125
P27416,7562.6953125
P27504,7562.6953125
P27508,7981.55419921875
P27516,7562.6953125
P27517,7562.6953125
P27518,7981.55419921875
P27519,7981.55419921875
P27523,7562.6953125
P27545,7562.6953125
P27547,7562.6953125
P27553,7562.6953125
P27555,7562.6953125
P27560,7562.6953125
P27561,7562.6953125
P27566,7562.6953125
P27577,7562.6953125
P27580,7562.6953125
P27586,7562.6953125
P27587,7562.6953125
P27590,7562.6953125
P27598,7562.6953125
P27600,7562.6953125
P27607,7562.6953125
P27609,7562.6953125
P27620,7562.6953125
P27627,7562.6953125
P27628,7562.6953125
P27645,33069.44140625
P27648,7981.55419921875
P27649,7981.55419921875
P27723,7981.55419921875
P27734,7562.6953125
P27801,7562.6953125
P28236,142554.703125
P28239,7562.6953125
P28241,32650.58203125
P28242,32650.58203125
P28246,7562.6953125
P28253,7562.6953125
P28254,7562.6953125
P28257,7562.6953125
P28302,7981.55419921875
P28303,7981.55419921875
P28304,7562.6953125
P28389,7562.6953125
P28416,7562.6953125
P28472,7562.6953125
P28488,7562.6953125
P28526,7562.6953125
P28541,7981.55419921875
P28707,33069.44140625
P28714,7981.55419921875
P28732,7981.55419921875
P28740,7981.55419921875
P28776,7562.6953125
P28859,7562.6953125
P28862,7981.55419921875
P28877,7981.55419921875
P28878,7981.55419921875
P28882,7562.6953125
P28883,7562.6953125
P28884,7562.6953125
P28885,113615.3125
P28886,113615.3125
P28894,7981.55419921875
P28895,7981.55419921875
P28898,7981.55419921875
P28900,7981.55419921875
P28902,7981.55419921875
P28905,7981.55419921875
P28908,141432.875
P28912,7562.6953125
P28919,7562.6953125
P28931,7562.6953125
P28935,7981.55419921875
P28937,7981.55419921875
P28945,7562.6953125
P28946,7562.6953125
P28947,7562.6953125
P28948,7562.6953125
P28951,7562.6953125
P28952,7981.55419921875
P28953,7981.55419921875
P28955,7981.55419921875
P28961,7981.55419921875
P28963,7981.55419921875
P29034,7562.6953125
P29041,7562.6953125
P29043,7562.6953125
P29047,7562.6953125
P29064,7562.6953125
P29066,7562.6953125
P29073,7562.6953125
P29083,7562.6953125
P29087,7562.6953125
P29101,7981.55419921875
P29104,7981.55419921875
P29106,7981.55419921875
P29107,7981.55419921875
P29173,7562.6953125
P29193,7562.6953125
P29211,7562.6953125
P29214,7562.6953125
P29217,7562.6953125
P29244,7562.6953125
P29256,7562.6953125
P29269,7562.6953125
P29293,7562.6953125
P29295,32650.58203125
P29344,7981.55419921875
P29345,7562.6953125
P29393,7562.6953125
P29432,7981.55419921875
P29446,7981.55419921875
P29476,7981.55419921875
P29482,7981.55419921875
P29490,7981.55419921875
P29496,7981.55419921875
P29505,7981.55419921875
P29524,7562.6953125
P29530,7981.55419921875
P29605,7562.6953125
P29733,7562.6953125
P29770,7562.6953125
P29778,7562.6953125
P29793,7562.6953125
P29918,302569.09375
P29982,7981.55419921875
P30033,7562.6953125
P30036,7562.6953125
P30038,7562.6953125
P30039,7562.6953125
P30040,7562.6953125
P30043,7562.6953125
P30047,7981.55419921875
P30048,7981.55419921875
P30049,7981.55419921875
P30096,7562.6953125
P30261,7981.55419921875
P30286,7981.55419921875
P30301,7562.6953125
P30331,7562.6953125
P30462,7562.6953125
P30469,7562.6953125
P30471,7562.6953125
P30474,7562.6953125
P30475,7562.6953125
P30480,7562.6953125
P30481,7562.6953125
P30485,7562.6953125
P30487,7562.6953125
P30491,7981.55419921875
P30492,7981.55419921875
P30493,7562.6953125
P30494,7562.6953125
P30500,7562.6953125
P30501,7562.6953125
P30506,7562.6953125
P30653,7562.6953125
P30746,7562.6953125
P30776,7562.6953125
P30809,7562.6953125
P30871,7562.6953125
P30880,7981.55419921875
P31178,7562.6953125
P31338,7562.6953125
P31339,7562.6953125
P31367,7981.55419921875
P31370,7981.55419921875
P31444,7981.55419921875
P31462,7562.6953125
P31465,7562.6953125
P31503,7562.6953125
P31612,207682.53125
P31636,33069.44140625
P31638,33069.44140625
P31643,7981.55419921875
P31648,7562.6953125
P31715,7562.6953125
P31770,7562.6953125
P31810,7562.6953125
P31815,7562.6953125
P31816,7562.6953125
P31818,7562.6953125
P31848,7562.6953125
P31880,7562.6953125
P31918,390724.9375
P31930,7562.6953125
P32231,30157.470703125
P32310,32650.58203125
P32367,7949.63818359375
P32444,7949.63818359375
P32686,7530.779296875
P32687,287071.40625
P32783,7981.55419921875
P32925,7562.6953125
P33324,7562.6953125
P33542,7562.6953125
P33584,7562.6953125
P33807,7562.6953125
P33832,7562.6953125
P33850,7562.6953125
P33856,343820.59375
P33927,33069.44140625
P33935,34529.7890625
P33936,33069.44140625
P33942,33069.44140625
P33973,516987.125
P33974,33069.44140625
P33976,7981.55419921875
P33982,30157.470703125
P34142,7562.6953125
P34143,7562.6953125
P34145,7562.6953125
P34146,7562.6953125
P34147,7562.6953125
P34148,7562.6953125
P34190,7562.6953125
P34192,7562.6953125
P34227,7562.6953125
P34259,7981.55419921875
P34280,7981.55419921875
P34281,7981.55419921875
P34288,7981.55419921875
P34391,7562.6953125
P34393,7562.6953125
P34394,7562.6953125
P34396,7562.6953125
P34397,7562.6953125
P34398,7981.55419921875
P34400,7981.55419921875
P34401,7981.55419921875
P34402,7981.55419921875
P34403,7562.6953125
P34404,7562.6953125
P34406,226409.859375
P34407,160724.640625
P34408,7981.55419921875
P34410,7981.55419921875
P34414,7981.55419921875
P34418,118669.90625
P34419,7981.55419921875
P34421,7981.55419921875
P34422,7562.6953125
P34425,7562.6953125
P34426,7562.6953125
P34430,7562.6953125
P34432,7562.6953125
P34433,7562.6953125
P34435,7562.6953125
P34436,7562.6953125
P34437,7562.6953125
P34438,7562.6953125
P34440,7562.6953125
P34442,7562.6953125
P34443,7562.6953125
P34452,7562.6953125
P34454,7562.6953125
P34455,7562.6953125
P34456,7981.55419921875
P34458,173022.375
P34459,213920.015625
P34462,7981.55419921875
P34463,181877.296875
P34464,7562.6953125
P34465,7562.6953125
P34466,7981.55419921875
P34471,7562.6953125
P34515,7562.6953125
P34516,7562.6953125
P34521,7562.6953125
P34522,7562.6953125
P34527,7562.6953125
P34528,7562.6953125
P34529,7562.6953125
P34562,7562.6953125
P34629,7562.6953125
P34723,7562.6953125
P34760,439294.96875
P34854,7562.6953125
P34856,7562.6953125
P34857,7562.6953125
P34870,7981.55419921875
P34879,7562.6953125
P34889,7562.6953125
P34891,7562.6953125
P34896,7562.6953125
P34898,7562.6953125
P34899,7562.6953125
P34901,7562.6953125
P34902,7562.6953125
P34959,7981.55419921875
P35002,7981.55419921875
P35040,9208.54296875
P35078,8292.3662109375
P35081,9208.54296875
P35098,7562.6953125
P35167,7981.55419921875
P35169,10001.6767578125
P35171,9441.9013671875
P35238,198487.953125
P35275,220143.125
P35309,9441.9013671875
P35312,7981.55419921875
P35313,10001.6767578125
P35317,7981.55419921875
P35318,7981.55419921875
P35321,10001.6767578125
P35323,10001.6767578125
P35325,10001.6767578125
P35327,10001.6767578125
P35328,10001.6767578125
P35330,32650.58203125
P35334,10001.6767578125
P35335,10001.6767578125
P35336,10001.6767578125
P35337,7981.55419921875
P35338,9441.9013671875
P35340,10001.6767578125
P35342,10001.6767578125
P35343,10001.6767578125
P35344,10001.6767578125
P35345,10001.6767578125
P35346,34529.7890625
P35348,10001.6767578125
P35350,34529.7890625
P35353,34529.7890625
P35355,34529.7890625
P35356,34529.7890625
P35357,34529.7890625
P35358,34529.7890625
P35359,33069.44140625
P35360,34529.7890625
P35361,34529.7890625
P35362,10001.6767578125
P35363,34529.7890625
P35512,34529.7890625
P35513,9441.9013671875
P35514,34529.7890625
P35515,34529.7890625
P35516,34529.7890625
P35518,34529.7890625
P35644,48802.0078125
P35972,7981.55419921875
P35973,167964.984375
P35974,213920.015625
P35976,7562.6953125
P35998,244355.984375
P35999,7981.55419921875
P36005,7562.6953125
P36007,7562.6953125
P36008,7562.6953125
P36009,7562.6953125
P36013,89789.9140625
P36017,7562.6953125
P36039,7562.6953125
P36100,7562.6953125
P36165,7562.6953125
P36183,7562.6953125
P36184,7562.6953125
P36199,7981.55419921875
P36232,7562.6953125
P36250,7981.55419921875
P36268,7562.6953125
P36281,7562.6953125
P36370,7562.6953125
P36371,7562.6953125
P36412,9409.9853515625
P36418,7981.55419921875
P36527,7562.6953125
P36529,7562.6953125
P36567,7562.6953125
P36636,7562.6953125
P36671,33069.44140625
P36707,33069.44140625
P36708,33069.44140625
P36710,33069.44140625
P36724,7562.6953125
P36770,7562.6953125
P36840,7562.6953125
P37038,32650.58203125
P37059,7562.6953125
P37114,7562.6953125
P37124,7562.6953125
P37131,7562.6953125
P37270,7562.6953125
P37286,7981.55419921875
P37290,7981.55419921875
P37291,7981.55419921875
P37292,7981.55419921875
P37295,7981.55419921875
P37297,7981.55419921875
P37298,7981.55419921875
P37299,200710.671875
P37302,7981.55419921875
P37303,7981.55419921875
P37304,7981.55419921875
P37305,7981.55419921875
P37306,7981.55419921875
P37314,200710.671875
P37317,240685.90625
P37319,7562.6953125
P37322,7981.55419921875
P37323,7981.55419921875
P37326,7981.55419921875
P37328,148163.78125
P37329,7981.55419921875
P37330,7981.55419921875
P37360,7981.55419921875
P37362,213920.015625
P37363,7981.55419921875
P37366,7981.55419921875
P37369,207256.359375
P37371,7981.55419921875
P37372,7981.55419921875
P37375,7981.55419921875
P37376,129237.4453125
P37377,7981.55419921875
P37378,177114.828125
P37379,7562.6953125
P37381,135319.875
P37460,7981.55419921875
P37513,7562.6953125
P37562,7981.55419921875
P37563,154642.21875
P37564,7981.55419921875
P37566,7981.55419921875
P37584,232705.390625
P37585,7981.55419921875
P37586,7981.55419921875
P37588,7981.55419921875
P37589,7981.55419921875
P37590,7981.55419921875
P37591,7981.55419921875
P37593,7562.6953125
P37615,7981.55419921875
P37616,7981.55419921875
P37618,7562.6953125
P37619,7562.6953125
P37635,213920.015625
P37637,7981.55419921875
P37638,7981.55419921875
P37641,7981.55419921875
P37642,7981.55419921875
P37644,7981.55419921875
P37645,213920.015625
P37648,155475.15625
P37650,147616.78125
P37651,135126.921875
P37653,151776.875
P37654,186577.03125
P37657,7562.6953125
P37658,7981.55419921875
P37660,7981.55419921875
P37661,7981.55419921875
P37676,7981.55419921875
P37677,7981.55419921875
P37680,7562.6953125
P37681,7981.55419921875
P37682,7562.6953125
P37683,7981.55419921875
P37684,7981.55419921875
P37687,7981.55419921875
P37689,7562.6953125
P37757,7981.55419921875
P37765,7562.6953125
P37768,125077.3515625
P37770,268092.90625
P37771,7981.55419921875
P37772,268092.90625
P37773,292076.03125
P37774,7981.55419921875
P37775,177114.828125
P37778,161427.609375
P37782,135126.921875
P37784,167132.0625
P37787,213920.015625
P37790,200710.671875
P37792,7981.55419921875
P37794,151776.875
P37795,151776.875
P37796,135126.921875
P37798,151776.875
P37799,7981.55419921875
P37801,7981.55419921875
P37802,7981.55419921875
P37803,7981.55419921875
P37809,7981.55419921875
P37810,212979.1875
P37811,7981.55419921875
P37814,199066.875
P37815,199066.875
P37816,199066.875
P37827,7562.6953125
P37828,7562.6953125
P37842,7981.55419921875
P37843,7981.55419921875
P37849,7981.55419921875
P37853,7981.55419921875
P37909,7562.6953125
P37952,32650.58203125
P38217,149490.703125
P38238,7562.6953125
P38329,7562.6953125
P38333,7562.6953125
P38361,7981.55419921875
P38364,7981.55419921875
P38377,7981.55419921875
P38404,7562.6953125
P38469,7981.55419921875
P38470,7981.55419921875
P38473,7981.55419921875
P38474,7981.55419921875
P38478,7949.63818359375
P38504,7562.6953125
P38576,28426.9765625
P38580,50439.109375
P38644,7562.6953125
P38706,7981.55419921875
P38707,7981.55419921875
P38721,7981.55419921875
P38732,7981.55419921875
P38736,7981.55419921875
P38738,7981.55419921875
P38746,7981.55419921875
P38748,7981.55419921875
P38749,7981.55419921875
P38750,7981.55419921875
P38751,7981.55419921875
P38756,7981.55419921875
P38758,7981.55419921875
P38765,7981.55419921875
P38769,7981.55419921875
P38776,7981.55419921875
P38777,7981.55419921875
P38782,7981.55419921875
P38797,7562.6953125
P38845,7562.6953125
P38961,7981.55419921875
P38986,7981.55419921875
P38987,25852.111328125
P39061,7562.6953125
P39141,161485.234375
P39146,7562.6953125
P39153,7562.6953125
P39161,7562.6953125
P39162,7562.6953125
P39285,7562.6953125
P39445,7981.55419921875
P39535,33069.44140625
P39600,7562.6953125
P39620,7562.6953125
P39633,7981.55419921875
P39645,7562.6953125
P39646,7562.6953125
P39647,7562.6953125
P39748,7981.55419921875
P39753,7562.6953125
P39764,174135.03125
P39777,7562.6953125
P39781,7562.6953125
P39786,7562.6953125
P39787,7562.6953125
P39797,7562.6953125
P39798,7562.6953125
P39806,7562.6953125
P39809,7562.6953125
P39812,7562.6953125
P39813,7562.6953125
P39818,7562.6953125
P39820,7562.6953125
P39824,7562.6953125
P39834,7562.6953125
P39835,7981.55419921875
P39836,7562.6953125
P39841,7562.6953125
P39844,7562.6953125
P39863,7562.6953125
P39928,10001.6767578125
P39937,33069.44140625
P39940,33069.44140625
P39943,10001.6767578125
P39944,7981.55419921875
P39945,7981.55419921875
P39949,34529.7890625
P39951,34529.7890625
P39968,33069.44140625
P39976,33069.44140625
P39978,33069.44140625
P39980,33069.44140625
P39982,33069.44140625
P39984,34110.9296875
P39988,33069.44140625
P39990,7981.55419921875
P39992,7981.55419921875
P39994,7981.55419921875
P39996,7981.55419921875
P39997,7562.6953125
P39998,7562.6953125
P40000,7562.6953125
P40002,7562.6953125
P40007,7981.55419921875
P40008,7981.55419921875
P40010,7981.55419921875
P40012,7981.55419921875
P40018,7562.6953125
P40019,32650.58203125
P40103,7981.55419921875
P40104,7981.55419921875
P40105,9441.9013671875
P40107,9441.9013671875
P40108,10001.6767578125
P40109,10001.6767578125
P40112,10001.6767578125
P40114,10001.6767578125
P40116,10001.6767578125
P40117,10001.6767578125
P40118,10001.6767578125
P40122,10001.6767578125
P40124,10001.6767578125
P40126,10001.6767578125
P40127,34529.7890625
P40131,10001.6767578125
P40132,10001.6767578125
P40134,10001.6767578125
P40135,10001.6767578125
P40137,504616.65625
P40138,9441.9013671875
P40140,10001.6767578125
P40142,7981.55419921875
P40143,9441.9013671875
P40144,9441.9013671875
P40145,10001.6767578125
P40146,10001.6767578125
P40148,9441.9013671875
P40150,9441.9013671875
P40158,7981.55419921875
P40159,34529.7890625
P40160,10001.6767578125
P40161,33069.44140625
P40162,179783.265625
P40163,268976.1875
P40165,7981.55419921875
P40166,7981.55419921875
P40167,7981.55419921875
P40170,10001.6767578125
P40171,7981.55419921875
P40172,7981.55419921875
P40173,7562.6953125
P40174,7562.6953125
P40177,9441.9013671875
P40178,9441.9013671875
P40179,7981.55419921875
P40181,7562.6953125
P40182,7562.6953125
P40183,7562.6953125
P40190,7562.6953125
P40196,7981.55419921875
P40198,9441.9013671875
P40199,7562.6953125
P40201,7562.6953125
P40203,7562.6953125
P40206,7562.6953125
P40218,7562.6953125
P40219,7562.6953125
P40220,7562.6953125
P40221,7562.6953125
P40223,7562.6953125
P40224,7562.6953125
P40226,7562.6953125
P40228,7981.55419921875
P40229,7981.55419921875
P40230,7981.55419921875
P40232,9441.9013671875
P40234,9023.04296875
P40236,7981.55419921875
P40237,7981.55419921875
P40238,9441.9013671875
P40240,504616.65625
P40241,10001.6767578125
P40243,10001.6767578125
P40244,10001.6767578125
P40245,10001.6767578125
P40246,504616.65625
P40248,10001.6767578125
P40249,311999.40625
P40251,10001.6767578125
P40252,311999.40625
P40253,7981.55419921875
P40254,7981.55419921875
P40255,7981.55419921875
P40256,7981.55419921875
P40257,10001.6767578125
P40258,7981.55419921875
P40259,7981.55419921875
P40261,504616.65625
P40262,10001.6767578125
P40264,10001.6767578125
P40265,10001.6767578125
P40268,10001.6767578125
P40271,10001.6767578125
P40273,10001.6767578125
P40274,450991.21875
P40275,518528.96875
P40276,10001.6767578125
P40277,10001.6767578125
P40278,504616.65625
P40281,10001.6767578125
P40282,10001.6767578125
P40283,437078.90625
P40284,7981.55419921875
P40285,7981.55419921875
P40289,7981.55419921875
P40291,7981.55419921875
P40293,7981.55419921875
P40294,7981.55419921875
P40295,7981.55419921875
P40297,7981.55419921875
P40298,7981.55419921875
P40324,7562.6953125
P40325,7562.6953125
P40326,7562.6953125
P40328,7562.6953125
P40329,7562.6953125
P40331,7562.6953125
P40332,7562.6953125
P40333,7562.6953125
P40334,7562.6953125
P40335,7562.6953125
P40336,7562.6953125
P40339,7562.6953125
P40341,7981.55419921875
P40343,7981.55419921875
P40345,7981.55419921875
P40346,7981.55419921875
P40348,7981.55419921875
P40349,7981.55419921875
P40352,7981.55419921875
P40358,7981.55419921875
P40361,7562.6953125
P40363,7530.779296875
P40365,7530.779296875
P40366,7530.779296875
P40368,7530.779296875
P40370,7562.6953125
P40371,7562.6953125
P40373,7530.779296875
P40374,7530.779296875
P40375,7530.779296875
P40376,7530.779296875
P40377,7562.6953125
P40379,7981.55419921875
P40381,7562.6953125
P40383,7530.779296875
P40384,7530.779296875
P40385,7530.779296875
P40386,7530.779296875
P40387,7530.779296875
P40556,7562.6953125
P40563,7562.6953125
P40601,7562.6953125
P40618,7562.6953125
P40627,9441.9013671875
P40657,7981.55419921875
P40658,7981.55419921875
P40659,7981.55419921875
P40660,7562.6953125
P40662,7981.55419921875
P40667,7981.55419921875
P40668,7981.55419921875
P40669,7981.55419921875
P40672,7949.63818359375
P40673,7981.55419921875
P40674,7949.63818359375
P40675,7949.63818359375
P40677,7949.63818359375
P40688,7949.63818359375
P40690,7949.63818359375
P40693,7949.63818359375
P40694,7949.63818359375
P40697,9441.9013671875
P40698,9441.9013671875
P40700,9441.9013671875
P40701,9441.9013671875
P40702,10001.6767578125
P40703,10001.6767578125
P40705,10001.6767578125
P40706,10001.6767578125
P40707,504616.65625
P40708,518528.96875
P40709,10001.6767578125
P40711,10001.6767578125
P40714,10001.6767578125
P40716,9441.9013671875
P40719,7949.63818359375
P40720,7949.63818359375
P40721,7949.63818359375
P40724,7949.63818359375
P40726,7949.63818359375
P40727,7949.63818359375
P40729,7949.63818359375
P40730,7949.63818359375
P40731,204566.421875
P40732,7949.63818359375
P40733,191357.078125
P40747,7949.63818359375
P40749,7949.63818359375
P40757,7949.63818359375
P40758,7949.63818359375
P40759,7949.63818359375
P40760,7949.63818359375
P40763,7530.779296875
P40775,7949.63818359375
P40776,7949.63818359375
P40808,95477.8203125
P40864,7562.6953125
P40880,7562.6953125
P40881,7562.6953125
P40890,7562.6953125
P40914,7562.6953125
P40915,7562.6953125
P40929,7562.6953125
P40955,7981.55419921875
P40966,34529.7890625
P40967,34529.7890625
P40968,34529.7890625
P40978,7562.6953125
P41086,30157.470703125
P41090,30157.470703125
P41156,7562.6953125
P41185,7562.6953125
P41232,144609.8125
P41234,32650.58203125
P41235,32650.58203125
P41240,7562.6953125
P41241,7562.6953125
P41243,7562.6953125
P41246,7562.6953125
P41249,7562.6953125
P41262,7562.6953125
P41330,7562.6953125
P41331,7562.6953125
P41334,32650.58203125
P41335,32650.58203125
P41336,7562.6953125
P41338,7562.6953125
P41340,7562.6953125
P41343,7562.6953125
P41344,7562.6953125
P41345,7562.6953125
P41347,214363.734375
P41348,7562.6953125
P41354,7562.6953125
P41356,171169.703125
P41357,7562.6953125
P41359,7562.6953125
P41360,7562.6953125
P41361,7562.6953125
P41362,404419.0625
P41374,32650.58203125
P41375,34110.9296875
P41377,34110.9296875
P41382,32650.58203125
P41408,7949.63818359375
P41429,7949.63818359375
P41434,7949.63818359375
P41437,7949.63818359375
P41439,7949.63818359375
P41442,7949.63818359375
P41470,7562.6953125
P41535,7949.63818359375
P41593,7949.63818359375
P41596,7949.63818359375
P41613,7981.55419921875
P41715,7562.6953125
P41741,7562.6953125
P41756,7562.6953125
P41764,7562.6953125
P41769,7562.6953125
P41812,7562.6953125
P41816,7562.6953125
P41830,7562.6953125
P41849,7562.6953125
P41851,7562.6953125
P41866,7562.6953125
P41872,7562.6953125
P41873,7562.6953125
P41875,7562.6953125
P41876,7562.6953125
P41878,7562.6953125
P41890,7562.6953125
P41893,7562.6953125
P41925,7562.6953125
P41926,7562.6953125
P41929,7562.6953125
P41930,7562.6953125
P41932,7562.6953125
P41935,7562.6953125
P41937,7562.6953125
P41939,7562.6953125
P41940,7562.6953125
P41941,7562.6953125
P41947,7562.6953125
P41949,7562.6953125
P41950,7562.6953125
P41951,7562.6953125
P41953,7562.6953125
P41963,7562.6953125
P41965,7562.6953125
P41967,7562.6953125
P41968,7562.6953125
P41971,7562.6953125
P41973,7562.6953125
P41977,7562.6953125
P42030,7562.6953125
P42046,7562.6953125
P42100,151521.703125
P42104,32650.58203125
P42235,123940.359375
P42300,7562.6953125
P42329,7562.6953125
P42354,7562.6953125
P42418,7562.6953125
P42430,7981.55419921875
P42432,343416.28125
P42434,7981.55419921875
P42437,7981.55419921875
P42439,7981.55419921875
P42444,7562.6953125
P42445,7562.6953125
P42446,7562.6953125
P42448,7562.6953125
P42458,7981.55419921875
P42459,7981.55419921875
P42460,7981.55419921875
P42461,7981.55419921875
P42463,7981.55419921875
P42470,7981.55419921875
P42480,7981.55419921875
P42488,7981.55419921875
P42489,7981.55419921875
P42491,7562.6953125
P42493,7562.6953125
P42503,7981.55419921875
P42508,7981.55419921875
P42514,7562.6953125
P42521,7981.55419921875
P42523,7981.55419921875
P42528,7562.6953125
P42530,7562.6953125
P42531,7562.6953125
P42533,7981.55419921875
P42536,7981.55419921875
P42537,7981.55419921875
P42538,7981.55419921875
P42545,7981.55419921875
P42554,7562.6953125
P42556,7981.55419921875
P42558,7981.55419921875
P42559,7981.55419921875
P42560,7981.55419921875
P42562,7981.55419921875
P42570,7562.6953125
P42575,7981.55419921875
P42578,7981.55419921875
P42586,7562.6953125
P42706,7949.63818359375
P42721,115449.6875
P42793,7981.55419921875
P42794,7981.55419921875
P42796,242461.84375
P42822,7949.63818359375
P42824,7949.63818359375
P42855,7530.779296875
P42869,7530.779296875
P43033,7949.63818359375
P43065,436460.6875
P43090,51558.60546875
P43132,7949.63818359375
P43186,7949.63818359375
P43187,176881.515625
P43391,7981.55419921875
P43480,7949.63818359375
P43517,205418.390625
P43639,73718.171875
P43710,28697.126953125
P43804,145568.3125
P43808,7562.6953125
P43824,7562.6953125
P43849,7562.6953125
P43850,7562.6953125
P43906,7562.6953125
P43909,7562.6953125
P43916,395924.53125
P43943,7562.6953125
P43946,7562.6953125
P43979,7562.6953125
P43989,29738.611328125
P44020,28697.126953125
P44024,28278.267578125
P44027,7562.6953125
P01033,12807.390625
P01063,26485.005859375
P01079,12807.390625
P01106,26485.005859375
P01156,26485.005859375
P01162,12807.390625
P01197,12807.390625
P01206,12807.390625
P01239,12807.390625
P01303,12807.390625
P01314,26485.005859375
P01315,26485.005859375
P01332,26485.005859375
P01379,12807.390625
P01443,26485.005859375
P01463,12807.390625
P01502,26485.005859375
P01510,12807.390625
P01576,12807.390625
P01623,26485.005859375
P01626,26485.005859375
P01637,12807.390625
P01638,26485.005859375
P01648,12807.390625
P01664,80984.125
P01667,12807.390625
P01718,12807.390625
P01741,26485.005859375
P01749,12807.390625
P01753,12807.390625
P01757,12807.390625
P01766,12687.65234375
P01770,12807.390625
P01776,12807.390625
P01812,26485.005859375
P01816,12807.390625
P01841,26485.005859375
P01844,26485.005859375
P01859,12807.390625
P01860,99016.1953125
P01879,12807.390625
P01889,12807.390625
P01918,26485.005859375
P01923,26485.005859375
P01934,12807.390625
P01962,12807.390625
P01981,26485.005859375
P01999,12807.390625
P02025,12807.390625
P02037,12807.390625
P02040,12807.390625
P02053,12807.390625
P02075,26485.005859375
P02077,26485.005859375
P02095,100685.1484375
P02124,26485.005859375
P02152,26485.005859375
P02159,26485.005859375
P02165,80984.125
P02178,26485.005859375
P02206,12807.390625
P02228,26485.005859375
P02232,70887.9453125
P02241,12807.390625
P02284,26485.005859375
P02285,26485.005859375
P02408,12807.390625
P02423,12807.390625
P02435,26485.005859375
P02442,26485.005859375
P02459,12807.390625
P02508,12807.390625
P02521,12807.390625
P02535,12807.390625
P02536,12807.390625
P02541,65285.84765625
P02546,26485.005859375
P02580,26485.005859375
P02586,12807.390625
P02685,12807.390625
P02689,12807.390625
P02805,12807.390625
P02808,12807.390625
P02812,12807.390625
P02852,12807.390625
P02863,12687.65234375
P02886,94431.53125
P02887,94431.53125
P02888,12807.390625
P02913,12807.390625
P02921,12807.390625
P02923,12807.390625
P02978,80984.125
P02982,12807.390625
P03028,12807.390625
P03068,12807.390625
P03070,12807.390625
P03157,12807.390625
P03178,26485.005859375
P03201,12807.390625
P03213,12807.390625
P03225,12807.390625
P03332,94431.53125
P03337,12807.390625
P03343,12807.390625
P03352,12807.390625
P03369,12807.390625
P03439,12807.390625
P03444,26485.005859375
P03452,12807.390625
P03458,12807.390625
P03459,12807.390625
P03461,12807.390625
P03462,12807.390625
P03463,12807.390625
P03578,12687.65234375
P03602,26485.005859375
P03628,12807.390625
P03631,12807.390625
P03654,12807.390625
P03675,12687.65234375
P03684,12807.390625
P03696,26485.005859375
P03724,12807.390625
P03751,12687.65234375
P03772,12807.390625
P03786,26485.005859375
P03808,12807.390625
P03809,12807.390625
P03815,26485.005859375
P03908,12807.390625
P03923,26485.005859375
P03933,12807.390625
P03934,12807.390625
P03935,12807.390625
P03979,12807.390625
P04044,26485.005859375
P04051,26485.005859375
P04070,12687.65234375
P04101,26485.005859375
P04108,12807.390625
P04127,26485.005859375
P04133,26485.005859375
P04143,26485.005859375
P04161,26485.005859375
P04164,26485.005859375
P04169,26485.005859375
P04213,26485.005859375
P04251,12807.390625
P04273,26485.005859375
P04285,26485.005859375
P04291,26485.005859375
P04329,26485.005859375
P04334,12807.390625
P04386,80984.125
P04387,12807.390625
P04393,12807.390625
P04394,12807.390625
P04396,12807.390625
P04398,12687.65234375
P04403,95104.890625
P04408,26485.005859375
P04421,26485.005859375
P04434,13293.0439453125
P04466,26485.005859375
P04525,12807.390625
P04531,12807.390625
P04560,12807.390625
P04564,26485.005859375
P04567,26485.005859375
P04570,26485.005859375
P04598,12807.390625
P04599,12807.390625
P04689,26485.005859375
P04690,26485.005859375
P04691,12807.390625
P04697,12807.390625
P04700,12807.390625
P04736,12807.390625
P04758,26485.005859375
P04771,12807.390625
P04830,12807.390625
P04831,12807.390625
P04834,26485.005859375
P04836,26485.005859375
P04873,12807.390625
P04900,12807.390625
P04901,12807.390625
P04909,12807.390625
P04924,12807.390625
P04960,26485.005859375
P04964,12807.390625
P04966,12807.390625
P04970,99016.1953125
P05039,12807.390625
P05049,26485.005859375
P05059,12807.390625
P05081,26485.005859375
P05097,12807.390625
P05098,12807.390625
P05099,12807.390625
P05107,12807.390625
P05109,26485.005859375
P05112,12807.390625
P05113,12807.390625
P05114,12807.390625
P05136,26485.005859375
P05138,26485.005859375
P05141,12807.390625
P05142,26485.005859375
P05143,26485.005859375
P05148,12807.390625
P05149,12807.390625
P05156,12807.390625
P05258,12807.390625
P05283,12807.390625
P05284,12807.390625
P05286,12807.390625
P05288,26485.005859375
P05291,12807.390625
P05292,12807.390625
P05302,12807.390625
P05362,26485.005859375
P05392,12807.390625
P05394,12807.390625
P05408,12807.390625
P05441,12807.390625
P05443,26485.005859375
P05455,12807.390625
P05460,12807.390625
P05537,12807.390625
P05556,26485.005859375
P05558,26485.005859375
P05704,12807.390625
P05705,12807.390625
P05712,12807.390625
P05716,12807.390625
P05762,26485.005859375
P05768,26485.005859375
P05797,12807.390625
P05801,12807.390625
P05805,12807.390625
P05812,12807.390625
P05838,12807.390625
P05864,26485.005859375
P05907,95104.890625
P05944,12807.390625
P05949,449624.8125
P05951,12807.390625
P05968,26485.005859375
P05977,26485.005859375
P06069,26485.005859375
P06079,26485.005859375
P06086,12807.390625
P06087,12807.390625
P06088,12807.390625
P06145,94431.53125
P06151,12687.65234375
P06159,26485.005859375
P06170,94431.53125
P06171,12687.65234375
P06187,12807.390625
P06201,26485.005859375
P06230,26485.005859375
P06236,12807.390625
P06273,12807.390625
P06343,26485.005859375
P06344,26485.005859375
P06352,12807.390625
P06376,91167.46875
P06378,33251.5625
P06379,12807.390625
P06380,33251.5625
P06383,95752.1328125
P06385,12807.390625
P06386,12943.04296875
P06387,12943.04296875
P06388,12943.04296875
P06399,12807.390625
P06402,33251.5625
P06403,77720.0625
P06404,33251.5625
P06405,33251.5625
P06408,33251.5625
P06411,12807.390625
P06413,12807.390625
P06416,12807.390625
P06418,12807.390625
P06420,12807.390625
P06421,12807.390625
P06423,12807.390625
P06428,12807.390625
P06430,12807.390625
P06447,12687.65234375
P06448,12687.65234375
P06573,12687.65234375
P06870,13173.3046875
P07133,33251.5625
P07139,33251.5625
P07154,91167.46875
P07158,91167.46875
P07159,33251.5625
P07160,77720.0625
P07257,33251.5625
P07259,33251.5625
P07293,33251.5625
P07294,33251.5625
P07298,12807.390625
P07299,12807.390625
P07506,12807.390625
P07544,77720.0625
P07546,77720.0625
P07547,12807.390625
P07555,82304.7265625
P07556,12807.390625
P07559,82304.7265625
P07568,33251.5625
P07573,77720.0625
P07576,33251.5625
P07578,33251.5625
P07580,12807.390625
P07583,12807.390625
P07589,77720.0625
P07590,77720.0625
P07595,33251.5625
P07598,12807.390625
P07599,95752.1328125
P07600,82304.7265625
P07601,77720.0625
P07617,12807.390625
P07619,77720.0625
P07623,82304.7265625
P07625,77720.0625
P07627,33251.5625
P07633,33251.5625
P07640,12807.390625
P07641,33251.5625
P07645,95752.1328125
P07646,91167.46875
P07655,12807.390625
P07656,33251.5625
P07657,12807.390625
P07683,91167.46875
P07684,95752.1328125
P07692,12943.04296875
P07694,12943.04296875
P07696,12807.390625
P07698,12943.04296875
P07702,12943.04296875
P07708,77720.0625
P07709,77720.0625
P07776,12687.65234375
P07777,12687.65234375
P07778,12807.390625
P07780,106148.828125
P07783,12687.65234375
P07784,82304.7265625
P07790,12687.65234375
P07994,12687.65234375
P07996,12687.65234375
P07997,12687.65234375
P07998,12687.65234375
P08000,33251.5625
P08005,12687.65234375
P08006,33251.5625
P08009,33251.5625
P08012,33251.5625
P08014,33251.5625
P08171,33251.5625
P08172,33251.5625
P08181,95752.1328125
P08187,95752.1328125
P08188,12807.390625
P08189,95752.1328125
P08191,12807.390625
P08194,12807.390625
P08196,12807.390625
P08200,77720.0625
P08201,91167.46875
P08203,12807.390625
P08217,12687.65234375
P08222,12807.390625
P08225,12807.390625
P08241,77720.0625
P08242,12807.390625
P08243,12807.390625
P08281,33251.5625
P08320,12807.390625
P08322,77720.0625
P08338,95752.1328125
P08340,82304.7265625
P08344,12943.04296875
P08346,12807.390625
P08348,12687.65234375
P08350,12687.65234375
P08353,82304.7265625
P08356,33251.5625
P08357,12687.65234375
P08359,95752.1328125
P08363,12943.04296875
P08364,12807.390625
P08365,12943.04296875
P08367,12687.65234375
P08368,33251.5625
P08369,12687.65234375
P08374,95752.1328125
P08379,33251.5625
P08380,33251.5625
P08383,12687.65234375
P08387,33251.5625
P08388,33251.5625
P08390,33251.5625
P08392,33251.5625
P08396,12687.65234375
P08399,77720.0625
P08400,12687.65234375
P08401,12687.65234375
P08404,77720.0625
P08405,12807.390625
P08406,12807.390625
P08408,12807.390625
P08411,33251.5625
P08412,33251.5625
P08446,91167.46875
P08448,77720.0625
P08450,95752.1328125
P08463,12807.390625
P08476,12687.65234375
P08481,12687.65234375
P08489,12807.390625
P08501,12687.65234375
P08502,12687.65234375
P08524,12807.390625
P08526,12943.04296875
P08527,12943.04296875
P08587,12807.390625
P08593,77720.0625
P08602,12807.390625
P08604,82304.7265625
P08609,33251.5625
P08615,91167.46875
P08616,82304.7265625
P08617,91167.46875
P08620,82304.7265625
P08624,12943.04296875
P08625,12943.04296875
P08626,33251.5625
P08633,12943.04296875
P08639,12943.04296875
P08641,91167.46875
P08644,77720.0625
P08648,77720.0625
P08650,12687.65234375
P08655,12687.65234375
P08656,91167.46875
P08657,12807.390625
P08659,12687.65234375
P08660,12807.390625
P08749,12687.65234375
P08785,12687.65234375
P08789,12687.65234375
P08792,12687.65234375
P08793,77720.0625
P08796,12687.65234375
P08797,12687.65234375
P08801,12687.65234375
P08803,12687.65234375
P08804,12687.65234375
P08805,12687.65234375
P08807,12687.65234375
P08809,12687.65234375
P08810,12807.390625
P08812,12807.390625
P08815,12687.65234375
P08816,12687.65234375
P08817,12807.390625
P08820,12687.65234375
P08821,12687.65234375
P08822,12687.65234375
P08828,12687.65234375
P08829,12807.390625
P08830,12807.390625
P08831,12807.390625
P08832,91167.46875
P08834,77720.0625
P08835,77720.0625
P08837,82304.7265625
P08842,12687.65234375
P08843,12687.65234375
P08844,12807.390625
P08847,95752.1328125
P08849,77720.0625
P08850,12687.65234375
P08851,12687.65234375
P08852,12687.65234375
P08853,12687.65234375
P08856,12807.390625
P08859,12807.390625
P08998,12687.65234375
P08999,12687.65234375
P09002,12687.65234375
P09004,12687.65234375
P09009,12687.65234375
P09030,12687.65234375
P09031,12687.65234375
P09033,12687.65234375
P09034,12687.65234375
P09036,12687.65234375
P09037,12687.65234375
P09038,12687.65234375
P09040,12687.65234375
P09053,12807.390625
P09055,95752.1328125
P09056,95752.1328125
P09058,82304.7265625
P09060,82304.7265625
P09061,12943.04296875
P09074,12807.390625
P09077,12943.04296875
P09078,12943.04296875
P09080,12943.04296875
P09082,12943.04296875
P09085,12943.04296875
P09088,12943.04296875
P09089,12807.390625
P09094,12807.390625
P09097,12807.390625
P09099,12807.390625
P09101,12807.390625
P09104,12807.390625
P09107,95752.1328125
P09112,33251.5625
P09114,91167.46875
P09115,95752.1328125
P09116,91167.46875
P09120,12807.390625
P09121,12807.390625
P09126,77720.0625
P09138,91167.46875
P09141,91167.46875
P09145,33251.5625
P09146,33251.5625
P09173,12807.390625
P09194,12807.390625
P09196,12807.390625
P09197,33251.5625
P09202,12807.390625
P09203,33251.5625
P09210,12807.390625
P09346,12687.65234375
P09353,12687.65234375
P09359,12687.65234375
P09362,12687.65234375
P09368,33251.5625
P09373,12687.65234375
P09375,12807.390625
P09377,12687.65234375
P09378,12807.390625
P09379,12687.65234375
P09382,12807.390625
P09384,12807.390625
P09385,12687.65234375
P09386,12687.65234375
P09388,12807.390625
P09389,12807.390625
P09390,12807.390625
P09391,95752.1328125
P09393,33251.5625
P09395,33251.5625
P09396,33251.5625
P09398,91167.46875
P09399,12807.390625
P09400,95752.1328125
P09401,33251.5625
P09449,33251.5625
P09450,33251.5625
P09452,33251.5625
P09453,12687.65234375
P09454,12687.65234375
P09455,33251.5625
P09457,12687.65234375
P09458,12687.65234375
P09460,12687.65234375
P09461,12687.65234375
P09464,12807.390625
P09465,12807.390625
P09473,33251.5625
P09474,33251.5625
P09477,33251.5625
P09479,33251.5625
P09482,33251.5625
P09484,82304.7265625
P09487,12687.65234375
P09488,12687.65234375
P09489,91167.46875
P09493,12687.65234375
P09495,12687.65234375
P09496,12687.65234375
P09500,12687.65234375
P09501,12687.65234375
P09505,12687.65234375
P09506,12687.65234375
P09507,12687.65234375
P09509,12687.65234375
P09510,12687.65234375
P09519,12687.65234375
P09522,12687.65234375
P09524,12687.65234375
P09526,12687.65234375
P09527,12687.65234375
P09529,12687.65234375
P09530,12687.65234375
P09533,12687.65234375
P09534,12687.65234375
P09538,12687.65234375
P09541,12687.65234375
P09542,12687.65234375
P09543,12687.65234375
P09546,12687.65234375
P09565,12687.65234375
P09567,82304.7265625
P09570,12687.65234375
P09571,12687.65234375
P09590,12687.65234375
P09591,12687.65234375
P09592,12687.65234375
P09593,12687.65234375
P09595,95752.1328125
P09596,33251.5625
P09597,33251.5625
P09602,33251.5625
P09603,12807.390625
P09604,12807.390625
P09606,12807.390625
P09609,12687.65234375
P09612,33251.5625
P09614,33251.5625
P09615,12687.65234375
P09616,33251.5625
P09617,33251.5625
P09620,33251.5625
P09621,12687.65234375
P09624,12687.65234375
P09824,12807.390625
P09906,12807.390625
P09909,12807.390625
P09910,12807.390625
P09911,12807.390625
P09912,12807.390625
P09913,12807.390625
P09914,12807.390625
P09915,12807.390625
P09916,12807.390625
P09918,12807.390625
P09919,12807.390625
P09920,12807.390625
P09928,12807.390625
P09992,12807.390625
P09997,12807.390625
P09998,12807.390625
P10012,12807.390625
P10014,12807.390625
P10017,12807.390625
P10018,12807.390625
P10019,12807.390625
P10020,12807.390625
P10023,12807.390625
P10028,12807.390625
P10029,12807.390625
P10030,12807.390625
P10036,12807.390625
P10037,12807.390625
P10040,12807.390625
P10156,12807.390625
P10176,12807.390625
P10213,48198.515625
P10215,48198.515625
P10216,48198.515625
P10220,48198.515625
P10221,48198.515625
P10366,12807.390625
P10393,12807.390625
P10394,12807.390625
P10404,12807.390625
P10405,12807.390625
P10426,12807.390625
P10431,12807.390625
P10432,12807.390625
P10434,12807.390625
P10435,12807.390625
P10437,12807.390625
P10449,12807.390625
P10531,12807.390625
P10628,12807.390625
P10629,12807.390625
P10630,12807.390625
P10632,12807.390625
P10637,12807.390625
P10666,167006.765625
P10670,12807.390625
P10673,12807.390625
P10680,12807.390625
P10681,12807.390625
P10682,12807.390625
P10684,12807.390625
P10685,12807.390625
P10690,12807.390625
P10691,12807.390625
P10692,12807.390625
P10704,12807.390625
P10715,12807.390625
P10734,40661.3359375
P10735,12807.390625
P10736,12807.390625
P10744,40661.3359375
P10745,40661.3359375
P10767,12807.390625
P10775,12807.390625
P10777,12807.390625
P10778,12807.390625
P10780,12807.390625
P10782,12807.390625
P10783,12807.390625
P10784,12807.390625
P10785,12807.390625
P10786,12807.390625
P10791,12807.390625
P10793,12807.390625
P10797,12807.390625
P11065,12807.390625
P11086,12807.390625
P11117,48198.515625
P11171,12807.390625
P11233,12807.390625
P11236,12807.390625
P11241,12807.390625
P11246,12807.390625
P11248,12807.390625
P11249,12807.390625
P11252,12807.390625
P11255,12807.390625
P11256,12807.390625
P11259,12807.390625
P11260,12807.390625
P11263,12807.390625
P11287,12807.390625
P11290,12807.390625
P11292,123288.3359375
P11293,141012.265625
P11297,12807.390625
P11318,12807.390625
P11323,12807.390625
P11326,12807.390625
P11328,12807.390625
P11330,12807.390625
P11331,12807.390625
P11333,12807.390625
P11336,12807.390625
P11337,12807.390625
P11338,12807.390625
P11422,12807.390625
P11507,12807.390625
P11508,12807.390625
P11513,12807.390625
P11518,12807.390625
P11520,12807.390625
P11568,40661.3359375
P11588,48198.515625
P11683,12807.390625
P11702,12807.390625
P11765,12807.390625
P11766,12807.390625
P11774,12807.390625
P11777,12807.390625
P11779,12807.390625
P11780,12807.390625
P11782,12807.390625
P11783,12807.390625
P11787,12807.390625
P11788,12807.390625
P11789,12807.390625
P11790,12807.390625
P11792,12807.390625
P11794,12807.390625
P11796,12807.390625
P11797,12807.390625
P11799,12807.390625
P11800,12807.390625
P11802,12807.390625
P11806,12807.390625
P11807,12807.390625
P11810,12807.390625
P11812,12807.390625
P11814,12807.390625
P11815,12807.390625
P11824,12807.390625
P11825,12807.390625
P11828,12807.390625
P11829,12807.390625
P11830,12807.390625
P11846,12807.390625
P11847,12807.390625
P11854,12807.390625
P11865,12807.390625
P11868,12807.390625
P11870,12807.390625
P11871,12807.390625
P12023,40661.3359375
P12101,48198.515625
P12102,48198.515625
P12104,12807.390625
P12107,48198.515625
P12108,48198.515625
P12109,40661.3359375
P12116,12807.390625
P12136,48198.515625
P12171,12807.390625
P12180,12807.390625
P12212,12807.390625
P12213,12807.390625
P12214,12807.390625
P12215,12807.390625
P12216,12807.390625
P12218,12807.390625
P12230,12807.390625
P12233,12807.390625
P12236,12807.390625
P12237,12807.390625
P12238,12807.390625
P12240,12807.390625
P12242,12807.390625
P12243,12807.390625
P12244,136053.671875
P12318,141777.921875
P12382,12807.390625
P12439,12807.390625
P12440,204050.09375
P12444,12807.390625
P12445,167006.765625
P12450,12807.390625
P12453,12807.390625
P12459,12807.390625
P12462,12807.390625
P12463,12807.390625
P12466,12807.390625
P12469,12807.390625
P12473,12807.390625
P12478,12807.390625
P12482,12807.390625
P12488,12807.390625
P12498,12807.390625
P12510,12807.390625
P12513,12807.390625
P12520,12807.390625
P12522,12807.390625
P12523,12807.390625
P12531,12807.390625
P12534,12807.390625
P12535,12807.390625
P12537,12807.390625
P12540,12807.390625
P12542,12807.390625
P12553,12807.390625
P12555,12807.390625
P12557,12807.390625
P12564,12807.390625
P12566,12807.390625
P12571,12807.390625
P12572,12807.390625
P12573,12807.390625
P12575,12807.390625
P12576,12807.390625
P12577,12807.390625
P12578,12807.390625
P12647,12807.390625
P12650,12807.390625
P12671,167006.765625
P12719,12807.390625
P12784,12807.390625
P12828,12807.390625
P12926,12807.390625
P13011,12807.390625
P13013,12807.390625
P13041,40661.3359375
P13050,12807.390625
P13055,12807.390625
P13059,12807.390625
P13094,12807.390625
P13097,12807.390625
P13098,12807.390625
P13193,129012.5546875
P13222,12807.390625
P13227,12807.390625
P13459,12807.390625
P13531,28624.30859375
P13647,12807.390625
P13654,12807.390625
P13664,12807.390625
P13666,12807.390625
P13667,12807.390625
P13668,12807.390625
P13670,12807.390625
P13672,12807.390625
P13673,12807.390625
P13674,12807.390625
P13686,12807.390625
P13687,12807.390625
P13688,12807.390625
P13689,12807.390625
P13690,12807.390625
P13692,12807.390625
P13695,12807.390625
P13697,12807.390625
P13782,40661.3359375
P13792,40661.3359375
P13867,12807.390625
P13868,12807.390625
P13889,12807.390625
P13890,12807.390625
P13901,12807.390625
P13909,12807.390625
P13910,12807.390625
P13915,12807.390625
P13932,12807.390625
P13933,12807.390625
P13934,12807.390625
P13948,12807.390625
P14010,129012.5546875
P14011,136549.734375
P14012,12807.390625
P14014,129012.5546875
P14018,12807.390625
P14020,12807.390625
P14021,12807.390625
P14025,12807.390625
P14026,12807.390625
P14027,12807.390625
P14029,12807.390625
P14030,12807.390625
P14089,12807.390625
P14092,12807.390625
P14123,146240.4375
P14142,12807.390625
P14410,12807.390625
P14411,12807.390625
P14414,12807.390625
P14682,12807.390625
P14684,12807.390625
P14737,48198.515625
P14745,12807.390625
P14785,12807.390625
P14813,12807.390625
P14816,12807.390625
P14821,12807.390625
P14840,12807.390625
P14853,12807.390625
P14854,12807.390625
P14856,12807.390625
P14876,12807.390625
P14878,12807.390625
P14880,12807.390625
P14887,12807.390625
P14890,12807.390625
P14893,12807.390625
P14898,12807.390625
P14906,12807.390625
P14920,12807.390625
P14921,12807.390625
P14922,12807.390625
P14925,12807.390625
P14927,12807.390625
P14929,12807.390625
P15034,12807.390625
P15035,12807.390625
P15037,12807.390625
P15038,12807.390625
P15040,12807.390625
P15050,12807.390625
P15051,12807.390625
P15175,12807.390625
P15176,12807.390625
P15177,12807.390625
P15183,12807.390625
P15188,12807.390625
P15191,12807.390625
P15192,12807.390625
P15196,12807.390625
P15197,12807.390625
P15203,12807.390625
P15204,12807.390625
P15205,12807.390625
P15206,12807.390625
P15209,12807.390625
P15210,12807.390625
P15213,12807.390625
P15216,130825.5234375
P15218,12807.390625
P15221,141012.265625
P15222,12807.390625
P15226,12807.390625
P15228,12807.390625
P15229,12807.390625
P15233,12807.390625
P15235,12807.390625
P15240,12807.390625
P15313,12807.390625
P15314,12807.390625
P15320,12807.390625
P15324,12807.390625
P15326,12807.390625
P15333,12807.390625
P15335,12807.390625
P15337,12807.390625
P15338,167006.765625
P15355,12807.390625
P15377,12807.390625
P15414,12807.390625
P15446,48198.515625
P15551,12807.390625
P15707,12807.390625
P15708,12807.390625
P15709,12807.390625
P15722,48198.515625
P15723,48198.515625
P15724,48198.515625
P15798,146736.5
P15824,12807.390625
P15856,12807.390625
P15858,12807.390625
P15859,12807.390625
P15886,12807.390625
P15890,12807.390625
P15891,12807.390625
P15897,12807.390625
P15898,12807.390625
P15907,12807.390625
P15909,12807.390625
P15910,12807.390625
P15924,12807.390625
P15925,12807.390625
P15926,12807.390625
P15927,12807.390625
P15970,12807.390625
P16070,12807.390625
P16090,12807.390625
P16097,12807.390625
P16158,12807.390625
P16161,12807.390625
P16162,12807.390625
P16163,12807.390625
P16164,12807.390625
P16169,12807.390625
P16170,12807.390625
P16171,12807.390625
P16173,12807.390625
P16175,12807.390625
P16176,12807.390625
P16177,12807.390625
P16178,12807.390625
P16179,12807.390625
P16181,12807.390625
P16183,12807.390625
P16185,12807.390625
P16186,12807.390625
P16187,12807.390625
P16188,12807.390625
P16190,12807.390625
P16193,12807.390625
P16314,12807.390625
P16315,12807.390625
P16392,12807.390625
P16415,12807.390625
P16491,151964.671875
P16493,151964.671875
P16494,151964.671875
P16495,151964.671875
P16496,12807.390625
P16498,12807.390625
P16500,12807.390625
P16501,12807.390625
P16503,12807.390625
P16504,12807.390625
P16506,12807.390625
P16507,12807.390625
P16516,12807.390625
P16517,12807.390625
P16519,12807.390625
P16520,12807.390625
P16521,12807.390625
P16522,12807.390625
P16524,12807.390625
P16525,12807.390625
P16526,12807.390625
P16528,12807.390625
P16529,12807.390625
P16530,12807.390625
P16534,133475.09375
P16540,12807.390625
P16542,12807.390625
P16544,12807.390625
P16545,12807.390625
P16546,12807.390625
P16548,12807.390625
P16550,12807.390625
P16552,12807.390625
P16558,141777.921875
P16565,12807.390625
P16566,12807.390625
P16569,12807.390625
P16570,12807.390625
P16571,141777.921875
P16573,12807.390625
P16574,12807.390625
P16611,12807.390625
P16643,12807.390625
P16660,12807.390625
P16661,12807.390625
P16687,40661.3359375
P16734,12807.390625
P16735,12807.390625
P16736,12807.390625
P16744,12807.390625
P16750,12807.390625
P16751,12807.390625
P16752,12807.390625
P16753,12807.390625
P16756,12807.390625
P16757,12807.390625
P16758,12807.390625
P16762,12807.390625
P16763,12807.390625
P16787,12807.390625
P16788,12807.390625
P16789,12807.390625
P16832,12807.390625
P16834,12807.390625
P16867,301039.75
P16893,12807.390625
P17133,12807.390625
P17136,12807.390625
P17137,12807.390625
P17147,12807.390625
P17148,12807.390625
P17149,12807.390625
P17150,12807.390625
P17154,12807.390625
P17246,12807.390625
P17248,12807.390625
P17249,12807.390625
P17255,12807.390625
P17256,12807.390625
P17257,12807.390625
P17258,12807.390625
P17261,12807.390625
P17262,12807.390625
P17264,12807.390625
P17265,12807.390625
P17278,12807.390625
P17287,12807.390625
P17306,12807.390625
P17308,12807.390625
P17309,12807.390625
P17313,12807.390625
P17314,12807.390625
P17315,12807.390625
P17317,12807.390625
P17319,12807.390625
P17323,12807.390625
P17324,12807.390625
P17325,12807.390625
P17415,12807.390625
P17422,12807.390625
P17424,12807.390625
P17442,12807.390625
P17444,12807.390625
P17447,12807.390625
P17448,12807.390625
P17479,12807.390625
P17482,12807.390625
P17483,12807.390625
P17486,12807.390625
P17501,12807.390625
P17502,12807.390625
P17503,12807.390625
P17504,12807.390625
P17508,12807.390625
P17518,12807.390625
P17521,12807.390625
P17523,12807.390625
P17527,12807.390625
P17530,12807.390625
P17539,12807.390625
P17540,12807.390625
P17542,12807.390625
P17562,48198.515625
P17660,12807.390625
P17829,12807.390625
P17855,12807.390625
P17856,12807.390625
P17857,12807.390625
P17927,12807.390625
P17934,12807.390625
P17964,12807.390625
P17974,12807.390625
P17993,12807.390625
P18049,12807.390625
P18051,12807.390625
P18053,12807.390625
P18054,12807.390625
P18061,12807.390625
P18063,12807.390625
P18065,12807.390625
P18123,12807.390625
P18127,12807.390625
P18128,308368.375
P18156,12807.390625
P18157,12807.390625
P18159,12807.390625
P18161,12807.390625
P18191,12807.390625
P18194,12807.390625
P18195,12807.390625
P18211,12807.390625
P18217,12807.390625
P18225,12807.390625
P18227,12807.390625
P18231,12807.390625
P18253,12807.390625
P18258,12807.390625
P18259,12807.390625
P18261,12807.390625
P18262,12807.390625
P18279,12807.390625
P18281,12807.390625
P18296,12807.390625
P18300,12807.390625
P18434,12807.390625
P18460,12807.390625
P18519,12807.390625
P18522,12807.390625
P18557,12807.390625
P18558,12807.390625
P18650,12807.390625
P18651,12807.390625
P18654,12807.390625
P18655,12807.390625
P18656,12807.390625
P18731,12807.390625
P18735,12807.390625
P18739,12807.390625
P18749,12807.390625
P18752,12807.390625
P18755,12807.390625
P18769,12807.390625
P18771,12807.390625
P18796,12807.390625
P19035,12807.390625
P19037,12807.390625
P19038,12807.390625
P19041,12807.390625
P19052,48198.515625
P19124,12807.390625
P19250,12807.390625
P19252,12807.390625
P19253,12807.390625
P19265,12807.390625
P19282,12807.390625
P19573,12807.390625
P19574,12807.390625
P19590,12807.390625
P19599,12807.390625
P19630,12807.390625
P19680,134240.71875
P19684,151964.671875
P19685,12807.390625
P19686,12807.390625
P19696,12807.390625
P19697,178821.25
P19699,12807.390625
P19701,151964.671875
P19703,12807.390625
P19715,12807.390625
P19720,12807.390625
P19773,12807.390625
P19812,12807.390625
P19813,12807.390625
P19814,12807.390625
P19851,12807.390625
P19856,12807.390625
P19860,12807.390625
P19861,151964.671875
P19864,12807.390625
P19865,12807.390625
P19866,12807.390625
P19867,12807.390625
P19868,12807.390625
P19891,12807.390625
P19894,12807.390625
P19897,12807.390625
P19899,12807.390625
P19905,12807.390625
P19906,12807.390625
P19907,12807.390625
P19908,12807.390625
P19911,12807.390625
P19913,12807.390625
P19915,12807.390625
P19916,12807.390625
P19920,12807.390625
P19925,12807.390625
P19926,12807.390625
P19928,12807.390625
P19938,12807.390625
P19941,12807.390625
P19954,12807.390625
P19955,12807.390625
P19979,12807.390625
P20002,12807.390625
P20004,12807.390625
P20007,12807.390625
P20010,12807.390625
P20022,12807.390625
P20026,12807.390625
P20036,12807.390625
P20040,12807.390625
P20041,12807.390625
P20042,12807.390625
P20047,12807.390625
P20048,12807.390625
P20049,12807.390625
P20050,12807.390625
P20053,12807.390625
P20066,12807.390625
P20068,12807.390625
P20129,12807.390625
P20136,12807.390625
P20141,12807.390625
P20142,12807.390625
P20144,12807.390625
P20212,12807.390625
P20213,12807.390625
P20215,12807.390625
P20218,12807.390625
P20219,12807.390625
P20220,12807.390625
P20221,12807.390625
P20243,12807.390625
P20244,12807.390625
P20247,12807.390625
P20251,12807.390625
P20260,12807.390625
P20267,12807.390625
P20269,12807.390625
P20270,12807.390625
P20272,12807.390625
P20274,12807.390625
P20307,584125.75
P20311,12807.390625
P20312,12807.390625
P20315,12807.390625
P20318,12807.390625
P20368,12807.390625
P20387,12807.390625
P20436,12807.390625
P20527,12807.390625
P20546,12807.390625
P20665,12807.390625
P20666,12807.390625
P20695,12807.390625
P20725,12807.390625
P20726,12807.390625
P20766,12807.390625
P20786,12807.390625
P20848,12807.390625
P20849,12807.390625
P20855,12807.390625
P21016,12807.390625
P21021,12807.390625
P21059,48198.515625
P21112,12807.390625
P21118,12807.390625
P21123,12807.390625
P21145,12807.390625
P21150,12807.390625
P21151,12807.390625
P21160,12807.390625
P21168,12807.390625
P21169,12807.390625
P21172,12807.390625
P21174,12807.390625
P21179,12807.390625
P21183,12807.390625
P21185,12807.390625
P21186,12807.390625
P21193,12807.390625
P21231,12807.390625
P21243,12807.390625
P21247,12807.390625
P21249,12807.390625
P21253,12807.390625
P21256,12807.390625
P21283,12807.390625
P21308,12807.390625
P21364,40661.3359375
P21379,12807.390625
P21381,12807.390625
P21384,12807.390625
P21388,12807.390625
P21392,12807.390625
P21393,169656.328125
P21680,12807.390625
P21715,12807.390625
P21921,12807.390625
P21930,12807.390625
P21959,12807.390625
P21960,12807.390625
P21961,12807.390625
P21962,12807.390625
P21963,584125.75
P21979,12807.390625
P21988,12807.390625
P21989,12807.390625
P21990,12807.390625
P21991,12807.390625
P21992,12807.390625
P21993,12807.390625
P22000,12807.390625
P22001,12807.390625
P22003,12807.390625
P22004,12807.390625
P22005,12807.390625
P22006,12807.390625
P22007,12807.390625
P22009,12807.390625
P22013,12807.390625
P22066,12807.390625
P22067,12807.390625
P22070,12807.390625
P22103,12807.390625
P22104,12807.390625
P22109,12807.390625
P22117,12807.390625
P22119,12807.390625
P22122,12807.390625
P22124,12807.390625
P22126,12807.390625
P22128,12807.390625
P22139,12807.390625
P22141,12807.390625
P22143,12807.390625
P22145,12807.390625
P22148,12807.390625
P22149,12807.390625
P22161,12807.390625
P22163,12807.390625
P22164,12807.390625
P22168,12807.390625
P22193,12807.390625
P22202,12807.390625
P22205,12807.390625
P22227,12807.390625
P22259,12807.390625
P22264,12807.390625
P22265,12807.390625
P22289,12807.390625
P22291,12807.390625
P22293,12807.390625
P22315,12807.390625
P22318,12807.390625
P22321,12807.390625
P22323,12807.390625
P22324,12807.390625
P22327,12807.390625
P22331,12807.390625
P22334,12807.390625
P22338,12807.390625
P22339,576588.625
P22342,12807.390625
P22343,427225.71875
P22346,12807.390625
P22350,12807.390625
P22351,12807.390625
P22352,12807.390625
P22354,12807.390625
P22355,12807.390625
P22356,12807.390625
P22357,12807.390625
P22358,12807.390625
P22359,12807.390625
P22360,12807.390625
P22361,12807.390625
P22364,12807.390625
P22368,12807.390625
P22369,12807.390625
P22372,12807.390625
P22373,12807.390625
P22375,12807.390625
P22380,12807.390625
P22383,12807.390625
P22384,12807.390625
P22388,12807.390625
P22389,12807.390625
P22390,12807.390625
P22391,12807.390625
P22392,12807.390625
P22393,12807.390625
P22394,12807.390625
P22395,12807.390625
P22401,12807.390625
P22403,12807.390625
P22437,12807.390625
P22443,12807.390625
P22452,12807.390625
P22455,12807.390625
P22457,12807.390625
P22458,12807.390625
P22460,12807.390625
P22467,12807.390625
P22468,12807.390625
P22470,12807.390625
P22471,12807.390625
P22472,12807.390625
P22480,12807.390625
P22484,12807.390625
P22485,12807.390625
P22488,12807.390625
P22489,12807.390625
P22491,139199.3125
P22521,12807.390625
P22540,12807.390625
P22543,12807.390625
P22555,12807.390625
P22557,12807.390625
P22564,12807.390625
P22654,12807.390625
P22655,12807.390625
P22659,12807.390625
P22660,12807.390625
P22661,12807.390625
P22675,196512.90625
P22682,12807.390625
P22689,12807.390625
P22698,12807.390625
P23013,12807.390625
P23099,12807.390625
P23100,12807.390625
P23104,12807.390625
P23107,12807.390625
P23110,12807.390625
P23327,12807.390625
P23329,12807.390625
P23346,12807.390625
P23351,12807.390625
P23361,12807.390625
P23364,12807.390625
P23366,12807.390625
P23367,12807.390625
P23376,12807.390625
P23385,12807.390625
P23387,12807.390625
P23390,12807.390625
P23396,12807.390625
P23399,12807.390625
P23408,12807.390625
P23418,12807.390625
P23456,12807.390625
P23545,12807.390625
P23549,12807.390625
P23560,12807.390625
P23750,12807.390625
P23757,12807.390625
P23758,12807.390625
P23759,12807.390625
P23783,12807.390625
P23784,12807.390625
P23785,12807.390625
P23797,12807.390625
P23800,12807.390625
P23802,12807.390625
P23806,12807.390625
P23807,12807.390625
P23808,12807.390625
P23814,12807.390625
P23819,12807.390625
P23820,12807.390625
P23822,12807.390625
P23857,12807.390625
P23864,12807.390625
P23865,12807.390625
P23866,12807.390625
P23883,12807.390625
P23884,12807.390625
P23886,12807.390625
P23890,12807.390625
P23904,12807.390625
P23905,12807.390625
P23910,12807.390625
P23911,12807.390625
P23913,12807.390625
P23962,12807.390625
P23965,12807.390625
P23966,12807.390625
P23967,12807.390625
P23972,12807.390625
P23978,12807.390625
P23982,12807.390625
P23983,12807.390625
P23984,12807.390625
P23986,12807.390625
P23993,12807.390625
P24000,12807.390625
P24002,12807.390625
P24012,12807.390625
P24014,12807.390625
P24027,12807.390625
P24030,12807.390625
P24196,12807.390625
P24197,12807.390625
P24213,12807.390625
P24214,12807.390625
P24216,12807.390625
P24278,12807.390625
P24530,12807.390625
P24539,12807.390625
P24750,12807.390625
P24754,12807.390625
P24757,12807.390625
P24759,12807.390625
P24760,12807.390625
P24764,12807.390625
P24765,12807.390625
P24766,12807.390625
P24768,12807.390625
P24769,12807.390625
P24776,12807.390625
P24792,12807.390625
P24795,12807.390625
P24807,12807.390625
P24809,12807.390625
P24810,12807.390625
P24813,12807.390625
P24819,152495.140625
P24823,12807.390625
P24826,12807.390625
P24837,12807.390625
P24838,12807.390625
P24839,12807.390625
P24842,12807.390625
P24843,12807.390625
P24844,12807.390625
P24891,12807.390625
P24893,12807.390625
P24894,12807.390625
P24896,12807.390625
P24897,12807.390625
P24899,12807.390625
P24901,12807.390625
P24902,12807.390625
P24905,12807.390625
P24907,12807.390625
P24908,12807.390625
P24909,12807.390625
P24919,139199.3125
P24921,12807.390625
P24923,12807.390625
P24934,12807.390625
P24945,12807.390625
P24948,12807.390625
P24949,134240.71875
P24951,12807.390625
P24952,12807.390625
P24953,12807.390625
P24954,12807.390625
P24956,12807.390625
P24961,12807.390625
P24962,12807.390625
P25145,12807.390625
P25149,12807.390625
P25150,12807.390625
P25151,12807.390625
P25152,12807.390625
P25153,12807.390625
P25155,12807.390625
P25156,12807.390625
P25157,12807.390625
P25158,12807.390625
P25159,12807.390625
P25160,12807.390625
P25163,12807.390625
P25164,12807.390625
P25166,12807.390625
P25167,12807.390625
P25168,12807.390625
P25188,12807.390625
P25190,12807.390625
P25192,12807.390625
P25194,12807.390625
P25196,12807.390625
P25211,12807.390625
P25214,12807.390625
P25216,12807.390625
P25217,12807.390625
P25235,12807.390625
P25237,12807.390625
P25241,12807.390625
P25242,12807.390625
P25244,12807.390625
P25246,12807.390625
P25252,12807.390625
P25253,12807.390625
P25254,12807.390625
P25255,12807.390625
P25256,12807.390625
P25259,12807.390625
P25264,12807.390625
P25266,12807.390625
P25267,12807.390625
P25268,12807.390625
P25270,12807.390625
P25271,12807.390625
P25272,12807.390625
P25379,12807.390625
P25380,12807.390625
P25383,12807.390625
P25410,12807.390625
P25411,12807.390625
P25412,12807.390625
P25413,12807.390625
P25414,12807.390625
P25416,12807.390625
P25417,12807.390625
P25421,12807.390625
P25427,12807.390625
P25428,12807.390625
P25429,12807.390625
P25432,12807.390625
P25433,12807.390625
P25435,12807.390625
P25436,12807.390625
P25439,12807.390625
P25441,12807.390625
P25443,12807.390625
P25445,12807.390625
P25453,12807.390625
P25454,12807.390625
P25462,12807.390625
P25463,12807.390625
P25464,12807.390625
P25465,12807.390625
P25470,12807.390625
P25476,12807.390625
P25478,12807.390625
P25479,12807.390625
P25674,12807.390625
P25676,12807.390625
P25725,12807.390625
P25742,12807.390625
P25921,12807.390625
P25923,12807.390625
P25925,12807.390625
P25947,12807.390625
P25985,12807.390625
P25986,12807.390625
P25987,12807.390625
P25989,12807.390625
P25990,12807.390625
P25993,12807.390625
P25994,12807.390625
P25995,12807.390625
P25999,12807.390625
P26116,12807.390625
P26132,12807.390625
P26134,12807.390625
P26135,12807.390625
P26136,12807.390625
P26137,12807.390625
P26167,12807.390625
P26168,12807.390625
P26169,12807.390625
P26172,12807.390625
P26178,12807.390625
P26181,12807.390625
P26182,12807.390625
P26196,12807.390625
P26373,12807.390625
P26377,12807.390625
P26378,12807.390625
P26392,12807.390625
P26394,12807.390625
P26398,12807.390625
P26399,12807.390625
P26407,12807.390625
P26408,12807.390625
P26413,12807.390625
P26414,12807.390625
P26415,12807.390625
P26420,12807.390625
P26423,12807.390625
P26429,12807.390625
P26431,12807.390625
P26433,12807.390625
P26446,12807.390625
P26479,169656.328125
P26610,12807.390625
P26611,12807.390625
P26612,12807.390625
P26616,12807.390625
P26617,12807.390625
P26621,12807.390625
P26622,12807.390625
P26623,12807.390625
P26624,12807.390625
P26625,12807.390625
P26626,12807.390625
P26627,12807.390625
P26628,12807.390625
P26629,12807.390625
P26631,12807.390625
P26632,12807.390625
P26633,12807.390625
P26634,12807.390625
P26637,12807.390625
P26638,12807.390625
P26643,12807.390625
P26644,12807.390625
P26645,12807.390625
P26646,152495.140625
P26648,152495.140625
P26651,12807.390625
P26652,12807.390625
P26654,12807.390625
P26655,12807.390625
P26659,12807.390625
P26662,12807.390625
P26663,12807.390625
P26667,12807.390625
P26671,12807.390625
P26675,12807.390625
P26677,12807.390625
P26678,12807.390625
P26680,12807.390625
P26681,12807.390625
P26685,12807.390625
P26687,12807.390625
P26689,12807.390625
P26694,12807.390625
P26697,123288.3359375
P26698,12807.390625
P26699,12807.390625
P26700,12807.390625
P26704,12807.390625
P26707,12807.390625
P26708,160797.953125
P26711,170984.71875
P26712,12807.390625
P26714,12807.390625
P26715,12807.390625
P26718,12807.390625
P26719,151964.671875
P26720,163447.515625
P26721,144427.484375
P26722,144427.484375
P26723,144427.484375
P26724,163447.515625
P26728,12807.390625
P26809,12807.390625
P26858,12807.390625
P26859,12807.390625
P26860,133475.09375
P26892,12807.390625
P27251,12807.390625
P27253,12807.390625
P27257,12807.390625
P27261,12807.390625
P27263,12807.390625
P27264,12807.390625
P27265,12807.390625
P27266,12807.390625
P27267,12807.390625
P27271,12807.390625
P27277,12807.390625
P27279,12807.390625
P27280,12807.390625
P27281,12807.390625
P27282,12807.390625
P27283,12807.390625
P27285,12807.390625
P27286,12807.390625
P27287,12807.390625
P27288,12807.390625
P27289,12807.390625
P27446,12807.390625
P27667,12807.390625
P27668,12807.390625
P27671,12807.390625
P27672,12807.390625
P27675,12807.390625
P27676,12807.390625
P27680,12807.390625
P27682,12807.390625
P27685,153260.765625
P27688,12807.390625
P27693,12807.390625
P27695,144427.484375
P27703,12807.390625
P27704,12807.390625
P27705,12807.390625
P27707,12807.390625
P27708,12807.390625
P27711,12807.390625
P27716,12807.390625
P27718,12807.390625
P27724,12807.390625
P27728,12807.390625
P27738,12807.390625
P27740,12807.390625
P27741,12807.390625
P27748,12807.390625
P27972,12807.390625
P28235,12807.390625
P28237,159469.578125
P28243,12807.390625
P28245,12807.390625
P28252,12807.390625
P28258,12807.390625
P28403,12807.390625
P28419,12807.390625
P28465,12807.390625
P28466,12807.390625
P28467,12807.390625
P28468,12807.390625
P28538,12807.390625
P28763,12807.390625
P28764,12807.390625
P28767,12807.390625
P28773,12807.390625
P28861,12807.390625
P28863,12807.390625
P28865,196512.90625
P28867,12807.390625
P28868,12807.390625
P28870,185075.9375
P28871,12807.390625
P28873,12807.390625
P28876,12807.390625
P28880,12807.390625
P28888,12807.390625
P28890,12807.390625
P28891,12807.390625
P28892,12807.390625
P28893,12807.390625
P28896,12807.390625
P28899,12807.390625
P28901,12807.390625
P28911,12807.390625
P28915,12807.390625
P28925,12807.390625
P28926,12807.390625
P28927,12807.390625
P28928,12807.390625
P28929,12807.390625
P28933,12807.390625
P28936,12807.390625
P28941,12807.390625
P28943,12807.390625
P29184,12807.390625
P29196,130825.5234375
P29198,12807.390625
P29199,12807.390625
P29200,12807.390625
P29202,12807.390625
P29203,12807.390625
P29208,12807.390625
P29209,12807.390625
P29210,12807.390625
P29213,12807.390625
P29215,12807.390625
P29216,12807.390625
P29219,12807.390625
P29221,12807.390625
P29231,12807.390625
P29233,12807.390625
P29235,12807.390625
P29307,12807.390625
P29346,12807.390625
P29353,12807.390625
P29355,12807.390625
P29356,12807.390625
P29357,12807.390625
P29358,12807.390625
P29359,12807.390625
P29360,12807.390625
P29361,12807.390625
P29364,12807.390625
P29365,12807.390625
P29368,12807.390625
P29369,12807.390625
P29370,12807.390625
P29371,12807.390625
P29376,12807.390625
P29381,12807.390625
P29383,12807.390625
P29389,12807.390625
P29390,12807.390625
P29579,12807.390625
P29580,12807.390625
P29581,12807.390625
P29583,12807.390625
P29584,12807.390625
P29585,12807.390625
P29628,12807.390625
P29632,12807.390625
P29653,12807.390625
P29654,12807.390625
P29657,12807.390625
P29710,12807.390625
P29726,151964.671875
P29727,151964.671875
P29728,12807.390625
P29748,12807.390625
P29750,12807.390625
P29751,12807.390625
P29786,12807.390625
P29787,12807.390625
P29788,12807.390625
P29789,12807.390625
P29790,12807.390625
P29791,12807.390625
P29882,12807.390625
P29887,12807.390625
P29915,40661.3359375
P30021,12807.390625
P30022,12807.390625
P30044,12807.390625
P30051,12807.390625
P30054,164697.75
P30329,12807.390625
P30336,12807.390625
P30446,12807.390625
P30580,12807.390625
P30581,12807.390625
P30582,12807.390625
P30584,12807.390625
P30585,12807.390625
P30761,12807.390625
P30768,12807.390625
P30836,12807.390625
P30964,40661.3359375
P31127,12807.390625
P31152,12807.390625
P31154,12807.390625
P31177,12807.390625
P31266,12807.390625
P31308,12807.390625
P31309,12807.390625
P31310,12807.390625
P31312,12807.390625
P31313,12807.390625
P31314,12807.390625
P31331,12807.390625
P31332,129012.5546875
P31333,12807.390625
P31340,166055.90625
P31341,136549.734375
P31342,12807.390625
P31343,12807.390625
P31346,12807.390625
P31349,129012.5546875
P31351,12807.390625
P31352,12807.390625
P31355,12807.390625
P31356,12807.390625
P31396,12807.390625
P31433,12807.390625
P31438,12807.390625
P31440,12807.390625
P31441,12807.390625
P31442,12807.390625
P31443,12807.390625
P31473,12807.390625
P31477,12807.390625
P31493,12807.390625
P31501,12807.390625
P31502,12807.390625
P31505,12807.390625
P31574,40661.3359375
P31578,40661.3359375
P31610,40661.3359375
P31611,40661.3359375
P31623,12807.390625
P31627,12807.390625
P31629,12807.390625
P31632,12807.390625
P31633,12807.390625
P31634,12807.390625
P31637,40661.3359375
P31640,12807.390625
P31642,40661.3359375
P31644,40661.3359375
P31647,12807.390625
P31680,40661.3359375
P31683,40661.3359375
P31684,40661.3359375
P31690,40661.3359375
P31830,12807.390625
P31832,12807.390625
P31833,12807.390625
P31835,12807.390625
P31836,12807.390625
P31837,12807.390625
P31838,12807.390625
P31839,12807.390625
P31840,12807.390625
P31841,12807.390625
P31844,12807.390625
P31846,12807.390625
P31847,12807.390625
P31849,12807.390625
P31850,12807.390625
P31853,12807.390625
P31854,12807.390625
P31855,12807.390625
P31858,12807.390625
P31860,12807.390625
P31869,12807.390625
P31873,12807.390625
P31874,12807.390625
P31876,12807.390625
P31877,12807.390625
P31878,12807.390625
P31879,12807.390625
P31881,12807.390625
P31883,12807.390625
P31885,12807.390625
P31887,12807.390625
P31888,12807.390625
P31891,12807.390625
P31894,139199.3125
P31895,129012.5546875
P31896,12807.390625
P31928,12807.390625
P31976,12807.390625
P32014,28624.30859375
P32065,12807.390625
P32126,12807.390625
P32564,40661.3359375
P32570,40661.3359375
P32581,12807.390625
P32625,12807.390625
P32901,12807.390625
P32918,12807.390625
P33013,12807.390625
P33017,12807.390625
P33089,12807.390625
P33191,12807.390625
P33395,12807.390625
P33532,12807.390625
P33533,12807.390625
P33534,12807.390625
P33681,12807.390625
P33682,12807.390625
P33683,12807.390625
P33704,12807.390625
P33943,48198.515625
P33945,48198.515625
P33971,13293.0439453125
P34002,12807.390625
P34078,12807.390625
P34082,12807.390625
P34083,12807.390625
P34087,12807.390625
P34088,12807.390625
P34090,12807.390625
P34091,12807.390625
P34094,12807.390625
P34095,12807.390625
P34096,12807.390625
P34100,12807.390625
P34101,12807.390625
P34102,12807.390625
P34103,12807.390625
P34104,12807.390625
P34105,12807.390625
P34106,12807.390625
P34107,12807.390625
P34108,12807.390625
P34109,12807.390625
P34110,12807.390625
P34112,12807.390625
P34113,12807.390625
P34115,12807.390625
P34117,12807.390625
P34119,12807.390625
P34120,12807.390625
P34124,12807.390625
P34125,12807.390625
P34126,12807.390625
P34127,12807.390625
P34128,12807.390625
P34130,12807.390625
P34133,12807.390625
P34134,12807.390625
P34135,12807.390625
P34137,12807.390625
P34138,12807.390625
P34140,12807.390625
P34149,12807.390625
P34150,12807.390625
P34151,12807.390625
P34152,12807.390625
P34156,12807.390625
P34157,12807.390625
P34158,12807.390625
P34161,12807.390625
P34164,12807.390625
P34165,12807.390625
P34166,12807.390625
P34167,12807.390625
P34168,12807.390625
P34173,12807.390625
P34179,12807.390625
P34180,12807.390625
P34181,12807.390625
P34182,12807.390625
P34183,12807.390625
P34184,12807.390625
P34185,12807.390625
P34186,12807.390625
P34188,12807.390625
P34191,12807.390625
P34193,12807.390625
P34194,12807.390625
P34196,12807.390625
P34197,12807.390625
P34198,12807.390625
P34201,12807.390625
P34205,12807.390625
P34208,12807.390625
P34209,12807.390625
P34210,12807.390625
P34211,12807.390625
P34212,12807.390625
P34213,12807.390625
P34214,12807.390625
P34216,12807.390625
P34217,12807.390625
P34219,12807.390625
P34220,12807.390625
P34222,12807.390625
P34223,12807.390625
P34224,12807.390625
P34228,12807.390625
P34229,12807.390625
P34233,12807.390625
P34235,12807.390625
P34236,12807.390625
P34237,12807.390625
P34238,12807.390625
P34255,12807.390625
P34256,12807.390625
P34260,12807.390625
P34261,12807.390625
P34262,12807.390625
P34263,12807.390625
P34265,12807.390625
P34266,12807.390625
P34268,12807.390625
P34271,12807.390625
P34272,12807.390625
P34273,12807.390625
P34274,12807.390625
P34277,12807.390625
P34282,12807.390625
P34283,12807.390625
P34284,12807.390625
P34285,12807.390625
P34287,12807.390625
P34446,12807.390625
P34447,12807.390625
P34448,12807.390625
P34449,12807.390625
P34450,12807.390625
P34468,12807.390625
P34469,12807.390625
P34474,12807.390625
P34476,12807.390625
P34477,12807.390625
P34478,12807.390625
P34479,12807.390625
P34480,12807.390625
P34481,12807.390625
P34483,12807.390625
P34484,12807.390625
P34485,12807.390625
P34486,12807.390625
P34487,12807.390625
P34488,12807.390625
P34489,12807.390625
P34490,12807.390625
P34491,12807.390625
P34492,12807.390625
P34493,12807.390625
P34495,12807.390625
P34496,12807.390625
P34498,12807.390625
P34499,12807.390625
P34500,12807.390625
P34502,12807.390625
P34503,136549.734375
P34504,12807.390625
P34505,12807.390625
P34507,12807.390625
P34508,12807.390625
P34509,12807.390625
P34510,12807.390625
P34511,12807.390625
P34512,12807.390625
P34513,12807.390625
P34514,12807.390625
P34518,12807.390625
P34530,12807.390625
P34531,12807.390625
P34532,12807.390625
P34533,12807.390625
P34534,12807.390625
P34715,12807.390625
P34717,134240.71875
P34729,12807.390625
P34800,12807.390625
P34801,12807.390625
P34802,12807.390625
P34803,12807.390625
P34807,868996.8125
P34855,12807.390625
P34858,159469.578125
P34888,12807.390625
P34890,12807.390625
P34893,12807.390625
P34895,12807.390625
P34909,12807.390625
P34910,12807.390625
P34911,12807.390625
P34912,12807.390625
P34956,12807.390625
P34957,12807.390625
P34961,12807.390625
P34962,12807.390625
P34967,12807.390625
P34969,12807.390625
P34970,12807.390625
P34971,12807.390625
P34972,12807.390625
P34973,12807.390625
P34974,12807.390625
P34976,12807.390625
P34977,12807.390625
P34978,12807.390625
P34979,12807.390625
P34988,12807.390625
P34989,12807.390625
P34990,12807.390625
P34991,12807.390625
P34993,12807.390625
P34994,148032.59375
P34995,12807.390625
P34996,12807.390625
P34997,141777.921875
P34998,12807.390625
P34999,141777.921875
P35000,12807.390625
P35001,12807.390625
P35003,12807.390625
P35005,12807.390625
P35008,12807.390625
P35039,12807.390625
P35080,12807.390625
P35085,12807.390625
P35087,12807.390625
P35091,12807.390625
P35093,12807.390625
P35094,12807.390625
P35095,12807.390625
P35096,12807.390625
P35097,12807.390625
P35100,12807.390625
P35102,12807.390625
P35310,13293.0439453125
P35315,12807.390625
P35324,12807.390625
P35326,12807.390625
P35329,12807.390625
P35331,40661.3359375
P35347,12807.390625
P35349,12807.390625
P35352,48198.515625
P35354,48198.515625
P35374,12807.390625
P35645,12807.390625
P35948,12807.390625
P35950,12807.390625
P35954,12807.390625
P35957,12807.390625
P35959,12807.390625
P35960,12807.390625
P35961,12807.390625
P35964,12807.390625
P35966,12807.390625
P35967,12807.390625
P35969,12807.390625
P35970,12807.390625
P35978,12807.390625
P35987,12807.390625
P35988,12807.390625
P35989,12807.390625
P35990,12807.390625
P35991,12807.390625
P35994,12807.390625
P35997,12807.390625
P36003,12807.390625
P36004,12807.390625
P36006,159469.578125
P36010,12807.390625
P36019,12807.390625
P36020,12807.390625
P36021,12807.390625
P36082,12807.390625
P36084,12807.390625
P36086,12807.390625
P36091,12807.390625
P36094,12807.390625
P36095,12807.390625
P36097,12807.390625
P36098,12807.390625
P36099,12807.390625
P36120,12807.390625
P36123,12807.390625
P36125,12807.390625
P36129,12807.390625
P36130,12807.390625
P36132,12807.390625
P36136,12807.390625
P36138,12807.390625
P36139,12807.390625
P36140,12807.390625
P36143,12807.390625
P36144,12807.390625
P36146,12807.390625
P36154,12807.390625
P36158,12807.390625
P36159,12807.390625
P36160,12807.390625
P36161,12807.390625
P36162,12807.390625
P36163,12807.390625
P36164,12807.390625
P36166,12807.390625
P36167,12807.390625
P36169,12807.390625
P36170,12807.390625
P36172,12807.390625
P36174,12807.390625
P36177,12807.390625
P36178,12807.390625
P36185,12807.390625
P36189,12807.390625
P36195,12807.390625
P36201,12807.390625
P36202,12807.390625
P36204,12807.390625
P36206,12807.390625
P36207,12807.390625
P36209,12807.390625
P36213,12807.390625
P36214,12807.390625
P36217,12807.390625
P36219,12807.390625
P36220,12807.390625
P36223,12807.390625
P36227,12807.390625
P36228,12807.390625
P36229,12807.390625
P36230,12807.390625
P36231,12807.390625
P36233,12807.390625
P36251,12807.390625
P36252,12807.390625
P36254,12807.390625
P36256,12807.390625
P36257,12807.390625
P36260,12807.390625
P36261,12807.390625
P36262,12807.390625
P36263,12807.390625
P36264,12807.390625
P36265,12807.390625
P36266,12807.390625
P36267,12807.390625
P36271,12807.390625
P36274,12807.390625
P36279,12807.390625
P36280,12807.390625
P36284,12807.390625
P36339,12807.390625
P36465,40661.3359375
P36467,40661.3359375
P36522,12807.390625
P36526,12807.390625
P36530,12807.390625
P36531,12807.390625
P36532,12807.390625
P36533,12807.390625
P36534,12807.390625
P36536,12807.390625
P36537,12807.390625
P36539,12807.390625
P36540,12807.390625
P36541,12807.390625
P36543,12807.390625
P36544,12807.390625
P36545,12807.390625
P36546,12807.390625
P36548,12807.390625
P36551,12807.390625
P36553,12807.390625
P36554,12807.390625
P36556,12807.390625
P36557,12807.390625
P36558,12807.390625
P36559,12807.390625
P36561,12807.390625
P36562,12807.390625
P36564,12807.390625
P36568,12807.390625
P36569,12807.390625
P36571,12807.390625
P36572,12807.390625
P36573,12807.390625
P36574,12807.390625
P36576,12807.390625
P36580,12807.390625
P36581,12807.390625
P36584,12807.390625
P36586,12807.390625
P36588,12807.390625
P36590,12807.390625
P36592,12807.390625
P36593,12807.390625
P36594,12807.390625
P36595,12807.390625
P36596,12807.390625
P36599,12807.390625
P36601,12807.390625
P36602,12807.390625
P36603,12807.390625
P36604,12807.390625
P36605,12807.390625
P36606,12807.390625
P36726,12807.390625
P36766,12807.390625
P36815,12807.390625
P36818,12807.390625
P36834,12807.390625
P36885,12807.390625
P37189,12807.390625
P37226,12807.390625
P37227,12807.390625
P37228,12807.390625
P37232,133475.09375
P37233,12807.390625
P37235,123288.3359375
P37236,12807.390625
P37238,123288.3359375
P37242,12807.390625
P37246,12807.390625
P37247,130825.5234375
P37248,12807.390625
P37251,12807.390625
P37252,130825.5234375
P37258,12807.390625
P37259,12807.390625
P37260,12807.390625
P37261,12807.390625
P37262,12807.390625
P37268,12807.390625
P37269,12807.390625
P37271,12807.390625
P37273,12807.390625
P37274,12807.390625
P37276,12807.390625
P37278,12807.390625
P37281,12807.390625
P37282,12807.390625
P37284,12807.390625
P37285,12807.390625
P37287,12807.390625
P37289,12807.390625
P37293,12807.390625
P37300,204050.09375
P37301,167006.765625
P37307,12807.390625
P37308,12807.390625
P37309,12807.390625
P37312,12807.390625
P37315,12807.390625
P37316,12807.390625
P37320,12807.390625
P37324,12807.390625
P37327,12807.390625
P37332,12807.390625
P37333,12807.390625
P37335,12807.390625
P37337,12807.390625
P37338,12807.390625
P37364,12807.390625
P37383,177193.515625
P37385,12807.390625
P37387,12807.390625
P37390,12807.390625
P37391,12807.390625
P37394,12807.390625
P37397,149845.546875
P37399,141012.265625
P37401,12807.390625
P37405,123288.3359375
P37407,133475.09375
P37409,12807.390625
P37412,12807.390625
P37413,12807.390625
P37414,12807.390625
P37415,12807.390625
P37417,12807.390625
P37418,12807.390625
P37512,12807.390625
P37519,12807.390625
P37524,12807.390625
P37535,133475.09375
P37537,12807.390625
P37538,12807.390625
P37541,12807.390625
P37542,12807.390625
P37543,12807.390625
P37544,12807.390625
P37558,12807.390625
P37560,12807.390625
P37568,123288.3359375
P37570,12807.390625
P37573,12807.390625
P37574,12807.390625
P37575,12807.390625
P37579,12807.390625
P37580,133475.09375
P37581,12807.390625
P37582,12807.390625
P37583,152495.140625
P37587,12807.390625
P37592,12807.390625
P37595,12807.390625
P37597,12807.390625
P37599,12807.390625
P37600,133475.09375
P37602,12807.390625
P37603,133475.09375
P37607,12807.390625
P37608,123288.3359375
P37610,12807.390625
P37611,12807.390625
P37614,12807.390625
P37617,12807.390625
P37620,12807.390625
P37624,12807.390625
P37627,12807.390625
P37631,12807.390625
P37632,12807.390625
P37634,12807.390625
P37636,12807.390625
P37640,12807.390625
P37643,12807.390625
P37652,159469.578125
P37655,12807.390625
P37659,12807.390625
P37688,12807.390625
P37701,12807.390625
P37740,12807.390625
P37744,12807.390625
P37745,12807.390625
P37752,12807.390625
P37753,12807.390625
P37762,12807.390625
P37763,12807.390625
P37764,12807.390625
P37766,12807.390625
P37776,204050.09375
P37779,167006.765625
P37786,167006.765625
P37788,167006.765625
P37789,159469.578125
P37791,196512.90625
P37793,12807.390625
P37797,204050.09375
P37807,12807.390625
P37812,12807.390625
P37813,12807.390625
P37841,12807.390625
P37844,12807.390625
P37845,12807.390625
P37848,12807.390625
P37852,12807.390625
P37862,12807.390625
P37868,12807.390625
P37869,12807.390625
P37871,12807.390625
P37872,12807.390625
P37889,12807.390625
P37904,12807.390625
P38035,106553.3671875
P38144,99016.1953125
P38166,12807.390625
P38167,12807.390625
P38206,12807.390625
P38235,12807.390625
P38239,12807.390625
P38349,12807.390625
P38350,12807.390625
P38352,12807.390625
P38389,12807.390625
P38392,12807.390625
P38393,12807.390625
P38918,12807.390625
P38925,308322
P38926,452899.6875
P38939,12807.390625
P39206,12807.390625
P39451,587031.875
P39531,40661.3359375
P39536,40661.3359375
P39606,12807.390625
P39665,12807.390625
P39668,12807.390625
P39670,12807.390625
P39672,12807.390625
P39674,12807.390625
P39676,12807.390625
P39677,12807.390625
P39678,12807.390625
P39682,12807.390625
P39683,12807.390625
P39690,12807.390625
P39691,12807.390625
P39693,12807.390625
P39694,12807.390625
P39695,12807.390625
P39700,12807.390625
P39701,12807.390625
P39707,12807.390625
P39708,12807.390625
P39709,12807.390625
P39710,12807.390625
P39714,12807.390625
P39717,12807.390625
P39719,12807.390625
P39722,12807.390625
P39724,12807.390625
P39725,12807.390625
P39726,12807.390625
P39728,12807.390625
P39730,12807.390625
P39731,12807.390625
P39737,12807.390625
P39738,12807.390625
P39739,12807.390625
P39740,12807.390625
P39741,12807.390625
P39742,12807.390625
P39743,12807.390625
P39745,12807.390625
P39746,12807.390625
P39750,12807.390625
P39751,12807.390625
P39752,12807.390625
P39754,12807.390625
P39755,12807.390625
P39756,12807.390625
P39757,12807.390625
P39758,12807.390625
P39759,12807.390625
P39760,12807.390625
P39761,12807.390625
P39762,12807.390625
P39763,12807.390625
P39766,12807.390625
P39769,12807.390625
P39771,12807.390625
P39772,12807.390625
P39773,12807.390625
P39776,12807.390625
P39778,12807.390625
P39779,12807.390625
P39783,12807.390625
P39785,12807.390625
P39788,12807.390625
P39789,12807.390625
P39790,12807.390625
P39801,12807.390625
P39808,12807.390625
P39814,12807.390625
P39816,12807.390625
P39823,12807.390625
P39825,12807.390625
P39832,12807.390625
P39846,12807.390625
P39853,12807.390625
P39856,12807.390625
P39929,48198.515625
P39936,40661.3359375
P39938,40661.3359375
P39946,40661.3359375
P39950,40661.3359375
P39975,40661.3359375
P39977,40661.3359375
P39979,40661.3359375
P39981,40661.3359375
P39983,40661.3359375
P39985,40661.3359375
P39986,40661.3359375
P39989,12807.390625
P40003,40661.3359375
P40004,40661.3359375
P40006,12807.390625
P40013,12807.390625
P40014,12807.390625
P40015,12807.390625
P40016,12807.390625
P40110,12807.390625
P40119,12807.390625
P40123,12807.390625
P40125,12807.390625
P40141,159469.578125
P40147,12807.390625
P40149,12807.390625
P40154,12807.390625
P40189,12807.390625
P40192,12807.390625
P40193,12807.390625
P40195,12807.390625
P40204,12807.390625
P40205,12807.390625
P40208,12807.390625
P40214,12807.390625
P40215,12807.390625
P40216,12807.390625
P40217,12807.390625
P40227,12807.390625
P40235,12807.390625
P40242,12807.390625
P40250,12807.390625
P40260,12807.390625
P40263,12807.390625
P40266,12807.390625
P40267,167006.765625
P40272,12807.390625
P40279,12807.390625
P40286,12807.390625
P40288,12807.390625
P40290,12807.390625
P40296,12807.390625
P40327,12807.390625
P40340,12807.390625
P40354,12807.390625
P40356,12807.390625
P40367,12807.390625
P40372,12807.390625
P40378,12807.390625
P40388,12807.390625
P40389,12807.390625
P40623,12807.390625
P40654,12807.390625
P40661,12807.390625
P40676,12807.390625
P40681,12807.390625
P40683,167006.765625
P40696,12807.390625
P40704,12807.390625
P40712,12807.390625
P40715,12807.390625
P40728,12807.390625
P40790,12807.390625
P40920,12807.390625
P40921,12807.390625
P40922,12807.390625
P40924,12807.390625
P40925,12807.390625
P40926,12807.390625
P40928,12807.390625
P40977,12807.390625
P41092,40661.3359375
P41127,12807.390625
P41166,12807.390625
P41233,40661.3359375
P41236,40661.3359375
P41237,40661.3359375
P41238,40661.3359375
P41242,12807.390625
P41244,12807.390625
P41332,12807.390625
P41333,12807.390625
P41346,12807.390625
P41355,12807.390625
P41433,12807.390625
P41511,12807.390625
P41524,12807.390625
P41625,12807.390625
P41730,12807.390625
P41738,12807.390625
P41740,12807.390625
P41742,12807.390625
P41744,12807.390625
P41752,12807.390625
P41754,12807.390625
P41755,12807.390625
P41757,12807.390625
P41759,12807.390625
P41760,12807.390625
P41761,12807.390625
P41762,12807.390625
P41765,12807.390625
P41767,12807.390625
P41770,12807.390625
P41771,12807.390625
P41796,12807.390625
P41797,12807.390625
P41798,12807.390625
P41799,12807.390625
P41800,12807.390625
P41801,12807.390625
P41803,12807.390625
P41804,12807.390625
P41805,12807.390625
P41811,12807.390625
P41814,12807.390625
P41815,12807.390625
P41817,12807.390625
P41818,12807.390625
P41819,12807.390625
P41821,12807.390625
P41822,12807.390625
P41823,12807.390625
P41827,12807.390625
P41828,12807.390625
P41839,12807.390625
P41841,12807.390625
P41844,12807.390625
P41855,12807.390625
P41857,12807.390625
P41858,12807.390625
P41861,12807.390625
P41863,12807.390625
P41874,12807.390625
P41877,12807.390625
P41889,12807.390625
P41891,12807.390625
P41892,12807.390625
P41895,12807.390625
P41900,12807.390625
P41901,12807.390625
P41928,12807.390625
P41931,12807.390625
P41934,12807.390625
P41936,12807.390625
P41938,12807.390625
P41948,12807.390625
P41952,12807.390625
P41954,12807.390625
P41959,12807.390625
P41961,12807.390625
P41962,12807.390625
P41974,12807.390625
P42054,12807.390625
P42061,12807.390625
P42064,12807.390625
P42102,48198.515625
P42120,40661.3359375
P42129,40661.3359375
P42190,40661.3359375
P42296,12807.390625
P42297,12807.390625
P42298,123288.3359375
P42299,12807.390625
P42301,141012.265625
P42302,12807.390625
P42303,12807.390625
P42304,12807.390625
P42305,12807.390625
P42315,12807.390625
P42318,12807.390625
P42323,12807.390625
P42324,12807.390625
P42325,12807.390625
P42326,12807.390625
P42334,12807.390625
P42336,12807.390625
P42339,12807.390625
P42343,12807.390625
P42345,12807.390625
P42347,12807.390625
P42353,12807.390625
P42382,12807.390625
P42385,12807.390625
P42395,12807.390625
P42396,12807.390625
P42486,12807.390625
P42571,12807.390625
P42688,40661.3359375
P42745,12807.390625
P42797,12807.390625
P42818,12807.390625
P42820,12807.390625
P42821,12807.390625
P42826,12807.390625
P42827,12807.390625
P42838,12807.390625
P42846,12807.390625
P42848,12807.390625
P42850,12807.390625
P42851,12807.390625
P42854,12807.390625
P42856,12807.390625
P43126,169656.328125
P43212,167006.765625
P43476,40661.3359375
P43491,40661.3359375
P43495,40661.3359375
P43546,12807.390625
P43627,80984.125
P43846,12807.390625
P43866,12807.390625
P43933,99016.1953125
P43962,26485.005859375
P43987,26485.005859375
