"pipe_id","leak_date","actual_cost","predicted_raw","predicted_log"
"P01015",2025-10-01,6475.48,5790.71314405442,3029.56892986289
"P01017",2025-02-12,91.5,6329.54226670021,3301.1828587413
"P01070",2025-09-07,2323.15,6261.9911422137,2383.92685423555
"P01074",2025-02-03,5361.82,19362.0378683214,1863.95682023677
"P01084",2025-02-20,3505.91,20272.3780409691,2716.04684331746
"P01107",2025-03-20,2894.22,6386.16849420616,3294.29963694608
"P01184",2025-06-10,849,8045.63670441901,1949.56644235311
"P01188",2025-09-22,3924.55,88885.6822419352,4500.8557229444
"P01236",2025-05-31,2454.27,7558.95980309,3272.81538545055
"P01252",2025-05-18,3647.43,12230.928385235,3037.61694336744
"P01302",2025-06-02,5209.56,4370.68201226298,3035.84265044453
"P01341",2025-05-06,3563.01,19901.0994157717,2621.77982648967
"P01371",2025-06-07,1444.17,10276.1478283571,1731.94903059266
"P01413",2025-09-20,16472.37,3644.37754507814,973.811514455749
"P01414",2025-09-07,2488.02,4157.61737904365,962.898928099345
"P01416",2025-01-10,2227.4,5199.6447101262,2227.40431239972
"P01435",2025-06-04,3181.87,20031.8828504491,4003.72670044629
"P01442",2025-09-25,4116.85,79869.8047430077,4770.29996323512
"P01479",2025-08-21,2836.71,38681.0396539634,2491.42541451276
"P01484",2025-09-27,125.27,10610.9620258326,2440.66340834123
"P01517",2025-01-21,3721.88,16006.2826349784,2543.71086132153
"P01537",2025-08-24,3066.54,85954.9709316062,3901.26953314181
"P01546",2025-06-28,4044.84,18717.28553242,2918.57867364797
"P01548",2025-12-14,822.04,14078.9352422236,4705.23649556041
"P01579",2025-04-30,4816.44,4464.30427905139,2774.77936431287
"P01598",2025-05-15,3026.8,6316.94491230875,3455.28322475973
"P01666",2025-08-14,1641.49,5380.77147274594,2844.82679283249
"P01686",2025-08-10,5741.27,4787.58487204334,2523.06213269861
"P01705",2025-02-23,6414.95,4853.43502582209,3275.31845182083
"P01708",2025-08-12,5647.93,5162.67456592507,3492.19717516416
"P01727",2025-11-12,2768.14,15642.0840742817,2796.37944839576
"P01742",2025-07-12,6225.78,5782.60591121574,3315.97798038769
"P01745",2025-05-09,5921.87,9908.43610871044,4143.85327193506
"P01746",2025-08-10,1492.86,6201.49958242148,3168.1727271723
"P01769",2025-02-21,1802.95,8426.52094264891,4438.7194296127
"P01797",2025-02-09,3185.64,131875.759196312,4892.67293782047
"P01823",2025-11-21,1751.96,6787.5430588849,2656.79182314083
"P01826",2025-12-25,4429.97,5087.3361014538,2179.67504971304
"P01840",2025-01-01,4145.2,44484.3326734471,8035.66233992486
"P01842",2025-05-26,4606.55,46644.3166164375,9859.5560237713
"P01852",2025-06-13,4225.81,21338.9639311252,2452.00246103097
"P01913",2025-10-21,3178.88,65494.0744860131,9205.90222959447
"P01927",2025-06-22,2360.81,6120.65887288205,2491.419230821
"P01937",2025-06-18,6692.14,5371.35826452801,3691.12927154045
"P01940",2025-02-12,3247.42,10983.7487146882,1853.17180755252
"P01951",2025-06-18,10612.66,99942.009431045,4776.31754992129
"P01960",2025-06-07,5811.18,43122.6270822489,6269.66071094042
"P01976",2025-01-15,4503.83,35415.3233872144,11621.7215914397
"P01990",2025-03-30,3448.95,6747.34248940113,2644.79657738925
"P02066",2025-08-21,4400.86,4952.88522709757,3442.95310886323
"P02088",2025-09-27,2512.15,7688.35907227572,2557.26296525179
"P02158",2025-08-22,1885.7,6214.98055025214,3321.10524970773
"P02211",2025-01-04,1479.23,5900.53417445013,2850.58977761581
"P02212",2025-02-24,1266.27,6426.57945104107,3368.38119805899
"P02230",2025-06-04,3373.64,3700.59684275798,2819.32433986525
"P02248",2025-05-28,3183.26,3427.08863227511,2175.62377724839
"P02290",2025-09-06,61495.75,42306.8127490713,7187.44585610891
"P02296",2025-02-08,5078.3,13470.0991803755,3437.39575134493
"P02328",2025-06-08,3309.81,4296.45080489179,934.43455295534
"P02368",2025-01-31,3421.26,8173.39083482119,3955.37377466053
"P02413",2025-07-02,4419.68,5776.22904040038,2591.71927641138
"P02414",2025-02-22,3428.45,5895.51335724414,2618.44362013034
"P02415",2025-04-21,2675.22,5270.99259006707,3778.0137267887
"P02429",2025-10-21,3725.33,5379.91675771541,2987.07389003853
"P02491",2025-11-22,225.94,5751.5255642787,2577.89769071399
"P02531",2025-08-29,3928.21,3701.6767896781,2884.73457013373
"P02595",2025-02-01,4592.14,5101.48036111111,2806.50882480213
"P02681",2025-03-28,3732.59,48756.1210006388,7516.53899402201
"P02694",2025-07-26,18170.93,6006.08862042703,3403.69831787731
"P02696",2025-07-14,13210.82,6200.5732109194,3319.42730673455
"P02698",2025-11-07,4225.75,5193.45628766287,3125.21967235004
"P02704",2025-03-06,5483.72,5037.25680870089,2788.19316180912
"P02711",2025-01-11,2109.92,8331.5233198631,2331.78181454691
"P02766",2025-02-27,5150.29,13617.2270166062,3137.98024915092
"P02784",2025-02-20,26675.23,25002.4365202693,4465.98688962284
"P02785",2025-01-16,590.07,5414.77625768874,3802.01059532868
"P02836",2025-09-28,4013.15,29915.0206053925,2614.33410912425
"P02840",2025-04-25,2799.32,6927.23116770817,2348.01497531304
"P02847",2025-05-10,3737.5,15659.8415022661,2458.02086627284
"P02853",2025-03-10,1590.02,6323.53752505931,3949.45746278764
"P02865",2025-10-30,1170.71,6370.4040775859,3147.67025514529
"P02881",2025-10-19,2952.3,5184.03661099267,2933.81413365497
"P02927",2025-11-29,963.77,5119.77489923973,1155.00980303191
"P02947",2025-05-15,5014.54,5355.48168357179,2553.27701057175
"P02994",2025-06-03,7796.94,4955.98018222011,3221.75762098816
"P02996",2025-08-22,5000.89,5195.45376169659,2295.94926570427
"P03040",2025-09-05,4227.74,4076.59047235588,2841.19007044628
"P03214",2025-07-28,6604.75,5908.72325349011,3245.63261076481
"P03215",2025-01-08,1177.77,6507.43678057838,2861.35734458263
"P03285",2025-06-06,6071.21,4099.49988079608,2383.59553253173
"P03334",2025-09-17,5692.51,4121.07538587846,3125.94464314464
"P03341",2025-01-07,2823.69,4283.12087491306,1968.68545495224
"P03368",2025-11-07,5785.08,23732.0120950773,2956.26106556726
"P03489",2025-04-13,6000.51,4718.68972796574,2674.47568217396
"P03494",2025-03-17,1203.66,5197.24729371094,2161.93649686318
"P03505",2025-12-08,6168.88,5178.36887178779,2369.64211209944
"P03520",2025-12-14,5371.84,51570.1378854546,1951.37877496118
"P03523",2025-08-07,2121.84,4871.04404772206,2930.76484682846
"P03576",2025-02-07,4113.24,9978.87138541496,3300.38273044017
"P03598",2025-10-27,3415.75,6993.28420321421,2238.25868637157
"P03611",2025-08-20,6148.18,24442.6205427155,2277.98217413524
"P03629",2025-06-18,3436.48,4427.3010937542,2346.68681143369
"P03644",2025-02-18,18231.26,5368.11910818348,3243.08035967818
"P03647",2025-01-21,337024.46,88957.3649087845,11019.8036042612
"P03649",2025-02-01,12950.81,4932.09492806873,3235.51131410105
"P03651",2025-09-23,3666.65,4932.95554894109,3255.99327023155
"P03660",2025-01-25,4092.2,4829.40853501849,3076.21891457033
"P03666",2025-02-11,3053.16,4942.25861468629,3431.75495266792
"P03668",2025-09-10,1728.34,4700.33544688746,2956.8675121061
"P03797",2025-05-08,1790.41,7122.9160006097,3149.84066920138
"P03878",2025-10-26,5968.23,67005.5827403697,14090.217263817
"P03887",2025-11-10,1313.01,5043.16268881439,2486.68687614791
"P03892",2025-11-24,3770.81,15429.6217479829,2495.39028301789
"P03903",2025-10-23,3157.01,14456.5937058305,2393.69181974675
"P03914",2025-02-28,2802.16,10416.1146902992,3019.26489651429
"P03915",2025-10-08,7590.26,24663.109903893,2917.54258830345
"P03925",2025-02-11,4405.34,13119.8675237792,2394.95576958382
"P03947",2025-10-29,4698.56,5247.22632617323,3543.66014228809
"P03966",2025-11-30,4084.44,5329.32590753006,2387.04750399033
"P03975",2025-01-20,785.58,6981.90404689068,3360.66504615034
"P03987",2025-11-11,3146.1,66884.0582646724,8582.17828465618
"P03989",2025-08-15,2153.72,78777.2733395268,8612.39421401459
"P04050",2025-11-03,1928.24,68253.7754160966,9698.37355560721
"P04054",2025-07-16,6084.65,7796.94655091659,2865.83610502941
"P04072",2025-08-29,4425.19,6483.90079184298,3227.3990624824
"P04109",2025-04-27,2794.41,3675.69924536309,1743.50441237602
"P04122",2025-07-22,1123.45,8465.13520079828,4026.45039639801
"P04126",2025-01-28,31394.77,27415.7894289789,6658.3152481788
"P04137",2025-01-15,16727.07,47234.7344234512,13183.7790008758
"P04154",2025-09-16,4263.59,4897.09811648847,3110.06811115792
"P04188",2025-11-07,4916.38,6125.22244632552,3764.78242894596
"P04211",2025-11-07,4416.61,17912.7159391442,3240.93901392449
"P04216",2025-03-20,3912.07,15235.536897841,2878.59811324361
"P04218",2025-04-09,3792.61,14579.1868553087,2458.41009367938
"P04220",2025-11-25,5821.46,15632.8120121666,2446.28931358352
"P04263",2025-02-07,527.02,3418.65235948634,2698.6834912217
"P04276",2025-09-23,3459.18,18625.1359763869,3023.15961805318
"P04338",2025-07-06,5453.72,6882.6505397065,2369.27542118598
"P04347",2025-08-05,1537.71,3514.3433194726,1566.93655898016
"P04355",2025-08-17,2542.1,12080.7846309408,2391.82094083821
"P04360",2025-03-14,2161.98,13540.3305258633,2573.190523437
"P04384",2025-04-30,6505.92,133672.688574052,12390.5092524288
"P04412",2025-12-08,5914.95,14744.4784929185,2426.30173435997
"P04428",2025-08-10,3107.63,5825.49929457927,1680.35451472175
"P04498",2025-02-02,3317.63,4334.40565178504,2711.33228486674
"P04501",2025-01-22,4327.34,4498.65132686111,2977.98360445993
"P04538",2025-08-25,3643.86,6265.31505942435,3514.50210026439
"P04544",2025-03-22,2922.79,6168.48747058797,3479.34706323289
"P04553",2025-02-19,1800.71,5833.44479418532,2554.3101911931
"P04694",2025-08-30,4244.83,83159.7494795484,10450.2497137985
"P04742",2025-08-20,4089.89,6198.55054223143,1599.15257391447
"P04744",2025-12-23,4334.78,11207.0321588781,1661.951147438
"P04749",2025-04-22,6189.86,4494.85708371102,1317.54993140473
"P04832",2025-10-21,4035.93,71578.1652012175,12355.2157910802
"P04884",2025-01-24,1505.44,8129.33524248688,2091.08652275479
"P05053",2025-08-22,3808.23,8286.68487643801,2347.4712208587
"P05054",2025-08-29,17751.78,5029.69646680405,2094.16150485423
"P05067",2025-02-20,1983.21,7537.48017836536,4163.68049869816
"P05117",2025-11-26,703.41,4014.95478977853,1825.09234716467
"P05154",2025-02-14,5265.44,5554.48290877568,3672.83747458437
"P05157",2025-01-30,2605.91,5226.85485540608,3719.24822307993
"P05158",2025-10-31,3428.67,73592.6410900286,5436.03248453608
"P05203",2025-02-24,2033.65,5925.90837505951,1949.06325102981
"P05227",2025-05-19,5109.49,133638.953492648,4918.09108039776
"P05231",2025-09-18,3155.62,7082.28006447583,3776.85647335763
"P05233",2025-02-09,88.45,12149.7057988014,4765.27707689098
"P05260",2025-10-25,17338.05,10087.7201933707,3597.18554170651
"P05262",2025-01-14,3886.54,3537.3061913064,2772.8454180199
"P05272",2025-03-02,5904.2,12261.2112403238,2383.04030151423
"P05275",2025-09-30,4221.29,11848.7953294347,2336.49204627969
"P05279",2025-11-30,3832.05,8569.6642458097,3004.39836144465
"P05328",2025-02-09,4665.24,7932.62902696801,2148.91020345997
"P05339",2025-01-20,4239.83,3769.79144050721,2482.27165877379
"P05340",2025-10-09,3329.79,3845.19896468865,2530.34558504154
"P05346",2025-09-07,3315.15,4359.67511278507,2709.76420272015
"P05399",2025-12-01,6141.29,5611.13426894509,2985.37036619731
"P05429",2025-12-07,6580.04,5337.45749156258,3137.10939517799
"P05430",2025-03-27,4597.76,5172.69177535858,2986.77910352021
"P05462",2025-05-05,4950.64,5756.57547003038,3870.08952207072
"P05468",2025-09-26,5595.77,128965.011236993,5775.88610267181
"P05533",2025-07-09,3579.09,5555.0055412968,2053.66166171947
"P05591",2025-07-13,2273.58,5571.963740509,3474.62318167007
"P05633",2025-09-09,3254.53,9153.80156592283,3353.49307807486
"P05656",2025-11-10,1519.11,10535.3772092438,2481.35607169569
"P05668",2025-08-26,3118.41,3868.35547516592,2204.58436491126
"P05717",2025-02-28,1009.45,12322.0585915213,2280.46516976116
"P05740",2025-02-07,2857.78,4176.90204931759,1253.86469204455
"P05783",2025-12-17,3435.78,4918.41063524888,3098.14637825828
"P05798",2025-11-28,5519.21,4046.03560740906,2508.34349988074
"P05903",2025-09-24,2283.91,4107.55654620428,2983.55038448386
"P05927",2025-08-30,5849.33,66662.7124992092,4503.18271680297
"P05942",2025-11-05,866.72,5695.9935513362,3462.91448312087
"P05952",2025-11-25,1306.26,24642.3926642191,3127.1709146807
"P05960",2025-06-20,6471.21,21074.8902089797,2853.48786825134
"P05961",2025-06-28,4080.34,93607.6549428186,4130.15921076801
"P05973",2025-01-13,3768.48,5621.47279636607,2390.64023812632
"P05974",2025-12-10,6177.35,8093.40753568315,2669.97285457545
"P06015",2025-05-30,6877.19,5307.43876721492,3315.77531947404
"P06018",2025-06-14,1100.68,9656.52952861932,2363.01454996683
"P06024",2025-10-25,2560.58,5088.6335508513,3364.25594565861
"P06040",2025-10-24,7380.89,17630.9006752576,2008.42085599931
"P06056",2025-02-28,3823.44,15322.0856055964,2827.54077510794
"P06074",2025-03-21,2686.86,19372.9024939554,3465.74409246917
"P06082",2025-04-09,1105.18,14167.570120546,2338.04577660687
"P06102",2025-08-22,6341.19,12997.3198616981,2644.53366254168
"P06148",2025-02-09,3108.5,248967.59462075,6244.96933876979
"P06229",2025-03-09,1486.42,54448.1193031333,9499.75609154223
"P06307",2025-11-24,1206.45,5264.90846049758,3287.1061666182
"P06338",2025-12-24,7788.43,6739.99821628108,4046.27962561768
"P06342",2025-04-11,2589,47120.5622280269,9178.85033889208
"P06349",2025-12-20,3219.55,6401.96291947073,3829.71683116423
"P06350",2025-12-05,343.79,5367.83168681786,2923.45838589981
"P06377",2025-02-11,1435.59,119196.774299427,8480.06148295615
"P06409",2025-12-24,679.77,11281.106672514,4038.22040106642
"P06723",2025-04-15,395.22,8922.74997031014,2636.27055164724
"P06859",2025-06-04,373.86,3979.51110702288,1644.7103726185
"P06905",2025-11-19,7725.21,3925.18230113635,1555.78711244714
"P07031",2025-06-18,340608.31,315877.860872308,49672.4019567643
"P07060",2025-11-03,4255.56,7471.28630129043,3666.2125718305
"P07080",2025-10-17,3052.45,3545.74119709707,1865.9472312103
"P07094",2025-02-06,3028.73,3402.84777942318,1762.59043712545
"P07153",2025-01-19,1325.75,77354.4723403204,9925.26143124625
"P07157",2025-04-28,24632.51,86131.9733442554,8946.37930736969
"P07336",2025-10-30,14955.58,32518.318212369,6581.05649304998
"P07358",2025-09-02,2294.01,4732.50852241269,1537.85678542439
"P07484",2025-09-05,1657.41,4414.27074358443,1746.84187101785
"P07622",2025-02-28,3117.46,350937.087819805,13559.3791377864
"P07652",2025-12-02,29596.64,100159.38146224,14349.2207831193
"P07719",2025-11-21,3662.75,3687.71381880493,1864.48128370974
"P08043",2025-08-10,1035.97,52404.5389349414,6600.67451088701
"P08149",2025-10-15,3624.24,3991.63067780671,1961.3002871132
"P08197",2025-11-08,2628.89,10036.7536688403,2704.43255820355
"P08198",2025-04-09,2646.78,127791.563648576,8593.67191351048
"P08210",2025-04-30,1087.05,5066.11539434864,1771.87476518836
"P08262",2025-02-16,14152.17,6938.46293213886,2339.79438798334
"P08274",2025-12-08,3941.1,6900.11179224789,2391.54422659153
"P08276",2025-12-11,6804.26,6756.94957443588,2449.95617528422
"P08304",2025-03-25,48893.65,55581.8802320519,5810.15188516417
"P08361",2025-05-18,1491.05,114170.448170978,10702.8656597788
"P08377",2025-11-07,83454.96,109617.711508172,20967.6690435102
"P08391",2025-08-04,79654.26,60097.6254464419,12691.5908036071
"P08393",2025-07-18,507.47,105505.95805096,11581.0387560118
"P08410",2025-03-10,1531.11,45080.0252797647,6771.63361871659
"P08451",2025-04-29,956.11,4844.39508310189,2216.54638922905
"P08485",2025-02-27,7832.31,10153.2776626731,3624.66824545008
"P08521",2025-07-15,1400.34,6780.05260604472,2433.74565320511
"P08756",2025-11-09,194543.76,286186.329995652,36899.7988029824
"P08794",2025-09-18,747.09,7119.37572223836,2081.13281343396
"P08813",2025-11-08,1844.38,9404.40393810493,2374.76509130263
"P08827",2025-04-08,8425.86,8153.78025786442,2894.13997898036
"P08846",2025-02-05,3056.31,5694.17153215811,2016.46320422842
"P09218",2025-11-12,7002.27,7992.9561537249,3248.02498500506
"P09360",2025-11-17,7154.94,9334.72091910559,2518.71886803752
"P09394",2025-11-19,232663.14,81596.7073325021,10915.3561369968
"P09476",2025-01-31,19917.89,7189.39552843384,2104.27650561673
"P09605",2025-11-01,4780.76,11170.7171429293,2339.67552948243
"P09619",2025-12-02,3173.93,11190.0272229665,1555.50748233188
"P09639",2025-10-12,2770.3,239054.989076242,43362.8479633321
"P09703",2025-01-28,5784.81,9749.15617270334,3273.06988486756
"P09814",2025-04-10,4831.91,3517.28099450496,2355.95336469552
"P09816",2025-09-18,2014.21,15972.9257450409,3343.71868134286
"P09817",2025-08-16,2074.64,7172.79784087829,3546.01624666441
"P09967",2025-02-07,5493.29,4870.32124902319,2860.60687237135
"P09990",2025-11-28,834.12,8018.61753693372,2580.50574963698
"P09991",2025-02-06,5644.17,8004.83781260654,2683.71834333636
"P10000",2025-08-20,1322.1,287697.632173324,14386.6514804567
"P10025",2025-10-31,578.32,4954.31229522722,3081.31660168968
"P10031",2025-01-24,6483.98,5552.18150752981,3184.12732334313
"P10038",2025-01-10,4963.38,5705.19282793789,3581.59390231023
"P10121",2025-08-17,79766.75,398789.48978621,71447.604221165
"P10210",2025-08-06,9406.5,101207.63212851,17525.3931014349
"P10212",2025-08-28,14058.93,164028.14498301,19558.2752464897
"P10222",2025-08-27,12686.19,163073.516558161,22685.2909844978
"P10251",2025-10-29,4293.72,5590.52336766055,4068.94838871652
"P10256",2025-12-20,6517.75,5780.20750886854,2384.36029925485
"P10330",2025-11-08,2938.34,4116.25001657235,2773.95234889216
"P10416",2025-09-27,1146.15,6576.13428378809,3192.51682219384
"P10418",2025-09-09,756.77,9310.75625300173,3574.48746188896
"P10419",2025-08-09,919.35,8364.72712349799,3536.22623085613
"P10422",2025-04-28,5533.63,6512.88419207057,3446.09099892774
"P10424",2025-10-28,2382.27,7211.48979572039,3308.80037456516
"P10427",2025-12-15,3753.02,6816.58715541829,3208.9765384665
"P10429",2025-12-14,2290.99,9086.04281750442,3480.6160730975
"P10433",2025-11-07,562.31,5959.34408616705,3043.07624975454
"P10436",2025-07-12,1263.1,7092.90851128052,4052.17579507561
"P10439",2025-12-30,28764.85,312218.047121901,108368.706469518
"P10440",2025-11-06,1934452.4,347733.708869712,101094.473528822
"P10441",2025-07-20,238.44,4861.78465515856,3023.04612691319
"P10442",2025-07-27,223649.58,258891.966165311,91982.5775370326
"P10450",2025-09-17,3943.57,8063.84373101473,4068.1404913704
"P10492",2025-01-05,2092.38,99098.816271246,4965.42000392201
"P10548",2025-01-24,1159.7,3354.64568358893,1319.0711678273
"P10554",2025-04-15,2919.01,6212.26058158515,2101.61077615052
"P10573",2025-03-29,972.36,4232.25689343318,1900.71858420247
"P10626",2025-10-22,3359.34,6035.39868802659,2977.12790755998
"P10627",2025-12-20,788.06,6183.19891378626,2972.39731305813
"P10631",2025-08-27,882.25,5513.22740873354,3067.19337913909
"P10633",2025-08-26,1941.08,6212.79163158386,3377.04975446046
"P10635",2025-12-30,6978.15,9018.30821027137,3643.51267309667
"P10638",2025-11-22,1143.12,6288.24098836981,2934.71183202171
"P10665",2025-08-10,7281.28,10964.8118180722,4150.42805409536
"P10668",2025-11-16,759.12,8387.32376256014,3512.07217163748
"P10669",2025-10-25,5355.8,7933.65293815356,3257.54104097478
"P10677",2025-07-17,17637.2,7440.68853592605,3845.60232939417
"P10683",2025-12-31,1358.2,6284.43631742503,3320.08601355758
"P10686",2025-09-01,1953.86,8151.6287109185,3795.80452159771
"P10688",2025-12-28,1896.32,6486.31190146568,3435.49609647561
"P10689",2025-08-04,8623.6,6532.32851368958,3883.36357322519
"P10696",2025-10-01,7663.01,6928.49563591394,3336.62535705181
"P10698",2025-09-05,30700.94,308236.943863013,99416.8743769868
"P10700",2025-12-05,66862.05,8048.18686636027,3668.08019165515
"P10701",2025-02-05,1105.71,6566.2152639445,4346.35573344134
"P10702",2025-11-15,12255.4,7110.67400389339,3967.29426940492
"P10710",2025-07-20,785.52,7282.47955653006,4147.26718440145
"P10713",2025-09-30,1250.81,10317.447523002,3237.74947836912
"P10727",2025-12-08,40290.66,124667.34086129,17954.436229541
"P10728",2025-07-17,3440.15,11456.5713372247,5296.90289870044
"P10729",2025-09-21,3206.95,109897.220142929,18022.2638795081
"P10733",2025-08-20,4102.7,52030.0011081368,15859.9253882735
"P10737",2025-06-14,1292.09,7239.7188998622,3771.57536163683
"P10739",2025-11-10,557.38,10396.8333523019,4566.06790430139
"P10740",2025-12-07,1330.07,9318.23038267367,4635.21985985255
"P10741",2025-08-16,355.99,9960.88124934542,5485.30641121464
"P10746",2025-11-18,2793.34,101052.49010907,15929.9198550892
"P10765",2025-12-03,437.64,5154.76355587039,2637.24481822717
"P10766",2025-07-26,8261.45,5493.52765089017,2659.2815244212
"P10770",2025-07-29,3998.88,5119.99912991482,2451.59224935853
"P10771",2025-09-25,790.53,7512.60457229767,2625.05650063673
"P10772",2025-07-01,4161.55,5652.23036560571,2615.80838916265
"P10776",2025-09-15,1004.28,6378.3749988368,3076.58250373238
"P10781",2025-12-07,5163.71,5579.63605063001,2734.78153265285
"P10904",2025-06-23,1948.84,7199.87859618072,3154.56981265839
"P10910",2025-12-17,1908.43,4496.47380063556,2857.75573116071
"P10995",2025-04-02,2144.05,4596.10123515733,1957.94869207419
"P11034",2025-05-23,4217.2,11710.3629657561,4451.85938284941
"P11035",2025-05-21,250.3,7161.5532494132,2385.37823873582
"P11036",2025-02-26,3318.79,7009.94742628007,2888.73328188538
"P11039",2025-09-05,7957.96,7140.59147188593,2481.99360957803
"P11040",2025-04-17,976.9,62443.7425090723,2644.10865222645
"P11041",2025-09-18,2033.9,6217.55845751528,2357.73678394301
"P11047",2025-06-10,5778.52,5523.56621742153,2169.94555881294
"P11048",2025-03-05,1713.76,6633.1651881814,2841.94986961188
"P11058",2025-02-24,4501.51,9626.0045440838,4653.7658935392
"P11059",2025-06-07,4668.58,6533.43009378195,2376.42861389278
"P11061",2025-04-04,2426.7,6443.5067485987,2721.73325109136
"P11069",2025-01-02,1361.83,6192.71230525823,2816.53769298062
"P11074",2025-03-24,15017.68,5995.89859050073,2663.27718853932
"P11109",2025-12-10,22324.84,27502.4191166858,7930.463652196
"P11130",2025-12-23,4743.22,11034.4265164932,3769.55972070659
"P11132",2025-03-08,7417.49,30498.7937853346,2543.20993290619
"P11146",2025-05-04,1361.23,6751.74549085415,2271.69532077791
"P11234",2025-11-29,44791,4654.10508586835,2902.8120649441
"P11238",2025-09-07,2285.5,7444.62475368854,4266.67206416492
"P11239",2025-04-14,15062.48,4472.5157932798,2669.91530063988
"P11245",2025-06-28,3650.48,5496.51445886072,3419.54756485321
"P11253",2025-07-08,5827.23,6020.6340543926,3244.79158476342
"P11254",2025-08-03,1529.08,5088.61999424328,2427.915203693
"P11294",2025-05-11,3068.57,6140.79304099376,4460.7749415112
"P11295",2025-07-23,2112.99,5725.42937599612,3088.68490044771
"P11298",2025-07-16,6349.36,5863.56163908069,3254.25572407914
"P11310",2025-08-03,11162.33,5656.10962452314,3046.34512533591
"P11311",2025-08-01,8358.63,6279.77828530147,3115.80899966676
"P11313",2025-05-05,51700.82,285876.065730351,92021.0159679868
"P11315",2025-06-24,510.09,5670.70686559949,3181.70488792129
"P11317",2025-06-23,628.73,11137.5668672492,4106.9395423155
"P11319",2025-07-29,4800.38,4160.87125017545,2354.07707005875
"P11320",2025-07-07,4064.07,5575.52061027344,3202.82275272983
"P11321",2025-07-06,11087.75,5982.80861268706,3255.71583511235
"P11363",2025-02-26,3831.48,23429.6314056102,3245.19679900297
"P11430",2025-06-16,3812.84,11048.2673149261,3009.11494087897
"P11495",2025-01-30,2014.5,5284.63212977918,3237.7906789609
"P11534",2025-07-27,2631.18,14210.0052340048,3966.2399104417
"P11757",2025-01-28,4297.44,4580.49487634449,3086.72609334674
"P11758",2025-03-02,6749.91,3551.50399654088,2526.05010759269
"P11773",2025-08-09,1421.7,5616.94472662634,2736.52494739958
"P11778",2025-11-05,5764.65,4667.78956620805,2649.93379040369
"P11781",2025-11-30,10046.56,5674.42856447687,2991.57797434815
"P11784",2025-12-16,2158.59,6349.43817970423,2681.07420967057
"P11785",2025-11-23,1262.82,6130.76029151613,2671.43939256412
"P11795",2025-11-06,13389.57,6618.5542534387,3060.7449319872
"P11817",2025-09-05,2086.92,5352.15719102722,2626.50565540488
"P11855",2025-03-26,877.64,7639.62541423795,2967.35837285362
"P11857",2025-07-04,9600.99,8132.29775682806,3344.63605665598
"P11858",2025-07-19,4257.99,5734.4281983868,2736.23011479129
"P11859",2025-07-03,844744.74,298467.692387927,91640.3074208384
"P11861",2025-05-01,958.21,4357.66820735224,2674.75492556089
"P11866",2025-12-14,747.01,4698.61752058084,2601.26683667496
"P11867",2025-12-19,18719.76,6195.53733938689,3898.09150301819
"P12038",2025-03-05,7202.99,3567.32420274705,2330.11440630707
"P12040",2025-03-07,1346.92,5645.59376342242,2126.23966928802
"P12105",2025-12-30,152176.41,47717.7099572769,14285.3451262503
"P12114",2025-12-31,5935.99,7693.25513953792,3753.62287168064
"P12120",2025-12-11,1931.31,5314.03795488533,3185.64272904128
"P12175",2025-11-24,5336.86,3703.12715644629,2491.16308596659
"P12235",2025-11-09,2823.73,4540.24557617459,2808.70806212062
"P12319",2025-11-19,2007.32,4986.987955309,3268.07942380654
"P12387",2025-10-08,5252.9,5254.79641079564,2935.22390507045
"P12388",2025-01-19,7803.96,4040.69185134399,3057.11045993389
"P12442",2025-07-08,4809.24,287896.013614505,112021.133305674
"P12443",2025-07-16,303066.3,311705.754169727,90172.3491539464
"P12446",2025-06-05,44419.04,292078.909507652,96775.4922544564
"P12447",2025-07-11,20640.76,316214.563131787,91548.609540842
"P12448",2025-12-04,68051.37,235733.461373281,70353.2001518453
"P12449",2025-08-03,757.19,4645.62933335573,2560.12460591471
"P12451",2025-07-16,2000.2,11089.5833344166,3699.99459846114
"P12454",2025-05-21,2886.43,6261.68347325495,3036.17472159467
"P12455",2025-05-29,1469.28,6380.89314050068,3028.24357404782
"P12456",2025-08-05,3412.62,8034.17201226704,3046.60604203071
"P12458",2025-05-17,3901.29,11297.4569409626,4514.84269257015
"P12467",2025-02-03,4159.55,11485.9030203577,3471.86673685877
"P12470",2025-07-07,1115.35,6195.02161736081,3439.50388033233
"P12471",2025-07-22,609.2,6084.4210662011,3142.4276865354
"P12474",2025-06-30,4003.44,5809.40667333213,3481.60835984658
"P12475",2025-07-28,1022.05,5310.30930620703,3095.53044904377
"P12476",2025-06-28,46700.67,302840.521852161,100405.160577948
"P12477",2025-06-21,1578.64,11132.6263872354,4116.61472744153
"P12479",2025-11-08,775.98,4982.04004421648,2531.67706769989
"P12480",2025-07-05,2444.72,5361.74797311602,3308.75589637844
"P12481",2025-07-13,8733.26,5525.27173692031,3383.38128766352
"P12485",2025-11-03,1854.37,6826.98469229112,3057.90067385931
"P12486",2025-08-01,1176.71,5458.13196902752,3051.37436977647
"P12489",2025-05-31,9912.6,5041.68571701011,2831.46732003978
"P12490",2025-08-06,1637.37,7470.61831169907,4254.07967699357
"P12491",2025-01-13,2170.68,7056.46860844839,3272.37499438
"P12492",2025-06-07,3157.33,3605.06923009659,1677.91577482183
"P12521",2025-07-24,701.21,5836.52301791822,3078.81221851725
"P12524",2025-08-07,766.71,5656.1738870059,2933.66100928691
"P12526",2025-08-03,2551.84,5852.99684401171,3056.40094532702
"P12528",2025-08-06,1716.21,5073.44154253191,2788.4465809797
"P12554",2025-07-22,3530.61,6056.79201794668,3172.5873943177
"P12629",2025-12-06,17171.22,3682.3142749634,2422.12327090605
"P12696",2025-07-14,2635.74,11245.1810985664,3540.65979649404
"P12722",2025-10-06,1618.66,5692.6984874645,3129.98340983275
"P12746",2025-09-14,5120.02,12988.1271211917,3192.89713120565
"P12893",2025-06-24,2488.71,7510.83406417204,2899.78941785116
"P12934",2025-07-25,1281.79,4960.5220560598,3188.29028730944
"P13095",2025-12-15,1600.42,4801.42174911914,3217.50798862973
"P13100",2025-11-10,21826.37,5238.88111344657,3639.57852582846
"P13303",2025-03-13,26028.17,4521.03508922069,3299.07735895277
"P13335",2025-08-29,3183.32,70924.4770126066,10967.3279797782
"P13475",2025-01-11,3081.62,6734.81941000455,3269.11879034072
"P13626",2025-08-06,2999.92,37619.4694455327,2670.04697934179
"P13653",2025-11-12,3839.49,5531.10398926094,2514.47488309183
"P13655",2025-02-05,2817.19,4409.32054125882,2606.10210834972
"P13669",2025-03-11,3566.22,4061.69139034304,2802.35724111389
"P13756",2025-06-10,4447.6,7676.42160757979,2786.77419711714
"P13778",2025-07-21,7698.37,69743.974474438,17759.7613616479
"P13779",2025-10-18,9979.25,133417.175266509,21795.2943266378
"P13780",2025-09-27,58979.17,90547.0305992453,18253.8135892144
"P13784",2025-08-04,420500.59,159309.174279933,85545.8111756197
"P13785",2025-10-24,7346.43,7065.48478922106,3961.23159270773
"P13791",2025-12-13,4936.76,102986.28706454,19386.9198354386
"P13810",2025-11-26,5750.48,42365.3383219766,5313.61780849765
"P13891",2025-08-22,4313.45,10168.3310316635,5299.93657140566
"P13892",2025-12-09,664.81,8689.26468591492,4178.795294011
"P13894",2025-11-06,3631.57,9078.66874123442,3601.79670963143
"P13895",2025-10-09,4349.68,6426.81850759308,3310.42030670809
"P13900",2025-10-13,5363.47,7536.1342748896,3375.0465876486
"P13917",2025-05-16,15959.11,7067.09075438259,3787.46297741917
"P13922",2025-11-17,1236.23,4051.09598035096,2196.37952668381
"P13930",2025-06-03,18489.53,5456.53151395667,1866.89439210253
"P13935",2025-01-20,1274,4494.31527351423,2722.49857641922
"P13965",2025-04-04,2657.12,10792.0095200113,4613.55376085444
"P14015",2025-01-24,3096.21,4721.29209131554,2659.61257303221
"P14016",2025-02-08,1956.69,8106.82552322094,4712.55838164159
"P14017",2025-02-14,799.1,4466.83478640881,2592.18670512702
"P14100",2025-06-06,2142.45,5465.42929699748,3162.16282906292
"P14305",2025-03-28,4222.97,5026.24033020933,2434.77322169518
"P14342",2025-11-10,2276.1,3712.04733289674,2401.24213094219
"P14358",2025-02-08,3709.78,9581.84506438629,3619.80639646012
"P14444",2025-05-22,10981.58,10089.3901698213,4027.75153901735
"P14445",2025-07-03,6538.38,10323.332745295,4119.14232498032
"P14449",2025-03-16,579.5,4950.31462415428,1942.69940414262
"P14454",2025-03-13,9339.5,5722.30557669983,1802.10895135548
"P14456",2025-02-12,20007.09,4973.58993750061,1902.18429684366
"P14465",2025-06-12,1707.62,6817.62224882204,2394.82057495932
"P14472",2025-12-05,1892.29,6498.71555305303,2387.43854022681
"P14474",2025-01-06,1777.63,6247.8405284801,2705.01357470214
"P14551",2025-03-24,2960.82,5014.43451937678,1836.46783166625
"P14557",2025-03-04,18228.66,6956.86498509395,2382.77794974331
"P14558",2025-04-04,465.14,7181.88272958609,2230.03535975246
"P14561",2025-06-04,106880.97,283049.424561541,64043.9361345554
"P14574",2025-08-06,2427.1,6994.14553617418,2636.87450133363
"P14579",2025-04-07,1238.49,6239.9907006476,2345.23804536385
"P14583",2025-01-25,1472.12,7566.1088545584,2837.25384310984
"P14604",2025-01-23,1121.47,4657.25979313043,2125.35513441588
"P14617",2025-03-13,686.55,4690.2592393997,2128.67805751268
"P14658",2025-04-09,2070.91,7223.01725373015,2321.55422764049
"P14660",2025-06-24,719.75,6241.20264111605,2422.91454278441
"P14668",2025-02-25,805.2,3200.36281262008,1479.31804505719
"P14670",2025-12-07,2483.45,5343.46490492968,1971.83910748591
"P14671",2025-04-13,39037.63,8298.45784128224,2254.36168471802
"P14704",2025-02-04,10009.18,8105.64690619237,3310.25650366358
"P14744",2025-08-21,2216.59,5080.43569274473,2949.76086926276
"P14836",2025-12-20,1165.53,10290.4876703583,3846.93002358968
"P14949",2025-01-04,35707.1,4250.62687915026,2070.81208165171
"P14968",2025-01-09,794.65,4817.58063893373,2050.00117913271
"P15054",2025-03-15,1247.59,4872.1523232863,2381.09449247517
"P15062",2025-08-05,2457.35,7621.93624034922,3876.24122256053
"P15075",2025-03-21,4700.78,6949.61149199683,1778.03012601862
"P15076",2025-05-05,525.22,7275.81921227933,2130.64414077759
"P15077",2025-05-10,1425.47,5956.3254648265,1755.49672521806
"P15089",2025-07-28,904.96,6026.72095594715,2967.75262682182
"P15092",2025-04-28,899.83,6463.62944212356,2718.83236362511
"P15113",2025-06-22,3406.89,8642.08413985646,2877.38331605767
"P15130",2025-08-06,430.07,6622.88486840945,2335.37112682263
"P15164",2025-10-20,1942.55,4666.76885913591,2757.86333260513
"P15173",2025-07-29,2481.35,4852.17547146315,3045.90535222296
"P15193",2025-08-27,1605.65,5342.93500847835,2805.85803337465
"P15194",2025-07-27,1082.63,10268.339895784,4274.55189177589
"P15259",2025-04-17,511.59,6417.17396854503,2036.23085389214
"P15262",2025-02-18,1353.56,3346.66676320374,1604.78407893069
"P15266",2025-11-27,3598.94,13775.5503516499,2749.35717837596
"P15271",2025-05-08,1467.71,3787.28005622852,1716.57835917604
"P15275",2025-04-13,12839.64,7174.3282270987,3398.66796377271
"P15281",2025-09-23,2894.91,12470.1491911863,3997.92953418962
"P15301",2025-03-19,3043.58,4413.50925650921,1658.39631208766
"P15303",2025-05-26,16809.13,5120.75674813524,1834.09827867355
"P15304",2025-07-12,1538.08,4872.03748133223,2332.70002381198
"P15312",2025-07-22,819.91,5468.95162723165,3027.66229089591
"P15315",2025-07-27,2031.94,5499.72244583706,2878.4632645801
"P15316",2025-06-21,786.53,5619.32554754621,3333.16317238972
"P15318",2025-08-31,640.03,6544.10049087309,2832.85471470242
"P15322",2025-08-18,3415.57,4520.10178333366,2712.56361545786
"P15323",2025-08-02,1405.2,10579.8448174,3038.03173873572
"P15329",2025-06-30,2384.39,5689.66179406238,3060.2478015531
"P15330",2025-07-09,1234.63,5892.3314233302,3139.25539181903
"P15331",2025-11-30,233878.42,283543.270361262,79848.5149811965
"P15332",2025-08-19,1603.54,10332.4405491358,3407.06063041345
"P15334",2025-07-28,5684.91,5487.21887638838,2690.34630641184
"P15336",2025-07-12,150579.85,282027.609092409,110500.407927124
"P15408",2025-02-18,1259.39,9330.48499846445,2460.67807352631
"P15415",2025-06-10,2800.37,7659.25154728951,2510.04807581535
"P15420",2025-04-18,480.97,7788.74535623184,2862.21901876825
"P15421",2025-12-15,802.96,10333.2744738439,3373.19477138716
"P15425",2025-05-17,4690.28,9576.86060350981,4080.01772763682
"P15435",2025-01-17,2118.96,6627.66956889592,3020.61468004417
"P15437",2025-05-27,5522.87,5481.25596081903,2053.67883914727
"P15445",2025-02-05,4523.75,10674.3448271397,2594.16707970533
"P15448",2025-02-06,2588.72,8492.70479587675,2922.11124581904
"P15508",2025-11-26,130924.96,171000.812720441,12318.2488172757
"P15510",2025-12-15,86048.06,89124.9233719301,11378.5201533934
"P15533",2025-09-09,7562.4,8621.3809247124,3551.28830895534
"P15538",2025-08-03,3548.45,4587.21179841332,2304.81802471887
"P15704",2025-02-25,8172.03,5129.92846843744,3156.90309987756
"P15729",2025-09-04,3334.9,5297.13516004204,3276.31278891626
"P15745",2025-07-13,82393.26,395715.204929798,69461.9196176
"P15789",2025-11-13,877.53,3716.0807145188,1923.24006232084
"P15830",2025-09-09,1778.88,4184.67300051547,2231.95028595854
"P15857",2025-12-02,955.68,9439.03906805333,3754.75429273591
"P15860",2025-11-16,11776.37,10142.4147804594,3395.1187536536
"P15942",2025-11-13,1241.66,8419.9260785192,3415.16409802291
"P15946",2025-03-08,5506.8,7766.48766120843,4372.22613023532
"P15950",2025-11-04,1828.02,5733.37332131989,1990.53856687437
"P15965",2025-05-15,4871.47,3882.75468926196,1339.04440066064
"P15969",2025-02-13,3426.32,4412.87745723566,1608.74082192183
"P15973",2025-01-15,1009.26,3091.95884639256,1381.75742269449
"P16079",2025-08-14,5268.5,6135.60403487804,2716.23113776603
"P16155",2025-07-28,222885.49,316939.484378722,97896.8895694093
"P16156",2025-07-20,86337.76,298558.353080243,93392.0579384052
"P16157",2025-10-07,38971.35,361605.668539362,95515.1372219717
"P16160",2025-07-31,3517.97,5223.54577169323,2923.75013056087
"P16182",2025-02-26,4797.45,5389.23136908937,2842.21119544533
"P16213",2025-11-12,61146.66,99357.1643474835,5096.38755810523
"P16228",2025-06-07,3221.89,4542.14813114836,1984.04270852905
"P16355",2025-03-04,1979.76,6659.89341313079,2921.64830977587
"P16371",2025-01-23,19556.54,5892.00514577782,3215.00803435473
"P16381",2025-01-02,35363.96,10762.3976744732,4399.56155578306
"P16382",2025-09-15,7701.98,5332.24563593195,2991.9751033103
"P16383",2025-12-25,2255.68,5888.88685640727,2731.86939343421
"P16384",2025-07-27,2296.32,5567.02484590242,2841.15825395335
"P16387",2025-01-24,953.83,3914.94099338167,3119.86109681677
"P16388",2025-07-28,10865.76,6304.32747510852,3373.219401975
"P16390",2025-09-26,3520.49,4898.94356872163,3596.51232117524
"P16429",2025-10-17,1593.01,4190.00591684757,2579.92447740829
"P16446",2025-01-21,1568.59,5658.9967090573,3389.77869977476
"P16470",2025-03-05,1331.65,8043.22545955365,1767.68645822861
"P16471",2025-02-11,616.64,4478.24353972512,1483.22157749549
"P16473",2025-01-11,2495.43,4372.11415280604,1589.07302015808
"P16475",2025-01-17,1704.79,6114.4540939829,3413.52451596432
"P16479",2025-05-20,1100.58,4471.88510196102,1603.92789934735
"P16481",2025-05-20,431.09,4166.72085516839,1761.74185208521
"P16513",2025-07-31,1178.41,36849.7356525222,3336.10306064268
"P16514",2025-03-31,6521.52,4900.60888185852,3224.88433684629
"P16561",2025-04-19,5377.09,8404.33304220576,3087.84379174309
"P16597",2025-04-24,342.19,5405.26484880905,2428.2211968811
"P16598",2025-05-28,513.35,4354.73468311116,1919.30865926864
"P16615",2025-07-23,4139.71,7462.39216662339,2969.16591192404
"P16628",2025-11-27,1690.1,4255.02474536544,2366.27886836789
"P16675",2025-08-03,3848.61,4440.09956128435,1605.99296553417
"P16884",2025-06-08,2292.25,4398.97751107392,1656.16461639337
"P16892",2025-02-09,1981.87,4704.49316778275,2749.6207775582
"P17003",2025-05-07,6629.09,5780.464763232,3140.2230970024
"P17008",2025-12-11,15190.69,5401.10453562513,3083.33923997695
"P17151",2025-07-13,6227.62,5525.72048056279,3026.76422422361
"P17152",2025-06-06,2066.08,10970.2874852107,3337.61530898475
"P17180",2025-12-09,1741.67,6456.05430792544,3611.12172663617
"P17220",2025-01-21,1660.68,3914.3593715622,1784.13379982334
"P17224",2025-07-30,994.11,4773.09123174258,2034.86410757014
"P17226",2025-12-24,24505.85,9280.14392178806,4442.93100747922
"P17266",2025-02-15,933.08,6252.32655257094,2708.69889835894
"P17318",2025-12-20,4114.86,6030.24505109033,3088.28950230002
"P17441",2025-12-02,8637.6,7280.17510629245,4438.88509492982
"P17443",2025-07-19,13617.46,5869.67348806743,3242.38157510023
"P17450",2025-07-28,36666.17,5746.46075785502,3297.77645733969
"P17497",2025-11-09,3045.59,7078.810384773,2437.46882089748
"P17506",2025-10-08,6463,7371.22146474699,2580.88998932764
"P17515",2025-03-19,7810.69,16720.2535357764,2597.37827853954
"P17528",2025-10-16,3072.67,4663.12565907395,2392.49829397536
"P17529",2025-05-30,3051.2,4718.12688160323,2407.12650224957
"P17904",2025-09-04,1314.36,6323.03354738705,2563.51444561174
"P17933",2025-04-28,9823.2,9235.32332087519,4740.73698305615
"P18187",2025-10-10,6478.99,4232.10697341996,1802.85913591916
"P18265",2025-02-27,10908.9,3828.81601366055,1787.74803173604
"P18314",2025-01-29,9359.16,13144.9259558211,5561.35493211275
"P18322",2025-04-30,1688.73,4862.87976167198,1881.69221221105
"P18325",2025-05-14,599.86,5987.0426557353,2137.40145257259
"P18334",2025-06-07,1555.34,6847.86744351713,2230.29192488015
"P18354",2025-06-19,4129.21,4794.74555918667,3094.98811207281
"P18421",2025-05-27,3923.99,6122.76135708009,2423.48064110017
"P18435",2025-01-08,337.81,8344.48998518089,3670.21074759619
"P18505",2025-10-30,3554.09,4459.95999343698,2654.90209763524
"P18588",2025-12-12,1862.03,5050.19267567699,3148.46732889142
"P18593",2025-02-23,4777.24,4402.69999528567,3412.77854903562
"P18618",2025-09-17,1671.42,11241.6909648494,3296.78384782616
"P18766",2025-11-14,6054.21,7648.92665646179,4565.20423323776
"P18847",2025-03-04,4961.91,5216.60174501464,2641.45226897846
"P18871",2025-09-09,4005.79,4643.39779558224,2804.52749345263
"P19146",2025-11-27,2529.68,6898.57186554799,3500.92030236332
"P19147",2025-11-30,4627.02,5378.06335264894,3108.14422051089
"P19263",2025-08-25,329.81,5664.8359645666,2620.75604621992
"P19285",2025-03-01,1261.37,5669.61426850318,2070.16752120838
"P19372",2025-02-27,3813.48,4982.32158034162,3282.72126057104
"P19374",2025-03-27,1012.72,7641.20067294484,2719.49194103837
"P19429",2025-08-13,8042.25,5906.09574774038,2816.51688549728
"P19688",2025-07-04,20203.72,291495.767639562,116805.310856374
"P19689",2025-06-19,6493.69,5544.18537397557,2963.4066041243
"P19692",2025-05-28,5964.15,5089.04158934878,3242.78435678199
"P19705",2025-06-16,21605.87,6099.95320567055,3157.74251266805
"P19707",2025-06-22,620.01,5809.68899308705,3183.1165385287
"P19708",2025-05-13,4356.34,4955.48542950283,2794.41986743398
"P19712",2025-05-26,3629.72,6135.13550976455,3256.28576092402
"P20126",2025-08-18,7107.61,5661.62415756593,3542.24184376494
"P20128",2025-07-22,633.3,5343.86974303624,3242.80594472646
"P20133",2025-08-06,3947.79,5212.36226029039,2679.33219356623
"P20134",2025-06-18,622.39,6231.46805738662,3280.18858245637
"P20250",2025-01-07,6579.68,4595.15008449462,3473.77173752434
"P20357",2025-02-26,1160.94,8253.62796240662,2231.6416494474
"P20367",2025-02-15,7819.01,7462.1087332454,3407.28152294445
"P20369",2025-08-19,4727.45,7199.03219980235,3041.46586117473
"P20375",2025-03-09,622.15,5867.37853613019,2313.55770337239
"P20419",2025-01-31,2945.71,2937.17855295377,1918.63766740174
"P20902",2025-03-08,2551.53,7967.3626249098,3247.40559928434
"P20980",2025-04-12,2810.39,4054.41544311029,2658.75585027385
"P21063",2025-10-02,24494.36,5886.64676697555,3172.58363481832
"P21093",2025-01-04,4493.89,4827.00767471907,2773.01603955529
"P21099",2025-05-04,5502.41,4688.43938047792,2765.45523208988
"P21153",2025-11-18,1383.46,7843.82182879023,3230.89924802543
"P21188",2025-11-11,1329.72,70583.4179932677,2713.66095949114
"P21190",2025-07-21,1802.56,10828.5800472073,3004.9762178403
"P21191",2025-07-13,1072.41,5334.62048608159,3100.9760439595
"P21286",2025-07-22,3037.68,5269.42668305758,3140.43860447612
"P21377",2025-03-09,3633.63,3605.69389570295,2538.0111874456
"P21380",2025-12-29,38460.84,6614.95682021447,3433.26095580969
"P21399",2025-02-07,5708.32,5591.38380084527,2728.06016179048
"P21645",2025-04-23,3468.01,5678.91263332013,2451.15608243131
"P21647",2025-05-09,1769.07,4936.32939575163,2408.25936539838
"P21774",2025-03-09,2767.24,6931.40007104108,2749.33923291867
"P21838",2025-12-11,10429.67,5149.53878469349,3402.20443105003
"P21870",2025-02-24,567.49,8479.82605934376,2677.55104871482
"P21899",2025-01-18,970.13,5505.20003847718,2433.55704423468
"P21900",2025-10-04,510.69,5548.68277533569,2266.37623342943
"P21901",2025-05-21,862.86,5611.42147465014,2091.83893288117
"P21902",2025-10-13,967.64,5744.69089619041,2312.55097958798
"P21903",2025-06-27,413.43,5883.27097451484,2350.17727842206
"P21905",2025-09-03,950.6,6008.07473801746,2639.07120897313
"P21912",2025-11-04,634.31,8096.72528411666,4267.48076096094
"P21916",2025-12-24,661.45,7250.47371413052,2622.88258848382
"P21918",2025-06-23,901.23,7469.15192198367,2255.03259885248
"P21922",2025-03-24,2465.57,8441.20429161287,3995.99360219286
"P21923",2025-06-13,1248.93,8047.50901415177,4224.36831242258
"P21926",2025-04-21,499.68,6448.57524571784,2332.29942515933
"P21927",2025-06-10,33355.92,6552.27393424487,2378.53605304775
"P21957",2025-02-04,3280.42,6902.04543866573,3316.16172361994
"P22034",2025-06-03,1155.18,6956.29759460516,3234.70638091319
"P22656",2025-10-22,1356.78,6172.90058143488,2908.29507654586
"P22658",2025-12-08,3221.98,5773.33130115745,2834.45943936907
"P22673",2025-07-06,521.95,6151.66615783698,3442.94679901161
"P22679",2025-08-30,598.71,6291.85034162722,3174.72369558167
"P22680",2025-08-09,1982.07,7417.02302693608,4686.50459060123
"P22681",2025-11-23,1642.59,7781.46584710728,3360.44935416101
"P22683",2025-07-26,860.93,6684.88475855449,3376.29405930165
"P22684",2025-08-16,509,6149.92442529689,3098.66770009382
"P22687",2025-12-19,69319.73,7846.79538768112,4425.05641490714
"P22688",2025-07-12,30633.24,6928.75490796071,3296.39883389007
"P22897",2025-02-10,209930.03,33384.2618030832,19040.1924915008
"P23151",2025-01-31,20944.14,5928.80955321965,2811.81332786324
"P23154",2025-02-03,4100.15,7272.63741251652,2220.64527932876
"P23156",2025-01-16,2691.29,11232.2405135715,3090.85784958074
"P23241",2025-11-17,2288.63,5491.85370063781,3518.94365745371
"P23261",2025-10-31,4631.72,4487.3512250341,2330.58206185923
"P23328",2025-09-09,2341.09,6306.72022431618,3535.46172378987
"P23444",2025-11-18,841.41,13220.8565624004,4950.95983048877
"P23521",2025-01-27,256.54,5448.12863073677,3118.24778073669
"P23550",2025-05-05,4449.51,6979.24717607563,3351.53721474036
"P23720",2025-03-24,2711.85,6445.8583662473,3419.02570011487
"P23733",2025-04-12,1280.94,5964.12617879389,3524.55878485624
"P23839",2025-10-26,7880.02,9731.41517001824,4326.61674230036
"P23861",2025-02-01,1967.37,7151.68627067907,3211.52165420459
"P23931",2025-03-05,5255.9,4960.60612839693,2700.09990398335
"P24016",2025-02-16,22045.78,7868.22163565738,3964.64439073572
"P24132",2025-01-24,1718.57,6607.93567754388,4147.1414022699
"P24351",2025-03-02,1694.66,4530.93224689262,1978.7741510767
"P24493",2025-02-06,7891.39,5217.73158949852,3198.73998546834
"P24551",2025-11-23,8946.22,4851.09445830487,3291.82804482842
"P24747",2025-12-20,4006.13,5421.08278471941,2400.28342062708
"P24748",2025-11-16,1358.08,5084.46064981537,2421.75207683164
"P24758",2025-01-28,759.51,5110.30326148714,2558.15749380524
"P24789",2025-02-04,4307.34,7332.72529935558,2394.33897999836
"P24831",2025-11-17,1556.63,5010.77811786541,2736.68020445584
"P24870",2025-02-09,1447.31,7252.30631696356,3579.23219133751
"P24906",2025-03-05,9706.29,4795.58558070623,3307.11026851988
"P24911",2025-04-01,9784.75,4874.77654684125,3305.36279068475
"P24922",2025-10-11,705.45,9636.60876111073,3435.92799250573
"P24957",2025-05-25,1197.97,5414.97775025507,3801.90888515114
"P25015",2025-01-29,34853.51,52925.4075792288,9450.4534529517
"P25074",2025-12-08,3313.93,8101.92391818968,2894.48624655628
"P25148",2025-10-18,5910.52,6392.41295985059,3165.99317692303
"P25154",2025-11-28,1875.62,5959.69103599545,3172.17196842036
"P25191",2025-04-23,392.89,5486.75136356912,3045.01525000774
"P25225",2025-02-15,15468.17,6938.85143663661,3408.82223556262
"P25279",2025-02-12,2280.6,5139.21591459871,3275.63299467021
"P25419",2025-08-12,1497.09,5890.66196305466,2903.5617830419
"P25423",2025-07-20,2510.32,6226.78353059794,3284.9681500188
"P25425",2025-07-31,3145.44,5697.05353367028,3064.04976013084
"P25426",2025-07-22,1806.3,5996.60631983454,3296.89303238795
"P25485",2025-12-10,3255.71,4905.4008765762,3173.4323723346
"P25487",2025-11-27,16941.02,4995.4120449667,3241.1286625485
"P25502",2025-02-13,2693.47,7186.52087877535,2778.12714824678
"P25691",2025-04-23,3307.29,5438.18292053586,3034.17849137904
"P25693",2025-05-05,9002.91,5467.40993943101,3040.34689978913
"P25979",2025-10-29,4907.01,5551.81621437481,3592.90699271755
"P26047",2025-11-02,3836.07,4982.5497836431,3030.9135693452
"P26383",2025-02-15,13362.83,6468.48871127531,3283.40326218615
"P26393",2025-10-25,4584.26,4383.12810697461,2317.03167079706
"P26439",2025-11-30,13911.07,5947.689935201,3215.27105998545
"P26461",2025-04-26,5274.93,5739.46397157272,3413.12006234362
"P26540",2025-07-15,120733.12,343498.116425995,118063.517068893
"P26574",2025-02-18,5087.92,5306.43268652301,2885.58054731591
"P26684",2025-02-12,5078.18,3725.58819557519,2701.22232429931
"P26726",2025-05-20,1873.43,4405.70477895197,2122.20670246656
"P26729",2025-05-01,994.84,3489.29307765323,1522.90238791562
"P26732",2025-02-13,12397.55,3583.8744318105,1686.99489679101
"P26734",2025-02-27,2075.2,3683.84237185384,2092.21434369796
"P26778",2025-02-27,911.31,4256.70129358535,2753.94068582235
"P26807",2025-01-19,463.23,3382.47708469461,2336.25331898466
"P26863",2025-08-13,1739.35,4724.13213036299,2651.33438273039
"P26973",2025-08-10,1395.87,5928.18492030934,2820.12051895566
"P27048",2025-06-07,774.45,9090.44202761012,3491.37046070425
"P27153",2025-12-02,1934.96,4046.42808918552,2885.61456169534
"P27174",2025-11-23,2835.31,4094.79581666627,2792.69125257331
"P27212",2025-12-02,21799.86,7035.19999842969,2488.97044990175
"P27218",2025-12-14,11429.08,6747.96060748364,2416.42466012192
"P27229",2025-11-07,2700.32,6912.20029451503,2583.16368071552
"P27241",2025-10-29,8466.26,6244.94430095131,3479.17900272339
"P27242",2025-10-29,6561.96,4919.61800615184,2663.9334208983
"P27295",2025-05-31,576.4,6590.5547285773,2484.87856007941
"P27296",2025-07-17,4160.55,6668.62505639219,2745.21477869365
"P27299",2025-04-12,2736.74,6011.26414514729,1814.25960684577
"P27340",2025-11-19,607.86,13974.8323856112,2560.19983541325
"P27410",2025-11-05,1338.2,6681.46147181609,2849.28382405068
"P27414",2025-06-28,4851.12,10156.3087109028,2705.83373484499
"P27416",2025-03-07,918.96,11556.317135206,2815.7528348395
"P27504",2025-09-08,1145.45,5057.26916400008,2148.44969161444
"P27508",2025-06-06,24604.27,10962.3956381067,2370.14418968806
"P27516",2025-05-23,4390.05,7443.21315483411,3763.30178866225
"P27517",2025-05-03,2300.91,6643.69592546681,4056.32659325718
"P27518",2025-01-15,5029.03,5652.74120962638,3153.71628993976
"P27519",2025-02-14,750.45,3820.73262350911,1674.27113335323
"P27523",2025-01-14,12213.39,5978.34653501864,3524.2533047576
"P27545",2025-06-01,170946.12,5819.57157054822,1739.16677794465
"P27547",2025-05-10,1151.48,3584.48518723676,1496.32195829336
"P27553",2025-04-05,9471.36,3458.51754126583,1676.20529285156
"P27555",2025-05-09,3123.44,4106.65539032214,1707.78812018236
"P27560",2025-01-07,4896.07,5033.66498278689,1940.99907526749
"P27561",2025-01-26,1535.17,5052.53428096323,2208.48445760473
"P27566",2025-01-16,2419.74,5945.31807120502,2651.18124479574
"P27577",2025-05-05,1577.17,3687.47309313025,1421.68519589854
"P27580",2025-01-13,751.19,3370.55122949233,1356.63590896124
"P27586",2025-05-11,3588.57,3350.52612558282,1398.20850127631
"P27587",2025-04-02,1107.85,2782.2437382828,1229.13070669297
"P27590",2025-05-06,809.7,4775.05332766392,1818.45052721176
"P27598",2025-10-09,8355.27,8364.08770106768,4504.89056862528
"P27600",2025-05-24,3627.11,8364.11489300789,4629.48293314412
"P27607",2025-02-15,2876.18,5321.37255810657,1720.26077163029
"P27609",2025-05-01,758.25,4658.99628244072,1732.90868726949
"P27620",2025-08-09,1434.44,6528.48239079913,2852.95259280316
"P27627",2025-03-07,446.06,4930.60064903476,2263.02011629819
"P27628",2025-03-26,691.45,4770.52331136375,1928.66619972294
"P27645",2025-06-10,290262.56,46251.7486640389,7178.55779163581
"P27648",2025-06-29,86275.05,7310.89213275267,3267.39680624904
"P27649",2025-06-07,2627.08,7508.93586097836,3330.534775256
"P27723",2025-02-16,724.99,6357.77245891237,3003.47600362258
"P27734",2025-11-01,1788.41,10807.0650224412,4612.56317923697
"P27801",2025-10-02,3309.42,7848.4304692854,2634.34398984887
"P28236",2025-10-02,121173.49,209738.043465724,99059.838592335
"P28239",2025-08-21,2085.89,6080.72935823605,3377.06579191946
"P28241",2025-11-17,54993.71,121885.609859363,19779.3239288532
"P28242",2025-10-04,7909.64,85880.3759717277,18757.7548020892
"P28246",2025-10-09,1035.3,7118.58571350963,2617.80744739005
"P28253",2025-10-05,2558.4,7603.476295239,2731.97937378464
"P28254",2025-08-30,19224.03,5875.12413773361,2575.19848115284
"P28257",2025-11-16,571.2,5780.3169787855,2607.83311497698
"P28302",2025-04-02,7998.92,5345.92404493377,2919.62031815913
"P28303",2025-05-06,762.02,4877.48481519365,2879.66416946747
"P28304",2025-02-27,16908.51,4907.28085505234,2989.45813932498
"P28389",2025-02-06,1515.39,12915.4910287351,4695.44262740041
"P28416",2025-11-15,2296.36,5626.3377562329,3481.15465001854
"P28472",2025-06-10,2065.01,5259.60129728464,2788.52748242301
"P28488",2025-08-03,4676.94,5941.06192482242,3162.54366408039
"P28526",2025-10-07,1873.1,7528.45253932766,2606.45990422422
"P28541",2025-08-31,2648.87,10231.5078205757,3219.34648846753
"P28707",2025-05-25,3268.5,70867.0627653829,9769.94027656724
"P28714",2025-10-14,17423.53,6717.71227054469,2543.50550291796
"P28732",2025-04-27,2312.41,6093.43087393399,2334.22015550642
"P28740",2025-12-05,2101.76,9790.63177806701,3049.73263175052
"P28776",2025-02-03,3735.95,7878.11258492568,2961.29780473578
"P28859",2025-05-07,604.42,5954.88010367972,2551.27154954075
"P28862",2025-03-30,2801.4,6845.3954665693,3989.41185198518
"P28877",2025-06-22,2052.68,7572.64982960903,3921.88961530317
"P28878",2025-06-19,2035.1,6517.42213947236,3571.17606070043
"P28882",2025-02-11,4975.14,8718.30979995202,4956.14800963681
"P28883",2025-08-02,771.93,7898.15089120376,3204.48910711674
"P28884",2025-05-14,764.72,7011.08433191429,3363.62596575955
"P28885",2025-05-20,114127.3,305628.218691289,98359.3842280725
"P28886",2025-03-29,471337.07,292930.04558939,98207.9383769179
"P28894",2025-07-09,3493.03,6083.38049300524,3427.36968081286
"P28895",2025-07-19,496.59,5707.25106514691,3309.11245697549
"P28898",2025-07-22,13699.29,6095.8762850068,3259.31393175283
"P28900",2025-07-22,1073.9,6035.0846945026,3116.84923362314
"P28902",2025-07-22,2345.04,4594.72068628934,2422.52729925015
"P28905",2025-07-13,769.76,5284.01014644332,3138.0355763594
"P28908",2025-07-17,458066.76,272366.91476408,91086.96726814
"P28912",2025-07-26,725.49,5091.9217007658,2636.29025693326
"P28919",2025-03-26,1884.67,6701.73743759026,4518.32744089514
"P28931",2025-10-11,1020.33,5664.27116353256,2933.66879242063
"P28935",2025-08-14,2373.95,5582.12590100284,2757.54517183442
"P28937",2025-08-02,3699.2,6918.21884544696,4440.10916244723
"P28945",2025-08-09,4921.39,5255.116945272,2911.25345041964
"P28946",2025-08-09,4166.31,5310.30574736813,2734.99853818026
"P28947",2025-09-23,801.4,5494.91639162324,2912.18379989533
"P28948",2025-01-11,2606.24,7968.48432350294,3378.03051311212
"P28951",2025-07-18,349.21,5457.52839766422,3084.86761540972
"P28952",2025-08-09,2563.75,5759.11307424813,2765.96883257389
"P28953",2025-08-10,3581.93,5922.29680098142,2869.90752734057
"P28955",2025-03-08,30262.49,3629.397191567,1575.82923852542
"P28961",2025-12-11,5429.71,6388.56556069238,2461.38825781824
"P28963",2025-09-26,3927.55,4477.87933511349,2026.37313936463
"P29034",2025-11-04,1026.49,7876.00613763357,2475.05761549036
"P29041",2025-01-27,7798.91,8978.40493071451,2339.31698100786
"P29043",2025-03-31,4095.33,7013.47946574856,3554.07266332132
"P29047",2025-12-30,3303,6801.87543632617,2499.18650966855
"P29064",2025-02-12,3036.58,5076.31766421406,2208.65604322433
"P29066",2025-05-18,1752.64,5187.20798330433,2244.69511633276
"P29073",2025-05-20,8726.28,6891.68355734421,2690.41065980546
"P29083",2025-02-23,10796.64,11458.2978385325,5878.8725680248
"P29087",2025-05-29,9673.19,12768.3925974874,5625.30697732162
"P29101",2025-01-08,1216.61,4630.17162357255,2006.11221317301
"P29104",2025-04-29,5191.65,5030.59888956315,2184.84743062653
"P29106",2025-02-11,4658.74,4655.79731631482,1951.13529480577
"P29107",2025-07-30,725.04,5821.8594445829,2761.06009787326
"P29173",2025-02-02,3738.3,3514.57997548796,2009.09031188704
"P29193",2025-03-03,683.56,3852.15412937413,2033.13488281411
"P29211",2025-07-25,1464.3,10663.6604894275,3576.65019677543
"P29214",2025-08-09,3295.39,5092.85568831522,2734.35317824894
"P29217",2025-10-22,7899.6,4386.45920466042,2443.15633960989
"P29244",2025-01-06,2150.26,5278.15638553401,3266.24385095996
"P29256",2025-11-07,757.12,5258.24649989341,3572.02149176457
"P29269",2025-12-14,1940.5,7692.71905290654,3492.94496539071
"P29293",2025-04-14,2199.05,4984.92641251988,2936.92772721655
"P29295",2025-11-03,9644.25,36520.6871313028,3904.42687974627
"P29344",2025-04-23,2096.32,4737.6037827783,2261.09664033074
"P29345",2025-05-08,403.29,4732.43503537776,2231.02566851987
"P29393",2025-01-11,5579.94,5870.33804640963,3173.04350339979
"P29432",2025-09-06,1108.92,14950.8100368458,3325.18210588599
"P29446",2025-02-17,2244.29,8458.44705030154,3507.76681193102
"P29476",2025-02-24,2334.49,8230.58841037283,2825.12129139422
"P29482",2025-02-01,2219.36,15853.1898147713,2297.61552880997
"P29490",2025-04-03,2231.36,5303.74518410636,2340.67438271392
"P29496",2025-03-16,2233.7,5446.5808853528,2891.40567865748
"P29505",2025-05-03,55514.51,6145.72858524002,2896.87795542124
"P29524",2025-01-15,2515.76,9796.27480429107,1790.03445280127
"P29530",2025-02-23,6086.22,4421.66857270844,1627.30582159872
"P29605",2025-02-16,633.3,7667.28232149173,4129.59034937346
"P29733",2025-07-25,8708.62,6504.19279468973,3736.15070802416
"P29770",2025-03-17,3496.05,6148.31777869937,3506.67842442265
"P29778",2025-01-19,3020.88,5683.34306480695,3012.39922364846
"P29793",2025-01-12,2983.02,5782.64804315032,2425.87524266219
"P29918",2025-11-09,4724.08,360152.155932812,38168.6899150376
"P29982",2025-11-28,1273.9,7951.74893179952,3348.13000101857
"P30033",2025-02-03,2949.63,3273.68710069135,1709.58515281437
"P30036",2025-04-16,817.52,3474.63699622688,1646.45044103745
"P30038",2025-12-01,7683.75,6998.50936284379,2142.22974710089
"P30039",2025-09-24,282.55,6020.28143867283,1999.15781659463
"P30040",2025-05-20,4857.11,5187.83096138425,1588.89150338989
"P30043",2025-03-24,2611.22,5653.02285437661,1584.00801635558
"P30047",2025-04-25,3163.28,5424.5958724095,1655.24648830652
"P30048",2025-05-01,1608.7,6393.85587947694,1975.83115863597
"P30049",2025-02-26,875.12,9210.13111980717,2089.96162297466
"P30096",2025-12-11,24845.61,6414.53267193692,3408.47975325892
"P30261",2025-05-29,6965.87,10465.2240328807,2729.46630897805
"P30286",2025-01-12,9324.38,6190.72378788882,2277.55049121237
"P30301",2025-12-23,442.27,11487.8413645542,3325.15580236939
"P30331",2025-12-23,2396.02,7009.58519313503,3001.84755375768
"P30462",2025-06-08,1043.82,5872.1849206241,1952.89190020795
"P30469",2025-02-18,14802.66,5277.34922990798,2044.77011086551
"P30471",2025-06-15,9457.42,5033.26558733055,1970.12486885792
"P30474",2025-05-05,803.8,4231.82875783791,1745.511453892
"P30475",2025-04-11,5555.26,4389.3200863381,1699.42102773381
"P30480",2025-01-17,1079.98,4895.78865924107,1808.62541685234
"P30481",2025-05-09,15558.9,4423.81142300842,1842.0973899237
"P30485",2025-02-16,5632.1,4072.34762977596,1719.26856047155
"P30487",2025-01-09,4536.25,5002.09313532179,1886.06795582689
"P30491",2025-05-23,2376.8,7257.80118075209,2421.43030967063
"P30492",2025-05-08,4730.34,8495.71455101133,4664.23511496097
"P30493",2025-05-04,415.95,9147.95621081972,2673.26930607495
"P30494",2025-11-15,5861.31,9577.3257841013,2858.60736343771
"P30500",2025-03-11,787.16,9647.61711792965,4148.41990840689
"P30501",2025-06-19,3207.09,11808.4718792838,4177.91835985738
"P30506",2025-03-13,3432.61,9079.2595441674,3664.8395395391
"P30653",2025-12-29,7814.26,8235.95907902271,3073.90909647634
"P30746",2025-09-23,3542.51,3987.72992585547,2482.20198457081
"P30776",2025-01-23,1008.8,8117.89450599769,2812.62877926329
"P30809",2025-11-24,19926.63,4159.06809419926,3027.46614739898
"P30871",2025-01-01,44489.17,5031.08199718533,2978.29776616413
"P30880",2025-10-26,1116.08,4311.19344346649,2902.46157082533
"P31178",2025-11-28,3484.55,5492.76437009319,3059.38560969909
"P31338",2025-12-02,1241.21,8960.7777387037,2847.59907598978
"P31339",2025-01-14,12254.47,5242.84248811917,3996.13584951443
"P31367",2025-04-03,2615.88,5328.62838247988,2865.42128760167
"P31370",2025-05-20,623,8197.25482402797,2716.97312374895
"P31444",2025-11-15,23692.72,5064.76861279272,2139.29921093108
"P31462",2025-05-02,11584.17,4311.38387920068,2136.58970196906
"P31465",2025-05-30,3535.11,5833.50848012774,2413.52554383669
"P31503",2025-02-16,42183.78,7438.00351164938,3390.79692054026
"P31612",2025-03-22,41572.05,364677.198377179,119808.892143029
"P31636",2025-07-16,10036.61,86214.2453885633,19038.0695070534
"P31638",2025-12-10,8601.32,70992.2375290373,17019.9074241721
"P31643",2025-10-13,3186.57,5798.40029344492,2864.27741303827
"P31648",2025-07-15,2370.72,6315.08999998228,3044.02109046127
"P31715",2025-12-02,2166.77,5835.24045778631,2848.969131759
"P31770",2025-11-23,1607.61,4801.06360407507,2747.41678891029
"P31810",2025-05-16,3234.84,4579.46878287952,2056.63244636497
"P31815",2025-01-22,19933.05,5130.69408889809,2302.97824746695
"P31816",2025-02-10,7479.77,40890.0696084119,2778.2806431741
"P31818",2025-01-21,6432.72,5143.71971776457,2321.99659701195
"P31848",2025-12-31,457.91,5153.84803919935,2364.23637287596
"P31880",2025-02-15,3637.4,4403.37223017824,2430.87826996119
"P31918",2025-10-29,1226243.55,490439.527666023,46950.4367652163
"P31930",2025-08-20,4625.98,5492.31598088832,2318.56225770839
"P32231",2025-02-02,12658.87,29101.0224878302,12876.9396461353
"P32310",2025-12-03,234731.26,92746.2116083453,13231.1456251861
"P32367",2025-09-29,1238.72,8721.12426496988,3209.46979196353
"P32444",2025-10-27,20497.94,3923.59630639773,1867.35680258036
"P32686",2025-07-19,2842.97,8036.18955308163,2621.01114160915
"P32687",2025-07-25,172062.84,411687.51124267,93716.9579742271
"P32783",2025-11-27,754.23,4489.44799727347,2891.16088392333
"P32925",2025-10-20,11094.16,7469.99207033517,3547.42174819301
"P33324",2025-01-05,7994.49,11887.1402773728,2854.61410563335
"P33542",2025-12-06,5303.11,6267.0972259561,3431.3540131101
"P33584",2025-12-19,6344.18,16851.1247959752,2688.78200655004
"P33807",2025-02-18,648.81,6225.70424434562,2543.43595757379
"P33832",2025-03-03,4052.46,5701.28080921659,3258.21530821571
"P33850",2025-02-12,6852.05,6105.07812702724,3125.49081318437
"P33856",2025-12-25,104186.24,510565.626579858,84834.7220344436
"P33927",2025-12-12,15162.61,108608.426173257,17064.7605593685
"P33935",2025-10-19,143804.42,116640.170421126,16492.2156980597
"P33936",2025-11-20,5969.27,108321.284726328,17021.9257088881
"P33942",2025-07-14,208187.96,53125.08123221,15831.996739127
"P33973",2025-11-28,9936.9,293566.174422439,83346.6212736536
"P33974",2025-12-29,78315.19,43932.8414907208,12909.5671309809
"P33976",2025-09-21,4278.31,9072.47690792906,3750.79771300572
"P33982",2025-11-25,35272.17,62780.6255163278,6742.31741577928
"P34142",2025-07-18,631.67,6288.24941675999,3254.67205457606
"P34143",2025-05-12,3616.89,7121.46153006821,4431.66866542173
"P34145",2025-07-19,2812.5,5961.29790208237,3161.03245833745
"P34146",2025-03-10,2110.12,5418.17897606045,2891.53763391507
"P34147",2025-10-13,26652.29,5430.8964809785,2681.17891419408
"P34148",2025-06-13,4153.95,5230.97253053276,2807.43208196676
"P34190",2025-02-20,1287.06,6744.1252494201,3259.844762286
"P34192",2025-11-11,6984.02,6551.17921167367,3358.32774923806
"P34227",2025-02-12,396.82,7925.41652362956,3610.17245362606
"P34259",2025-12-04,4165.68,5141.17512236153,2570.93156336646
"P34280",2025-11-20,823.03,4138.72753157199,2119.31047194781
"P34281",2025-12-29,850.97,4304.13490442617,2161.18986480173
"P34288",2025-02-09,1003.47,4996.20628933655,2643.0343674295
"P34391",2025-02-19,14462.97,4521.20914190116,2870.79342306412
"P34393",2025-04-18,605.44,4550.66150960767,2926.45933999702
"P34394",2025-07-21,695.45,4538.34895109461,2602.37273953027
"P34396",2025-08-13,1375.7,4527.5769207109,2752.73851503278
"P34397",2025-07-27,529.51,4691.57227319561,2666.15604503596
"P34398",2025-02-15,17556.55,5251.47459360574,3087.87423517369
"P34400",2025-03-16,581.67,5275.75912487955,3107.49924845174
"P34401",2025-07-30,1082.96,5176.15557603647,2851.64021078244
"P34402",2025-02-19,1058.84,5269.95404832846,3099.93456585126
"P34403",2025-03-22,3365.8,6202.89948362899,3388.30961999727
"P34404",2025-08-08,105487.28,5792.50565640181,3722.77283838523
"P34406",2025-06-10,69914.36,298467.70932963,101221.663606656
"P34407",2025-05-11,85252.52,294722.565775611,92920.966703027
"P34408",2025-06-17,504.05,6729.91307665961,3391.54032247685
"P34410",2025-04-30,1876.66,5169.89266710244,2497.80200366899
"P34414",2025-10-01,1032.89,5263.93373468743,2510.7780971559
"P34418",2025-04-06,39983.21,278272.994810811,81570.7553922402
"P34419",2025-09-05,3352.17,4973.96815784972,2858.55565155354
"P34421",2025-07-18,863.73,5811.62433156328,3392.71592938481
"P34422",2025-03-15,2896.75,5011.84474458619,2857.79805451248
"P34425",2025-02-28,475.1,4878.44673270562,2814.05439496831
"P34426",2025-05-02,1387.82,5180.61631588168,3080.27445417719
"P34430",2025-04-15,1141.81,5923.20342936832,3328.61071071125
"P34432",2025-01-26,25557.27,6046.75126361845,3543.46546137578
"P34433",2025-06-27,991.55,4692.21241523283,2729.4394253719
"P34435",2025-03-08,1155.74,4419.13526805931,2636.33643567301
"P34436",2025-03-28,26996.78,4407.35673044567,2666.6139652272
"P34437",2025-02-16,3807.13,4650.15602531468,2775.01441368156
"P34438",2025-07-18,2700.09,5534.91207446427,2916.11519692574
"P34440",2025-08-12,9190.15,5137.86674597405,2698.71888110299
"P34442",2025-05-22,2695.53,4555.4211487067,2627.24450929933
"P34443",2025-05-21,7420.97,5121.99176002334,2579.60823838249
"P34452",2025-02-08,7798.53,9215.21173500066,4094.80801754435
"P34454",2025-05-22,894.74,4783.58123644482,2593.74442293186
"P34455",2025-03-04,656.24,4958.76782240297,2559.2097187359
"P34456",2025-02-08,19027.56,4604.81974126429,2655.28009414423
"P34458",2025-01-04,267149.6,184852.026135454,112287.408063651
"P34459",2025-03-03,18890.54,299498.202258251,129116.939779883
"P34462",2025-05-10,6277.15,5157.54379515377,3062.6809379268
"P34463",2025-01-23,30233.08,260703.144831519,100095.953210821
"P34464",2025-04-17,15036.57,5855.76260355087,3981.77224351073
"P34465",2025-03-29,3451.55,7237.96110670307,4138.77933199452
"P34466",2025-05-23,1575.83,4274.28993422112,2469.95563966521
"P34471",2025-11-06,583.08,5992.17286013762,4095.34768086441
"P34515",2025-05-07,2075.59,5335.26579199812,3012.79758894217
"P34516",2025-05-21,3659.99,5778.4277098967,2999.95466077114
"P34521",2025-07-11,1234.74,6189.69278035107,3209.52848728971
"P34522",2025-10-05,1394.56,4706.46392498655,2326.15381045331
"P34527",2025-10-17,405.29,4831.77219939333,2401.43050473756
"P34528",2025-07-06,615.44,5790.55784875453,3104.75124935378
"P34529",2025-08-06,7131.22,5299.41870811756,2614.66174045426
"P34562",2025-11-13,1922.72,4498.12084103896,2563.36064110598
"P34629",2025-10-22,4245.43,5018.13180661477,3303.98445827598
"P34723",2025-02-13,5543.01,4514.09220300359,3178.22967627396
"P34760",2025-04-07,4948.49,184404.024664563,31420.3203611088
"P34854",2025-11-06,4901.85,6189.1017958999,2926.09759989497
"P34856",2025-09-10,3861.62,6433.06673216927,2951.57653427339
"P34857",2025-10-20,5513.82,6524.31925488954,3051.41877648137
"P34870",2025-12-24,2978.9,7550.04918184765,3536.76938564686
"P34879",2025-08-10,50706.67,5116.03927975451,2098.95406410325
"P34889",2025-10-24,58396.09,5455.88369328884,2193.87222586314
"P34891",2025-12-25,1542.76,6354.62754899031,2159.07009425376
"P34896",2025-11-16,3905.24,5431.44584360975,2113.14599320402
"P34898",2025-11-13,4077.99,4949.85793431893,2100.59234444891
"P34899",2025-10-30,1001.96,5081.68864966081,2154.05806378293
"P34901",2025-12-14,1071.46,5340.33078932886,2110.35545997888
"P34902",2025-11-11,1060.75,6069.13493064512,2195.03703122659
"P34959",2025-12-22,2275.59,5421.31762738607,2823.53854815798
"P35002",2025-04-10,3504.22,7000.05835699131,2689.64398355197
"P35040",2025-10-24,2097.85,5079.97070366546,2961.01823548969
"P35078",2025-06-09,16000.74,12263.8765133935,2892.38991363436
"P35081",2025-11-28,59753.69,23846.7885075074,2395.62618161209
"P35098",2025-12-05,4765.52,59989.2275017743,3835.90354986025
"P35167",2025-11-14,684.07,7339.65850046947,3433.18273780088
"P35169",2025-11-15,727.81,7306.62941701443,3374.5206573079
"P35171",2025-11-09,1910.04,7331.5526094536,3554.95570033429
"P35238",2025-05-19,197674.86,186609.094213362,70485.8932215865
"P35275",2025-11-06,67936.67,218194.210992409,97068.970981999
"P35309",2025-10-21,1145.48,7117.83278724232,3725.8636424209
"P35312",2025-09-09,15266.06,8554.7564894446,4044.84367354678
"P35313",2025-10-23,8238.3,6917.92109306723,4348.2755719915
"P35317",2025-07-27,1587.86,6882.50710864478,3965.89843408008
"P35318",2025-11-08,2140.27,6973.98795644294,3705.24875335895
"P35321",2025-09-30,640.84,7451.93635221699,3783.66016533466
"P35323",2025-12-30,1528.49,7705.7824621118,4154.66952437474
"P35325",2025-09-12,2086.97,8851.73294576984,5000.18012948578
"P35327",2025-09-07,14303.23,8718.15974268009,3483.18993342385
"P35328",2025-09-26,1930.94,8046.47246370244,3834.19512269619
"P35330",2025-11-19,218939.73,53500.8318934446,14700.5816353079
"P35334",2025-07-31,19867.49,7102.36170023758,4304.51347792665
"P35335",2025-09-08,311.14,8712.26614813134,4273.20757457109
"P35336",2025-09-21,1850.17,7220.37948689998,3923.92998900643
"P35337",2025-09-09,1342.65,8965.32326655844,4361.28301795362
"P35338",2025-12-25,2412.95,7611.14521357898,4035.3328859803
"P35340",2025-09-30,10442.21,7421.31782469584,3767.56803913121
"P35342",2025-07-21,11069.73,7338.47199797766,4632.68727634017
"P35343",2025-10-09,5529.86,8314.44758267747,4350.80891155258
"P35344",2025-08-24,18466.54,7535.36705930866,4666.29414226683
"P35345",2025-10-28,294.95,7372.36492073285,4196.10755786574
"P35346",2025-09-10,8335.9,55803.9556437628,15577.8473194119
"P35348",2025-09-20,3246.97,7309.99478245865,4213.7147520049
"P35350",2025-11-20,117379.14,50402.0770483051,14585.1397735471
"P35353",2025-11-09,14798.67,55397.4905087727,13318.0786696709
"P35355",2025-11-03,6576.6,55247.2907660805,13220.9553094008
"P35356",2025-06-21,5110.99,52179.2330740155,15173.0556290594
"P35357",2025-09-16,110294.54,57902.7641843194,13157.185673035
"P35358",2025-11-23,5517.85,57592.962262841,15354.3241105891
"P35359",2025-10-09,21765.78,53180.4728817815,15188.9501764739
"P35360",2025-12-02,17821.45,61084.659673628,13949.9505752685
"P35361",2025-09-17,16166.27,56109.8281069142,15724.8543718342
"P35362",2025-10-27,23642.24,7908.05918657706,4170.85809306483
"P35363",2025-08-16,7831.94,53761.2775591364,15332.995795501
"P35512",2025-09-19,17715.31,57535.1146610834,14912.9365723894
"P35513",2025-11-04,1821.62,8115.62145934071,4453.87298347217
"P35514",2025-10-01,4787.19,56519.068300938,15158.6852607399
"P35515",2025-09-09,45988.81,49734.7074929886,15062.9054877907
"P35516",2025-10-11,8243.98,52770.2530502908,15592.5851379807
"P35518",2025-05-12,895213.87,53398.7527731626,14537.0532618722
"P35644",2025-04-29,3772.77,72627.9513742782,7398.55920514155
"P35972",2025-03-04,1592.8,4436.18271877151,2823.94762447241
"P35973",2025-07-06,22205.81,321395.772161814,112552.892718503
"P35974",2025-07-14,125663.23,317307.723688682,111885.032875929
"P35976",2025-07-07,1400.28,4683.04917154383,2544.03217535551
"P35998",2025-07-05,323902.86,344561.298687126,143296.319435939
"P35999",2025-07-25,13891.73,4608.91502308085,2189.74509543895
"P36005",2025-08-02,441.23,4634.04842531521,2088.13348073249
"P36007",2025-08-23,73627.39,4218.89740457447,2165.34230673124
"P36008",2025-10-30,6645.05,5108.95391191145,2283.32241240096
"P36009",2025-08-06,810.5,4484.83113051933,2094.16409133813
"P36013",2025-06-28,263080.29,287223.856187196,104431.073978946
"P36017",2025-07-16,4670.22,4798.64359307606,2338.43713743042
"P36039",2025-12-31,1647.61,6000.10881636803,2973.87684819031
"P36100",2025-06-20,703.19,7916.21859853023,4241.00774526461
"P36165",2025-12-06,764.63,6707.55386256997,2895.43094407236
"P36183",2025-06-18,3853.53,5199.48609398902,2773.06121002926
"P36184",2025-03-12,4033.56,5260.78985048785,2769.85891991115
"P36199",2025-10-31,1171.67,4790.45424306842,2702.19993751687
"P36232",2025-11-06,8658.67,5755.74203060625,2863.11691562927
"P36250",2025-02-06,3011.02,3945.97495699683,2444.42296551479
"P36268",2025-12-25,4692.74,4673.13019919697,2445.10480380217
"P36281",2025-12-16,798.81,6000.43288297635,3197.89288304127
"P36370",2025-11-14,15008.02,3574.7877772773,2603.71479044853
"P36371",2025-03-17,1734.96,6212.82197653023,3686.72466068533
"P36412",2025-11-13,1195.82,7648.2015758826,3251.13981227355
"P36418",2025-04-19,1942.59,3809.88684766604,1793.2617376649
"P36527",2025-11-14,1196.16,4116.35276606103,2753.61884369314
"P36529",2025-07-13,384.9,5386.12694101813,2454.01448170412
"P36567",2025-10-17,6420.18,4954.66884932288,3281.55062961688
"P36636",2025-11-26,1180.17,4622.05493695117,2687.28543624341
"P36671",2025-12-18,39584.79,68542.1056895812,6181.46809481491
"P36707",2025-06-19,44362.15,37325.0656043897,5213.19309328545
"P36708",2025-06-14,137942.12,27035.4794304118,4961.8150377124
"P36710",2025-06-14,7435.72,26132.3099335315,5117.87974500393
"P36724",2025-02-05,2753.93,5754.34320026135,3896.92489150455
"P36770",2025-11-12,700.65,5805.98853105601,2677.43588172518
"P36840",2025-02-11,959.22,6149.60208615628,3722.62670236071
"P37038",2025-01-26,12764.81,36197.751143591,3707.1327758388
"P37059",2025-12-21,7119.64,5878.94818378985,3187.36705813354
"P37114",2025-03-19,478.29,8393.97761177852,2729.70104084621
"P37124",2025-11-27,3462.3,5487.6971779733,2969.72025320709
"P37131",2025-05-12,4455.58,4353.74204446562,3239.03370176902
"P37270",2025-02-01,5419.23,4158.91021300582,2946.32657724865
"P37286",2025-07-15,1227.03,5451.30329723797,2890.5836040792
"P37290",2025-07-19,9867.55,5467.03658909209,2822.49791291416
"P37291",2025-07-09,1692.55,5637.38079071798,3052.06459383664
"P37292",2025-07-04,4150.72,6617.3765337817,4349.72544486508
"P37295",2025-08-02,614.95,5219.70020688613,2587.73569363075
"P37297",2025-07-13,713.11,5301.69142061722,2660.08823260431
"P37298",2025-06-16,3264.99,6096.14297763712,3252.04729235018
"P37299",2025-10-01,177013.9,357051.391989713,94495.3951842284
"P37302",2025-11-04,885.1,6627.86430067846,2647.9993996893
"P37303",2025-09-22,943.42,5515.83343314767,2594.39762106456
"P37304",2025-07-19,9071.92,5798.81609598944,2837.34703604636
"P37305",2025-07-14,1703.9,6760.58510819545,3053.62854425754
"P37306",2025-07-16,7013.56,6559.41500439619,3060.12312194251
"P37314",2025-08-04,360079.84,316627.310494605,106725.621773365
"P37317",2025-06-17,473903.12,283379.509930775,111204.426972214
"P37319",2025-10-20,643.48,5766.84023057582,2798.81584697399
"P37322",2025-10-09,870.07,5693.54707535201,2670.24910852223
"P37323",2025-06-30,783.01,5455.30862012438,3147.57383360228
"P37326",2025-06-29,1089.6,5741.97439742068,3148.72157853747
"P37328",2025-07-23,112766.09,311283.405092816,106401.093768493
"P37329",2025-11-17,3627.84,6625.83024395995,2793.72710630988
"P37330",2025-12-02,763.7,6151.81894082803,2807.80190563586
"P37360",2025-07-02,20538.97,5316.17305214555,2881.20406050077
"P37362",2025-05-23,288690.71,276919.49856214,88114.9613210169
"P37363",2025-07-12,2970.91,5273.01045969089,2819.33490298262
"P37366",2025-07-23,1205.3,5458.30422016565,2721.48160533487
"P37369",2025-08-06,20243.69,345847.907494821,161053.677859984
"P37371",2025-10-28,19123.62,5088.96167270477,2537.98647539515
"P37372",2025-07-16,7147.41,7752.15966313749,4513.57694869794
"P37375",2025-08-10,2113.99,4369.20819970298,2599.16828985503
"P37376",2025-11-07,671665.46,362381.266741073,100720.543852855
"P37377",2025-05-13,548.37,4263.2794095775,2851.8752280867
"P37378",2025-04-19,41715.53,285089.500941003,79782.2997719972
"P37379",2025-12-02,571.24,6579.12401774965,2961.34232563648
"P37381",2025-05-26,43164.62,294669.391748244,79465.7232615112
"P37460",2025-03-02,4833.17,7794.44966037398,2937.42106982427
"P37513",2025-11-30,16415.43,6577.74972891077,2956.05078693497
"P37562",2025-08-11,1126.46,4998.86427591803,2680.58468177991
"P37563",2025-07-19,155064.61,308787.909126139,117209.590991918
"P37564",2025-07-13,801.8,5448.12420449854,2702.73426427977
"P37566",2025-10-05,5304.69,6555.68500707374,3883.16108882551
"P37584",2025-07-25,77623.77,299322.621010054,78811.0192782418
"P37585",2025-07-19,4773.55,5433.34118394223,3112.36737485115
"P37586",2025-07-25,3265.51,5847.74727055476,3029.13061444997
"P37588",2025-08-25,7221.15,4952.74286646034,2825.93000087706
"P37589",2025-06-25,1152.43,6208.44215107876,2975.70328593688
"P37590",2025-07-08,4147.89,5591.4374342916,3133.60679896708
"P37591",2025-08-18,1128.52,4837.9956978681,2794.39712890161
"P37593",2025-11-26,332.1,6289.09418663959,3072.30836825257
"P37615",2025-08-01,1745.41,4877.4300938449,2575.20125370177
"P37616",2025-07-19,2002.38,4823.43947468067,2680.47945631439
"P37618",2025-07-10,1748.61,4575.26002364462,2458.66795542076
"P37619",2025-10-30,1096.34,4774.04145621438,2645.22765849536
"P37635",2025-06-27,17714.45,300870.603828441,100737.861237909
"P37637",2025-04-18,2785.16,4999.91088561203,3037.38079717104
"P37638",2025-07-28,1104.64,4991.45212084932,2938.46880134725
"P37641",2025-07-22,1807.77,6105.82268922064,2836.0724876586
"P37642",2025-09-06,705.88,5615.4188339237,2504.36868059573
"P37644",2025-01-30,4817.66,4873.18130199529,3090.61117916748
"P37645",2025-07-07,83884.79,300870.603828441,100737.861237909
"P37648",2025-07-22,311906.65,327837.603281071,149281.533548271
"P37650",2025-07-19,52610.32,305580.249291966,102273.270447373
"P37651",2025-06-29,177660.72,301642.788212947,101620.440215767
"P37653",2025-07-26,376304.51,303956.013090251,102017.943791513
"P37654",2025-07-19,82635.91,274855.658878421,101452.887317775
"P37657",2025-08-12,518.76,4829.67893454365,2476.81056204512
"P37658",2025-06-16,5890.1,4877.37797989137,2682.09447457012
"P37660",2025-12-04,565.75,6043.55501621428,2725.19149082478
"P37661",2025-07-22,1753.97,5433.81292397487,2750.41521329933
"P37676",2025-07-14,6953.53,6109.6719183716,3197.91317636523
"P37677",2025-07-31,21112.8,6148.97196470915,3129.57120605481
"P37680",2025-10-21,8157.67,5595.92374373636,3043.77686615296
"P37681",2025-08-06,30104.51,6047.9466146307,3085.60541886867
"P37682",2025-11-01,51448.2,8683.4080528957,3338.19402897319
"P37683",2025-05-05,4186.31,5146.19297691257,2872.43973749147
"P37684",2025-07-25,1380.83,5465.19682114007,2927.10853855069
"P37687",2025-08-15,863.1,5025.93900286904,2729.87208597572
"P37689",2025-07-25,1038.35,5676.22383935259,2905.28438923166
"P37757",2025-03-03,7725.32,4296.17437097934,2569.50356134687
"P37765",2025-08-19,26045.11,5208.3872719256,2968.23849535708
"P37768",2025-07-25,489789.18,284264.690537816,86645.8799286735
"P37770",2025-09-22,104445.43,322880.421438462,91182.8694023886
"P37771",2025-06-26,1671.72,5863.03118465171,3267.56056120777
"P37772",2025-08-24,1014485.44,321342.261055172,86562.6700901593
"P37773",2025-12-23,141233.41,242137.64195984,59273.8774603238
"P37774",2025-07-31,3312.54,5712.72094319218,3193.42123675992
"P37775",2025-07-28,1795883.79,288761.652266929,91207.7405063678
"P37778",2025-12-03,321905.91,239184.145435565,69979.33679671
"P37782",2025-05-04,85655.71,289155.87551657,96525.31392037
"P37784",2025-07-04,116972.86,268974.30757088,104335.937315557
"P37787",2025-06-25,70330.54,302750.065948441,97763.0382932643
"P37790",2025-07-10,25468.98,300870.603828441,99679.7340956296
"P37792",2025-07-22,602.75,5362.88405788948,2937.26292027359
"P37794",2025-07-05,120189.63,302044.554795447,100912.574937235
"P37795",2025-11-04,64996.25,318173.144208628,95522.0428157204
"P37796",2025-11-18,249057.51,288972.956365766,92545.5405219643
"P37798",2025-07-11,306351.61,301422.428981285,101850.809638278
"P37799",2025-07-21,2205.2,5880.60513322917,3174.87349821235
"P37801",2025-12-23,112285.86,7232.57303043762,2946.26564121967
"P37802",2025-07-25,1132.4,5514.11989022645,3081.35798312787
"P37803",2025-04-16,891.42,4542.27226861618,2629.31874087283
"P37809",2025-07-16,4523.71,6093.50986715742,3907.38506728615
"P37810",2025-01-24,140627.17,263879.424657332,118948.322158974
"P37811",2025-08-04,5095.11,4716.72190429003,2513.01871661579
"P37814",2025-07-28,80345.63,360762.982718564,124351.096868525
"P37815",2025-07-26,122921.13,360762.982718564,124943.98610932
"P37816",2025-08-01,186690.31,363302.982005601,126219.969429996
"P37827",2025-11-11,89752.56,5257.60044843011,2290.20116291261
"P37828",2025-10-29,3905.28,5125.58722090657,2270.28261214598
"P37842",2025-08-18,1877.5,4342.15994293634,2552.77859792545
"P37843",2025-11-21,4061,6189.72729187234,2907.86049811865
"P37849",2025-09-24,2222.07,5005.76882682464,2662.15552709363
"P37853",2025-07-27,4471.76,5466.75292911724,2949.08094682473
"P37909",2025-06-17,1802.04,6169.40222926349,2559.87793481808
"P37952",2025-02-15,25255.01,40062.5540369241,4179.94378263173
"P38217",2025-02-15,3612.62,550213.985261446,119882.162213355
"P38238",2025-12-08,2878.23,4939.64437089335,2585.80096112373
"P38329",2025-12-06,3872.95,7727.06370319934,3529.86591076148
"P38333",2025-06-26,3315.09,7915.0333823977,3687.82098428699
"P38361",2025-10-25,3887.98,4732.26051075264,1994.61402772087
"P38364",2025-10-20,2296.72,4804.18834107595,2010.61373197073
"P38377",2025-03-20,1099.12,4900.04510927135,2041.56981950089
"P38404",2025-02-27,14956.43,5390.52189098741,2305.42606770746
"P38469",2025-07-08,2351.77,6183.52077322483,3463.95080962367
"P38470",2025-01-13,5280.15,9289.61759149696,3562.12225444967
"P38473",2025-06-19,1890.67,10104.2442462824,2149.55048199777
"P38474",2025-01-20,4084.61,6822.51071956561,2381.29778517169
"P38478",2025-10-21,3469.57,5603.19302539812,3326.6586865201
"P38504",2025-05-12,1372.59,5682.50426374695,2383.20139302453
"P38576",2025-11-19,1500.73,5361.72718291866,3361.44316948185
"P38580",2025-12-04,7409.61,7478.85790362051,3334.54010440956
"P38644",2025-03-14,1590.65,5313.25943760546,3533.64337907502
"P38706",2025-06-06,5156.94,53027.946228431,2473.4400430933
"P38707",2025-05-10,3549.57,52960.2209647444,2506.34762705511
"P38721",2025-07-01,2466,5823.68584603616,2448.6066052764
"P38732",2025-01-23,1622.23,8054.93158899911,3669.37007768503
"P38736",2025-05-15,3133.17,7943.11271951038,4486.71929689223
"P38738",2025-04-25,62159.88,7142.60034966142,2029.75212409185
"P38746",2025-07-21,943.84,9464.06463186725,2764.58459882323
"P38748",2025-05-04,3985.88,6403.93951701388,2295.78476243971
"P38749",2025-04-13,607.07,36495.0712771904,4867.55591639657
"P38750",2025-08-28,5616.18,8628.57255533346,3329.17329986918
"P38751",2025-05-20,672.14,6937.45973145452,2137.44827579386
"P38756",2025-03-28,1205.05,4844.32882282592,2184.42653309683
"P38758",2025-06-21,4420.66,5812.36104791307,2405.63131220446
"P38765",2025-01-06,2445.62,7077.70621818308,2834.1509453373
"P38769",2025-07-07,15793.09,7081.66280814793,2092.92254623778
"P38776",2025-05-13,795.58,5341.80473705068,2608.67851672693
"P38777",2025-05-23,831.12,5882.19305995932,2587.72682839904
"P38782",2025-07-29,605.5,5456.76936624023,2132.97511426552
"P38797",2025-11-16,4548.53,9427.03597290041,3210.18850104728
"P38845",2025-10-29,1838.78,8353.56210380305,2974.47448391047
"P38961",2025-10-27,2903.39,7468.84896506663,2925.43866803152
"P38986",2025-03-18,3515.89,7456.9843075294,2478.86615932154
"P38987",2025-06-28,1811.16,4473.05121892478,2076.50323164327
"P39061",2025-12-09,1725.43,6786.52253575248,2885.54123930405
"P39141",2025-02-06,14628.98,237292.941272857,77379.4099952866
"P39146",2025-09-25,5070.63,4450.57822652767,2896.72470531021
"P39153",2025-09-11,40288.63,4822.1607988742,3730.50768863518
"P39161",2025-09-16,3121.27,3959.18143561203,2981.89376524181
"P39162",2025-09-09,8331.73,3947.34986075464,2987.69285987767
"P39285",2025-11-30,2760.45,5918.90862884006,2731.21601368397
"P39445",2025-02-19,1881.83,7285.64946306217,3061.94231646184
"P39535",2025-12-22,59823.23,50653.5638984503,14821.722407735
"P39600",2025-02-02,1985.86,5497.37047517512,2431.89204254444
"P39620",2025-12-12,5109.28,5202.46218234391,2906.07375107792
"P39633",2025-05-15,3112.56,5633.54523730118,2952.37613786347
"P39645",2025-03-15,19484.04,4132.91544100917,2995.77933270231
"P39646",2025-03-17,4132.69,4123.62295283456,2990.30815443265
"P39647",2025-04-01,12807.1,4130.35359892325,2979.81064897562
"P39748",2025-11-20,2357.52,4839.37006640925,2550.36908236607
"P39753",2025-09-29,1424.46,4575.95800787161,2548.48883565937
"P39764",2025-12-24,204295.05,228267.915001203,106807.018407649
"P39777",2025-12-03,756.64,5328.68709226224,2837.40688127448
"P39781",2025-09-20,6341.38,5015.67719065238,2661.20791247913
"P39786",2025-10-22,3847.38,11713.0675733701,2978.09407817308
"P39787",2025-09-25,9483.69,10243.3912095386,3045.6224300582
"P39797",2025-07-30,5638.09,4189.6449842983,2746.07985654374
"P39798",2025-11-30,718.53,5205.23368306028,2567.80940855646
"P39806",2025-11-24,1782.82,5252.11209586215,2469.56092182153
"P39809",2025-11-07,9828.67,6220.59548139048,3904.27793566648
"P39812",2025-11-25,31110.73,4861.82768682936,2480.65916969861
"P39813",2025-11-03,2059.77,5096.57368224238,2520.68576204106
"P39818",2025-12-05,32284.08,7142.42305188184,2409.52476507673
"P39820",2025-10-31,845.35,5291.27937473856,2452.02965486336
"P39824",2025-11-28,4084.82,5128.0830085484,2376.96981510783
"P39834",2025-10-31,4327.65,6344.53192744541,2440.34582086301
"P39835",2025-10-10,1864.57,6524.32349144244,2577.83978874909
"P39836",2025-02-21,3352.61,5163.16449741591,3111.27547810446
"P39841",2025-03-21,4228.09,5273.728905287,3030.64593810695
"P39844",2025-11-14,6197.38,5612.46899158208,3485.53413423954
"P39863",2025-12-10,1668.55,5920.87339728049,2522.62363743621
"P39928",2025-10-20,1088.36,7025.66295562885,3171.24540499824
"P39937",2025-11-10,30525.41,55032.9753615864,15770.0792391914
"P39940",2025-08-26,256168.4,59986.0325322216,15056.9040853225
"P39943",2025-09-07,586.69,9773.56135434397,5122.52155278894
"P39944",2025-11-03,11353.1,8136.89597023111,4711.68216151406
"P39945",2025-11-14,4318.7,7601.87311135196,4533.54124782382
"P39949",2025-11-23,87045.28,52151.6047285754,15257.5198577652
"P39951",2025-10-09,66493.3,52410.2793065992,15473.1198692536
"P39968",2025-11-13,16008.08,60314.905398161,15831.5756912061
"P39976",2025-10-03,3532.19,56385.2072219553,15112.3123353832
"P39978",2025-09-22,43232.07,59823.8763586417,15239.2214537503
"P39980",2025-12-05,25405.73,59971.2220680323,14823.7043469797
"P39982",2025-09-07,7016.42,58802.5226815014,14821.1807434521
"P39984",2025-09-12,84775.17,57773.9846780634,14729.3550368804
"P39988",2025-09-07,14373.67,58641.6188793957,14841.5955926975
"P39990",2025-06-16,3312.82,12364.4891286646,6798.75343158587
"P39992",2025-09-02,3097.09,9870.89891063631,5819.95682126064
"P39994",2025-11-11,12540.02,11955.4346795967,5649.12737002739
"P39996",2025-08-17,1956.53,12380.3356809177,6753.26241762144
"P39997",2025-09-13,3626.96,11389.1141707371,4058.36619256596
"P39998",2025-10-30,2395.79,12958.4277388585,5363.16582359461
"P40000",2025-11-22,12549.62,12187.5680413186,5247.05674529136
"P40002",2025-05-07,3097.73,11914.0980258603,6000.704282639
"P40007",2025-07-27,4442.34,12448.0753951455,6684.26098581873
"P40008",2025-12-17,933.33,10128.4444278947,5494.43779607124
"P40010",2025-12-01,1775.86,12267.2197861172,5650.4595491687
"P40012",2025-11-09,749.78,11914.1900031922,5709.96176305206
"P40018",2025-11-21,2462.99,12085.7933022439,5129.96310643335
"P40019",2025-07-21,138835.67,58186.2697457162,15356.6877830045
"P40103",2025-08-08,817.98,7579.18580463712,4149.60782180827
"P40104",2025-10-11,10902.88,9286.38388533295,4923.18282476528
"P40105",2025-09-26,598.07,9566.21201740441,5002.18971157324
"P40107",2025-12-07,1993.21,9234.57800371974,4662.22780923079
"P40108",2025-08-23,1557.11,7142.40726372488,3657.4911637436
"P40109",2025-09-02,2335.91,9134.08754150906,5010.76226221245
"P40112",2025-06-26,1240.43,32905.4874567708,4867.57670224435
"P40114",2025-11-10,5336.82,8448.15963139378,4764.01443014661
"P40116",2025-12-08,5208.32,7433.94568114279,4414.47926956104
"P40117",2025-10-06,15377.87,33006.0379003253,3506.50141184065
"P40118",2025-11-09,1375.94,8855.78146087252,4281.79369093612
"P40122",2025-09-27,532.97,8303.68431418943,4774.16206429524
"P40124",2025-06-10,4594.93,7891.21325644124,4918.25482866952
"P40126",2025-08-13,1734.01,7850.0933319185,5220.64393075613
"P40127",2025-09-22,3645.75,59568.7153903361,14966.0432158323
"P40131",2025-10-25,1569,7352.61332662075,4472.89186357929
"P40132",2025-10-09,2507.89,6538.36413406138,3743.41807799488
"P40134",2025-09-01,1311.38,8165.10304250782,4183.51942705087
"P40135",2025-06-17,528.41,7723.23505980776,4567.0444556678
"P40137",2025-11-20,105184.93,405780.277901046,107727.763039579
"P40138",2025-06-23,4054.09,5974.07698997643,3712.73760498255
"P40140",2025-07-19,7605.64,6976.55259927218,3870.8556135823
"P40142",2025-08-19,897.59,6928.31950357366,3851.72075247504
"P40143",2025-11-19,1822.8,6748.68932041076,3301.29108533264
"P40144",2025-10-21,1363.06,7219.95519407993,3805.28870398975
"P40145",2025-10-11,704.09,7360.2835262138,3821.5458660082
"P40146",2025-12-15,838.81,7299.8144417966,3855.86155891141
"P40148",2025-10-28,1910.33,8340.14514863849,3584.68044598426
"P40150",2025-09-18,1686.91,7827.83447881676,3784.45604559364
"P40158",2025-09-07,9147.09,8884.12268961038,4359.26202038703
"P40159",2025-07-16,4952.85,54549.5592197148,14417.1314007788
"P40160",2025-08-09,858.5,6568.06494066485,3418.04011304822
"P40161",2025-09-06,225153.58,53194.0799717112,14932.7600240806
"P40162",2025-08-27,137361.57,178653.26044405,104333.124143663
"P40163",2025-08-16,92681.93,179232.36155405,104412.674977279
"P40165",2025-10-08,9268.73,7989.45921906982,4251.01772952586
"P40166",2025-09-17,9452.02,7154.52598131972,3415.06364677983
"P40167",2025-10-24,5375.56,7849.80643464171,3956.48876111454
"P40170",2025-12-03,1365.17,7010.01599192195,3412.01947353592
"P40171",2025-10-06,1108.7,6552.02048604271,3723.40399016866
"P40172",2025-12-10,6550.49,7781.66329333484,3193.14806766736
"P40173",2025-11-07,3724.77,6454.95601356114,3360.9066049533
"P40174",2025-08-25,55658.59,8142.87969278027,3697.5363509295
"P40177",2025-10-06,1632.69,6602.33230272667,3268.08924018674
"P40178",2025-12-05,84164.12,6454.74490427782,3229.2041877046
"P40179",2025-12-05,822.09,6507.20973095291,3092.19637298437
"P40181",2025-09-17,1207.12,7681.64176868867,3421.06867701834
"P40182",2025-12-30,4935.63,7419.6309254935,3547.84718672076
"P40183",2025-06-18,1161.93,7074.33568728887,3858.69651553634
"P40190",2025-11-11,13007.31,7082.12413137961,3772.75573735105
"P40196",2025-11-24,1719.84,6311.6212410924,3510.82372770867
"P40198",2025-11-20,2855.65,6208.46067632534,3457.71575651175
"P40199",2025-09-08,3690.19,6819.21192523497,3840.25276414012
"P40201",2025-10-24,2754.58,6320.36084574021,3497.05459784541
"P40203",2025-08-05,3466.69,6436.1281081468,3361.9793345392
"P40206",2025-08-31,2505.66,7941.94239194109,3544.36373729013
"P40218",2025-07-30,1150.99,5781.0591322899,3095.76862096472
"P40219",2025-09-12,411.29,5684.14660683375,3047.72153715893
"P40220",2025-11-03,12061.76,6026.0796168599,2980.03288531976
"P40221",2025-11-30,651.38,5389.85561012128,2954.06145674735
"P40223",2025-09-17,328.94,5521.60669207572,3071.5170683634
"P40224",2025-12-24,6886.67,5170.14999304155,2954.59135618104
"P40226",2025-10-16,1503.41,5091.08734755866,2780.72563740154
"P40228",2025-07-03,2977.8,4904.48230445366,3096.89818638902
"P40229",2025-06-27,5362.89,4846.38666426269,2979.56254599743
"P40230",2025-06-26,2459.68,4880.79690430603,2888.30459193501
"P40232",2025-08-21,1484.81,6627.79846544702,3422.49771246387
"P40234",2025-09-16,939.47,5851.85567537647,3581.23986453399
"P40236",2025-08-17,547.58,6427.75621933599,3779.96108632972
"P40237",2025-10-25,883.88,6472.72851498145,3471.88376727148
"P40238",2025-08-14,1663.65,8799.26252629161,3923.44021187566
"P40240",2025-10-06,340643.65,269869.241342212,113831.93460912
"P40241",2025-07-23,10213.84,7161.98675072277,4542.5751682439
"P40243",2025-11-10,763.75,7755.54298540152,3825.91773800021
"P40244",2025-11-28,3404.64,8505.91705346739,4507.28221997468
"P40245",2025-09-17,660,8145.57015436891,4216.83241564583
"P40246",2025-10-10,20386.45,300097.047287761,101169.82437568
"P40248",2025-10-18,897.28,8176.50500430984,3913.5259033774
"P40249",2025-08-10,29183.24,288822.111215737,98420.6329780873
"P40251",2025-11-23,362.41,7071.34770874982,3671.69300459132
"P40252",2025-07-23,18143.32,263572.61541507,98146.2206256127
"P40253",2025-11-11,984.41,6986.09199599544,3510.95835712693
"P40254",2025-10-19,1762.06,6858.14192901698,3528.78397284695
"P40255",2025-10-05,1102.06,7278.95117637849,3630.38911220477
"P40256",2025-08-16,2180.39,6817.93648750367,3428.67310135615
"P40257",2025-09-30,19432.88,7054.30184242548,4116.64113316333
"P40258",2025-11-18,31811.56,5615.77693214186,2957.9356030332
"P40259",2025-10-18,2107.16,5611.34017345025,3036.77512911206
"P40261",2025-08-09,16093.94,257464.536152631,104045.671601964
"P40262",2025-09-19,4324.61,8671.18225049854,4677.10039835669
"P40264",2025-12-11,6712.35,7645.91162546452,3919.07615155705
"P40265",2025-09-05,716.05,7580.45475812674,4222.8891289187
"P40268",2025-10-10,1780.09,7324.61892432235,3617.36579637819
"P40271",2025-05-23,1094.27,6595.30414188358,3713.03370116314
"P40273",2025-09-07,372.81,7600.10289107341,3615.75293832734
"P40274",2025-12-01,71122.38,347728.980651314,105644.93197901
"P40275",2025-12-16,164858.06,337284.830997472,107226.469281783
"P40276",2025-12-28,20239.99,7586.19564677073,3933.97029483222
"P40277",2025-08-26,2665.64,8603.12995217283,4271.17584805898
"P40278",2025-06-29,25136.58,207179.969608397,100863.406811111
"P40281",2025-08-19,1225.91,8452.09905817364,3991.60273943051
"P40282",2025-10-04,5064.97,6835.81751932694,3551.61372147981
"P40283",2025-11-11,121063.04,349039.673496729,107904.122380072
"P40284",2025-12-06,3332.87,7595.80883778444,3527.07848996523
"P40285",2025-08-06,460.23,8544.59197683375,3734.56954190963
"P40289",2025-09-20,453.96,7611.8084795192,3531.95600955942
"P40291",2025-11-12,1079.44,7843.42561335233,3596.51487704019
"P40293",2025-10-02,8841.18,7043.0693011077,3473.49229398926
"P40294",2025-10-13,2305.74,7383.85709132632,3507.50355294156
"P40295",2025-07-30,2729.09,7628.73664337875,3766.75714211144
"P40297",2025-09-22,172487.77,7259.1862372822,3476.37646751828
"P40298",2025-10-05,2068.22,7701.16597490887,3303.42230093553
"P40324",2025-09-20,1472.65,7344.89406940796,3193.71327451435
"P40325",2025-10-29,5118.74,6647.91345475055,3129.72340468275
"P40326",2025-08-08,1875.08,6662.10456198276,3327.06675216481
"P40328",2025-08-17,1388.23,6546.83599865202,3313.37244038247
"P40329",2025-08-17,1819.71,7083.06456311961,3268.82166264734
"P40331",2025-12-26,6021.25,7016.24236943408,3064.22655632747
"P40332",2025-12-09,7456.92,6743.19842194671,3069.92750388912
"P40333",2025-10-23,559.1,6366.74049390529,3031.42568117627
"P40334",2025-12-29,1234.45,6969.47484379509,3069.58435813932
"P40335",2025-08-08,460.08,6885.20994283868,3266.32570834791
"P40336",2025-12-29,712.11,6326.51462261853,3072.75036900185
"P40339",2025-09-28,3868.96,6290.91020189872,3140.38842115733
"P40341",2025-12-08,3534.36,5205.78570799057,2924.68995931988
"P40343",2025-10-22,6698.16,7471.96562881139,3527.10461661199
"P40345",2025-08-19,1528.34,8882.48182124576,3788.88839394267
"P40346",2025-09-23,711.4,6875.62983693787,3195.92142133795
"P40348",2025-10-19,714.69,7065.52024615929,3426.00412061858
"P40349",2025-11-08,4015.41,7208.83496209103,3510.51559597764
"P40352",2025-09-24,1034.88,8265.43510295956,3683.09768876935
"P40358",2025-11-20,1796.26,6391.35542361606,3099.36301296417
"P40361",2025-06-17,743.78,6140.61202469281,3137.14406641624
"P40363",2025-12-09,424.14,6131.24981946952,3069.60532480205
"P40365",2025-07-01,985.88,8106.4293097216,3233.20216671437
"P40366",2025-07-13,3538.34,6209.58281241983,3213.56620690127
"P40368",2025-11-25,1364.5,6185.04566953863,3090.26825004867
"P40370",2025-10-02,486.48,5472.78513286034,2957.21105414158
"P40371",2025-10-17,464.34,5059.52497012042,2927.2707969936
"P40373",2025-09-03,1336.44,5512.66653848173,3094.84979286608
"P40374",2025-12-17,5368.19,6652.53462645122,2924.75261013464
"P40375",2025-09-20,449.86,5347.74411632527,3053.81525498086
"P40376",2025-12-18,4547.87,6673.82043827645,3142.35539434705
"P40377",2025-12-16,2548.78,6399.02273129755,3089.32294739907
"P40379",2025-12-18,1396.33,6488.75989663453,3242.18398554553
"P40381",2025-09-09,2721.09,6488.62082927362,3164.85578584696
"P40383",2025-09-25,494.71,6587.91663894029,3097.68925616849
"P40384",2025-09-19,753.87,6293.76294203231,3113.84263600902
"P40385",2025-12-01,880,6072.51897997517,3117.1101509274
"P40386",2025-12-14,1071.66,6259.89699984078,3124.5109208254
"P40387",2025-06-22,14873.34,6140.01035366528,3111.78950365119
"P40556",2025-02-27,1035.08,6706.31406296257,3460.05205297776
"P40563",2025-02-24,620.98,5670.59916839987,3210.3278964987
"P40601",2025-04-21,1962.45,6752.58647322073,3224.44675830156
"P40618",2025-02-13,371.35,5383.61556475191,3206.00522583604
"P40627",2025-12-22,940.49,12514.3219711552,3535.71600153804
"P40657",2025-12-08,373.59,6832.73571397974,3493.12170974152
"P40658",2025-07-30,986.8,7020.21676135874,3695.1089297541
"P40659",2025-12-14,1943.34,6711.45306933549,3476.84936121133
"P40660",2025-11-23,1321.47,6521.71454242826,3529.6943061651
"P40662",2025-10-31,8521.64,6921.20557815084,3418.99213629104
"P40667",2025-06-28,574.09,5704.41407016067,3333.27798443471
"P40668",2025-08-17,996.04,6295.60810950689,3493.42357857253
"P40669",2025-11-09,794.04,5880.03269441787,3222.73372712397
"P40672",2025-12-31,1144.85,7957.10949377168,3422.10642589992
"P40673",2025-08-15,1986.34,8103.4530564091,3654.59847471293
"P40674",2025-09-27,1609.37,7804.66748515974,3557.94387176378
"P40675",2025-09-25,4604.9,7893.41588538262,3379.64665755214
"P40677",2025-08-07,1219.36,9114.17887964351,3615.18560418494
"P40688",2025-09-12,1184.24,5155.21624110966,2863.1491098563
"P40690",2025-10-30,768.54,5904.67195328226,3291.11240450156
"P40693",2025-09-30,271.35,8517.78793405836,3346.81825620955
"P40694",2025-12-24,982.54,8917.88297163326,3348.39525500808
"P40697",2025-08-26,623.01,19464.5112965062,3690.25326028555
"P40698",2025-08-05,1631.15,6436.85962253596,3634.27649409162
"P40700",2025-10-11,19433.39,7360.5070787272,3950.40523847721
"P40701",2025-11-26,1052.19,6984.03501406103,3131.42900877432
"P40702",2025-10-31,2752.84,19890.0366637461,3713.73487538407
"P40703",2025-11-02,646.78,7537.1245755324,3989.60814726189
"P40705",2025-12-01,3172.35,7663.50700607958,4055.99419283466
"P40706",2025-12-28,16346.68,7564.86222262776,3979.59760462621
"P40707",2025-07-24,23461.08,349134.262961243,105373.284027565
"P40708",2025-12-18,121109.8,454882.895482236,107918.489826008
"P40709",2025-06-11,3704.32,6995.04639840107,4059.74750506117
"P40711",2025-11-15,697.33,7016.22646387112,3611.52515808049
"P40714",2025-12-28,4627.29,6947.56831339988,3389.54724170645
"P40716",2025-12-09,3240.55,6999.87072833004,3406.57792561287
"P40719",2025-07-15,1431.63,7095.74542393809,4222.12902000693
"P40720",2025-08-19,6769.22,7223.60879625564,3539.07011072774
"P40721",2025-08-18,971.05,6348.53185428962,3053.61841345205
"P40724",2025-05-15,29062.21,5030.04102656304,2899.1942218207
"P40726",2025-06-01,6362.16,4844.29429396089,2998.72800737557
"P40727",2025-06-08,570.94,6250.60710506762,3300.04879729826
"P40729",2025-12-17,1094.28,9641.01311770239,3689.45499014517
"P40730",2025-11-07,1273.36,9475.3989803628,3692.11231456883
"P40731",2025-08-28,2516372.15,289503.509764902,116756.335433315
"P40732",2025-09-26,26892.22,6060.43879447184,3086.61244181883
"P40733",2025-07-01,47620,309937.991259417,119674.515218585
"P40747",2025-11-01,6849.57,6820.8454092005,3414.59934398573
"P40749",2025-11-03,1385.88,6796.48922382245,3293.30663005571
"P40757",2025-10-07,1330.49,6451.81696231121,3455.95803766457
"P40758",2025-08-28,1265.13,6265.89668838233,3246.45251879
"P40759",2025-06-08,1547.94,5130.5050751023,3112.50031468465
"P40760",2025-10-23,3862.2,6116.70505660098,3135.46559980605
"P40763",2025-12-20,930.85,6003.93742129218,3015.0883402388
"P40775",2025-09-28,3644.4,6750.16433282208,3384.11433176673
"P40776",2025-11-23,4230.45,6325.2840480956,3309.89316030651
"P40808",2025-06-15,2878.53,331151.331386242,26520.4700398728
"P40864",2025-08-07,5115.25,4769.48728910023,3564.46749587551
"P40880",2025-12-23,3674.88,7669.25497779065,3886.54223892499
"P40881",2025-11-24,1780.99,5758.85613808267,3739.68516028459
"P40890",2025-11-02,3917.14,5810.22824046566,3633.37862815674
"P40914",2025-10-16,9144.09,5141.35095847907,3316.31148380364
"P40915",2025-10-30,3364.7,5138.08501286015,3382.63842130816
"P40929",2025-10-23,759.44,4454.15466997081,2806.80783323031
"P40955",2025-08-06,8126.41,7254.11470995068,3513.46430838725
"P40966",2025-10-07,21564.26,52271.8365967672,16001.9080536167
"P40967",2025-12-29,13149.31,37851.1520550765,14931.5775232909
"P40968",2025-12-05,82702.58,54110.3417428373,15563.6778732009
"P40978",2025-07-23,2478.24,7281.91042737075,3634.88841293291
"P41086",2025-07-18,11849.91,31937.4634370279,17143.9803564271
"P41090",2025-11-29,5648.95,26455.9143660143,13269.7733545641
"P41156",2025-09-26,4006.43,5346.14682659438,3328.60726226907
"P41185",2025-02-10,1293.96,5404.33328112919,3497.08747106522
"P41232",2025-10-19,14665.86,285696.777556291,95568.3169078113
"P41234",2025-09-22,67694.57,94400.6861492879,18210.2071093174
"P41235",2025-09-12,67775.43,94400.6861492879,18233.4000619185
"P41240",2025-10-15,1018.14,7235.42136792734,2432.66507092141
"P41241",2025-08-23,1824.91,7062.90749775032,2327.13911370073
"P41243",2025-11-14,1121.18,6813.43276642106,2287.15255521255
"P41246",2025-06-20,4084.15,4781.19152763552,2286.84666515491
"P41249",2025-10-15,1558.9,8011.59872535917,4389.80834012344
"P41262",2025-12-07,1652.84,5301.47507188298,2365.12612167699
"P41330",2025-12-07,9882,5613.43025225902,2806.59496345094
"P41331",2025-11-13,6869.7,5592.99782118835,2794.56344258857
"P41334",2025-12-22,13927.12,67242.6311812229,15885.9468625086
"P41335",2025-11-06,4040.32,79072.9588998433,17068.2667972079
"P41336",2025-10-25,3247.41,5272.52201659321,2430.89544545804
"P41338",2025-09-08,490.89,5382.98269690136,2526.57119069891
"P41340",2025-07-08,2725.44,6242.67181388836,3945.22450854443
"P41343",2025-09-02,1850.02,4879.771885284,2429.0218893015
"P41344",2025-08-10,2992.9,4363.42959956755,2303.11772878515
"P41345",2025-11-06,19990.96,6798.96338913964,4011.89752772777
"P41347",2025-12-03,384462.13,271705.833801405,81725.7703869581
"P41348",2025-10-04,3946.6,7112.85073046926,4168.450390549
"P41354",2025-12-01,3836.4,6442.1856913058,2592.56216512147
"P41356",2025-12-29,320324.72,292140.229851763,81407.0511162477
"P41357",2025-09-19,7918.36,7735.30748155085,2691.28869518385
"P41359",2025-08-22,2734.96,6495.29259911045,2624.591075288
"P41360",2025-10-03,32048.73,6723.29173467485,2669.94899037787
"P41361",2025-11-27,10902.87,6307.77049983327,2544.28261623401
"P41362",2025-12-27,202306.38,290920.136344273,82333.8512406499
"P41374",2025-04-29,2258912.52,24231.8609641631,3846.86643409032
"P41375",2025-05-07,26437.42,24253.2668836072,3901.66057202786
"P41377",2025-05-05,91343.37,24266.3675895275,3892.86593767868
"P41382",2025-08-17,60958.83,62381.8579604942,15853.549744539
"P41408",2025-02-04,4910.62,5028.18542034328,3082.18625731271
"P41429",2025-12-19,8625.99,6387.09650262745,3170.08349156217
"P41434",2025-09-07,2284.66,6363.52696108536,3195.84582336215
"P41437",2025-11-04,4343.14,6446.04499368064,3118.39078704164
"P41439",2025-10-20,2728.79,7156.40276666873,3105.76976158629
"P41442",2025-08-13,1708.96,8804.00971378503,3076.49297406505
"P41470",2025-06-08,4481,6782.80494492677,3384.5057446627
"P41535",2025-02-12,1513.73,11630.904999648,3974.27956870453
"P41593",2025-10-07,3837.34,7897.05568683001,3281.99580970117
"P41596",2025-04-29,3044.01,5535.27160039261,3236.3567842283
"P41613",2025-04-03,2628.1,4790.11212924851,2728.55159302123
"P41715",2025-05-18,283.5,6114.88786014667,3150.17092908325
"P41741",2025-12-17,465.03,5919.90367083266,3018.02003853563
"P41756",2025-12-11,986.98,4578.18579365462,2836.20604442886
"P41764",2025-03-08,2227.89,3802.64442039095,2468.45216439923
"P41769",2025-11-08,12002.43,7215.19330066552,3943.72563984219
"P41812",2025-12-27,4293.77,5560.92069259318,3735.83890903935
"P41816",2025-12-18,617.2,5423.10326624298,2579.54440945959
"P41830",2025-02-12,3039.84,5152.7237276398,3095.15388323994
"P41849",2025-10-29,1012,6237.1317718652,3488.92136638343
"P41851",2025-11-17,545.92,6083.93452661674,3218.32093675703
"P41866",2025-10-31,1920.03,4627.69013990597,2422.49296123778
"P41872",2025-12-13,16013.56,5753.20868471156,2773.31744941413
"P41873",2025-07-05,6140.94,6636.00361894954,3770.55857973939
"P41875",2025-11-03,12730.06,6615.73379775332,3793.69057271901
"P41876",2025-11-11,8488.81,6191.98430905736,2752.12126090491
"P41878",2025-08-04,4109.68,6271.06697435994,2898.00444938079
"P41890",2025-12-24,1552.65,5192.31710576408,3015.05551851567
"P41893",2025-12-22,362.57,4885.20559401691,2823.52978332885
"P41925",2025-12-28,273.72,4635.97490926484,2398.94229764671
"P41926",2025-12-15,942.88,4664.85508703795,2384.43693860833
"P41929",2025-08-31,2247.22,4702.75793810529,2589.27490773999
"P41930",2025-08-28,2257.26,4793.42465008106,2585.57699811152
"P41932",2025-12-24,3010.57,5650.55135353487,2847.94398071181
"P41935",2025-09-06,601.32,5865.18676175456,2968.08974859292
"P41937",2025-10-03,12368.39,7463.92225334034,3179.51445700907
"P41939",2025-11-21,4200.69,5193.58697433804,2841.14089606725
"P41940",2025-08-18,9503.88,5230.12560125904,3047.57648147506
"P41941",2025-12-22,10300.5,5159.18850239942,2828.31281630542
"P41947",2025-08-19,7938.81,4888.78873378623,2600.84073146416
"P41949",2025-10-01,759.68,6692.77796151661,2661.00968309717
"P41950",2025-11-18,1011.34,4746.74502878584,2459.73778836173
"P41951",2025-11-10,2398.43,4699.29682888853,2482.1715901211
"P41953",2025-11-05,3073.62,6712.32460393841,3750.75976420155
"P41963",2025-11-25,3859.62,11974.6634836506,3930.24251905535
"P41965",2025-11-11,357.98,6032.55400052157,2961.87269579053
"P41967",2025-10-30,1710.49,5948.26951732193,2996.80904095691
"P41968",2025-12-04,640.18,25298.121271783,2834.55079752627
"P41971",2025-10-09,2571.14,42649.0813890806,3053.6576105229
"P41973",2025-08-17,11760.74,11343.9744697097,3014.93508811468
"P41977",2025-04-23,8523.19,4672.81513843304,3137.36890705142
"P42030",2025-12-28,3132.17,5245.38905406029,2446.13957335547
"P42046",2025-01-25,34715.49,6234.67362650957,2822.51063871774
"P42100",2025-01-15,2592.51,290546.359702451,25007.954262057
"P42104",2025-10-26,1988.22,59612.6660999966,3867.13335862081
"P42235",2025-05-05,6436.67,340380.33652357,32226.4558154788
"P42300",2025-08-15,5059.38,5077.39108848843,2752.55483956252
"P42329",2025-01-28,270.99,4737.67019363043,3042.14336862161
"P42354",2025-01-06,5475.4,3875.96389955519,2046.60307159813
"P42418",2025-04-05,621.54,5703.76089314433,2706.02998885452
"P42430",2025-05-27,1705.72,6587.99706347522,2565.51700738262
"P42432",2025-02-15,86698.6,287748.964253106,69083.6111110543
"P42434",2025-03-22,1935.83,6945.70973598601,3088.60252311916
"P42437",2025-11-10,1614.17,8602.69179422473,2878.44350330129
"P42439",2025-09-25,603.6,8245.08685977621,2462.5451829054
"P42444",2025-04-25,1656.39,6427.41506287132,4138.05066734956
"P42445",2025-03-26,5031.95,6462.29615846136,3848.90682209072
"P42446",2025-08-27,8245.28,5463.0741113507,2091.74623194049
"P42448",2025-05-24,14805.12,12516.3221590794,5341.60569316693
"P42458",2025-06-19,1089.68,9576.06168038383,2479.64491192859
"P42459",2025-05-11,1675.26,6491.59771861078,2149.9485364636
"P42460",2025-06-13,13811.28,7445.49688557607,4538.26277806328
"P42461",2025-05-02,676.13,8425.81816593356,2730.72943718172
"P42463",2025-01-08,19929.06,5233.92745369687,2509.8400047859
"P42470",2025-01-01,1665.31,12063.265818305,5321.39683512476
"P42480",2025-03-21,2384.92,9384.93889662347,2057.05612156472
"P42488",2025-01-16,1869.43,3516.53425079363,1980.29620856481
"P42489",2025-04-29,18646.31,4703.27312686726,2091.2032312753
"P42491",2025-04-25,20684.74,8951.17357574523,4610.45927896706
"P42493",2025-06-08,1333.07,6066.94535041136,2063.32269976673
"P42503",2025-03-20,1187.15,4023.44390351645,1398.63446278506
"P42508",2025-04-13,1173.17,4568.29187452387,1765.34610317953
"P42514",2025-02-10,776.92,3482.98972088073,1448.28215753911
"P42521",2025-11-04,1959.07,6572.9304150327,3217.5425935538
"P42523",2025-02-05,6339.83,8505.50915332177,2102.91294785051
"P42528",2025-09-23,983.88,8367.06836700505,2224.85973829267
"P42530",2025-04-23,916.74,4259.3606802651,2008.17201614161
"P42531",2025-04-07,61813.83,8496.17246246055,4402.96816861877
"P42533",2025-05-11,755.78,4185.06247022612,1876.92648668497
"P42536",2025-05-04,1613.82,3788.98992147347,1851.63538579698
"P42537",2025-07-23,7388.77,5151.67291620638,2277.91630530361
"P42538",2025-04-25,13698.45,3816.89334828492,1859.66329086149
"P42545",2025-01-04,564.65,7881.77008887621,2384.49387320461
"P42554",2025-03-01,3204.36,5431.63079577883,2016.3114016032
"P42556",2025-05-29,1687.76,5102.04725628538,1960.93657867514
"P42558",2025-09-29,426.56,4833.4442168211,2318.76829060999
"P42559",2025-04-25,714.75,3942.34786163317,2130.37613971918
"P42560",2025-03-05,2628.99,3793.57572832775,1860.05880469035
"P42562",2025-04-23,456.61,3854.02145720831,2056.08622334903
"P42570",2025-04-28,1017.21,4495.65946154929,1873.488236708
"P42575",2025-08-28,4050.85,5676.96111732063,2257.56195477852
"P42578",2025-09-23,4234.97,10808.8156293534,2458.57398800412
"P42586",2025-02-06,3650.04,4078.2935361626,2157.62528075564
"P42706",2025-11-13,1516,5740.16365266617,2536.36225522431
"P42721",2025-06-20,4508.57,63854.6931148113,16248.7522415458
"P42793",2025-12-31,4416.48,6237.68491202871,3207.41660061528
"P42794",2025-09-14,1074.07,6154.40563037069,3421.61939077115
"P42796",2025-12-21,42977.35,292838.827686447,104781.266710881
"P42822",2025-11-13,988.87,6276.68410450367,3285.32171505239
"P42824",2025-08-19,2001.41,6413.81561980286,3135.88735331993
"P42855",2025-11-05,1028.58,4681.84759091668,2824.94223447049
"P42869",2025-01-26,2149.61,4584.75048205271,2727.59646549135
"P43033",2025-06-03,3677.42,9170.0047267027,3833.20568513213
"P43065",2025-03-23,23905.99,318743.809509596,32683.621087753
"P43090",2025-12-20,31934.29,58786.1232433397,7040.16554760785
"P43132",2025-03-04,903.94,6275.02261002031,3333.91633390271
"P43186",2025-03-17,38595.4,5979.80919907612,2933.31342937642
"P43187",2025-03-13,220344.71,346154.904143437,45763.3256192534
"P43391",2025-01-24,3362.48,5922.59033048686,3151.1698729174
"P43480",2025-11-26,8935.69,7286.76011120516,3035.63941593384
"P43517",2025-08-03,98516.94,254457.570487092,50147.5343757156
"P43639",2025-10-23,680980.15,109245.616986423,4141.22436557407
"P43710",2025-11-14,10032.08,48509.261163966,12724.2771839447
"P43804",2025-09-15,735746.6,164803.934022231,19480.6664198761
"P43808",2025-07-01,1972.97,6522.97546421637,3816.82596058545
"P43824",2025-03-15,2627.55,3942.57369652372,2390.88154111552
"P43849",2025-11-01,3463.7,5705.62125552493,3247.56574881967
"P43850",2025-03-09,3425.62,5649.5033268768,3241.52680415186
"P43906",2025-09-22,3387.29,4661.77699601417,2927.74738990884
"P43909",2025-03-16,5332.51,6902.34129581387,2998.67636930206
"P43916",2025-01-29,3199.71,79478.1295841686,3448.13230801555
"P43943",2025-07-22,6659.73,4802.2452764074,2534.73640386636
"P43946",2025-03-31,2447.03,4893.93341421466,2501.57937097125
"P43979",2025-04-01,2904.87,5718.40547983843,3020.55237705275
"P43989",2025-12-02,2533.6,6975.76002642691,2159.38881321937
"P44020",2025-03-02,1612.11,16484.4752210027,2671.36845404514
"P44024",2025-02-17,6896.59,15107.7756067453,2668.88643855436
"P44027",2025-08-24,2725.83,6262.39787848371,3584.44595334803
