"pipe_id","leak_date","actual_cost","predicted_raw"
"P01033",2026-09-25,4529.06,8730.4919035437
"P01063",2026-08-10,7104.41,7663.09813490487
"P01079",2026-04-16,2672.62,7733.31410802178
"P01106",2026-01-17,4307.53,38104.8392308684
"P01156",2026-12-05,6073.44,4894.78067082096
"P01162",2026-04-29,4064.36,5735.41005263467
"P01197",2026-09-25,4116.84,4192.25162704211
"P01206",2026-12-06,8735.21,7243.10021729027
"P01239",2026-06-12,6368.64,4456.69623867536
"P01303",2026-12-01,4440.58,5802.22437177985
"P01314",2026-11-26,5814.44,36103.6108614364
"P01315",2026-03-11,2975.03,4756.52334738415
"P01332",2026-03-19,6050.26,6552.92023360944
"P01379",2026-08-04,7118.39,5010.14421072608
"P01443",2026-08-04,4930.23,4558.74047496857
"P01463",2026-03-16,2497.34,38351.960464356
"P01502",2026-08-15,151.54,58053.4076981775
"P01510",2026-07-28,2620.91,3779.11114078654
"P01576",2026-11-08,8073.16,4721.00763633708
"P01623",2026-10-10,3047.71,4465.31421874508
"P01626",2026-02-04,5504.08,4207.0257664208
"P01637",2026-05-17,4874,4057.28679267964
"P01638",2026-02-18,3368.17,4889.51827594792
"P01648",2026-10-25,2831.49,4294.72151492596
"P01664",2026-06-27,2344.59,53851.528647513
"P01667",2026-10-11,3726.91,4295.23113598405
"P01718",2026-02-13,4700.72,6570.38150720892
"P01741",2026-09-06,44.09,88068.2968770413
"P01749",2026-12-24,323.61,3882.58467491006
"P01753",2026-11-06,212.59,3588.39550219203
"P01757",2026-12-20,853.2,3685.15098751425
"P01766",2026-10-07,6230.76,11570.8343956986
"P01770",2026-08-24,234.98,3643.16841543567
"P01776",2026-02-24,211.28,4027.37430193836
"P01812",2026-04-21,5043.28,9156.87188765488
"P01816",2026-06-15,4942.1,5348.9327163451
"P01841",2026-09-03,3847.79,48721.5252537589
"P01844",2026-02-22,3293.97,7456.174977419
"P01859",2026-11-15,733.89,8490.37146484759
"P01860",2026-10-30,10586.2,222223.512913905
"P01879",2026-08-05,648.63,3975.0334326883
"P01889",2026-10-01,5229.8,5261.44226471627
"P01918",2026-11-23,3769.93,67314.6804349185
"P01923",2026-06-30,4015.3,11914.4468069748
"P01934",2026-11-22,444.82,4077.70187086599
"P01962",2026-09-05,3277.14,4422.2482480257
"P01981",2026-11-09,5482.19,57865.1910256093
"P01999",2026-05-21,3250.41,4500.18095396145
"P02025",2026-11-28,2324.75,3545.20015553258
"P02037",2026-04-05,5660.27,5087.39808196896
"P02040",2026-11-02,3291.35,4794.54528274686
"P02053",2026-10-21,1202.57,5174.12342652092
"P02075",2026-11-27,7203.62,64947.9019036464
"P02077",2026-04-20,1271.93,5683.44080302045
"P02095",2026-10-27,46359.86,310673.317881445
"P02124",2026-01-05,3854.29,13073.2282485848
"P02152",2026-10-19,1586.41,57226.9837243795
"P02159",2026-03-05,3910.77,36972.7771437617
"P02165",2026-05-25,4111.62,42118.1620275153
"P02178",2026-02-16,4040.1,7636.8490365719
"P02206",2026-04-23,3750.86,3916.4929436167
"P02228",2026-05-07,4267.54,7365.80878959829
"P02232",2026-09-01,7301.45,58001.067018924
"P02241",2026-11-27,4725.64,3821.64705726522
"P02284",2026-12-11,11090.06,80830.8489969557
"P02285",2026-09-23,4344.01,49697.6153478525
"P02408",2026-02-05,1680.9,6378.66664045481
"P02423",2026-10-13,255.15,4213.07846291554
"P02435",2026-03-09,5074.92,37424.0948068923
"P02442",2026-12-25,1954.45,70003.9102340436
"P02459",2026-11-22,944.16,4050.22317304558
"P02508",2026-04-10,2314.01,9655.40503436663
"P02521",2026-08-29,324.77,5978.57607924029
"P02535",2026-10-11,3567.99,4483.13991648118
"P02536",2026-12-12,1783.76,3835.03494370541
"P02541",2026-11-28,19803.83,53905.0568895862
"P02546",2026-07-01,4388.04,6079.26651930024
"P02580",2026-12-27,2766.2,73506.2676345793
"P02586",2026-05-01,5520.15,12467.283435358
"P02685",2026-04-10,1224.28,36519.771322592
"P02689",2026-09-13,3913.12,6793.80238224746
"P02805",2026-01-22,34.68,4687.51321229241
"P02808",2026-10-23,1644.02,3792.27741016716
"P02812",2026-08-19,1428.84,5434.79499017582
"P02852",2026-02-12,1604.42,7818.40987750867
"P02863",2026-07-27,3310.39,4879.14171055289
"P02886",2026-03-04,3133.68,148398.104583002
"P02887",2026-12-12,4784.28,255090.94403078
"P02888",2026-04-21,3312.96,12556.7461864245
"P02913",2026-10-04,42.4,4879.96100376937
"P02921",2026-04-26,13443.4,4181.18320070153
"P02923",2026-09-08,51820.41,3314.66123235251
"P02978",2026-03-04,5430.33,164302.594945052
"P02982",2026-01-28,166.39,4413.41496889044
"P03028",2026-04-10,2854.42,5078.44682545774
"P03068",2026-10-28,1982.85,4800.31729978769
"P03070",2026-10-15,561.32,5547.24862268602
"P03157",2026-08-27,577.62,4717.91718911093
"P03178",2026-12-02,1248.1,66579.2173786029
"P03201",2026-12-14,5562.52,5041.14643545812
"P03213",2026-06-07,4825.45,6391.25588232878
"P03225",2026-04-19,38.83,10100.0572960704
"P03332",2026-08-06,2866.51,235532.674912416
"P03337",2026-11-03,4322.07,6587.17812257776
"P03343",2026-12-19,3691.8,4731.47686715108
"P03352",2026-07-25,3947.31,17672.7107880329
"P03369",2026-09-15,4944.27,5737.67257898656
"P03439",2026-06-24,4214.59,4895.14388557186
"P03444",2026-10-09,6247.06,7319.25344269134
"P03452",2026-12-01,5674.39,5994.75861737284
"P03458",2026-07-29,3287.59,4374.1897037947
"P03459",2026-08-19,1163.2,5450.83682156066
"P03461",2026-11-16,2045.3,5570.69847701578
"P03462",2026-10-23,2282.55,4389.40635477774
"P03463",2026-06-04,6594.54,4790.31703236725
"P03578",2026-03-10,4894.82,5768.45718238912
"P03602",2026-08-28,4401.56,6391.69125106477
"P03628",2026-09-01,3670.72,4131.89352929411
"P03631",2026-05-14,4753.79,5498.89259881575
"P03654",2026-12-30,5980.87,6099.14351832166
"P03675",2026-02-24,4883.65,3434.80477899786
"P03684",2026-12-21,2634.82,6030.50430138664
"P03696",2026-03-17,21495.63,5104.37568062896
"P03724",2026-02-04,2806.16,7247.7481201166
"P03751",2026-11-12,4778.01,4711.24839309579
"P03772",2026-06-21,4796.58,4681.06600980333
"P03786",2026-12-09,6894.23,5877.73237394554
"P03808",2026-11-08,390.66,4418.2626226479
"P03809",2026-12-21,1760.07,5373.05098201773
"P03815",2026-09-02,582.1,5303.45567575293
"P03908",2026-07-08,3742.42,4961.10518875218
"P03923",2026-08-17,2013.33,4935.05284176815
"P03933",2026-01-13,6428.39,4900.66081021031
"P03934",2026-11-07,5750.03,5634.02128097038
"P03935",2026-08-19,730.05,5190.6965687464
"P03979",2026-05-04,8515.57,4008.36199849994
"P04044",2026-05-11,5131.84,6021.4759890421
"P04051",2026-12-20,1809.16,66031.6384741934
"P04070",2026-08-21,4267.26,4525.12230910622
"P04101",2026-12-16,6839.82,11741.0248423876
"P04108",2026-11-05,23207.67,12364.5434076701
"P04127",2026-10-24,7384.4,49941.1495712332
"P04133",2026-08-28,4375.94,3577.43666826103
"P04143",2026-07-15,17123.56,3455.86779869749
"P04161",2026-08-09,5309.28,4770.06550870936
"P04164",2026-07-13,3333.26,4687.05937419095
"P04169",2026-01-19,5575.51,4819.27244818371
"P04213",2026-08-31,3826.26,6198.99599035232
"P04251",2026-08-02,4113.66,5628.96642278368
"P04273",2026-08-11,5910.76,4572.49892833093
"P04285",2026-11-30,3563.01,68287.4565431393
"P04291",2026-12-13,1890.69,60883.9680109242
"P04329",2026-12-21,4602.87,4641.52281988547
"P04334",2026-07-19,1792.96,4753.91970721751
"P04386",2026-07-19,3893.61,164231.078748715
"P04387",2026-11-29,660.3,4322.49236925664
"P04393",2026-11-01,2360.68,5841.8760907289
"P04394",2026-11-10,5157.77,5640.8579154896
"P04396",2026-10-19,2447.43,4925.31127605677
"P04398",2026-12-14,7331,4247.07488016128
"P04403",2026-03-24,3434.68,36688.2826583649
"P04408",2026-07-05,3719.19,6981.75117126998
"P04421",2026-05-05,5422.25,5009.75206227308
"P04434",2026-11-13,2858.91,4620.31609388089
"P04466",2026-03-23,5922.29,5868.43672184738
"P04525",2026-04-19,12850.21,4143.5166758774
"P04531",2026-11-09,2153.97,4649.06570440197
"P04560",2026-10-24,1372.13,3479.12301135797
"P04564",2026-12-21,4191.99,74744.6429373847
"P04567",2026-02-03,2611.09,11421.1989513312
"P04570",2026-02-24,3084.58,4060.28413240286
"P04598",2026-05-25,2662.75,3961.05733664348
"P04599",2026-11-07,5705.03,3786.97019821151
"P04689",2026-11-28,2395.23,57565.9803931593
"P04690",2026-07-05,4374.34,7299.74516354942
"P04691",2026-10-18,1601,5145.52312161076
"P04697",2026-02-11,4948.67,4993.78853563755
"P04700",2026-03-12,5168.77,5111.70312149616
"P04736",2026-09-16,495.97,5360.51549329314
"P04758",2026-11-15,9070.06,6564.39429055102
"P04771",2026-10-05,3776.01,5322.95351351215
"P04830",2026-09-24,2413.48,5699.36297238273
"P04831",2026-12-16,1260.02,5735.04366441968
"P04834",2026-11-27,5716.56,59630.3228701716
"P04836",2026-11-25,12733.85,59576.3526139811
"P04873",2026-12-01,2428.28,6127.41692655719
"P04900",2026-09-16,5084.6,4804.36978073462
"P04901",2026-11-26,1158.36,5054.73365232247
"P04909",2026-12-31,2612.59,5502.99729890366
"P04924",2026-08-31,1199.88,11929.3678649554
"P04960",2026-11-08,3948.98,65129.9603324517
"P04964",2026-12-01,2792.72,3778.54351200753
"P04966",2026-09-25,445.17,3821.93482366171
"P04970",2026-09-29,4154.93,151587.248337188
"P05039",2026-04-21,5193.74,4750.88986845283
"P05049",2026-09-14,3032.99,4777.57873732195
"P05059",2026-05-22,3758.02,3935.12568852374
"P05081",2026-05-01,6482.85,8178.58732853593
"P05097",2026-10-21,524.77,5602.79670025592
"P05098",2026-10-25,507.5,5709.2430463305
"P05099",2026-12-04,1237.26,4535.48817408247
"P05107",2026-10-03,5155.8,4331.06828169258
"P05109",2026-12-08,2720.55,78121.5878736535
"P05112",2026-12-30,4409.3,4494.51287922224
"P05113",2026-12-08,1480.83,4420.66021903177
"P05114",2026-08-23,3075.24,4075.01845557212
"P05136",2026-03-25,3681.03,33650.7993192336
"P05138",2026-11-09,4557.21,50142.7165632705
"P05141",2026-12-20,394.2,5128.55593641443
"P05142",2026-08-12,2742.59,58838.2302147445
"P05143",2026-08-22,2742.19,62226.951337744
"P05148",2026-12-18,1049.68,4532.26152660913
"P05149",2026-11-12,981.06,4670.98760344593
"P05156",2026-07-22,4271.2,5187.91372043434
"P05258",2026-08-05,4329.36,3980.39958388925
"P05283",2026-11-10,2704.73,3479.80620999842
"P05284",2026-11-19,488.77,4492.28908993096
"P05286",2026-07-30,6331.3,3340.76040403393
"P05288",2026-03-08,3807.46,31798.7594171864
"P05291",2026-11-18,233,4032.63638018058
"P05292",2026-09-02,645.57,3848.96372150974
"P05302",2026-09-08,1674.81,11965.9924499699
"P05362",2026-01-22,2956.53,4489.9725251623
"P05392",2026-09-22,3565.36,4998.92933615529
"P05394",2026-01-11,2160.44,4670.80505604092
"P05408",2026-12-26,3965.48,3914.85334270245
"P05441",2026-11-25,3694.21,5117.92710272494
"P05443",2026-07-31,6199.71,8174.17561924304
"P05455",2026-10-12,3119.39,5615.15207240291
"P05460",2026-08-18,9953.87,5339.83725322345
"P05537",2026-09-05,533.16,5127.7686194158
"P05556",2026-06-23,6022.14,50282.6943672589
"P05558",2026-08-27,41072.99,50965.1188820841
"P05704",2026-11-26,1813,4513.59316236518
"P05705",2026-11-28,613.54,4502.33028330604
"P05712",2026-08-25,562.95,3837.3587944052
"P05716",2026-04-19,4793.62,5604.7043399303
"P05762",2026-01-21,3463.44,3761.55768366651
"P05768",2026-02-24,8572.52,3803.29958011205
"P05797",2026-04-10,2902.93,5720.0424266431
"P05801",2026-03-16,2717.13,5664.63405505738
"P05805",2026-09-06,399.89,4624.6515195195
"P05812",2026-12-25,4644.61,4302.57339601925
"P05838",2026-05-07,6012.91,4787.92656223132
"P05864",2026-08-23,6441.1,56873.2448174138
"P05907",2026-03-19,5211.51,37677.6336317503
"P05944",2026-09-05,2996.74,4138.87909685668
"P05949",2026-10-22,3171.97,670559.173935313
"P05951",2026-09-21,3675.05,5344.08187344239
"P05968",2026-02-04,6104.59,7052.29642622705
"P05977",2026-12-07,7516.25,11337.1712259475
"P06069",2026-06-19,7499.13,7162.59859260052
"P06079",2026-07-25,4033.79,7739.85650645665
"P06086",2026-12-10,689.46,4588.30696900252
"P06087",2026-08-14,4501.6,4442.02126497845
"P06088",2026-10-09,2271.09,4585.98262721535
"P06145",2026-07-30,4255.68,61182.3841250566
"P06151",2026-12-22,4223.48,5503.40055092464
"P06159",2026-02-03,4744.64,15056.1977400766
"P06170",2026-05-09,1922.87,174121.834757112
"P06171",2026-01-08,4446.69,4621.16414844588
"P06187",2026-08-25,8762.74,7622.47050855243
"P06201",2026-01-10,6492.54,16897.0351995591
"P06230",2026-10-26,27851.96,76520.4680390027
"P06236",2026-11-07,5162.48,6111.31800206668
"P06273",2026-03-25,2450.95,4235.3053485485
"P06343",2026-09-08,1454.74,50105.8408717156
"P06344",2026-11-24,10878.7,66132.8032044052
"P06352",2026-12-30,4322.66,4425.08349553908
"P06376",2026-12-09,353808.06,126263.351653909
"P06378",2026-11-26,20079.72,91168.7718144332
"P06379",2026-11-09,8460.69,7976.26215240399
"P06380",2026-10-26,133189.03,91215.3800352036
"P06383",2026-10-22,475108.21,246005.671612343
"P06385",2026-11-25,5451.73,6913.25697511348
"P06386",2026-12-20,7517.25,7154.54357957063
"P06387",2026-11-12,18676.74,7417.74174130009
"P06388",2026-11-30,11676.2,7004.55190297276
"P06399",2026-11-27,7676.91,7316.25715279659
"P06402",2026-11-23,6284.88,91539.2956566089
"P06403",2026-12-09,23842.5,166958.08822068
"P06404",2026-02-27,5255.55,80378.7718313676
"P06405",2026-02-27,6777.43,85279.0876990655
"P06408",2026-03-22,2360.91,82700.3460946228
"P06411",2026-12-21,7140.9,8390.00089181894
"P06413",2026-12-01,4444.87,7270.82446629434
"P06416",2026-11-02,11672.73,6981.59970942022
"P06418",2026-12-29,13310.95,6754.58830953792
"P06420",2026-12-15,6134.8,6707.11592765938
"P06421",2026-12-23,3753.66,6757.40031698165
"P06423",2026-11-24,11316.72,7587.90018499849
"P06428",2026-11-30,6112.36,6758.63491135701
"P06430",2026-10-14,2310.78,7092.72446628326
"P06447",2026-07-08,23180.99,6487.2697742954
"P06448",2026-07-25,25399.41,7861.37821919087
"P06573",2026-12-26,3538.82,8046.15105271886
"P06870",2026-03-05,2941.18,6525.76639450152
"P07133",2026-11-19,27679.37,83456.1347151976
"P07139",2026-11-01,470556.67,86654.029033532
"P07154",2026-12-17,735200.9,183771.279103914
"P07158",2026-12-27,1205899.52,174639.988556221
"P07159",2026-11-28,36849.16,89117.2037863684
"P07160",2026-12-11,44015.61,207163.749002556
"P07257",2026-10-11,4629.53,45526.1473402333
"P07259",2026-10-26,51922.12,67724.7269287357
"P07293",2026-12-29,25254.15,89826.0981124907
"P07294",2026-11-27,26263.51,84330.2464429411
"P07298",2026-12-11,2286.05,6512.83328878083
"P07299",2026-11-30,5691.9,6706.95000635152
"P07506",2026-01-12,2457.65,5490.84911500399
"P07544",2026-12-02,28413.83,134568.76921155
"P07546",2026-12-27,116525.6,135521.266932428
"P07547",2026-10-21,10678.75,9429.00661600466
"P07555",2026-11-03,18709.49,185593.840723717
"P07556",2026-12-22,7654.85,9714.26136046635
"P07559",2026-09-22,286979.66,131075.204159657
"P07568",2026-10-23,169957.65,87334.4318286615
"P07573",2026-11-23,91940.24,301474.855827553
"P07576",2026-11-13,60063.21,89022.7902200315
"P07578",2026-12-10,27029.62,90609.9081436981
"P07580",2026-11-03,6245.91,8434.25602031667
"P07583",2026-11-09,2433.48,6871.42055960901
"P07589",2026-11-30,80171.22,184198.897519027
"P07590",2026-12-22,41524.18,184620.729215027
"P07595",2026-11-29,38144.04,96235.1482105847
"P07598",2026-11-21,12795.5,7667.50230170774
"P07599",2026-11-07,638717.99,159903.612083026
"P07600",2026-11-14,198695.35,144809.826846274
"P07601",2026-12-22,111060.33,134705.055762178
"P07617",2026-11-15,11120.39,7337.15230446506
"P07619",2026-12-10,329027.93,298788.379302966
"P07623",2026-11-10,425551.65,135975.87577588
"P07625",2026-12-23,32779.15,326687.572728822
"P07627",2026-12-12,82718.14,104941.757440553
"P07633",2026-12-13,9859.77,105307.184585271
"P07640",2026-12-01,71056.45,9115.80756653891
"P07641",2026-12-28,73445.12,93048.2603878097
"P07645",2026-11-14,14692.75,166015.049288551
"P07646",2026-11-22,185739.3,155067.071359949
"P07655",2026-12-14,2292.66,7640.20524130936
"P07656",2026-10-15,18658.6,90157.8558919703
"P07657",2026-12-28,9190.71,7649.90233762729
"P07683",2026-11-29,100168.23,449167.360511796
"P07684",2026-11-06,264556.55,435677.712994085
"P07692",2026-12-28,3360.56,8837.107681365
"P07694",2026-12-25,15258.82,8416.71626505962
"P07696",2026-12-25,4781.23,8744.12617089403
"P07698",2026-12-22,2660.09,10152.8250049773
"P07702",2026-12-08,27769.94,9025.28885022971
"P07708",2026-12-26,26851.98,281698.801124229
"P07709",2026-12-11,714442.28,303548.475410255
"P07776",2026-11-27,7141.27,4560.49402031254
"P07777",2026-12-09,8717.67,4654.66405965689
"P07778",2026-12-20,15638.05,6532.32971909107
"P07780",2026-11-18,12340.46,186679.426196527
"P07783",2026-11-28,13287.35,6508.44813267175
"P07784",2026-10-18,147870.96,142700.873384696
"P07790",2026-12-25,47657.19,4783.97461674741
"P07994",2026-03-02,2936.44,5847.40042832007
"P07996",2026-10-26,8814.93,6187.51633487233
"P07997",2026-10-18,10147.42,5408.51327622142
"P07998",2026-11-02,7533.6,5292.76906243031
"P08000",2026-12-26,27199.39,81243.6437422021
"P08005",2026-11-17,3925.11,7943.9295317426
"P08006",2026-12-05,19845.94,74459.148958621
"P08009",2026-10-28,6602.25,71400.246105995
"P08012",2026-11-18,34192.93,80841.0307595556
"P08014",2026-10-11,4858,73396.16792863
"P08171",2026-12-09,11944.35,80345.6093856881
"P08172",2026-10-20,41923.5,72651.6185726315
"P08181",2026-10-22,46293.75,144099.476991622
"P08187",2026-11-17,196544.52,144596.439125955
"P08188",2026-11-10,15870.2,6007.15369669489
"P08189",2026-11-02,48333.85,160634.05902802
"P08191",2026-11-28,5806.44,6121.38408743395
"P08194",2026-11-24,5140.05,7367.69631675093
"P08196",2026-12-30,4660.54,8178.38263630146
"P08200",2026-12-21,410401.28,158857.295570146
"P08201",2026-12-01,99236.95,157926.641727278
"P08203",2026-12-14,12460.61,7410.30979729296
"P08217",2026-10-09,2319.55,4379.61911823101
"P08222",2026-12-29,75050.26,6513.39813398742
"P08225",2026-11-02,7749.41,7831.52760838669
"P08241",2026-12-01,36917.51,241613.165038671
"P08242",2026-12-03,4326.18,6585.71486743993
"P08243",2026-12-10,5548.94,6309.02611952813
"P08281",2026-05-18,1253.87,48973.7881019571
"P08320",2026-10-31,24569.24,6805.06080305481
"P08322",2026-12-23,907529.98,241816.735969705
"P08338",2026-09-17,9504.34,113462.344364745
"P08340",2026-10-13,56309.69,117086.03231041
"P08344",2026-10-21,4587.72,5093.73223748254
"P08346",2026-12-15,8626.36,5709.15586818165
"P08348",2026-09-10,4864.88,3985.78377335085
"P08350",2026-10-30,1254.71,4233.51905906717
"P08353",2026-10-24,324663.06,167020.474608909
"P08356",2026-11-13,344691.77,93526.9122068911
"P08357",2026-10-18,4123.72,4240.61379374062
"P08359",2026-10-29,41375.5,110875.1464011
"P08363",2026-11-27,7800.44,7377.7789216767
"P08364",2026-11-26,11768.79,5350.60610471072
"P08365",2026-11-11,4532.32,7400.01925128201
"P08367",2026-12-07,21812.65,4404.01116206143
"P08368",2026-12-10,13091.39,102219.194135172
"P08369",2026-12-10,8034.71,5243.31852969205
"P08374",2026-11-02,36462,122246.786631755
"P08379",2026-10-23,4559.34,94315.1235106763
"P08380",2026-11-02,7549.91,97060.6200171136
"P08383",2026-11-19,5685.52,4811.33801131345
"P08387",2026-11-23,18180.71,104215.654031687
"P08388",2026-10-17,6881.63,97919.2531659137
"P08390",2026-12-28,538828.98,101279.159341464
"P08392",2026-11-24,57540.05,103472.309162845
"P08396",2026-11-11,6865.22,4639.18481038571
"P08399",2026-12-03,37221.14,104993.179645731
"P08400",2026-10-22,23852.36,4643.5161800997
"P08401",2026-10-28,4341.16,4662.20313305993
"P08404",2026-11-26,25913.01,124382.455463741
"P08405",2026-11-11,34542.04,6960.0325712684
"P08406",2026-12-03,7592.82,5763.4136470487
"P08408",2026-10-23,15950.1,5983.72434851213
"P08411",2026-12-03,13861.96,91957.1594703403
"P08412",2026-10-23,18486.69,100509.971283885
"P08446",2026-12-09,167133.62,126034.112920264
"P08448",2026-11-25,64052.29,119631.886747161
"P08450",2026-10-29,755099.58,117141.194338882
"P08463",2026-12-19,10312.71,6311.60584258639
"P08476",2026-12-08,4195.89,8712.13245226501
"P08481",2026-11-15,7106.53,9487.8258195218
"P08489",2026-12-21,1976.49,8253.08139299715
"P08501",2026-11-09,24096.49,7337.97661219115
"P08502",2026-11-08,3338.26,5983.35400856941
"P08524",2026-02-06,1903.19,10361.8921338519
"P08526",2026-10-28,16093.73,5091.83178299071
"P08527",2026-11-19,7872.63,5403.11149274611
"P08587",2026-12-27,15275.48,8778.44728801109
"P08593",2026-12-29,33954.34,138442.524405399
"P08602",2026-12-16,13488.7,7844.27617715482
"P08604",2026-11-10,47453.6,145629.035523578
"P08609",2026-12-20,21454.75,102543.663375669
"P08615",2026-11-21,29027.44,197347.46560583
"P08616",2026-10-29,361618.57,184954.1750997
"P08617",2026-12-30,1669919.4,211920.024845127
"P08620",2026-11-13,11659.75,268095.053046046
"P08624",2026-10-31,15871,8282.64964473875
"P08625",2026-12-07,19745.13,8271.10614170304
"P08626",2026-10-08,101963.53,90802.0348864816
"P08633",2026-12-05,16481.37,8122.29851710784
"P08639",2026-12-18,9648.08,7617.32890246101
"P08641",2026-12-03,178104,350600.905277912
"P08644",2026-12-03,605120.67,300745.821790237
"P08648",2026-12-24,34400.96,308459.040257134
"P08650",2026-12-30,10622.15,7286.59533608614
"P08655",2026-10-21,31952.78,7458.58409846697
"P08656",2026-12-07,461939.53,270567.253316395
"P08657",2026-12-20,39664.29,6549.92489212092
"P08659",2026-11-19,113018.22,6604.47616931127
"P08660",2026-12-19,23380.57,6527.39615133436
"P08749",2026-08-05,25972.78,9551.95882631018
"P08785",2026-11-15,5674.14,4815.18388646564
"P08789",2026-10-08,6151.74,6255.93468572606
"P08792",2026-11-30,16231.78,6607.74459112437
"P08793",2026-11-27,62619.78,153462.061378384
"P08796",2026-12-01,6469.25,7787.49160303976
"P08797",2026-12-16,14547.26,5013.03447196876
"P08801",2026-10-25,8121.09,6518.12654487447
"P08803",2026-11-06,7377.03,4360.08882040473
"P08804",2026-12-08,31808.26,8242.5343751202
"P08805",2026-09-16,21259.9,4109.82843180442
"P08807",2026-10-15,7042.81,4277.14092034103
"P08809",2026-10-22,4816.66,4572.21548891226
"P08810",2026-11-08,3657.92,6992.95218540075
"P08812",2026-12-24,1343.25,5981.00364545418
"P08815",2026-11-18,23167.4,6958.99770326438
"P08816",2026-10-25,1932.65,7295.03144755119
"P08817",2026-12-08,17906.33,6979.67587197107
"P08820",2026-11-29,11655.92,7195.82174046646
"P08821",2026-10-26,19373.55,6617.88556201935
"P08822",2026-11-06,6647.67,7099.16096600092
"P08828",2026-12-07,24138.07,7071.55859571729
"P08829",2026-10-15,4047.32,5718.89431185635
"P08830",2026-11-28,8499.18,5834.89634003776
"P08831",2026-12-30,899.25,5806.86951726129
"P08832",2026-11-28,54426.22,177338.323374358
"P08834",2026-12-26,308542.05,177348.524851863
"P08835",2026-11-20,26792.46,182236.592409892
"P08837",2026-09-22,158850.07,159165.924939555
"P08842",2026-12-07,8887.7,4762.75635012359
"P08843",2026-11-12,4264.3,5440.65390672396
"P08844",2026-09-24,9294.26,5267.5688180224
"P08847",2026-11-04,58045.63,159752.59160702
"P08849",2026-12-20,9495.39,159736.994742967
"P08850",2026-11-28,11817.51,4213.79678828234
"P08851",2026-11-25,15138,4321.5275810635
"P08852",2026-11-27,19006.69,6441.07621467002
"P08853",2026-12-08,5868.94,4338.82793048461
"P08856",2026-11-16,14900.47,6092.56854629884
"P08859",2026-10-03,9415.06,5795.39104893972
"P08998",2026-12-13,5804.18,7368.42130821389
"P08999",2026-12-01,14185.42,7764.76045550632
"P09002",2026-11-17,5652.95,8791.79983218795
"P09004",2026-12-20,4636.08,8463.59630337458
"P09009",2026-10-22,5769.34,7237.66161219897
"P09030",2026-09-25,3964.57,4398.53420171341
"P09031",2026-12-18,33143.97,4893.49940641445
"P09033",2026-12-07,3218.52,5017.79721562218
"P09034",2026-11-05,12847.12,5238.20748619552
"P09036",2026-04-13,1104.26,4460.48418677039
"P09037",2026-12-07,3917.2,5228.93341243853
"P09038",2026-11-19,11819.08,5067.76920436821
"P09040",2026-10-14,8888.98,6067.14833490165
"P09053",2026-10-30,3960.93,5606.98239997058
"P09055",2026-11-08,301435.85,151080.098570137
"P09056",2026-11-04,13320.05,155343.352757198
"P09058",2026-10-04,45526.79,145126.395118727
"P09060",2026-11-18,25005.1,152976.307522449
"P09061",2026-11-22,24827.03,9617.76161061049
"P09074",2026-11-05,10191.53,9860.65890951348
"P09077",2026-11-30,8275.59,8814.45726669215
"P09078",2026-12-01,3259.96,8290.29899479733
"P09080",2026-12-30,22070.74,9592.24862667769
"P09082",2026-12-21,24087.91,10622.8798759506
"P09085",2026-12-23,1636.82,9857.13791345819
"P09088",2026-11-07,4508.7,10294.3082744589
"P09089",2026-12-24,4254.13,9191.91500820311
"P09094",2026-11-25,5093.56,10820.6086518845
"P09097",2026-11-26,4007.68,9834.25156552191
"P09099",2026-12-11,9640.9,8837.46062191718
"P09101",2026-11-18,15025.59,10752.3979625806
"P09104",2026-11-10,6034.62,9258.02842934146
"P09107",2026-11-19,25869.94,126868.14083838
"P09112",2026-11-25,7695.4,94924.2861044805
"P09114",2026-12-16,212718.22,134032.374399048
"P09115",2026-11-01,18898.24,135423.264783796
"P09116",2026-12-10,66356.62,139819.335113238
"P09120",2026-12-19,2306.9,9179.71952397732
"P09121",2026-11-29,9221.02,9890.16492761258
"P09126",2026-12-23,4500826.76,157295.360992437
"P09138",2026-12-18,64817.7,145863.014915992
"P09141",2026-12-22,96344.69,147886.687586494
"P09145",2026-11-01,41574.46,97626.1196594311
"P09146",2026-11-12,9976.95,95923.7104760207
"P09173",2026-04-23,5549.64,8408.55246502384
"P09194",2026-12-15,10508.31,8592.44230324155
"P09196",2026-12-05,8173.56,7327.34013456997
"P09197",2026-12-10,11327.57,111043.84412303
"P09202",2026-11-29,4268.62,8602.46555781598
"P09203",2026-12-16,14501.21,111486.983680444
"P09210",2026-12-27,6613.22,8494.68372670405
"P09346",2026-11-03,13032.65,7345.53950890235
"P09353",2026-12-28,5946.88,5435.05814580496
"P09359",2026-10-27,22250.67,7461.73470773011
"P09362",2026-12-21,3687.08,8438.86037010276
"P09368",2026-11-21,30731.24,97044.9660225617
"P09373",2026-11-12,21013.29,8049.04405222244
"P09375",2026-12-04,4844.64,7785.05708936393
"P09377",2026-12-28,22835.99,9495.78420843247
"P09378",2026-10-16,15947.7,8043.21928365711
"P09379",2026-10-09,5746.7,7422.46100307178
"P09382",2026-12-22,6662.52,6790.53953404904
"P09384",2026-11-18,13027.62,7301.32231210126
"P09385",2026-08-06,20315.42,6695.97962859902
"P09386",2026-11-02,5487.67,7398.92065697141
"P09388",2026-11-22,17500.72,6724.39243176449
"P09389",2026-10-23,8434.22,7506.16244786795
"P09390",2026-09-29,6699.38,7418.30738480211
"P09391",2026-10-26,38843.29,157180.007177192
"P09393",2026-11-29,42351.76,106665.686311506
"P09395",2026-10-19,15016.58,92702.181440165
"P09396",2026-11-11,25646.06,94205.3462066614
"P09398",2026-11-26,34529.35,129938.535722253
"P09399",2026-11-28,2215.55,7805.66875029123
"P09400",2026-11-04,39044.79,134949.916289111
"P09401",2026-11-20,18938.06,92995.8273031101
"P09449",2026-11-30,822669.44,92198.7994813397
"P09450",2026-10-05,28981.33,94067.8953973768
"P09452",2026-09-27,7131.14,93600.1523963684
"P09453",2026-12-08,16771.22,7077.33176651419
"P09454",2026-10-11,4465.09,6535.71705345968
"P09455",2026-12-06,42888.3,88025.9751881435
"P09457",2026-12-19,5355.69,5058.2648271126
"P09458",2026-12-29,3212.2,5840.35702415308
"P09460",2026-12-07,12978.3,5150.80393961011
"P09461",2026-10-19,18702.34,6371.85461672214
"P09464",2026-11-25,2231.57,6307.00178709923
"P09465",2026-11-27,2975.67,6974.39581700534
"P09473",2026-12-28,33772.9,93671.3183206943
"P09474",2026-11-16,19918.96,90462.297114828
"P09477",2026-11-30,13589.33,95907.2168523645
"P09479",2026-09-20,302392.14,95137.7046291431
"P09482",2026-11-08,7736.81,98797.433007552
"P09484",2026-11-18,11389.03,123990.960562731
"P09487",2026-11-12,8809.73,4618.06988442113
"P09488",2026-11-29,7995.09,4909.74813165381
"P09489",2026-12-15,384029.55,163075.884234067
"P09493",2026-12-18,32838.34,4854.48238048205
"P09495",2026-10-11,9248.35,4396.36402436525
"P09496",2026-12-26,7996.27,5400.46721591292
"P09500",2026-10-23,46179.29,5535.42962739332
"P09501",2026-12-06,2206.65,5295.06614970895
"P09505",2026-11-03,9811.93,4611.96928186549
"P09506",2026-11-10,6317.39,4771.71844001346
"P09507",2026-11-15,8895.43,5180.36608279783
"P09509",2026-12-13,5394.71,5684.66567034374
"P09510",2026-10-19,24610.11,7802.48526097071
"P09519",2026-12-28,3233.95,8817.8647409267
"P09522",2026-12-17,7498.76,6421.80074721266
"P09524",2026-11-22,17206.78,5149.92431293483
"P09526",2026-11-15,4400.06,4602.57863553536
"P09527",2026-12-02,6819.8,5117.92735136492
"P09529",2026-12-18,25608.85,4921.54211062487
"P09530",2026-11-03,24233.78,4629.56609377692
"P09533",2026-11-10,18555.62,4903.13772498207
"P09534",2026-11-29,23905.19,7442.87510321498
"P09538",2026-12-20,10559.91,4941.59612389798
"P09541",2026-10-29,14498.47,4699.87276439205
"P09542",2026-10-23,21519.83,4538.75240436457
"P09543",2026-11-21,12475.39,5658.89244320241
"P09546",2026-11-16,8575,5090.30805628448
"P09565",2026-10-04,30179.72,7114.06844874468
"P09567",2026-11-07,7902.01,158647.050182859
"P09570",2026-10-22,2911.62,4931.47470741612
"P09571",2026-12-24,12691.77,5452.19699335593
"P09590",2026-11-05,20686.34,6845.91199240821
"P09591",2026-12-05,10822.25,6948.58171187672
"P09592",2026-12-15,3740.92,4887.22960665901
"P09593",2026-11-02,12358.89,4645.74915734378
"P09595",2026-09-15,74925.73,190667.710082327
"P09596",2026-10-28,23357.1,92095.8004473904
"P09597",2026-11-02,5338.48,92404.8158947499
"P09602",2026-11-06,6534.9,89776.6209216823
"P09603",2026-11-21,4915.2,5709.9809979343
"P09604",2026-12-29,17038,5898.83740124497
"P09606",2026-10-02,11349.32,8201.85161120343
"P09609",2026-12-08,11257.83,5183.28105290691
"P09612",2026-10-29,45653.7,99159.8184574551
"P09614",2026-12-07,11608.27,93791.1275198415
"P09615",2026-11-24,5001.73,5419.33342649691
"P09616",2026-12-11,28078.05,92844.133075796
"P09617",2026-12-01,13514.59,97276.8997365065
"P09620",2026-12-04,54667.87,97359.7153121068
"P09621",2026-11-29,7457.92,6392.41945304172
"P09624",2026-11-16,12784.16,5147.18373477882
"P09824",2026-11-12,5614.34,39713.1615288508
"P09906",2026-02-04,6389.99,7939.79965854064
"P09909",2026-06-05,29121.17,5815.0294139374
"P09910",2026-06-24,4004.74,6716.72859360184
"P09911",2026-01-17,9593.29,4961.14294050789
"P09912",2026-08-17,8453.34,5755.01114301368
"P09913",2026-06-20,829.8,6607.74339182454
"P09914",2026-06-26,1006.56,6906.96887284783
"P09915",2026-05-01,3369.63,6327.63739853068
"P09916",2026-05-11,523.32,6883.13528916589
"P09918",2026-03-21,20207.53,5874.50422560579
"P09919",2026-05-01,1450.73,7957.56739875464
"P09920",2026-06-02,1452.19,7810.87655659657
"P09928",2026-06-27,6323.69,5103.93390609227
"P09992",2026-07-21,7374.35,6334.46836322684
"P09997",2026-12-19,1536.95,7454.98174343031
"P09998",2026-03-28,1663.04,5056.74320283846
"P10012",2026-03-11,1376.21,6050.92296962148
"P10014",2026-01-24,3620.5,19191.0723846316
"P10017",2026-03-06,17199.48,5611.31238485317
"P10018",2026-09-14,6120.85,9222.09396904724
"P10019",2026-01-07,3485.79,5446.15320270842
"P10020",2026-02-08,2958.88,7606.90896053239
"P10023",2026-09-10,567.63,4315.42222414585
"P10028",2026-06-01,4104.3,5115.44741328703
"P10029",2026-06-01,22274.69,5157.54033299934
"P10030",2026-06-18,1002.55,4206.84315777394
"P10036",2026-06-24,1370.47,4704.60533782193
"P10037",2026-06-19,2964.63,6342.68842970833
"P10040",2026-09-14,1399.02,5600.72412381632
"P10156",2026-09-03,6429,11282.4190155267
"P10176",2026-01-25,1372.68,5100.08623008967
"P10213",2026-01-24,22203.56,72241.2239795955
"P10215",2026-02-09,8521.23,63791.4522716043
"P10216",2026-01-22,93138.12,51425.722795758
"P10220",2026-02-06,36727.94,52865.2822626647
"P10221",2026-01-24,5492.14,50244.8357738997
"P10366",2026-10-06,789.32,9010.13940966217
"P10393",2026-11-24,1712.48,10165.4288144784
"P10394",2026-12-10,32971.98,10608.0119257674
"P10404",2026-12-10,36841.02,8181.14761575119
"P10405",2026-01-01,7378.77,5036.0730114008
"P10426",2026-07-20,895.63,4580.62649421031
"P10431",2026-01-10,1944.31,3689.28450762249
"P10432",2026-01-06,38068.97,3292.35761125177
"P10434",2026-01-13,2784.89,7467.03694527475
"P10435",2026-01-20,282.26,4664.20436935472
"P10437",2026-01-13,59885.11,3669.47880770528
"P10449",2026-02-12,4359.68,4800.04713138838
"P10531",2026-10-13,2429.47,5957.41967559387
"P10628",2026-01-04,1804.26,3738.52195308242
"P10629",2026-09-30,568.64,4748.49159916497
"P10630",2026-10-09,13603.64,4318.53228994331
"P10632",2026-04-05,426.01,4674.07206355131
"P10637",2026-10-28,608.87,4679.96994224429
"P10666",2026-02-10,80187.94,259500.77630696
"P10670",2026-01-04,32996.37,4540.14147372567
"P10673",2026-01-04,3096.2,13991.6397021946
"P10680",2026-10-01,20917.44,5863.1709806813
"P10681",2026-01-13,2339.32,5204.53842693025
"P10682",2026-10-11,1482.24,8391.79086060546
"P10684",2026-01-13,1464.93,4268.98197641326
"P10685",2026-08-18,344.23,5153.64547048325
"P10690",2026-06-02,14650.83,9855.26405733169
"P10691",2026-08-01,13645.99,9095.69380202791
"P10692",2026-01-09,715.78,5546.79774651789
"P10704",2026-01-03,11723.23,6488.33628111645
"P10715",2026-08-13,3126.87,9732.48303333138
"P10734",2026-04-27,589409.03,33891.3044057258
"P10735",2026-08-11,4557.44,10040.106542098
"P10736",2026-01-04,10260.93,3688.70041221182
"P10744",2026-02-06,45026.28,81894.2259328116
"P10745",2026-01-22,35945.27,56804.6213326173
"P10767",2026-08-15,7273.45,7322.56929752147
"P10775",2026-02-03,1832.22,6874.06620536364
"P10777",2026-05-19,2169.36,6331.58464908725
"P10778",2026-02-01,2180.42,5733.3003106757
"P10780",2026-07-10,1281.81,6861.29328589206
"P10782",2026-04-06,15982.8,3961.51772863317
"P10783",2026-05-02,4466.59,6658.86691113266
"P10784",2026-03-14,7566.19,7578.50633813349
"P10785",2026-01-06,1741.48,6838.92192809626
"P10786",2026-04-21,615.37,6624.66168485096
"P10791",2026-05-03,2531.05,6835.24055113058
"P10793",2026-01-14,3221.75,6269.3770721914
"P10797",2026-03-12,793.72,5635.8631762176
"P11065",2026-01-08,7427.3,4487.87749002582
"P11086",2026-06-27,2400.97,3655.30627665475
"P11117",2026-08-31,145568.08,266934.694811187
"P11171",2026-10-17,714.08,5253.14796964356
"P11233",2026-11-05,6004.1,9202.61275073717
"P11236",2026-05-01,1986.39,14791.4905577616
"P11241",2026-04-21,7230.71,6825.47547822206
"P11246",2026-10-17,3163.49,8327.5136364568
"P11248",2026-10-07,2331.26,8269.34308465802
"P11249",2026-08-17,4122.1,6617.22576482598
"P11252",2026-01-13,8623.85,4773.70680528141
"P11255",2026-09-12,3079.97,6769.43409552497
"P11256",2026-08-11,3090.62,7410.13441374808
"P11259",2026-08-06,413.01,6110.78905773053
"P11260",2026-11-10,1704.85,6570.22576711936
"P11263",2026-11-20,774.66,5026.26801649848
"P11287",2026-08-16,1075.04,5844.47978513165
"P11290",2026-07-29,964.1,6340.60954064164
"P11292",2026-07-19,1065024.41,327837.435671296
"P11293",2026-08-30,129741.01,306307.035490892
"P11297",2026-04-16,13825.62,6185.14692248972
"P11318",2026-12-28,1561.68,4613.69006942295
"P11323",2026-08-05,3857.71,7286.72028479793
"P11326",2026-08-25,11678.45,6096.67506647999
"P11328",2026-08-21,1046.75,6096.06263380511
"P11330",2026-08-25,664.8,6086.37742560542
"P11331",2026-08-15,1102.5,6139.71940093667
"P11333",2026-04-18,650.96,5546.62347385504
"P11336",2026-09-07,5734.93,5642.06616502776
"P11337",2026-07-30,1114.81,5344.16172274896
"P11338",2026-07-16,1118.97,5547.49216154033
"P11422",2026-08-13,1678.53,8766.42274232635
"P11507",2026-07-04,28379.09,6365.98768246552
"P11508",2026-09-20,1548.66,4396.34791245821
"P11513",2026-09-09,699.4,4687.97370823
"P11518",2026-12-03,1209.91,3925.5547383871
"P11520",2026-09-17,55753.62,4276.62414635591
"P11568",2026-03-05,14385.25,125601.273375149
"P11588",2026-08-29,125453.04,222890.556079113
"P11683",2026-09-17,5761.66,11856.578177386
"P11702",2026-12-24,8030.37,8373.69525863328
"P11765",2026-03-08,1325.03,4064.51624660231
"P11766",2026-11-23,4707.19,6189.91904793945
"P11774",2026-01-08,6009.48,5923.99673591878
"P11777",2026-08-12,1183.09,5364.69031678501
"P11779",2026-05-31,16850.74,4734.05390680646
"P11780",2026-11-28,10875.16,4912.34278055267
"P11782",2026-01-05,4643.01,4510.92468904638
"P11783",2026-05-25,6118.4,9959.53691298744
"P11787",2026-06-07,17465.17,6179.2917806101
"P11788",2026-05-25,885.04,7581.03025987561
"P11789",2026-02-11,3971.17,6022.50049488772
"P11790",2026-01-21,2027.53,3857.06442872596
"P11792",2026-04-25,1478.8,6227.02099757317
"P11794",2026-06-04,7084.67,8534.05595630468
"P11796",2026-04-12,1969.13,6339.13503518094
"P11797",2026-03-21,811.89,6805.34421751667
"P11799",2026-06-23,1746.74,6065.24082564871
"P11800",2026-02-25,655.51,6394.00178649511
"P11802",2026-04-13,454.52,6166.34251949236
"P11806",2026-04-20,3291.64,10479.1019240223
"P11807",2026-06-19,2272.95,6206.07572107842
"P11810",2026-06-19,2495.46,6947.95716839727
"P11812",2026-01-14,5826.45,9059.45039332412
"P11814",2026-03-09,2442.68,8834.77729158229
"P11815",2026-02-20,297.83,7153.05950426269
"P11824",2026-04-20,4449.38,7286.62573869007
"P11825",2026-07-05,1616.93,4767.59447729922
"P11828",2026-06-02,1932.23,7999.32400622295
"P11829",2026-02-28,1258.53,4549.46363429516
"P11830",2026-07-22,1624.35,4532.38875715707
"P11846",2026-03-17,1630.91,4739.69400142786
"P11847",2026-04-07,864.14,5616.01714847367
"P11854",2026-01-29,3891.25,5050.15297789522
"P11865",2026-07-16,2291.32,4072.66373873179
"P11868",2026-03-15,785.44,3520.94282864143
"P11870",2026-05-08,2128.75,5123.1766888024
"P11871",2026-06-24,1747.8,4466.34367158826
"P12023",2026-02-01,237562.75,55233.7660788213
"P12101",2026-10-30,2415.61,57440.9111232577
"P12102",2026-03-12,43171.27,59061.9749771689
"P12104",2026-06-28,1432.38,7533.10915500079
"P12107",2026-10-13,5469.66,69205.8137743166
"P12108",2026-10-05,25545.06,60427.6651766457
"P12109",2026-03-02,103676.91,50714.8519334148
"P12116",2026-01-19,7468.05,7882.00747256778
"P12136",2026-01-31,105598.74,78180.9257421102
"P12171",2026-12-01,7545.51,8326.54787699036
"P12180",2026-11-18,4857.55,9951.77588478652
"P12212",2026-08-22,644.95,9266.46406579668
"P12213",2026-07-24,1318.29,34797.5085200673
"P12214",2026-08-01,1722.99,6889.98589386228
"P12215",2026-06-22,2444.95,6151.54265859402
"P12216",2026-05-20,464.68,7299.82003770345
"P12218",2026-06-25,2905.11,8028.68817456944
"P12230",2026-10-08,3882.39,7621.45956295074
"P12233",2026-06-15,3980.64,5000.0521860026
"P12236",2026-06-22,19690.68,5156.88225351541
"P12237",2026-09-15,1131.08,5025.08666919253
"P12238",2026-06-25,1372.97,4854.60529854807
"P12240",2026-06-19,3833.83,6935.4876424704
"P12242",2026-07-01,4315.71,8911.56925642499
"P12243",2026-09-06,13251.85,7666.54754131243
"P12244",2026-12-05,316533.55,270286.985502867
"P12318",2026-01-20,160143.48,192247.854744888
"P12382",2026-03-08,4845.15,5143.73158762893
"P12439",2026-08-09,1870.21,7623.715185777
"P12440",2026-04-03,74091.22,179037.321639517
"P12444",2026-09-18,807.98,6111.52890540432
"P12445",2026-02-03,111942.82,272432.984522653
"P12450",2026-03-20,16451.64,4953.77001458115
"P12453",2026-08-06,3559.97,10929.4321035629
"P12459",2026-10-23,798.16,4225.23154588777
"P12462",2026-09-29,5303.37,7184.29908371864
"P12463",2026-10-05,21479.24,11346.6405410243
"P12466",2026-10-14,5085.37,6724.30146093154
"P12469",2026-04-23,1452.12,6072.80584907108
"P12473",2026-05-10,1089.9,7847.70207698589
"P12478",2026-03-12,1337.57,8328.9748333683
"P12482",2026-12-26,3199.15,5979.32751875605
"P12488",2026-11-05,6345.23,6405.97737996899
"P12498",2026-05-30,1253.67,4789.36518790008
"P12510",2026-08-08,2538.47,5026.12492673039
"P12513",2026-09-25,3455.89,4148.42384437107
"P12520",2026-04-29,3107.52,6483.3586298067
"P12522",2026-04-02,19052.24,11028.1444165253
"P12523",2026-03-06,2066.2,5631.65765555698
"P12531",2026-12-25,5036.7,10338.0532752308
"P12534",2026-12-22,1845.4,7774.69212162304
"P12535",2026-10-15,537.88,7822.79334696054
"P12537",2026-12-29,4508.08,10045.9834513904
"P12540",2026-06-21,8737.57,4896.41195679661
"P12542",2026-12-25,1364.89,8233.64509530951
"P12553",2026-05-01,1831.65,6941.36714456915
"P12555",2026-05-23,1361.34,5996.1872787501
"P12557",2026-09-12,1256.31,5295.09331186027
"P12564",2026-05-26,10602.81,5762.14598749519
"P12566",2026-09-28,1447.76,4964.96061345222
"P12571",2026-10-01,755.38,6311.3810799631
"P12572",2026-11-04,1405.94,5229.33306284587
"P12573",2026-07-01,1068.16,5387.68641345786
"P12575",2026-06-30,879,5523.14366273899
"P12576",2026-06-13,573.19,8499.22619324259
"P12577",2026-07-28,374.27,4991.71169619671
"P12578",2026-07-02,30141.59,5471.45046982142
"P12647",2026-08-06,3383.4,9846.65144517973
"P12650",2026-10-01,3145.84,6374.57134043229
"P12671",2026-01-31,130955.66,133237.173949024
"P12719",2026-08-22,3610.99,6366.51935265038
"P12784",2026-07-15,829.15,6030.05108784768
"P12828",2026-03-27,1140.69,6979.02260990028
"P12926",2026-06-27,2353.68,6458.34392227373
"P13011",2026-09-11,1849.44,9223.50795124505
"P13013",2026-02-01,2534.53,6157.82290291118
"P13041",2026-09-05,3712.43,68108.3785398803
"P13050",2026-02-12,3670.95,5270.69673438427
"P13055",2026-12-17,3751.74,5062.50055353337
"P13059",2026-10-15,1234.76,6201.25749807996
"P13094",2026-08-15,3800.49,11514.0032603327
"P13097",2026-09-20,13775.09,8530.91828323161
"P13098",2026-09-02,4048.9,9036.50637252388
"P13193",2026-03-10,6462.15,253783.868697244
"P13222",2026-08-21,6717.67,5567.57705042517
"P13227",2026-01-23,3438.09,6083.46097510544
"P13459",2026-08-27,1273.71,5432.04762090453
"P13531",2026-07-23,13457.85,57989.736847896
"P13647",2026-11-08,1546.04,5352.16381401782
"P13654",2026-12-20,1582.65,6681.29640698149
"P13664",2026-05-27,485.92,4045.82477446801
"P13666",2026-09-23,945.59,3814.67489669652
"P13667",2026-07-01,734.33,5621.98423265386
"P13668",2026-06-07,619.54,4246.73713447726
"P13670",2026-12-04,2986.64,4781.91658947154
"P13672",2026-05-30,3058.53,5927.47215331531
"P13673",2026-06-24,1342.85,6030.56261926422
"P13674",2026-06-20,730.37,4607.1780979439
"P13686",2026-05-12,1113.21,5394.00046876563
"P13687",2026-08-29,5195.81,5391.51370113455
"P13688",2026-08-27,732.38,5557.10854997793
"P13689",2026-08-02,3745.93,10351.4866420843
"P13690",2026-07-03,494.52,6197.35324959463
"P13692",2026-08-13,555.76,6277.65147924924
"P13695",2026-09-20,9416.35,5195.07056827835
"P13697",2026-05-14,6929.7,5983.87810504108
"P13782",2026-01-01,4572.81,48756.4407391041
"P13792",2026-07-08,18672.71,49520.4872924136
"P13867",2026-12-20,10270.13,11617.8777808667
"P13868",2026-10-08,3755.3,11832.8018095403
"P13889",2026-01-31,7448.6,7565.35521307944
"P13890",2026-09-07,632.71,5649.06811400186
"P13901",2026-09-28,33236.52,9849.37332667559
"P13909",2026-10-10,1171.9,10715.7468307167
"P13910",2026-11-04,2081.55,10037.727700415
"P13915",2026-07-28,7149.31,7612.63767069527
"P13932",2026-02-05,2041.24,6748.53641126875
"P13933",2026-02-19,506.42,6406.36478369564
"P13934",2026-02-25,9630.31,6032.13670060985
"P13948",2026-08-15,1983.64,7183.4626237413
"P14010",2026-05-30,7053.98,269584.308971564
"P14011",2026-07-19,126258.31,288640.536971576
"P14012",2026-01-13,8393.19,4574.0631267556
"P14014",2026-07-20,41760.6,357804.487589072
"P14018",2026-12-17,974.3,6409.0698228406
"P14020",2026-07-10,3745.9,6312.73903993549
"P14021",2026-07-14,468,5682.7596409956
"P14025",2026-03-19,24772.15,4790.03676652341
"P14026",2026-04-02,4427.2,47347.9044118016
"P14027",2026-08-02,3017.68,5265.01239228606
"P14029",2026-08-14,7835.71,4572.83522783725
"P14030",2026-03-10,1366.26,4937.76677432398
"P14089",2026-06-17,4388.03,6396.88940340884
"P14092",2026-09-05,1049.25,5936.1657197711
"P14123",2026-09-29,4862.41,225251.069787091
"P14142",2026-09-15,1946.85,6121.888782613
"P14410",2026-06-28,496.57,8558.64156303356
"P14411",2026-06-02,29986.01,18120.8974849284
"P14414",2026-02-07,1586.87,5753.13019374304
"P14682",2026-05-21,3854.92,8974.24806738135
"P14684",2026-10-30,1512.88,7317.72315353219
"P14737",2026-07-18,4896.61,146001.70904542
"P14745",2026-05-23,689.95,5904.05495314404
"P14785",2026-08-12,2356.08,8282.67071369922
"P14813",2026-12-11,546.46,3747.24488188386
"P14816",2026-09-17,834.6,3962.90423224322
"P14821",2026-07-28,1823.43,6537.96883467113
"P14840",2026-09-24,10161.56,9746.56847070888
"P14853",2026-10-10,2639.8,6650.63386737453
"P14854",2026-12-01,737.31,9945.4802690896
"P14856",2026-11-30,21341.31,7663.28765941746
"P14876",2026-11-23,644.16,6652.7298706095
"P14878",2026-09-22,1519.65,5873.20303031617
"P14880",2026-06-16,1567.08,10226.0571650055
"P14887",2026-10-17,881.08,9685.78749601475
"P14890",2026-08-30,5423.04,9871.74204895347
"P14893",2026-08-22,610.58,9166.85638245845
"P14898",2026-10-25,458.2,10709.488378361
"P14906",2026-01-02,6341.65,7692.77018803018
"P14920",2026-05-23,2537.9,8588.31701139887
"P14921",2026-10-22,513.31,6161.0512098031
"P14922",2026-09-19,858.34,9620.64340339148
"P14925",2026-08-16,2335.01,7454.37521794036
"P14927",2026-06-19,2951.93,6760.62007603641
"P14929",2026-10-25,2678.35,9498.09599401084
"P15034",2026-07-06,1305.04,5272.95912365983
"P15035",2026-07-10,459.35,5200.54707132765
"P15037",2026-08-29,20100.13,4780.07539579017
"P15038",2026-06-11,685.42,6827.45181106785
"P15040",2026-06-16,13983.78,5894.74188381239
"P15050",2026-09-05,478.68,4526.77328937864
"P15051",2026-06-13,1851.13,5077.04162705189
"P15175",2026-09-25,7346.09,4161.93237756095
"P15176",2026-09-01,2891.72,4758.16570719748
"P15177",2026-09-27,917.99,4727.79028894418
"P15183",2026-06-26,978.32,7323.19887763867
"P15188",2026-08-22,11256.02,4482.91957924813
"P15191",2026-09-05,433.94,3710.87366915784
"P15192",2026-08-15,3055.24,6342.00044973343
"P15196",2026-09-09,9837.97,55518.858297962
"P15197",2026-09-07,4797.94,6737.07222511694
"P15203",2026-07-10,2249.01,6373.91299925755
"P15204",2026-07-04,367.91,6779.1400577966
"P15205",2026-07-20,573.84,6152.54774492787
"P15206",2026-05-30,422.13,5914.01049429668
"P15209",2026-07-04,761.61,6744.01871419537
"P15210",2026-06-10,1023.68,7399.53371905516
"P15213",2026-12-29,1818.17,8998.88296577388
"P15216",2026-07-21,127911.07,336733.357866736
"P15218",2026-09-07,3714.91,7972.54623384301
"P15221",2026-09-08,532005.92,296126.58341474
"P15222",2026-08-21,3328.97,9045.15327133748
"P15226",2026-09-09,3686.63,5790.03830145461
"P15228",2026-08-28,2354.03,5811.39736267586
"P15229",2026-08-29,4222.44,5629.24410901152
"P15233",2026-10-15,847.71,4646.29886963863
"P15235",2026-10-06,5002.03,4696.50484215472
"P15240",2026-09-11,1564.08,4650.76635364476
"P15313",2026-11-16,72313.01,5327.08953297688
"P15314",2026-08-14,1179.92,5150.84541086625
"P15320",2026-05-11,471.69,5986.66292636807
"P15324",2026-09-10,4011.55,5615.21532128244
"P15326",2026-09-06,482.8,6666.72081607377
"P15333",2026-02-21,1380.58,7982.75312058834
"P15335",2026-02-04,1870.93,5372.96087058511
"P15337",2026-01-15,935.89,45139.7295907593
"P15338",2026-07-24,21793.37,251677.495605083
"P15355",2026-09-10,2079.82,6378.77337230253
"P15377",2026-12-20,2784.19,6580.3193625706
"P15414",2026-06-29,2848.11,6640.77743506664
"P15446",2026-01-23,59080.87,52234.1197705006
"P15551",2026-11-20,5066.47,10191.1133227775
"P15707",2026-11-21,1806.01,6283.74098660265
"P15708",2026-11-19,699.66,6033.26092799038
"P15709",2026-01-25,763.8,14338.7649399579
"P15722",2026-01-19,25830.41,52234.1197705006
"P15723",2026-02-24,3679.27,52136.5380398036
"P15724",2026-02-06,3311.08,51235.0562008421
"P15798",2026-09-10,52524.83,287203.48102442
"P15824",2026-09-28,4515.66,4569.51821843285
"P15856",2026-05-30,5887.79,3678.72829649983
"P15858",2026-01-04,1616.62,3698.45680541234
"P15859",2026-01-22,3829.6,4444.32208923422
"P15886",2026-12-06,30641.04,9415.10951722328
"P15890",2026-09-09,1300.28,7462.5404040959
"P15891",2026-12-25,1218.84,5577.28576812158
"P15897",2026-12-19,28474.49,7288.97618671881
"P15898",2026-10-22,846.49,7873.41310378669
"P15907",2026-12-19,7134.09,11803.2860307963
"P15909",2026-12-16,5083.35,11231.0979590631
"P15910",2026-07-21,1035.22,11397.8032289937
"P15924",2026-11-15,1944.83,5386.34292482723
"P15925",2026-03-04,8747.32,6848.26635330508
"P15926",2026-07-11,8198.91,4617.3194827063
"P15927",2026-05-30,68400.16,5358.30404917089
"P15970",2026-01-13,705.42,6074.04041767078
"P16070",2026-02-14,9468.32,5767.061408753
"P16090",2026-12-14,2654.96,4783.21936491613
"P16097",2026-08-12,1494.66,4742.5486645782
"P16158",2026-09-03,1117.05,6137.81653320501
"P16161",2026-06-25,440.24,5506.7207523942
"P16162",2026-05-06,1896.49,9100.97377132758
"P16163",2026-11-20,1198.42,5056.26597827812
"P16164",2026-07-11,627.3,4909.27291480109
"P16169",2026-06-12,567.68,5282.35402195836
"P16170",2026-06-15,559.24,9411.91773735991
"P16171",2026-12-25,934.36,5770.72871056307
"P16173",2026-06-06,25598.47,6507.9046900665
"P16175",2026-06-10,1864.78,13854.0937542934
"P16176",2026-05-20,1328.77,6491.12999203501
"P16177",2026-05-26,720.25,10619.9825112383
"P16178",2026-02-04,882.25,3857.89068467462
"P16179",2026-05-19,373.55,4960.45503055921
"P16181",2026-04-28,4326.95,3999.71292416035
"P16183",2026-06-02,2974.07,4627.59995337677
"P16185",2026-06-06,418.13,8626.71364068887
"P16186",2026-06-13,614.93,4638.99295888316
"P16187",2026-10-31,1585.41,6164.59734336512
"P16188",2026-06-06,410.65,4957.49984198829
"P16190",2026-06-23,4891.81,5282.72602682155
"P16193",2026-10-06,1131.99,7582.57444419129
"P16314",2026-10-18,14008.79,6728.17501355256
"P16315",2026-11-05,4726.84,7348.82699553737
"P16392",2026-04-08,4484,9842.41979467517
"P16415",2026-08-15,11480.07,9102.26859987952
"P16491",2026-10-11,8392.08,247953.122016692
"P16493",2026-11-10,22041.61,209138.472444773
"P16494",2026-10-27,20589.16,217854.74778054
"P16495",2026-10-30,377148.94,212351.988022231
"P16496",2026-10-28,2284.34,9302.61003607033
"P16498",2026-08-22,2134.53,8551.55655702221
"P16500",2026-09-17,2389.88,5862.88617639094
"P16501",2026-12-08,3368.6,5791.56970440515
"P16503",2026-09-30,1086.63,5655.33792140296
"P16504",2026-12-28,7839.04,7503.61172353611
"P16506",2026-09-18,449,7857.74011933867
"P16507",2026-10-15,320.76,7361.62589240459
"P16516",2026-08-01,1067.63,6295.7462260776
"P16517",2026-08-31,1272.09,6096.51000132812
"P16519",2026-11-02,8148.18,5913.48384636942
"P16520",2026-10-06,2829.09,6540.21382044874
"P16521",2026-08-31,499.18,6078.76032001673
"P16522",2026-09-04,1850.59,6076.19430499788
"P16524",2026-11-24,711.45,6400.49109101855
"P16525",2026-08-18,895.17,5792.6855886286
"P16526",2026-08-15,8965.48,4579.97506476262
"P16528",2026-08-22,1469.11,6950.55550903859
"P16529",2026-12-19,12959.43,5289.05916142255
"P16530",2026-03-15,1838.05,6208.76019280805
"P16534",2026-08-17,126400.12,319796.813457948
"P16540",2026-11-10,35154.83,7939.43605064975
"P16542",2026-08-12,486.4,6941.89318989434
"P16544",2026-08-09,308.68,5800.21597098674
"P16545",2026-07-28,1293.59,6201.99892893492
"P16546",2026-05-30,2341.76,6289.29847541304
"P16548",2026-09-14,2156.85,7312.01286279342
"P16550",2026-08-27,6664.1,7042.30490567368
"P16552",2026-03-10,3730.68,5975.20776409583
"P16558",2026-08-13,517811.39,260391.621543185
"P16565",2026-08-17,1457.94,6309.05765614341
"P16566",2026-07-23,2277.59,6491.25047436382
"P16569",2026-08-19,555.2,7118.65555115105
"P16570",2026-08-16,861.34,6956.66988809624
"P16571",2026-08-12,253204.45,335902.550867062
"P16573",2026-09-20,2422.72,6825.64633755502
"P16574",2026-08-16,1075.27,5550.70071207766
"P16611",2026-05-30,872.98,6537.44130532243
"P16643",2026-02-18,6829.97,6138.42661396134
"P16660",2026-12-06,2962.67,9544.45780292379
"P16661",2026-07-11,411.7,6536.80818576643
"P16687",2026-01-28,2160.24,87007.5097238566
"P16734",2026-09-17,3669.17,28823.0519746481
"P16735",2026-09-10,2970.52,28892.8854474284
"P16736",2026-09-22,11035.22,28398.200369431
"P16744",2026-06-25,1115.19,7533.05328157643
"P16750",2026-08-25,1133.81,7226.10256442408
"P16751",2026-09-09,836.32,6282.39831314996
"P16752",2026-09-16,12042.1,6620.8739209238
"P16753",2026-09-16,1132.47,6687.01898452554
"P16756",2026-10-14,9931.79,6910.32454242591
"P16757",2026-03-25,6049.3,6686.74209194963
"P16758",2026-10-08,453,5518.18123537744
"P16762",2026-10-01,677.93,12206.70670147
"P16763",2026-10-27,1021.76,6250.23390093152
"P16787",2026-10-03,1045.25,5501.87019929901
"P16788",2026-12-18,1576.7,10523.7403463613
"P16789",2026-10-17,14743.15,6432.33625050506
"P16832",2026-09-19,7578.76,8531.36909683853
"P16834",2026-12-10,605.42,8247.39175690867
"P16867",2026-08-05,960845.75,597197.085286364
"P16893",2026-09-23,2176.65,5746.85882556218
"P17133",2026-10-24,2958.35,9895.93065228324
"P17136",2026-11-01,1270.6,7325.34305227911
"P17137",2026-07-25,3648.28,7678.65852974253
"P17147",2026-12-01,1082.58,8465.72523824802
"P17148",2026-11-14,3208.78,8137.06834002088
"P17149",2026-05-05,713.78,8933.93870467827
"P17150",2026-08-27,1928.31,6125.71194854927
"P17154",2026-10-23,1428.99,9215.4552693902
"P17246",2026-10-12,1839.95,5564.72550572658
"P17248",2026-09-26,2919.99,5857.32869743838
"P17249",2026-10-06,1300.99,4691.81643506755
"P17255",2026-10-04,2750.89,6119.0826908231
"P17256",2026-10-07,768.45,6657.75314926428
"P17257",2026-10-09,625.16,6250.68979206306
"P17258",2026-12-06,5588.12,4538.15981959439
"P17261",2026-08-22,4414.78,5893.06575341212
"P17262",2026-07-26,888.31,4965.36142437351
"P17264",2026-05-25,1606.22,4492.09331368984
"P17265",2026-07-03,7031.07,5982.85256504621
"P17278",2026-11-01,696.11,8834.23286099046
"P17287",2026-07-13,1147.44,9772.6716932175
"P17306",2026-07-25,381.03,9934.15342085122
"P17308",2026-07-16,695.87,4005.3220527285
"P17309",2026-02-03,5199.61,4597.15694521053
"P17313",2026-10-01,646.48,4797.41530264089
"P17314",2026-06-05,1425.13,4371.63801927933
"P17315",2026-01-13,339.7,4044.48482732282
"P17317",2026-04-05,34386.03,6075.4485498676
"P17319",2026-01-27,2687.17,5111.76056371331
"P17323",2026-01-16,9966.42,5090.75250717748
"P17324",2026-12-01,1585.83,4569.92788935436
"P17325",2026-07-07,21707.33,5639.9542755567
"P17415",2026-09-23,2670.05,7836.90608256738
"P17422",2026-10-19,1190.84,5811.46009942902
"P17424",2026-02-02,2566.67,5939.50251210394
"P17442",2026-04-20,4380.99,6751.55582882318
"P17444",2026-06-17,3579.24,7283.07140065846
"P17447",2026-03-20,1643.87,9453.5721969358
"P17448",2026-08-08,3591.74,7918.72505781536
"P17479",2026-12-02,385.39,8917.83812806978
"P17482",2026-09-18,5205.5,8392.62188038887
"P17483",2026-10-01,8918.69,8372.72333456481
"P17486",2026-02-12,1524.69,7593.03440835245
"P17501",2026-07-24,12544.37,6758.8081142234
"P17502",2026-03-15,774.62,8226.34731633455
"P17503",2026-08-24,990.99,6621.83297635352
"P17504",2026-12-25,7650.42,6354.86626110167
"P17508",2026-05-20,7557.18,26550.2365244317
"P17518",2026-09-19,613.21,6414.110329885
"P17521",2026-10-07,1682.72,7661.92361578881
"P17523",2026-08-22,1305.78,8192.30356656067
"P17527",2026-09-11,17332.5,11552.9491076515
"P17530",2026-09-29,833.46,6541.46615873538
"P17539",2026-09-01,257.6,7484.79417888846
"P17540",2026-10-23,15693.65,23792.9033429828
"P17542",2026-10-10,1416.61,6114.70046374448
"P17562",2026-09-02,11636.1,68540.2045615564
"P17660",2026-08-24,11701.66,9701.82150105994
"P17829",2026-10-14,1909.05,4797.13186501184
"P17855",2026-09-29,1701.7,5000.96111460709
"P17856",2026-12-09,1702.06,4899.03077872098
"P17857",2026-06-30,7673,5383.77522797177
"P17927",2026-12-01,7250.93,5945.86513079603
"P17934",2026-06-25,4843.66,5862.28557233258
"P17964",2026-12-19,3495.02,8267.68984963847
"P17974",2026-08-18,5128.45,5220.96407257374
"P17993",2026-11-05,6200.43,5979.22888023017
"P18049",2026-12-30,4459.98,8102.15058832203
"P18051",2026-11-26,54941.69,9409.81102814417
"P18053",2026-12-21,24108.73,13760.4469156224
"P18054",2026-11-19,961.02,16017.257867569
"P18061",2026-10-27,3797.89,9411.4915103912
"P18063",2026-08-24,2655.86,7729.41843648626
"P18065",2026-07-18,2282.99,10154.7495296896
"P18123",2026-09-12,3417.49,27373.0924681935
"P18127",2026-01-12,42626.13,27034.0804561614
"P18128",2026-02-02,20773.52,673550.606705785
"P18156",2026-04-24,1582.1,5662.53176345344
"P18157",2026-10-08,8036.18,5507.92285305245
"P18159",2026-09-29,983.24,5201.25104010575
"P18161",2026-08-29,3553.96,5833.45706810295
"P18191",2026-09-25,4974.23,6934.3121835693
"P18194",2026-09-14,5409.9,9665.48636113486
"P18195",2026-11-24,4202.64,6611.85037079542
"P18211",2026-10-13,852.7,7401.83128643214
"P18217",2026-09-20,3003.45,12766.5771386373
"P18225",2026-07-26,2102.02,9827.04091666781
"P18227",2026-09-14,354.06,8590.01145213242
"P18231",2026-09-16,33961.96,9398.93601764264
"P18253",2026-10-26,12387.87,6759.4236702746
"P18258",2026-10-26,11236.61,6200.3138936936
"P18259",2026-09-04,14243.02,7662.04278427676
"P18261",2026-10-19,42021.09,11406.5539396649
"P18262",2026-09-29,7916.73,7097.5870076111
"P18279",2026-10-04,808.48,6075.08082413306
"P18281",2026-10-13,489.29,6421.0055852394
"P18296",2026-12-22,4145.33,8156.87382209092
"P18300",2026-09-08,4386.41,8885.98476705348
"P18434",2026-11-01,5003.12,7704.25898207633
"P18460",2026-09-21,7055.2,10339.0649978328
"P18519",2026-10-01,8176.5,37537.2245614631
"P18522",2026-10-13,1992.09,7541.15156392485
"P18557",2026-10-17,1130.51,5642.16551975869
"P18558",2026-10-24,4362.01,4996.76399376153
"P18650",2026-10-11,8669.87,6738.93366005963
"P18651",2026-06-08,5119.79,4130.55055104073
"P18654",2026-09-28,2003.34,5622.04593059688
"P18655",2026-11-10,786.63,5102.51734722925
"P18656",2026-09-16,1041.83,5299.90490879566
"P18731",2026-10-24,1298.43,8869.37262558
"P18735",2026-06-16,380.55,5247.74728990339
"P18739",2026-12-26,1629.24,8202.60553188489
"P18749",2026-12-21,1188.99,11021.881707128
"P18752",2026-12-24,1070.07,9846.86845618672
"P18755",2026-12-10,4642.25,9915.67845227063
"P18769",2026-12-26,840.62,11075.4292662764
"P18771",2026-12-22,5426.87,9801.86282586704
"P18796",2026-01-17,477.37,4194.3323575765
"P19035",2026-10-08,600.35,5405.36281318168
"P19037",2026-06-28,10261.54,4698.96187589443
"P19038",2026-04-22,1364.82,5458.85549142215
"P19041",2026-07-04,405.27,4662.39898680028
"P19052",2026-08-19,3769.57,227324.956708613
"P19124",2026-07-24,4811.39,7338.24783715691
"P19250",2026-05-02,2091.16,5223.79216366769
"P19252",2026-04-22,8628.73,4968.64438898247
"P19253",2026-05-04,29725.5,4770.37816400884
"P19265",2026-02-26,49710.65,4816.84420511619
"P19282",2026-11-18,7381.24,5165.53665472051
"P19573",2026-09-23,1082.05,7384.39020516057
"P19574",2026-10-27,1833.47,7415.40074951833
"P19590",2026-10-21,29278.94,10596.9510093393
"P19599",2026-05-06,1012.58,6042.65566600538
"P19630",2026-10-17,9248.87,5706.52731522933
"P19680",2026-07-13,34013.96,170817.774659878
"P19684",2026-10-21,787991.06,208645.389260181
"P19685",2026-09-03,853.18,7425.99153603439
"P19686",2026-11-04,1473.45,12677.006306493
"P19696",2026-07-29,711.58,7605.94142825932
"P19697",2026-03-29,56977.93,193045.679657647
"P19699",2026-11-04,3860.55,7488.73906103548
"P19701",2026-11-01,1206194.13,207379.57860451
"P19703",2026-10-15,746.34,7708.42255979477
"P19715",2026-09-27,682.81,7494.10021875252
"P19720",2026-09-01,1546.79,7598.375102935
"P19773",2026-10-18,3508.76,10147.1054037121
"P19812",2026-02-25,749.44,6542.58834406462
"P19813",2026-04-22,440.79,6601.83056960504
"P19814",2026-07-01,1022.35,6989.41386880666
"P19851",2026-08-15,856.03,7712.49666499864
"P19856",2026-12-08,1879.49,6786.82426624496
"P19860",2026-10-15,892.1,8353.47876753087
"P19861",2026-09-20,357028.9,313593.857638028
"P19864",2026-09-19,647.25,8636.57115018126
"P19865",2026-02-21,718.08,8030.59330405371
"P19866",2026-09-23,13511.03,8974.22273034429
"P19867",2026-09-25,940.82,8048.38631332151
"P19868",2026-09-11,687.49,8677.59788582993
"P19891",2026-07-30,4824.01,8689.3115839271
"P19894",2026-12-06,5856.42,6882.40117929914
"P19897",2026-09-20,1053.84,6832.37272610632
"P19899",2026-11-24,1034.1,6897.95313690451
"P19905",2026-09-24,4918.3,8463.61962714116
"P19906",2026-10-07,1784.16,9190.42770992846
"P19907",2026-07-12,2826.85,7196.71655395426
"P19908",2026-12-18,17558.13,7812.86360728848
"P19911",2026-10-24,1403.9,8681.35340389088
"P19913",2026-10-01,4736.73,6833.58649883361
"P19915",2026-09-17,8984.11,6916.00893446693
"P19916",2026-10-01,2681.67,7770.06827740182
"P19920",2026-07-18,43779.92,7524.2046646382
"P19925",2026-11-16,2296.03,7711.10953245554
"P19926",2026-12-17,21733.98,7858.72345050629
"P19928",2026-09-10,1260.94,6431.81513148015
"P19938",2026-08-29,3192.83,12121.3066572225
"P19941",2026-12-09,11637.3,10265.596565307
"P19954",2026-12-19,1823.58,10256.6131236711
"P19955",2026-12-03,488.79,10653.1678488754
"P19979",2026-08-27,12387.08,12019.7461148244
"P20002",2026-06-25,1350.49,10784.2451587868
"P20004",2026-09-05,1031.84,10940.1526080926
"P20007",2026-12-19,1822.16,11283.4553709819
"P20010",2026-09-22,493.67,10792.7751737995
"P20022",2026-12-23,3378.78,13531.5499132064
"P20026",2026-11-27,1338.32,13402.3035675872
"P20036",2026-07-29,2350.34,12593.8444963816
"P20040",2026-12-08,1295.55,10069.9568081711
"P20041",2026-12-15,2036.5,13041.9977863603
"P20042",2026-11-08,4869.02,12794.3483150229
"P20047",2026-12-25,1126.18,8266.58616887988
"P20048",2026-12-10,9090.66,7662.70862421326
"P20049",2026-07-10,1072.31,7413.67027122579
"P20050",2026-07-31,1209.2,8616.74672502777
"P20053",2026-12-25,3401.67,6710.38460533591
"P20066",2026-12-20,639.55,10905.6029063875
"P20068",2026-12-11,862.88,11959.1738248892
"P20129",2026-07-02,2717.45,6111.52360247991
"P20136",2026-10-16,1079.35,7295.87422799705
"P20141",2026-09-28,636.81,6148.06391696915
"P20142",2026-09-14,1641.89,5637.1480271627
"P20144",2026-11-28,437.04,3970.50408400248
"P20212",2026-09-17,1082.58,7266.72547565722
"P20213",2026-08-31,13031.44,5985.50655158165
"P20215",2026-08-24,630.73,22400.956694747
"P20218",2026-10-14,404.25,5768.49097393646
"P20219",2026-09-14,1207.87,6014.18368810618
"P20220",2026-08-29,1136.89,5891.2768099099
"P20221",2026-09-17,696.39,5581.91260573445
"P20243",2026-07-27,2261.2,4519.06877540414
"P20244",2026-07-04,6293.54,4577.66313704119
"P20247",2026-08-21,8693.96,5406.68200676542
"P20251",2026-06-30,1750.97,6154.95078722081
"P20260",2026-06-25,721.52,5670.66969555289
"P20267",2026-12-27,1818.25,4548.33894646487
"P20269",2026-06-20,7862.31,5517.17650098537
"P20270",2026-11-29,10916.24,5035.13599537294
"P20272",2026-10-04,65569.96,10058.4735919001
"P20274",2026-11-14,2175.72,6863.21827168518
"P20307",2026-09-17,33480.66,761761.757919437
"P20311",2026-09-02,542.47,6377.29748759195
"P20312",2026-08-03,3547.58,7387.37689591546
"P20315",2026-09-09,3080.8,7110.3023424281
"P20318",2026-09-08,932.29,10206.1870177546
"P20368",2026-09-12,4610.15,6312.95458240358
"P20387",2026-04-04,3095.19,4415.2280536237
"P20436",2026-09-09,1251.55,6295.49349945199
"P20527",2026-05-27,4943.92,9994.25538768567
"P20546",2026-07-11,8149.28,4438.24300655423
"P20665",2026-06-25,11727.2,7003.82480462815
"P20666",2026-01-10,1827.95,7953.90371190963
"P20695",2026-07-08,3703.8,7145.71660082931
"P20725",2026-10-18,14692.59,12225.206295474
"P20726",2026-08-25,1467.65,8411.86061832107
"P20766",2026-10-21,603.94,6358.05889948212
"P20786",2026-10-09,804,7421.59551549961
"P20848",2026-01-30,6659.53,5526.66500728028
"P20849",2026-10-23,585.76,7461.04463044127
"P20855",2026-10-26,956.92,6107.57714894227
"P21016",2026-05-09,3397.21,6984.50103978756
"P21021",2026-06-07,4166.56,7165.50934272363
"P21059",2026-05-10,20980.29,53618.9794064737
"P21112",2026-08-01,689.76,9489.15251651255
"P21118",2026-08-23,836.73,7573.26015427273
"P21123",2026-04-07,2898.18,5221.90619302951
"P21145",2026-12-13,1660.02,7935.44230638069
"P21150",2026-10-22,1939.5,7195.86866149692
"P21151",2026-10-18,8365.28,8467.05997348065
"P21160",2026-10-20,8165.28,7777.55954380663
"P21168",2026-06-07,4770.27,7186.16859535819
"P21169",2026-09-09,954.65,8605.47489334172
"P21172",2026-08-16,4399.6,7331.32551769709
"P21174",2026-04-12,2048.43,5636.20567581093
"P21179",2026-07-12,1187.77,4534.65297710735
"P21183",2026-09-15,1909.3,6334.26611115017
"P21185",2026-10-18,1093.37,11552.1503466537
"P21186",2026-10-25,1727.43,13168.6135073163
"P21193",2026-06-16,830.33,7361.96363491431
"P21231",2026-11-11,480.8,6472.44050280546
"P21243",2026-06-20,3665.85,25415.1562424148
"P21247",2026-08-24,7572.84,25865.1705429077
"P21249",2026-07-02,919.39,5876.35634239969
"P21253",2026-10-16,1279.3,7072.31526326781
"P21256",2026-06-15,3214.42,6975.1965179125
"P21283",2026-10-22,5154.17,13221.608915213
"P21308",2026-10-08,60202.1,7520.12663440009
"P21364",2026-08-23,67492.52,127554.33473579
"P21379",2026-05-17,6966.81,8945.64771516321
"P21381",2026-07-25,2637.86,14253.1942822121
"P21384",2026-03-09,9355.78,6147.39530595778
"P21388",2026-01-27,970.77,6237.53776773302
"P21392",2026-09-24,2285.2,9772.90268238264
"P21393",2026-09-19,509039.19,247085.233328328
"P21680",2026-11-25,1180.97,5498.1446692526
"P21715",2026-10-12,749.11,7412.80506947441
"P21921",2026-03-17,2203.2,7873.92536375579
"P21930",2026-09-05,820.36,9634.01564431632
"P21959",2026-09-06,39292.7,7578.43633827212
"P21960",2026-10-22,2573.86,9308.01102083309
"P21961",2026-09-05,1959.52,6985.8056307271
"P21962",2026-10-06,1463.54,9450.43076053542
"P21963",2026-09-12,1174635.75,764804.183186111
"P21979",2026-05-09,1273.18,7624.83192911067
"P21988",2026-10-28,583.22,7048.01378477304
"P21989",2026-10-15,10007.35,7034.43644844606
"P21990",2026-09-25,1228.12,7343.28933334125
"P21991",2026-04-12,921.72,7820.58058576782
"P21992",2026-06-21,1153.89,4175.87301182038
"P21993",2026-07-22,5872.4,3596.16087729122
"P22000",2026-10-20,3401.6,5042.05038314478
"P22001",2026-11-26,13244.62,2767.03842310553
"P22003",2026-05-03,2731.93,3685.44834940535
"P22004",2026-08-12,1216.39,6831.51439119177
"P22005",2026-08-19,569.9,6967.33161959496
"P22006",2026-09-11,2371.02,6974.9899743628
"P22007",2026-11-15,1721.45,6674.7168240272
"P22009",2026-08-18,2040.61,7010.72262265352
"P22013",2026-09-06,587.06,7180.86866297548
"P22066",2026-09-13,1749.43,3227.99333066674
"P22067",2026-11-23,3845.35,3339.27695007542
"P22070",2026-05-22,2006.57,4065.79860798613
"P22103",2026-10-22,3738.49,9517.1346052474
"P22104",2026-12-28,557.16,9467.47509030025
"P22109",2026-11-17,105196.34,6052.21040346941
"P22117",2026-12-24,888.6,6012.75903420162
"P22119",2026-12-18,545.38,6254.66571477846
"P22122",2026-12-13,1603.01,6565.2105988414
"P22124",2026-10-19,21895.96,6109.96092914416
"P22126",2026-12-27,1396.2,6951.01654957253
"P22128",2026-12-20,1656.72,6832.54870463148
"P22139",2026-12-26,5231.58,5609.40218805457
"P22141",2026-12-23,3938.86,5647.19965015863
"P22143",2026-12-22,13279.94,9108.25435359471
"P22145",2026-12-29,1740.22,9174.39876519548
"P22148",2026-08-29,10573.26,5718.16228563487
"P22149",2026-11-18,427.07,6367.99428915916
"P22161",2026-12-29,2686.56,5749.3733525124
"P22163",2026-12-19,2347.91,5758.6804883746
"P22164",2026-12-13,1067.27,13911.6952611002
"P22168",2026-12-05,964.25,10675.1075537253
"P22193",2026-12-08,1580.03,11766.1441131065
"P22202",2026-09-20,2614.32,8318.61658697066
"P22205",2026-10-26,748.38,7361.45416631555
"P22227",2026-11-03,41136.07,12619.863776571
"P22259",2026-08-01,5956.24,13029.5482261565
"P22264",2026-12-30,24945.93,12713.5164747677
"P22265",2026-12-25,7336.82,12500.4007394059
"P22289",2026-12-22,757.67,9625.65711337994
"P22291",2026-12-19,953.48,9800.69105027135
"P22293",2026-10-19,337.75,9692.50919444373
"P22315",2026-12-13,3397.39,11502.1548959677
"P22318",2026-12-10,3946.55,9479.00947925724
"P22321",2026-12-10,1145.54,10899.4343187818
"P22323",2026-07-22,3132.72,9412.72633149488
"P22324",2026-09-21,914.73,10950.0773614919
"P22327",2026-05-14,1382.2,11025.2667969041
"P22331",2026-12-18,1886.12,11032.6465933944
"P22334",2026-07-26,3897.74,7322.15535965138
"P22338",2026-09-25,1905.74,14051.6034290174
"P22339",2026-11-06,53611.93,920229.460657078
"P22342",2026-05-12,6603.44,13712.0982662499
"P22343",2026-09-08,615353.61,834818.314369004
"P22346",2026-09-21,5046.98,7714.36427510383
"P22350",2026-09-03,9411.75,7059.81518909542
"P22351",2026-07-22,19740.18,7430.52440097861
"P22352",2026-11-03,1831.02,6928.38727568575
"P22354",2026-09-13,3108.34,6861.44615946348
"P22355",2026-09-25,1436.46,7186.25016703827
"P22356",2026-09-25,51182.85,7423.17508412808
"P22357",2026-10-11,976.07,13799.1359941256
"P22358",2026-07-17,5721.57,16060.7577135668
"P22359",2026-09-14,571.73,7447.96760675153
"P22360",2026-10-29,1675.98,7675.2801433996
"P22361",2026-11-26,965.28,7472.27689538571
"P22364",2026-09-29,2595.03,9105.05322807564
"P22368",2026-10-03,899.57,7697.73469939649
"P22369",2026-09-30,6565.38,6771.70591761159
"P22372",2026-08-04,865.11,7000.11563368105
"P22373",2026-09-24,4269.85,7238.45870916057
"P22375",2026-09-05,17790.17,7945.09497182057
"P22380",2026-07-20,1996.5,14788.1845222669
"P22383",2026-09-06,5488.06,7376.74274571058
"P22384",2026-07-17,1569.91,14146.2823960928
"P22388",2026-09-06,1294.67,7332.57093418137
"P22389",2026-08-30,9156.21,7792.15182449353
"P22390",2026-09-12,3048.45,7270.57494731561
"P22391",2026-09-02,1727.27,7387.49893773845
"P22392",2026-09-02,770.01,8185.55608891556
"P22393",2026-09-20,3244.47,7507.63873914756
"P22394",2026-08-20,2154.26,8030.06820783402
"P22395",2026-07-04,317.81,8140.14408861511
"P22401",2026-10-02,764.79,7412.231299555
"P22403",2026-05-07,3041.89,8529.19991207123
"P22437",2026-11-14,1255.41,6601.05664804696
"P22443",2026-06-14,2695.82,11932.9121525425
"P22452",2026-09-15,5930,10732.7271824013
"P22455",2026-10-29,1821.14,8541.54674117413
"P22457",2026-10-25,2936.12,8614.25397024532
"P22458",2026-04-25,616.44,7668.73615525719
"P22460",2026-10-10,1125.55,8659.70342741793
"P22467",2026-12-21,993.62,9382.82980299902
"P22468",2026-09-09,1075.04,8593.29347534464
"P22470",2026-08-04,2414.33,7572.42954683863
"P22471",2026-09-25,1614.19,7360.53496937023
"P22472",2026-10-17,22470.57,8119.6746933517
"P22480",2026-09-16,3370.25,7067.80482320739
"P22484",2026-09-15,731.9,6591.73314276275
"P22485",2026-11-04,293.79,6484.05466356973
"P22488",2026-08-17,35318.03,6432.29560310949
"P22489",2026-09-07,938.23,6604.27939447472
"P22491",2026-09-09,39448,331130.441405247
"P22521",2026-11-10,19139.26,8672.14083690256
"P22540",2026-09-29,1199.36,13225.5274091603
"P22543",2026-09-24,8423.08,8659.38856977342
"P22555",2026-10-28,1078.11,8823.740769752
"P22557",2026-10-31,2156.15,7434.52366940057
"P22564",2026-09-23,44215.85,11551.387631578
"P22654",2026-03-05,9451.4,11231.9931447491
"P22655",2026-03-17,220.63,5645.90394726444
"P22659",2026-10-13,6017.41,14691.7258657567
"P22660",2026-10-08,2461.06,6937.56736451423
"P22661",2026-09-26,296.94,6919.46017269374
"P22675",2026-04-10,656359.94,281831.479177809
"P22682",2026-02-27,4906.26,5836.26246227077
"P22689",2026-09-21,4288.57,16605.2535020568
"P22698",2026-11-01,44196.79,12724.481237393
"P23013",2026-09-22,1959.7,7916.80216601505
"P23099",2026-06-10,2997.42,4436.95892635274
"P23100",2026-06-25,7300.91,5906.9217432271
"P23104",2026-04-16,1709.47,3827.98925360574
"P23107",2026-07-06,414.29,4393.78154596057
"P23110",2026-05-29,17834.92,4260.5218056305
"P23327",2026-02-16,7449.89,6187.64899508169
"P23329",2026-02-03,866.11,5676.67431164006
"P23346",2026-09-22,888.39,7064.98964669404
"P23351",2026-11-17,557.01,7870.36663791063
"P23361",2026-09-20,1510.93,6898.94612129001
"P23364",2026-11-24,6853.75,8701.3551168921
"P23366",2026-03-16,1292.58,10101.3675693622
"P23367",2026-12-14,1430.96,8165.41919913992
"P23376",2026-12-11,5742.94,8249.91826279826
"P23385",2026-11-04,1444.63,13076.9080350198
"P23387",2026-12-21,811.28,12080.2869891905
"P23390",2026-12-22,14850.15,8668.42502156044
"P23396",2026-11-14,759.78,6154.52100871404
"P23399",2026-10-02,1104.61,5996.05922253858
"P23408",2026-12-21,7022.09,7891.17972021526
"P23418",2026-11-25,1136.45,5935.2040274372
"P23456",2026-11-29,823.09,5258.65715204077
"P23545",2026-05-31,3202.57,7431.57009536333
"P23549",2026-10-27,4091.41,7124.834505823
"P23560",2026-08-21,1810.71,3976.52858443872
"P23750",2026-10-25,5690.59,13267.8985446165
"P23757",2026-10-14,16092.77,8753.097035256
"P23758",2026-07-20,1215.89,8987.03068741276
"P23759",2026-11-01,6670.57,8730.62577598301
"P23783",2026-11-19,728.2,8062.26732188053
"P23784",2026-09-26,9309.92,6109.77675037857
"P23785",2026-10-08,8920.68,5872.60127149316
"P23797",2026-08-08,646.1,7260.28273797988
"P23800",2026-09-23,3025.96,7124.33280029036
"P23802",2026-09-02,325.79,7736.12804837318
"P23806",2026-10-16,1545.8,6567.24134686923
"P23807",2026-09-19,505.3,6862.08894969786
"P23808",2026-12-13,539.28,7023.39350407135
"P23814",2026-10-01,7126.7,6571.44088420997
"P23819",2026-10-23,893.94,9555.67810260067
"P23820",2026-06-16,9757.14,9928.32951916703
"P23822",2026-11-10,5294.64,26346.3002264224
"P23857",2026-11-04,1564.28,6607.5890980014
"P23864",2026-10-29,636.48,6578.8891088158
"P23865",2026-11-13,778.59,6654.56022162475
"P23866",2026-11-20,2281.54,6700.2977730408
"P23883",2026-09-18,2159.02,6788.82631505031
"P23884",2026-09-19,1289.19,5508.03106765192
"P23886",2026-10-02,1214.95,5525.20458830869
"P23890",2026-09-22,670.45,5355.98693262822
"P23904",2026-09-15,10337.32,7286.53814054503
"P23905",2026-09-20,21580.15,9520.18009720064
"P23910",2026-09-14,1330.02,6771.8518723991
"P23911",2026-09-14,2051.07,6758.66832469295
"P23913",2026-10-03,716.75,5507.36993098933
"P23962",2026-09-29,864.92,5438.84038314086
"P23965",2026-10-11,2242.86,6326.62854561513
"P23966",2026-10-13,558.49,6064.97875299631
"P23967",2026-10-18,6419.78,5980.0934825412
"P23972",2026-12-28,2329.06,9057.69902417906
"P23978",2026-04-12,1729.25,5762.70907846929
"P23982",2026-06-22,923.71,5430.1827741443
"P23983",2026-12-29,2007.95,5674.32270980313
"P23984",2026-10-14,2863.48,6610.6706156631
"P23986",2026-10-21,7497.96,6131.18735228739
"P23993",2026-10-19,6015.69,7034.63761551851
"P24000",2026-11-06,33151.82,8131.53399798128
"P24002",2026-08-29,1577.29,7976.78328855029
"P24012",2026-12-16,4544.93,9691.16399343713
"P24014",2026-12-05,29289.73,10378.295563542
"P24027",2026-12-18,6092.76,8004.03128445021
"P24030",2026-12-22,1167.24,7009.95018375803
"P24196",2026-12-14,2727.57,6485.94566847574
"P24197",2026-12-17,2978.55,6492.77710577732
"P24213",2026-11-28,10192.33,8089.5800570379
"P24214",2026-12-21,2093.29,7805.40597067578
"P24216",2026-11-26,2302.37,7651.07409104736
"P24278",2026-11-19,2040.09,5465.88321520183
"P24530",2026-08-18,2385.98,8030.29911450024
"P24539",2026-01-12,7092.09,6754.54424618638
"P24750",2026-11-07,684.68,5467.09790924071
"P24754",2026-09-05,14135.03,5282.29339769614
"P24757",2026-11-01,12824.68,4678.23414286437
"P24759",2026-09-04,1613.14,4921.05024608054
"P24760",2026-11-01,1272.33,4408.69462069397
"P24764",2026-11-14,2366.82,6095.81649072457
"P24765",2026-10-13,576.21,6729.48170961222
"P24766",2026-09-26,912.16,11926.8843065067
"P24768",2026-09-27,3153.41,5310.09518916053
"P24769",2026-10-01,3464.27,5248.85687046902
"P24776",2026-12-30,1027.09,7324.30587464282
"P24792",2026-07-29,5561.4,30863.1558393253
"P24795",2026-09-28,1953.98,8256.68730768031
"P24807",2026-11-23,1059.69,9179.52541931941
"P24809",2026-09-06,13738,10019.3646915577
"P24810",2026-09-21,13821.97,6270.2439506379
"P24813",2026-09-20,1697.94,10117.7570367118
"P24819",2026-09-14,74182.78,312349.528487041
"P24823",2026-10-08,737.26,6977.65974506662
"P24826",2026-08-26,878.01,6600.41010923127
"P24837",2026-09-17,1159.13,5618.57649121599
"P24838",2026-09-14,5270.44,6500.06305926115
"P24839",2026-09-05,381.92,5386.73219594688
"P24842",2026-09-24,8447.22,7589.89332875411
"P24843",2026-03-02,3510.78,8710.60972298236
"P24844",2026-09-05,905.82,6874.10204971971
"P24891",2026-09-08,921.97,11261.3031712745
"P24893",2026-09-21,987.12,7947.78059001057
"P24894",2026-08-24,719.16,8253.9380654398
"P24896",2026-09-02,3814.4,8197.86385217627
"P24897",2026-09-02,3244.32,12253.2608156182
"P24899",2026-09-05,31092.27,8329.54219980366
"P24901",2026-09-13,461.33,8112.04526105013
"P24902",2026-08-20,1592.39,8228.6938875041
"P24905",2026-09-19,1487.92,8679.74189442402
"P24907",2026-09-17,2960.8,9236.71649050683
"P24908",2026-09-14,697.91,7648.38948804577
"P24909",2026-03-14,2390.17,9039.34507956337
"P24919",2026-09-02,137897.09,334035.268593746
"P24921",2026-09-17,1872.07,6038.81472317926
"P24923",2026-08-13,593.7,6811.0043161267
"P24934",2026-08-27,6421.68,7357.79733899527
"P24945",2026-10-05,2510.62,11288.9963036701
"P24948",2026-10-20,31036.63,5373.98006703642
"P24949",2026-11-27,7506.81,350585.308713209
"P24951",2026-10-22,2121.55,5386.37734630113
"P24952",2026-08-12,20003.35,5418.51583499441
"P24953",2026-10-03,1687.35,6270.93391454831
"P24954",2026-11-12,528.93,5807.13333289818
"P24956",2026-11-05,905.52,6568.3360051495
"P24961",2026-10-30,851.32,5522.12553361566
"P24962",2026-10-26,852.5,5173.70844620565
"P25145",2026-02-12,2065.02,4343.82589883112
"P25149",2026-01-14,14043.95,5152.07936096732
"P25150",2026-01-01,645.81,3811.40902408376
"P25151",2026-10-13,1474.17,5758.09355141354
"P25152",2026-08-25,2944.05,6581.89660467474
"P25153",2026-09-16,1669.88,6555.59634476717
"P25155",2026-09-24,9315.45,6494.42894935107
"P25156",2026-08-06,3333.26,6720.34287334729
"P25157",2026-01-09,2470.25,6233.89585402087
"P25158",2026-04-05,2080.44,5307.90997011595
"P25159",2026-07-02,5423.56,6548.01099327452
"P25160",2026-01-20,8602.23,4832.18852974898
"P25163",2026-07-06,4357.65,3622.4485220071
"P25164",2026-10-21,1385.34,7032.58052139974
"P25166",2026-09-18,5222.45,3421.3083409737
"P25167",2026-06-20,317.15,3670.72827078454
"P25168",2026-12-18,18192.16,3647.8198975036
"P25188",2026-01-07,7998.67,18680.6352702887
"P25190",2026-08-22,1336.13,6304.07339616872
"P25192",2026-03-01,2469.07,6381.02085474701
"P25194",2026-10-23,3184.49,9698.24871174702
"P25196",2026-10-15,942.45,8942.80358871012
"P25211",2026-09-30,2683.55,8455.55600975366
"P25214",2026-10-28,2298.34,7819.72357860359
"P25216",2026-07-20,3440.24,8465.8133344675
"P25217",2026-10-20,3928.71,8517.34173002568
"P25235",2026-10-01,1579.22,4443.2557596801
"P25237",2026-10-08,692.59,5798.66810960634
"P25241",2026-11-10,142759.5,6582.68853367249
"P25242",2026-06-26,2672.03,6776.52714337967
"P25244",2026-07-16,3687.02,8291.08828327142
"P25246",2026-10-31,10468.58,4569.6799236943
"P25252",2026-12-01,1438.75,6942.95055616663
"P25253",2026-10-17,9634.95,7713.82294063248
"P25254",2026-05-08,4173.92,5486.66292714839
"P25255",2026-10-13,21959.15,5868.52589645161
"P25256",2026-09-14,768.18,8613.16468152849
"P25259",2026-12-16,2219.73,5090.02631243792
"P25264",2026-09-07,749.32,5808.19302995314
"P25266",2026-09-20,932.89,6539.85296552386
"P25267",2026-09-23,1912.43,6686.01652503435
"P25268",2026-10-15,8183.84,6887.48132294809
"P25270",2026-10-11,4113.44,7313.96731263503
"P25271",2026-09-13,16622.62,6355.55210431928
"P25272",2026-10-06,509.77,6284.76247437338
"P25379",2026-11-16,782.33,10083.9846951142
"P25380",2026-11-01,684.39,9676.80946727065
"P25383",2026-11-01,3405.77,10032.6162279588
"P25410",2026-09-08,1807.65,14581.1840858803
"P25411",2026-11-08,4416.15,7242.59026250942
"P25412",2026-11-08,3710.31,13278.9305993693
"P25413",2026-10-18,4268.39,13587.1357553336
"P25414",2026-11-06,483.58,9927.38572261083
"P25416",2026-10-26,2515.24,10110.9637530552
"P25417",2026-09-14,2089.47,7760.02514597163
"P25421",2026-03-18,939.59,6141.13701799623
"P25427",2026-10-14,6464.48,6397.04920409732
"P25428",2026-11-07,4157.13,6280.8496281222
"P25429",2026-04-27,923.55,5607.082255237
"P25432",2026-02-24,1513.87,3815.00594162749
"P25433",2026-10-30,4402.98,6865.48362173071
"P25435",2026-10-24,2291.32,9614.72313194465
"P25436",2026-11-04,6139.08,9153.53496550185
"P25439",2026-10-21,1989.58,9272.77946580537
"P25441",2026-11-02,1826.19,9166.5731366755
"P25443",2026-11-09,12076.37,10291.6635575837
"P25445",2026-10-07,1847.27,10261.8268870845
"P25453",2026-10-18,459.26,9565.24582717544
"P25454",2026-11-07,2081.1,7523.94162009975
"P25462",2026-10-01,6913.65,7851.85008047789
"P25463",2026-10-19,1955.96,7727.96319918004
"P25464",2026-11-28,32135.7,6108.35405690975
"P25465",2026-10-20,2231.83,8550.88509845819
"P25470",2026-12-29,947.54,4086.35380521241
"P25476",2026-10-15,4096.8,7891.97615339172
"P25478",2026-07-24,1851.12,8252.54351868711
"P25479",2026-11-08,4697.31,7693.76090561359
"P25674",2026-08-27,8161.82,8331.42542727721
"P25676",2026-12-28,8467.39,5516.32932818289
"P25725",2026-08-14,3622.66,5525.50301612336
"P25742",2026-08-05,861.91,6925.45244324285
"P25921",2026-06-01,1076.67,5942.43878183474
"P25923",2026-05-28,1323.6,5944.56365134838
"P25925",2026-05-27,2734.22,5967.09312130038
"P25947",2026-06-08,6897.48,5933.67149306208
"P25985",2026-08-27,2393.73,7457.68381001832
"P25986",2026-12-26,2009.56,7960.74121441142
"P25987",2026-11-07,4568.42,8163.42774485795
"P25989",2026-09-18,33231.89,8713.11309324673
"P25990",2026-08-03,796.32,7980.82794401153
"P25993",2026-10-02,4736.84,7167.75099291038
"P25994",2026-11-03,4209.69,11973.906287677
"P25995",2026-12-14,61414.52,12056.3489479289
"P25999",2026-09-19,1656.28,13186.7782644493
"P26116",2026-01-12,3262.47,7720.97274858172
"P26132",2026-10-20,4410.11,12593.7814928318
"P26134",2026-11-03,11560.48,6830.7502727698
"P26135",2026-07-26,5103.12,8524.75410712062
"P26136",2026-10-13,19588.73,12721.8547429371
"P26137",2026-10-17,4571.55,7560.51757673515
"P26167",2026-03-09,400.77,7368.45420658244
"P26168",2026-03-19,1507.64,5667.74924635089
"P26169",2026-11-09,2230.34,6008.540546171
"P26172",2026-10-02,2411.2,6020.79171530048
"P26178",2026-09-14,2271.04,6833.87041622765
"P26181",2026-04-18,3009.71,9308.61112747513
"P26182",2026-09-23,14487.97,7497.06110756552
"P26196",2026-09-19,6180.89,29621.2988782956
"P26373",2026-06-20,1639.13,7754.20447333409
"P26377",2026-07-04,2111.72,7180.8191783508
"P26378",2026-07-02,4416.1,7122.55375246729
"P26392",2026-07-01,678.15,7897.38777348553
"P26394",2026-06-25,7138.98,7188.79783653242
"P26398",2026-07-10,5177.77,5973.28549552275
"P26399",2026-08-14,1778.12,7600.22623924175
"P26407",2026-11-04,997.38,6426.13507725026
"P26408",2026-11-04,3704.52,6333.74796525026
"P26413",2026-09-15,645.04,6850.41818360359
"P26414",2026-11-07,1049.85,6372.38510081914
"P26415",2026-12-05,822.4,6248.48268918947
"P26420",2026-03-23,5082.37,7210.87066215538
"P26423",2026-04-02,3839.11,6892.17391764376
"P26429",2026-07-27,311.44,6626.29101005559
"P26431",2026-06-16,5511.08,7098.32615165521
"P26433",2026-06-29,1082.33,6824.83437335229
"P26446",2026-08-24,5529.5,4512.97244580428
"P26479",2026-08-17,47082.14,275641.771992643
"P26610",2026-08-15,2033.02,7055.09557483421
"P26611",2026-08-27,691.94,8334.00051502257
"P26612",2026-08-26,1498.1,7806.91938984206
"P26616",2026-10-18,2767.38,8160.51266329066
"P26617",2026-12-27,416.1,7327.02059533005
"P26621",2026-07-02,6347.33,8008.4803299139
"P26622",2026-09-15,7695.22,10888.3812413255
"P26623",2026-09-08,2552.02,10629.59605808
"P26624",2026-08-31,6952.9,11518.342807224
"P26625",2026-09-08,5532.47,7735.44019736752
"P26626",2026-03-11,999.11,7631.00682718023
"P26627",2026-08-14,3022.97,7827.55345117958
"P26628",2026-08-27,805.93,8264.12397263466
"P26629",2026-05-24,12290.92,7290.87453276305
"P26631",2026-08-22,2400.78,7688.98971144607
"P26632",2026-09-11,4338.14,7280.69456401315
"P26633",2026-08-13,4717.19,11409.7507319577
"P26634",2026-09-05,1108.58,7527.14391829834
"P26637",2026-08-24,13194.33,7995.9956187153
"P26638",2026-08-09,6624.91,7513.16087678784
"P26643",2026-10-12,7318.1,7129.95996145816
"P26644",2026-08-27,984.59,6776.26582837657
"P26645",2026-09-21,769.83,6578.72914232144
"P26646",2026-09-10,28655.28,326273.645274343
"P26648",2026-09-24,781341.79,334414.527101107
"P26651",2026-09-28,1953.16,6386.67291214396
"P26652",2026-04-12,2879.92,12223.236734103
"P26654",2026-09-15,1174.2,6054.44438170862
"P26655",2026-09-08,1657.16,12779.699517823
"P26659",2026-04-09,10254.55,7161.82173708632
"P26662",2026-09-24,29851.97,5748.37259278522
"P26663",2026-08-25,2606.04,6175.93211494242
"P26667",2026-06-05,771.3,5487.05373508823
"P26671",2026-08-29,631,6402.89697714666
"P26675",2026-08-19,6650.4,5869.04380344324
"P26677",2026-09-04,1447.04,6947.54243491549
"P26678",2026-08-23,12185.09,6465.58722965402
"P26680",2026-08-03,2903.98,7078.08046190032
"P26681",2026-08-31,1589.36,6293.35470658446
"P26685",2026-08-10,6183.74,5913.65349655805
"P26687",2026-08-09,1414.55,5808.5278593717
"P26689",2026-04-10,3092.28,9421.18752954055
"P26694",2026-10-16,1172.95,4502.94308751879
"P26697",2026-05-13,28079.6,250639.150478066
"P26698",2026-06-18,2612.55,6612.3723581588
"P26699",2026-07-25,8069.08,11743.9405063371
"P26700",2026-09-26,717.72,6580.25968167775
"P26704",2026-09-12,1839.59,6854.47848581512
"P26707",2026-09-26,2107.85,9852.91138020923
"P26708",2026-08-04,145842.58,323971.749393603
"P26711",2026-09-09,72121.89,339740.546353393
"P26712",2026-08-20,547.69,10258.5263119712
"P26714",2026-09-08,916.18,7969.87327849902
"P26715",2026-09-11,429.42,8821.35039500386
"P26718",2026-07-31,4752.93,8224.77176305651
"P26719",2026-10-07,296652.57,214688.904506931
"P26720",2026-09-06,51512.72,211505.804096747
"P26721",2026-10-22,68145.87,207222.7096051
"P26722",2026-10-31,206995.14,198700.225092948
"P26723",2026-10-22,999974.45,218289.537755297
"P26724",2026-09-01,226178.86,201291.42173271
"P26728",2026-02-28,1356.13,5763.48766343874
"P26809",2026-08-17,5524.14,7579.48173167783
"P26858",2026-10-19,677.88,8147.16273916989
"P26859",2026-12-26,841.19,8123.80409708831
"P26860",2026-09-04,67188.22,300837.48553835
"P26892",2026-08-02,1399.06,5741.88499498461
"P27251",2026-06-21,698.91,6343.85374536297
"P27253",2026-06-14,1002.05,6270.20382568315
"P27257",2026-06-03,1118.93,5608.1208546567
"P27261",2026-03-20,7343.48,4014.87118726284
"P27263",2026-09-17,8024.15,4117.69006944278
"P27264",2026-09-24,3635.36,3773.32330773094
"P27265",2026-05-22,1499.22,4537.79224640605
"P27266",2026-07-15,14429.22,3937.1013050788
"P27267",2026-06-22,1994.52,4437.15681012907
"P27271",2026-06-10,3749.93,4431.26881669151
"P27277",2026-06-19,21088.03,6083.6939088405
"P27279",2026-10-01,1466.05,5349.73476899983
"P27280",2026-07-19,2385.53,5396.90793588202
"P27281",2026-05-19,1416.52,8568.6052976777
"P27282",2026-04-11,17979.9,6127.84430246146
"P27283",2026-06-13,2879.09,5145.59522607209
"P27285",2026-05-05,1686.24,9555.33912390052
"P27286",2026-07-16,3366.84,6438.24516951667
"P27287",2026-11-03,445.53,6999.57697022905
"P27288",2026-06-19,1877.18,6124.4140903048
"P27289",2026-01-08,3547.72,5662.61135966512
"P27446",2026-12-25,4018.65,7060.8991418563
"P27667",2026-05-28,13749.21,5119.01370041489
"P27668",2026-06-24,854.63,5079.98808666128
"P27671",2026-12-21,1039.26,7917.89627755216
"P27672",2026-12-29,42327.16,9448.47255505804
"P27675",2026-12-21,2721.48,7001.20265198862
"P27676",2026-12-26,20659,7793.78705534739
"P27680",2026-12-27,1405.89,8028.68968323256
"P27682",2026-12-13,1280.4,10815.3738668966
"P27685",2026-12-22,86873.39,361189.705246069
"P27688",2026-11-02,1888.62,8365.59734841106
"P27693",2026-09-06,1312.31,6835.80651197797
"P27695",2026-10-22,13688.75,326276.59832392
"P27703",2026-12-25,1748.36,9767.21612094032
"P27704",2026-08-26,2251.44,8226.91347392041
"P27705",2026-12-12,13355.05,8338.2787146268
"P27707",2026-12-18,1854.75,9708.51557107594
"P27708",2026-12-26,2144.18,6821.96263060877
"P27711",2026-10-14,9801.84,7050.14889544666
"P27716",2026-06-27,2301.59,5149.54932172469
"P27718",2026-09-20,1482.65,5632.3137281973
"P27724",2026-10-19,4229.02,7710.26176053651
"P27728",2026-11-10,2844.39,6282.69754792421
"P27738",2026-12-25,8976.48,9335.34671552968
"P27740",2026-10-23,1924.78,8941.99263827832
"P27741",2026-12-23,938.01,9289.0675413392
"P27748",2026-08-12,5031.14,43972.8941419029
"P27972",2026-12-07,4397.41,7493.02511784573
"P28235",2026-05-31,42908.68,8140.66025986154
"P28237",2026-01-07,87408.27,218253.375422544
"P28243",2026-02-05,3110.09,4586.45486806276
"P28245",2026-03-09,24534.47,4822.81783016084
"P28252",2026-03-02,3750.02,6382.72670123515
"P28258",2026-03-02,769.16,5823.6750999658
"P28403",2026-08-08,3313.7,4268.223354847
"P28419",2026-09-07,3204.65,5714.41989418804
"P28465",2026-11-19,2394.21,9264.57167432007
"P28466",2026-03-08,3723.21,6167.24849179415
"P28467",2026-02-03,1961.39,5819.18781986436
"P28468",2026-02-07,952.81,8026.73976009719
"P28538",2026-12-21,4046.81,6116.80467051431
"P28763",2026-05-25,7984.07,37396.55780404
"P28764",2026-05-28,2526.21,37293.4897048683
"P28767",2026-06-19,1307.8,37396.55780404
"P28773",2026-01-24,4244.41,39946.9829595995
"P28861",2026-05-01,1688.67,13912.2660952007
"P28863",2026-04-25,740.67,14546.0340101195
"P28865",2026-04-12,150555.91,187691.254260135
"P28867",2026-09-06,3356.36,6710.65324664456
"P28868",2026-09-13,611.9,5818.67956707156
"P28870",2026-03-20,2433.01,287983.487347096
"P28871",2026-10-12,8764.87,5667.694604007
"P28873",2026-09-20,2672.66,5482.47335917486
"P28876",2026-09-09,5547.36,5717.30397984142
"P28880",2026-09-05,1610.77,6384.21573387275
"P28888",2026-03-21,23682.06,6780.64353410664
"P28890",2026-01-07,1291.23,7237.22376806394
"P28891",2026-04-01,1630.93,6458.60752756849
"P28892",2026-08-05,7423.34,6198.40970336177
"P28893",2026-04-25,555.83,7104.87968150702
"P28896",2026-05-02,1987.18,5488.76605626895
"P28899",2026-01-27,25570.08,6681.05523047559
"P28901",2026-03-02,284.58,4950.82136692553
"P28911",2026-05-10,5056.06,6626.13575844715
"P28915",2026-09-14,5056.88,5931.76570537163
"P28925",2026-10-05,3368.51,5094.68015129874
"P28926",2026-10-26,657.82,4331.12072967178
"P28927",2026-10-23,1177.41,4282.04123179262
"P28928",2026-02-01,2769.98,14068.6756486136
"P28929",2026-10-19,2012.47,5224.93332560082
"P28933",2026-04-13,10257.79,4927.58941306213
"P28936",2026-11-27,2780.45,10542.795722182
"P28941",2026-01-20,305.72,5603.47712920934
"P28943",2026-01-15,867.57,7110.51273090962
"P29184",2026-10-12,18089.05,5165.6890724221
"P29196",2026-04-19,161016.2,226987.659656797
"P29198",2026-05-29,4538.08,6676.21851081293
"P29199",2026-07-07,477.4,8161.60048826942
"P29200",2026-05-14,9678.42,7611.75761746836
"P29202",2026-06-22,1046.03,5310.49572224488
"P29203",2026-06-10,751.73,8481.72921896565
"P29208",2026-10-02,753.96,9440.06086885534
"P29209",2026-08-28,12636.45,9045.61765617828
"P29210",2026-04-30,463.88,9503.02389494851
"P29213",2026-08-29,2768.14,5641.84305257825
"P29215",2026-08-18,25276.78,6973.98854132958
"P29216",2026-08-27,385.98,6983.28490974449
"P29219",2026-09-05,2707.61,5945.92639530409
"P29221",2026-05-11,1635.56,5747.91327698868
"P29231",2026-09-02,1126.38,7188.97236848284
"P29233",2026-10-15,695.14,6102.11555029717
"P29235",2026-09-23,433.42,5124.60549294927
"P29307",2026-02-02,2327.08,5469.930148362
"P29346",2026-01-10,2455.82,4999.16195506512
"P29353",2026-04-19,1678.24,8933.82618235759
"P29355",2026-09-30,1627.74,7563.43271942622
"P29356",2026-08-06,24815.86,6577.95601549453
"P29357",2026-10-01,11995.22,6545.45750930231
"P29358",2026-09-20,1035.6,6401.82293634313
"P29359",2026-10-12,2238.51,6688.57178110376
"P29360",2026-10-08,4091.41,9797.90422193779
"P29361",2026-10-22,1755.89,7354.38000401898
"P29364",2026-10-28,3453.09,7085.60240394243
"P29365",2026-07-08,516.22,4950.59971236044
"P29368",2026-07-16,132918.63,6078.38436469515
"P29369",2026-06-13,4501.31,6321.43065032538
"P29370",2026-12-27,1165.53,6561.33822846281
"P29371",2026-08-05,8610.24,5528.02724413374
"P29376",2026-06-06,2964.22,5546.53283461911
"P29381",2026-01-19,6091.95,7690.68453319036
"P29383",2026-07-08,784.1,5039.66369784173
"P29389",2026-05-09,15195.82,10070.5506596068
"P29390",2026-02-16,6796.99,11190.6109585986
"P29579",2026-12-24,723.45,8841.59269689889
"P29580",2026-10-05,5139.38,6041.23990981851
"P29581",2026-09-16,1399.72,5880.99585746559
"P29583",2026-09-19,3238.76,5768.9273050482
"P29584",2026-10-22,692.2,5094.51735451996
"P29585",2026-10-10,632.79,6071.84810856395
"P29628",2026-10-12,1288.76,6401.61968076245
"P29632",2026-12-17,1967.39,6997.09647359463
"P29653",2026-08-25,1232.33,9675.449197527
"P29654",2026-09-08,1309.55,10910.929542659
"P29657",2026-10-29,3902.51,7927.65695490357
"P29710",2026-09-27,4844.1,8972.56137938436
"P29726",2026-10-26,36465.11,176152.93033394
"P29727",2026-09-30,166963.51,212298.042916697
"P29728",2026-12-27,1055.87,6814.26318902666
"P29748",2026-10-27,3132.81,6903.37381478734
"P29750",2026-10-03,5119.14,5864.89087942368
"P29751",2026-12-05,6994.98,5664.03955605542
"P29786",2026-09-02,3147.01,5476.85990042497
"P29787",2026-11-02,2741.89,2392.00397543914
"P29788",2026-07-13,1222.92,3716.52206668399
"P29789",2026-09-02,10488.13,3231.74249668869
"P29790",2026-08-26,1965.3,3672.96341076055
"P29791",2026-08-17,778.29,6536.91071134933
"P29882",2026-02-27,2940.87,5750.44033839557
"P29887",2026-08-18,3806.98,4583.61298514824
"P29915",2026-05-26,4812.49,107553.551974794
"P30021",2026-02-06,5842.54,5945.1906257326
"P30022",2026-01-21,1889.73,5852.06398321706
"P30044",2026-05-28,6941.81,6926.64161597253
"P30051",2026-01-20,33479.63,5190.13471671215
"P30054",2026-02-11,93225.32,272474.172888737
"P30329",2026-03-30,2412.17,6328.387234512
"P30336",2026-10-23,4025.27,7711.0329231789
"P30446",2026-02-10,5477.98,5110.6048995144
"P30580",2026-05-25,5365.12,6868.71268644338
"P30581",2026-06-03,5408.77,6685.38460464926
"P30582",2026-06-06,2600.18,8174.7581631324
"P30584",2026-05-01,1031.52,30377.8406634423
"P30585",2026-06-04,349.5,18039.9038354992
"P30761",2026-05-05,4085.98,5783.92833107764
"P30768",2026-05-25,4640.95,5517.55286796868
"P30836",2026-07-29,5243.46,6177.98476253863
"P30964",2026-07-17,26049.24,51022.4141372291
"P31127",2026-08-14,2467.79,10930.7661097043
"P31152",2026-12-24,3111.97,11203.7346915195
"P31154",2026-08-01,1128.89,7621.235527235
"P31177",2026-02-28,2349.01,7783.86044688095
"P31266",2026-09-02,732.5,27345.2443984705
"P31308",2026-12-05,884.69,5139.53633224895
"P31309",2026-09-18,5780.23,5646.36002337241
"P31310",2026-08-09,1461.9,5539.71570080413
"P31312",2026-08-09,15110.11,5445.99874603337
"P31313",2026-11-25,1054.85,5076.03418709247
"P31314",2026-08-17,7541,5511.04024603877
"P31331",2026-08-22,3679.34,5721.39264621435
"P31332",2026-04-21,6848.58,296399.266220162
"P31333",2026-11-29,2470.57,5015.10529790239
"P31340",2026-04-02,97252.04,261285.896409196
"P31341",2026-12-29,32994.39,352562.437612939
"P31342",2026-07-28,9765.16,6548.19722743499
"P31343",2026-07-30,711.15,6720.22083927372
"P31346",2026-07-31,644.26,6605.84683652043
"P31349",2026-08-10,58443.71,332611.182544294
"P31351",2026-07-01,446.11,7767.65658258345
"P31352",2026-08-17,551.2,5498.40347425077
"P31355",2026-08-24,7367.93,6099.34717891009
"P31356",2026-08-25,2299.57,6130.33411372754
"P31396",2026-02-15,3345.54,7773.61530337237
"P31433",2026-06-07,2872.28,7709.23411251526
"P31438",2026-03-11,960.49,12024.985651754
"P31440",2026-02-06,1826.39,11385.9592251667
"P31441",2026-01-24,8677.85,10768.0660892756
"P31442",2026-07-21,9688.36,9037.79952945463
"P31443",2026-02-02,877.87,11056.9417195749
"P31473",2026-10-03,1206.03,9768.71620717088
"P31477",2026-12-18,432.22,9398.82993270322
"P31493",2026-08-04,5344.98,7103.3333955289
"P31501",2026-12-23,1015.42,14068.4397021536
"P31502",2026-12-20,1747.09,13960.0525062236
"P31505",2026-12-16,18786.11,15533.2279056198
"P31574",2026-02-24,119705.65,55007.1872744421
"P31578",2026-11-10,84075.53,50284.5537165075
"P31610",2026-10-07,7866.58,49189.6658607621
"P31611",2026-02-20,60075.46,50862.2779625227
"P31623",2026-12-03,703.92,10877.3711893342
"P31627",2026-01-08,11051.08,5694.22812287983
"P31629",2026-08-08,429.34,9698.53250849038
"P31632",2026-02-03,475.55,4851.10526998266
"P31633",2026-01-15,31290.64,5605.53626624178
"P31634",2026-03-11,787.42,5092.04897846729
"P31637",2026-02-11,7687.39,37421.3771915351
"P31640",2026-11-12,9246.17,7464.58962125706
"P31642",2026-02-12,4683.4,38786.094077119
"P31644",2026-05-03,5786.19,68849.4996565404
"P31647",2026-11-14,1654.91,10634.9631266796
"P31680",2026-03-03,239038.08,33607.2344985965
"P31683",2026-11-16,47665.41,46316.3670290303
"P31684",2026-02-12,6506.52,49803.7361389044
"P31690",2026-10-24,147297.92,31854.7642053814
"P31830",2026-06-05,2282.24,6240.73773296888
"P31832",2026-04-26,2079.66,6279.89579830985
"P31833",2026-07-07,673.1,6487.32975664923
"P31835",2026-05-21,1008.75,6388.15512725158
"P31836",2026-12-13,1573.93,7672.8535701438
"P31837",2026-06-10,1544.11,3707.53090886187
"P31838",2026-06-05,4264.56,7155.01469141765
"P31839",2026-04-05,5223.3,3400.84962394573
"P31840",2026-06-17,521.02,4053.88957435692
"P31841",2026-05-27,775.62,3921.33202161246
"P31844",2026-06-30,1464.57,3555.5421527633
"P31846",2026-08-07,442.92,8232.77664699769
"P31847",2026-08-06,1468.9,3616.14494426142
"P31849",2026-06-03,6094.61,4191.9955605362
"P31850",2026-06-16,648.26,4707.69133991766
"P31853",2026-07-13,1159.35,4202.49654911748
"P31854",2026-06-19,7929.13,5474.70574441552
"P31855",2026-04-23,7592.89,5561.14390224498
"P31858",2026-02-10,1601.33,6435.58943877134
"P31860",2026-10-31,10396.88,4240.64555616627
"P31869",2026-09-13,7623.22,10186.7228356134
"P31873",2026-12-08,4791.9,6672.2288257852
"P31874",2026-05-25,2326.9,29168.4233995592
"P31876",2026-07-16,58727.08,5522.50384436909
"P31877",2026-10-02,1167.22,5722.47301573846
"P31878",2026-06-27,494.44,5742.87742605718
"P31879",2026-02-26,7358.59,7630.45908819333
"P31881",2026-02-12,3446.15,6799.53791948424
"P31883",2026-01-18,544.49,9066.20021492501
"P31885",2026-02-24,3067.17,6963.24767546479
"P31887",2026-02-17,1045.56,5083.84149233132
"P31888",2026-03-05,5672.26,4870.17245836512
"P31891",2026-07-29,970.13,4707.36186773307
"P31894",2026-08-22,278688.91,325835.742967028
"P31895",2026-08-09,59378.94,320717.195991121
"P31896",2026-11-04,3282.05,6547.65180941774
"P31928",2026-03-11,1986.44,6708.42798070888
"P31976",2026-11-19,11480.91,5226.24999622973
"P32014",2026-08-02,14902.16,59244.6495586265
"P32065",2026-06-28,330.26,6427.92104712138
"P32126",2026-08-17,14451.91,7478.79544502966
"P32564",2026-09-04,429489.09,56256.4396317502
"P32570",2026-10-21,4634.74,60650.0020320042
"P32581",2026-07-18,9628.29,7654.96575765045
"P32625",2026-09-17,18692.19,8873.64675582123
"P32901",2026-11-24,5556.4,7761.59158227842
"P32918",2026-08-09,10609.92,5634.35031505756
"P33013",2026-02-12,3372.59,5633.11325033416
"P33017",2026-11-18,13830.21,9549.9776628684
"P33089",2026-08-17,811.95,5354.20810154278
"P33191",2026-10-03,6817.32,5669.99813398854
"P33395",2026-09-02,2517.78,7596.08220165127
"P33532",2026-11-25,2264.86,8643.0052270969
"P33533",2026-12-27,12072.64,9188.46318995795
"P33534",2026-11-29,31941.89,8504.49424196102
"P33681",2026-10-17,1667.55,6822.37023375209
"P33682",2026-10-24,3203.73,6917.48903174273
"P33683",2026-10-20,2203.82,6836.14863296262
"P33704",2026-08-15,1980.11,10148.1253024732
"P33943",2026-02-06,162107.66,69341.3094509435
"P33945",2026-01-07,13206.47,69731.6078594643
"P33971",2026-01-17,3585.58,7326.51042408916
"P34002",2026-08-14,10018.52,6724.146763887
"P34078",2026-07-20,14509,13176.0983917383
"P34082",2026-10-15,1823.01,8971.7691005585
"P34083",2026-10-04,1175.89,9219.17739347348
"P34087",2026-09-04,701.54,9491.24011402834
"P34088",2026-11-26,353.39,9601.32428210115
"P34090",2026-10-10,1081.33,8258.21255542325
"P34091",2026-08-04,2365.29,10013.0933714935
"P34094",2026-09-30,8123.42,7833.84232543351
"P34095",2026-12-19,1448.96,7812.49769394407
"P34096",2026-07-10,937.79,8339.40637161366
"P34100",2026-11-18,964.7,8986.55618203391
"P34101",2026-10-18,456.63,8516.56876089704
"P34102",2026-04-26,10800.37,4178.61641958326
"P34103",2026-05-28,1133.31,4673.71688700157
"P34104",2026-03-28,1039.08,3645.95855531022
"P34105",2026-01-05,13913.5,3497.33086515001
"P34106",2026-03-19,1054.33,4341.99008061569
"P34107",2026-01-16,3836.54,3928.72463397991
"P34108",2026-03-18,33290.86,4695.47884303037
"P34109",2026-04-12,834.62,9038.53280336253
"P34110",2026-09-07,1759.64,6836.34177425378
"P34112",2026-07-05,1867.29,8216.72526578251
"P34113",2026-10-01,24675.55,7257.51288205635
"P34115",2026-04-23,3870.38,9291.64472156691
"P34117",2026-07-28,2374.27,6626.74898036001
"P34119",2026-08-30,3100.61,7801.62660241093
"P34120",2026-04-20,944.19,4519.51410032041
"P34124",2026-07-17,1526.99,6692.69215108253
"P34125",2026-09-01,785.91,7613.77749960016
"P34126",2026-04-26,4052.4,8014.83354998744
"P34127",2026-03-25,1766.92,7229.49269464297
"P34128",2026-09-05,9479.37,7713.96579994498
"P34130",2026-10-29,1028.9,4898.46818086018
"P34133",2026-10-16,5190.95,6579.64807908292
"P34134",2026-04-16,5025.1,7838.5440822447
"P34135",2026-10-06,1307.93,5197.92154082087
"P34137",2026-04-11,2847.89,7681.7906281794
"P34138",2026-08-24,3221.03,5575.76434074233
"P34140",2026-08-22,2658.85,5543.40745825167
"P34149",2026-11-23,742.29,12793.8719987243
"P34150",2026-09-19,759.63,7557.32547205294
"P34151",2026-07-10,4004.82,5831.18698942342
"P34152",2026-11-02,15323.04,5806.51225695522
"P34156",2026-10-08,913.62,6002.43999389368
"P34157",2026-12-04,769.02,6322.46252076324
"P34158",2026-08-01,9467.74,6087.8229274875
"P34161",2026-09-28,574.12,6224.38677552166
"P34164",2026-12-03,4509.76,14241.2644480361
"P34165",2026-12-02,1013.4,8198.32316933924
"P34166",2026-08-13,1378.64,7158.27418267889
"P34167",2026-12-16,7140.63,14146.3974977759
"P34168",2026-07-13,773.79,6668.70332959844
"P34173",2026-12-28,48811.44,7220.77398120091
"P34179",2026-12-23,17116.94,6704.09553263799
"P34180",2026-09-07,1762.94,7482.88078051653
"P34181",2026-06-02,295.82,5947.32424009462
"P34182",2026-08-12,3976.4,6588.81472040465
"P34183",2026-08-06,822.11,6653.01561569991
"P34184",2026-08-04,1954.85,6576.3661509395
"P34185",2026-08-23,14429.59,7558.02226563074
"P34186",2026-10-24,379755.55,5498.66454379531
"P34188",2026-10-23,1712.54,5536.71370721733
"P34191",2026-08-20,1847.31,6772.93534306192
"P34193",2026-12-23,4029.85,6654.70509147134
"P34194",2026-08-05,3275.2,6341.17245698466
"P34196",2026-11-09,1929.68,6728.71089892412
"P34197",2026-09-16,1054.39,6379.26404192142
"P34198",2026-08-27,958.76,6290.79999025992
"P34201",2026-09-07,795.62,6245.45674630397
"P34205",2026-11-13,1436.4,6655.39203492644
"P34208",2026-11-01,7151.85,7153.47232307
"P34209",2026-11-14,5067.09,9284.99693804583
"P34210",2026-12-04,1654.53,11490.1092211756
"P34211",2026-09-23,1621.64,12044.0446388925
"P34212",2026-06-30,2239.06,11294.66393192
"P34213",2026-08-15,1579.28,8630.37738998359
"P34214",2026-07-05,4663.43,9803.5018486623
"P34216",2026-11-30,5547.6,9227.97447077759
"P34217",2026-11-03,17549.44,8520.41287051949
"P34219",2026-10-19,5969.57,5759.78198507301
"P34220",2026-12-21,680.99,5757.70630324373
"P34222",2026-11-06,2100.56,8803.05210940736
"P34223",2026-07-07,6748.25,6525.1892849927
"P34224",2026-09-20,6332.37,10161.9394314903
"P34228",2026-11-17,1063.13,5833.85264291188
"P34229",2026-10-06,18117.49,6399.42956640074
"P34233",2026-10-05,22360.81,10732.2916711049
"P34235",2026-10-13,7633.18,11625.6542629532
"P34236",2026-11-30,3418.64,11015.956241624
"P34237",2026-09-26,2132.59,6571.18778719233
"P34238",2026-07-29,447.3,7327.16643851441
"P34255",2026-06-22,741.91,5089.11951574014
"P34256",2026-02-16,1475.81,4071.26435001846
"P34260",2026-04-28,3132.53,5170.51833749539
"P34261",2026-07-02,659.26,4218.56347284338
"P34262",2026-01-30,6868.25,4184.90624473098
"P34263",2026-06-28,35044.89,4515.69076775043
"P34265",2026-05-31,1838.68,4217.29961681608
"P34266",2026-01-23,605.2,4150.66937575594
"P34268",2026-06-11,503.6,4516.76367848678
"P34271",2026-01-09,13940.76,3093.74556587242
"P34272",2026-04-12,919.33,3402.48400721938
"P34273",2026-03-06,2488.54,7245.6688407964
"P34274",2026-02-05,1748.76,4015.1449349086
"P34277",2026-08-09,2030.96,4221.9098718487
"P34282",2026-07-08,1487.92,3395.88365239289
"P34283",2026-04-07,1041.98,4114.59448945373
"P34284",2026-06-13,1993.33,3408.08612436849
"P34285",2026-05-19,1620.15,2921.53080034511
"P34287",2026-03-27,5350.14,7171.43557100732
"P34446",2026-09-22,2743.82,6391.24817763505
"P34447",2026-09-21,2097.18,8660.41029963721
"P34448",2026-09-29,1049.58,5889.92140298613
"P34449",2026-07-26,820.34,7544.20947961354
"P34450",2026-05-29,10166.34,6450.79204032279
"P34468",2026-08-19,2385.22,5831.14313635569
"P34469",2026-07-14,10292.4,5881.42289392507
"P34474",2026-09-20,2951.11,5617.46245366101
"P34476",2026-12-02,4433.26,5989.71311260121
"P34477",2026-04-10,3781.26,5315.9645332112
"P34478",2026-12-05,2085.02,5856.26544195873
"P34479",2026-07-30,893.18,5927.25749872446
"P34480",2026-09-02,13189.62,6165.06028542362
"P34481",2026-11-13,4137.49,6162.78977824554
"P34483",2026-08-29,402.58,5980.76052539253
"P34484",2026-08-09,6355.86,5752.14747841483
"P34485",2026-07-28,426.55,5812.70988764202
"P34486",2026-08-03,1193.51,5752.07937000752
"P34487",2026-07-24,10916.31,5639.48360168407
"P34488",2026-09-23,662.57,5622.43399575917
"P34489",2026-04-14,720.67,5760.49849461048
"P34490",2026-07-04,1548.34,5424.62211843157
"P34491",2026-10-08,832.26,5756.45097160405
"P34492",2026-07-10,832.97,5610.05703752223
"P34493",2026-09-03,811.99,5803.16763695111
"P34495",2026-08-03,4366.77,5872.48794299818
"P34496",2026-06-17,1585.48,5625.39818520464
"P34498",2026-06-16,4388.57,5510.54619948526
"P34499",2026-06-06,647.91,6075.03199419712
"P34500",2026-03-12,662.28,5835.34134521471
"P34502",2026-05-03,2357.16,5484.92982587957
"P34503",2026-05-05,3362.68,240387.413530131
"P34504",2026-07-06,825.85,5899.72897219146
"P34505",2026-07-01,642.96,6021.96558357213
"P34507",2026-06-29,2641.85,6044.37379537563
"P34508",2026-10-29,3448.51,5212.85309372293
"P34509",2026-04-04,1121.96,5973.02788865178
"P34510",2026-04-05,5546.09,5686.98729971781
"P34511",2026-03-27,4173.66,6858.54040295683
"P34512",2026-03-06,1557.98,6373.21858318569
"P34513",2026-06-05,1144.88,5801.43467651861
"P34514",2026-07-06,1030.65,6231.70484674975
"P34518",2026-04-20,916.52,6430.77920919986
"P34530",2026-07-17,2317.86,6982.66367179097
"P34531",2026-04-03,651.06,5584.07796445261
"P34532",2026-07-18,3121.09,8506.28822474595
"P34533",2026-07-20,3483.91,5960.96253566279
"P34534",2026-06-05,351.9,6032.36871232614
"P34715",2026-01-08,38840.62,5175.95973277241
"P34717",2026-02-03,1901834.69,204897.090633656
"P34729",2026-08-07,5559.14,6034.28106298864
"P34800",2026-04-30,1110.17,8099.7892365562
"P34801",2026-03-04,1032.78,7984.76619917464
"P34802",2026-03-05,2789.43,7857.74741780957
"P34803",2026-05-14,5617.81,7514.88473435657
"P34807",2026-06-02,33893.11,824480.557727486
"P34855",2026-02-10,441.49,5322.98187923509
"P34858",2026-01-14,885496.51,208688.767202245
"P34888",2026-04-21,8093.33,8278.6063077074
"P34890",2026-05-04,720.13,10563.1937955688
"P34893",2026-01-31,553.31,7608.214343125
"P34895",2026-08-27,15487.22,5370.88013570636
"P34909",2026-07-10,740.14,5350.16580976225
"P34910",2026-01-25,2387.4,6695.71975045447
"P34911",2026-02-15,417.15,7424.94210350862
"P34912",2026-05-13,1228.44,6205.68267343252
"P34956",2026-03-11,1927.98,6517.46833283613
"P34957",2026-04-20,1815.32,5915.01392004521
"P34961",2026-01-13,3412.82,6143.31941566366
"P34962",2026-02-07,3036.06,6558.18081032411
"P34967",2026-01-20,2450.86,7546.21467616734
"P34969",2026-04-20,13458.42,6026.52629124793
"P34970",2026-01-23,3119.64,8973.16166840351
"P34971",2026-02-03,20969.04,7002.80850378619
"P34972",2026-03-05,4099.98,6859.22831495596
"P34973",2026-03-17,1411.06,7244.97892165725
"P34974",2026-05-05,5573.52,5878.53669338372
"P34976",2026-04-14,1350.18,6656.21248006031
"P34977",2026-04-28,491.23,6174.00129747946
"P34978",2026-01-19,493.46,6516.73969899017
"P34979",2026-05-31,1809.19,6495.74941340201
"P34988",2026-04-20,1476.64,7094.31382988219
"P34989",2026-02-20,54020.03,6461.23596524034
"P34990",2026-02-23,929.85,6502.90883226457
"P34991",2026-07-05,1966.4,6053.29387284428
"P34993",2026-03-05,6400.17,7837.00272647116
"P34994",2026-07-16,31112.12,189810.124177357
"P34995",2026-06-13,1398.03,6742.77942525888
"P34996",2026-03-12,571.75,7738.55021097428
"P34997",2026-02-08,30607.96,149599.940809658
"P34998",2026-05-18,1293.67,7254.68685690364
"P34999",2026-07-22,71499.62,169448.365150373
"P35000",2026-06-02,2865.56,6864.58233283334
"P35001",2026-02-18,2833.71,8299.2190291366
"P35003",2026-06-18,447.31,6226.39022029644
"P35005",2026-03-30,10140.1,7186.8330339024
"P35008",2026-04-25,1383.26,7035.51606291005
"P35039",2026-06-11,3342.43,6420.36850378146
"P35080",2026-01-15,3490.29,11095.7775189232
"P35085",2026-03-22,3788.51,9963.72874540994
"P35087",2026-05-16,6272.21,8761.529585196
"P35091",2026-03-28,2992.33,7927.94893374104
"P35093",2026-04-11,711.43,7916.21493638416
"P35094",2026-02-24,5308.97,7348.9061989779
"P35095",2026-07-05,14437.37,7635.62025053602
"P35096",2026-03-29,742.18,7622.07975298146
"P35097",2026-01-25,60595.67,8766.38533078426
"P35100",2026-03-26,671.07,51319.3949039554
"P35102",2026-09-04,4722.62,9635.37579903056
"P35310",2026-02-28,2262.51,7484.19326753922
"P35315",2026-09-09,16760.74,8314.84172913449
"P35324",2026-01-19,5391.41,6367.26009369841
"P35326",2026-01-31,9932.15,8534.46539727118
"P35329",2026-01-03,1807.41,6585.45911132738
"P35331",2026-01-01,145121.17,83400.6952390744
"P35347",2026-01-01,827.74,6708.48581572528
"P35349",2026-03-05,1401.56,6726.02815607536
"P35352",2026-01-12,22345.29,69135.7610930662
"P35354",2026-04-25,11815.39,50164.9206348379
"P35374",2026-07-31,1546.89,5555.16146660037
"P35645",2026-08-29,9662.03,7280.07321595584
"P35948",2026-09-18,1532.88,3808.6473496214
"P35950",2026-09-21,1344.5,9180.87635319431
"P35954",2026-09-18,14115.57,5107.04905022795
"P35957",2026-06-24,560.21,4987.4576187863
"P35959",2026-05-13,9655.72,3857.33245627507
"P35960",2026-06-10,783.21,3782.85052428424
"P35961",2026-03-16,1459.34,3475.35434826
"P35964",2026-06-29,1701.39,4442.54515189789
"P35966",2026-03-10,2299.18,9365.28829448723
"P35967",2026-06-06,2157.22,5902.39433152999
"P35969",2026-07-23,10262.86,5057.43687739353
"P35970",2026-12-15,1776.14,3889.8288771014
"P35978",2026-11-03,20874.63,8899.2427916217
"P35987",2026-11-04,12776.02,8923.94253846311
"P35988",2026-02-12,1732.53,8934.10172274455
"P35989",2026-09-12,929.39,9751.52583336878
"P35990",2026-09-21,2104.48,9715.44163345155
"P35991",2026-09-26,2989.31,10890.3459253732
"P35994",2026-09-11,870.9,9605.29136872067
"P35997",2026-09-30,1080.54,10046.5463609806
"P36003",2026-01-02,1025.31,16779.1480152191
"P36004",2026-01-11,1817.37,16203.483164505
"P36006",2026-05-04,512631.74,186294.561703508
"P36010",2026-04-30,6263.69,14048.9217380362
"P36019",2026-05-25,281.49,5518.00777601904
"P36020",2026-10-01,688.55,6581.66438978313
"P36021",2026-05-19,1084.63,5731.09345851176
"P36082",2026-07-17,1888.91,6104.43394861092
"P36084",2026-06-11,3522.07,6057.50422662886
"P36086",2026-07-10,1865.15,5961.73109077151
"P36091",2026-08-04,42509.82,4511.26806430541
"P36094",2026-06-25,6549.91,4078.87239808345
"P36095",2026-11-02,1176.61,4079.8533680294
"P36097",2026-10-02,1078.01,4313.89336267404
"P36098",2026-06-11,5026.19,4627.64065883354
"P36099",2026-06-23,719.7,4041.86430795736
"P36120",2026-10-16,554.6,4256.3985538355
"P36123",2026-04-03,1129.49,5198.17747944311
"P36125",2026-10-18,1843.72,4397.32091238898
"P36129",2026-05-24,928.99,6000.46830987631
"P36130",2026-06-15,2662.51,5845.27908329878
"P36132",2026-12-17,1725.82,7012.55583570686
"P36136",2026-06-15,2348.09,5857.08624895895
"P36138",2026-02-16,2862.04,6459.26569212941
"P36139",2026-06-25,4015.47,6018.97509243236
"P36140",2026-06-30,4875.31,5914.02015409164
"P36143",2026-09-30,2795.62,5971.0702053926
"P36144",2026-11-13,7116.01,6501.75554550074
"P36146",2026-08-07,1107.16,6186.34862886732
"P36154",2026-06-27,1720.94,4641.10643070225
"P36158",2026-11-20,1905.31,4647.52714596836
"P36159",2026-10-02,2311.22,5843.01896520504
"P36160",2026-11-14,712.53,4907.13818279357
"P36161",2026-08-08,39052.85,6202.80362828933
"P36162",2026-09-06,13230.62,4781.02676006992
"P36163",2026-06-06,3647.08,4913.69398949825
"P36164",2026-11-08,444.89,7669.21931851255
"P36166",2026-05-25,3608,5919.05423009313
"P36167",2026-04-28,7656.01,6862.70372698869
"P36169",2026-12-12,570.6,6779.91749495922
"P36170",2026-06-03,5054.85,7171.76613703335
"P36172",2026-03-22,4152.99,6589.6624612471
"P36174",2026-07-10,3452.79,6918.3280100672
"P36177",2026-08-10,962.17,6878.62712926848
"P36178",2026-06-04,7996.12,5736.92999333237
"P36185",2026-09-20,5525.73,4617.6847304279
"P36189",2026-06-13,1777.73,4784.75072188413
"P36195",2026-05-28,453.53,4453.61301901575
"P36201",2026-06-17,2578.2,5596.69664927209
"P36202",2026-05-18,724.92,4160.96741091856
"P36204",2026-08-31,4015.86,4359.87430438542
"P36206",2026-05-31,1317.75,4269.89750505599
"P36207",2026-06-06,10731.13,4253.37277694126
"P36209",2026-06-03,820.92,5287.1100056047
"P36213",2026-05-20,17296.06,6940.27956211336
"P36214",2026-06-16,315.56,7365.95231648017
"P36217",2026-05-17,6001.02,5176.96842445139
"P36219",2026-05-29,1142.34,4524.24747315285
"P36220",2026-09-30,64581.79,4295.86297921369
"P36223",2026-08-11,797.75,5041.74030695329
"P36227",2026-09-16,1184.12,5159.02834456039
"P36228",2026-06-14,13662.96,5210.21587288189
"P36229",2026-12-06,20349.28,7768.14990436807
"P36230",2026-05-03,2552.56,6445.4996137455
"P36231",2026-01-28,618.7,6492.72258309556
"P36233",2026-01-25,11948.43,7111.36013972394
"P36251",2026-05-19,19134.82,6661.00671363628
"P36252",2026-11-14,727.98,4694.24903932975
"P36254",2026-05-25,4331.34,6129.2737804351
"P36256",2026-05-31,770.35,6159.75723593973
"P36257",2026-05-27,10496.43,3973.40636991531
"P36260",2026-06-16,1670.22,6953.77779924189
"P36261",2026-11-20,750.46,5357.89185799161
"P36262",2026-07-03,10281.6,5770.51102447043
"P36263",2026-07-13,718.97,5225.27412614374
"P36264",2026-06-16,1029.17,4273.91311016801
"P36265",2026-02-05,6018.56,3791.39148610042
"P36266",2026-06-16,4292.17,3429.83905162219
"P36267",2026-08-14,1797.92,3676.0118832443
"P36271",2026-06-05,4671.54,4693.0893325153
"P36274",2026-08-03,863.46,4153.90879109825
"P36279",2026-06-22,6571.99,5761.52555554628
"P36280",2026-10-27,10020.71,7593.6098655888
"P36284",2026-05-25,2722.87,4872.09487804528
"P36339",2026-05-08,4457.07,7904.99774281906
"P36465",2026-03-21,13600.4,114040.046191141
"P36467",2026-03-11,3071.83,119862.38624324
"P36522",2026-12-22,2169.23,2422.54745278546
"P36526",2026-09-05,4900.97,5835.72978134713
"P36530",2026-04-22,578.8,6471.83733135194
"P36531",2026-09-14,10453.93,3899.04875801923
"P36532",2026-09-08,12975.74,8647.63815402272
"P36533",2026-05-16,1543.99,6952.16209072384
"P36534",2026-10-06,1815.64,7347.82230042624
"P36536",2026-10-05,2509.09,7412.67496210987
"P36537",2026-10-22,2938.55,6056.09507337162
"P36539",2026-12-14,5725.32,5471.08234822571
"P36540",2026-09-12,713.71,5455.67142937434
"P36541",2026-09-30,2452.99,5902.03834326093
"P36543",2026-09-08,603.17,5448.15745119157
"P36544",2026-11-29,752.6,4617.73385541824
"P36545",2026-10-03,457.7,5272.26301399132
"P36546",2026-10-03,12256.94,5830.47683439068
"P36548",2026-09-21,3495.47,4385.51217671441
"P36551",2026-07-21,681.7,6576.97736705125
"P36553",2026-09-14,26627.67,4339.0354289279
"P36554",2026-09-17,4145.43,4001.15935068803
"P36556",2026-12-05,7008.73,3982.42295342934
"P36557",2026-09-17,1376.52,4226.10966573331
"P36558",2026-12-04,1058.9,3688.36529490304
"P36559",2026-08-25,1226.34,5874.93365137031
"P36561",2026-08-05,1831.51,8730.49674468059
"P36562",2026-08-29,1213.39,6221.61176880702
"P36564",2026-08-18,9082.59,6554.61656277022
"P36568",2026-03-22,3121.03,5585.5297520445
"P36569",2026-08-26,1720.93,6189.06308978148
"P36571",2026-09-08,15711.19,5248.13117348309
"P36572",2026-09-20,94952.21,5478.4888951739
"P36573",2026-09-12,336.17,5420.63511983318
"P36574",2026-09-19,1086.93,5317.58800043548
"P36576",2026-09-17,1294.36,4050.00799666486
"P36580",2026-09-12,548.77,3895.79448525832
"P36581",2026-08-24,1023.26,5824.96888926967
"P36584",2026-08-26,2822.74,5582.09829933011
"P36586",2026-10-27,1890.03,4142.14397066676
"P36588",2026-09-09,654.15,5046.57799095395
"P36590",2026-05-14,17170.01,7193.42508668845
"P36592",2026-11-03,7501.47,3709.1555008874
"P36593",2026-11-25,722.42,3895.08250607577
"P36594",2026-08-21,1914.48,5621.93297797532
"P36595",2026-08-17,3616.24,8652.73226592043
"P36596",2026-08-21,14637.54,10009.1615512019
"P36599",2026-09-25,884.81,5603.56709190123
"P36601",2026-10-10,2487.7,4865.22444214365
"P36602",2026-09-16,1817.36,4957.96575479398
"P36603",2026-10-05,5255.37,4706.5434523326
"P36604",2026-11-28,1137.26,5087.86799610155
"P36605",2026-08-25,16563.65,6592.33333468834
"P36606",2026-09-26,882.17,5764.01843818275
"P36726",2026-12-11,6105.11,9655.13916117312
"P36766",2026-09-13,6805.74,13116.7666285186
"P36815",2026-06-15,4849.64,7215.22259910347
"P36818",2026-06-22,7444.09,7179.37402481733
"P36834",2026-07-29,21179.08,4105.3069107708
"P36885",2026-09-04,541.43,13453.0973628373
"P37189",2026-07-09,12031.3,13535.0442766555
"P37226",2026-08-29,6907,5117.46637727399
"P37227",2026-09-01,39724.18,4988.96462917719
"P37228",2026-09-27,15268.73,4523.47392347207
"P37232",2026-09-25,61094.52,346453.860988724
"P37233",2026-12-09,3954.51,7383.9833113136
"P37235",2026-08-02,48177.19,321438.127468342
"P37236",2026-11-22,1898.53,7156.90553457203
"P37238",2026-07-23,120649.81,328237.438305752
"P37242",2026-09-09,2894.99,6720.61332653272
"P37246",2026-05-15,3095.53,6802.42468358972
"P37247",2026-08-06,3509392.32,246282.889013815
"P37248",2026-08-10,7196.14,7795.79252081307
"P37251",2026-07-19,4435.38,7251.61356345594
"P37252",2026-08-12,234703.19,246941.155009356
"P37258",2026-09-24,643.49,7121.26818673273
"P37259",2026-08-24,3896.9,6054.54078372667
"P37260",2026-08-13,1653.41,6225.93772463148
"P37261",2026-08-12,1859.61,6888.31976413224
"P37262",2026-08-02,598.19,5458.64595758146
"P37268",2026-08-24,3937.05,6113.44176036076
"P37269",2026-09-03,3797.45,6598.40241748733
"P37271",2026-09-19,740.31,8690.37129441829
"P37273",2026-12-14,887.6,9384.20429258535
"P37274",2026-07-25,1286.64,8851.60622727638
"P37276",2026-08-07,1517.04,8322.32884798794
"P37278",2026-08-19,1544.82,9191.32317275883
"P37281",2026-09-08,3255.03,7425.44751212956
"P37282",2026-01-31,2366.38,7919.12207628666
"P37284",2026-09-12,23113.18,7064.29368334461
"P37285",2026-09-04,1540.97,8720.73450643589
"P37287",2026-05-20,955.47,5102.89215569024
"P37289",2026-03-24,1935.94,5522.08029763297
"P37293",2026-06-04,2181.22,4968.09868217353
"P37300",2026-04-13,23067.06,237867.839467974
"P37301",2026-02-20,14307.7,182656.796642334
"P37307",2026-04-15,11638.65,6285.77513173233
"P37308",2026-06-16,530.1,5085.55441159193
"P37309",2026-12-12,279.72,5691.30455496876
"P37312",2026-02-04,6566.64,5686.21833558662
"P37315",2026-04-25,1863.16,5280.12617880259
"P37316",2026-04-28,945.12,4944.28461275714
"P37320",2026-03-09,663.74,4832.31511158417
"P37324",2026-06-19,2796.53,3661.70763865663
"P37327",2026-04-12,842.38,5030.18268353148
"P37332",2026-04-02,3422.73,5787.62739966859
"P37333",2026-02-15,1362.29,6075.77112815854
"P37335",2026-05-10,710.2,10583.8090738245
"P37337",2026-10-25,644.3,9560.75916831633
"P37338",2026-11-04,5468.41,9483.76584314212
"P37364",2026-04-19,14799.1,4743.81487331549
"P37383",2026-10-05,130812.72,321237.668605532
"P37385",2026-07-15,9067.33,12666.8331629955
"P37387",2026-12-25,3142.25,8109.04394036965
"P37390",2026-09-06,719.5,7551.48294624463
"P37391",2026-09-08,674.23,7472.34749806522
"P37394",2026-09-16,947.96,8345.74600977055
"P37397",2026-07-22,22017.02,236506.682300299
"P37399",2026-09-08,788754.61,258846.900739917
"P37401",2026-09-02,873.27,7424.42235468692
"P37405",2026-08-12,157239.51,247912.924924147
"P37407",2026-08-31,46198.5,267681.540066142
"P37409",2026-08-12,624.12,5987.67146157055
"P37412",2026-07-11,2673.01,6029.87765585786
"P37413",2026-07-31,3527.6,6111.66488741181
"P37414",2026-08-22,1198.95,9122.33916726882
"P37415",2026-05-17,5314.94,8531.77904479452
"P37417",2026-11-03,10708.61,9806.28495833206
"P37418",2026-10-27,764.02,8346.49746857006
"P37512",2026-08-06,3638.51,6585.99470086895
"P37519",2026-08-27,469.68,5899.41735726056
"P37524",2026-09-02,3293.35,5709.8688514173
"P37535",2026-09-14,101728.1,436297.3823645
"P37537",2026-11-06,2084.43,8071.58548027947
"P37538",2026-08-10,6987.81,4889.68409790032
"P37541",2026-08-16,9340.07,5140.29910575755
"P37542",2026-06-30,1443.57,5459.03878589433
"P37543",2026-08-15,746.57,5374.846759661
"P37544",2026-07-03,2359.82,5812.30680342194
"P37558",2026-06-29,796.55,5777.96705486325
"P37560",2026-10-07,3163.09,4650.31688641536
"P37568",2026-07-26,25436.26,361848.033642046
"P37570",2026-07-29,577.94,5519.07856573007
"P37573",2026-08-29,2214.84,5932.36807146033
"P37574",2026-07-27,1424.6,5814.55241721376
"P37575",2026-08-07,3522.71,5758.73191483964
"P37579",2026-05-18,745.97,6097.61412790493
"P37580",2026-09-16,40994.46,354153.034253079
"P37581",2026-07-19,7626.69,6114.63889679535
"P37582",2026-06-08,4040.45,5685.01783880263
"P37583",2026-08-28,30457.08,253547.504668093
"P37587",2026-01-28,2496.58,5725.7917457173
"P37592",2026-09-04,2465.51,7683.64499500143
"P37595",2026-08-15,1970.89,7364.45553383291
"P37597",2026-07-20,4382.35,6862.08319214782
"P37599",2026-08-20,936.42,6275.1104944756
"P37600",2026-09-14,109706.07,315258.307498416
"P37602",2026-08-22,2340.81,7371.4687313955
"P37603",2026-11-13,124576.28,268811.809982252
"P37607",2026-08-03,2731.67,7072.68137930024
"P37608",2026-08-06,10106.16,246359.792347022
"P37610",2026-08-10,4029.28,6374.37466531759
"P37611",2026-07-27,673.12,5883.85117507177
"P37614",2026-04-16,20897.04,14619.063451924
"P37617",2026-08-28,22661.21,5377.85083932664
"P37620",2026-10-20,5492.81,11098.0098063276
"P37624",2026-11-02,627.76,8841.24580317482
"P37627",2026-11-16,881.89,9703.20681732207
"P37631",2026-11-18,10758.69,10997.4779020153
"P37632",2026-10-05,1034.54,11041.6490223349
"P37634",2026-10-04,461.73,7834.24296925764
"P37636",2026-09-28,6111.11,12685.1458078227
"P37640",2026-02-02,2136.01,5253.45520485643
"P37643",2026-01-05,2520.65,5377.0578472418
"P37652",2026-02-14,35456.89,212253.05439484
"P37655",2026-05-26,12888.66,5899.53259338914
"P37659",2026-09-08,6927.15,8323.27304843494
"P37688",2026-05-01,886.94,6078.85614697473
"P37701",2026-06-13,6122.95,11443.0317960846
"P37740",2026-10-27,968.57,9140.34947193865
"P37744",2026-11-14,1102.63,9147.44447576583
"P37745",2026-10-31,1481.67,9741.55353962913
"P37752",2026-10-23,6493.05,7767.91100882871
"P37753",2026-01-31,1543.18,17618.5771129987
"P37762",2026-06-13,2675.11,9657.24718795923
"P37763",2026-08-17,16471.91,9263.82608161945
"P37764",2026-12-05,3658.5,9723.31322469873
"P37766",2026-06-10,2420.96,7734.08216107493
"P37776",2026-03-27,49321.44,337815.509861104
"P37779",2026-04-26,327454.86,338654.450939077
"P37786",2026-12-27,69695.59,257563.309783469
"P37788",2026-03-08,277555.23,159632.233943758
"P37789",2026-01-20,127994.51,213767.425887588
"P37791",2026-03-29,75827.77,183752.52153912
"P37793",2026-01-05,1152.56,23951.1025154086
"P37797",2026-03-31,456100.26,159021.665820788
"P37807",2026-11-14,10758.53,8408.86659003671
"P37812",2026-02-26,697.31,5663.90076416848
"P37813",2026-02-17,2243.08,5778.0781680617
"P37841",2026-10-31,1071.54,5067.80724620316
"P37844",2026-08-11,32252.21,5746.85767596059
"P37845",2026-10-11,1160.81,6828.72647472654
"P37848",2026-02-17,1844.74,17983.6419352017
"P37852",2026-04-28,3736.43,5785.98486594266
"P37862",2026-08-26,2773.74,6161.6426485124
"P37868",2026-01-17,5015.31,5358.31970127118
"P37869",2026-11-16,1255.12,7089.89331720225
"P37871",2026-01-09,9397.31,5276.49941106179
"P37872",2026-01-17,4662.41,6061.25976511766
"P37889",2026-03-11,2218.4,7697.37440392113
"P37904",2026-11-19,4253.66,6774.07784348673
"P38035",2026-09-06,1386.39,532640.439117635
"P38144",2026-09-30,4416.73,534159.860973232
"P38166",2026-06-15,927.1,10696.8623521206
"P38167",2026-06-07,72371.45,4889.13542075646
"P38206",2026-05-31,2793.38,6335.62893420564
"P38235",2026-01-18,4462.67,3964.91334257165
"P38239",2026-07-22,1701.46,4374.36554998869
"P38349",2026-11-04,410.79,4953.48474856482
"P38350",2026-11-05,5271.27,9380.62007864361
"P38352",2026-12-23,34449.02,5573.911778758
"P38389",2026-07-28,6665.23,26148.8079481754
"P38392",2026-10-05,58931.13,7185.11088969149
"P38393",2026-10-31,1404.54,6663.43987696794
"P38918",2026-10-14,3111.39,32391.428569538
"P38925",2026-06-15,3020.45,969451.101880684
"P38926",2026-08-11,4099.46,878843.376359822
"P38939",2026-01-10,2171.37,41638.8204052744
"P39206",2026-08-06,2124.51,9091.73023766903
"P39451",2026-11-22,5025.15,799323.454626652
"P39531",2026-04-25,24688.65,60156.0072422205
"P39536",2026-01-16,30233.36,58269.1990624501
"P39606",2026-10-22,4883.39,6735.68087449194
"P39665",2026-05-31,4519.33,8022.5261700136
"P39668",2026-08-01,1810.11,8481.17023152382
"P39670",2026-06-16,2997.3,7132.27709779214
"P39672",2026-10-25,5683.47,6290.71318419434
"P39674",2026-09-14,885.75,5779.2920813902
"P39676",2026-06-08,563.45,7232.01382016876
"P39677",2026-05-22,1589.39,5622.77418434706
"P39678",2026-06-06,1240.89,6332.26726177441
"P39682",2026-07-20,647.41,5751.40006751406
"P39683",2026-05-19,270.7,6087.03043498501
"P39690",2026-06-21,26202.27,6358.86351084635
"P39691",2026-06-18,783.14,5633.28701734398
"P39693",2026-06-10,3490.12,5749.64059291234
"P39694",2026-06-01,11781.82,5574.3146994188
"P39695",2026-11-30,367.93,5843.51868563231
"P39700",2026-09-10,2059.74,5605.93604518107
"P39701",2026-05-29,1210.64,5521.28107628673
"P39707",2026-06-14,994.73,7018.6917727482
"P39708",2026-03-01,1333.62,8209.98515935772
"P39709",2026-11-28,9448.94,6571.89050780311
"P39710",2026-05-31,46634.43,6460.36516120015
"P39714",2026-07-08,413.52,5130.48949638088
"P39717",2026-10-08,626.8,5255.82004432483
"P39719",2026-05-22,703.82,4492.31949158543
"P39722",2026-12-15,638.92,5105.94670020719
"P39724",2026-11-10,2187.33,5529.27830246637
"P39725",2026-03-05,1611.69,8402.28663986855
"P39726",2026-10-28,1729.97,7191.21430107975
"P39728",2026-06-12,8096.4,6340.10729654978
"P39730",2026-04-22,1586.45,7024.14490606504
"P39731",2026-09-03,1677.22,7042.55114776551
"P39737",2026-05-18,1094.99,6688.05649902688
"P39738",2026-05-31,1642.88,5775.813087695
"P39739",2026-05-21,5622.61,4893.36374417693
"P39740",2026-07-02,742.41,8682.29836719338
"P39741",2026-07-29,2804.8,8022.28244902898
"P39742",2026-11-27,882.02,11349.8965097553
"P39743",2026-06-04,1623.05,6611.92376543436
"P39745",2026-06-11,1603.41,6306.00018882742
"P39746",2026-06-25,901.2,5276.10621338346
"P39750",2026-06-01,1130.22,4514.98402656446
"P39751",2026-05-26,2838.93,4867.00009805454
"P39752",2026-06-09,9193.85,5082.49245010082
"P39754",2026-06-21,1275.35,6655.50358499115
"P39755",2026-06-15,625.8,5296.77856814124
"P39756",2026-05-29,8723.28,5500.12408963953
"P39757",2026-04-08,2628.57,5698.65960057238
"P39758",2026-03-30,1487.63,6456.81364738557
"P39759",2026-01-17,674.28,5993.62842731179
"P39760",2026-06-18,960.51,5753.30526920879
"P39761",2026-08-12,304.18,6064.30813406829
"P39762",2026-06-03,1654.45,5798.65374508734
"P39763",2026-05-23,5613.33,4055.17949949668
"P39766",2026-05-25,1923.99,4922.15253712963
"P39769",2026-05-17,5798.09,4625.98020395152
"P39771",2026-06-07,921.96,4600.94268615257
"P39772",2026-05-22,2505.69,6108.81664232966
"P39773",2026-02-03,4630.55,4318.10168277768
"P39776",2026-03-23,21857.53,4170.87254192642
"P39778",2026-02-03,1611.51,6696.35222429864
"P39779",2026-03-20,6947.48,7249.26772007621
"P39783",2026-01-01,3058.86,6484.71025410922
"P39785",2026-04-20,2568.9,4989.34941925335
"P39788",2026-02-21,21830.46,6646.41825748045
"P39789",2026-09-02,521.94,29934.0463687681
"P39790",2026-01-28,545.8,6277.81032976586
"P39801",2026-04-09,14666.28,6522.74291737211
"P39808",2026-01-19,2038.15,6730.38517825461
"P39814",2026-08-16,1245.89,7325.51969256984
"P39816",2026-02-24,20466.23,7885.51125834654
"P39823",2026-02-06,272.51,5581.74242928556
"P39825",2026-01-29,226.63,5873.15945972169
"P39832",2026-01-25,924.91,4874.15478529699
"P39846",2026-06-03,1082.08,6536.95358555204
"P39853",2026-06-29,7716.94,6277.81870774448
"P39856",2026-06-02,22040.97,7225.70095588911
"P39929",2026-10-24,50583.82,68584.6081009973
"P39936",2026-01-06,18268.06,71860.0731054013
"P39938",2026-02-19,6534.26,54823.6730182452
"P39946",2026-03-14,10418.93,70130.6008887271
"P39950",2026-01-23,20021.89,43762.2603141646
"P39975",2026-02-02,3834.63,42354.3781865613
"P39977",2026-10-27,11406.42,43206.7361007634
"P39979",2026-01-31,17247.24,33329.9138261221
"P39981",2026-08-06,14647.79,39170.9424490319
"P39983",2026-03-08,30023.76,52173.9040399446
"P39985",2026-02-26,12037.37,55772.2282971501
"P39986",2026-10-12,5249.14,45992.1697694969
"P39989",2026-01-28,7410.81,7154.20396865438
"P40003",2026-08-26,27908.69,32361.9824002013
"P40004",2026-01-22,8104.97,33729.2486371493
"P40006",2026-01-27,4362.72,6058.89375894602
"P40013",2026-07-21,2186.5,6223.14223343548
"P40014",2026-03-22,688.57,9670.04625587692
"P40015",2026-01-05,1226.51,4911.32182168344
"P40016",2026-01-29,2000.63,6016.72997626704
"P40110",2026-02-02,433.05,7766.27759985938
"P40119",2026-01-11,36501.37,8274.7573306214
"P40123",2026-01-16,1638.19,7039.62214058784
"P40125",2026-03-09,2643.64,6831.68748073151
"P40141",2026-01-08,65803.78,226346.560945946
"P40147",2026-01-16,1184.77,5519.25663105018
"P40149",2026-01-06,2909.58,5564.16198439311
"P40154",2026-01-16,1102.18,8675.92476531135
"P40189",2026-02-19,474.3,5775.46011505373
"P40192",2026-01-23,23315.64,5897.77119921788
"P40193",2026-01-22,1403.07,5622.07502874257
"P40195",2026-01-08,19704.04,5218.93172081714
"P40204",2026-01-16,1207.76,8878.89397227714
"P40205",2026-01-20,5889.05,7602.24663637138
"P40208",2026-01-28,26462.24,4896.14655968762
"P40214",2026-01-05,1276.89,5507.12464369503
"P40215",2026-07-29,10637.41,6160.41004109137
"P40216",2026-08-02,11807.03,6385.32480062166
"P40217",2026-02-12,1679.58,5005.13655244286
"P40227",2026-05-04,4448.85,7969.53200972167
"P40235",2026-02-16,3930.42,11079.3076305599
"P40242",2026-01-31,421.23,7351.6103342874
"P40250",2026-02-16,3710.76,11494.5651888545
"P40260",2026-01-07,1365.28,11993.4730504908
"P40263",2026-04-08,2456.06,10672.4028627776
"P40266",2026-04-17,4434.55,7289.26109614195
"P40267",2026-01-26,44951.59,182154.797020195
"P40272",2026-01-07,9166.2,9165.55381008466
"P40279",2026-08-30,6611.76,8299.9384566243
"P40286",2026-01-13,609.68,5300.37102389807
"P40288",2026-02-03,730.49,4893.26226428968
"P40290",2026-02-10,844.16,6050.75609082776
"P40296",2026-02-13,1239.21,8046.23438320474
"P40327",2026-02-21,18776.48,5023.95103931757
"P40340",2026-04-05,1239.04,5119.78760655643
"P40354",2026-02-23,31924.71,4908.91311381448
"P40356",2026-01-09,6381.82,4887.15301152295
"P40367",2026-04-07,1069.6,3308.43177447064
"P40372",2026-02-01,3161.27,4345.89710446837
"P40378",2026-01-05,6867.15,4492.12069040618
"P40388",2026-01-17,2334.45,3934.83878610943
"P40389",2026-01-11,1516.45,3364.23152528172
"P40623",2026-08-01,359.89,10192.6312709545
"P40654",2026-01-06,49933.15,3808.07166230108
"P40661",2026-01-09,7999.52,5043.89904962987
"P40676",2026-01-09,19904.52,4514.90307164021
"P40681",2026-03-18,985.13,7056.60091636335
"P40683",2026-02-13,373739.06,249209.573527908
"P40696",2026-01-01,850.77,2968.1696212807
"P40704",2026-04-03,1045.16,7219.10199604951
"P40712",2026-01-06,1052.1,6630.91577331807
"P40715",2026-01-11,794.61,5146.58797389151
"P40728",2026-01-06,4344.12,3192.92459384684
"P40790",2026-11-22,7776.95,8407.91928944769
"P40920",2026-03-19,640.33,2747.15772770095
"P40921",2026-06-17,1089,3036.00581271953
"P40922",2026-02-17,3359.47,2822.67108853203
"P40924",2026-04-12,9682.23,2754.00351245676
"P40925",2026-04-16,11502.6,5824.73004476571
"P40926",2026-05-11,1890.08,2842.829074855
"P40928",2026-06-03,2516.89,3362.91027654344
"P40977",2026-01-20,1881.42,5406.04909097811
"P41092",2026-01-10,10126.47,51095.5054776087
"P41127",2026-05-10,4458.83,8406.98993072414
"P41166",2026-08-21,524.34,11768.5569798076
"P41233",2026-02-27,128188.51,53445.1243622794
"P41236",2026-02-17,3875.85,52841.3225026459
"P41237",2026-01-01,48311.07,61607.8787107404
"P41238",2026-03-11,45859.45,54487.2829556188
"P41242",2026-02-02,1757.91,4568.87743167559
"P41244",2026-02-23,20864.34,4527.38666204679
"P41332",2026-01-15,702.45,7316.16264263626
"P41333",2026-01-22,4484.94,6528.49527751757
"P41346",2026-03-07,2703.19,5416.82786508571
"P41355",2026-03-10,1643.22,5933.01559183389
"P41433",2026-01-14,978.2,7232.70722876732
"P41511",2026-06-23,5119.91,11927.622702971
"P41524",2026-05-24,4553.75,9861.77056138713
"P41625",2026-09-09,9538.67,9736.47912532717
"P41730",2026-05-28,15627.87,4343.4974425076
"P41738",2026-05-25,1504.44,4366.2799714284
"P41740",2026-01-21,5908.12,3550.55468719174
"P41742",2026-02-11,649.03,3434.06317206791
"P41744",2026-07-06,730.97,4657.15952492107
"P41752",2026-04-16,5600.17,3914.64032410681
"P41754",2026-05-18,37135.21,3662.65081542155
"P41755",2026-03-09,7023.2,6154.99736392297
"P41757",2026-01-10,1347.69,2865.18560997463
"P41759",2026-02-18,2392.02,2901.53970699473
"P41760",2026-01-06,7374.36,7018.93169050837
"P41761",2026-04-13,4703.55,6399.3721422463
"P41762",2026-04-23,3194.84,4651.56881908218
"P41765",2026-08-16,922.25,3650.59269338257
"P41767",2026-06-25,8297.67,7558.74081639612
"P41770",2026-04-14,2867.34,7582.07380740545
"P41771",2026-06-04,4180.48,3276.58917325462
"P41796",2026-05-04,1138.67,4872.21724754516
"P41797",2026-05-22,9016.97,4738.9618249204
"P41798",2026-06-23,8154.15,5373.07693090357
"P41799",2026-05-11,19910.97,4992.60817708203
"P41800",2026-04-22,18233.28,4451.81050370674
"P41801",2026-01-07,17988.9,4281.89956595929
"P41803",2026-02-13,3302.53,2597.32789755855
"P41804",2026-04-06,1793.26,2445.67247190908
"P41805",2026-06-26,666.63,3426.04908874641
"P41811",2026-02-06,2515.63,7992.50053356174
"P41814",2026-06-02,4167.89,4331.41577295111
"P41815",2026-01-30,6113.91,5894.13595265394
"P41817",2026-02-19,806.05,3934.68998655961
"P41818",2026-03-15,40968.38,4126.86183325711
"P41819",2026-01-17,3701.37,3944.69755916112
"P41821",2026-03-10,2367.89,3665.50494478393
"P41822",2026-06-07,2851.08,4655.31788159189
"P41823",2026-01-28,1393.64,3555.38833651489
"P41827",2026-01-22,14768.95,3797.76596387264
"P41828",2026-01-30,10173.38,7334.44906470804
"P41839",2026-05-28,14517.59,4418.47766884108
"P41841",2026-04-12,1752.43,4669.75995983685
"P41844",2026-01-05,1280.37,5201.50180048361
"P41855",2026-03-04,734.36,3369.86399681275
"P41857",2026-01-01,36821.77,3682.58854099037
"P41858",2026-07-06,3422.07,3942.21621697973
"P41861",2026-05-04,11900.49,3050.59719119946
"P41863",2026-06-01,1599.66,3555.8810021839
"P41874",2026-01-20,871.61,6644.42392439747
"P41877",2026-04-12,1268.45,6587.79865568446
"P41889",2026-06-26,2969.31,4901.36639375642
"P41891",2026-02-07,3192.17,4110.19585423837
"P41892",2026-05-02,3426.89,4855.8744150235
"P41895",2026-03-30,615.24,4052.89284208597
"P41900",2026-01-17,1175.22,7008.94664398598
"P41901",2026-04-27,1071.98,6674.41493848201
"P41928",2026-02-15,10790.85,3616.14671043533
"P41931",2026-02-24,3704.67,47258.1159953834
"P41934",2026-05-02,12587.67,3994.5143523801
"P41936",2026-02-07,551.69,5515.41702520408
"P41938",2026-02-08,3414.37,5344.11773579733
"P41948",2026-02-19,575.51,5641.2254461176
"P41952",2026-04-01,1143.5,4082.80231665083
"P41954",2026-05-02,2537.89,4931.86026862748
"P41959",2026-04-12,3441.27,5978.2695911033
"P41961",2026-08-15,2361.4,6136.3752045413
"P41962",2026-01-27,2667.72,5140.30229346632
"P41974",2026-02-05,3310.3,4840.05050592526
"P42054",2026-03-06,14300.95,5375.23826573891
"P42061",2026-02-25,7028.73,6854.44002917667
"P42064",2026-03-07,5980.51,6977.46007379054
"P42102",2026-02-14,4438.06,146070.857787975
"P42120",2026-08-12,11892.5,52893.7534084454
"P42129",2026-03-29,3953.2,72672.4320104978
"P42190",2026-09-08,14818.82,56386.9728896403
"P42296",2026-08-20,18573.58,4556.01808855889
"P42297",2026-09-26,5421.38,6590.69722474478
"P42298",2026-07-07,22513.53,281162.079429105
"P42299",2026-08-16,1774.7,6700.9688600826
"P42301",2026-09-06,28915.56,268316.713710737
"P42302",2026-08-15,541.68,5702.01936217644
"P42303",2026-08-15,4702.08,6561.9774726748
"P42304",2026-08-13,2552.45,6361.89729374512
"P42305",2026-09-03,666.27,6887.03310979127
"P42315",2026-09-08,14649.31,5585.6585042909
"P42318",2026-11-28,845.6,4972.50796979024
"P42323",2026-07-17,7016.74,7077.39826924616
"P42324",2026-06-07,5205.02,8928.35015378299
"P42325",2026-09-12,915.69,9218.38743847168
"P42326",2026-12-22,1452.06,8026.73905248542
"P42334",2026-08-22,2789.07,6684.44888655625
"P42336",2026-04-29,1487.84,6432.50024923716
"P42339",2026-11-14,15827.22,6672.67792622841
"P42343",2026-09-23,956.38,6332.50992634972
"P42345",2026-07-12,3519.51,7862.5792500803
"P42347",2026-12-28,660.7,6429.91626270877
"P42353",2026-08-13,21006.04,6671.6637206844
"P42382",2026-07-26,3379.59,7228.81882478149
"P42385",2026-07-13,6860.73,5705.06296412284
"P42395",2026-10-08,28837.61,4886.86095129614
"P42396",2026-10-14,11651.38,4781.19264221623
"P42486",2026-01-22,938.57,5737.54100988681
"P42571",2026-02-02,987.05,5806.95081599245
"P42688",2026-09-27,3763.11,84408.7494351648
"P42745",2026-09-20,6397.44,4340.80608059406
"P42797",2026-05-12,7055.78,10018.9052302188
"P42818",2026-05-27,3024.02,4578.58245210309
"P42820",2026-05-16,992.94,7579.56846885065
"P42821",2026-01-02,2195.46,8257.57317982738
"P42826",2026-01-24,665.4,4771.01354981984
"P42827",2026-02-17,762.32,4281.01395786681
"P42838",2026-12-04,7185.6,6591.54807421143
"P42846",2026-11-03,652.11,4469.59501719849
"P42848",2026-08-23,1478.71,6737.89929345473
"P42850",2026-03-24,700.28,6758.88400733079
"P42851",2026-01-01,18029.36,5208.11021167237
"P42854",2026-01-26,2388.83,3991.70690690913
"P42856",2026-10-24,1257.93,4648.93352255267
"P43126",2026-09-04,140164.21,213348.526696952
"P43212",2026-01-16,6020.59,258220.460786421
"P43476",2026-11-20,12018.58,66809.2435296973
"P43491",2026-12-01,83282.53,68965.4928265747
"P43495",2026-11-24,11196.42,66722.4195956497
"P43546",2026-08-24,3194.52,9823.3139183214
"P43627",2026-12-11,447.7,396557.478362826
"P43846",2026-02-22,3872.75,4771.62019406513
"P43866",2026-06-05,5945.17,4449.23671302259
"P43933",2026-11-02,13060.88,571782.218558082
"P43962",2026-09-13,4853.43,6809.10143356727
"P43987",2026-02-21,2711.86,3811.56182068635
