"pipe_id","leak_date","actual_cost","predicted_raw","predicted_log"
"P01003",2024-04-28,4000.21,4821.91272836256,1771.15192677343
"P01005",2024-07-03,2663.18,6630.30193791795,2656.81569161101
"P01011",2024-07-26,4605.92,41557.6319944039,10124.8962754466
"P01032",2024-12-11,4504.56,12984.5750537359,2672.44829708446
"P01057",2024-01-18,3422.74,10338.925849937,2954.33053687356
"P01062",2024-07-10,2999.28,42162.4093334121,1892.4464445236
"P01064",2024-06-02,129.75,5726.9507687765,1782.43798333754
"P01065",2024-11-11,4123.65,40292.379125474,2092.99920862585
"P01114",2024-08-13,4160.81,619422.282082944,2937.90534901593
"P01115",2024-11-30,6731.51,625038.759351531,3154.74230492242
"P01193",2024-08-21,3783.52,553588.695604403,3196.34871423578
"P01205",2024-10-04,3207.48,827151.812361081,4670.1526892645
"P01249",2024-06-09,4675.13,4254.32937936538,2390.98175277154
"P01261",2024-12-30,2720.59,30199.4749865486,2238.36316411587
"P01277",2024-08-17,3755.21,776468.686545319,2883.99852482023
"P01331",2024-07-04,1731.07,23059.59477466,2415.21634919219
"P01386",2024-07-23,2681.88,6064.55984028348,2578.28874258376
"P01401",2024-01-18,5822.63,6775.44514747641,2487.3169485438
"P01407",2024-11-03,2233.95,8957.72912982132,2255.08812180787
"P01558",2024-05-28,128.11,673124.689781572,1842.48436531032
"P01572",2024-10-03,4090.14,4611.05822505423,3596.68770803373
"P01595",2024-08-02,5367.99,5529.18462879035,2996.51607972072
"P01603",2024-04-29,18153.6,5679.64329697568,1928.90679538149
"P01645",2024-03-01,1959.01,3207.91067480907,1820.94404419349
"P01650",2024-10-02,1164.79,5300.40766605797,1985.1691338667
"P01761",2024-08-14,3133.98,5008.81573939265,3036.46744024012
"P01857",2024-12-02,3533.2,837524.47378055,4706.20071692336
"P01874",2024-07-08,2728.75,5244.27030353362,2784.54350804271
"P01945",2024-09-19,3896.29,790758.619114589,3145.32807011299
"P01985",2024-02-09,1320.62,39543.9140735644,3148.63683788075
"P02005",2024-12-30,3943.14,554943.117692132,1200.76220974681
"P02009",2024-03-13,3822.51,5254.99243974956,2729.21653851564
"P02087",2024-03-30,1569.56,11425.0224686435,2812.14505604635
"P02144",2024-10-11,132.74,825859.876154536,3658.35857608569
"P02146",2024-09-14,5218.65,550437.621495614,3339.26978153953
"P02162",2024-11-01,5250.92,14264.3666094932,1794.73516187003
"P02263",2024-09-04,3221.28,20223.4460844512,2884.34346987582
"P02274",2024-06-02,3187.9,7512.5029925591,2967.33080762753
"P02319",2024-03-22,3015.08,31981.2823024159,1497.19398219256
"P02347",2024-04-29,1109.97,11649.8230008634,2627.08579470475
"P02404",2024-07-23,1626,533495.69058666,3481.15644339819
"P02428",2024-09-29,4083.51,590121.002842936,2905.27602894158
"P02504",2024-06-13,1923.68,667068.74671674,2706.04538705487
"P02526",2024-01-29,13381.47,3155.56424651998,2465.36222454905
"P02533",2024-11-23,1699.02,10494.1434297885,2196.5193792726
"P02611",2024-03-12,3915.64,12694.2806523075,2946.93308746227
"P02650",2024-01-25,2049.29,21920.1839892915,1298.92013753666
"P02683",2024-04-19,49.3,19258.9225747031,3477.15624825994
"P02697",2024-10-16,2573.4,13205.260463491,2738.09708150935
"P02700",2024-01-31,3542,24238.5915744006,6969.68885817715
"P02712",2024-03-21,3458.35,11028.50285268,2195.66306831591
"P02733",2024-03-16,1582.39,13999.3404096632,2810.80135643999
"P02745",2024-02-15,4013.03,30286.6318768341,6337.85514667022
"P02845",2024-05-08,1615.01,878462.38259313,4971.34525430805
"P02862",2024-03-01,2893.44,4924.2997496672,2826.09656602498
"P02920",2024-09-11,4135.19,60551.7840001625,2755.02100375856
"P02937",2024-10-25,1747.68,646219.422683356,2534.42106881705
"P02977",2024-08-12,1389.64,12372.4298792361,2789.25131017085
"P02998",2024-02-17,3032.93,10822.3705434312,2645.78010548757
"P03024",2024-04-23,129.18,3685.16325314355,2430.9215307009
"P03058",2024-03-23,3458.74,10195.8058038209,3095.12282289289
"P03080",2024-02-03,175.46,6041.15518813608,2357.13063712557
"P03088",2024-12-28,5938.4,5294.11886334646,3249.88296502759
"P03195",2024-06-15,4510.65,4861.21906364809,3115.47568870285
"P03217",2024-02-14,2355.08,4790.58751591432,2755.12472382256
"P03218",2024-10-30,40187.05,5595.75224635168,3368.43728744466
"P03226",2024-08-02,3715.34,29996.4908042056,6324.18616883927
"P03260",2024-08-12,2513.22,828901.750039857,3253.64795883818
"P03278",2024-07-12,4200.13,4021.4435844624,2315.18764854923
"P03335",2024-03-01,3687.49,13352.0870056268,2694.73474228191
"P03394",2024-03-15,2128.7,8309.22184866056,3123.03617012661
"P03398",2024-10-29,125.09,460890.543958788,3808.50445416073
"P03415",2024-02-23,1338.74,4927.94257144122,2307.01145376412
"P03451",2024-04-11,4501.51,4353.64584579996,2940.69589955928
"P03477",2024-09-02,3598.52,8211.33001030343,2512.52504810134
"P03491",2024-10-26,16534.88,30149.2811649344,4385.66828104183
"P03619",2024-03-18,1558.18,4093.59717808582,2904.90544691913
"P03623",2024-01-05,3120.3,5083.6187320197,3553.11320215505
"P03652",2024-10-13,3230.56,5993.79709434454,3070.54130050651
"P03665",2024-03-06,1443.74,4147.71948522089,3350.08165461307
"P03738",2024-05-22,4865.65,742832.657815219,3100.96925755093
"P03774",2024-10-12,1540.48,16630.5848465667,2949.77216561815
"P03834",2024-09-09,1669.92,557352.799340797,3303.37718835036
"P03854",2024-09-15,3125.39,458601.1719851,4012.32646169635
"P03888",2024-06-27,3726.1,707281.158475618,2646.04683719924
"P03895",2024-03-27,1862.39,16721.8816304914,2557.8843508622
"P03906",2024-08-12,2829.05,668561.801357209,2689.39546601196
"P03919",2024-03-27,1840.79,649514.472400169,2536.25387778753
"P03939",2024-04-22,1280,20518.1800337131,3032.14615476157
"P03943",2024-04-10,1503.75,11574.6308805734,2937.03004523775
"P03946",2024-06-23,2213.22,4459.03880578347,3485.85704805649
"P03949",2024-12-02,3475.06,546728.431747732,2331.15402397584
"P03965",2024-11-19,30572.92,355498.572885324,60867.7742660438
"P04003",2024-08-18,3753.12,4615.55949043098,2019.96207308692
"P04047",2024-06-08,3585.24,890640.966827724,3369.14439435792
"P04077",2024-09-15,3870.91,41637.2472052353,9426.92032177887
"P04078",2024-01-07,5640.12,27715.3858106562,6497.09919474179
"P04082",2024-07-05,3232.46,21836.7223800625,5430.54946022714
"P04124",2024-09-29,9248.36,16348.8347247202,2696.47349480617
"P04131",2024-05-23,3079.7,5025.39146465811,2343.73620654105
"P04144",2024-11-29,1463.68,16366.4207904336,2110.01080604045
"P04165",2024-09-01,4587.45,5888.26192512829,2096.03002528048
"P04247",2024-01-17,2038.17,10017.5059368642,2556.99848575499
"P04252",2024-06-30,5350.92,9789.4579740655,2519.76240069712
"P04259",2024-05-05,1687.26,10184.8277606516,2687.18497785796
"P04327",2024-10-15,1996.13,26587.2641146526,2800.23294074631
"P04337",2024-09-11,3254.24,12117.1873563006,2361.52505281404
"P04400",2024-12-29,3735.08,12073.8267391419,2829.54359969144
"P04410",2024-07-17,2356.88,776846.265727019,3036.51471776412
"P04433",2024-01-08,1882.58,13718.9995281913,2912.94039935177
"P04451",2024-04-11,4879.15,29742.1467281894,2686.00677949261
"P04481",2024-11-15,4819.5,524557.840450321,6279.29238515524
"P04536",2024-10-08,2326.14,5185.96201744108,2508.90247648906
"P04559",2024-07-27,1225.37,5113.64357230797,2683.86011554568
"P04583",2024-10-09,3407.71,21547.4959279317,3857.3296583749
"P04635",2024-04-29,9294.66,5532.06406250977,2056.70247188524
"P04705",2024-12-05,3236.07,4361.55975567765,2531.45655442987
"P04764",2024-09-12,2276.61,12182.7243009418,2425.2379844344
"P04864",2024-11-30,3212.2,546157.165211333,1981.43117208224
"P04962",2024-06-17,1277.23,24683.9191296052,6058.21614523213
"P04969",2024-03-26,4218.74,382092.655192513,7382.48927538167
"P05102",2024-05-17,4194.29,4249.57841633006,2428.29951991304
"P05126",2024-02-16,2942.59,3691.45499310648,2277.70269351546
"P05278",2024-03-07,2104.21,8626.2997880833,2247.8426672258
"P05313",2024-06-18,1091.09,12099.3453776707,2054.05249145188
"P05329",2024-01-12,2587.46,11830.6193799297,1950.71247220304
"P05342",2024-09-18,2697.7,7579.29358054805,2329.84833326974
"P05446",2024-06-17,3613.6,633190.890053462,1632.56609979462
"P05449",2024-03-28,2445.07,4574.05164300785,1711.59113068287
"P05450",2024-07-02,3167.79,6180.00460420399,3020.15768868959
"P05457",2024-08-18,4073.06,5621.94582844091,3009.08976492156
"P05559",2024-10-21,5462.57,30094.4806601048,8038.98992148829
"P05588",2024-11-02,2979.99,547347.344958811,2587.26989447603
"P05609",2024-03-10,1964.05,4412.51472119965,2456.70532094563
"P05618",2024-06-30,3737.55,662186.682595287,2360.39034988907
"P05669",2024-09-17,1327.54,9959.57886005828,2460.7758558109
"P05759",2024-03-09,2228.33,11552.8249562596,1679.60658638169
"P05760",2024-09-15,6115.26,11731.6455493105,1924.92623024872
"P05764",2024-09-18,4800.68,12767.1574404339,1914.56023357139
"P05765",2024-10-13,7140.8,14037.5207693233,1948.43396867177
"P05767",2024-05-11,1925.87,10611.7100122084,1641.91328478735
"P05787",2024-02-04,2352.27,4988.32127093228,2976.63144688348
"P05799",2024-05-10,2771.87,3909.91109750337,3052.3513255048
"P05814",2024-05-16,1411.23,635114.096414352,4156.57216787052
"P05829",2024-10-11,3082.95,548442.440398265,3230.93015861556
"P05950",2024-09-29,2747.72,13495.0829819731,2992.26873220454
"P05979",2024-11-07,2712.15,10927.9524367432,2671.63435018655
"P05991",2024-04-20,23958.06,7032.95189324627,2513.52947430766
"P06014",2024-11-07,4417.3,11814.7574498635,2526.32441097778
"P06025",2024-07-06,1142.72,48703.4674411139,1904.3274866891
"P06050",2024-01-16,2041.26,35824.3543205878,2921.95814822083
"P06062",2024-09-03,2053.73,547821.40568906,3196.72732080937
"P06177",2024-01-24,51345.39,224932.35098233,5540.07775728889
"P06199",2024-04-16,4396.49,42422.6738755941,2690.57284005842
"P06213",2024-06-26,2151.95,26000.3571819404,1413.18968735845
"P06282",2024-02-04,3167.33,9115.53074635923,2895.67509971502
"P06300",2024-03-19,3126.94,5190.97194356266,3398.8456463698
"P06395",2024-11-14,230890.96,65439.6203255002,7995.24885293298
"P06396",2024-11-05,13641.9,59928.67187683,7721.26136278259
"P06397",2024-11-05,6311.29,8206.22451643044,2868.28436574469
"P06921",2024-02-08,9909.77,6882.9223376946,1895.93660144319
"P07079",2024-01-06,1337.73,5344.2344923823,1797.67277889538
"P07098",2024-07-04,1994.65,5789.01363937017,1648.96657945423
"P07102",2024-09-29,2159.17,5089.83884951886,1712.67510738818
"P07265",2024-08-15,12901.61,5633.62419868218,1923.65011792658
"P07266",2024-07-24,1255.59,5597.41404711075,1899.96248895588
"P07287",2024-03-16,1416.61,5297.19126188361,1872.90306937826
"P07409",2024-09-27,88.44,6149.73819660899,1831.29512599859
"P07541",2024-12-13,12565.14,10663.0357420033,4160.71534813011
"P07603",2024-01-26,1331.2,201788.018373626,9987.02414073937
"P07611",2024-08-16,18034.99,16857.7471601601,2877.96522578765
"P07612",2024-07-27,4162.9,17446.8390363188,2857.04841460978
"P07621",2024-04-06,1225.38,70423.2844783899,7591.13324282693
"P07954",2024-12-05,380.99,14003.7255052143,5060.88381865874
"P08111",2024-11-23,2682.54,6145.74858518224,1853.09771666649
"P08139",2024-09-17,2192.56,6550.77395758083,2008.95009079434
"P08154",2024-12-03,3440.1,7659.53142387667,2221.55943808856
"P08185",2024-01-07,2003.56,298992.626732618,7160.67033885979
"P08236",2024-11-29,1240.19,7945.39870076779,2759.34578078945
"P08840",2024-05-31,1424.43,10164.7594672222,2664.63690833487
"P08848",2024-03-31,939.81,6721.70873942139,2656.30770925376
"P08878",2024-04-09,751.51,39511.5142837198,16739.3486579726
"P09113",2024-12-19,1677.7,51732.8871805088,7363.78485628653
"P09155",2024-07-12,1964.06,12651.4878602384,4724.5565735388
"P09207",2024-12-09,18426.21,9141.88080533078,3311.11343957288
"P09254",2024-01-30,10734.88,52014.185304614,13775.4449835617
"P09305",2024-03-20,8849.93,7195.26206001003,3040.70688755771
"P09307",2024-01-01,11911.8,100089.479949536,12091.3948899254
"P09599",2024-04-28,214.24,10440.5957271092,3064.15158152207
"P09742",2024-06-16,3888.25,12311.6453534472,2920.9479292608
"P09743",2024-06-08,19239.92,20245.5222895139,2543.81301952667
"P09812",2024-03-20,2944.5,5311.13168413632,2307.46149657508
"P09813",2024-03-14,1131.64,4045.12864159762,2362.86668042672
"P09864",2024-05-13,15004.86,8591.65572793273,3085.92736136915
"P09866",2024-02-29,4146.44,7494.12366803318,2227.52893305442
"P09867",2024-05-05,1912.87,6404.86790437257,2785.7101042202
"P09868",2024-04-12,775.61,6550.68639893133,2071.9883824156
"P09869",2024-06-07,1278.97,7047.08168094922,2073.40839955038
"P09871",2024-03-15,1320.35,8166.5490062405,2517.82831135804
"P09872",2024-04-11,1396.59,8137.36074608216,2436.66552961004
"P09873",2024-04-25,3781.8,6299.41833472116,3018.10771798063
"P09874",2024-07-11,1300.44,7440.98487499949,2422.13210349429
"P09876",2024-04-16,1407.45,8501.67263424829,2840.71633503162
"P09877",2024-03-28,2553.15,6252.36662280358,2105.91868777725
"P09878",2024-07-02,617.19,7156.41644498972,1927.67291293506
"P09879",2024-02-28,2818.08,7049.23969890853,2882.08759170532
"P09880",2024-02-08,5701.84,6849.73146112149,2177.00911064018
"P09881",2024-03-11,787.51,6589.22301103971,2831.72701590091
"P09882",2024-02-19,5591.83,6213.26169631539,2114.42319507294
"P09883",2024-04-20,2983.65,8429.01277026045,3088.30312778814
"P09884",2024-04-28,21167.92,6282.04317295638,2848.45733967724
"P09885",2024-08-01,1423.55,8162.07154938502,2175.15523901371
"P09886",2024-04-10,1179.86,6416.7561697894,2064.15778423329
"P09888",2024-04-10,40488.97,5925.98990210495,2800.22497491862
"P09889",2024-05-19,5142.99,7667.33657621058,2137.350344467
"P09890",2024-05-21,2165.62,7172.18386551934,2535.68257280774
"P09892",2024-04-11,25050.41,6433.82390327326,2140.56464701816
"P09893",2024-08-09,277.68,28507.3384369018,2337.87668710202
"P09894",2024-03-06,4715.8,6430.10233326224,2199.430180919
"P09895",2024-05-02,4835.76,6011.89957692307,2894.82494619481
"P09896",2024-11-08,4356.62,16030.3641801843,2225.3140870085
"P09899",2024-01-30,2267.62,10299.1297576416,5452.92029416514
"P09903",2024-02-21,289.69,5822.98710414178,2966.72048594157
"P09905",2024-01-06,4843.1,7039.26962999785,3694.34483493247
"P09923",2024-01-30,1369.32,5714.40507534823,2709.23266069383
"P09926",2024-03-11,867.86,6195.06563010199,2549.49886045883
"P09927",2024-02-21,1101.62,6103.01525007588,2491.75859571565
"P09931",2024-02-10,5815.09,7541.24696629199,2943.31171116748
"P09934",2024-01-07,5279.66,5391.87871164424,2105.80555083897
"P09936",2024-01-13,2219.31,7488.28789310554,3789.04561189853
"P09938",2024-01-14,1837.09,7524.18726355664,3504.37553822356
"P09944",2024-02-19,578.64,6677.68973584092,2640.76198381549
"P09945",2024-02-11,15721.01,5946.38125227144,2075.56387645746
"P10182",2024-03-16,2690.31,5011.97198733945,2386.71284131627
"P10316",2024-12-10,3144.28,70519.5128944838,11238.781623525
"P10543",2024-07-06,58980.87,15583.2874099302,2237.0615487482
"P10545",2024-07-06,804.29,7208.33825092397,1913.05099832881
"P10546",2024-08-30,1141.22,13534.5168940883,2176.11796327398
"P10547",2024-09-22,896.52,8752.53166776221,2230.90144690891
"P10549",2024-06-25,4364.27,7363.59804144216,1992.56632364164
"P10550",2024-07-16,1458.99,7692.76146828844,1975.56752283667
"P10551",2024-07-12,3744.96,7129.00520631036,1828.42783126815
"P10552",2024-06-04,1126.55,7439.23180219784,2147.00008852802
"P10553",2024-06-20,722.23,7451.63584912834,2044.95205099259
"P10555",2024-05-12,2616.05,8462.38748424067,2385.51356023134
"P10566",2024-07-23,966.68,11503.0302396744,2396.96640502766
"P10572",2024-04-19,958,4968.18467570299,2764.40851128714
"P10608",2024-12-06,1067.69,5825.56085805159,2191.93075483509
"P10679",2024-03-04,2286.41,6468.98675708251,3389.35563954105
"P10827",2024-03-28,468.4,6371.887351227,3200.59102023171
"P10876",2024-02-16,8587.9,18902.7831857841,4661.18889725391
"P10896",2024-11-11,77759.84,386284.8182737,108198.356341719
"P10898",2024-04-02,4782.95,11864.7071913582,3326.77043751733
"P10974",2024-12-06,702.53,6883.24853555147,2750.00773900255
"P10975",2024-08-06,2041.75,6946.3324420923,2409.34472119477
"P10976",2024-11-06,1479.8,11657.7891154253,2226.86046473087
"P10978",2024-03-11,212297.94,676979.644962143,186815.157155495
"P11038",2024-08-18,1784.1,8550.96423190648,2205.06089666017
"P11042",2024-08-18,15174.49,8706.06472881818,2081.38422875192
"P11043",2024-09-05,380.66,9295.70106616577,2126.19012998826
"P11044",2024-08-10,1096,7578.22075702469,2053.0033883867
"P11045",2024-12-19,12298.48,9930.27397759273,2189.46894810072
"P11046",2024-09-22,2455.78,8681.27485246606,2212.79300437722
"P11050",2024-08-13,731.91,6342.89355989891,2479.55518751773
"P11052",2024-09-09,871.8,8791.33492683161,2240.04370109853
"P11053",2024-09-12,2522.92,9012.29302102739,2131.80066969909
"P11054",2024-08-19,8447.15,7543.12766884193,2093.03820540763
"P11062",2024-09-11,746.21,9647.85703553876,2232.50204932363
"P11063",2024-08-13,860.21,16094.8697329415,2286.03242053318
"P11064",2024-09-20,5379.78,9185.5249657671,2044.25706761898
"P11066",2024-08-28,935.36,8696.49297666787,2227.61226266378
"P11067",2024-08-28,6527.01,7312.8830849814,3154.79777757833
"P11068",2024-08-09,4692.35,6453.56141379714,2436.69747620789
"P11072",2024-08-24,1672.84,8364.49245591521,2166.93771333447
"P11073",2024-05-15,6270.21,16568.9724777843,2534.11394452981
"P11148",2024-08-27,4727.64,7950.42446976559,2144.0865390436
"P11193",2024-03-23,2345.38,4588.59299089723,2265.57856360264
"P11216",2024-02-05,4730,224470.638995091,5206.19838448798
"P11237",2024-03-03,4059.54,4756.0958480477,3386.64136725779
"P11354",2024-04-15,4222.91,8652.14228539333,4056.5915781278
"P11355",2024-03-23,1897.17,5208.2813257411,3453.11703980352
"P11358",2024-11-17,1470.19,4957.24092519556,2555.18956814943
"P11528",2024-11-19,2493.96,5034.72123667731,2645.22855083862
"P11616",2024-08-04,472.64,9092.78330837715,2481.18385355813
"P11617",2024-08-13,8427.02,7263.36281724125,3069.36167812816
"P11618",2024-04-02,1188.87,7125.15379365546,2499.96030056087
"P11620",2024-10-06,1785.51,9699.24748430788,2490.11190112152
"P11621",2024-05-24,1343.85,10216.430881014,2704.63570534253
"P11821",2024-04-25,6107.73,4882.44688655021,2430.37015880623
"P11899",2024-03-17,2850.83,8492.88848163384,3713.96701208612
"P11906",2024-03-10,4022.47,5991.54556369734,3129.57175237846
"P11997",2024-03-11,1120.91,12331.9096477214,2616.5610125437
"P12110",2024-07-06,4484.97,59303.4219306047,12245.0352526967
"P12177",2024-04-24,3308.5,6146.16866777634,2602.47766418255
"P12228",2024-05-30,1276.91,5222.91584210352,2808.71648248285
"P12248",2024-04-17,2941.41,4603.68472948786,2780.87777214341
"P12255",2024-03-29,1080.35,4550.52584131934,2732.10466895667
"P12258",2024-04-08,722.26,5223.37784442921,2570.9084643671
"P12265",2024-07-05,1413.44,6198.29319826665,3641.09238379909
"P12341",2024-02-06,2311.2,6475.39037969615,3324.08703600948
"P12343",2024-10-25,4044.11,6007.68698775693,3338.11067695586
"P12344",2024-11-02,10382.5,5212.88955877279,2750.41451412973
"P12345",2024-03-10,227,6197.6836935285,2613.11820843051
"P12375",2024-04-14,674.34,6927.34264991222,3463.69403982502
"P12461",2024-08-24,2209.02,5654.89240766758,2695.73968534862
"P12493",2024-08-01,2748.86,5103.59331820786,2171.81333699813
"P12494",2024-09-12,2456.16,4766.77798601286,2129.46579226862
"P12497",2024-07-23,10691.12,5188.42323741875,2459.65024573393
"P12499",2024-08-23,1426.69,4926.49926778075,2062.36574611796
"P12500",2024-09-18,799.12,5180.69680627623,2647.83901531768
"P12501",2024-06-21,1836.62,4808.86722751608,2680.29485914734
"P12525",2024-02-05,9247.62,3609.65242075244,2061.44632914338
"P12527",2024-02-08,2689.86,4665.75625763503,2675.89593454706
"P12529",2024-02-02,9857.51,4310.50358921579,2474.14928578083
"P12632",2024-12-15,1900.47,7421.43397808039,2782.83981832674
"P12653",2024-01-02,68348.54,35565.1653821169,15357.5556584399
"P12668",2024-07-05,29013.22,32850.005677141,12085.3772605435
"P12713",2024-01-19,1777.92,6354.03954478892,2121.439059103
"P12941",2024-12-20,4680.85,9074.99359149066,3457.16023003847
"P13195",2024-07-12,811.43,5820.90054716684,2499.14332398252
"P13390",2024-11-03,1084.67,6348.26431745881,2057.50849272987
"P13434",2024-07-18,13381.97,21881.3375249372,2004.75768833883
"P13604",2024-08-11,9345.51,11731.0188170941,2825.6749230653
"P13610",2024-01-20,2257.23,6900.0741608071,3589.32368616184
"P13643",2024-06-09,1677.72,9966.46131260035,1855.23986361444
"P13671",2024-05-26,2516.61,6502.33441739547,3969.32258245782
"P13693",2024-11-08,5751.21,29055.4393462723,4951.98443047345
"P13702",2024-06-02,1729.92,5146.653611921,2307.97583576265
"P13745",2024-06-29,3024.46,7580.85361836133,3450.09359398784
"P13856",2024-03-27,8925.51,35771.1804494836,16049.4779031908
"P13920",2024-08-12,1724.95,7757.42617175778,2494.4365397993
"P13921",2024-09-19,2592.72,6750.31313054355,3062.07794086721
"P13925",2024-07-21,2206.01,7321.60460219089,2228.37588146028
"P13927",2024-05-09,1544.73,7989.44030028623,2938.54646936353
"P13928",2024-05-08,12149.51,7496.4094340458,2711.1825540128
"P13929",2024-08-27,2560.66,8554.01320570271,2653.70230199107
"P13931",2024-07-28,627.73,7537.35378029068,2386.67315949026
"P14013",2024-07-06,906.71,7516.67889174149,3112.04131688482
"P14080",2024-02-16,8497.09,7471.18650680558,3644.71357077179
"P14082",2024-03-16,1784.88,8030.61917488827,3350.23769218458
"P14121",2024-08-24,3145.84,397405.500780628,20219.3552272124
"P14223",2024-05-15,849.35,5580.42158772278,2044.49269670412
"P14275",2024-04-18,1193.44,11790.7781866768,3668.85284370012
"P14341",2024-09-08,3338.15,5855.46242816564,3460.74184718529
"P14364",2024-02-14,6593.87,10185.3726383183,3765.40748419729
"P14375",2024-01-27,12750.3,7562.41894296853,3271.84251032161
"P14392",2024-05-30,5934.03,6545.2849619193,2739.88683206278
"P14434",2024-07-17,702.29,5780.78818209286,2505.32200722461
"P14435",2024-02-28,651.94,6078.89029455058,2250.55136031861
"P14436",2024-02-02,875.9,5327.76012911638,2108.43314249609
"P14440",2024-05-25,2385.44,15586.2081150855,2654.25033353626
"P14442",2024-08-21,11212.88,7860.60494916876,1942.97779087539
"P14446",2024-09-16,49932,8843.59678700085,1970.58257444138
"P14448",2024-12-18,1444.12,9618.06610710463,2025.0006101166
"P14451",2024-12-16,2848.03,12700.3981494574,2312.55477701235
"P14452",2024-07-31,611.69,9027.77813220853,2315.27121649011
"P14455",2024-09-05,2653.21,9962.99988564788,2300.82513701946
"P14458",2024-07-31,2074.73,8353.1300376667,2088.25778636165
"P14459",2024-08-11,1031.71,8176.80140154503,2074.00576695035
"P14463",2024-08-10,2029.66,7470.66734529745,2014.53018907239
"P14466",2024-08-09,2618.58,7460.23815145176,3168.82744904841
"P14468",2024-07-09,817.2,7201.32342419599,2225.7581621603
"P14469",2024-08-09,11214.89,7466.34492413283,1961.34938158121
"P14473",2024-08-27,831.49,8837.63004614017,2065.28032038258
"P14476",2024-09-12,2061.6,6503.73075589047,2362.65424124554
"P14477",2024-02-12,7741.68,6308.39532054913,3892.47784762984
"P14479",2024-04-06,74149.76,6856.62407199443,2820.06649028725
"P14481",2024-01-17,10828.19,7089.9594436366,2583.09248695841
"P14487",2024-01-22,720.45,5783.73283754714,2116.33723960576
"P14488",2024-10-07,2308.36,6778.00666550658,2343.5655239901
"P14550",2024-12-17,1209.23,9074.18643529044,2058.93576874168
"P14552",2024-09-15,1473.5,7842.94860294144,2184.17772956339
"P14553",2024-09-16,923.96,8304.21624582147,2018.3137193673
"P14556",2024-03-31,911.09,15856.4472888968,2862.82166025567
"P14559",2024-09-10,2293.24,6595.88297634695,2556.579053299
"P14560",2024-08-30,1063.74,8213.27810054454,2118.24156532369
"P14562",2024-08-01,1299.32,8586.19433451479,2373.43459050994
"P14563",2024-09-23,8418.74,6961.1861948502,3054.82260179889
"P14575",2024-08-30,1531.42,7963.73504800452,1972.64724596507
"P14576",2024-10-05,5927.41,16851.8893420821,2404.35996114008
"P14577",2024-06-14,4069.42,7531.89132344794,2229.36821955894
"P14584",2024-09-05,1181.03,7985.92748689911,1940.60827410519
"P14585",2024-09-27,2024.22,13828.6839150622,2023.93239499601
"P14608",2024-06-09,6335.19,7243.22561969911,2603.63187186573
"P14609",2024-10-18,809.8,8238.8986361583,2431.13188397029
"P14610",2024-02-19,1606.71,9046.045246846,2382.22515074214
"P14616",2024-04-17,4149.99,11515.4335060928,2915.01415907532
"P14635",2024-01-10,5469.17,12900.2561614366,4903.84279064188
"P14637",2024-07-26,1061.26,7852.94137081465,3104.41931250211
"P14638",2024-07-25,1975.09,7016.12012235229,2476.00560562552
"P14640",2024-01-19,1515.83,7797.82562006364,3348.83739656195
"P14657",2024-07-20,1031.02,7643.84621273086,2307.64176653505
"P14661",2024-07-27,3564.15,7298.16906282961,1964.40523632532
"P14662",2024-09-23,5780.15,8566.64915142317,2104.89565028238
"P14663",2024-06-10,10386.99,8001.7209517052,2208.44611464928
"P14664",2024-09-13,706.35,8480.01647263487,2169.89407368399
"P14665",2024-09-05,5218.41,6673.58996163032,2959.60210660494
"P14666",2024-07-31,20979.11,7024.74433878236,2468.0381836101
"P14669",2024-08-15,4831.13,8318.62779435492,2179.26593949007
"P14672",2024-08-09,762.46,8337.19857963169,2165.78731377967
"P14674",2024-09-02,2560.32,8393.22523052333,2293.18569464044
"P14679",2024-06-05,1862.22,7931.08411165001,3578.1930589075
"P14742",2024-03-02,6429.06,8111.57897712517,4596.19228207016
"P14753",2024-06-25,1244.26,9141.97104596326,2466.807490899
"P14780",2024-02-07,1870.54,7727.77806047319,3982.90038315035
"P14786",2024-04-28,1893.88,7487.79284794454,3447.58337746807
"P14787",2024-02-27,11142.14,8886.22671497345,3969.69386611443
"P14808",2024-03-19,1055.1,6528.80718572472,2311.66135234759
"P14809",2024-06-10,6356.57,6282.15939418595,2629.20733053446
"P14810",2024-02-23,998.8,7854.21249411653,2363.05567854261
"P14814",2024-10-27,4513.14,5886.38912643354,2541.42770081939
"P14860",2024-04-10,882.38,6359.70680782793,2182.64815113384
"P14865",2024-01-25,14574.9,6531.74736171426,2324.1984149067
"P14871",2024-01-15,1999.15,10941.463139775,2276.12955678804
"P14901",2024-10-21,3712.34,9440.20023840488,3107.33473106042
"P14918",2024-06-08,2568.49,14662.5533956395,3177.94154592463
"P14923",2024-07-24,364.25,5833.55959449316,3006.56327823162
"P14926",2024-11-23,995.48,6892.84117252245,3280.63217329643
"P14947",2024-01-22,1117.78,12668.8285053147,2966.63094489391
"P14952",2024-02-02,32839.51,8493.64034768527,3498.58682419798
"P14953",2024-10-17,7035.62,7017.92585228105,3121.31731759101
"P14955",2024-01-22,17676.6,8463.95388634338,2907.31431149162
"P14957",2024-01-13,7056.42,12188.2820790572,2315.00022556152
"P14959",2024-10-20,1023.39,10473.7904737667,2227.1799079078
"P14960",2024-01-07,2698.08,19490.8089186178,3768.69102519689
"P14961",2024-02-06,8918.95,12512.4781209156,2668.57010206494
"P14962",2024-01-29,988.27,15976.8955935488,2800.74119646606
"P14963",2024-02-02,36995.24,66949.6200643063,3256.47335284666
"P14964",2024-01-29,2713.56,41469.7906556671,3906.81103205212
"P14965",2024-03-10,484.31,23391.0381040087,2855.08473856396
"P14966",2024-01-09,610.39,70520.1206394927,2349.74197487694
"P14967",2024-01-04,24408.11,64080.2330076712,3120.52472989318
"P14971",2024-01-26,800.57,66997.6472589148,3549.33693643696
"P14972",2024-02-05,1486.06,65599.1120861926,2406.59708335094
"P14973",2024-01-30,1014.88,67273.8203720183,3487.85749501779
"P14974",2024-02-05,415.5,12083.9615598384,2616.82646586832
"P14975",2024-07-26,1143,10280.1748829806,2328.57707916218
"P14977",2024-01-27,1199.86,77222.6949072572,3201.4088318112
"P14980",2024-07-16,2333.57,6009.98012979354,2216.94313715824
"P14985",2024-06-11,574.14,15361.3384577487,2181.97771714872
"P14988",2024-02-26,514.97,14167.8932453874,2799.03905831624
"P14989",2024-01-27,547.35,15064.1595428735,3661.33920572289
"P14991",2024-03-06,1515.15,66641.0178959306,2646.58985700968
"P14992",2024-09-04,697.52,37395.4958654348,2569.43173999898
"P14994",2024-11-26,5906.99,37250.573383235,2348.26823917421
"P14995",2024-02-10,3354.92,64988.0653194847,3280.7313040536
"P14996",2024-01-31,653.52,77244.9993044952,3185.41667682002
"P14997",2024-10-30,2343.03,52030.3574385472,3129.55333692559
"P14998",2024-01-12,8963.9,74612.274692349,3063.09871581013
"P15000",2024-01-20,4399.25,67130.9303617158,4048.94640376283
"P15001",2024-10-08,4752.27,46329.4021785794,1947.50235922017
"P15002",2024-01-28,1789.6,140003.094060164,3771.20493712637
"P15004",2024-09-30,4844.7,16379.9501381463,3209.49701112455
"P15006",2024-02-24,2911.04,52267.1202782816,3187.73607709389
"P15008",2024-03-03,1188.21,57808.5693375065,2588.21498296446
"P15009",2024-11-26,647.78,15198.1393822819,1940.29083254436
"P15011",2024-07-02,2254.09,19916.1361888694,2019.34116032392
"P15014",2024-01-25,5278.75,144775.071647479,3941.34791132239
"P15015",2024-02-07,7165.1,16547.784795065,3146.55451940488
"P15017",2024-01-12,1184.19,10452.0213818936,3822.90984899679
"P15070",2024-07-25,4499.12,9097.41984174259,2450.75147138783
"P15071",2024-07-13,52063.56,9050.27943689008,2133.43520403372
"P15072",2024-08-06,2373.63,10297.8984344531,2222.90388540533
"P15073",2024-07-28,22435.37,9177.36446234408,2152.42610466349
"P15083",2024-02-16,2099.36,312737.567312333,19531.6678009347
"P15133",2024-04-03,753.33,5411.4728244443,2601.50136692351
"P15148",2024-06-17,5253.48,3771.82973692841,2721.43910744549
"P15151",2024-06-09,7267.17,3950.74990912886,3012.41367135878
"P15153",2024-06-08,3040.02,4113.29759741041,2872.9373063891
"P15178",2024-03-11,1467.53,9045.10178182322,3210.9026511882
"P15179",2024-08-27,2786.44,7765.08374522747,3047.37804261788
"P15181",2024-06-08,4950.16,22972.0640015025,4830.57753814525
"P15234",2024-04-22,1656.89,7692.62582932347,4416.61749344345
"P15236",2024-11-01,1984.3,5627.26267763006,2781.95956230796
"P15237",2024-03-24,161.06,6228.40252246979,3199.55585172571
"P15243",2024-03-15,93084.17,31668.0438583736,14255.4040852711
"P15256",2024-05-05,46031.24,42866.5780179284,18004.1329673195
"P15258",2024-07-21,720.03,8547.21139281724,2174.22767964152
"P15260",2024-07-27,1657.28,9610.42397286421,2341.61140634936
"P15261",2024-07-28,1622.1,9250.58611170311,2330.49969994063
"P15263",2024-01-26,2151.99,6451.02608562829,2622.28878015225
"P15264",2024-08-03,2437.38,6875.27498276567,2893.60799493622
"P15265",2024-08-14,2374.47,9318.50284105396,2211.29071838753
"P15267",2024-08-01,8254.6,9827.00795579016,3522.0445403375
"P15269",2024-12-15,3250.72,8899.20441120614,2962.86123138845
"P15270",2024-08-01,3351.93,8342.34982177383,2022.0844124645
"P15272",2024-05-04,1389.99,7631.06280107602,2317.04554273514
"P15279",2024-08-08,602.73,5929.32569811279,2371.34003827006
"P15280",2024-08-21,7944.16,6251.18676960225,2694.49140894196
"P15282",2024-09-11,11182.34,9327.09077952958,2399.48700914362
"P15302",2024-08-12,39728.55,13256.1510985247,2364.29808069318
"P15305",2024-08-16,1132.85,7780.72311318345,2335.02172932564
"P15307",2024-08-01,710.24,15872.272099444,2781.55770415896
"P15308",2024-08-18,1135.72,17242.8601256796,2743.58517719116
"P15325",2024-01-16,4199.79,4750.52397160681,2656.19960862913
"P15341",2024-02-04,1327.44,9318.35945910871,3492.60518701576
"P15343",2024-02-13,16600.21,16347.2547932671,3323.06401223149
"P15344",2024-03-26,630.47,8776.15214605613,3251.42581172077
"P15345",2024-02-17,21834.11,9166.1318661752,2966.21299267145
"P15347",2024-10-30,2036.02,8293.18363696571,1980.89489645082
"P15364",2024-01-06,1031.05,10890.1202107095,3838.89716613646
"P15366",2024-07-04,1213.37,7297.90216705828,3010.55616332905
"P15413",2024-06-02,17286.83,18374.2668145843,2724.31589274764
"P15416",2024-10-10,29699.22,9372.09613174734,2113.44116337249
"P15417",2024-08-21,9877.53,7944.996102311,2052.78903893656
"P15422",2024-09-08,6445.89,8336.48247864411,2077.02454450571
"P15423",2024-11-19,6708.13,9717.16696125708,2173.31647571498
"P15424",2024-10-07,3171.57,9035.21074956371,2039.30791500935
"P15431",2024-09-07,4717.16,37374.8383796287,2261.17783134572
"P15433",2024-09-17,6792.68,16072.7277323246,2491.10183626548
"P15434",2024-09-07,1545.66,8295.33266074185,2220.22720584744
"P15443",2024-07-05,4501.47,7132.79036955236,2144.77868926193
"P15444",2024-12-22,7453.31,10422.0094307279,2108.03119134229
"P15483",2024-12-07,7780.21,6565.03805708616,2724.28597153525
"P15487",2024-12-01,1787.2,5617.47107166991,2462.8082173834
"P15488",2024-03-27,2568.61,6121.42222443351,2130.24273300713
"P15511",2024-02-14,7021.33,8661.87270535543,3623.40808395829
"P15512",2024-10-26,18642.38,6465.72528342768,3157.9488460642
"P15519",2024-02-04,551.86,7499.11171853534,3454.33328394039
"P15520",2024-05-24,1307.23,5013.64552443495,2330.58472410354
"P15521",2024-02-06,17919.45,5925.1505673424,2259.63631332917
"P15522",2024-02-22,1704.01,7318.15125083247,3108.57073890261
"P15523",2024-02-27,665.8,5599.72419027202,2487.70941068074
"P15536",2024-10-12,33231.56,5772.37706603142,2550.48703050082
"P15537",2024-06-14,9982.43,5372.4695903786,2524.94755486958
"P15541",2024-04-20,3076.3,7676.88417832167,2898.09128360405
"P15542",2024-02-07,19713.22,9362.95376388702,3476.83522727362
"P15544",2024-03-14,906.99,7644.89103101435,2798.60260400359
"P15545",2024-01-08,9328.48,7343.23324043333,3495.61521086943
"P15546",2024-10-19,23336.92,6234.66081251342,2753.78414957865
"P15547",2024-06-16,3724.91,9803.34027894288,3526.43078780785
"P15548",2024-09-16,1623.06,6788.93944990898,3599.17832140641
"P15556",2024-03-08,1848.78,10460.7395649914,3240.4853973355
"P15586",2024-08-28,5454.87,6183.47244612119,2273.94988591538
"P15587",2024-09-14,4115.54,7107.74331318284,2532.65604451989
"P15588",2024-10-04,7455.77,6888.35104737971,2633.56408457121
"P15836",2024-04-01,4112.84,10215.5146952552,3103.98328670217
"P15876",2024-08-24,2647.86,5556.84378533601,1460.94009559234
"P15880",2024-03-14,23391.62,9139.51370094938,3325.35370569921
"P15881",2024-02-21,4920.8,8680.09342837729,3444.70113912904
"P15883",2024-01-18,35526.79,44619.8364321577,17235.2982319806
"P15948",2024-09-27,1260.05,6718.25358229408,2685.06749864339
"P15949",2024-10-11,6812.41,9018.26074249475,2744.41589690019
"P15951",2024-11-14,710.99,7203.82824978446,2571.00173517923
"P15952",2024-09-15,3732.43,9072.16409193327,3904.46285611659
"P15956",2024-09-08,1816.55,4998.05138843362,2427.87203547038
"P15964",2024-12-24,798.47,13418.0167215756,2319.90627287607
"P15966",2024-07-09,1532.83,8167.22324641317,2908.70744833112
"P15968",2024-07-10,891.38,7884.53089044244,2111.46643451747
"P15971",2024-07-28,697.72,6397.04788156153,2208.60555333163
"P15974",2024-07-24,459.27,7208.92178020866,1882.81313573018
"P15976",2024-01-04,3514.09,6095.79967659754,2116.96826529595
"P15978",2024-07-20,3999.59,9407.55598939305,3076.41103691356
"P15981",2024-09-23,4247.09,4277.27678369851,2000.88614869164
"P16058",2024-12-02,1521.2,7136.68206996152,2485.37994766868
"P16059",2024-11-14,1370.26,6704.9993039428,2375.08397973687
"P16061",2024-03-08,25974.38,579837.622854041,188595.29459588
"P16069",2024-10-16,803.75,15301.0702212598,2082.04921083812
"P16071",2024-03-09,5799.9,20089.889153433,2068.54932736302
"P16072",2024-06-24,946.99,19826.0701715005,1981.49765744143
"P16073",2024-08-31,4118.24,43127.2405738211,3144.51267051547
"P16085",2024-03-27,1272.62,12809.3111621508,2761.94856853334
"P16148",2024-07-16,496.52,15300.7669009444,3013.41986478002
"P16150",2024-09-19,960.14,9313.36481920233,2354.86590998761
"P16152",2024-08-11,499.8,8954.39468988264,2285.17004145959
"P16153",2024-08-12,5948.31,9634.75024679932,3387.77268271977
"P16239",2024-02-16,13453.84,7060.82027921051,3377.11968415553
"P16242",2024-02-17,1571.59,5666.14611144335,2301.22298884067
"P16370",2024-04-09,3257.36,5630.152679744,3338.84758337019
"P16379",2024-02-02,4153.47,7980.59998511428,3912.16514626807
"P16389",2024-05-28,2512.08,46586.1926189444,2527.38868183329
"P16391",2024-07-08,1133.37,13657.1209276389,2607.26455995079
"P16408",2024-01-20,785.29,9285.97881087266,2686.16129951804
"P16422",2024-01-25,6330.95,10768.1336190727,2087.38518761067
"P16434",2024-02-06,776.2,7043.68109852508,3646.43617988112
"P16436",2024-03-09,1696.51,6626.43786669054,3407.11386723003
"P16467",2024-11-25,2174.17,7194.71789319215,2405.25202770946
"P16468",2024-08-26,1917.72,8168.76562580517,2499.34449131515
"P16469",2024-08-04,1186.16,8000.2605771857,2453.79785664516
"P16472",2024-09-07,270.66,19174.5222210792,3320.16007627405
"P16476",2024-08-10,1431.92,7662.15704765129,2418.2800454856
"P16477",2024-11-14,1748.89,15091.549890683,2965.11506780778
"P16478",2024-07-25,1628.9,27620.4072229576,2746.0386139444
"P16480",2024-07-31,20753.28,6684.12251591847,2406.32901660244
"P16483",2024-03-17,2072.04,16138.3363855158,3126.62515684869
"P16484",2024-08-03,13208.32,8959.17548025353,2614.19736085175
"P16485",2024-07-20,1852.92,8436.15683185894,2488.49438800235
"P16523",2024-08-04,3958.87,5028.74902356297,2657.62447407709
"P16568",2024-03-29,1531.35,14395.9032720754,4276.95021574948
"P16606",2024-03-13,404,35065.7435437233,2191.90362698084
"P16607",2024-05-04,47913.3,34796.1690377831,2272.64482271483
"P16608",2024-08-05,1958.94,18078.3160198633,2434.44759043043
"P16659",2024-09-23,8400.69,7592.2118674366,3210.24222721136
"P16667",2024-09-30,2392.46,5346.2528408363,2265.9977951864
"P16670",2024-12-08,4916.67,5345.14035418864,3097.02142382019
"P16676",2024-11-28,540.81,9741.9545316143,2754.77232685722
"P16677",2024-08-24,895.2,7539.7613104604,2472.64924272477
"P16689",2024-08-04,1494.26,6613.97662969879,2684.06812758637
"P16822",2024-08-13,728.45,5108.25657150307,3163.4695433444
"P16825",2024-01-27,26585.07,7016.46625833931,3563.95264261188
"P16827",2024-08-31,471.43,4956.99716115829,2496.99721027989
"P16897",2024-02-26,383.96,8054.09946316773,2968.15715456207
"P17012",2024-05-19,1630.66,5476.89078911201,2118.80068076045
"P17042",2024-07-17,480.39,8117.74072936943,1745.02448199112
"P17124",2024-01-29,6790.94,7409.9684130377,4103.73348339731
"P17185",2024-03-12,1461.26,7876.33666417607,3568.93132285113
"P17219",2024-12-21,1791.94,9450.42240023091,2953.13347739899
"P17221",2024-08-21,5620.07,9269.16662354685,3024.58921323145
"P17222",2024-08-17,418.39,9230.20157597787,2909.00834585963
"P17225",2024-04-26,3949.4,7712.74461606206,2969.01442481607
"P17235",2024-06-18,3617.92,13436.3346167996,2610.75738251403
"P17490",2024-01-08,2786.93,3711.50218250437,1829.53470397194
"P17494",2024-11-04,3493.39,3728.37856566783,1712.88781364126
"P17646",2024-12-04,3918.07,4119.98459896329,2623.48323653594
"P17686",2024-01-27,541.64,8554.16248986298,3552.55885708519
"P17688",2024-12-22,1458.04,6664.47197720935,2825.32489977262
"P17690",2024-01-27,859.18,6429.57873789175,3102.84664327776
"P17691",2024-02-22,3383.45,8931.11511819365,3511.79161755003
"P17692",2024-06-05,1044.75,6684.0301254289,2769.60885841923
"P17695",2024-02-27,7114.86,5848.97190505151,2289.56073977113
"P17697",2024-09-07,6552.71,4469.9160207453,2496.21182896062
"P17698",2024-09-01,14396.84,5519.93446783495,2753.07739045012
"P17771",2024-03-13,7069.03,6642.66893885578,2513.87972302936
"P17772",2024-04-05,2420.02,5054.29419590419,2055.86609166132
"P17773",2024-03-12,2323.09,5459.02141770143,2080.95367509039
"P17876",2024-04-06,37231.85,6555.62601988487,2681.34123290676
"P17877",2024-08-14,2405.4,13350.0423610953,4522.13537021765
"P17879",2024-01-19,1104.36,7984.63212174626,2892.91097496637
"P17882",2024-01-17,3274.97,7789.45812378436,2571.60172068755
"P17884",2024-01-09,548.15,6577.50702012534,2508.65979567506
"P17886",2024-08-07,688.17,5998.60071830864,2321.56061719624
"P17888",2024-03-21,9591.32,6284.95853169097,2226.70965702488
"P17890",2024-11-18,796.8,6960.34513339742,2122.10251163907
"P17892",2024-03-06,2132.3,6823.07482634369,2730.24361519288
"P17901",2024-02-11,2145.66,6196.85466524623,4147.94955744782
"P17910",2024-05-14,1856.27,4242.92163242554,2649.94129620737
"P18090",2024-01-13,4028.5,7375.57591838272,3010.31625790275
"P18208",2024-09-23,980.31,19645.1043549043,3787.53545345435
"P18280",2024-10-04,2204.27,7977.30857532076,3188.27548598345
"P18313",2024-09-12,5255.63,9512.92222739609,2286.29116558995
"P18318",2024-07-29,1545.56,6141.04438561624,2291.80761368684
"P18320",2024-08-15,958.52,9570.76141035909,2121.89548396782
"P18321",2024-07-27,2301.47,9150.25767075356,2032.0118048328
"P18323",2024-06-09,5222.09,8358.1441441596,2233.99950073568
"P18327",2024-08-23,27273.08,6655.70487149796,2322.57924444721
"P18329",2024-08-11,3349.49,15576.6716485763,2281.61733654608
"P18330",2024-09-02,1267.77,9181.28713826132,2132.66871352081
"P18335",2024-08-26,398.06,7827.91314698215,2035.72169117664
"P18419",2024-05-13,482.79,6988.70320336141,2332.13456095116
"P18420",2024-08-23,2485.91,8278.92486227187,2164.42301537218
"P18422",2024-09-20,1642.96,8295.06132215651,2100.29265009158
"P18424",2024-08-27,628.28,8364.89052367927,2159.24557072368
"P18425",2024-12-24,4714.97,9284.95712762792,2119.99412051686
"P18448",2024-12-06,3521.18,6791.7896965089,2848.26118281534
"P18449",2024-12-08,2856.33,6205.59269817776,2722.13802968319
"P18450",2024-02-17,512.3,6807.64116553673,2444.56303937382
"P18572",2024-02-02,3690.8,5304.51074377761,2319.29727236577
"P18573",2024-05-04,386.67,6905.53189942882,3177.21608112471
"P18575",2024-03-05,309.04,8212.02024381103,3545.23221485942
"P18583",2024-02-10,15074.02,5997.49858660235,2491.77212111172
"P18653",2024-06-30,3158.34,5547.62627335054,3160.25541370629
"P18699",2024-05-08,3735.41,12845.1359304391,3150.96916261855
"P18767",2024-05-30,6184.85,12379.9828676969,3893.48496314656
"P18808",2024-01-24,4153.38,6393.94789447614,3183.1443636382
"P18809",2024-01-18,12098.8,10449.1949268517,4368.62346117361
"P18817",2024-04-20,159209.3,176488.143020072,65855.2611589162
"P18869",2024-03-20,1573.33,6684.17209395096,2226.41996637229
"P18949",2024-04-20,3030.48,6881.59981204376,3275.02167615834
"P18994",2024-02-10,13529.53,39547.1177441616,17726.5146845099
"P19016",2024-03-22,5878.43,11276.0399863377,3471.5124430685
"P19019",2024-03-15,1203.61,11694.7509042645,3410.97877693631
"P19020",2024-03-07,1424.55,9474.68020431381,2853.32349500752
"P19065",2024-01-15,1669.56,4609.75457434507,2166.83089102937
"P19157",2024-07-14,3789.72,5718.03591459013,2769.14271515822
"P19176",2024-07-31,317.5,6214.26580148154,2644.72045324522
"P19179",2024-01-22,6160.48,7472.53614006883,2866.30408417106
"P19182",2024-01-27,508.41,10125.8367626018,3408.27137745366
"P19185",2024-02-27,725.44,8080.71188682617,2705.03104158317
"P19188",2024-02-23,3056.82,7377.44690564895,2396.83621804335
"P19190",2024-03-29,1490.22,5408.29692183493,2435.89058918545
"P19198",2024-08-04,1387.13,5299.16201656487,2506.9743260221
"P19220",2024-09-21,2562.81,5194.2971668441,2667.15085237157
"P19233",2024-09-08,3287.57,5050.65290133237,2758.17364092385
"P19236",2024-12-21,430.55,8525.95271237307,2554.46898961761
"P19294",2024-05-06,3202.36,5698.62020214187,2415.39962151652
"P19312",2024-02-03,10132.49,55121.7367152328,21174.3189358282
"P19403",2024-11-01,2937.18,460171.55662905,32567.1872489511
"P19525",2024-07-26,2508.48,11838.3694231409,2824.28109722385
"P19528",2024-08-02,6433.67,11721.569584304,2749.22956654879
"P19610",2024-02-26,45333.55,22684.7203856682,3511.84757809049
"P20081",2024-05-15,1982.91,7448.7582963702,2848.83126255266
"P20082",2024-01-17,1090.32,10775.3338531821,3453.11788016631
"P20167",2024-04-15,1929.86,5714.84206195708,2500.09513405136
"P20168",2024-01-19,7610.76,8236.64089123175,2980.15629269043
"P20171",2024-01-29,273.75,8031.61755709323,2851.16701865751
"P20172",2024-01-05,2398.58,9775.4427610549,4067.65311596602
"P20177",2024-01-06,1711.39,8078.46821384614,3025.81901635228
"P20193",2024-01-03,18968.04,9621.71766040005,3919.49384742194
"P20194",2024-07-05,1291.17,6639.52400668523,2606.37945729199
"P20195",2024-02-02,750.67,9702.14100118803,3532.81454596784
"P20196",2024-03-06,3253.22,16128.6431939227,3309.26520174859
"P20197",2024-08-12,2761.41,6168.72093425253,2563.22572651441
"P20200",2024-07-20,17605.45,6950.17324846258,2989.59509623397
"P20201",2024-01-27,1289.01,10705.1690800794,3533.932649348
"P20203",2024-02-18,23591.19,8456.76133988516,3265.24797688673
"P20204",2024-02-01,2068.17,8192.39719057671,3250.08106831301
"P20206",2024-01-20,11255.09,6858.45295478535,4001.17022255279
"P20208",2024-02-14,13230.78,9050.12290705001,3360.84744788413
"P20209",2024-03-02,2750.77,8708.63658787342,3202.78929420111
"P20211",2024-01-20,1592.78,6866.644076743,3978.14822835073
"P20224",2024-08-14,7865.15,14600.6225875576,2939.95818635727
"P20226",2024-07-09,1470.21,7213.67204037793,3183.16136879686
"P20227",2024-11-27,38256.75,8373.58500265463,2987.75082648655
"P20231",2024-07-29,2167.2,13114.4450220454,3785.73435275417
"P20232",2024-02-25,1243.55,9279.52623664817,3154.53518196476
"P20233",2024-01-29,9512.6,9846.01100804244,5274.2559919686
"P20235",2024-06-08,43836.39,6697.65852353138,3196.13234225668
"P20238",2024-03-01,891.6,7062.92995478336,2384.14510573313
"P20278",2024-05-06,2083.07,6219.00055185771,3149.38635224241
"P20279",2024-06-03,930.06,8752.21648799356,4040.47033144141
"P20282",2024-06-12,1067.74,6571.85586436523,2347.44133058541
"P20290",2024-03-22,2431.59,7534.21588278589,3377.2200729962
"P20297",2024-02-13,4120.12,7398.55631600405,2433.09180298814
"P20306",2024-12-04,5613.21,10191.0159859635,3675.56328595929
"P20322",2024-03-26,985.97,7041.46766626955,3683.20450731608
"P20325",2024-03-11,7211.18,8539.98848439707,4565.9776448334
"P20331",2024-03-23,41337.51,8090.42384181464,3506.49446900226
"P20348",2024-08-05,3580.73,5673.37709155034,2155.42731170783
"P20354",2024-08-24,1594.39,8523.50182999904,1945.88851648445
"P20356",2024-08-18,2846.16,6343.1129355122,2664.47211871427
"P20359",2024-08-17,2215.89,7881.73171116891,1973.95173825699
"P20360",2024-09-12,1450.14,7922.49309535339,1966.64411052824
"P20361",2024-09-05,589.9,8301.60681518335,2093.03545900434
"P20365",2024-09-27,7820.1,9444.70092223289,2158.0920806375
"P20366",2024-09-05,2524.36,9624.51738449456,2214.14942557182
"P20370",2024-09-11,43499.02,8904.02721061517,2161.50236628441
"P20371",2024-05-28,15856.74,7593.04104580878,2357.9951232389
"P20376",2024-08-21,4744.26,8940.75999709173,2090.74060892021
"P20377",2024-08-16,842.86,8611.59301437771,2177.0289360233
"P20426",2024-09-15,3807.95,4768.2627251588,2598.44017725197
"P20463",2024-03-17,3713.26,7176.89995138943,2756.93104219406
"P20575",2024-03-25,7333.29,11266.7637220896,2278.30610761633
"P20581",2024-12-21,7032.14,9315.9575342682,2591.68178152192
"P20583",2024-10-08,1373.29,8296.64631759222,3358.91094289063
"P20587",2024-06-23,938.75,7222.41308187472,3519.36754976501
"P20591",2024-01-26,26887.64,9151.23658036518,4461.60580795258
"P20631",2024-05-28,4063.01,12995.508677297,2305.35108800989
"P20650",2024-03-30,4511.7,27985.8344451189,12683.68844511
"P20675",2024-09-24,1349.55,7097.53115828445,2881.52136657619
"P20698",2024-02-19,2329.5,6622.12287470802,2745.62553332121
"P20703",2024-02-05,5392.28,6532.45209165001,2864.79397908396
"P20721",2024-07-22,6247.1,6276.50136066761,2771.07552311166
"P20758",2024-06-16,1962.06,5599.50940389401,2775.05825245447
"P20779",2024-07-23,4888.51,9112.91310039532,2132.43339553957
"P20810",2024-09-24,6184.56,8948.84281387643,1990.28339680702
"P20820",2024-03-24,1085.04,7529.59065103662,3623.55644044321
"P20821",2024-08-04,14824.67,9021.97860466966,2169.00737289968
"P20822",2024-08-10,7606.26,8212.65981991863,1996.94739264419
"P20824",2024-11-22,614.77,12315.8227556269,2035.71278175581
"P20842",2024-01-06,1018.19,5470.73554665474,3264.0708690837
"P20863",2024-04-01,8195.7,11251.407185903,4634.15916810059
"P20864",2024-03-11,859.64,5123.15599338581,2428.54351784846
"P21043",2024-02-26,15381.16,6493.03054815668,2499.65378340158
"P21045",2024-02-04,7790.96,6399.17213358949,1592.50778696849
"P21052",2024-03-10,713.53,50085.938466361,2193.96565659645
"P21055",2024-08-10,3278.88,7622.03712378153,2464.1035858644
"P21125",2024-03-14,1553.01,7259.35019701656,3261.57808207571
"P21411",2024-06-16,1439.65,6042.68260152555,3121.43884735264
"P21416",2024-06-25,1543.32,6055.20113139975,3085.1543016077
"P21447",2024-08-04,3615.43,6298.63372141516,3264.26074072989
"P21448",2024-05-11,1286.58,10176.6424480275,2601.66749633756
"P21461",2024-06-16,167530.54,247134.302053059,85697.5415052711
"P21466",2024-04-04,1401.34,5930.06881233273,3017.40428207847
"P21468",2024-06-24,17300.4,5019.1769901715,2837.20180348778
"P21503",2024-05-16,904926.07,225728.517960023,80649.000990218
"P21549",2024-03-21,5325.17,6338.93818877575,3341.3886212974
"P21585",2024-03-19,325.46,14005.4134268511,3580.67449082477
"P21622",2024-01-09,9796.04,5412.24564804621,2464.70611032237
"P21634",2024-06-27,33212.21,5465.92693411257,2398.13986928999
"P21640",2024-02-24,96349.1,8449.71293559629,3194.12293909882
"P21721",2024-06-09,2435.83,14300.3841418608,2690.66499435044
"P21725",2024-12-08,12299.34,11872.8104075209,3452.86571166229
"P21726",2024-03-16,3654.17,11419.8326936372,4449.89675526813
"P21727",2024-03-06,4319.52,9702.4204603395,3821.92296267092
"P21734",2024-04-17,4563.59,7715.45414725936,3882.39596206484
"P21741",2024-03-20,1723.25,6754.19995494905,3069.47106951195
"P21764",2024-03-16,2835.4,6849.40874400836,3538.26842839342
"P21769",2024-02-16,3262.69,7226.95565833444,2878.78188559661
"P21806",2024-04-23,16485.57,10994.2518178487,3669.14720715809
"P21904",2024-09-03,1031.13,9112.79988631373,2125.71037886109
"P21906",2024-09-14,4265.43,7064.40388900361,2849.02939705887
"P21909",2024-07-17,2017.3,6596.98328284765,2510.95734651633
"P21913",2024-08-21,5001.95,6500.36123436259,2298.02623158544
"P21914",2024-08-18,5857.2,6078.70868542009,2210.87916223452
"P21917",2024-08-13,231.16,6072.75602417009,2211.85359021115
"P21919",2024-08-22,4004.13,6046.32463170507,2651.35505102687
"P21920",2024-12-15,6839.1,7288.22323013017,2880.78701227126
"P21925",2024-09-04,1986.32,30412.6695253142,1992.77241116134
"P21937",2024-03-09,2591.8,6204.69710753676,3390.18849272056
"P21943",2024-03-01,3145.47,7944.54917565404,3964.12162723186
"P21945",2024-12-07,6840.92,5665.11072721292,2442.44699418205
"P21951",2024-01-08,615.22,8147.96676776644,4573.45534520716
"P21953",2024-07-03,552.83,7691.56719821539,4018.67461647153
"P21954",2024-12-05,1461.36,7044.58619695648,3569.37811699495
"P21965",2024-09-01,2661.09,6120.58422199246,2923.18080705117
"P21968",2024-02-23,1001.46,6589.31130661655,3372.72542908463
"P21972",2024-03-13,3056.03,5797.54822855077,3035.47633294115
"P21976",2024-03-12,10127.25,6611.03476978787,3023.20829434338
"P21978",2024-05-10,3674.85,7371.08295717102,3664.84256681033
"P21980",2024-11-16,2574.75,7668.16861110873,3972.88403759531
"P22010",2024-02-15,1564.73,8772.68692052891,3330.07403114829
"P22011",2024-12-21,1628.57,5633.12507199996,2482.81590357582
"P22012",2024-11-04,10272.88,6336.48308387233,2451.88501194656
"P22014",2024-08-12,3042.41,5038.23867169509,2288.63698006897
"P22015",2024-01-06,1794.25,4736.39507852088,2012.49474220129
"P22018",2024-03-01,4045.87,8214.77827942401,3369.39617856741
"P22020",2024-02-24,27124.26,7645.04052911657,2607.23890074785
"P22021",2024-02-02,22805.37,8072.46843422252,3546.8195248592
"P22024",2024-08-27,3892.05,7764.98068657364,2847.00812351749
"P22027",2024-01-02,1470.5,7407.22762193738,3220.03717558304
"P22028",2024-02-16,15251.49,8715.94266901168,3135.02775511933
"P22029",2024-06-01,32585.13,6818.93881688722,2787.67536686239
"P22030",2024-05-09,4634.23,6717.36110744788,2889.88340559421
"P22031",2024-02-04,1268.64,11187.8447245508,3738.36018310186
"P22033",2024-01-18,547.21,6607.71354206952,3795.0437601424
"P22037",2024-07-15,18662.2,7342.22292901885,2550.07264879145
"P22038",2024-03-03,3795.43,7975.37673392218,2955.55034629549
"P22085",2024-03-07,502.99,6603.99913101454,2202.86463793748
"P22744",2024-05-23,1968.78,48571.238430724,2605.08047579943
"P23001",2024-01-12,2225.63,6870.68401367609,3183.76414763629
"P23142",2024-01-07,581.16,9287.12085955445,2214.88669883881
"P23258",2024-07-31,4992.29,7569.20194781026,3348.36471503761
"P23277",2024-05-24,20294.69,86030.7281278354,31005.0672294252
"P23454",2024-03-18,1556.75,10642.0416328477,4304.88767425225
"P23596",2024-06-16,3782.72,13596.0797197416,3548.78845717037
"P23622",2024-02-10,1028.42,8364.56915075934,3112.44440399618
"P23632",2024-03-09,4640.03,6290.57355963471,3852.22808209296
"P23636",2024-02-01,1799.44,5109.15086728204,2301.21807141861
"P23637",2024-03-12,1938.26,4636.04698272473,2124.34385718542
"P23728",2024-09-16,11567.99,10101.2161218134,3182.07551559703
"P23730",2024-04-21,1649.41,5937.55221749989,2272.32870511486
"P23731",2024-08-15,3299.18,9798.93873882456,3153.79835694395
"P23732",2024-09-30,3003.15,7431.16247246627,2737.02554905927
"P23734",2024-07-15,1666.74,29545.7177755826,2226.43238905138
"P23740",2024-05-31,4994.83,7290.22730331122,3204.43008943651
"P23744",2024-07-30,4133.08,11235.5669584707,4370.71261702431
"P23747",2024-08-03,4656.21,16717.8564489841,5119.62849113531
"P23748",2024-07-23,19658.94,11047.766344607,4072.54479121162
"P23843",2024-11-09,6803.32,9435.14918576586,3109.60625616742
"P23870",2024-11-18,4269.23,5174.26618895543,2378.41999488571
"P23981",2024-01-12,5125.18,5720.58774431951,2753.04537468096
"P24129",2024-12-17,26405.62,3039.42330301824,2299.18540595263
"P24130",2024-11-27,4046.3,3022.09046094337,2441.02728699095
"P24131",2024-12-17,4823.78,3072.02895867135,2242.94596786665
"P24152",2024-10-18,1953.19,7322.33092651418,3236.8300159229
"P24227",2024-02-22,9157.74,7882.45359973492,3939.44599750414
"P24243",2024-03-23,44461.32,11000.0387163373,2131.53737403688
"P24244",2024-03-17,82561.02,11048.2968752992,2143.28358162227
"P24245",2024-03-02,817.59,11455.8070686975,2209.79667258756
"P24247",2024-03-02,1499.91,11450.4999697995,2159.29453779218
"P24248",2024-03-05,7647.6,6488.03687402845,2328.67401755476
"P24249",2024-01-11,2696.9,6175.87477242349,3261.26690110973
"P24250",2024-01-09,1707.62,6621.71601812682,2472.69103000897
"P24251",2024-06-27,4105.89,5411.33817474628,2114.5407591247
"P24252",2024-01-24,786.48,6041.38574072859,2231.45692237091
"P24254",2024-08-09,1216.64,6162.72258982606,2168.61001132445
"P24255",2024-10-02,811.26,6187.08913815038,2153.26084551305
"P24256",2024-04-18,717.35,5564.94350492067,2207.82862223029
"P24258",2024-04-29,1490.6,14698.0111290583,3119.87218145682
"P24259",2024-06-19,1552.41,5869.23186607744,2706.05686599494
"P24261",2024-02-08,5448.99,9799.58257574228,3222.89200854562
"P24263",2024-01-05,631.51,9814.89566877097,3435.70033525865
"P24264",2024-01-09,6752.13,8426.37155174132,3891.12030510855
"P24265",2024-11-01,2219.84,6919.09901406125,3042.74187290218
"P24268",2024-01-25,22635.54,7083.122383924,3663.55379496947
"P24269",2024-01-13,2629.12,6067.67418709875,3451.21936104009
"P24270",2024-01-25,3507.05,5954.67975109355,2793.21793297718
"P24271",2024-01-15,2163.48,6042.87522866413,2615.82417118784
"P24273",2024-01-23,2062.29,6001.95143797224,2638.76383520602
"P24274",2024-10-03,1169.2,6017.15415224187,2675.67177673496
"P24275",2024-01-10,2951.7,5762.50756435962,2685.30228986662
"P24372",2024-03-08,5098.75,5188.12531651223,2466.99242039791
"P24380",2024-05-18,4489.57,7489.69963799506,3811.46699997753
"P24383",2024-05-14,2935.37,7681.45573451406,2922.1135285687
"P24420",2024-11-23,13047.31,7496.75032829482,2107.26821047396
"P24454",2024-02-10,4247.45,7221.70337431423,3894.13160519734
"P24466",2024-12-08,134525.28,18015.7877667774,8152.69265073277
"P24732",2024-05-01,108314.58,175352.960327714,65690.739778392
"P25331",2024-02-18,13831.91,8750.3485894967,4156.14130610655
"P25333",2024-04-28,10056.04,7635.82153167915,3441.19930887699
"P25509",2024-05-19,1417.91,5131.6833034896,2919.00181317437
"P25510",2024-05-02,15453.17,62935.134361397,5214.91998626709
"P25511",2024-05-11,4831.47,5243.88621915025,2904.68361069101
"P25553",2024-06-28,2656.49,9342.44555758124,3262.69476789729
"P25558",2024-05-16,2828.47,8103.57724019234,3144.92316771688
"P25563",2024-05-15,1799.38,76603.0585974976,9582.78408185816
"P25576",2024-07-07,1164.42,75947.7732403279,9353.04480277742
"P25689",2024-05-30,3157.08,5583.23820322798,3036.30681427518
"P25951",2024-02-22,1599.37,3957.83751884885,2396.35915297688
"P26022",2024-01-04,677.52,7543.87925923898,3384.37109930137
"P26202",2024-04-04,2164.82,7841.559388768,3300.25001438849
"P26522",2024-02-18,1574.8,65036.8121814914,4182.90191753478
"P26524",2024-11-20,427.8,19277.5073188622,2342.35712318329
"P26537",2024-02-22,1610.8,15007.2193882132,3137.044269224
"P26538",2024-02-20,2504.6,14337.5794667809,3137.22112081748
"P26539",2024-03-18,629.18,15720.8781196313,2773.9414045959
"P26541",2024-03-03,1327.21,9220.90495394731,3207.75809273121
"P26605",2024-08-12,3254.32,10534.3104462901,2182.08159692241
"P26640",2024-10-08,1124.77,9900.57115573307,2903.95646148962
"P26679",2024-07-11,3591.17,5214.45018835747,3423.8188207852
"P26688",2024-09-27,3729.96,6293.1550383089,2691.3452723337
"P26731",2024-09-12,1980.46,9357.78778898158,2965.33141070837
"P26736",2024-09-01,5956.18,6736.89759707738,3308.18526271991
"P26754",2024-03-09,6783.05,6627.64984234078,4022.46621722231
"P26758",2024-03-20,1141.17,4982.98151305566,2281.68703554407
"P26798",2024-01-20,2830.68,5219.12799686927,2697.88672855398
"P26855",2024-03-19,1100.33,18423.2529403807,5999.82684626522
"P26929",2024-04-08,5041.38,3932.08476010784,2707.94769726286
"P27290",2024-08-12,17706.7,6728.01100292908,2452.58669490183
"P27291",2024-08-07,1326.73,7064.59933813814,2398.78905893449
"P27292",2024-08-14,423.11,6262.47490123233,2432.34004348482
"P27293",2024-09-13,1715.38,6821.01192488364,2664.21847453318
"P27294",2024-08-24,3889.86,6175.77703036517,2540.78043622392
"P27297",2024-07-28,1578.17,7057.84952948511,3085.12301658332
"P27298",2024-06-09,1052.58,6662.8033368823,2901.18399677279
"P27301",2024-07-30,3590.82,8049.83033421875,2094.58203850434
"P27302",2024-11-14,861.95,9297.23971055734,2114.5816502826
"P27305",2024-11-24,854.9,9735.2160992494,2106.17390522001
"P27397",2024-06-30,1692.73,12217.5603388655,2683.49337285842
"P27419",2024-04-05,4110.11,24953.3089565615,2696.54763102535
"P27440",2024-08-11,673.99,15194.1918176293,2191.33474506078
"P27441",2024-01-08,20280.81,24451.945837364,2186.13074370436
"P27443",2024-05-07,1310.87,16494.2333253398,2720.19017781883
"P27499",2024-09-07,12797.58,3342.68763768067,1581.11799091781
"P27501",2024-07-26,1130.36,5761.4853215326,2924.95177617395
"P27502",2024-07-16,2545.26,7080.17198992339,1842.30633943714
"P27503",2024-08-28,9568.47,8299.35046027839,2065.80171473443
"P27506",2024-07-19,6867.19,9154.46374493984,2329.60252209145
"P27507",2024-08-02,1434.11,7973.72496305125,2719.36298700183
"P27509",2024-08-03,799.32,7467.62830923967,2821.75324460864
"P27510",2024-05-07,2819.85,7593.05599639613,2674.77505540248
"P27512",2024-07-21,1112.67,9112.65530953205,2719.13613434404
"P27515",2024-08-15,7571.71,7790.05426966591,2737.75987975193
"P27520",2024-05-21,681.85,9870.19783843418,2322.0972456221
"P27522",2024-08-23,1042.31,8590.54399838865,2455.89425123525
"P27539",2024-08-20,2158.54,6278.80399218808,2176.33062964236
"P27540",2024-07-28,1272.62,5424.03150253158,3004.04796389986
"P27542",2024-08-25,33894.88,6241.8818964307,3184.26289067877
"P27543",2024-07-31,727.89,6581.25900721246,2232.56099612678
"P27546",2024-09-08,6435.73,7700.34011363232,2468.4220053698
"P27548",2024-09-07,494.16,7924.2983816113,2505.71495609131
"P27549",2024-07-19,679.57,5765.9513264612,2084.02479551144
"P27551",2024-09-30,10913.18,7966.82475169824,2777.44815372052
"P27554",2024-07-02,622.87,3958.86868440666,2042.73396818217
"P27557",2024-08-06,2512.15,4238.03976767491,1890.23743517495
"P27558",2024-09-02,1426.12,4248.820560092,2112.60260561032
"P27559",2024-09-13,345.98,5259.77210779225,2227.90454681855
"P27562",2024-10-23,8029.59,6382.03410090479,2957.7383234423
"P27563",2024-09-08,882.34,4141.9294426588,2115.24618354367
"P27564",2024-09-23,4908.02,5306.48468775159,2248.78869616075
"P27575",2024-01-21,4706.93,5606.89746449373,1911.39048158959
"P27576",2024-02-08,1436.54,8026.02777870473,2969.20167897042
"P27579",2024-02-21,1970.01,6106.95482324147,1901.63336207519
"P27583",2024-07-31,758.82,6720.50340542725,1837.23966825689
"P27584",2024-12-31,639.66,9833.91804329542,1971.40983366247
"P27585",2024-08-05,897.53,7553.86742694886,1859.66790432753
"P27589",2024-06-29,2952.49,6163.66276786972,2476.96908205326
"P27597",2024-08-20,10710.49,4951.98106699803,2349.02178008431
"P27599",2024-09-22,1292.16,5451.0700759395,2575.90268687819
"P27601",2024-09-05,687.42,5969.131295027,2516.82549330094
"P27602",2024-08-13,889.7,4841.63049517755,2384.39107127596
"P27604",2024-08-20,12138.21,4504.52016008028,2417.40380874978
"P27605",2024-08-09,439.96,4768.58544806316,2323.08795266098
"P27606",2024-08-18,22268.85,5495.87462339418,2485.301502081
"P27610",2024-07-07,23775.38,9410.26279643068,3060.84150140867
"P27611",2024-08-30,2770.51,6472.12769637233,2453.38760668269
"P27613",2024-08-15,578.93,6255.60465979504,2200.75413616888
"P27614",2024-08-02,4987.7,6464.98988488518,2258.90016006825
"P27615",2024-09-09,10272.22,10467.8236664528,3410.26584189349
"P27617",2024-08-10,2908.58,9203.28795260045,3339.13986556395
"P27618",2024-08-22,1037.99,6384.34134558284,2493.22325290396
"P27622",2024-08-27,19381.49,8374.68776430396,2551.90688350149
"P27625",2024-08-03,3268.8,5879.21860804977,1967.95918957574
"P27626",2024-02-24,4014.9,5409.75731279707,2085.66168977849
"P27629",2024-08-16,1331.32,8936.59771450791,3411.76741423211
"P27630",2024-07-22,1287.53,5990.92100553879,2061.89582729175
"P27652",2024-10-19,693.63,5063.02280099584,2888.96441085177
"P27683",2024-07-20,4206.17,8405.65092798832,3325.35242322648
"P27809",2024-03-25,2939.7,7874.05348858982,2383.12293276229
"P27824",2024-02-19,3133.02,24574.0593146874,3092.38526410774
"P27826",2024-03-15,1258.34,8808.07127513315,2394.01507027192
"P27830",2024-03-19,582.76,7536.04177357044,2190.90140887854
"P27831",2024-04-12,7854.28,8037.23804702428,2154.28700843038
"P27832",2024-04-14,1111.28,7598.96935855698,2104.08021825317
"P27837",2024-03-12,1700.3,13557.9296413594,6909.90920264914
"P28449",2024-03-04,16913.1,8675.94459944679,2507.60842599986
"P28450",2024-03-23,8483.91,9684.73811843167,2867.6083100642
"P28452",2024-05-03,7444.81,9680.72553177325,2859.92937307783
"P28454",2024-11-29,854.16,6599.54751367214,2070.55745166502
"P28455",2024-10-10,2874.98,11945.5745637758,2111.99956550738
"P28456",2024-02-05,4356.75,13687.5018182314,3409.64283443948
"P28457",2024-12-11,1113.1,12226.3511019396,2487.93737465818
"P28458",2024-09-03,1878.37,11717.5810550003,2106.98751421886
"P28460",2024-11-23,4320.88,12308.0870699637,2420.65833648997
"P28470",2024-01-30,1264.11,8781.42826696637,3233.93281598868
"P28471",2024-05-08,1044.65,7235.49961263509,2957.08476114126
"P28474",2024-02-04,1261.56,7960.91452740736,3019.87928582796
"P28475",2024-01-21,21147.69,8318.53429115962,3209.03178133729
"P28479",2024-08-31,7393.07,10719.4884418102,3788.17629771897
"P28481",2024-02-04,3111.47,12294.6244775922,3817.22027835209
"P28486",2024-02-19,2837.44,7412.67837609488,2610.20538269714
"P28487",2024-10-08,645.41,5978.30468633277,2527.05470500966
"P28490",2024-01-18,3247.98,8566.82338845702,3203.16607739223
"P28491",2024-02-02,5755.13,7858.94770375287,3058.67561808756
"P28500",2024-06-19,15338.69,6830.8514525735,2685.77985224131
"P28508",2024-02-07,1350.67,4382.67096329468,1833.63492832035
"P28514",2024-05-17,1444.37,6990.51153336397,2929.71262277651
"P28520",2024-02-04,35969.11,5116.91860705236,2262.11819359375
"P28522",2024-04-17,2087.06,6574.69854988602,3030.31046132282
"P28524",2024-01-31,3824.98,6540.07844676533,3076.05604766124
"P28528",2024-03-16,1352.55,4872.91361743188,2122.99369350739
"P28530",2024-02-24,3453.91,6482.31504295983,2965.33337518585
"P28553",2024-03-22,336.51,6339.08569305825,2612.47857892875
"P28556",2024-03-23,621.87,6110.19048170503,2631.29578080719
"P28557",2024-06-28,6145.78,6593.78271393745,2931.65406950225
"P28558",2024-03-29,7026.15,5827.10026658542,3220.26391519044
"P28560",2024-03-01,2266.05,5396.96651789861,2294.8381515779
"P28563",2024-03-05,940.7,5928.29856490673,2206.04216295712
"P28574",2024-01-25,13133.76,6690.16523959476,3401.17876399931
"P28583",2024-02-25,5660.79,6601.09397018262,2579.93411887407
"P28596",2024-03-02,2495.44,6530.63818359573,3377.69470402789
"P28644",2024-12-05,1543.04,5903.08860848072,2512.17048657494
"P28691",2024-02-03,6241.39,8100.574781877,4227.77623308193
"P28703",2024-03-11,1542.62,6903.58554507981,3227.68934587905
"P28715",2024-08-08,1329.41,7205.73938921726,3095.0027582634
"P28717",2024-10-09,2633.88,7024.75936695468,2602.60641461604
"P28718",2024-07-31,624.5,5644.62287845344,2443.31635539131
"P28719",2024-09-08,713.71,6024.90452677742,2416.49146329733
"P28733",2024-08-19,1373.4,6048.98792731408,2489.08610761219
"P28734",2024-06-07,925.09,5334.63275336522,2339.24255707106
"P28744",2024-04-06,2116.56,6704.2981229529,2023.03143060867
"P28745",2024-09-08,2108.09,8055.27429505968,2020.3358115282
"P28746",2024-09-26,94278.59,8560.62159910703,2012.54794083912
"P28812",2024-01-21,3362.46,12646.5419242424,3871.50335277244
"P28813",2024-01-17,1853.43,10381.1040264879,3841.10185024587
"P28815",2024-04-25,15498.06,7228.56670251403,3213.9560628963
"P28820",2024-04-23,14605.01,7941.43608338346,3119.34881250043
"P28821",2024-03-28,1438.94,8286.96105575512,3258.32327704779
"P28822",2024-01-06,3671.66,12478.9252057114,4191.14723340954
"P28824",2024-01-18,1823.99,11896.6422503435,4184.87046099917
"P28826",2024-01-22,23318.45,11362.6767113776,3531.06284542181
"P28828",2024-08-18,4530.44,7876.42147274543,3248.0749898161
"P28829",2024-01-20,1369.82,11053.8545995347,3510.1526584509
"P28830",2024-01-18,9731.15,10275.6008540359,3421.32433414863
"P28831",2024-06-01,1835.79,7980.57853541953,3028.34620048472
"P28846",2024-10-27,1538.79,6290.93975276866,2510.03599499134
"P28847",2024-01-21,2007.37,7480.97722725429,3743.94009439048
"P28850",2024-02-01,11231.76,9220.69107979325,3328.76790176588
"P28851",2024-02-07,17188.79,8704.14759539504,3052.86145955593
"P28852",2024-01-15,1947.53,6830.70311659187,3341.49182323235
"P28853",2024-05-23,1554.5,5756.865675413,2610.18004191487
"P28855",2024-01-18,666.35,8041.40970255843,4111.37829261026
"P28856",2024-01-31,1874.22,10027.3437832404,3385.14443876605
"P28858",2024-10-31,940.32,6012.38254330792,2523.14396236207
"P28860",2024-11-02,2768.46,5913.17763579678,2498.28801621462
"P28956",2024-09-02,975.17,9065.41574042028,2429.99558133721
"P28960",2024-04-02,4935.19,8247.28705218551,2262.14507926386
"P28964",2024-06-19,901.39,7999.78157689267,2287.94466111126
"P28966",2024-07-28,1170.02,7910.83028628502,2485.49553443469
"P28967",2024-10-09,2526.09,9488.36982954793,2600.72975736955
"P28968",2024-06-19,1408.16,7601.96100102086,2551.07769287742
"P28969",2024-07-27,7951.09,19125.0285098723,2809.99597721918
"P29036",2024-08-19,2543.03,6234.19591414213,2227.16294352964
"P29044",2024-08-22,1405.23,6061.68431433065,2638.72625297036
"P29046",2024-08-12,30422.79,9611.58484017502,2727.08256613782
"P29049",2024-03-25,3165.04,7778.39317725866,2752.38879261037
"P29052",2024-08-26,1594.88,7192.72808362138,2726.59758891307
"P29060",2024-08-27,3817.03,6741.79403645324,2553.62487102551
"P29061",2024-09-11,785.17,6162.5102713513,2143.16009089946
"P29068",2024-10-14,2869.47,6983.65260985035,2528.17784147599
"P29069",2024-12-20,2853.28,8069.44768701418,2721.65963271187
"P29070",2024-12-29,10306.27,8786.86968795505,2435.95194078262
"P29071",2024-09-02,2817.19,5827.2512887893,2276.84416548702
"P29072",2024-10-28,772.27,7338.43238002057,2575.42761772385
"P29075",2024-09-20,1088.16,7439.84966417306,1757.85408865004
"P29076",2024-09-20,797.85,7447.10514288484,1784.04254305389
"P29077",2024-05-11,965.65,6696.03815962661,1949.59602139227
"P29078",2024-08-31,421.58,7409.7093416898,1727.65732307084
"P29079",2024-07-25,1553.02,8289.13662507645,2275.57517996822
"P29080",2024-12-22,2056.93,8984.7747765119,2332.67938482918
"P29081",2024-08-09,930.35,7702.48003704362,2411.56265589035
"P29082",2024-08-03,458.4,5979.44922193577,2258.17533624626
"P29084",2024-08-29,3711.99,6091.46001192255,2148.04215016705
"P29086",2024-08-10,10919.14,5646.15341523715,2053.64828558246
"P29088",2024-09-04,1713.2,5981.63697030443,2172.94323518916
"P29089",2024-07-16,3278.06,6097.2953702365,2242.89400981976
"P29090",2024-08-07,3343.93,5982.19054919067,2248.58606000415
"P29092",2024-06-28,1564.11,5943.67837519865,2311.56892099353
"P29093",2024-08-15,761.57,8531.04285978275,3124.71985796628
"P29094",2024-07-28,536.95,6489.53309650838,2254.91879936494
"P29095",2024-08-18,32284.09,9910.44104467379,3350.80451231324
"P29098",2024-08-11,371.19,6909.89490885451,2423.70348239106
"P29099",2024-07-13,3559.14,14909.5820304322,3472.14476808497
"P29102",2024-08-08,5543.47,8785.03021131695,2180.61822667117
"P29103",2024-07-25,1731.11,8539.88141019977,2128.35113230013
"P29108",2024-08-15,837.78,7172.47645890588,2721.00129369892
"P29111",2024-01-07,4645.37,41976.0664927968,19778.9389199421
"P29154",2024-02-07,5463.48,7284.97789023769,2901.68322654568
"P29156",2024-03-08,1144.14,6949.4389410975,3027.24061085259
"P29157",2024-08-12,1308.39,6253.36030776176,2543.69204997878
"P29158",2024-03-02,2863.62,6586.03013183899,2648.567801333
"P29160",2024-01-19,13659.09,6010.17275173727,2778.8208403395
"P29161",2024-02-14,1591.25,7910.21339313834,2971.13869268017
"P29162",2024-02-10,1432.29,5829.29237305618,2809.33125308258
"P29163",2024-02-12,597.88,6695.40072434534,2960.54589121283
"P29164",2024-02-01,16717.89,7289.19146629707,2968.99466382299
"P29165",2024-02-14,20332.08,5620.90174930598,2834.60106734233
"P29166",2024-02-03,1748.65,6638.71880950122,2995.07374984303
"P29167",2024-02-17,1202.31,5589.94556266989,2788.09882998121
"P29168",2024-06-01,2721.52,4820.39279338661,2548.10837752698
"P29169",2024-03-22,2417.93,5181.49028231394,2625.50598999696
"P29170",2024-09-08,1225.29,6056.11401565008,2699.49831151338
"P29171",2024-08-26,1323.61,5696.12386439426,2711.36816132001
"P29174",2024-04-05,2203.42,6348.19123753614,2700.2204638329
"P29175",2024-01-31,4652.06,6776.29907446597,3674.9316892102
"P29177",2024-02-22,789.39,7054.35462708126,2727.99103029793
"P29178",2024-02-25,1783.67,5568.80878710288,2798.27948666315
"P29179",2024-06-08,3882.76,4790.29001476336,2565.28058591237
"P29182",2024-01-06,3313.6,4376.0078516395,2751.32887222411
"P29185",2024-03-02,5511.21,5926.7293478574,2934.77757182269
"P29186",2024-01-09,18743.11,4719.77651166341,2694.87693956117
"P29187",2024-02-23,2439.92,6179.86979814242,3111.21916541866
"P29188",2024-05-12,2212.78,4973.59260951769,2684.98347316909
"P29189",2024-05-12,1095.28,4637.06249806841,2713.99722922074
"P29191",2024-11-03,606.76,9221.89260105755,2806.40453276834
"P29194",2024-08-02,1398.24,4731.1288244719,2620.69410553678
"P29195",2024-02-18,1599.71,5559.59643505897,3006.70128823773
"P29222",2024-02-08,4687.49,5033.34429493912,2575.83761457442
"P29223",2024-04-17,11476.83,5690.23540123995,2497.77199524579
"P29226",2024-09-18,1844.9,6061.37438162541,2860.14210946249
"P29227",2024-06-06,3154.36,4540.45810643134,2449.94886568725
"P29228",2024-02-24,981.34,6324.07024471134,2642.58374908727
"P29229",2024-02-16,30938.94,6059.25241931302,3033.11088181487
"P29326",2024-03-31,868.51,4529.62767596848,2516.84933048615
"P29338",2024-08-13,1171.44,9657.72570299009,2443.18312515341
"P29339",2024-02-07,3698.97,7716.04121668668,2604.3019462675
"P29340",2024-12-17,4983.07,9091.05954150285,2378.81965514631
"P29342",2024-07-13,2900.05,6090.74412310542,2233.57227747718
"P29343",2024-06-06,1693.74,6359.91714929751,2390.98444153596
"P29347",2024-05-15,4830.74,5592.28491078139,2720.31008035937
"P29391",2024-02-15,1432.46,54908.1278185234,3640.22687530119
"P29395",2024-07-14,893.08,6527.68009037268,2702.30847623812
"P29396",2024-02-19,1691.06,51221.7244583409,3093.99386100108
"P29397",2024-09-16,7277.61,15472.5121822456,2459.01138949252
"P29398",2024-01-31,910.95,51784.5302790399,3641.45046345162
"P29399",2024-01-20,146104.95,1542815.56238416,265480.478799545
"P29402",2024-03-13,8227.19,32790.7053734962,2882.02620740893
"P29405",2024-12-30,10093.47,14962.6611670627,2144.99619142229
"P29406",2024-05-23,1424.17,15500.5949541287,2754.89502640357
"P29407",2024-11-10,1518.57,15300.9153461453,2165.18429192638
"P29408",2024-03-08,6559.78,51086.056026862,2607.54484040577
"P29409",2024-06-16,16139.91,15254.2141960847,2231.50807237719
"P29410",2024-02-10,7487.63,49903.37981894,2644.37522810111
"P29425",2024-02-25,655.6,47204.2018156174,2279.64504767189
"P29427",2024-09-15,489.88,25747.2125027196,2220.70542593939
"P29428",2024-01-18,2631.67,66061.2707972691,3636.29248153174
"P29429",2024-10-06,50180.89,746672.219027621,137746.165900171
"P29430",2024-10-13,6833.23,51141.1959675551,3396.74092655691
"P29431",2024-11-04,2207.07,40725.5469439348,3327.40557213196
"P29433",2024-02-26,2917.3,45213.836626997,3215.56633387924
"P29434",2024-02-04,15545.49,44352.5522643077,3093.39053805604
"P29435",2024-03-05,2622.03,39793.6115534869,3117.80992157756
"P29436",2024-02-06,3086.61,73120.3381712346,3766.61382846768
"P29437",2024-07-28,17027.6,18325.2133890441,2931.73174483218
"P29438",2024-10-24,10907.06,56329.6229524876,2830.29052933722
"P29441",2024-11-02,695.42,48862.3732873561,2566.72252293566
"P29442",2024-01-28,64106.35,732176.177562426,210845.764895721
"P29445",2024-03-12,1812.49,70686.1306265737,3218.2086826175
"P29450",2024-07-23,27169.19,31814.2294283402,3191.05026207885
"P29458",2024-02-24,1327.74,43867.605230943,3000.61728129849
"P29459",2024-11-29,794.16,95903.2466913708,2344.21238992295
"P29460",2024-02-19,6892.55,41840.0207113526,3018.55516704435
"P29473",2024-02-27,1992.28,59926.2307361353,3576.39856344465
"P29474",2024-03-07,26601.92,24968.7064217041,3432.06129194446
"P29475",2024-02-04,212382.96,1455559.18356864,187793.325483931
"P29477",2024-01-21,1978.37,85080.0169587914,4006.4392972199
"P29478",2024-06-12,1641.09,98570.4683123493,3451.45855290203
"P29481",2024-02-08,1152.99,80771.6357420882,3248.96175765526
"P29486",2024-10-09,11708.18,11511.3515904636,2215.11169232312
"P29487",2024-01-24,7646.06,13875.9598951997,2795.12875324707
"P29489",2024-01-09,2463.37,15142.2715488168,3635.02152256491
"P29491",2024-01-28,15578.82,14870.3103961593,3424.9555024004
"P29492",2024-11-03,1956.34,11696.5767761533,2246.55148504939
"P29493",2024-04-16,6546.28,11735.6183533122,2592.36679040062
"P29494",2024-01-12,960.98,13511.7268830001,3254.5018671033
"P29497",2024-09-25,918.11,14180.2564163302,3703.84399353391
"P29498",2024-01-06,150501.16,599195.6915364,168037.724744157
"P29499",2024-01-30,1145.56,15582.8031828132,3677.44417981341
"P29502",2024-02-13,3493.89,15441.7518262933,3651.39790785577
"P29503",2024-02-20,1528.29,22165.6700569301,3723.87560353691
"P29506",2024-05-29,1630.42,14219.4713605978,3440.65347867053
"P29509",2024-11-06,1501.23,12312.5986711806,2924.05817249801
"P29510",2024-02-19,1787.88,64234.1693637334,2388.20586141449
"P29511",2024-01-23,9972.25,71760.5293085292,2343.39041900599
"P29512",2024-09-29,7635.61,43429.3266882987,2023.16235461718
"P29514",2024-01-23,2463.9,71502.3218369258,2327.80045561138
"P29515",2024-04-06,551.79,44618.633599828,2051.55635690473
"P29517",2024-02-25,1219.2,16799.6927202699,2966.38210007648
"P29518",2024-07-25,552.01,15651.4817021896,2237.78984652849
"P29519",2024-02-10,3970.83,50224.0564795183,2686.5754592945
"P29522",2024-02-17,796.3,50591.6069050685,2841.98268180002
"P29523",2024-11-23,1562.65,15336.3897306181,2004.56283769046
"P29528",2024-10-25,1127.85,16183.065724083,2197.28818676696
"P29529",2024-11-29,1853.73,15801.1670994277,2278.6293203217
"P29531",2024-02-21,1259.68,47533.8312036736,3486.43355789882
"P29532",2024-01-19,370.7,40903.8186240518,3399.71532792847
"P29533",2024-03-05,647.87,24735.6877657652,3102.95666898554
"P29534",2024-07-17,8837.23,98483.6380004001,3124.71330280044
"P29536",2024-03-06,1895.63,34081.6583465158,3342.8355530946
"P29537",2024-02-04,635.93,42916.8799167285,3379.85400183537
"P29538",2024-01-10,5522.61,15625.1696588147,3705.66255601369
"P29539",2024-01-28,2030.71,12732.6149639383,2780.46809905757
"P29540",2024-01-18,864.52,17397.0145340155,3097.30559187062
"P29542",2024-05-27,672.01,6087.80721072124,2565.81481518065
"P29544",2024-12-06,1301.52,6227.46786901185,2512.43764635485
"P29546",2024-02-02,3541.32,8684.64300394103,2903.02189862641
"P29547",2024-07-13,374.04,8995.24704660203,2417.06689884909
"P29548",2024-03-14,559.18,6574.72149026944,2665.24264346484
"P29549",2024-10-26,4447.53,5683.54343391252,2826.49448596562
"P29550",2024-01-31,16964.63,7261.37239270963,2859.93023094209
"P29551",2024-01-20,6547.4,7201.05011159784,2717.62876389468
"P29554",2024-01-11,3765.27,7545.82670991755,2761.20830302958
"P29556",2024-01-15,1706.19,13204.8034413798,3528.81062345032
"P29557",2024-10-09,18018.52,7353.37682074296,3131.85131309351
"P29559",2024-01-12,5439.53,9160.0461488391,3229.48707868766
"P29562",2024-09-02,9869.83,7308.82375604239,2869.75927172492
"P29563",2024-01-25,1660.59,9323.46917743925,3619.9848199546
"P29564",2024-01-11,547.6,8160.01391588119,3016.81658655293
"P29566",2024-05-15,749.03,5420.04012077153,2692.29665327389
"P29567",2024-07-30,637.03,6231.28716151328,2799.84924882383
"P29568",2024-05-08,5080.9,9628.05347331396,3427.41761692957
"P29590",2024-03-17,1304.71,6997.93147964946,2159.18883630962
"P29598",2024-03-23,3436.46,6996.61781337725,2107.06066572649
"P29600",2024-01-03,3717.18,6995.27732433604,2260.28636787124
"P29604",2024-04-12,1194.13,11018.3647412828,4717.52483803891
"P29647",2024-06-09,34497.11,10678.5904880971,1886.65504569974
"P29659",2024-06-17,2508.63,8483.92557218329,3477.12676892574
"P29671",2024-01-06,934.56,6126.37472324005,2820.49967073705
"P29673",2024-01-23,2119.82,6657.3193691255,2768.59330269453
"P29676",2024-09-27,11879.14,4676.57336990234,2615.62167322948
"P29690",2024-04-18,3137.2,6286.89975756367,2550.55766769407
"P29698",2024-03-21,2517.85,9972.50370809845,4163.0776611051
"P29699",2024-03-25,17225.12,9931.96672572575,4015.26558394475
"P29701",2024-03-07,1409.12,9367.58714013396,3798.06080394636
"P29756",2024-09-06,3799.06,4077.90100037944,2509.25210006581
"P29794",2024-02-08,2240.07,6253.36689307297,3555.58958105877
"P29795",2024-01-14,30333.23,5178.44461324115,3089.61542581375
"P29796",2024-06-25,1120.97,6751.74196951917,3519.80659021856
"P29820",2024-09-17,912.21,4691.98556628244,2496.66893551907
"P29822",2024-08-20,36204.2,4513.73819185675,2277.95046589964
"P29842",2024-03-12,1192,5314.91726198419,2579.16568940036
"P29851",2024-02-22,237.27,5363.67232449921,2872.49550191661
"P29853",2024-02-23,5246.39,6314.85249362882,2915.41835638352
"P29856",2024-03-09,5253.12,6260.47702261533,3296.30044402945
"P29862",2024-01-03,14846.18,7237.86688141429,3560.08589748468
"P29925",2024-01-08,18343.3,53275.5015534516,12965.5871298417
"P30010",2024-01-30,10139.72,4561.16838497654,2430.65021946036
"P30024",2024-02-21,9329.31,9086.69724770836,2948.77440961144
"P30034",2024-07-25,2772.09,6885.33318751282,1734.74866933956
"P30035",2024-07-21,674.83,7632.6718758849,1756.30693407305
"P30042",2024-08-03,2353.9,7638.61779392431,1958.84538600397
"P30046",2024-07-25,1239.93,7201.32569135523,1865.70281595884
"P30050",2024-08-21,41696.91,8277.98000729793,1932.00086928842
"P30052",2024-05-27,893.32,5467.88264820779,2633.2343747598
"P30053",2024-08-14,2261.41,6327.06876994084,2405.0908912398
"P30085",2024-03-17,813.24,8506.40564840455,3137.82705764367
"P30086",2024-02-10,6839.22,8396.3621504809,3618.76438547399
"P30089",2024-09-03,469.08,7118.82828346973,2921.18011507992
"P30090",2024-05-10,1901.72,6955.58947929066,2937.09810162195
"P30092",2024-11-02,2981.3,8721.35919965282,2991.8238589868
"P30093",2024-07-27,2548.22,6732.06006309279,2787.14246367017
"P30094",2024-12-19,1664.78,6829.87861190705,2956.85005714994
"P30095",2024-04-25,1062.61,7272.83174068013,2851.12604424661
"P30097",2024-10-26,3726.43,7354.14304556639,2831.14884984401
"P30100",2024-07-06,3564.76,7921.35366032617,3390.78336297948
"P30101",2024-01-30,427.46,8803.96592743252,3366.18010467577
"P30103",2024-06-20,1015.12,5948.21483894473,2818.62949814738
"P30104",2024-11-11,1426.89,7694.28369911099,3435.81641891008
"P30105",2024-07-13,1928.2,6486.32889167059,2883.132593201
"P30107",2024-06-12,1137.82,6991.63257351769,2969.67050333993
"P30108",2024-07-05,16706.62,6177.29569043356,2758.49321659672
"P30109",2024-06-01,4108.31,9423.50316323347,3324.58037008273
"P30112",2024-05-03,1137.84,9213.37025077989,3215.31157193379
"P30114",2024-10-18,1164.86,8393.39792758295,3588.71052241854
"P30116",2024-10-28,7621.62,7718.9297284882,3189.03986185465
"P30117",2024-01-05,2951.76,12688.4904075987,3773.71322371801
"P30118",2024-10-17,9274.42,8492.98601915087,3046.052317335
"P30121",2024-10-20,2657.78,6381.91642465086,2844.14494760535
"P30133",2024-02-10,8257.9,7764.47782794364,2619.62062100009
"P30134",2024-11-22,4046.14,6435.56608353465,2634.17889534266
"P30135",2024-02-03,2308.93,8643.65663627814,3012.51897817547
"P30136",2024-03-08,12158.15,8272.51578424239,2687.00706390714
"P30138",2024-02-12,2298.16,8996.10041280831,2747.36788855931
"P30146",2024-02-22,6448.92,9278.60138482215,3202.52650071919
"P30149",2024-11-26,1874.48,6717.79450148494,2317.75515444736
"P30150",2024-01-12,16442.5,9086.18817815274,3241.26919886676
"P30152",2024-07-06,7038.3,6918.69638390979,2491.85026232376
"P30154",2024-08-02,11938.03,11434.9231794147,2501.41894708959
"P30155",2024-01-20,1522.56,60966.5394381451,3053.3142037366
"P30156",2024-08-16,10945.64,50617.8065518517,2595.14459703262
"P30158",2024-01-22,2990.48,13781.1384554716,2993.6749234524
"P30160",2024-05-28,8338.37,11801.044314695,3169.16643900731
"P30161",2024-11-17,841.6,16642.5180182173,2631.24332782173
"P30162",2024-11-05,853.24,16544.3488102478,2457.91909068786
"P30164",2024-08-06,3570.74,16158.8120369896,2435.41105983373
"P30166",2024-10-19,1494.31,17144.1680981505,2480.67008430069
"P30167",2024-02-18,2872.57,52306.0255882247,3101.08064903337
"P30168",2024-11-07,407442.37,1301316.43196172,204125.246720095
"P30169",2024-02-17,1068.95,55128.2460181268,3692.19344794584
"P30170",2024-01-25,747.31,51637.704768347,3280.36807015738
"P30173",2024-11-28,5716.86,41940.6623728172,2503.65479912227
"P30174",2024-01-19,6056.95,13934.3410043053,3025.94150249153
"P30175",2024-01-09,790.55,15877.5625048285,3427.18842088692
"P30176",2024-02-09,1611.87,13531.004884729,3252.80551736076
"P30178",2024-01-17,681.91,7415.67902742125,2710.70643790097
"P30180",2024-02-05,7135.46,8726.14105499943,3505.0761219697
"P30181",2024-11-14,20555.85,7651.33728048222,2729.52514282043
"P30182",2024-02-02,1690.11,7671.03198630726,2866.00040164136
"P30185",2024-02-20,1114.63,9573.80702480479,3072.9731297151
"P30186",2024-06-20,8838.98,6423.59053551068,2496.30478420422
"P30187",2024-08-13,2744.88,6381.82895882666,2401.52464553024
"P30189",2024-02-10,1978.54,8521.14616769108,2812.14842353041
"P30191",2024-02-07,4197.41,8651.69819180287,2930.55458638354
"P30192",2024-01-02,1705.68,48408.3579692739,2675.59973884411
"P30193",2024-01-17,23379.69,14403.7519972663,2947.12391905911
"P30195",2024-02-29,3948.33,12782.9155123565,2977.21195375892
"P30198",2024-02-20,569.89,13551.6555727336,2884.19903136501
"P30199",2024-08-18,21041.67,15067.745221278,2722.23521496487
"P30200",2024-10-17,1998.66,13352.3062970083,2516.43535009739
"P30201",2024-10-16,3664.44,11006.7294070907,2473.66646405445
"P30203",2024-04-12,466.49,13652.7320792201,2666.79109602333
"P30204",2024-01-30,3738.49,15091.0274597232,2735.07907337313
"P30205",2024-10-19,2483.22,10959.7120782672,2462.3726510857
"P30207",2024-01-05,14568.59,12083.4579450082,3157.80557964616
"P30249",2024-09-12,2280.86,8324.17682356526,2199.63404687905
"P30250",2024-08-30,1831.62,6361.59473996645,2939.75949734954
"P30269",2024-08-29,1454.2,20145.0978024799,2117.23541856582
"P30270",2024-08-15,502.25,7195.85588944192,2033.64349536531
"P30271",2024-09-20,1613.07,8545.45258287768,2378.39410624876
"P30273",2024-08-28,1217.65,7208.54643658614,2065.78803177572
"P30274",2024-08-21,735.04,7168.89879051897,2008.36402585782
"P30275",2024-07-06,3916.45,7657.85340304556,2153.38122298211
"P30277",2024-09-05,48751.32,20594.6389384993,3230.7561585789
"P30278",2024-12-26,2581.08,9911.50579515583,2441.62619642743
"P30285",2024-04-02,2440.1,4448.39788315818,2312.16751406293
"P30287",2024-11-17,25055.21,9071.66468019445,2465.81264866911
"P30288",2024-08-27,134813.38,7106.71411727467,2031.31830357495
"P30289",2024-05-30,465.99,6354.70912390216,2219.23239528871
"P30290",2024-08-28,1072.27,6978.62227550856,2017.49350058754
"P30292",2024-09-18,3075.87,7107.95832959789,2092.98195748436
"P30399",2024-06-28,716.03,5972.95623802483,2683.76341852194
"P30400",2024-06-25,401.11,6057.17591304734,2455.87647031963
"P30402",2024-01-01,5818.87,6469.38598726299,3155.87710269339
"P30403",2024-08-29,1304.27,9114.06578666023,2525.74377176242
"P30404",2024-06-23,1547.52,5800.23046025326,2391.10285651957
"P30405",2024-03-21,4560.41,6758.27870160917,2823.00030209593
"P30406",2024-01-29,2515.94,6787.02287441577,2729.94009061215
"P30408",2024-02-25,5267.29,7476.72025172995,3192.87980827188
"P30409",2024-01-09,494.23,8232.68890046421,3846.52640384678
"P30410",2024-07-01,544.11,8396.49468920758,2836.8177832181
"P30411",2024-01-20,14001.79,10081.8392684275,3792.39858657879
"P30412",2024-02-19,2869.13,10058.5572886657,4426.39956764889
"P30414",2024-02-09,1320.2,9735.84689048284,3365.22670425003
"P30416",2024-01-19,1054.17,12283.925896198,3826.57013135046
"P30418",2024-06-20,1200.57,8269.2964595417,3925.94730030774
"P30420",2024-01-29,1653.09,9154.32444405659,3000.51983969665
"P30424",2024-01-12,6168.55,13310.0754252043,4437.63717096403
"P30425",2024-01-05,2606.65,7795.12422864048,3168.08876889576
"P30426",2024-02-05,1810.11,8396.01473768089,3126.34184926521
"P30429",2024-01-27,3031.09,10594.4782655637,4683.00164423567
"P30431",2024-01-05,2778.97,7473.97365776432,3762.06679366195
"P30432",2024-02-15,30909.4,10672.20260378,4055.93236071585
"P30433",2024-02-08,7062.25,5591.26750606246,2666.41035838578
"P30434",2024-03-18,7783.35,9793.66634483789,3925.37369916451
"P30437",2024-02-13,388.77,6445.88443553135,2757.95113027007
"P30438",2024-04-28,2063.5,5374.27177486384,3177.38298029639
"P30439",2024-11-02,1213.95,6651.13875291122,3091.03691657328
"P30440",2024-11-08,1061.66,6794.37370726579,3045.50909738079
"P30441",2024-10-30,491.59,6130.85855490956,3026.44254724836
"P30442",2024-01-28,4396.77,6164.85905309371,3295.88636289496
"P30443",2024-03-20,3164.87,5722.30855100737,3190.35987844323
"P30445",2024-01-05,3767.72,6401.58763839222,3267.21751741244
"P30449",2024-01-14,2511.01,7349.61881935879,2619.46978457905
"P30451",2024-10-26,4386.32,7142.00983554183,2291.24930932006
"P30452",2024-01-26,5994.14,6128.13356587523,2433.1395021979
"P30454",2024-02-14,2928.16,6022.7511144819,2446.78450107824
"P30455",2024-08-15,567.03,6337.06654872867,2380.32443144528
"P30458",2024-10-09,950.38,6293.2069402952,2329.40919388671
"P30459",2024-06-28,869.78,5503.17040165701,2240.01225229461
"P30460",2024-02-09,3021.43,6314.04101060779,2497.97541076033
"P30463",2024-10-23,7894.93,8974.47892829905,2546.93019208854
"P30464",2024-08-30,896.63,6916.31395912596,1900.97358245653
"P30468",2024-08-24,2588.4,6960.30997947534,1881.56524237693
"P30473",2024-07-24,2444.21,7109.06194001128,2034.51474482638
"P30478",2024-08-12,5747.47,6099.23146539555,2243.19119324843
"P30479",2024-08-14,2006.38,6124.31287847275,2249.97841209459
"P30482",2024-08-27,406.73,6369.02862054628,2310.01002617479
"P30483",2024-01-22,2982.25,5986.79345559282,2243.36366543957
"P30484",2024-10-08,1188.57,6792.84330789051,2784.21507410401
"P30489",2024-10-09,4813.41,7552.08889544091,2722.88888177516
"P30495",2024-08-25,6169.09,12658.130399221,1853.37394593039
"P30496",2024-08-16,88690.54,12570.0823669774,1837.05770764353
"P30497",2024-08-30,5655.78,12900.683496992,1925.70659709463
"P30499",2024-09-06,3722.24,13398.5261055345,1874.84204972396
"P30502",2024-11-11,997.13,11055.0577422805,2843.81943293828
"P30503",2024-08-21,2289.75,22170.9715912163,3257.23887152487
"P30505",2024-08-09,2814.86,9257.33369916431,3179.84327154451
"P30514",2024-10-08,3914.42,7557.58685159319,3075.36351562762
"P30515",2024-12-21,9200.66,6762.63633672045,2978.66132922747
"P30516",2024-08-17,10970.55,7112.12115188883,3167.31236444323
"P30517",2024-08-02,454.31,6903.64921294605,3148.01958561073
"P30518",2024-01-10,57481.9,7833.20773154406,3807.03121573833
"P30519",2024-01-24,1474.62,7539.64976697751,3543.37852506777
"P30520",2024-08-07,436.69,6412.57971676649,2783.00672253903
"P30522",2024-07-06,1149.82,5674.89944789386,2593.98269028341
"P30523",2024-02-16,4150.74,6843.44432822383,2877.950248776
"P30525",2024-02-16,5991.63,7133.05524615896,2901.77689223317
"P30527",2024-02-05,11680.46,6174.56867810592,2934.61638254047
"P30528",2024-02-18,1528.41,7449.07593458508,3143.94824323203
"P30531",2024-02-11,2714.05,8017.26308535598,3164.08826307638
"P30532",2024-07-15,5914.44,6916.06296898559,3008.83298250501
"P30533",2024-02-16,3803.01,6635.18925029215,3080.94623096519
"P30534",2024-02-22,1029.18,7623.93327394107,3024.10391379146
"P30537",2024-10-11,7851.86,7372.15958800427,3145.68184306275
"P30545",2024-01-25,15355.84,4455.52507738974,2098.08611939748
"P30571",2024-01-14,2163.61,6196.005412788,3017.26492919071
"P30639",2024-01-22,1624.2,9431.80774783353,4113.39329819448
"P30643",2024-05-06,738.87,6230.17542629795,2793.07369577409
"P30666",2024-12-06,1161.39,5779.01902311068,2921.79726379571
"P30679",2024-03-19,1397.73,7030.16491248948,3003.29154073844
"P30681",2024-05-31,2007.79,6830.18407363114,3615.17270062565
"P30684",2024-02-23,1092.87,7099.68228960347,3655.40268104432
"P30691",2024-03-25,1225.75,6172.69404888511,2766.26647412244
"P30692",2024-06-10,1813.09,6572.02871005186,2931.2246620347
"P30706",2024-03-10,16285.05,6018.34081534051,2737.60536327361
"P30709",2024-07-23,2412.25,18995.4685107513,4086.39987905741
"P30715",2024-01-17,2136.86,6532.96843618078,3014.93964304232
"P30717",2024-03-23,15433.43,6310.77573492777,2668.54015235551
"P30758",2024-04-21,2113.81,3846.92027819806,2348.74143507846
"P30842",2024-08-16,3195.98,7208.0848140139,3128.55198242498
"P30870",2024-12-14,2249.62,7024.2634962582,2862.55282652815
"P30872",2024-12-10,4900.33,6279.93616268816,2702.65939317625
"P30912",2024-02-02,2701.26,7597.18423070956,2739.38349339445
"P31067",2024-03-11,1919.83,6769.62972475904,2797.81626568944
"P31077",2024-05-21,3349.37,5424.61283807147,2846.20284845311
"P31123",2024-07-10,2015.08,11213.0911493318,3876.91021762526
"P31229",2024-03-18,1492.48,5806.54638002344,2599.10671713906
"P31230",2024-06-07,690.32,8280.08776351327,3467.89539039742
"P31232",2024-03-09,3099.77,6625.11949957277,2790.09606880298
"P31329",2024-01-10,3284.89,6141.27418521775,2903.47632842175
"P31345",2024-06-10,4940.11,6790.26435823458,2533.74000388875
"P31347",2024-06-16,2899.25,6827.15716944614,2546.55857157424
"P31461",2024-04-24,2009.67,5683.31007923836,2527.1899452933
"P31464",2024-08-12,14570,8727.79393264868,3031.06192831984
"P31466",2024-08-16,2720.71,5754.22807710202,2754.23517994454
"P31513",2024-07-13,30118.12,30586.6899011489,15542.8361103902
"P31591",2024-03-18,10538.05,4536.10322729363,2912.36878020991
"P31598",2024-12-23,26703.81,3840.05983163788,2445.62112149473
"P31614",2024-01-08,2356.54,5022.28122032834,3065.12007047411
"P31618",2024-10-20,6610.31,5715.22614359996,2971.30527266124
"P31652",2024-01-05,612.75,41868.8188158539,4211.53049160477
"P31691",2024-03-20,11612.38,40599.2573411864,10957.6850053456
"P31692",2024-03-07,11034.24,55241.3763604527,17774.0570569002
"P31713",2024-08-12,3732.91,6263.46481266315,2966.56364988031
"P31720",2024-09-27,4646.93,5904.49813917914,2592.49692033019
"P31721",2024-04-21,2859.52,5852.36851871526,3083.47548317515
"P31785",2024-01-11,15811.52,42049.018240474,16087.6048116477
"P31806",2024-08-27,2044.43,5159.08573578953,2151.54625662253
"P31851",2024-08-02,2586.76,6990.71292064849,4000.69244812176
"P31998",2024-03-28,1782622.15,179700.188655194,70550.8100648445
"P32151",2024-06-11,2307.22,11867.5821745708,3874.98094437265
"P32196",2024-01-10,27927.08,26295.0467616886,13309.3494658871
"P32219",2024-01-12,3036.73,8997.95149663315,2683.82727400178
"P32229",2024-07-10,550.96,9236.76790363289,2458.03287411336
"P32250",2024-07-04,4717.46,50198.6420886309,23908.3834798147
"P32255",2024-07-31,7633.91,41543.7550860257,16510.5353516709
"P32320",2024-06-22,632.35,4146.47901229326,2399.29593665934
"P32955",2024-08-17,1770.27,3408.73954521335,2440.51833201023
"P33551",2024-12-15,13688.31,6670.24605625441,2871.57158784823
"P33588",2024-12-16,11115.74,8450.9625826687,2802.38180239471
"P33754",2024-06-11,3616.32,8876.2301218249,3073.16106876284
"P33890",2024-01-23,4629.7,4761.78369463053,1917.09979709148
"P33891",2024-01-26,42701.44,4745.80971630105,1900.71469605816
"P33939",2024-02-13,1925.64,68223.1088343378,11388.9468172742
"P34122",2024-06-14,4566.07,5367.10752705152,2731.17130932727
"P34204",2024-04-06,3453.63,7866.32664220904,2259.18059465809
"P34300",2024-08-27,8774.02,7052.01222730239,2483.82690396073
"P34301",2024-03-25,1792.3,6290.3495285071,3243.98581696309
"P34303",2024-03-20,2892.24,6130.17793650843,3111.91885094202
"P34304",2024-08-08,5700.01,5517.41753779568,2721.76423330816
"P34305",2024-08-19,4087.97,5988.89841903892,3009.36456081625
"P34306",2024-08-11,662.23,5989.04250789301,2762.39066058712
"P34307",2024-04-15,1781.3,6289.0902148359,3335.90223464145
"P34309",2024-05-27,736.78,7613.80516693015,3339.61046426222
"P34310",2024-08-22,839.8,6344.14113349007,2819.23860575494
"P34312",2024-07-16,875.6,7123.34314915483,3106.43612521195
"P34313",2024-09-10,466.48,6468.06580924365,2755.20440778412
"P34315",2024-07-18,1715.99,5937.96207504559,2844.61520054313
"P34317",2024-06-29,1528.45,12333.9021842619,2476.52361255561
"P34318",2024-07-05,3042.54,12019.9453894097,2496.68803016601
"P34319",2024-05-28,1290.3,7681.19385639606,3078.45018744325
"P34320",2024-04-21,2182.54,11894.0878831215,2466.50193829742
"P34321",2024-03-23,36156.74,11777.8125638602,2389.61498500007
"P34324",2024-06-08,1358.89,7485.7613191998,3038.56251350831
"P34326",2024-02-24,1522.88,8917.56192774011,3150.64205070099
"P34327",2024-04-17,1470.22,4938.82983198509,2451.20674877503
"P34332",2024-01-24,7620.59,7574.90832069122,3268.69910882394
"P34333",2024-04-13,1523.59,4609.26193133275,2264.92082021664
"P34334",2024-07-18,930.09,5699.82401624042,2462.57155220177
"P34335",2024-08-11,3336.53,4788.04403412171,2112.96880794782
"P34337",2024-08-02,2916.47,4571.16991064498,2256.54267351412
"P34338",2024-02-03,1368.51,3940.94087724842,2087.71026727185
"P34339",2024-05-20,7910.56,3817.18248478845,2250.58868020382
"P34340",2024-04-08,7847.22,7557.05752876049,3386.3293200086
"P34341",2024-05-25,327.5,4124.20712912345,2271.11523630973
"P34342",2024-06-29,2298.68,6421.63677403925,3230.87285416261
"P34344",2024-06-25,12198.84,4358.86280930608,2566.71515985294
"P34345",2024-08-27,756.58,3693.47557405034,1804.47803169147
"P34347",2024-03-24,404.1,4067.95961637434,2353.9055103885
"P34348",2024-03-18,1051.51,4068.0912046729,2353.113500248
"P34350",2024-09-25,2474.07,5643.68160856036,2582.92054320673
"P34351",2024-07-30,1270.31,4468.34717927863,2382.8521889285
"P34352",2024-09-15,9268.28,5234.4899193736,2406.95966851398
"P34373",2024-05-17,7997.77,6269.26760829082,3066.01917810372
"P34374",2024-07-02,3542.84,7502.8480143538,3322.65462780908
"P34375",2024-04-12,2095.84,5557.36267113005,2799.05985669657
"P34381",2024-01-02,19844.74,3669.97573684142,2553.96208402601
"P34388",2024-01-15,1198.15,5601.96270277295,2758.63867305986
"P34389",2024-04-07,805.38,4964.41518732133,2752.49635336988
"P34390",2024-06-26,1359.88,5957.11602009867,3212.57683134446
"P34392",2024-04-17,1670.3,4213.22035734029,2496.38992218645
"P34451",2024-11-19,5224.48,14310.3645921008,3106.90972169665
"P34470",2024-10-27,3996.33,5823.02874887897,2882.66655005525
"P34473",2024-11-05,6682.46,6153.36968656189,2893.00866815247
"P34475",2024-11-06,7342.68,5716.5217480519,2853.9810005134
"P34545",2024-01-03,4205.78,10971.6117122891,2436.68501029792
"P34548",2024-02-27,4454.28,5708.38809827708,2363.71361505389
"P34578",2024-02-28,4378.81,6974.73454093953,4058.30880207552
"P34664",2024-08-21,1263.77,8647.95912459192,3349.04756576917
"P34722",2024-10-10,3411.05,39233.5653473071,2778.33151658176
"P34892",2024-09-06,1588.62,7047.23167652855,3447.74883958405
"P34894",2024-09-30,829.21,7031.97113678381,3373.25437522619
"P35464",2024-02-12,1892482.71,222089.641175423,85829.7300607546
"P35694",2024-08-31,1761.78,6924.07401909506,3147.17739833968
"P36063",2024-02-01,526.46,6770.72811398392,2385.51041602572
"P36072",2024-03-26,1731.99,5662.44949453772,3096.12831539691
"P36075",2024-03-21,481.49,6074.6635071169,3112.41048781691
"P36077",2024-04-06,7500.41,5982.99389273635,3070.41775387794
"P36105",2024-01-29,7686.77,6593.43605820206,2968.71706737465
"P36106",2024-04-03,3690.04,13135.3512466486,5982.11551022306
"P36115",2024-02-24,3065.22,9843.31836806756,3625.3778268414
"P36119",2024-03-20,2734.65,8560.69823370495,3058.39318520752
"P36327",2024-06-27,4827.91,4490.40737504869,2944.09170948978
"P36414",2024-07-25,5640.27,7072.50714405367,2937.83247337076
"P36415",2024-08-01,3596.8,18023.6451787941,2456.78473355141
"P36416",2024-07-28,4822.09,17854.5758126395,2328.76159133923
"P36419",2024-08-18,8378.71,8301.10394760707,2800.31762238023
"P36421",2024-06-29,1839.62,8644.63223716091,2607.30700898737
"P36422",2024-08-06,1394.34,10269.6387085245,3322.10892642188
"P36423",2024-06-28,2053.73,7596.25183115199,2598.94778256946
"P36425",2024-08-17,8436.09,7113.80640331453,2648.04898421696
"P36454",2024-05-09,1804.66,6235.37353096945,2319.26932235622
"P36619",2024-09-11,3436.79,10348.6911306275,4187.54919882179
"P36772",2024-09-24,711.38,6018.2080507763,2341.82136862594
"P36829",2024-10-31,3352.67,4194.66751845356,2090.18487491959
"P36835",2024-11-11,3237.73,4228.41263737418,2111.35298553583
"P36838",2024-10-23,4219.14,4209.81399462794,2095.93402820081
"P36863",2024-02-27,1655.85,3324.37640006867,1858.47425174851
"P36896",2024-12-16,2325.86,6369.25428033313,2885.11066532855
"P36898",2024-11-29,754757.84,288248.513417751,20568.0665053928
"P36899",2024-12-04,9798.37,13912.605255034,2862.08693139255
"P37112",2024-01-04,3471.26,5254.86191504641,2731.13239206909
"P37115",2024-11-03,13184.93,22424.1569559238,5940.44543813878
"P37118",2024-10-22,2269.38,22413.0707257849,6004.37974377491
"P37141",2024-03-10,7060.28,5515.09027768145,3384.50680543022
"P37145",2024-10-28,83376.1,5308.87825096258,2665.98376780188
"P37157",2024-07-30,1226.15,7287.26148087392,3952.10848608079
"P37421",2024-03-01,1985.92,41120.195054519,2548.63658312328
"P37422",2024-02-11,5518.83,49390.6917283911,2699.21213290353
"P37423",2024-02-18,14625.93,49703.4172033595,2628.54568791975
"P37425",2024-04-18,2976.93,31625.1978890426,2403.80122823951
"P37426",2024-07-11,6320.26,6221.84330081897,2321.26133753413
"P37427",2024-02-05,1698.81,44465.5631387722,2551.82973623032
"P37428",2024-07-03,2751.86,5037.72494561941,2247.09190344785
"P37697",2024-04-16,855.98,4893.53863133281,2673.10808936294
"P38347",2024-08-18,1734.96,8156.10899018374,3267.36898756705
"P38411",2024-04-29,1462.33,7626.87248000812,2537.44671430272
"P38454",2024-08-08,2412.49,9096.10691213519,3381.92221017734
"P38456",2024-06-24,1814.03,95631.6064617048,2515.63290752865
"P38457",2024-02-08,5089.13,1447028.21855449,221466.641877933
"P38458",2024-10-30,1151.2,6191.10945458045,2719.57655730423
"P38459",2024-01-23,45443.49,39985.3074117514,2923.01697043538
"P38460",2024-01-17,4228.73,44757.3805470797,3581.07596317008
"P38462",2024-02-22,7240.26,41826.4525114025,3209.36873916915
"P38467",2024-04-19,1054.15,6816.6881347227,2292.04196570961
"P38468",2024-08-09,12514.32,31064.7941258586,3029.50143089374
"P38472",2024-08-12,7867.96,9567.54914207181,2589.14975215501
"P38537",2024-06-13,5583.96,5875.483487373,3125.94368400481
"P38567",2024-01-24,3840.98,7630.03867475341,3926.8606979611
"P38709",2024-08-10,10343.27,6377.7131125959,2408.92061759416
"P38711",2024-07-28,36757.75,8016.27889929035,2165.17122648421
"P38712",2024-08-09,3407.89,7479.80702447894,2094.51124261876
"P38713",2024-09-29,925.23,7848.4214622523,2718.83701481467
"P38714",2024-08-17,2466.78,6783.77824267882,2440.48977952484
"P38715",2024-08-25,1195.62,7346.05942065235,2614.11444746021
"P38718",2024-08-29,675.5,9339.02778591633,2074.94959155129
"P38720",2024-08-13,2802.99,8687.51059295494,2008.98695615019
"P38722",2024-09-16,12095.01,7650.8288770233,2437.29246722175
"P38723",2024-09-01,1097.97,6653.49772377853,2391.06191933459
"P38727",2024-08-22,6069.28,8196.23132789656,2142.21109448519
"P38729",2024-06-06,2557.67,7443.04221724927,2245.32928609378
"P38733",2024-08-30,465.83,8267.1337992102,2074.43783887349
"P38734",2024-11-22,9372.73,9520.77430265534,2273.04180947056
"P38735",2024-09-02,15401.47,8313.31230445265,2080.82525103288
"P38737",2024-08-23,3873.22,6388.97567785095,2832.10852097858
"P38740",2024-07-22,6244.28,7672.18383659107,2013.18246251057
"P38741",2024-08-02,1947.53,20760.4584115929,2004.78768593596
"P38744",2024-08-20,2707.85,7479.7344027399,2330.58322664306
"P38745",2024-08-06,71470.34,812378.421883449,95894.8695213
"P38753",2024-08-06,1853.54,6390.17133257276,2442.27834997973
"P38754",2024-09-08,2483.3,6769.19319507788,2453.01759721599
"P38755",2024-09-01,3748.8,9794.54086849933,2486.85500087766
"P38757",2024-05-03,516.31,5372.66415661882,2596.30597959486
"P38759",2024-09-07,728.39,36624.4208279265,2647.04223346816
"P38762",2024-08-31,1169.64,7838.99476252098,2053.82614528786
"P38766",2024-07-28,14803.01,8718.04700395341,2258.09619207698
"P38767",2024-09-26,17722.31,6925.03559343492,2892.1182496173
"P38768",2024-10-09,1210.49,9232.25747046511,2272.99819449343
"P38770",2024-11-29,884.92,9974.95443354459,2416.4356543596
"P38778",2024-09-07,2645.7,7368.36425138061,2417.10529645408
"P38779",2024-09-14,9876.24,6882.02315506007,2433.17919757199
"P38780",2024-01-09,2544.78,5947.26202931535,2615.40959540343
"P38783",2024-08-17,3125.18,6091.53313131162,2486.70732562718
"P38853",2024-10-16,2519.66,10742.3702990717,3500.27681942182
"P38854",2024-01-30,7835.07,40119.9297777383,3056.41446597006
"P38855",2024-09-13,1156.17,6174.24739184432,2711.5257334769
"P38903",2024-10-18,710.2,5875.08870151516,2254.64945388853
"P38906",2024-02-09,828.45,40392.0061865359,2878.67844501841
"P38929",2024-01-28,844.69,45881.3956284554,3542.20793434597
"P38930",2024-02-16,95427.44,1423283.39835559,279014.945256046
"P38932",2024-02-05,1042.4,52404.3281210694,3834.12803585292
"P38933",2024-02-03,3230.36,52338.3051544047,3677.70789334888
"P38936",2024-10-30,1340.38,107727.722433658,2450.01762278526
"P38937",2024-02-15,1925,137916.897680675,3068.21273498146
"P38942",2024-11-19,1623.62,19063.8591856033,3317.88143575267
"P38943",2024-07-03,1698.46,18435.8492886522,3050.97917550103
"P38944",2024-07-22,30680.29,97972.894361389,2985.62739016935
"P38945",2024-02-04,1071.18,84345.5230278508,4675.92168183986
"P38947",2024-02-12,1625.07,134087.92210717,3269.06533334668
"P38949",2024-01-29,3290.56,77474.3719973205,3272.92046575323
"P38950",2024-07-09,1358866.17,605761.216501983,145193.547372335
"P38952",2024-02-10,1950.24,14263.6665972491,3235.34909802296
"P38953",2024-11-08,1233.28,12156.6505741657,2970.37905267666
"P38955",2024-12-04,8007.76,16755.9177639787,3640.34254584236
"P38956",2024-02-06,1429,17581.3320153433,3809.23033647714
"P38958",2024-07-21,607.37,14650.0671144261,3573.06654767952
"P38959",2024-05-10,5615.15,16168.4087928698,3539.84345137082
"P38962",2024-10-31,11654.66,12823.8278705655,3371.819706408
"P38963",2024-02-12,1196,15078.4611511401,3779.46456541187
"P38965",2024-02-20,638.61,8844.41251276107,4060.97587754997
"P38969",2024-02-10,467.53,7683.63395898443,3392.69314831498
"P38971",2024-03-29,1985.25,8191.69499827013,2797.74356976253
"P38973",2024-12-05,939.42,9891.86948818756,2351.62123214294
"P38975",2024-09-25,1078.8,9403.52808793415,3361.65832793709
"P38977",2024-02-19,110131.94,445778.787437788,140777.990043335
"P38978",2024-01-24,1315.5,21130.9451728505,4423.01939567948
"P38981",2024-02-14,3944.82,12982.171164395,3074.00947894302
"P38982",2024-02-06,1356.5,11915.8618660785,2892.40308338432
"P38985",2024-03-05,5761.57,12909.8606846947,2643.12138386371
"P38989",2024-10-06,1472.09,9296.88075658261,3252.27273313704
"P38990",2024-02-11,5089.63,7335.64957056667,2901.69550280462
"P39001",2024-02-16,5053.43,7620.62276331079,3213.71063084093
"P39059",2024-09-14,4010.75,7590.10213147106,2637.69809222634
"P39157",2024-07-15,5132.56,14145.3272990298,2795.71233603249
"P39310",2024-12-05,661.33,13217.4584145196,2142.85056526892
"P39311",2024-11-15,805.81,16430.860003899,2150.5454674994
"P39313",2024-02-08,23746.03,465785.125580699,186580.33253059
"P39314",2024-12-18,9165.63,7681.83170530605,2208.50419270984
"P39316",2024-02-29,3401.61,9066.4926071137,2572.03097144304
"P39317",2024-02-08,44759.02,572559.050862211,189088.48263651
"P39318",2024-02-24,1009354.15,572082.354719645,188792.766618302
"P39319",2024-01-14,71591.53,596911.098387621,214254.937493523
"P39420",2024-06-06,2611.11,12835.969651794,3202.29983215709
"P39421",2024-03-11,986.02,15002.9291569242,3368.48106202645
"P39422",2024-08-30,4285.57,14305.9345174277,3353.39882996747
"P39424",2024-02-16,1130.91,20672.0809132951,3782.07189988029
"P39425",2024-03-05,11409.2,25156.0763701033,3066.4464257328
"P39426",2024-02-03,1683.91,10927.2085912213,2403.44251633315
"P39427",2024-03-02,1005.14,7003.3824874416,2360.81714955439
"P39428",2024-03-04,714.3,7314.32308720529,2424.46180901948
"P39429",2024-06-29,1337.56,5709.02349457612,2473.92553853636
"P39432",2024-02-26,380.64,10613.7550522012,2411.38499465777
"P39433",2024-02-07,715.42,10754.56915961,2438.04532602139
"P39434",2024-10-12,1992646.25,405112.05122091,143191.392157628
"P39435",2024-07-02,957.02,15953.8602705243,2356.66842947883
"P39436",2024-02-29,90997.96,480125.145046319,152882.378909947
"P39440",2024-11-23,98796.83,381161.380559757,132689.366983931
"P39443",2024-09-04,9976.65,17197.2209371429,2591.65519308863
"P39444",2024-02-22,93943.93,425299.013890991,142439.553573494
"P39447",2024-06-25,4232.79,12807.7377511678,3540.03724768338
"P39448",2024-02-11,18310.63,154818.56325266,3691.50730521157
"P39461",2024-05-21,2252.42,98803.9329979311,3129.15875868282
"P39463",2024-09-02,1032.3,100240.004559103,3562.14874037634
"P39464",2024-11-29,2814632.7,1369544.73540477,178947.703563903
"P39467",2024-02-01,2224.4,92479.3601995005,3230.03341090943
"P39468",2024-09-01,1321.78,54291.2457415482,2503.88902581413
"P39469",2024-01-08,17732.02,34239.9564567728,2978.028113652
"P39470",2024-12-25,757.44,11642.6257771875,2381.61213079789
"P39472",2024-02-07,38527.37,535816.667851082,183092.733627199
"P39473",2024-02-29,1549.5,13852.3603943822,2867.52385214213
"P39474",2024-01-26,4612.28,13597.6715909665,3612.17105165364
"P39475",2024-10-26,24422.21,12015.1192433143,2472.42330908542
"P39476",2024-02-17,1748.05,20465.1779231802,3151.96744845166
"P39477",2024-11-07,11813.53,52388.6448074396,2494.047216176
"P39478",2024-02-10,6987.07,76710.4572316054,3245.28911178914
"P39479",2024-11-14,1339.67,38691.234335314,2562.70778691193
"P39480",2024-08-21,840.33,53575.0459581145,2607.31248914892
"P39481",2024-10-04,10330.1,58257.2974933147,3888.64495067706
"P39482",2024-02-19,558.68,80795.4527149977,3177.79232210577
"P39496",2024-02-17,2107.02,47135.8060050796,3350.16487268477
"P39498",2024-03-14,779.86,32438.7741565835,2846.76710750472
"P39499",2024-03-06,6725.2,32499.6618289845,2841.43808780621
"P39500",2024-07-28,1102.48,27592.9595656843,2635.819874353
"P39502",2024-02-08,734.27,51905.9120373845,3478.36755978695
"P39506",2024-02-29,3541.78,50976.0695828988,2568.15738411293
"P39507",2024-02-11,1094.76,51745.5163824561,3239.75574020905
"P39509",2024-02-11,798.3,50051.9020239632,2818.7642396205
"P39511",2024-07-05,1357.17,14875.888343814,2186.23500284248
"P39587",2024-09-14,4203.85,6357.04479680035,2464.34006045726
"P39595",2024-03-14,1300.08,6006.63502403388,3858.05973015221
"P39605",2024-02-15,278.13,5748.06833308546,3144.27621873571
"P39826",2024-09-22,2437.82,4460.68001313415,2384.96153760096
"P39991",2024-05-30,11041.4,9145.30630180691,3625.8469920256
"P39993",2024-06-12,26882.52,8650.54006333537,3588.82772442986
"P40009",2024-06-17,3529.77,8568.1929855577,3608.41971019792
"P40042",2024-04-28,7700.08,42018.7358035792,15869.0537952123
"P40102",2024-07-28,2031.29,5330.57501698127,3104.64108265427
"P40452",2024-04-20,1627.02,5330.17092058765,3198.49270384135
"P40455",2024-06-19,2093.01,7358.14199472862,3404.83319056291
"P40456",2024-02-28,3465.44,14181.748687352,3560.74035222885
"P40458",2024-05-27,927.71,7056.25549724583,2811.49564918901
"P40503",2024-09-09,856.29,7609.17380513299,2639.0713797761
"P40509",2024-09-14,6029.77,6540.02243845145,2589.81247249893
"P40526",2024-07-07,1049.37,5479.8837896013,3085.66276003253
"P40527",2024-03-16,3290.53,5392.48214984646,3127.9083401726
"P40528",2024-05-28,8696.26,5832.97104325379,3430.523703842
"P40530",2024-09-06,1153.54,6246.8537199867,2970.55815017988
"P40531",2024-04-02,452.62,5332.77392830036,3092.8173312543
"P40532",2024-02-20,4460.02,6556.98154953613,3103.99889366892
"P40533",2024-06-24,2163.16,5459.9275260707,3004.56513063118
"P40534",2024-04-28,36062.66,5620.28702577936,3165.35753735789
"P40537",2024-07-31,1342.79,4835.04934284184,2488.97344987996
"P40538",2024-04-01,867.22,5024.76151404223,2849.74160935486
"P40539",2024-06-23,15416.86,4980.76822951734,2643.78427330169
"P40541",2024-05-06,7153.91,5116.33991966634,2897.84970785201
"P40552",2024-09-14,3840.72,6529.60878678478,2564.35044470345
"P40553",2024-10-05,8399.99,6405.25740792764,2550.14388282248
"P40567",2024-04-07,1149.43,4977.36912800539,2349.01481243786
"P40568",2024-02-14,320.23,4551.53079955587,2267.31572835881
"P40569",2024-03-01,1756.11,6140.35800588125,1920.87865943138
"P40571",2024-08-19,2058.11,9193.97578714879,2426.00107071058
"P40573",2024-06-03,1005.1,6809.8058165026,3020.47273638786
"P40574",2024-03-31,2703.74,6081.71647745698,2148.31797756935
"P40575",2024-04-29,30375.92,6367.78621578464,2103.06199657921
"P40576",2024-02-11,4136.1,7339.80751669092,3126.74363935873
"P40578",2024-06-08,2061.84,6745.08585988927,3043.8438286403
"P40579",2024-04-16,423.7,6093.13190021905,2039.74147001129
"P40692",2024-05-24,3089.45,22119.0605511094,2731.20845298973
"P40794",2024-03-21,2081.49,4130.70292069334,2592.70661450611
"P40841",2024-11-10,5907.16,5977.52961604297,3067.95797694159
"P40883",2024-05-24,1821.7,5817.75272232317,2909.28431514683
"P41060",2024-07-31,1119.07,34328.438185152,8047.0497505675
"P41457",2024-11-29,950.91,5951.28927678688,3277.68892179528
"P41471",2024-06-05,5155.29,9380.28276335219,4045.47178775252
"P41549",2024-09-22,420936.83,318885.511362392,18047.025755241
"P41550",2024-08-29,220411.24,317555.190709804,17862.6836320652
"P41579",2024-09-02,338645.67,290885.647527443,18581.1448277792
"P41806",2024-04-02,3856.35,6281.82110348638,4452.8153425673
"P41899",2024-08-14,2581.2,6507.34082013425,4104.34763285658
"P42005",2024-08-23,3817.29,297175.989966268,18807.8640114116
"P42049",2024-04-04,2426.97,231663.867202113,5328.1123873518
"P42265",2024-03-28,18647.21,6926.93047754784,2717.86229116278
"P42266",2024-01-29,10042.09,7278.61886347037,3395.54020210288
"P42269",2024-09-19,2218.28,7524.51162368549,3811.77687773723
"P42270",2024-11-10,942.18,6298.30932379923,2626.1418663292
"P42271",2024-12-16,957.56,6205.95722948491,2484.03147203577
"P42272",2024-01-31,2813.1,6858.62655460814,3051.69481899924
"P42273",2024-01-14,22864.43,11960.9964969445,3535.42358217059
"P42274",2024-01-11,10746.16,10759.4171696432,4588.84932984858
"P42275",2024-03-21,5643.51,7405.44338136628,3364.96894885222
"P42277",2024-02-03,6136.1,7864.15418518157,3454.1644436741
"P42278",2024-08-21,5879.52,6341.00857031876,2813.86635108745
"P42279",2024-02-28,5345.75,6750.56627614028,4249.20544948181
"P42280",2024-08-30,6671.73,7458.96632551295,3957.88530977874
"P42281",2024-08-12,7434.47,6269.98883499868,2310.35752554589
"P42283",2024-11-02,1172.97,6589.24064341263,2526.49882069229
"P42284",2024-10-03,2702.2,6923.32061047112,2640.70095084037
"P42285",2024-05-09,591.78,6247.72644749263,2679.71190025656
"P42286",2024-06-29,2139.22,5954.25444935513,2601.23506786536
"P42287",2024-08-14,700.17,6210.92092438103,2474.94373154334
"P42288",2024-02-04,1906.75,6949.9013284719,2939.28526760565
"P42289",2024-06-08,3419.22,5994.06739734252,2587.87746895241
"P42290",2024-06-27,2081.53,5573.91867956563,2309.85089490413
"P42291",2024-10-21,23220.56,6534.35990229281,2290.31640215057
"P42292",2024-03-23,830.36,6902.76820249375,2294.96497263356
"P42294",2024-02-19,2463.44,6761.33217352708,2628.19313066919
"P42295",2024-04-08,6569.82,7005.09803404511,2573.88881155695
"P42308",2024-02-21,1459.19,9469.07168262787,2637.25361523022
"P42313",2024-02-11,5121.23,6518.49440430403,3015.26466116718
"P42355",2024-08-21,3416.66,7997.05088256961,2697.4496312923
"P42356",2024-10-07,10997.32,7313.35442578279,2741.60563939863
"P42357",2024-11-17,2256.09,7646.43293871183,2692.00124243508
"P42358",2024-01-09,9983.37,7072.69528994383,3536.30079089681
"P42359",2024-11-04,585.83,6747.1624321542,2652.25735186343
"P42360",2024-01-21,3668.75,6790.25599636354,3439.09995420972
"P42361",2024-01-09,1828.81,11902.1843335289,2749.25154899398
"P42364",2024-08-14,2022.74,5954.57015029352,2511.8991427372
"P42366",2024-01-20,3011.33,11695.4360893515,3667.81092682003
"P42367",2024-10-28,18065.58,5353.2150354204,2648.35421774161
"P42368",2024-04-30,19443.62,5950.4316083273,3622.96472409124
"P42369",2024-02-01,17856.1,5887.84709694844,2947.04297403018
"P42370",2024-02-10,4424.9,6161.43204296924,3550.43621050596
"P42372",2024-11-09,5854.71,5171.00923155947,2711.21309228894
"P42376",2024-08-23,3649.22,5973.71034739981,2890.20845015789
"P42377",2024-09-14,403.75,6020.80997568246,2961.31729974982
"P42378",2024-01-26,1363.26,7694.44174657494,2724.86908923441
"P42380",2024-01-09,1376.71,7305.78794071523,2898.12005513046
"P42381",2024-02-25,1568.61,5783.11866208212,3053.95466438085
"P42384",2024-12-11,4806.62,10521.416190587,3800.01707192175
"P42387",2024-02-04,7732.52,10646.3293411126,3855.48286215385
"P42389",2024-07-30,2797.68,8914.64134406008,3862.93161548319
"P42390",2024-08-04,1847.76,5663.54775441935,3183.33750654082
"P42391",2024-01-29,1741.64,6258.5251648146,3867.67915905769
"P42392",2024-10-18,592.21,6090.68128150833,2996.22857485714
"P42402",2024-02-24,1558.28,6668.61089512303,3035.22543875025
"P42404",2024-03-07,3319.41,5879.62907960921,3006.68023271375
"P42405",2024-11-04,4150.61,5682.27810918448,3050.09221368067
"P42406",2024-02-28,1868.05,6561.09284032025,2988.86610595132
"P42408",2024-01-30,914.71,6017.0122769423,2353.69196060477
"P42409",2024-03-03,420.34,5899.87405096894,2280.41268343132
"P42410",2024-01-13,1095.33,5630.19503443141,3466.84578375444
"P42411",2024-02-09,39141.14,6011.49888640636,2914.85243983452
"P42412",2024-11-16,31544.67,6573.79355269283,3469.93980953371
"P42413",2024-08-30,1241.58,5594.13817363227,2668.85049140896
"P42414",2024-11-18,3931.95,5591.38717953994,2746.70588455009
"P42416",2024-01-29,981.17,5824.04372682158,2841.54706141133
"P42417",2024-01-23,8918.24,5501.88388666525,2768.59260925151
"P42419",2024-01-28,1241.91,5470.32900263293,2838.30288894269
"P42420",2024-02-07,550.38,5548.76660417367,2774.40477981431
"P42421",2024-08-06,1327.71,5512.28511099961,2646.30878425135
"P42427",2024-03-08,2390.41,5310.09240027056,2812.93152651775
"P42429",2024-01-11,3110.69,5255.47228885303,2998.12304474695
"P42431",2024-07-11,1505.03,6150.37335683023,2806.05661861102
"P42433",2024-08-12,14201.66,9352.2860673991,2505.24921824001
"P42438",2024-06-17,2169.53,12168.0330714022,2151.64708682695
"P42440",2024-08-07,106180.49,12558.9405901897,2041.72827274124
"P42441",2024-08-07,56351.5,6183.10687605372,2390.80081166103
"P42447",2024-08-17,16160.69,7011.17227042152,2810.86475562865
"P42451",2024-09-05,3736.24,7337.94896432824,2973.63111146536
"P42452",2024-09-08,834.59,7669.39755296934,2464.60275005925
"P42453",2024-09-20,1138.49,7582.76885921972,2479.31480517917
"P42457",2024-09-20,3756.34,7646.66495659006,2495.77615655866
"P42462",2024-07-29,118491.61,7023.38257428729,2699.29414777063
"P42465",2024-08-18,3835.66,6964.9712231488,2538.29184616544
"P42466",2024-08-21,67727.11,7444.4706385232,2488.6710193706
"P42468",2024-06-24,10898.71,5923.55070746825,2581.73210574032
"P42469",2024-08-06,2854.09,6098.85824598948,2463.84351534104
"P42471",2024-05-17,4534.45,5624.65575939559,2747.70055487022
"P42472",2024-08-28,28103.72,7725.3742282295,2559.03379154865
"P42473",2024-08-02,9356.84,6471.43656707811,2473.12976514582
"P42475",2024-09-21,342.54,7945.89743000151,2887.3687819744
"P42479",2024-08-19,23115.86,6617.51849292964,2838.61587213187
"P42483",2024-07-19,5818.33,7965.54536412956,1868.73454272917
"P42484",2024-08-08,1018.4,6414.96735436274,2903.39522754215
"P42485",2024-08-12,2545.61,7250.3167247202,3165.48897992272
"P42492",2024-09-13,1484.96,10367.1041469875,3665.18902357115
"P42494",2024-08-07,636.38,7115.22757889005,2365.66329394527
"P42495",2024-07-17,23299.27,6299.88569355305,2313.44251607327
"P42496",2024-08-08,11526,10896.8255982477,3579.23466305124
"P42497",2024-06-04,1046.78,7413.60640162798,2821.07089026715
"P42498",2024-07-14,1259.21,7076.43161979332,2675.7840771009
"P42499",2024-07-19,1171.19,29159.9697059613,2679.07478426265
"P42500",2024-08-27,7733.94,8838.98598636104,3089.22086612949
"P42501",2024-07-12,2362.82,8272.66944406452,2636.44871659368
"P42502",2024-08-08,1287.4,7915.93520121125,2832.71047578654
"P42504",2024-08-02,391.06,8107.73234243764,2658.94215686744
"P42505",2024-08-10,915.89,7910.89536561397,2624.70080678949
"P42506",2024-07-12,519.65,18116.7809907244,1932.47285485525
"P42509",2024-04-21,503.06,17694.7488503282,2304.27698158159
"P42510",2024-08-03,3510.22,18995.1985844017,2087.77065497781
"P42515",2024-03-27,4279.18,6050.85120534816,1978.85682138627
"P42518",2024-07-14,1063.6,7524.81459396545,1992.18545052822
"P42519",2024-07-28,2190.44,8212.04091004097,2057.51170798971
"P42520",2024-07-15,38845.76,8946.7600067687,2021.21007360822
"P42522",2024-11-08,909.21,9573.31393766489,2226.3106650352
"P42525",2024-02-16,115276.71,7129.14416485613,2109.39609189381
"P42526",2024-12-24,956.7,10905.9871998805,2185.43645721205
"P42527",2024-08-10,1498.06,8396.76238842915,2373.2825667943
"P42529",2024-08-17,1643.58,7063.82180610624,2290.25459418596
"P42534",2024-08-18,2725.7,8739.11411902872,2234.31888192927
"P42535",2024-07-22,718.47,20360.5411089182,2072.23396854255
"P42539",2024-09-01,13153.66,9519.6193746388,2409.58990440484
"P42541",2024-08-11,1433.29,6885.95247003937,3115.12613613607
"P42542",2024-08-06,1603.42,8069.29415527205,1956.6811885171
"P42544",2024-08-07,2657.51,6787.36804246703,3019.33255958901
"P42546",2024-08-07,10013.39,6992.26871406288,3131.89415010149
"P42547",2024-10-11,24963.24,11755.7175615568,3269.70469418861
"P42548",2024-09-23,2596.69,9816.79993394734,3124.16206230161
"P42549",2024-07-18,3321.12,6518.48218743671,2803.75807783271
"P42551",2024-01-23,2143.12,6813.44008948177,2987.20707573516
"P42552",2024-08-10,12639.98,7560.11695956156,3090.21067991184
"P42555",2024-07-25,601.08,7335.08476530323,2662.56979634478
"P42557",2024-07-31,3661.36,7763.64298966399,2791.11451504031
"P42563",2024-12-31,1704.71,10106.4372339961,2837.90374610518
"P42564",2024-08-16,23540.6,7910.99543691588,2502.5319505295
"P42565",2024-08-03,1070.05,6023.70352285101,2213.13482189827
"P42566",2024-07-31,1806.33,5799.66422900643,2177.22292134328
"P42567",2024-07-25,2488.75,5796.77756943605,2121.34571404257
"P42568",2024-08-01,11647.42,6160.72935247982,2190.84719267797
"P42569",2024-08-26,682.81,7207.99373497835,2513.94938038468
"P42572",2024-10-11,4930.69,8217.77929580839,2841.67597652166
"P42573",2024-12-05,799.57,9383.41110595589,2564.61715796322
"P42574",2024-07-23,694.67,7202.12508814173,2387.68726006691
"P42626",2024-08-14,1105.09,5700.64724531873,2918.2718966119
"P42812",2024-03-11,9808.41,3614.10421649869,2356.47656972675
"P42853",2024-04-19,4225.67,4675.17447267143,3264.18312862222
"P42913",2024-10-09,1821.64,6536.34000504171,3018.2226508123
"P43183",2024-06-22,7503.06,7613.41874099259,2766.59067712586
"P43184",2024-06-18,425116.57,298242.060425787,20667.8989258365
"P43213",2024-12-14,405966.5,324194.251323657,20937.1760082714
"P43536",2024-12-24,1449.29,7239.7706839832,3015.84821949514
"P43540",2024-07-15,3398.93,8470.67218023958,3540.48136015175
"P43595",2024-04-02,44050.89,34940.776461568,15443.4373952884
"P43745",2024-06-04,6207.53,16387.6936606347,3617.24938310237
"P43779",2024-05-26,1919.24,888805.517762286,2999.99911566173
"P43821",2024-07-16,1763.24,5564.21754967092,3035.16286259845
"P43887",2024-07-28,4703.08,524125.005244521,3627.28058291957
"P43888",2024-12-19,1482.24,10255.5213686033,2000.65802835584
"P43908",2024-10-03,4156.14,576448.345027451,2605.65677209341
"P43981",2024-10-17,2562.56,580029.309881167,3275.99577117884
"P43995",2024-04-16,3362.1,155138.448526134,3351.13558010146
