"pipe_id","leak_date","actual_cost","predicted_raw","predicted_log"
"P01002",2023-06-21,3331.32,9196.8510727754,1926.58277350023
"P01054",2023-11-02,2483.01,6693.44307954882,2388.11101611006
"P01066",2023-02-06,2233.48,6825.17447904924,2104.44753475641
"P01078",2023-04-28,2711.21,170101.173643032,6965.60236730885
"P01112",2023-12-04,3639.79,4775.78722693058,2193.63115247406
"P01140",2023-01-01,1990.24,148915.361898197,7881.95506713875
"P01148",2023-09-03,2580.38,3204.72198073856,1848.15342936622
"P01161",2023-03-07,1764.52,237881.764624347,7884.98046852917
"P01166",2023-11-22,1436.41,232493.474175831,5128.57891555248
"P01238",2023-08-16,2018.46,15078.2189842205,2251.14256848376
"P01317",2023-04-28,1171.46,47948.458290035,2412.31334177507
"P01350",2023-12-09,1676.35,143677.935254963,2625.27001438604
"P01380",2023-10-21,2251.36,249139.676834311,10719.8099943841
"P01452",2023-04-23,1553.62,34621.4645119448,1950.70383649029
"P01571",2023-07-11,4283.21,5143.13343044633,2397.30602123254
"P01689",2023-07-22,1734.24,288716.060290233,8158.52018100064
"P01720",2023-10-11,2585.25,28167.0139648414,3006.74459182276
"P01767",2023-02-17,1911.03,6589.00758335254,2305.34433884988
"P01803",2023-09-24,1201.55,262462.114231985,3403.84955006483
"P01805",2023-03-27,4149.17,177642.019425416,7614.99407228969
"P01813",2023-12-22,2645.65,577294.083056404,6319.23812053218
"P01815",2023-06-26,22434.95,5826.83189861651,2935.44768444935
"P01836",2023-10-06,24893.97,8652.53558166318,2484.65277330934
"P01838",2023-11-20,2653.57,12056.1623371547,3539.15437398435
"P01846",2023-03-31,1346.65,7102.04383947686,3506.07749121098
"P01922",2023-08-19,156231.95,28326.1156867809,5328.71485050612
"P01959",2023-11-24,2950.04,3229.98171617131,2202.12725006339
"P01978",2023-05-28,1814.43,26725.0932616266,1791.41624634189
"P01986",2023-01-18,2514.58,174782.679859773,11861.8197890171
"P02000",2023-12-24,2272.79,556809.867405121,11987.7545005867
"P02031",2023-01-05,56916.32,25570.2001454248,2264.09980286475
"P02032",2023-01-03,2668.66,304889.776613012,7418.83508300617
"P02062",2023-04-04,2057.7,19774.4200590979,2367.79951325763
"P02085",2023-06-22,2235.08,17492.7222866917,2255.63681765582
"P02099",2023-06-08,2239.92,4266.72337967573,2290.16601788576
"P02155",2023-04-17,1949.66,14228.3747761435,1970.35188858663
"P02191",2023-07-22,44763.36,303586.508144987,7121.46284021679
"P02227",2023-03-06,1437.14,169587.753167596,6927.70370720385
"P02245",2023-11-16,4986.33,6523.14519979446,868.354920314075
"P02246",2023-11-14,12884.73,4741.55133977021,1205.5603104964
"P02316",2023-05-27,636.71,112506.931921872,2997.33514870172
"P02318",2023-02-25,2084.15,11066.401544958,2184.50194294807
"P02364",2023-03-06,2852.02,641241.662899247,6448.45043102283
"P02365",2023-01-08,1686.1,504970.504361563,2246.44687432445
"P02410",2023-09-25,1962.7,20318.3265775492,2193.25494199773
"P02412",2023-02-22,1489.2,27956.4853129621,3771.67183606128
"P02432",2023-06-11,2730.38,10145.4955401798,1581.52166623245
"P02545",2023-05-25,1586.61,22677.001606877,3733.97148659433
"P02600",2023-09-19,3503.16,165704.489381103,8023.93284424021
"P02649",2023-12-25,68.32,53842.9469465127,3340.10927069075
"P02663",2023-10-19,4059.44,745775.138426499,5813.13926472605
"P02665",2023-10-02,3474.16,3902.07284509653,1950.91874050475
"P02666",2023-09-30,3908.96,4460.13815285911,2178.69590325511
"P02667",2023-09-14,6701.88,6848.13631725061,2350.07010547927
"P02670",2023-05-10,3734.8,7021.85276606722,2081.93245902826
"P02674",2023-08-25,2182.1,6030.43466287258,1909.7707552527
"P02707",2023-10-22,5802.07,491410.07610923,2158.27142799237
"P02708",2023-10-10,4826.35,475226.074728658,2392.68638595122
"P02717",2023-12-20,3741.77,2870.21156533306,1937.11906559616
"P02728",2023-06-20,1795.66,72411.1151600506,4622.26361307363
"P02764",2023-09-24,4495.85,17689.4951274236,1985.7827296316
"P02864",2023-08-15,1341.18,4673.16079047331,2359.47014076316
"P02878",2023-02-16,1616.31,55897.9602567623,2746.22105537358
"P02908",2023-10-30,2048.94,15185.8561225275,1443.17952254309
"P02912",2023-05-13,2859.02,68784.404002254,2099.18555342395
"P02914",2023-11-24,4564.7,3615.20266169996,2175.54787647555
"P03008",2023-05-12,1359.56,36334.9417962982,4552.07015228558
"P03057",2023-01-22,1976.54,16862.3022553251,2545.18998154632
"P03076",2023-03-22,2164.83,4348.1037350207,1479.42804739916
"P03259",2023-09-04,2332.62,60422.9530985147,4081.957953795
"P03314",2023-03-12,3077.37,32957.1018874245,4811.75015117356
"P03349",2023-05-02,4301.55,35508.2183157913,4170.03649473954
"P03371",2023-05-09,3165.9,34258.3379474082,5313.92368061241
"P03387",2023-10-23,1534.65,744057.42551087,6427.55499647249
"P03388",2023-11-04,18048.77,807931.811614668,4370.45399079204
"P03402",2023-09-09,2522.11,242611.224881204,9368.19440102608
"P03412",2023-10-24,24860.25,24074.6971444106,4300.28355271102
"P03485",2023-04-29,3199.7,241339.638416811,9825.70287522597
"P03490",2023-01-24,4399.24,18967.9842272875,3095.13824639845
"P03493",2023-08-05,1606.84,8022.82159674616,1351.01427408965
"P03591",2023-06-29,1551.75,89263.0248315663,2928.21694411539
"P03655",2023-09-19,11115.52,4064.22044705919,2241.70039847759
"P03702",2023-07-21,3174.49,635431.430103714,4692.41144157713
"P03704",2023-06-13,2119.8,635258.743435271,4642.36618796757
"P03791",2023-03-09,1366.03,24562.4077580351,3081.43700198588
"P03798",2023-03-28,1607.77,33890.2982868803,3310.75038838414
"P03881",2023-04-21,1286.14,159006.476422503,7156.9965573134
"P03884",2023-03-01,2056.5,151345.129057081,6358.94792336404
"P03917",2023-04-05,2122.65,290207.36747616,11403.1817520799
"P03986",2023-04-11,2790.12,21433.9033175431,2631.84419649765
"P03988",2023-10-25,1373.75,6616.88329267115,3714.38229398685
"P04074",2023-12-19,1558.27,190000.697937372,17621.5395299153
"P04076",2023-06-22,2938.92,29637.7744482974,3696.74481879857
"P04147",2023-02-21,1785.7,297778.174037003,8565.25133606662
"P04152",2023-12-25,2478.34,123844.25943394,4179.60258445873
"P04184",2023-01-28,12587.59,5089.11705458222,2359.23521479179
"P04186",2023-06-10,1176.59,5252.55658285521,2385.70828826753
"P04221",2023-04-01,1892.18,151522.135095143,6481.63844619967
"P04224",2023-07-22,1905.24,8398.01172498305,2298.9091017193
"P04249",2023-11-17,1957.26,7952.97363277341,1740.65193565185
"P04262",2023-07-23,2081.67,17264.1500174054,2405.58613826501
"P04289",2023-06-26,2353.42,33889.2930560218,3841.44775661591
"P04293",2023-01-28,2120.57,105492.27135275,4688.33580537205
"P04305",2023-06-12,1613,7350.9018423127,2621.00258111475
"P04306",2023-04-23,1705.39,7233.92231770402,2621.53759199076
"P04308",2023-07-02,7350.07,4929.97492367715,2396.71371496783
"P04311",2023-06-06,1980.72,145715.687716406,5908.70822132388
"P04416",2023-03-17,2289.75,164309.542910785,7704.65170512961
"P04417",2023-10-04,4052.61,239358.716432928,8021.46032820896
"P04467",2023-06-15,2451.76,67407.0551416927,4361.63260262709
"P04495",2023-12-20,3540.9,561190.837153832,6261.73312978778
"P04496",2023-10-19,2383.99,22861.1771382792,4414.75143356215
"P04521",2023-04-24,3262.91,280412.301441034,6934.19398621395
"P04535",2023-01-25,2309.38,3777.70386452203,1918.16648075203
"P04581",2023-08-23,5438.25,29695.2887666967,5508.24044291544
"P04600",2023-06-27,2071.65,18973.3712049483,4311.72226788947
"P04698",2023-10-26,3197.73,4125.14252958768,2293.8061590983
"P04701",2023-03-12,178.4,7333.23491272746,3490.55063497961
"P04707",2023-06-26,4266.48,4281.3110707453,2317.70252023829
"P04752",2023-10-14,1784.11,29894.7905092924,1921.61741959502
"P04754",2023-02-23,1895.72,30334.5500668717,1921.61741959502
"P04801",2023-10-08,2537.26,4792.78756956332,2400.19773247778
"P04860",2023-10-25,1317.15,338246.74417657,2503.93687367065
"P04861",2023-01-12,2061.16,15470.7418565553,2440.82425892203
"P04862",2023-12-08,1731.96,338075.603555404,2478.36074703759
"P04865",2023-04-10,1755.76,18774.0898365273,2503.93839220985
"P04868",2023-02-25,4271.32,42983.5871335208,4492.68186207602
"P04869",2023-05-02,2923.31,45851.8317244894,4528.64038739657
"P04986",2023-06-30,3036.43,24584.7586445756,1943.21642641113
"P05007",2023-02-21,960.04,3774.68753229301,1012.98552356461
"P05036",2023-11-06,3283.7,6984.77679700175,2042.65985594386
"P05040",2023-04-09,1587.47,326264.510423951,5780.00110791725
"P05042",2023-04-26,2552.61,486718.82652718,9560.03859867728
"P05043",2023-09-03,2450.28,58863.088059989,1957.56841003298
"P05047",2023-05-23,297.38,6637.04956802066,3444.03033994189
"P05055",2023-08-10,1860.11,16997.1339648357,2064.04077476583
"P05060",2023-10-07,1127.02,9082.15909018311,1039.73262405255
"P05103",2023-09-25,2184.3,5704.22280546612,2928.01797004901
"P05106",2023-05-25,2305.02,5546.73152865822,2643.70311978396
"P05128",2023-08-10,2910.28,29832.742218003,4919.25425280558
"P05134",2023-03-24,2418.94,6949.45030651242,2893.60936956181
"P05139",2023-04-30,1657.3,8718.04591628553,4567.49409624089
"P05140",2023-09-30,2949.68,25315.2035279906,5330.90488815317
"P05163",2023-02-11,19221.58,322238.761835986,156643.207630077
"P05168",2023-06-06,2363.22,247291.915373444,8643.05778314262
"P05229",2023-11-26,2331.25,7239.73250869456,1768.15166577014
"P05323",2023-01-08,1536.65,49194.1032376497,2370.26309287657
"P05402",2023-04-14,1696.16,8970.94775906884,2435.73893177883
"P05432",2023-06-19,1715.48,117855.989538289,2550.28873270032
"P05435",2023-02-26,3426.5,5481.73362067064,1606.04846055281
"P05447",2023-05-04,1060.77,10440.5243716023,1416.93138118424
"P05448",2023-08-21,2566.12,12072.7740498781,1421.1856255866
"P05458",2023-05-10,1876.37,6851.65383878831,2379.39565432836
"P05476",2023-05-19,1629.39,5227.37304882311,1572.65873966155
"P05486",2023-07-11,3714.77,9289.05170834186,2712.51473634204
"P05504",2023-05-17,1289.48,15384.509252104,5246.04500406549
"P05551",2023-03-20,1588.9,7464.22407060109,4375.93452067317
"P05560",2023-05-25,1839.2,45404.7097479566,22106.2696953496
"P05575",2023-08-02,35391.8,23542.7192920264,5695.16098381364
"P05576",2023-08-10,24290.92,26057.5700847869,6150.73048416172
"P05594",2023-11-28,1076.23,6534.86055108595,3979.23426009645
"P05608",2023-06-12,4478.52,14968.9593096966,1857.14362655074
"P05758",2023-07-19,2216.75,61524.746168463,3405.75633795235
"P05769",2023-10-20,1468.55,61670.4449211153,3698.9693504277
"P05800",2023-04-26,1310.02,10399.3906298634,2718.13794379581
"P05828",2023-06-29,1710.5,17351.018896849,2613.83890270223
"P05834",2023-03-03,1517.47,67656.7332365087,6788.20086765295
"P05924",2023-10-07,3146.38,240168.914350174,5275.10255793673
"P05925",2023-06-05,2336.12,269873.614079414,5549.67268608879
"P05970",2023-04-30,2734.39,30271.857951539,4538.20141751137
"P05978",2023-10-24,3681.11,4260.80035407748,2336.806803163
"P06017",2023-01-22,4247.39,120586.099555882,3807.92034990585
"P06030",2023-01-20,3277.01,85837.6886234087,4194.84521157675
"P06072",2023-12-21,2732.25,590883.752916237,10690.6886448708
"P06077",2023-07-18,1052.9,37524.1836587159,4713.08804444232
"P06124",2023-05-20,2074.48,37085.0084687905,3273.83726477474
"P06182",2023-05-19,1524.22,20313.7156320715,2268.67798398249
"P06184",2023-11-08,2289,7826.22447662828,2647.60443049746
"P06189",2023-06-12,54012.54,7870.90842685056,2646.74685961833
"P06193",2023-11-04,1147.42,6783.60323833459,2390.85242891203
"P06200",2023-03-25,3406.1,66078.7733343555,17898.4634607895
"P06235",2023-04-28,1396.21,304170.194376277,7497.87611703306
"P06245",2023-07-27,3182.95,57033.4714398761,1821.72290087523
"P06287",2023-04-19,1369.19,6127.54893837049,3064.06108211251
"P06292",2023-03-23,2703.64,222569.292217928,8302.53715579402
"P06302",2023-05-26,1793.42,272928.315254032,11096.0230535524
"P06312",2023-07-02,6892.34,4874.92424355771,1242.28994290575
"P06314",2023-06-12,15755.77,334978.86413859,5605.61592642915
"P06315",2023-06-28,25473.48,8309.87754821382,1817.93197158132
"P06331",2023-06-05,4445.04,8707.3794595196,2258.93678818361
"P06370",2023-09-12,1730.45,3876.67082999254,2254.02144791422
"P06425",2023-01-16,2461.71,15979.0017417432,5536.48671532814
"P06437",2023-04-02,4966.57,13345.5187523769,6518.11560303669
"P06454",2023-02-09,1669.77,10778.3309336533,5699.86582976362
"P06764",2023-01-06,508.01,13079.322279327,5216.88374780977
"P06802",2023-05-07,341.58,18200.7505601602,6816.45879905283
"P07084",2023-05-09,1062.13,10059.9970985814,1837.89497663509
"P07090",2023-12-24,1280.77,9472.78782568929,2193.144422811
"P07131",2023-11-21,1183.97,11419.5848283928,2103.36062465187
"P07177",2023-03-26,12886.6,18235.6143182931,5684.65107462489
"P07302",2023-08-07,21974.87,44529.1724834227,5355.4430806601
"P07333",2023-11-13,883.86,69386.6135992799,4922.27395600493
"P07468",2023-03-31,683.26,9232.02271252487,2191.87421894131
"P07632",2023-01-29,1266.94,11164.0986147503,3306.99574542184
"P07949",2023-01-03,15320.98,11620.4389897662,5724.22897582971
"P08016",2023-03-24,1113.83,77533.1860954427,2635.46748218874
"P08140",2023-04-03,1515.01,13502.8098322255,2632.58011138628
"P08142",2023-03-31,1000.56,13008.4978866969,2535.74971362991
"P08275",2023-09-14,5047.3,9986.56358489332,2403.63110117755
"P08337",2023-04-18,25420.65,58096.6676187606,21579.7397403898
"P08398",2023-10-09,763.37,10563.6114632089,3656.47299818483
"P08496",2023-03-30,3036.49,9073.66802114215,2269.50052339075
"P08497",2023-03-13,232393.21,257560.569672014,47731.3887155154
"P08525",2023-01-26,13927.57,17974.2978957422,6203.83588907328
"P08540",2023-10-06,2796.7,16217.1655989475,5550.06890082077
"P08551",2023-02-28,8458.07,13494.9119467903,7046.19317178327
"P08940",2023-01-20,1725.72,12727.3585092417,5754.4316545172
"P08942",2023-01-17,41014.78,209877.999580372,87399.2471196814
"P09041",2023-01-08,1851.89,9993.72154245694,3335.19801909452
"P09042",2023-07-10,2026.82,21659.3895401437,2544.11208439347
"P09096",2023-11-01,12513.61,14061.5543428467,3192.47651861214
"P09568",2023-12-04,11534.85,17163.2551891331,3373.13843189414
"P09724",2023-11-02,2515.68,18517.3798196209,2698.92639864126
"P09725",2023-11-09,10667.64,18334.7052593578,2673.31990651575
"P09897",2023-10-10,1713.82,31397.5167646695,3922.02277091305
"P09898",2023-12-27,7563.37,7945.26202404044,2574.75685488518
"P09900",2023-12-10,31629.81,6373.77944843021,2523.43161539547
"P09901",2023-08-06,16515.55,3579.00919631419,1946.58537939839
"P09902",2023-08-22,10155.95,9303.02619481475,3599.61809553094
"P09904",2023-11-18,3497.27,9415.91253820835,3514.96582258195
"P09922",2023-08-17,1735.58,27129.8359483737,2743.52876777014
"P09924",2023-10-14,1493.28,8174.56908865112,2639.96628431422
"P09925",2023-04-19,1974.82,7157.19719242973,2735.19164927844
"P09929",2023-12-12,14163.63,11687.8459526242,2627.14669012426
"P09932",2023-07-16,5765.43,32135.1190311807,3963.13248510542
"P09939",2023-08-09,14447.13,6934.95377499636,2660.90040046515
"P09941",2023-11-05,713.82,8254.38164672821,2498.10793969659
"P09942",2023-12-29,3741.47,9472.91944141449,2565.05822072484
"P09943",2023-06-01,1298.21,8078.76203265278,2728.61092015329
"P10039",2023-05-02,17235.74,8489.67265285977,3190.09302743277
"P10058",2023-06-09,493.86,30839.2054740429,2663.1855697988
"P10059",2023-06-01,1194.93,11769.1524184234,3684.26383648192
"P10064",2023-03-03,1376.23,14690.6488227666,3668.39031992004
"P10077",2023-02-23,1594.79,276063.420315727,12874.5407423847
"P10219",2023-12-21,8720.44,77844.1030875878,25912.3816283458
"P10438",2023-11-15,2306.58,6279.47400110505,2892.13903069713
"P10451",2023-12-30,1313.02,7831.31414883113,2548.79931444288
"P10490",2023-08-10,1318.11,85656.7075891037,18793.7864960784
"P10724",2023-10-16,27701.67,50687.4447010475,20832.6870622741
"P10787",2023-01-13,4513.7,12253.2377304809,2309.38493990134
"P10815",2023-05-03,6297.76,35907.8866269853,3007.4073073161
"P10818",2023-06-02,15095.25,15206.1071246899,2790.96681138385
"P10819",2023-07-16,1649.35,16026.53477926,3198.22565349357
"P10820",2023-06-14,1645.7,18140.4415800148,2975.56175184534
"P10822",2023-06-07,1266.05,16637.271587285,2957.3205188099
"P10823",2023-02-19,1436.79,16126.5235241846,2364.26572745078
"P10828",2023-08-11,1674.66,20146.847047201,2733.6065555944
"P10829",2023-09-23,15412.57,22404.1992537813,2737.28145444041
"P10830",2023-07-07,7380.33,155522.656149184,4911.74304369787
"P10831",2023-09-27,974.38,22928.9096348567,2534.74214307631
"P10833",2023-05-31,1821.98,16207.2930048335,2674.44890555933
"P10843",2023-09-23,153617.54,60587.5598439382,25479.1405978802
"P10868",2023-12-05,1089.76,8714.90585013844,2405.68943728298
"P10977",2023-11-24,1938.55,6654.05334155329,2319.73955585978
"P10979",2023-12-17,1300676.75,322018.714081673,85926.3947392336
"P10980",2023-08-22,308529.31,512391.43645627,99025.6060124905
"P11003",2023-09-04,2857.86,11244.6843539643,2428.19035872194
"P11218",2023-09-11,1723.25,296990.184956193,13551.0731480566
"P11352",2023-07-12,3039.71,148537.541931063,5125.94504366958
"P11353",2023-11-23,6144.6,28770.4685649273,2765.63185374774
"P11401",2023-04-04,2406.01,257736.495956534,11720.1634295722
"P11418",2023-11-25,6010.18,8340.46931226707,3713.41780895635
"P11581",2023-07-25,18203.76,91687.9257241483,23928.1004358652
"P11624",2023-06-04,1298.22,7838.47775627534,2441.69452894017
"P11634",2023-07-15,2633.63,10657.4405125557,2282.11795961636
"P11647",2023-11-16,2131.2,20060.302603996,2359.87422548989
"P11694",2023-10-21,2298.63,307253.932321623,55884.0323753684
"P11769",2023-03-27,3530.54,14361.6055006464,2738.61535219547
"P11775",2023-03-18,5293.24,8212.23965334948,3054.45511631602
"P11818",2023-10-10,1856.55,20205.9734799829,2715.44744613838
"P11819",2023-07-17,4127.52,17689.9497642631,3070.2630141873
"P11822",2023-08-25,2207.83,17540.609271065,2758.57629765417
"P11823",2023-07-21,2952.43,23279.4773904567,2944.06401481369
"P11838",2023-10-26,592.11,8024.16547493079,2235.228010788
"P11900",2023-01-04,1906.1,23216.0271376919,5084.13241854909
"P11902",2023-03-25,3858.2,19946.5708501262,4862.93582089159
"P11948",2023-05-19,1376.39,4723.0586033696,2585.89512790369
"P12004",2023-08-16,2846.76,8295.29086285994,2582.33722504981
"P12005",2023-08-03,4638.95,8609.75002486821,2766.66028000037
"P12011",2023-11-06,59414.14,9270.34286140242,3613.65525336196
"P12012",2023-04-23,961.35,8495.64598465508,3070.4699431924
"P12013",2023-11-08,3786.62,38487.2331361465,14517.5146697409
"P12025",2023-08-17,4021.93,12978.4813334022,2311.41327863617
"P12041",2023-02-18,89354.3,156160.462617316,83390.2479014919
"P12045",2023-06-19,569.1,5842.34421439517,2198.56756717
"P12134",2023-08-21,21894.88,9802.76130752015,2756.27725045945
"P12139",2023-02-14,4813.06,143347.424332261,27872.4871311688
"P12142",2023-08-05,2629.67,65001.16854714,20973.3426439658
"P12144",2023-03-23,1813588.52,225655.676762723,99006.0755674822
"P12147",2023-09-23,10701.04,78337.6076092912,27194.5054827767
"P12249",2023-07-25,1260.93,9699.33567675415,2926.47323405389
"P12253",2023-09-24,1352.74,11070.0651225408,2997.9798657114
"P12254",2023-07-13,2964.55,12681.4360952494,3100.72403191739
"P12256",2023-12-18,1975.72,32839.4296994091,4712.69174359692
"P12257",2023-07-24,30493.54,11158.8990120023,3045.53458398983
"P12262",2023-07-11,8425.68,10961.4849295294,2914.83161410526
"P12266",2023-07-04,10262.9,10652.9267963951,3145.15705498642
"P12300",2023-05-06,624.17,43735.6950311533,3039.66040875877
"P12302",2023-07-10,19223.6,43646.7562937675,3137.93553251993
"P12320",2023-09-15,7127.68,16184.9263080332,3038.08234170768
"P12340",2023-05-14,532.49,73932.6731042873,3608.9728581682
"P12347",2023-06-19,18100.99,42590.0844814319,3237.4877922054
"P12349",2023-07-26,1282.39,42256.7890439813,3391.38675604239
"P12367",2023-07-01,1833.7,40924.9243063594,2972.74354513879
"P12368",2023-07-09,2218.36,41575.965375952,3109.01003254162
"P12374",2023-07-19,11323.68,172537.505048384,5429.56460817266
"P12403",2023-09-20,22787.81,14618.5355033372,2950.08519407817
"P12404",2023-07-05,4600.81,16949.8350115936,3027.50862322394
"P12405",2023-07-07,715,16522.5770560434,3369.15696453899
"P12556",2023-02-17,2208.2,28028.9558659183,3257.3771518267
"P12654",2023-03-30,73133.26,73742.487593526,24365.360585195
"P12656",2023-06-26,38649.24,62149.6026811423,20682.3013120049
"P12675",2023-02-08,27371.21,8524.02174330054,2600.65436501141
"P12680",2023-08-23,7712.01,71337.1358187311,30535.7314626555
"P12681",2023-11-15,10180.21,77461.8981457505,22997.0769275737
"P12692",2023-10-25,9352.84,63184.9474702529,22215.1301521054
"P12988",2023-07-20,1619.4,8151.81778647022,3143.16324005528
"P13007",2023-05-15,31678.17,53907.565069904,21036.7730100135
"P13008",2023-04-14,3380.59,51973.7644416942,18773.2877135059
"P13049",2023-09-27,2759.44,3702.59643601045,1768.43809359128
"P13296",2023-12-12,5435.44,5711.96904818264,2988.25965740621
"P13439",2023-11-30,2221.69,6756.35507047255,2980.06215200702
"P13498",2023-10-05,1254.41,12421.0756920711,2021.67633334248
"P13507",2023-08-17,30964.25,40096.8011396599,15159.6915930632
"P13509",2023-09-08,40782.78,42756.965925034,16004.5993007282
"P13511",2023-09-25,11679.46,20872.0244250861,4009.23257925505
"P13512",2023-04-05,27555.47,50146.3752500652,22690.0191857321
"P13513",2023-04-13,6788.21,8689.14604776216,3516.70572147042
"P13514",2023-07-03,1040.86,8419.08977847477,2693.38140722651
"P13518",2023-06-15,1427.07,7666.47605798713,2391.19535518895
"P13521",2023-01-29,15260.42,42749.9676037019,19449.6595980738
"P13532",2023-06-19,69994.29,61980.0375592816,19976.066697141
"P13533",2023-10-19,9713.18,38592.5251657584,16470.5205585208
"P13536",2023-01-18,9749.91,43521.9610129638,21620.9511171527
"P13547",2023-08-08,7623.11,13852.220042035,3705.17957207216
"P13550",2023-06-08,1139.7,8186.42137059881,2136.22682046321
"P13551",2023-06-03,785.46,8394.8739751557,2171.88921163584
"P13613",2023-01-04,31876,15150.825241061,2334.91191217815
"P13706",2023-09-27,97581,211497.542006725,82098.9191544795
"P13709",2023-03-10,39525.16,67337.1382306126,24952.2463528549
"P13743",2023-05-13,3094.32,11968.0988533391,2932.84618655051
"P13775",2023-12-20,5696.55,8569.69672561363,2969.6668874628
"P13783",2023-12-27,984956,101907.608952253,26940.7579382851
"P13786",2023-07-16,7308.3,5492.13521444023,2656.92445843409
"P13787",2023-04-27,2516.2,8534.10956178142,3068.92877886335
"P13788",2023-07-29,2229.16,5407.31456215487,2729.18353989906
"P13789",2023-06-26,2382.26,8428.98273662775,2685.81278754776
"P13790",2023-06-30,1558.88,8573.93531683752,2781.17659684417
"P13839",2023-10-02,1097.29,20601.2321545096,2863.49152286944
"P13855",2023-09-03,20121.17,54438.187016534,18522.2262236987
"P13858",2023-03-20,7425.7,62643.0882625276,19118.6058931738
"P13881",2023-06-08,2448.34,10849.6564418324,2079.64951396289
"P13911",2023-12-07,1062.37,50068.8688282523,2700.26105909981
"P13912",2023-07-22,631.96,18675.1660044922,3078.3201800144
"P13913",2023-07-17,2486.63,18369.4707544028,2953.66276244789
"P13914",2023-07-22,3269.88,18331.6382793074,2983.01802197712
"P13919",2023-05-07,2000.06,7890.53561892682,2589.40326499179
"P13946",2023-05-29,1115.59,12887.7921771347,2806.49615488966
"P13947",2023-02-26,1410.16,13323.1513595154,2475.38987501357
"P13949",2023-07-05,1051.49,14215.6779141403,3298.62944160212
"P13951",2023-06-08,573.62,12187.8963308105,3044.20513932128
"P13953",2023-04-24,18272.1,16772.356475988,6011.76237153588
"P13955",2023-07-25,3603.03,14120.7416091223,3208.15498450766
"P13966",2023-06-22,18229.58,11999.7014067775,3735.98971478259
"P13967",2023-02-13,1434.16,10183.5298324781,3409.94967553165
"P14005",2023-07-28,1629.49,8529.29548816919,2748.36927050669
"P14006",2023-09-30,21044.03,54184.0659522755,20002.2754552257
"P14057",2023-08-31,1716.34,13188.0700503045,3580.16703830951
"P14074",2023-04-08,646.65,16758.1422652342,2483.53922449803
"P14075",2023-01-26,1208.31,16774.5806188992,2151.0189361021
"P14076",2023-06-02,434.97,16378.7866181154,2632.98760087156
"P14078",2023-02-19,2045.58,13252.2729667983,2112.98712071774
"P14081",2023-07-18,685.77,17174.335403336,2680.93248125016
"P14124",2023-12-20,10406.97,12562.7040614049,2254.50969148848
"P14125",2023-12-04,1636.55,12008.0972036368,2131.73426996274
"P14126",2023-12-12,1918.72,12513.7809360983,2297.59670494335
"P14143",2023-09-03,2563.66,19732.9414307429,5520.55208940125
"P14183",2023-09-22,680.59,16360.4751132172,2359.53516248534
"P14184",2023-07-01,1240.95,13439.13929777,2757.79158016979
"P14292",2023-04-29,1722.89,14810.9014110288,3457.54132130229
"P14336",2023-04-06,1246.81,10472.876130234,3166.99198013305
"P14337",2023-01-29,877.1,11234.6797102179,2613.0115012704
"P14355",2023-06-26,1224.64,4048.00919583893,2518.72027543486
"P14362",2023-06-01,950.05,65959.2736727193,2617.75873780365
"P14363",2023-03-03,2150.38,51825.8753513578,2624.00761376204
"P14369",2023-06-30,12916.97,51297.2394618213,2810.58300105357
"P14372",2023-10-04,737.7,14362.1231322246,2283.44051653687
"P14376",2023-02-22,7674.73,17472.5605979653,2412.05919733681
"P14377",2023-04-24,1834.83,19873.1853413119,2881.05139967823
"P14378",2023-09-30,3467.92,21289.9760073227,2502.14098906786
"P14390",2023-07-04,729.14,19673.8653539247,2636.0642501735
"P14391",2023-11-19,615.68,22576.6820700739,3040.81113208404
"P14394",2023-07-02,1145.57,20289.7835630742,2780.0501181073
"P14395",2023-10-29,4846.9,24663.3359473029,4941.29053497193
"P14415",2023-07-26,2471.78,23279.4773904567,2985.7571417448
"P14417",2023-03-11,6150.36,17365.1423019628,3168.84818443263
"P14418",2023-10-15,3100.6,20494.7463319498,4227.39909027286
"P14420",2023-02-19,4157.28,152597.1369321,4627.381432937
"P14443",2023-02-04,3854.99,11721.282549033,2465.90209451235
"P14480",2023-12-17,2919.58,9421.2036152685,3548.32025314095
"P14486",2023-08-02,834.79,6906.45434677307,2623.57157520608
"P14489",2023-12-20,1174.15,9878.93573011976,2553.60437636363
"P14525",2023-03-01,2322.84,6980.96101967226,2746.09959528142
"P14601",2023-11-02,602.67,12540.5519638733,2626.19069283909
"P14611",2023-08-23,1108.79,11247.498991014,3754.22128264842
"P14613",2023-10-23,799.43,9915.92573239798,2651.80463279692
"P14618",2023-11-22,1001.27,9370.16009457814,2675.44995727438
"P14636",2023-12-29,705.07,8782.93004816993,2498.32007770947
"P14675",2023-06-12,3681.03,37230.6744028398,2821.59820794323
"P14677",2023-06-09,538.34,13701.1965543187,2752.46630906197
"P14680",2023-06-06,2833.32,12600.3010502261,2513.75588884088
"P14681",2023-05-08,862.25,12979.7936231601,2374.75193385452
"P14686",2023-07-06,2597.47,12153.8266143599,3264.76666482567
"P14687",2023-06-27,2607.29,12362.2061624725,2968.74925389584
"P14740",2023-03-22,7978.93,14528.283580807,2449.90894596684
"P14741",2023-06-10,1057.59,12790.0690102203,2663.6850885908
"P14778",2023-06-05,2728.74,15855.6222395755,2536.46192090657
"P14779",2023-06-11,920.87,27296.674491472,5051.42251432688
"P14789",2023-01-12,1903.33,18007.6334200154,2664.89638970462
"P14817",2023-08-25,3225.96,8425.30869636835,3257.68164551145
"P14847",2023-12-27,880.42,23273.140270543,2995.44324034804
"P14848",2023-03-12,3338.94,18174.8906814333,2524.23137713507
"P14858",2023-05-07,5213.52,22731.3154402764,4978.87826452663
"P14859",2023-07-23,3337.22,17514.6782307107,3033.2440417057
"P14866",2023-02-28,940.08,31663.1109426248,2630.55309516045
"P14868",2023-10-28,1211.03,15785.7352771405,2696.95604951735
"P14869",2023-08-08,4072.95,21661.7332785205,4870.83801856546
"P14870",2023-03-20,621.77,18744.9712694722,2400.58258093573
"P14872",2023-10-15,1657.12,18908.1123325968,2411.13645213007
"P14873",2023-12-21,404.32,24601.1953624821,2904.2204769862
"P14895",2023-05-01,1533.69,21784.1355562384,3018.63845861196
"P14900",2023-10-26,38506.62,19498.4987094884,2593.09692844294
"P14903",2023-04-13,1404.09,19037.6352459958,2805.44745680245
"P14905",2023-08-06,3684.9,22162.8062425013,4322.26821023002
"P14907",2023-07-01,3174.83,19166.4268569806,2989.8725913019
"P14908",2023-07-01,9099.32,16142.2061349642,2663.26926868356
"P14909",2023-06-24,1015.88,22085.3035654939,4286.09160228427
"P14910",2023-06-22,1321.37,18946.529561909,2805.34222402064
"P14912",2023-07-09,28319.56,17656.4911935483,2965.42518562246
"P14914",2023-02-10,5790.12,19395.3684556992,4610.74521335
"P14915",2023-07-14,2133.45,18039.3796491868,3094.35893613723
"P14917",2023-06-16,1131.56,36038.7206400802,2891.68548889362
"P14919",2023-04-20,1262.45,19643.0956584415,2871.51281187202
"P14954",2023-07-08,2487.83,10150.2168571367,2618.4243141727
"P14993",2023-09-25,16101.41,8065.11720932802,2474.38066381936
"P15013",2023-12-27,107905.84,254876.5934167,83264.3212998759
"P15016",2023-12-09,7592.19,11064.8978312278,2418.5982342536
"P15024",2023-03-20,3089.57,6829.19575709286,2884.67357668541
"P15044",2023-03-28,3283.56,7567.16919186217,3108.18792796387
"P15079",2023-06-28,202940.9,58058.8230003662,18713.7415135522
"P15187",2023-04-20,2582.45,6397.08664153526,3301.97862576446
"P15242",2023-02-15,3510.57,60203.9179167284,24871.5968424439
"P15245",2023-07-24,34654.75,50541.3326851372,18754.6722123734
"P15257",2023-08-21,11989.99,67765.32182586,22279.4625940005
"P15447",2023-06-26,1298.13,25779.6891808866,2639.28239293245
"P15457",2023-07-10,1987.5,6092.95404406807,2864.3914639607
"P15464",2023-05-17,30587.59,125923.503666972,14309.5236176909
"P15465",2023-06-08,43266.37,147365.073195267,14443.4567292262
"P15467",2023-12-21,20715.49,16719.9978674437,3070.0140020948
"P15468",2023-05-31,819.84,11089.5678995983,2440.71401100214
"P15469",2023-05-12,12022.06,7518.94521647912,2032.69713660883
"P15470",2023-06-17,1604.35,20474.9154954491,2219.2387309137
"P15471",2023-10-30,6059.24,119893.390054782,15889.8599273263
"P15481",2023-06-13,8138.65,11922.3433983405,3598.35432878256
"P15482",2023-05-07,3146.91,9827.78523534563,2185.79580579999
"P15484",2023-07-19,927.37,8533.47778382286,2207.02123907683
"P15485",2023-09-24,4233.53,12344.4742745693,2018.70173615233
"P15489",2023-03-28,330.62,8780.65646566958,2046.23477040707
"P15490",2023-06-06,653.87,8289.67260673941,2136.83689204349
"P15491",2023-11-04,1660.28,12037.1407624995,2222.9919629853
"P15492",2023-07-03,2182.47,17070.4575803394,3251.0246209629
"P15501",2023-05-25,5197.18,33201.8487089433,2435.76037136544
"P15513",2023-06-03,5473.64,18908.6621708745,5132.49978185505
"P15514",2023-06-02,9393,15295.2235945476,2565.2183988714
"P15515",2023-05-29,5053.81,22935.2288183251,4941.95806091064
"P15516",2023-06-11,609,28021.369173678,2102.85290540618
"P15517",2023-05-12,1631.3,7769.16236745046,1840.09680357578
"P15518",2023-05-20,14084.72,8648.66369017571,2114.06566473456
"P15524",2023-05-11,10111.8,8600.86105270728,2062.08740897597
"P15526",2023-05-25,2824.3,13886.7489409368,2592.09424366903
"P15528",2023-06-24,1084.87,8661.57530564591,2094.14251295224
"P15530",2023-06-08,753.78,12540.6757612457,2227.12172171917
"P15531",2023-06-26,1254.37,24190.0014328913,2243.57963539567
"P15535",2023-06-22,654.67,15853.5492421121,2437.2587114305
"P15540",2023-10-28,2136.57,8375.24451989875,2131.03867993045
"P15664",2023-06-12,1593.72,5267.98629558706,2517.93540487158
"P15730",2023-08-18,2510.57,8690.31530883342,2200.66793653965
"P15804",2023-08-06,2294.05,7527.37447206259,3175.1373178556
"P15810",2023-04-04,7190.38,7984.30381523204,3019.198515902
"P15834",2023-06-23,2454.34,54763.7184769256,2788.51903770068
"P15835",2023-10-21,1125.58,21680.8840955189,2797.54349744921
"P15837",2023-06-03,2185,31339.1683311806,6272.49181084241
"P15838",2023-06-24,898.39,23895.1639947138,2875.9125741949
"P15839",2023-05-30,2750.54,21024.4497382052,5060.93148048326
"P15840",2023-06-08,3876.42,14963.6084263404,2366.24036557965
"P15848",2023-08-10,2955.36,23670.8230323208,2284.45877884303
"P15885",2023-08-01,12595.66,43851.900388574,20228.356613794
"P15943",2023-05-30,1312.6,9124.23199549233,2470.46288925272
"P15944",2023-02-07,9314.83,148086.619036323,14548.7068712526
"P15945",2023-06-13,2160.05,18543.2622061493,2546.05348381876
"P15979",2023-10-23,1408.64,6227.23146479654,1891.76143140178
"P16166",2023-03-21,1330.36,7373.88259337629,2878.20314284156
"P16237",2023-05-10,658.39,9680.81533587893,2261.48947659895
"P16238",2023-05-16,918.92,8130.39913221181,2430.08083440736
"P16240",2023-06-17,8449.34,15023.5692505347,2304.5544761442
"P16241",2023-04-01,2356.35,9450.0998959749,2300.16132840635
"P16246",2023-05-18,1554.61,8411.9977519486,2256.39330669224
"P16248",2023-12-20,11901.18,15845.8231940166,2907.28008059026
"P16250",2023-06-02,2275.82,4794.95409916131,1990.07727538864
"P16264",2023-02-24,66146.83,3249.19645006174,2280.99055722877
"P16278",2023-03-19,6681.33,6871.63647507134,1987.14548956104
"P16300",2023-11-05,2356.84,5289.04697895547,2656.55023411343
"P16311",2023-04-04,1538.68,3611.37566589782,1871.56863233146
"P16316",2023-06-26,1256.14,5099.46298365061,2078.74752966508
"P16363",2023-07-09,1566.22,24071.8449904264,2737.49221271738
"P16398",2023-07-18,475.87,7060.66302754056,2189.78195517307
"P16399",2023-07-21,1415.06,9455.05023537609,4353.10931884081
"P16424",2023-01-20,846.69,8019.32909191396,1912.41646272451
"P16426",2023-06-27,1568.75,8071.88562289736,2253.48882210513
"P16433",2023-08-22,711.14,20198.3558162323,3725.75837685657
"P16541",2023-05-08,2082.33,8381.7382236154,3281.38371552575
"P16557",2023-03-29,1562.77,5359.28765576722,2491.57622429618
"P16692",2023-02-23,2363.18,4952.5970948121,2478.05735316891
"P16823",2023-12-14,5535.08,19623.8961340491,3542.20541189582
"P16824",2023-07-04,2145.95,18847.686721162,4684.19749299639
"P16826",2023-06-29,26039.73,19642.4424925591,2935.56096322335
"P16840",2023-09-04,1381.24,11251.2913671921,1755.16379251093
"P16895",2023-03-10,97319.21,144998.246783337,18078.7872330026
"P16924",2023-11-07,36828.78,46565.3278953812,20641.0449113257
"P17055",2023-08-11,6253.62,73681.4252683171,20024.8192068008
"P17060",2023-04-26,135127.85,81051.9257237565,27697.7531383483
"P17123",2023-06-22,1641.82,12562.6161327464,3124.77340691539
"P17168",2023-04-21,80566.83,46596.8793605819,19701.7403098367
"P17169",2023-08-03,68967.45,50764.6755339496,20710.8867273438
"P17172",2023-07-03,5686.5,70354.6057105826,21725.8131476685
"P17183",2023-12-02,11086.99,24174.7174554609,2975.63124517727
"P17238",2023-05-05,15407,37535.9227808896,14279.5645686513
"P17498",2023-04-21,1215.37,7048.27093455268,1415.86994966469
"P17552",2023-05-12,2674.29,5080.9285497051,2239.58402691372
"P17600",2023-07-11,9807.47,5037.70923561525,2789.1636643032
"P17675",2023-06-05,2719.57,13908.5495913417,6805.9209576706
"P17678",2023-03-31,17092.08,24670.3967544953,7294.01798630222
"P17693",2023-10-26,5258.02,8027.26780409547,2546.44488822917
"P17694",2023-12-07,833.38,8694.70072114149,2754.53145037292
"P17729",2023-01-09,861.28,4318.49673375016,2567.29770175824
"P17749",2023-05-31,13956.26,4255.1676001831,2149.12241460193
"P17753",2023-04-15,2237.27,3331.21407931414,1766.17140498378
"P17761",2023-02-05,4878.1,9133.37544629287,2479.19628673655
"P17812",2023-05-09,478.23,4897.60856668819,2476.01983564962
"P17874",2023-11-28,7009.6,18091.6709416106,2667.41656488656
"P17880",2023-12-10,1058.58,9118.37698961187,2499.79603215976
"P17889",2023-12-08,617.31,8348.53366992981,2546.16426069203
"P17931",2023-07-23,4297.7,18784.2853433268,2979.15165287242
"P17932",2023-04-25,1492.4,20709.5740640678,4715.78076912812
"P17935",2023-06-28,1555.82,36306.0498992192,4884.90873818297
"P17936",2023-11-16,2177.57,38160.8542008121,2742.22248903605
"P17938",2023-12-19,1579.45,37147.0912539097,4700.53948286086
"P17939",2023-07-01,4716.29,20685.130104728,2993.0877524953
"P17940",2023-07-26,8026.69,15335.6503363902,2932.21165190135
"P17941",2023-10-26,3174.42,37642.5641742764,2762.93511063665
"P17942",2023-02-04,2287.07,19524.6509309745,2448.4961497698
"P17943",2023-06-23,11179.55,18311.8469520665,2813.00988062119
"P17944",2023-04-17,3351.91,23077.9029134306,4927.68314404815
"P17945",2023-04-16,970.49,18473.0509574532,3317.11258304063
"P17946",2023-07-11,1484.46,18983.7526048999,2920.65371204206
"P17948",2023-06-25,1246.46,21063.3510000191,2963.56729856227
"P17950",2023-06-23,10755.95,14959.7162138195,2741.5038862761
"P17952",2023-06-19,3573.68,18909.186896931,2779.91511882752
"P17953",2023-02-13,7188.13,17118.0076241611,2489.75884913656
"P17954",2023-07-04,4697.54,20094.5536889088,4508.59813597592
"P18057",2023-10-03,5179.66,12645.8681026043,2645.9157946361
"P18305",2023-08-22,2084.73,4681.67580441183,2507.66871845134
"P18351",2023-03-05,1035.39,8087.52437833436,2582.81544872621
"P18376",2023-09-25,6707.93,16377.5790372401,1720.71885402943
"P18377",2023-12-22,3728.39,12926.9402155714,1686.20727367492
"P18378",2023-09-12,1712.45,2752.73886079106,1699.06201942066
"P18414",2023-10-23,2114.16,10772.3474749208,2534.98223751684
"P18415",2023-06-06,2160.14,12440.0195989136,4243.34855329683
"P18454",2023-11-13,1316.36,13116.1499486993,2417.16844638364
"P18455",2023-05-20,2148.77,8544.20717547034,2201.26840275296
"P18456",2023-05-30,10118.65,8331.81444237923,2131.92221869169
"P18457",2023-10-28,872.29,14961.0719771234,2358.22925729299
"P18595",2023-07-29,4563.56,8167.49788867729,1759.124480747
"P18657",2023-04-29,786.07,65377.3987788788,2587.07136038599
"P18658",2023-06-28,530.8,64022.8307166552,2812.99743269497
"P18659",2023-05-07,340.43,42415.7102598657,2428.67216772635
"P18662",2023-06-06,2973.8,45394.4812433864,2801.38499607953
"P18691",2023-06-05,2319.06,5458.14812182734,2978.0626743717
"P18711",2023-06-18,3279.32,5771.30864969745,3386.22972953018
"P18779",2023-07-04,19012.33,12416.5106171256,4116.92133505305
"P18798",2023-07-12,8082.6,80635.4946653894,20412.4051506585
"P18807",2023-01-24,2244.96,11783.2570944892,5620.75494198091
"P18816",2023-07-14,1801.11,16644.2121232325,3326.48882119015
"P18818",2023-06-30,3860.86,16650.1586159413,3199.96183952345
"P18822",2023-01-08,1345.77,11565.0641082002,2740.74372430112
"P18842",2023-06-13,137650.85,62628.9860262616,17339.4012221358
"P18843",2023-01-16,6806.95,47940.468707278,21271.5671196561
"P18868",2023-06-17,62288.46,18475.2752030604,2908.87506306993
"P18896",2023-07-02,387.75,5097.84765480848,1987.49123652455
"P18929",2023-01-06,12995.49,60558.4685625908,21468.4461695714
"P18934",2023-06-05,12474.03,70418.8141956745,19541.5820596353
"P18939",2023-10-05,1893.1,100560.349238558,11219.1924767714
"P18944",2023-05-28,405.56,24066.8519484735,2671.16615737666
"P18945",2023-06-08,13263.35,23746.6863073539,2841.67093173456
"P18946",2023-06-09,9054.4,23925.9868347744,2809.32535014759
"P18950",2023-06-26,1554.91,24838.0180316196,2786.66453015755
"P18986",2023-05-14,15429.58,51688.4749911437,16485.3188722583
"P18988",2023-08-04,268047.36,53751.2388547732,19780.6183581685
"P18990",2023-08-10,94983.54,46166.5559741914,20783.0218581184
"P18991",2023-06-18,19807.19,71098.1718628191,20985.0247544471
"P18992",2023-08-06,47180.82,48930.0083383688,19577.4318583046
"P18993",2023-05-09,18798.65,50167.3012147309,21265.5773573051
"P19024",2023-06-17,1099.17,6908.87551292051,2293.70606821311
"P19026",2023-07-09,7210.14,7132.71210733387,2186.64983821909
"P19102",2023-06-16,1347.17,45596.4361108899,2823.87325704097
"P19103",2023-08-13,509.08,45888.3944147419,2705.68093034077
"P19104",2023-07-10,37348.93,53414.1805544852,2857.72063298626
"P19106",2023-05-27,1901.02,4858.97617632901,2371.85447313872
"P19129",2023-08-30,2116.36,2652.40591758789,1329.00218541567
"P19133",2023-09-29,2012.77,6669.90336271065,1646.02079393714
"P19165",2023-06-09,5772.46,20182.1181788142,5362.70113131007
"P19167",2023-06-05,12857.38,16118.3724356809,2570.11708444921
"P19177",2023-11-26,4415.82,10765.2616459495,2425.93113005639
"P19178",2023-05-22,572.56,7819.82151853465,2004.15639624847
"P19180",2023-06-02,1200.15,9624.8630505547,2150.53874087572
"P19181",2023-06-02,1472.21,8397.1963105736,2034.37494087035
"P19183",2023-05-16,2731.53,16921.9937967867,2201.00198288916
"P19184",2023-06-01,793,13613.5621233953,2265.29097359732
"P19189",2023-09-06,1484.05,14081.6077963459,2266.78870797584
"P19191",2023-05-17,2648.47,13740.6587859957,2165.71793764378
"P19192",2023-06-18,3783,13082.9830353924,2256.8988092583
"P19300",2023-11-17,43506.94,32638.1253354398,13113.2899170591
"P19306",2023-06-25,4130.88,34550.5310420676,15598.0527067097
"P19309",2023-02-12,50520.19,68233.5151450445,29251.9863669128
"P19316",2023-07-09,217694.33,52202.7788035878,22267.4398380876
"P19321",2023-03-23,1345.56,37689.6108299866,2484.30860907151
"P19322",2023-03-10,26413.36,47534.8968706538,19849.3773473475
"P19323",2023-06-19,19048.08,113741.001561171,25111.9131538452
"P19325",2023-04-06,9347.05,47197.8610585909,21982.278119237
"P19333",2023-11-08,80863.4,68639.8395170896,22649.7750776034
"P19338",2023-03-13,16916.73,77029.9969838199,25839.8483675481
"P19340",2023-01-29,13255.65,100630.755929868,36015.4607026129
"P19341",2023-04-19,4713.56,67600.2572722727,26708.339120093
"P19349",2023-01-16,53437.55,47374.6456635021,20707.1518173109
"P19350",2023-10-27,8458.65,47761.8355275903,13847.5639551663
"P19352",2023-05-05,103595.73,61733.4768384838,29552.7725868024
"P19353",2023-04-14,4659.02,62230.6496896993,28456.3091045946
"P19355",2023-04-15,12089,48093.9980153273,22812.6013267044
"P19361",2023-03-04,4464.86,71160.2788439009,23297.1763096481
"P19364",2023-05-06,5206.17,37755.6864375849,15754.1112746079
"P19423",2023-01-27,256.75,5512.3511395137,2447.36937089883
"P19445",2023-01-13,1904.96,4928.99592035607,1419.4637883376
"P19468",2023-03-14,451.13,4989.4805400188,2047.67169109538
"P19494",2023-03-15,3244.3,8429.12933042046,2649.91209818668
"P19499",2023-07-09,1612.4,4257.24152687096,2050.43894507875
"P19515",2023-03-30,1816.56,5393.59056067478,3092.3445067837
"P20039",2023-03-25,5451.09,20286.0331103123,2747.27797486153
"P20108",2023-11-04,259097.02,11769.0257250418,3528.16306068366
"P20112",2023-11-10,1634.35,6800.85029509993,3427.77492873871
"P20116",2023-11-01,13441.88,6757.1191825285,3369.03192078588
"P20161",2023-07-08,1562.09,19275.5817423391,3283.48725018244
"P20162",2023-07-07,1567.49,13361.7856122557,2883.78728038631
"P20163",2023-11-05,1612.24,18155.0316733158,4959.71368434667
"P20165",2023-08-05,3401.03,16184.5957721795,3163.02053500536
"P20169",2023-12-27,7907.1,11841.2485121489,2567.10685948673
"P20170",2023-10-15,5631.97,14642.7038888323,2713.19170973969
"P20178",2023-10-04,3076.83,14778.1210634863,2686.39075623847
"P20179",2023-06-07,523.41,9917.6047203546,2231.6424506581
"P20199",2023-12-23,7955.45,15548.2575829279,2784.64472032464
"P20205",2023-11-08,2128.92,10133.4375135115,2856.28911588149
"P20275",2023-06-20,2553.64,24499.252333303,2904.22206248214
"P20276",2023-11-21,11044.31,26817.122279129,3235.50003314625
"P20281",2023-06-10,22207.42,33747.3977093873,5126.22054452194
"P20284",2023-06-05,2370.64,45574.0290209766,2759.42156442273
"P20285",2023-06-20,3488.75,46737.7175575871,2855.04918099455
"P20287",2023-11-17,610.75,50513.0781989069,3017.38510879743
"P20293",2023-07-05,752.97,40371.160234748,4534.78157635216
"P20295",2023-07-03,13334.5,38282.8210225137,2569.50186332281
"P20296",2023-04-08,6536.05,46405.4983975809,6204.87636313155
"P20298",2023-03-26,1496.08,43183.6407761123,2625.83080404895
"P20300",2023-05-27,2327.28,47436.6054372397,2652.07817563926
"P20301",2023-11-11,1276.8,37389.5588605423,3692.92828183316
"P20302",2023-05-25,2780.55,48746.1985209849,5262.84401283207
"P20303",2023-06-23,9480.42,34492.0577594563,2530.99884542724
"P20304",2023-10-03,4741.68,43802.4846579113,2748.67727536925
"P20305",2023-06-13,8773.42,39151.6791732943,2627.64858514638
"P20319",2023-07-10,1943.37,14353.4398121236,2704.60760574668
"P20320",2023-07-23,14629.58,20867.9501917997,3025.07854198657
"P20321",2023-06-06,580.09,36381.8751514865,2790.89181707703
"P20323",2023-05-07,3842.9,20329.4897697406,2618.71565755432
"P20324",2023-06-09,2728.55,20695.2991772554,2795.74224614026
"P20326",2023-06-28,8655.44,20081.1334695311,2854.48337517048
"P20327",2023-11-19,3714.82,18954.5251040582,2978.86206242439
"P20328",2023-12-02,3596.86,23857.887135727,2941.31414616947
"P20329",2023-02-20,1315.56,20651.8055936788,2291.15379369446
"P20332",2023-07-01,6793.86,17345.0831848618,2826.6338276177
"P20333",2023-08-01,1393.61,17010.6394348096,2894.18638249972
"P20335",2023-10-30,9109.93,18952.1674462212,2577.45191574431
"P20337",2023-11-27,5337.57,26768.2485275729,2952.35755858319
"P20338",2023-06-14,882.88,21921.2994876674,2761.07651625012
"P20339",2023-06-29,4838.31,22627.6650965971,2721.54567990543
"P20340",2023-12-15,12767.43,23223.0168154133,2728.53978725464
"P20341",2023-06-28,1993.54,21104.388394891,2484.71735358231
"P20342",2023-01-25,1055.66,19882.3621647566,2313.47026376761
"P20343",2023-08-27,4454.71,22074.9699495567,2722.38590648744
"P20344",2023-12-15,3230.2,20496.2055596502,3006.74102938005
"P20345",2023-06-11,3531.64,20547.4626060344,2533.51552543223
"P20347",2023-06-20,1155.82,20277.7987402035,2558.53165744379
"P20422",2023-04-15,1571.15,6235.48630622061,2198.88926739372
"P20444",2023-12-01,3424.87,8413.62412245061,4118.72482867606
"P20534",2023-07-01,566,10205.3867432989,2162.14085255589
"P20535",2023-06-12,6707.85,10288.3425049018,2159.62758285133
"P20536",2023-05-24,897.13,7831.9174249678,1971.29772664594
"P20545",2023-02-01,1678.05,17686.9603283044,3228.88608298673
"P20549",2023-09-22,4317.5,7887.50453339543,2836.52043029985
"P20571",2023-06-20,1213.31,17085.3048776426,2911.54853950292
"P20572",2023-06-01,8610.29,17373.5623622419,2707.30705258072
"P20574",2023-07-01,6512.34,37602.9764430358,2848.76732036108
"P20577",2023-06-20,15654.51,13530.1103560213,2798.34293209582
"P20578",2023-11-30,8731.32,19856.0030099067,3070.06767538776
"P20580",2023-06-30,864.03,14936.9502694196,3659.26456381115
"P20582",2023-06-20,709.28,13418.693016455,2696.45683476795
"P20584",2023-06-13,1165.85,13391.3243335984,2651.8770928232
"P20585",2023-06-11,1866.1,150793.04077326,4702.90923520726
"P20589",2023-08-21,1288.4,18522.3682430108,2867.67632118196
"P20590",2023-07-06,470.69,18182.3205799175,3111.67170550531
"P20592",2023-07-07,1057.5,24521.0850070818,2832.83052622132
"P20610",2023-06-28,1626.27,5974.57237118266,3308.74138356269
"P20625",2023-07-23,775.46,11841.7647659925,3138.00382343232
"P20626",2023-07-08,1234.56,12485.2764625788,3083.48108190826
"P20657",2023-05-30,7092.12,74928.8925202773,23945.727532696
"P20658",2023-08-03,8717.92,55253.0422659368,21708.5628812319
"P20699",2023-02-16,690.37,9504.71047651475,2200.20953292228
"P20700",2023-09-13,2695.9,14552.6729338501,4909.15740423889
"P20701",2023-10-30,31242.26,12785.1735572592,2726.74167872213
"P20702",2023-05-25,2354.47,7832.63020401795,2163.56199040054
"P20704",2023-11-18,1083.84,13123.1670168076,2691.62748006208
"P20706",2023-05-27,995.23,8122.05102524055,2021.95998730967
"P20707",2023-10-09,3358.14,9511.77931676431,2221.99536872709
"P20709",2023-06-01,741.3,7500.76992070048,2014.59635252786
"P20711",2023-05-05,667.61,8653.51717475265,2105.57757429069
"P20712",2023-05-01,751.26,27047.2175518525,2307.55554439341
"P20713",2023-05-07,390.25,8603.04236382366,2157.86693137633
"P20714",2023-05-19,1901.89,8018.81229263266,2197.08254235596
"P20715",2023-05-30,3613.58,15816.1344101469,3476.04217656097
"P20716",2023-05-24,792.18,8277.24438672114,2291.68003460687
"P20717",2023-05-26,6995.85,8559.19978475654,2204.04364431054
"P20722",2023-06-15,2289.61,8904.5939909378,2152.2830969097
"P20723",2023-05-12,2536.97,8142.69882475325,2206.99302387308
"P20791",2023-03-03,18848.71,68795.1496089404,10401.2652845157
"P20807",2023-09-15,661.43,9758.36351668241,2267.132139669
"P20808",2023-05-20,2870.81,8430.17685324012,2165.67944168068
"P20839",2023-06-25,136032.91,255123.460066658,72101.4226498813
"P20841",2023-03-20,23042.56,232065.384673748,67363.6069891957
"P20862",2023-07-06,2399.91,22341.1830441459,4754.49849841757
"P20892",2023-08-25,4062.72,9717.18779932478,2198.75691024215
"P20897",2023-01-03,1296.96,4252.02824745774,2230.27577414236
"P20898",2023-07-02,931.28,14233.6641917625,2994.35927435145
"P20899",2023-06-17,2605.76,21391.1125152735,2914.24141780368
"P20917",2023-01-11,41219.96,169254.085078199,94735.0305473611
"P20925",2023-04-05,652.2,7521.15089527456,1488.13165360065
"P20945",2023-09-15,2746.92,6622.84747991448,3597.03306261924
"P20959",2023-09-29,1106.06,18546.4774628943,2534.8097905879
"P20960",2023-06-11,1445.39,16427.8959252652,2873.72495141825
"P20961",2023-07-04,8098.1,15461.1549129428,3025.32013177314
"P20962",2023-06-27,86493.74,259228.304627512,72728.2137396649
"P20966",2023-06-03,19671.88,331396.926997336,75245.4057757273
"P20967",2023-06-14,187053.66,248123.328293174,68976.969416951
"P20969",2023-06-17,3595.59,17807.3656643323,3212.45965606098
"P21039",2023-06-29,287.25,12525.8200056784,3185.41723109972
"P21040",2023-05-26,21959.07,13672.2778037495,3284.12166172106
"P21041",2023-07-23,5930.61,11799.9879582071,3112.61673515295
"P21044",2023-07-09,661.87,12440.7316003291,3134.18215036795
"P21046",2023-11-15,1420.89,13311.078952417,2764.46625818939
"P21047",2023-10-16,2448.77,13758.4106376843,2384.76706194102
"P21142",2023-06-06,7876.84,18486.4235433113,2683.38393042216
"P21143",2023-06-29,578.68,18257.652256533,2684.87387996009
"P21181",2023-07-30,724.38,19115.9120823561,2829.55766895262
"P21195",2023-07-15,6068.72,16588.7681243037,3222.48135304271
"P21313",2023-06-09,631.91,14638.8653245878,2515.12837943375
"P21314",2023-06-14,3030.49,15294.5739071232,2668.76076135395
"P21315",2023-06-21,11164.18,14957.9917475629,2693.15916425028
"P21329",2023-08-09,1711.47,87680.9170541972,3070.36473977269
"P21372",2023-10-04,2093.7,284533.697496467,52042.2923830338
"P21376",2023-09-22,1588.51,7329.81779208598,2375.46285408274
"P21449",2023-09-04,1601.42,17725.3907508974,4488.48925439529
"P21450",2023-07-08,2965.3,15671.4580896421,3220.37446001435
"P21453",2023-07-06,3247.84,15774.5535770335,3100.78583858989
"P21454",2023-12-21,1906.55,21666.9505463511,3453.5861920772
"P21455",2023-04-16,1517.1,19378.0324549423,4811.51894296383
"P21456",2023-09-05,544.69,15679.1944857654,3086.8465822807
"P21460",2023-06-09,1973.81,17879.7669844448,5037.49002330817
"P21462",2023-05-24,729.42,15581.3025160525,3095.39363003042
"P21463",2023-11-30,309393.89,281926.435321909,86014.3013074621
"P21465",2023-05-12,19441.71,260139.895926761,73591.7209985468
"P21467",2023-06-17,6671.91,15251.5536047385,3074.09542292206
"P21469",2023-06-29,653.96,14816.8126639125,2914.13466600535
"P21472",2023-05-21,4910.16,4708.1269661851,2661.63536456292
"P21501",2023-06-10,25355.47,160011.049625327,75052.0270049536
"P21513",2023-08-07,184023.8,149231.926529868,75915.7142004963
"P21550",2023-06-16,954.97,15104.888820841,3218.21473865405
"P21551",2023-03-20,18390.52,14840.0598755086,2939.48540603858
"P21556",2023-03-18,5171.47,96172.921628539,5110.28929380834
"P21583",2023-05-15,4033.18,135900.708720481,18608.2033139577
"P21584",2023-05-06,275516.16,9654.31784068158,2215.9039107611
"P21586",2023-05-20,11205.95,8159.63375375143,2313.32231785797
"P21587",2023-06-05,2140.59,8544.99888699332,2239.05940632402
"P21612",2023-05-28,3371.5,5876.83511443957,2918.13485974123
"P21623",2023-05-17,4012.22,15456.6979186005,5016.69426492449
"P21625",2023-12-21,2249.48,15580.4326505737,4511.84246068773
"P21626",2023-06-06,4404.6,14734.5216918514,3687.91682758047
"P21630",2023-12-15,1437.9,14906.2092286209,2392.21769440137
"P21632",2023-08-05,1240.14,8002.75223911389,1701.8153023771
"P21636",2023-01-11,5754.28,8168.03791520273,2042.4399244447
"P21637",2023-05-19,8316.18,9085.31693257736,2360.6886053409
"P21638",2023-06-22,7674.04,9863.74726636921,2419.67288469744
"P21639",2023-05-27,639.07,9749.50143458209,2429.58275177222
"P21648",2023-01-21,1487.53,9111.55429723057,2216.57768487592
"P21691",2023-06-26,647.25,9076.6033384992,2904.83194028612
"P21692",2023-08-04,2654.62,8857.43348533259,2989.54779931278
"P21694",2023-03-27,784.14,9884.40673538018,2431.66687277706
"P21696",2023-07-09,6180.81,13564.7225233224,5215.22164374149
"P21697",2023-03-09,10495.52,10809.2187467595,2370.6725788291
"P21708",2023-09-12,4082.21,13993.1211493881,2870.52546546801
"P21711",2023-09-21,3009.23,15019.7474952109,3019.84800875257
"P21713",2023-09-21,651790.36,430299.555298577,27063.3989992475
"P21728",2023-06-02,1302.24,25947.2328061611,4387.438874981
"P21729",2023-07-09,804.15,150852.926188858,4898.15418998393
"P21732",2023-10-07,5687.52,149613.582650883,4478.76934949449
"P21735",2023-06-24,1003.04,18189.0593637702,4730.22870468674
"P21736",2023-06-26,3926.37,18469.3433555276,4846.03496413785
"P21737",2023-06-14,21433.71,18538.5762729603,4831.63594619746
"P21742",2023-06-15,935.59,13434.1242306414,2682.23050822813
"P21750",2023-02-18,2788.46,12857.1990334414,2574.76451120482
"P21759",2023-06-23,6029.02,15636.6720306462,2145.94056960756
"P21760",2023-06-14,19181.01,8388.48321737329,2176.72851330298
"P21762",2023-10-04,12279.15,9246.97315737195,2385.84637949282
"P21763",2023-06-01,10848.38,8440.87002621718,2048.95093967873
"P21765",2023-06-08,880.68,7910.02299502103,1955.87265537485
"P21767",2023-06-01,487.24,7937.73749724714,2080.81305331351
"P21768",2023-05-23,17748.58,7882.7661868224,2045.03140754682
"P21807",2023-08-28,66638.01,44613.9461201875,22381.4669681581
"P21808",2023-03-24,7249.66,51624.5325830153,27623.4965035868
"P21814",2023-04-30,30544.79,47105.2498600892,25091.4825007012
"P21816",2023-11-04,38576.1,8098.52723737838,3718.21111773658
"P21817",2023-06-01,2006.54,7268.26269300766,2611.92628596436
"P21819",2023-01-22,2458.66,6645.53672761615,2581.86971960933
"P21822",2023-04-25,1451.36,6360.59795661715,2645.61859936833
"P21825",2023-06-29,7701.61,6660.03126001123,2730.04084641107
"P21827",2023-06-11,37152.68,6596.51492471618,2605.62039780706
"P21828",2023-04-25,3557.17,6207.94486107928,2417.71811070998
"P21829",2023-07-01,18145.4,6626.02719389618,2547.83606987264
"P21831",2023-01-25,542.86,6277.07513881142,2395.4350931255
"P21833",2023-06-14,9902.86,6580.8761133147,2523.66159365104
"P21869",2023-10-15,1433.21,6114.77988992447,2531.69673888392
"P21886",2023-02-14,1831.62,11588.1214758765,5655.90983535543
"P21938",2023-06-27,1389.91,20034.1830813625,2451.60261685594
"P21940",2023-06-06,5151.86,21232.9439212715,2483.51188699689
"P21942",2023-05-30,1053.42,19727.4111400096,2313.572402973
"P21944",2023-12-19,1584.62,19038.0219936837,2947.5812183013
"P21946",2023-12-12,1686.58,25063.2389925942,3879.35440507821
"P21947",2023-06-17,727.16,23385.808768291,4243.89959803567
"P21950",2023-06-08,1846.02,16708.5867121858,2568.5631250891
"P21952",2023-06-08,14877.08,18121.6403092746,2590.10187956589
"P21966",2023-11-19,1403.55,25510.1822633833,3165.61046031753
"P21967",2023-06-01,3874.71,37974.6048362884,2453.21466919817
"P21970",2023-05-31,4824.72,31396.0380560019,2281.47881888955
"P21971",2023-06-02,1175.45,37907.9812356871,4064.73448706761
"P21973",2023-09-06,7582.45,40320.365213809,3669.9353261972
"P21977",2023-04-21,1414.63,32069.6716570261,2345.93222825607
"P21983",2023-04-30,6419.85,42807.7462470254,2475.06199394601
"P21984",2023-06-23,3438.38,42686.6923216967,2662.81264200437
"P21985",2023-06-11,709.35,31884.7434288005,5971.85964476116
"P21986",2023-06-11,7027.86,31820.5756717762,6001.00961304417
"P22017",2023-11-11,408.01,6035.52606010222,2011.35393465174
"P22032",2023-08-29,2720.64,5637.79484273353,2141.17555085683
"P22036",2023-11-02,2818.16,6763.11237494953,2118.48576147444
"P22052",2023-07-26,2961.76,13638.4607843071,3065.88876122516
"P22053",2023-11-12,680.77,15270.623439833,2958.94967684128
"P22077",2023-01-17,5086.77,4931.44622826325,2354.12390473417
"P22082",2023-06-20,64446.34,7726.28707950808,1919.03303442621
"P22083",2023-06-20,1400.83,14678.6434151267,3621.49819115786
"P22084",2023-06-15,1853.3,15367.6134982725,4816.38553902087
"P22086",2023-06-09,1529.22,14995.3210598734,3663.34818923923
"P22087",2023-06-10,1455.54,14802.148135471,3604.4479940337
"P22362",2023-09-13,20806.37,5330.8324658413,2560.49568167415
"P22365",2023-10-08,45725.06,5551.85940882175,2550.57067380521
"P22366",2023-09-18,2697.26,5409.64999823078,2528.27952632101
"P22465",2023-09-12,4166.81,16138.796330857,4482.39193862047
"P22474",2023-02-28,2194.63,5810.19252526166,2884.43350100238
"P22476",2023-03-01,2973.39,5798.33811232048,2921.17740164626
"P22701",2023-01-08,858.01,4120.66017814962,2533.79806028553
"P22738",2023-12-08,30821.48,6599.37504323843,3550.714712397
"P22827",2023-12-08,2271.05,409125.091288656,25860.3152160879
"P22894",2023-01-30,21384.76,52439.508019019,22661.4773406326
"P22895",2023-04-25,28980.85,42857.1969977963,20601.0665100188
"P22908",2023-02-18,4651.66,8382.56488490653,2768.75247616328
"P22910",2023-04-27,5755.85,8676.95465944294,2602.47211327553
"P22912",2023-04-10,19328.46,308084.320954136,123527.631547176
"P22914",2023-07-13,105792.91,258711.797717719,116477.725962831
"P22916",2023-07-08,12443.61,34521.368513647,19559.4572872778
"P22917",2023-08-02,1646.79,40860.1899678432,20473.6154630722
"P22918",2023-04-19,8402.7,39928.1886204452,23220.8179818418
"P22919",2023-05-28,12138.93,71441.4412363138,26081.9883783791
"P22920",2023-08-07,23642.65,52856.0846325555,22452.1066290351
"P22922",2023-02-10,7978.58,60612.3223413027,28677.3837102278
"P22926",2023-02-19,27290.91,47953.975827076,21212.9104411673
"P22972",2023-07-31,4746.57,11172.923206257,5280.39484009598
"P22981",2023-08-10,2178.16,9218.39864306842,3992.01894337443
"P22998",2023-05-09,3704.1,12638.1663252586,4070.00583280421
"P22999",2023-05-14,570.39,12540.5553792142,4017.98464777169
"P23000",2023-07-02,7597.49,12526.3217040812,3968.0423265415
"P23002",2023-05-30,2268.95,17241.5422275451,4834.7038127828
"P23003",2023-05-31,1733.63,12812.0101779195,4104.61833259579
"P23007",2023-05-04,485.54,4714.74403171674,2494.24704840703
"P23042",2023-06-05,19901.72,91100.3139674597,2554.09442896387
"P23044",2023-06-25,3626.27,86291.0336556877,2537.84276570453
"P23047",2023-11-16,907.3,99744.0433739472,2850.24274136282
"P23064",2023-10-25,2867.94,5409.16503064581,2638.2339008943
"P23091",2023-06-19,2101.68,3832.11798528405,2390.23902989481
"P23121",2023-11-14,38678.69,6080.79729409779,2603.33367318165
"P23149",2023-08-04,4132.14,48106.2632769906,20636.6170437654
"P23201",2023-04-17,930,4579.14705783119,2485.28405114714
"P23206",2023-08-16,5866.47,53301.0170090729,16356.9763532695
"P23212",2023-04-21,55181.01,40911.3939689055,14980.8731081204
"P23220",2023-03-15,6927.22,62015.8882170007,20659.6648103452
"P23259",2023-12-14,3328.31,11274.7685256235,3874.03431599291
"P23274",2023-06-18,15910.09,46107.8186317287,22681.0754407865
"P23314",2023-10-29,17877.5,14527.008973109,3013.68441929613
"P23319",2023-07-24,528516.92,248802.113057536,63869.5797824227
"P23320",2023-06-25,68882.74,245504.084841803,68569.2713814562
"P23321",2023-07-05,28195.68,239241.385834962,67490.604717842
"P23322",2023-07-02,17464.87,245076.350523799,69441.2745983585
"P23323",2023-07-05,39485.47,243405.809098572,70140.483645935
"P23324",2023-07-02,656741.73,249960.136611271,63576.6882196258
"P23460",2023-02-10,1936.27,4977.04958061068,1958.91085918528
"P23619",2023-05-16,958.96,8577.12061711434,2089.11901861275
"P23620",2023-05-16,436.9,8432.76652285204,2074.08572819743
"P23621",2023-05-07,927.23,11793.3347493968,3682.65186773394
"P23623",2023-05-25,6817.77,8410.64071978655,2052.98459257646
"P23625",2023-04-20,4184.15,8762.94487442939,2013.89385868119
"P23626",2023-06-03,9473.38,7974.48894755238,2068.36226170265
"P23627",2023-10-10,1184.24,12151.3544061878,3194.15799720629
"P23628",2023-05-27,1135.82,8181.57313325474,2047.7027288545
"P23630",2023-06-24,1899.76,8046.5069790771,2097.11221281159
"P23631",2023-06-01,8350.72,7976.79556682689,2074.1680589199
"P23634",2023-09-09,7464.9,12918.4918381209,4003.6584510821
"P23635",2023-06-10,2749.37,14233.1993151797,1965.18171201949
"P23638",2023-05-18,1754.87,12148.6921109996,4088.40130736228
"P23639",2023-05-08,1137.69,8676.75268465808,1952.93441525417
"P23641",2023-01-29,13334.83,12897.6324986496,4156.4318816939
"P23737",2023-09-02,3233.51,5691.22334530802,2557.41598438815
"P23779",2023-04-02,2111.85,4895.44708926074,2666.58310083557
"P23895",2023-10-23,2364.87,42159.0399183061,4005.97631199012
"P23933",2023-05-27,2510.79,7436.63306959412,1484.8863459414
"P23952",2023-02-12,1865.07,5665.42581599361,2178.26322985357
"P24047",2023-01-10,1346.83,3338.66446042466,1912.53793473915
"P24070",2023-02-27,1046.8,4592.49502847455,2145.57472904453
"P24080",2023-03-21,105427.44,392356.635937165,106666.490453533
"P24082",2023-06-08,2843.34,3942.89496284655,2825.26891796293
"P24128",2023-07-26,5191.64,2983.03320745479,1653.36201051493
"P24161",2023-06-10,1715.42,17392.4332979402,2672.66510249957
"P24162",2023-06-12,861.36,14994.6620650532,2727.89446005668
"P24163",2023-06-26,2317,94689.7102402003,5117.4420283515
"P24164",2023-02-05,2482.72,17877.4694862268,3161.59612922783
"P24166",2023-07-11,3530.43,15222.0896452089,2880.54497036455
"P24169",2023-08-14,6726.18,15409.433067939,3151.85769092615
"P24171",2023-03-11,1346.52,20706.9565621961,4668.29114304883
"P24229",2023-08-21,9723.14,5021.17162755487,2283.35740412328
"P24253",2023-11-15,1131.69,14283.2612601727,2125.01461116087
"P24266",2023-11-25,15027.16,32003.1871032009,3866.37153857196
"P24272",2023-11-19,1116.35,5499.65465323111,2383.41645545933
"P24317",2023-11-17,395.87,5603.81483705116,2485.45168527432
"P24339",2023-05-20,1238.36,6212.30298260131,3254.22156282225
"P24341",2023-01-10,1394.2,4434.27472730466,2404.78751707706
"P24346",2023-07-13,1326.68,7739.16263415674,2772.04206060568
"P24382",2023-01-22,2510.07,4786.74546222759,1626.86817931558
"P24419",2023-03-20,586.2,4406.68371351975,1885.06673816492
"P24429",2023-02-27,12384.34,4347.8959896164,2379.98186982664
"P24433",2023-07-19,1070.45,3869.35425978716,2405.9625835367
"P24473",2023-02-18,910.76,3264.13623760823,1801.06826711415
"P24481",2023-01-02,610885.15,116170.030134732,58256.6649422446
"P24515",2023-10-28,2715.04,7916.82533257028,3465.76656702912
"P24601",2023-07-21,5298.76,4963.53838618342,3062.02437144573
"P24606",2023-01-22,7397.66,4961.41998171078,3051.7424394506
"P24609",2023-01-31,1442,4306.76968099657,2640.0034653601
"P24709",2023-03-01,14337.2,6188.51370339483,2262.18343482883
"P24805",2023-09-13,1865.41,11628.1215655981,3684.69880242884
"P24830",2023-02-24,3453.38,18149.1954291864,4466.98206560255
"P24963",2023-05-21,1659.13,6511.04842097916,3542.14923276462
"P24967",2023-05-22,34696.45,75603.2972912588,12620.7101791803
"P24968",2023-05-15,18514.2,66633.9282856748,11914.0131061213
"P24973",2023-02-03,2727.63,7052.71691696674,3425.84046456467
"P24975",2023-05-31,1753.58,22036.7688972617,4272.93710226358
"P25021",2023-02-22,1283.66,7741.84522960356,4220.6055977389
"P25058",2023-06-30,1263.31,9168.03977175184,5240.20553018083
"P25280",2023-07-09,177744.55,52297.0361799009,22711.5946335549
"P25281",2023-08-09,156201.8,49631.2720689056,22510.4337085673
"P25332",2023-06-29,1092.34,21333.2076473694,2766.79656993013
"P25334",2023-10-15,9352.66,15785.4733587145,2566.40800866522
"P25350",2023-01-19,131617.7,40781.6413036033,19169.2894413198
"P25472",2023-04-23,795.39,5759.39163150681,2510.34169651832
"P25481",2023-07-18,671.9,9867.948980214,3813.25184810213
"P25579",2023-07-25,19058.01,69303.6874543042,23817.6805354906
"P25581",2023-08-10,41940.2,56874.9234918524,21298.9219424527
"P25606",2023-06-20,1000.04,5517.03393361865,1913.1022615724
"P25668",2023-09-22,1925.33,2679.79055190767,1333.08960365831
"P25877",2023-08-23,1985.42,9470.55429931334,3507.67078000064
"P25878",2023-07-30,46219.44,45562.6447305329,18656.5201834645
"P25941",2023-06-25,1066.34,11406.0355879906,3842.93078561397
"P25944",2023-09-28,9626.6,11808.1390402587,4748.76163568665
"P25946",2023-06-09,20911.02,101359.384026587,18536.3966350347
"P25983",2023-05-18,2267.17,3994.36548667923,2384.22297421423
"P26003",2023-08-03,988.21,14767.1966067832,3277.36687437669
"P26006",2023-05-18,1666.43,16838.0754522905,3403.19105722805
"P26008",2023-07-08,858.42,15128.6870024897,3126.97997497868
"P26009",2023-12-16,797.85,22188.7059469172,3053.40529982553
"P26010",2023-08-20,3424.22,13728.0398549607,3105.60777345989
"P26011",2023-03-30,533.38,13920.8022867367,2700.76334240086
"P26012",2023-02-14,424.62,14523.5541544765,2637.84519093297
"P26013",2023-09-17,1069.78,14385.2552624961,2960.75656600526
"P26014",2023-07-12,1259.02,13795.9786082498,3137.0577107101
"P26015",2023-06-22,11889.33,14005.4511052558,2957.5576792478
"P26016",2023-08-10,553.5,13785.5494554781,3084.73856011256
"P26017",2023-03-24,820.05,13925.4433637756,2726.28270207855
"P26019",2023-04-01,17805.49,14814.3249226545,2797.61295405108
"P26020",2023-02-13,1149.41,14602.4241715042,2671.1103111609
"P26021",2023-01-09,2889.78,15579.1075140821,2850.93771481867
"P26023",2023-01-25,3180.13,15394.595420167,2849.6344304072
"P26024",2023-12-04,25884.99,16772.1133704685,3310.74525571814
"P26026",2023-06-26,1722.29,17141.4753154712,2865.00150176722
"P26028",2023-10-28,1353.28,20339.5737878237,2696.09095583519
"P26029",2023-11-03,1349.7,15942.0950442745,2819.87123343008
"P26030",2023-04-22,988,17956.297399145,2921.45015775199
"P26031",2023-12-08,1675.55,16236.1468694225,3449.08945065075
"P26179",2023-06-13,1018.73,6714.3218236581,2906.27978382101
"P26250",2023-05-30,712.55,4512.27557297137,2401.65150691991
"P26257",2023-07-30,2378.07,5274.97581318793,2329.69915945095
"P26271",2023-08-29,33167.68,5275.76635378404,2717.78817973138
"P26293",2023-03-26,6402.28,4011.87105804103,2028.13223344372
"P26335",2023-03-06,813.89,5817.10743871969,3131.80026299184
"P26468",2023-12-14,3197.11,3612.43385715157,1319.64793244259
"P26472",2023-09-15,3433.41,2387.31567766038,1338.86568137572
"P26517",2023-09-28,1982.03,6724.93923071526,2379.20247940169
"P26525",2023-12-28,2692.77,6272.13682535962,2107.74085982954
"P26542",2023-07-05,1354.76,6960.33955870459,2230.31245014839
"P26686",2023-10-14,2985.4,4920.85881021375,2384.97910733287
"P26748",2023-10-06,1653.24,9324.14136420797,2387.15668915953
"P26749",2023-07-02,722.27,8842.76778187647,2936.22318165273
"P26750",2023-07-01,991.59,14524.886988703,5959.29050524703
"P26751",2023-11-20,1348.68,12758.1874416825,3191.48749634159
"P26753",2023-11-19,1360.65,10392.7488394186,3148.10597310182
"P26755",2023-06-22,480.29,7784.31544171072,2786.46835866943
"P26756",2023-07-06,2376.56,7942.97080683132,2819.91791929529
"P26757",2023-06-29,5633.44,8024.42914294858,2953.20101114445
"P26773",2023-04-08,1395.65,9017.58326890711,3375.68464544652
"P26802",2023-05-28,1138.97,8021.83080772921,4695.60501560417
"P26819",2023-03-23,10495.43,13110.4803710572,3516.87348704726
"P26820",2023-05-31,1035.97,12569.6387432843,3544.39129226146
"P26821",2023-07-22,327.52,9717.45952928124,2159.6695180873
"P26822",2023-11-09,4562.07,8587.22147786127,2134.79214446641
"P26845",2023-09-11,7171.31,8662.24749948043,3023.0365756322
"P26846",2023-01-09,6913.04,8330.87336522883,3119.41171498055
"P26919",2023-10-03,2850.11,5251.98604145967,1980.58134592897
"P26936",2023-06-21,7449.23,3274.25881106744,2311.87923235474
"P26953",2023-03-14,2439.19,5135.40972723853,2822.93325428064
"P26961",2023-05-15,868.18,4477.7973843783,2237.18958990676
"P26963",2023-05-16,8305.78,3755.25804454431,1702.60169368468
"P26974",2023-07-29,2229.52,5456.05709256907,2690.00504717723
"P27043",2023-12-20,14001.7,5021.23231355706,2270.64497868723
"P27057",2023-07-18,381.51,5628.85379887338,2545.58512888848
"P27066",2023-06-17,2182.05,3705.98227800446,1780.77574529326
"P27072",2023-06-14,1033.5,6591.66031110292,2412.25673098815
"P27074",2023-01-18,4517.45,4997.87550873891,2080.70358876844
"P27127",2023-11-22,6118.06,5299.32692689755,2912.08549380864
"P27182",2023-03-09,12732.55,5820.67053209272,3773.60933059225
"P27194",2023-01-29,1453.84,10598.6485553624,4544.46132894908
"P27198",2023-10-28,884.22,4503.97235825328,2288.76964365404
"P27209",2023-03-21,1458.19,4457.71554819818,1875.60786967868
"P27217",2023-05-14,502.2,4835.47541999384,1983.61545710593
"P27222",2023-07-09,2032.62,4575.19600123362,1986.71162995729
"P27255",2023-03-31,15679.1,3784.95659350079,2374.99010510673
"P27256",2023-04-03,60924.6,3791.62994139398,2392.9576233921
"P27284",2023-03-26,3417.63,3783.85379952643,2390.36592893322
"P27445",2023-09-17,586.82,5326.75504780825,2614.09224530522
"P27631",2023-10-15,13174.11,105739.71732557,13390.9424080315
"P27632",2023-03-06,3134.45,12340.4534878062,2636.86880672224
"P27633",2023-05-25,4521.3,12578.4919873405,2789.55330380646
"P27634",2023-05-15,1700.23,10108.1486114694,2808.5851121991
"P27635",2023-05-05,1382.61,129102.30204982,12372.4885856053
"P27636",2023-04-14,8370.17,126806.326685717,11550.8163504267
"P27637",2023-05-30,4285.73,11218.2670206352,2785.67435151612
"P27639",2023-06-21,24560.26,242675.844547413,63404.3036344
"P27651",2023-07-14,1218.02,4789.36385927986,2195.68827180347
"P27657",2023-04-24,9748.68,10169.8498488289,2844.82685285401
"P27658",2023-11-15,6175.12,7526.40094722669,2746.08512750263
"P27660",2023-06-08,802.34,9014.10649465365,2762.99061147448
"P27661",2023-04-17,15225.8,9395.64251165277,2791.31152754346
"P27791",2023-08-24,4197.79,11638.6783690189,2341.09508171229
"P27806",2023-02-18,1310.75,20454.5985746576,2409.54806131598
"P27811",2023-11-10,1735.94,14326.2255542383,4646.9646326625
"P27816",2023-11-13,1519.45,20943.5515493691,3718.35778794272
"P27819",2023-05-27,827.83,22710.4724013575,4182.57202907448
"P27820",2023-05-22,1706.95,23514.8207007959,4110.85805142567
"P27821",2023-05-31,4697.68,22655.9185012367,4151.51260693021
"P27823",2023-06-17,1031.49,37345.0839781876,5787.86541222467
"P27829",2023-07-17,1130.6,18304.0138873226,2863.60064215803
"P27833",2023-07-06,1496.88,18454.0950375733,3004.65797246103
"P27834",2023-07-23,465.38,19145.1626256392,3037.98465114859
"P27835",2023-11-25,26131.2,21189.9227192743,3934.63844081255
"P27836",2023-06-25,2301.66,18321.2580298256,2846.41574964298
"P27838",2023-07-16,5933.1,18457.8110231633,3012.93600509084
"P27867",2023-01-15,330.34,3234.1001264542,1971.96882813251
"P27891",2023-03-20,32154.06,5361.30023220692,2055.40277944085
"P27892",2023-06-20,1044.77,6566.32232584986,2298.22506970929
"P27930",2023-04-04,2652.05,2508.27462872204,1554.58937217709
"P28007",2023-08-09,8087.92,7908.47465052157,3142.29687810086
"P28019",2023-05-31,12356.78,4238.36197937859,2057.62259314595
"P28029",2023-09-04,332.11,3187.27450521857,1897.6873313204
"P28050",2023-06-14,1171.92,3196.87658846038,1698.52705510246
"P28062",2023-03-11,5584.99,3283.63735682312,1707.35412841184
"P28100",2023-02-08,857.85,5236.06934151794,2148.24560804216
"P28113",2023-01-14,2416.48,8882.80129231808,2271.07764224391
"P28205",2023-06-15,1901.09,54639.6839479924,2959.05699856705
"P28206",2023-07-20,1706.42,54065.6679067383,3026.53395396491
"P28222",2023-07-23,38760.25,12817.029591165,5202.76145283397
"P28476",2023-12-28,5480.71,6443.83922272201,1899.05313320784
"P28478",2023-01-14,1682,6641.1808090818,2269.52722761729
"P28484",2023-10-13,2097.82,7862.71602656795,2028.81606796803
"P28485",2023-10-08,3261.54,8013.24392110149,2096.49373844204
"P28492",2023-02-18,3475.12,22227.7992752416,4973.69121202858
"P28494",2023-07-31,1099.77,20528.6057011779,4696.01454270373
"P28495",2023-06-12,5085.15,19823.9064517375,4720.99702600081
"P28496",2023-06-05,7458.94,22288.615877249,4816.4521703929
"P28497",2023-06-05,1594.56,11568.127388405,2546.78819501371
"P28498",2023-10-06,1573.56,11501.9241960496,2423.01732220354
"P28499",2023-06-06,1997.81,10226.6099042765,2332.42004775267
"P28502",2023-09-28,36953.12,10459.3040061838,2417.40470357402
"P28503",2023-05-29,37150.72,12137.8868736376,2445.90123453355
"P28504",2023-06-21,985.16,10094.8809017361,2528.02252524954
"P28506",2023-05-03,1463.86,11344.9351567823,2499.40635504101
"P28507",2023-11-12,346.42,11267.6783440775,2414.05583509643
"P28509",2023-05-23,483.68,10996.7336136574,2665.5874929475
"P28511",2023-08-02,1155.48,10044.6126619188,2190.77703666129
"P28512",2023-09-23,6162.81,9515.34523081008,1998.37144474812
"P28513",2023-05-14,1574.47,10028.2586671855,2378.7027360691
"P28515",2023-06-08,1745.12,24626.0490398269,2268.84309460915
"P28516",2023-10-30,806.96,12684.5833758286,2561.88403231891
"P28517",2023-05-19,219.51,8490.2650244142,2289.29976776696
"P28518",2023-05-20,1990.41,8306.93099217908,2243.00475501792
"P28521",2023-06-03,2048.54,13816.266561147,2109.25336470175
"P28523",2023-05-11,4300.69,8690.90402396251,2114.86085576495
"P28527",2023-05-14,665.34,8702.34536213412,2103.80160579919
"P28531",2023-05-09,2231.19,8574.65469277354,2059.69737494042
"P28532",2023-06-11,1483.35,8582.77708006421,2020.90384070362
"P28533",2023-05-28,5399.9,8633.57375646747,2098.2383410206
"P28534",2023-09-08,20171.66,9422.08715018402,1975.41130312428
"P28536",2023-05-15,1783.89,8581.22965335302,2072.66108046926
"P28537",2023-11-25,1189.01,11801.5163163775,2359.98100739522
"P28540",2023-05-22,5682.27,18705.5445852885,5361.73917702058
"P28542",2023-06-16,4304.7,18402.994033083,5172.16270599697
"P28543",2023-06-14,2197.88,12472.7241832301,2321.12612958284
"P28544",2023-04-10,2183.24,15239.0845364383,2341.79058282052
"P28545",2023-06-17,1205.81,20111.7224268255,4545.42776521493
"P28546",2023-06-11,1924.07,14075.2377263274,2394.31257991818
"P28547",2023-05-29,6548.6,14071.48595721,2398.24134322564
"P28548",2023-06-14,657.35,14039.4733947104,2449.57887629147
"P28549",2023-04-03,2186.2,15301.7007035442,2370.84814744735
"P28550",2023-06-11,2357.24,13822.362062599,2404.73028832035
"P28551",2023-06-20,3252.54,13830.973465614,2402.2598955479
"P28554",2023-06-17,684.18,13862.7166786184,2422.69400335281
"P28555",2023-06-07,2011.4,13721.0181233668,2433.8018547182
"P28559",2023-06-23,3664.24,18774.0514998521,4826.13538344763
"P28562",2023-11-05,1000.88,17996.8647204954,2889.18987295449
"P28564",2023-06-13,956.59,14142.5943772175,2517.41281553103
"P28567",2023-06-10,2087.95,9160.96151024736,1990.06703963066
"P28568",2023-05-22,899.51,8170.86334895264,2021.50648466476
"P28570",2023-05-03,1858.95,7771.08002048273,1831.41014763609
"P28573",2023-05-19,7259.05,8989.00807777656,2100.90499294256
"P28575",2023-08-31,2841.96,9158.33845125137,1957.04642973516
"P28576",2023-07-27,1038.56,8778.8920217714,1922.49114976651
"P28577",2023-05-15,6482.78,9838.30183548158,2361.74366485224
"P28579",2023-02-26,385.72,11480.3682545753,2206.10187749106
"P28580",2023-05-24,16523.55,9801.46271735392,2234.3657357888
"P28581",2023-05-08,12739.35,16194.3134781874,4950.90046433548
"P28584",2023-03-30,991.68,11021.2241413886,2182.28219429016
"P28585",2023-04-27,866.06,10105.6688832057,2216.57789733696
"P28586",2023-02-08,5771.16,11582.3556169632,2079.88592988158
"P28587",2023-05-23,2141.61,15174.925441267,5390.64411426983
"P28588",2023-05-28,2493.4,9160.04664215051,2298.11870116617
"P28590",2023-05-13,1164.73,8781.0100819135,2165.12086006286
"P28591",2023-05-16,2379.28,9469.41054669102,2196.41859964116
"P28592",2023-09-04,807.35,25136.5600309205,2157.75713213761
"P28593",2023-06-08,1741.21,19763.1913041668,4955.36207711681
"P28594",2023-04-07,3609.22,21980.7301737272,5240.08279412746
"P28595",2023-06-06,1275.19,19745.1968126572,5048.07283883001
"P28597",2023-06-08,83540.97,204345.745225911,60095.3230479027
"P28598",2023-05-17,64003.29,197187.934591277,59756.8764970144
"P28599",2023-05-21,4904.15,15990.2466344327,5337.30157196871
"P28657",2023-11-10,113818.39,194017.068805234,65964.8872694329
"P28690",2023-06-14,60050.41,233414.161506709,61354.5822977714
"P28693",2023-05-11,14397.43,137714.788370456,17292.3801386449
"P28694",2023-05-15,23641.92,206382.601418822,61480.8227205881
"P28696",2023-03-17,371.97,8031.43732105781,2173.78625799308
"P28697",2023-05-12,7756.31,10862.9674952792,3922.00010279898
"P28698",2023-03-28,1763.22,7936.90313679264,2098.35565338718
"P28699",2023-05-21,25540.69,113374.321761102,14245.7643600236
"P28700",2023-11-21,10805.18,12558.3070821118,2673.1994810136
"P28706",2023-01-04,10679.63,4228.33121844487,2348.51816667424
"P28823",2023-12-31,30463.55,5064.67983266989,2025.78025619702
"P28848",2023-03-02,1554.3,11092.3051658767,1835.1439695386
"P28881",2023-01-02,8065.28,9984.44454192774,4288.66142321586
"P28889",2023-01-07,10287.43,4522.36902277789,2412.3140452522
"P28944",2023-08-28,1200.22,3383.34548025841,2032.82330827137
"P29112",2023-03-07,8710.32,43116.300090711,19230.3114577636
"P29116",2023-07-31,1879.93,8715.61539712362,2875.94175774282
"P29117",2023-02-06,4658.56,42384.3523797046,18114.4740294238
"P29123",2023-07-24,233868.69,29292.6367884719,14224.3500645594
"P29127",2023-03-23,7524.32,35658.3624931459,17792.9687214777
"P29128",2023-08-13,37972.28,34539.1456026795,16391.2115315844
"P29129",2023-07-04,18659.54,63374.7150617344,18299.1774917654
"P29130",2023-11-02,2394.82,10068.1667910913,3795.79494185418
"P29131",2023-03-28,7567.86,40225.8238818982,19880.5549892364
"P29137",2023-03-14,44467.66,37256.9214306405,18224.1508077136
"P29141",2023-02-04,5354.74,60529.650586485,20502.9046544095
"P29151",2023-07-29,31763.76,42414.2865966634,19995.460259319
"P29155",2023-10-21,1022.03,7009.19981649375,2172.86845456967
"P29176",2023-08-04,3793.08,14876.5722299585,3426.7839895115
"P29180",2023-10-08,2494.8,5131.70816571637,2227.45925260601
"P29190",2023-08-14,9013.05,3925.43767858189,2011.97825458241
"P29192",2023-12-01,2529.88,5356.14485769933,2040.63886207433
"P29324",2023-07-03,603.01,14361.6075473659,2962.00239400863
"P29325",2023-12-20,2176.89,22590.2467123788,3332.17712905423
"P29327",2023-07-20,1231.55,14267.292343814,2938.2073165617
"P29404",2023-11-04,781.8,7021.31513880429,2203.36554648278
"P29424",2023-11-06,12020.95,35236.7003569318,4271.21489640905
"P29440",2023-03-17,1778.09,5849.28078879503,2508.96149026602
"P29455",2023-10-19,4790.13,8116.19190246764,2245.1474773394
"P29483",2023-06-11,1826.27,7063.12090575228,2444.51760527383
"P29485",2023-12-08,904.62,6027.21966197164,2067.19239106248
"P29526",2023-11-21,22893.81,13046.3695885412,2306.0310147851
"P29553",2023-12-18,771.73,6670.06890489855,2075.46206299996
"P29591",2023-06-29,1432.46,14087.0793665751,2752.79972276271
"P29593",2023-06-15,1464.76,14287.961258313,2690.67385269724
"P29596",2023-08-07,2079.44,25945.8350573065,2765.65656708477
"P29599",2023-07-11,616.42,16244.3680337167,2823.51375290982
"P29602",2023-06-23,10546.57,18595.9708051119,4603.75816803277
"P29603",2023-07-02,647.85,16142.5412163845,2738.29464154145
"P29607",2023-12-23,46331.82,22706.4239311666,3940.48972534652
"P29608",2023-06-26,796.38,17355.0265630157,2919.69605516592
"P29639",2023-08-12,455.17,9233.89027427429,3167.29027155458
"P29641",2023-07-01,1699.8,17126.7927222462,4083.76241813694
"P29644",2023-07-10,867.28,16868.2175984517,3010.50935889252
"P29645",2023-04-16,460.27,19503.4480662431,2843.72642107938
"P29648",2023-08-05,1538.86,16812.3616658449,2937.41349167041
"P29658",2023-07-07,26844.86,15364.2941002262,3047.0424290667
"P29660",2023-07-13,4098.72,15233.4489600682,2940.90435735315
"P29662",2023-07-22,1094.45,16334.688873762,3071.04523366077
"P29663",2023-02-13,967.2,15976.2788369055,2881.63899555938
"P29665",2023-07-14,6591.17,16344.8591396641,2916.51283093583
"P29667",2023-07-21,11486.82,13782.5385190162,2784.6554543011
"P29670",2023-08-22,2226.19,13951.9364790691,2800.53660700415
"P29672",2023-06-21,13750.25,14146.6025387913,2760.33587085157
"P29675",2023-07-21,7370.09,14940.7604061112,3083.50475985573
"P29677",2023-12-15,2225.5,19555.5616373888,3281.03032437474
"P29678",2023-06-20,10044.74,17177.3477658585,2914.6830830191
"P29680",2023-06-20,698.72,17194.0856321603,2852.50295855319
"P29688",2023-12-26,26540.45,168000.946969352,4714.5814436281
"P29689",2023-07-08,3079.86,24286.8695185873,4491.43315868607
"P29691",2023-06-27,5153.12,155707.635432659,4996.94810337886
"P29719",2023-07-08,16113.84,14652.7078999979,3089.0991619672
"P29749",2023-04-24,4766.58,6198.88292400474,2932.93624061531
"P29781",2023-08-31,1257.27,6246.17911980329,3045.12717005695
"P29843",2023-04-24,8660.38,33590.0178859746,5707.35867237319
"P29844",2023-09-26,2631.59,26169.6881888117,3960.56358681184
"P29845",2023-05-30,1375.6,23043.3755582215,4609.41683136122
"P29846",2023-06-05,5415.69,22116.9445014593,4505.94441453813
"P29847",2023-06-14,1281.54,22400.2359599789,4585.26325818285
"P29848",2023-12-18,2937.24,23075.2262354935,3649.01965116724
"P29849",2023-06-19,1160.27,19290.3768459679,4110.68668994591
"P29850",2023-06-01,894.28,21193.966491683,4272.62547638255
"P29852",2023-07-03,9196.79,19347.0108480234,4022.75660577993
"P29854",2023-06-06,2554.82,18466.6905631575,4158.91434992429
"P29855",2023-06-25,2193.58,16298.9904269766,4073.86613900446
"P29864",2023-09-19,3824.13,18597.883988371,4775.70252810441
"P29866",2023-06-11,5038.3,10408.8921767956,2417.02642535478
"P30025",2023-05-24,30915.37,17624.4491151926,3839.22071052017
"P30027",2023-06-10,89199.5,202195.253810936,55487.9222992304
"P30028",2023-06-11,455.86,16100.5342778627,3784.08302275298
"P30030",2023-05-30,1428.59,16517.369240205,3846.2265766965
"P30032",2023-05-21,2739.1,10402.9950693222,2283.96647641876
"P30098",2023-10-09,7582.19,6559.13196289364,2313.65071060343
"P30106",2023-12-23,982.95,5790.45401483254,2251.03879383501
"P30111",2023-12-25,54626.02,5716.53813019557,1951.6403513781
"P30120",2023-12-13,4548.52,5699.24246585698,2725.48284474111
"P30148",2023-11-28,4771.49,10754.0791953667,3239.49566049406
"P30159",2023-11-02,785.48,33246.8070276241,3770.71289768273
"P30172",2023-12-12,4498329.32,308995.375241804,92229.5125951525
"P30188",2023-12-13,1116.12,6037.65035138482,2197.45809392037
"P30398",2023-09-28,1461.19,11363.5582945795,3862.67118823375
"P30401",2023-07-08,1197.71,5104.25687023704,2140.34287996936
"P30407",2023-05-16,2727.1,5235.57931112835,2337.02179180224
"P30415",2023-09-05,2607.99,5487.72642264825,2137.13931502374
"P30417",2023-12-19,2932.84,4180.22780526162,2008.75899473674
"P30421",2023-10-27,1368.11,5321.93772493329,2036.95218784106
"P30430",2023-12-27,15436.8,10163.6627517037,3823.05475688609
"P30436",2023-11-28,991.78,6969.40345833888,2609.44666869439
"P30444",2023-09-30,2589.79,7386.57507031247,2746.79369035894
"P30447",2023-10-10,1090.8,5836.38778671053,2131.56597982607
"P30450",2023-09-14,520.81,4951.96396582843,2134.79466230647
"P30453",2023-06-18,1927.79,6259.33449063264,2238.89092357013
"P30457",2023-12-10,3570.25,4941.55607173742,2111.43763800797
"P30461",2023-04-22,1170.04,5230.25755437348,2251.67433535417
"P30465",2023-06-10,1739.5,5239.70444224454,2114.05991865366
"P30521",2023-09-11,8049.72,4114.38425388033,2170.8488157095
"P30530",2023-12-12,19892.38,7254.30314647991,2117.6845051521
"P30548",2023-11-17,4033.72,11754.8840156075,2005.52966857213
"P30550",2023-12-24,721.99,11556.8684098959,2004.75250132289
"P30570",2023-02-25,855.5,16779.430844642,2759.25391400301
"P30573",2023-03-08,293.4,16248.4537448191,2650.75996011593
"P30575",2023-06-20,3898.94,14921.2466946279,2820.43800754571
"P30576",2023-07-28,7628.62,14818.611979616,2929.70037779657
"P30577",2023-06-16,826.22,15088.8053388051,2849.43825584302
"P30578",2023-07-01,1302.15,18552.5220595159,4889.53631992354
"P30628",2023-11-27,11755.93,20914.923751171,4101.36685207579
"P30629",2023-12-03,3569.27,20230.8867338764,3955.76854292342
"P30636",2023-02-07,544.74,29787.3452892121,3680.87241051584
"P30637",2023-05-31,4762.36,25198.0737840268,3688.07657616914
"P30644",2023-06-11,6292.63,17496.2495270312,2633.62970393865
"P30645",2023-06-02,1085.43,17311.309229295,2558.58274815381
"P30665",2023-07-12,9300.6,15046.6646225359,2390.04537977761
"P30667",2023-03-19,5435.23,16641.6880997174,2458.00753514156
"P30668",2023-12-20,6756.36,19375.8865429635,2644.47338527997
"P30669",2023-06-21,257.04,15117.8195278025,2403.39906830398
"P30670",2023-06-03,2076.47,15046.2890528497,2270.42681866786
"P30672",2023-06-30,608.57,14267.3443737913,2999.29682682139
"P30673",2023-03-18,3721.52,111038.262033964,5043.01216977269
"P30674",2023-02-27,41517.04,29626.4551913676,2932.34611558725
"P30675",2023-08-28,15601.88,43711.4193796687,2654.88985051687
"P30676",2023-12-10,16023.81,31752.6846507403,3295.99439550596
"P30677",2023-06-02,3046.53,29126.1865860146,2931.56372022708
"P30678",2023-11-20,2075.49,18911.2789304486,3247.47070977537
"P30680",2023-12-14,2455.43,16724.5791636539,2998.83875643973
"P30682",2023-06-25,27110.28,14261.1103887888,2921.43197317928
"P30683",2023-06-08,2068.22,14335.6102235194,2851.24303236328
"P30688",2023-06-25,1087.75,42253.1666522549,2653.14002033375
"P30690",2023-06-14,1142.61,42834.9886552246,2581.36021024983
"P30693",2023-06-08,4922.16,43875.0330860866,2512.25887721967
"P30695",2023-07-05,15662.57,25142.8288709416,2494.71649149955
"P30696",2023-05-01,4952.61,16565.5597329672,2395.10831436323
"P30697",2023-11-09,9720.07,20795.8616302468,2725.45337440351
"P30698",2023-06-24,2151.56,15720.2172567245,2518.21296651389
"P30699",2023-06-20,3321.73,17160.4208183952,4688.78239350926
"P30701",2023-06-18,797.14,132344.938480338,2587.30739968044
"P30702",2023-06-21,683.29,12766.271054337,2538.05671115063
"P30703",2023-06-27,900.23,12931.2149032113,2536.36246404956
"P30704",2023-06-14,658.96,71776.8226560765,2584.8412980767
"P30705",2023-07-01,987.65,133603.447192062,2543.01820216218
"P30707",2023-04-04,1431.01,131840.925279311,2447.09392912542
"P30710",2023-02-13,2363.52,133041.702830515,2139.62389194389
"P30711",2023-06-15,515.53,132052.529015409,2603.39481700659
"P30712",2023-02-25,982.11,132172.968057037,2194.43796665871
"P30713",2023-06-17,3272,93266.128409616,2575.97245248081
"P30714",2023-06-07,599.77,92672.5379143154,2607.47892969005
"P30718",2023-02-19,8896.51,45840.3894812337,2214.53225933496
"P30720",2023-05-30,636.84,47695.6241225849,2523.89244274033
"P30747",2023-11-03,2178.57,5783.82810814407,2350.99210684849
"P30769",2023-05-09,6685.07,8682.79999511054,2945.1004143113
"P30770",2023-05-21,1641.44,9190.87667497451,2999.25413427681
"P31073",2023-06-23,2563.81,37643.0669443849,2300.41530918283
"P31079",2023-08-13,1916.98,13748.0404425072,2592.88519323436
"P31080",2023-06-11,5343.63,13695.0572983657,2495.87030565261
"P31081",2023-03-05,903.51,14035.9426676097,2163.36002758703
"P31082",2023-07-13,18647.88,248056.985445815,68334.4555386514
"P31190",2023-12-08,5011.84,11927.0972411078,2066.4910708927
"P31227",2023-06-20,2809.44,26483.6469055016,4837.67219713148
"P31228",2023-05-30,5638.19,24813.2177616564,5550.0520321626
"P31231",2023-05-19,14448.74,26836.4676490983,4909.47126575687
"P31233",2023-05-28,7330.89,21885.6856363984,4943.1369004307
"P31236",2023-10-07,14497.67,28348.2828332052,4799.18969807986
"P31242",2023-06-17,1049.73,16404.041262992,2540.40385593135
"P31243",2023-04-30,2358.28,17961.5262974,2423.96241194546
"P31244",2023-06-17,1994.5,21933.7933049215,2517.92581179367
"P31245",2023-06-20,2424.01,16550.9190771815,2522.35117996683
"P31246",2023-07-03,4680.73,15580.328436413,2401.40361313001
"P31247",2023-06-05,1691.78,16420.4558584475,2570.14366185526
"P31385",2023-09-12,2423.07,9485.33382902186,2991.51604521459
"P31387",2023-07-30,1688.18,11457.9264300332,3754.81120086643
"P31388",2023-08-31,4940.09,10465.9376270148,3367.15430768521
"P31390",2023-08-29,1904.78,10906.4633250097,2773.46506677679
"P31393",2023-06-09,732.82,10411.7334449389,2838.86328327554
"P31394",2023-11-28,2206.93,8821.43294532547,3008.06787159239
"P31395",2023-06-06,15678.59,11927.1477601425,3729.49507596924
"P31398",2023-04-27,1681.24,12773.9571253659,2794.39418833995
"P31402",2023-01-19,1099.75,6989.13031031572,1884.08042719119
"P31403",2023-07-04,135994.73,178939.669173269,51664.0407070202
"P31404",2023-06-22,47869.58,178631.598600818,52012.1231368548
"P31467",2023-07-11,1415.5,19614.4611272275,4443.52007854278
"P31510",2023-02-07,23632.25,41826.7319368757,19382.377598549
"P31511",2023-04-02,51263.29,44614.5608716257,19666.4383984718
"P31514",2023-06-08,8290.26,48980.9459728612,20928.9801002885
"P31581",2023-12-18,4196.18,13959.2358058679,4450.37500980426
"P31583",2023-09-10,3255.41,10075.2302993685,2849.37392354153
"P31588",2023-10-01,3884.76,8211.01920108803,2247.26966330587
"P31589",2023-06-23,1132.44,7801.17495999869,4556.47994351046
"P31590",2023-06-19,711.01,7031.95342667932,2534.09452341752
"P31593",2023-06-26,16508.52,8563.11364148355,2742.52991826536
"P31596",2023-06-23,11803.31,12360.9826557283,2923.27580739508
"P31599",2023-01-17,2175.87,13889.5182531884,2583.71907496247
"P31600",2023-06-23,745.72,10277.1213926431,2860.3322285375
"P31602",2023-07-02,3049.74,9858.36010459645,2960.92624019072
"P31603",2023-06-17,3907.89,9929.31368967757,2727.11333239121
"P31604",2023-08-14,1445.06,9462.8070097752,2850.26260840095
"P31607",2023-06-27,5758.33,5558.4079446223,2198.67896413291
"P31613",2023-06-25,1548.77,7842.85116883295,2835.26757114142
"P31615",2023-06-30,5666.39,8994.54142574483,2961.90648780833
"P31616",2023-04-03,1415.07,8616.55411334119,2792.42888643949
"P31620",2023-07-14,2119.26,7309.15953341712,2821.33301010846
"P31621",2023-06-22,6759.23,7953.26664382727,2842.13858033567
"P31624",2023-08-04,1245.65,5016.16399963172,2285.69239297982
"P31626",2023-08-07,2050.57,4761.0867595203,2231.71067384739
"P31645",2023-06-29,1415.89,11228.454372761,4423.51066190988
"P31650",2023-09-25,929.43,8830.43007097438,2782.55775537686
"P31670",2023-02-16,9109.22,60878.7533403335,23406.7963822601
"P31695",2023-12-10,1384.83,7842.81077622084,2750.89638703725
"P31697",2023-05-20,2282.36,9119.47444308791,2852.53691383193
"P31705",2023-06-10,12072.61,10809.0278691942,3146.92403222166
"P31706",2023-11-22,2134.53,12978.3787385339,4578.91541146654
"P31717",2023-08-04,1475.12,15739.0000137143,5063.5951349803
"P31779",2023-04-01,38783.12,40793.0491870973,19198.2913800302
"P31781",2023-05-30,9899.31,53948.5257854515,23026.2176451273
"P31782",2023-06-29,30829.69,62008.7878509596,23053.1780042339
"P31786",2023-10-21,1033.43,8483.79732367173,2548.40780256651
"P31788",2023-08-23,7298.78,10036.0432318461,2610.02615267175
"P31789",2023-04-24,100979.1,64142.9819718864,22884.1361941365
"P31790",2023-04-13,1101.5,9258.04310194457,2486.45882744017
"P31792",2023-02-12,1563.78,9324.57952474773,2711.85927321035
"P31795",2023-09-03,1462.73,9173.09162778059,2677.61255785464
"P31797",2023-03-22,278.1,8115.92524348294,2713.4925775913
"P31989",2023-06-27,863.33,17153.8636187653,2989.7462675694
"P31997",2023-06-23,706.7,13077.9380737546,2721.62939220767
"P32001",2023-07-17,54338.68,257460.228464581,69682.4631386202
"P32003",2023-03-23,3419.16,13814.4672462213,2711.51852068977
"P32004",2023-02-12,1477.26,13728.0906262556,2209.20921460344
"P32006",2023-07-05,3791.37,13707.1060081607,2959.79636362523
"P32009",2023-03-09,4186.78,12820.1473110814,2355.62131037136
"P32020",2023-05-13,47884.71,38636.4130338302,20255.6740509431
"P32022",2023-07-23,4484.01,34426.7676971945,18751.7073228906
"P32023",2023-07-30,2421.9,9490.54535890668,3851.33506541351
"P32108",2023-01-04,1650.5,12347.6592346689,3184.42245585921
"P32109",2023-09-22,7999.37,7832.02583844679,2505.79639681844
"P32111",2023-02-08,1969.1,10954.7958192092,2818.34611949089
"P32134",2023-07-09,1264.63,44359.09961171,18654.5574251105
"P32135",2023-08-11,5725.69,42531.9641615148,18989.8929539163
"P32137",2023-02-25,10835.54,46393.8892671196,21783.6065952998
"P32138",2023-08-14,21505.49,42560.1510495725,18632.7766496117
"P32140",2023-07-21,32314.88,43560.1956531924,19718.1775528427
"P32143",2023-08-19,8783.23,48459.6177081243,19314.3574685656
"P32144",2023-07-23,20066.07,46299.6557948573,18647.672626234
"P32145",2023-07-04,8829.62,51914.6184674869,16973.8793952049
"P32147",2023-08-19,132244.91,52675.3357383553,18642.8541625311
"P32162",2023-01-31,5739.7,52898.8960323961,24017.8162190128
"P32166",2023-06-09,5382.78,9241.08192947947,2186.23146160937
"P32169",2023-08-03,22442,10299.4218795818,2113.71236561002
"P32170",2023-07-26,176499.73,208549.788002236,13677.4394499491
"P32172",2023-08-11,49759.78,37151.2111104068,15440.620190653
"P32177",2023-07-28,126687.48,42163.5335440409,16948.3974703772
"P32180",2023-05-22,2492.86,9352.36664931551,2304.17995081178
"P32181",2023-04-14,11982.23,9043.1269550406,2324.09503973303
"P32183",2023-07-17,5580.27,49664.2205321966,21745.2843141174
"P32185",2023-06-07,14247.53,44096.1227402165,17101.9557062801
"P32189",2023-07-28,2202.74,42330.7819506123,18689.0281389938
"P32190",2023-05-05,20439.89,41511.1815091769,20654.0808691072
"P32194",2023-07-30,8143.82,47283.1554640298,22155.2883177711
"P32200",2023-03-05,1857.06,8304.53272231383,2784.30114704118
"P32209",2023-04-20,7884.26,7972.25131683062,2708.68395356246
"P32210",2023-04-26,1532.69,8178.90111424281,2765.52408078345
"P32211",2023-08-05,1076.61,8319.69849220867,2638.91575946635
"P32214",2023-04-05,1092.75,8575.3521869866,2807.79663972811
"P32215",2023-08-22,2271.22,8877.76450357514,2856.16009235947
"P32216",2023-06-15,744.79,8542.36884299363,2736.47487655852
"P32217",2023-02-07,38154.91,9592.71466510238,3042.95015684271
"P32218",2023-10-20,2659.92,8666.91141821814,2467.80908445474
"P32223",2023-08-01,826485.07,315015.829511951,117473.020605005
"P32224",2023-07-30,510.35,8839.74131866253,2828.28394545076
"P32225",2023-06-22,587.75,7912.40518623458,2583.32101491469
"P32232",2023-08-01,19292.56,54968.5844285717,21550.6236997197
"P32234",2023-08-08,4952.81,55211.6873125923,22293.4041601737
"P32240",2023-02-01,5646.69,8252.09465905422,2821.4401871989
"P32241",2023-02-19,2184.31,7571.69078842924,2853.65064581109
"P32244",2023-08-30,7390.41,40426.2081154569,18695.6866594698
"P32249",2023-07-04,1565.62,9561.56203646836,3379.83001277467
"P32253",2023-08-17,6091.51,8673.0939348227,2698.76314172771
"P32259",2023-06-23,7103.98,46716.5898239342,17655.9881906597
"P32327",2023-09-24,2122.6,5935.82461408628,3751.72050607831
"P32354",2023-04-23,41028.97,446896.222425882,120587.15271875
"P32360",2023-09-12,991.21,3761.80486914399,1960.89136355294
"P32544",2023-02-18,1924.68,7284.13168046063,4262.79099124491
"P32585",2023-04-03,1313.29,4909.95995451697,1972.32519682366
"P32683",2023-03-19,2132.33,6661.52016459197,2581.94083982301
"P32689",2023-12-11,11322.34,5406.50423640744,2703.4134867583
"P32921",2023-10-11,307.82,14203.1711568824,2654.94683836823
"P32995",2023-06-27,1111.53,3430.7055720865,1937.70037938905
"P33019",2023-12-29,3643.82,3107.44756187479,1669.36231893747
"P33043",2023-06-17,33180.43,81934.010408937,23798.5806365187
"P33047",2023-08-11,85637.07,49313.9054965694,21190.5123396604
"P33048",2023-05-10,3838.28,46672.410196829,22759.6875559883
"P33049",2023-06-18,19134.38,58995.0970218119,20417.8632037383
"P33050",2023-11-01,3309.61,41022.7016857229,16027.2388189989
"P33056",2023-03-11,18756.53,52697.3713520569,19914.52740977
"P33057",2023-11-24,1090.07,6698.72987089711,2468.61918803216
"P33079",2023-08-07,11897.34,43421.5705577594,16350.0700306651
"P33081",2023-10-31,5132.76,49282.5516237121,16948.4676095462
"P33084",2023-05-21,30310.96,54770.843880023,18616.9670478358
"P33284",2023-07-06,1576.85,7992.691864169,3364.14426113906
"P33286",2023-04-16,1270.06,9274.92776476648,2648.0261939966
"P33289",2023-12-11,1774.44,6021.63097090265,2453.05858925246
"P33294",2023-05-20,9394.82,10738.837242917,2885.84850637012
"P33296",2023-06-26,3999.34,8594.17184453304,3381.33810080322
"P33298",2023-03-16,10672.39,8150.80264737768,3281.10214926453
"P33299",2023-05-02,3473.34,7275.31401128617,2764.33850313369
"P33305",2023-03-12,842.55,8062.232227598,3199.53070915925
"P33309",2023-02-07,4635.98,7047.47414632261,2654.85918602402
"P33310",2023-03-31,882.65,7329.89969668765,2641.01709691904
"P33313",2023-01-18,8263.77,50699.5704059677,25638.9225461639
"P33426",2023-10-29,2020.5,2847.01667805618,1227.86153407143
"P33466",2023-05-02,954.45,12184.3206453305,3355.58475059715
"P33651",2023-07-17,7831.2,5609.22700773093,2035.65636562272
"P33929",2023-08-13,1783.05,77686.1218308672,19105.4551051615
"P33962",2023-08-23,3514.4,10532.2981519732,2815.52853053381
"P33963",2023-10-11,22768.26,59049.2674237734,19724.5538158827
"P34022",2023-05-30,35004,65230.0455321078,20925.1296722814
"P34025",2023-10-10,22238.73,59243.1164243302,27076.2384869115
"P34034",2023-08-13,106048.77,59051.3818552867,21558.3069026042
"P34037",2023-09-14,5570.05,62444.5140339822,25908.6722526558
"P34382",2023-12-09,1956.3,3471.58320615191,2442.81904997907
"P34383",2023-12-20,2325.54,3535.66718112993,2438.12119190323
"P34417",2023-03-20,1558.65,287287.909161807,112081.071481678
"P34538",2023-06-24,1362.4,5436.39603096134,2734.48237065995
"P34539",2023-05-08,1934.49,11267.5781703935,2756.08305765717
"P34573",2023-06-10,4926.44,18889.594209172,5603.12698597967
"P34574",2023-07-22,1892.64,17654.812115868,5323.06327232261
"P34575",2023-06-04,1847.69,18817.9513457582,5620.33456516352
"P34580",2023-05-23,3165.32,14007.9469455359,2799.52770193111
"P34581",2023-06-26,11120.05,13606.8297163516,2759.85505359103
"P34583",2023-07-09,4997.14,13317.3923613294,2800.20312618886
"P34613",2023-03-04,3582.44,25235.3753599188,2446.5673849519
"P34614",2023-07-05,2177.02,13959.6948476822,2874.26331422673
"P34640",2023-10-10,4086.92,42310.5079994545,3840.00780152494
"P34689",2023-11-13,1229.54,15544.2921366149,3811.87442224654
"P34709",2023-04-22,1329.44,15408.8239130215,2692.87095305939
"P34710",2023-02-23,738.68,15534.3686564382,2380.6441365046
"P34711",2023-07-15,11315.74,13929.1042050641,2857.3371404575
"P34745",2023-08-27,8586.83,42981.8054875224,4345.78126263528
"P34750",2023-08-07,458.66,39949.4393124894,3045.56033557959
"P34751",2023-05-25,10467.97,41776.4181862736,3208.15767305407
"P34842",2023-05-19,1891423.98,178223.210006918,56661.7585502705
"P34843",2023-06-10,910.73,12414.0383461318,2857.91178748958
"P34845",2023-07-30,10426.56,10911.2019123377,2815.35619953557
"P34846",2023-07-01,1675.52,12263.1492001205,2790.88856117864
"P34847",2023-05-28,464.62,12312.2929311941,2848.03517739918
"P34850",2023-04-22,648.14,12557.5864648244,2896.6500255322
"P34851",2023-01-15,945480.84,324101.066499844,81904.7453791032
"P34852",2023-10-20,1321.82,11317.3197681315,2508.98994069396
"P34853",2023-07-11,15913.38,183308.246783793,55087.7284419527
"P34869",2023-09-02,3731.71,16240.2211534562,5291.30676862688
"P34873",2023-04-21,2974.27,15056.1574353245,5578.00077672114
"P34874",2023-01-18,3131.35,18015.4155096206,5466.4804047485
"P34926",2023-04-29,720796.12,179538.008543577,51119.6410185758
"P34928",2023-06-21,1448.67,15257.8979159375,5108.84978323965
"P34929",2023-06-29,994.57,13409.6473118911,4878.58542339772
"P34930",2023-06-22,1647.96,13476.9969812457,5195.35108461712
"P34931",2023-03-20,2296.79,15114.1440031924,5461.29921015674
"P34932",2023-02-12,819.92,23168.1267716178,5546.16610577404
"P34933",2023-07-03,10904.05,15085.1410426554,5042.48838014158
"P34934",2023-02-16,19872.73,22293.6403778775,5397.90125945204
"P34935",2023-02-28,7955.49,10548.8750125406,2171.25628908966
"P34937",2023-11-15,3228.45,12112.0255514751,2657.8033535031
"P34939",2023-06-29,955.82,9835.85863831013,2589.81707620222
"P34940",2023-06-30,14853.49,11200.2375906435,2592.58217626598
"P34941",2023-07-08,6733.68,9069.39043415126,2753.3476710877
"P34944",2023-05-05,2551.82,10509.0746427813,2903.68888249888
"P34945",2023-11-13,4825.65,10774.0974295207,2598.39155188729
"P34946",2023-08-06,2311.22,8960.87799545657,2680.73035207005
"P34947",2023-03-24,7971.82,9379.95819394059,2238.76805934665
"P34948",2023-07-09,2568.83,9085.09139773902,2695.61223331901
"P35026",2023-04-20,4568.52,16968.8166249479,3060.54614180107
"P35291",2023-11-11,3160.94,19085.2907941744,3356.29934098514
"P35417",2023-02-12,2105.05,8852.7942190733,2374.67570610414
"P35461",2023-09-25,1764.83,14974.5540003255,5077.2637389136
"P35667",2023-04-23,53828.35,248631.996741791,18948.7580582923
"P35782",2023-01-08,4847.02,8585.68718956598,3404.57661130049
"P35807",2023-11-03,1763.11,5738.95249170986,2276.01175906007
"P35878",2023-02-11,2508.77,20233.4810361407,5281.2105277854
"P35880",2023-01-21,5009.49,15591.7150065591,3256.49357853675
"P35881",2023-06-30,1763.85,10616.9538049641,2261.52954394221
"P35882",2023-03-14,7122.06,25893.3004713073,4737.50219119248
"P35883",2023-03-03,31091.69,11817.6106661361,2121.6112296363
"P35885",2023-04-25,1001.4,12907.3117379824,2649.42351374077
"P35886",2023-03-17,4072.11,13199.9806888307,2609.49870133449
"P35887",2023-06-14,2291.78,13046.739860002,2753.70596048999
"P35888",2023-06-07,2738.5,12446.9757159654,2294.35761276948
"P35890",2023-09-22,1102.36,11335.8213866829,2329.00505535945
"P35891",2023-05-23,3838.93,13152.4253341772,2204.01983737071
"P35893",2023-06-19,3611.54,17705.5402694851,5038.94341341898
"P35894",2023-05-21,5738.68,23301.6326080194,4734.81971067815
"P35897",2023-03-29,1487.77,12235.2368293647,2270.68118827715
"P35912",2023-06-27,38496.26,10166.7068221539,2186.16810447961
"P35913",2023-04-05,1330.15,11038.7707813999,2112.42503226248
"P36011",2023-11-01,1563.52,5259.1141402966,2362.47732732404
"P36061",2023-07-12,1080.6,8584.37815060567,2607.07259205221
"P36062",2023-11-24,1878.06,7709.80531225891,2238.39576548221
"P36102",2023-06-26,20760.72,14025.6691572554,2672.68437475935
"P36107",2023-07-29,6161.21,26486.4806003747,4536.22900114485
"P36111",2023-07-29,694.83,21493.0183585908,4444.73051577813
"P36112",2023-11-29,427.03,18676.5332583946,2787.37400305159
"P36113",2023-07-09,574.14,16701.8704640791,3048.02208584833
"P36114",2023-07-06,9635.81,16655.5077853253,3040.65191024057
"P36126",2023-08-08,1650.41,3775.73640719922,2137.16180135471
"P36234",2023-06-10,4707.23,8645.92197737004,2477.27414231766
"P36235",2023-06-28,5317.26,8697.93945879165,2317.67906947885
"P36237",2023-06-12,7872.71,8401.25837081546,2370.66007134131
"P36238",2023-04-03,6020.12,13815.2328813737,2703.81888527142
"P36240",2023-03-13,3382.44,13263.4424322162,2735.18161964975
"P36242",2023-09-24,4990.93,17434.6414338804,4339.18255966478
"P36373",2023-12-02,4127.92,9933.60211398833,3006.47463461455
"P36374",2023-02-14,6527.83,10091.3027528498,2438.2472804397
"P36377",2023-01-24,1119.32,14324.5528761988,2483.56866497259
"P36578",2023-10-27,2239.16,9499.77695185088,2678.36748230979
"P36591",2023-08-18,526.8,9527.56243345974,2896.13681128879
"P36712",2023-09-22,2895.9,278871.301490225,45563.6071483337
"P36927",2023-07-26,2860.43,11075.9633222628,3074.93903486461
"P36950",2023-05-02,5830.1,4681.88911697315,2091.86064112959
"P36966",2023-07-17,14054.88,4161.0993338121,2240.68229886245
"P37024",2023-08-31,2633.71,21813.1109842985,5298.12702933385
"P37127",2023-07-17,2230.28,15687.3238107476,3058.56405981299
"P37142",2023-12-12,9894.1,8314.81461047628,2090.56646977709
"P37143",2023-05-01,1546.17,14304.5597837324,2822.33045952779
"P37146",2023-12-18,6396.3,15366.1147905645,3022.16324466557
"P37155",2023-02-20,2155.99,17926.2463803022,2691.66882933217
"P37156",2023-08-04,8094.38,14930.6799961788,3417.1947134133
"P37158",2023-07-09,4517.96,14964.0333284329,3413.57505379265
"P37257",2023-09-16,2700.62,293118.660764231,105295.597077509
"P37374",2023-11-13,1456.16,36631.5825538371,4357.83746547894
"P37457",2023-07-05,2164.8,16101.1410784578,4159.76733857372
"P37569",2023-08-23,2900.92,5191.14837871973,2434.49931029478
"P37685",2023-10-12,1821.9,3293.29728749088,2095.23217302475
"P37699",2023-09-15,885.62,13839.0974642533,2853.25860694761
"P37702",2023-07-13,4351.53,14002.6157849758,2793.76830172377
"P37726",2023-01-10,2330.87,6287.1345177534,2463.56140760306
"P37824",2023-09-23,2837.68,36990.6189914407,4820.56231256941
"P37863",2023-07-10,3028.28,18618.5739618457,5780.28649719042
"P37864",2023-10-15,1981.5,18918.9560477031,4808.69171222219
"P38165",2023-01-29,1477,2802.47202809801,1321.95389262451
"P38262",2023-01-11,446.4,7809.29905338399,2357.94311601174
"P38277",2023-06-16,1160.79,10242.5648421125,3349.21266298465
"P38279",2023-03-06,1663.58,9818.79183289389,3387.92886171301
"P38287",2023-03-15,56338.97,194131.285275569,92691.2345621968
"P38294",2023-08-09,58556.23,5253.59709617151,2362.09358848002
"P38296",2023-08-28,1297.6,4120.12032304258,2181.45697229425
"P38318",2023-08-10,2513.4,7993.78103445631,3503.88190238781
"P38461",2023-09-26,5441.07,11342.8964537364,3631.33088229759
"P38463",2023-10-20,6872.96,5632.86590274018,2175.3994515292
"P38623",2023-06-23,97665.44,94879.6937505931,24127.4382404122
"P38627",2023-06-23,13168.06,94935.1899474502,23901.2012005237
"P38628",2023-07-04,161380.82,95113.1880441169,24127.4382404122
"P38907",2023-11-27,489.33,7241.52215931913,2375.60866029427
"P38946",2023-08-29,3007.8,6850.99356605411,3372.10612257149
"P38951",2023-12-08,3928.36,6143.03338772254,2937.58995182745
"P38954",2023-02-24,14648.23,5395.36220589846,3012.51426764572
"P38972",2023-12-17,5095.13,5998.52767393732,2087.47448702435
"P38976",2023-02-06,154436.46,8729.69780883586,3742.14879622605
"P38983",2023-01-29,2406.76,4795.90302127962,2274.74091891383
"P39002",2023-01-19,1787.63,5788.6365548912,3289.14304547151
"P39093",2023-01-01,16296.84,4749.66328419746,2944.26558783046
"P39312",2023-08-18,1112.59,4902.14639450065,2314.92877744276
"P39419",2023-09-16,1337.53,5678.37061218597,3066.01442558849
"P39423",2023-09-13,901.55,5577.42493998069,2976.38846277817
"P39442",2023-09-08,502.15,5280.23416733217,2600.55899341875
"P39446",2023-10-09,106146.87,5838.94806102204,2724.90717235265
"P39504",2023-11-07,2898.51,7771.32513747234,2507.21182441676
"P39538",2023-12-16,9431.96,58928.3196230481,22532.2218062024
"P39542",2023-02-01,37230.27,62387.2759067484,24524.9652138106
"P39544",2023-06-20,57856.74,61496.9299813195,26176.4897689388
"P39545",2023-06-07,106261.52,61856.4707218705,26008.9351049429
"P39547",2023-04-17,14363.17,64321.5192899011,26907.9665263929
"P39548",2023-08-10,14177.72,59090.4123200537,24776.4022080732
"P39561",2023-05-27,110043.21,54907.4029123225,20521.8632653899
"P39570",2023-12-27,7536.86,70562.9258449081,18108.4965583557
"P39575",2023-06-15,1162.54,12882.7535885274,2428.38465927994
"P39576",2023-06-16,4731.55,24213.591947153,4859.46966727355
"P39577",2023-05-31,834.46,12764.6625565146,2228.02386505362
"P39578",2023-03-18,687.53,14305.3572369561,2207.47088506342
"P39579",2023-06-05,1060.27,12802.004229209,2237.92391856988
"P39583",2023-05-25,1287.42,12839.6081614066,2291.63285524191
"P39584",2023-07-13,4728.59,14174.0906304593,4107.42006369171
"P39590",2023-05-30,7620.9,14215.050729294,4172.23376483463
"P39591",2023-06-12,5986.31,16841.3805241627,4164.64913700745
"P39593",2023-06-09,4332.14,14336.106747755,4033.82246493576
"P39596",2023-06-20,2720.71,21602.5230850996,5141.2933449009
"P39597",2023-11-03,11020.43,150046.270237658,4214.79239214707
"P39599",2023-05-15,332.9,19288.8395451454,2821.5605354157
"P39602",2023-10-27,8808.33,18333.4086644387,2776.35387817763
"P39603",2023-07-02,3323.3,18954.4950862611,2970.2588503465
"P39604",2023-11-19,726.43,20680.9554789797,3093.05788722984
"P39625",2023-06-16,2006.81,13072.8345512255,2691.98745778673
"P39630",2023-09-13,1277.47,13760.052152373,2149.95886266996
"P39631",2023-07-08,2155.32,12812.3767340277,2680.54806040529
"P39634",2023-07-19,1109.53,12797.8161801113,2669.99820618003
"P39635",2023-08-03,576.62,12776.4902199513,2598.777910448
"P39636",2023-06-29,1111.06,12904.2379721404,2737.16164510853
"P39640",2023-08-17,7853.49,12983.4324067164,2580.88653440014
"P39641",2023-06-28,3707.11,12925.5660760878,2757.67282447876
"P39642",2023-06-03,1839.23,19224.9847455012,5033.58993306153
"P39643",2023-07-03,2489.06,13304.9043628531,2864.9737119152
"P39767",2023-05-12,5545.47,275731.36449477,98644.8480964867
"P39821",2023-07-11,1101.54,6705.33193689827,2671.52304656995
"P39935",2023-08-31,10763.93,70505.4005231667,30704.4613831902
"P39956",2023-09-08,3796.64,12787.4132420105,2586.21883091961
"P39959",2023-04-15,2252.28,13199.2402696526,2741.92679090045
"P39965",2023-09-09,5723.59,86037.1020013539,30540.333790415
"P39966",2023-03-18,1342.48,13875.4235752533,2862.04680410681
"P39967",2023-03-24,24361.65,92093.83737871,36094.5428771163
"P39972",2023-08-22,5994.21,81904.0303010964,28509.0635461521
"P40029",2023-08-13,181574.67,57702.2517473664,17796.2967057891
"P40057",2023-03-01,484.28,9959.02848434242,3119.3169103496
"P40231",2023-12-19,1953.41,6643.82077494769,3582.54913144883
"P40453",2023-10-29,7294.1,5934.43543417702,2087.19808464241
"P40484",2023-07-13,1890.19,11663.1996313041,2464.23568812986
"P40855",2023-02-25,6716.05,14408.4609940595,2435.98913793755
"P40856",2023-02-19,20499.52,11393.4351790352,2458.40520768179
"P40857",2023-02-06,2228.55,18831.3968465617,2568.5206400805
"P41061",2023-11-20,2136.85,67983.1548710142,33959.1160266437
"P41201",2023-08-31,1051.6,5712.35071587888,2050.16776195589
"P41218",2023-02-10,3495.95,9960.65742246058,2130.13641753965
"P41480",2023-09-30,7696.73,6817.54101811065,2109.98525584623
"P41745",2023-05-08,2003.94,6696.69387694714,2661.73290177002
"P41747",2023-04-23,3595.02,5945.91544557455,2628.28265668898
"P41763",2023-06-28,1350.49,4244.30733561416,2279.39755182736
"P41777",2023-04-02,2784.46,3760.15055299333,2493.35671175847
"P41852",2023-04-21,19678.02,4626.41553079789,2769.91095212075
"P41854",2023-04-26,10365.99,4732.36449326727,2791.03936328538
"P41856",2023-05-09,2557.24,5129.97578401418,2817.79218293491
"P41864",2023-03-26,1458.51,5937.29824722334,2512.46890546267
"P41865",2023-04-01,3753.3,5766.72656794422,2538.76571706545
"P41943",2023-05-06,12244.32,9027.00264162126,2698.21134132132
"P41944",2023-04-29,2583.75,9016.43997561625,2696.87725617264
"P41945",2023-05-13,5353.96,8709.98361499955,2753.85285175362
"P42113",2023-07-17,1744.48,449836.810044655,35661.1440227192
"P42172",2023-01-29,17144.52,269708.510720765,19774.3398944444
"P42174",2023-02-15,39449,270544.233037961,19770.8928671401
"P42176",2023-01-28,100561.67,276199.855810779,20084.0832674991
"P42276",2023-12-20,12284.37,5453.79599470794,2157.59284915071
"P42293",2023-11-27,512.12,6204.42166249834,2099.5634317721
"P42311",2023-10-29,1141.26,5604.4193749209,2149.73786895174
"P42375",2023-07-22,6238.73,5790.80792342334,2039.2750577739
"P42386",2023-09-18,1049.75,5024.69989148386,2798.50629458042
"P42407",2023-09-14,523,5505.97532546085,1915.32241170126
"P42422",2023-05-05,4286.91,3520.58606071434,2033.43872140076
"P42424",2023-11-07,2253.6,6572.92695545943,3116.19520942832
"P42428",2023-12-26,1671.43,5194.53361296661,3016.24902802483
"P42724",2023-10-08,2869.1,15977.0826609163,1991.51870713252
"P42908",2023-02-08,1680.82,17265.759016701,2831.77707539195
"P42974",2023-03-06,1516.94,6378.32710097143,2738.29119963392
"P42975",2023-06-14,1912.74,12975.3752555699,3713.32455726535
"P42977",2023-09-16,2932.07,6637.59399298359,3349.47041191029
"P43038",2023-03-02,1522.26,251454.831840868,9665.10752833471
"P43076",2023-02-19,7438.97,292785.94950305,21746.9014120251
"P43113",2023-01-15,1447.25,7878.1609115689,2988.5184237517
"P43144",2023-10-28,508.64,5022.45846733247,2482.68026422935
"P43171",2023-02-17,1751.71,4397.37786726357,2107.2655264764
"P43175",2023-04-19,1204.46,9191.00598753781,2941.53844890359
"P43179",2023-11-20,975.29,27255.7930981837,6080.99048850519
"P43348",2023-10-24,344914.99,445201.366906098,33753.2901044264
"P43551",2023-10-01,626415.73,259949.429847857,57489.1403833579
"P43555",2023-07-06,21957.71,15287.9675024248,4872.40406812175
"P43557",2023-01-01,1370.38,10045.1959508674,3226.3339823295
"P43576",2023-01-23,159061.73,171975.410319098,75450.1076537676
"P43577",2023-01-05,30914.91,360502.075253517,69193.1746577949
"P43578",2023-10-04,250050.98,224251.328545843,87360.8788208092
"P43596",2023-09-25,48188.22,189684.913974431,67048.706981068
"P43597",2023-09-21,33936.79,205707.391966837,70006.9806011041
"P43600",2023-01-11,176608.25,201372.67502876,78753.48183448
"P43625",2023-01-09,84396.82,226321.881299656,132949.050190541
"P43626",2023-09-16,48041.43,236370.225859785,86766.0515336435
"P43628",2023-02-28,4569.69,13874.9232536451,6819.72971474097
"P43657",2023-03-10,591.35,61978.2449847736,2590.83907668925
"P43664",2023-10-06,1838.31,67756.1274188261,3914.0768761551
"P43665",2023-09-24,1314.57,67810.5955103261,3923.53724395577
"P43670",2023-12-10,50509.72,14458.9698656337,6450.72983406201
"P43675",2023-09-22,33782.61,72890.3542858623,25343.6508808501
"P43746",2023-08-13,3796.49,11479.3309531847,5943.59633861896
"P43749",2023-08-13,115493.19,256913.562597592,90279.9721901576
"P43753",2023-08-10,5516.23,14353.3140635611,6140.66961502228
"P43755",2023-08-21,2259688.48,153227.661601944,63150.4412512703
"P43760",2023-04-06,29100.34,434994.228403696,104444.495877433
"P43765",2023-08-28,7466.09,64222.5849784934,31892.0692711546
"P43766",2023-07-01,89623.83,83756.5570402525,39163.5810528333
"P43768",2023-09-22,27506.22,73911.3295652963,30278.19658084
"P43771",2023-08-28,44779.98,76844.3400221928,37752.7494363228
"P43772",2023-06-28,10722.13,20985.5449332624,7467.18885410689
"P43773",2023-01-14,15829.95,15749.7954136081,7999.13396805667
"P43780",2023-10-17,3225.11,16911.6209184057,3282.23760890737
"P43787",2023-02-02,3205.76,29790.2922985096,2745.40924141181
"P43790",2023-11-25,1654.08,8054.27703709842,4302.65452285177
"P43794",2023-10-02,3702.48,6483.34284775776,3119.18888163095
"P43845",2023-02-14,2472.61,8731.39046661972,3007.32951256655
"P43907",2023-09-22,3764.56,6943.31251516266,1919.76058649843
"P43993",2023-09-14,3703.61,673190.839088217,6245.72903039051
"P44005",2023-06-13,1048212.62,346197.594470612,7516.5603913433
"P44008",2023-08-16,3405617.73,346265.184523554,7750.05838861512
"P44009",2023-07-27,129179.21,346102.350693092,8620.29593888184
"P44014",2023-06-30,1593.68,60747.3833642672,4825.5458223266
"P44036",2023-09-22,2230.15,6156.33758277922,2808.71803373155
